Datetime,Close
2023-07-14 14:30:00+00:00,4522.3117194673505
2023-07-14 15:30:00+00:00,4505.770628811954
2023-07-14 16:30:00+00:00,4493.154098112916
2023-07-14 17:30:00+00:00,4483.582788226944
2023-07-14 18:30:00+00:00,4471.486626717417
2023-07-14 19:30:00+00:00,4472.898327217207
2023-07-14 20:00:00+00:00,4467.34548642788
2023-07-14 21:00:00+00:00,4458.147834806645
2023-07-17 13:30:00+00:00,4454.2968264269
2023-07-17 14:30:00+00:00,4469.067169224879
2023-07-17 15:30:00+00:00,4464.874991145217
2023-07-17 16:30:00+00:00,4474.356517613012
2023-07-17 17:30:00+00:00,4493.16287779182
2023-07-17 18:30:00+00:00,4543.392834458749
2023-07-17 19:30:00+00:00,4537.188198948372
2023-07-17 20:00:00+00:00,4520.8053629119695
2023-07-17 21:00:00+00:00,4518.398330636086
2023-07-18 13:30:00+00:00,4551.39461016586
2023-07-18 14:30:00+00:00,4556.611103878001
2023-07-18 15:30:00+00:00,4537.106021892957
2023-07-18 16:30:00+00:00,4535.830832860218
2023-07-18 17:30:00+00:00,4565.985711852433
2023-07-18 18:30:00+00:00,4597.357702253426
2023-07-18 19:30:00+00:00,4597.27216702019
2023-07-18 20:00:00+00:00,4601.660171486337
2023-07-18 21:00:00+00:00,4600.58226993842
2023-07-19 13:30:00+00:00,4606.537930305887
2023-07-19 14:30:00+00:00,4623.924977821149
2023-07-19 15:30:00+00:00,4637.034335077461
2023-07-19 16:30:00+00:00,4643.772185481631
2023-07-19 17:30:00+00:00,4669.90941535441
2023-07-19 18:30:00+00:00,4654.341629516994
2023-07-19 19:30:00+00:00,4642.954189228942
2023-07-19 20:00:00+00:00,4612.640776770882
2023-07-19 21:00:00+00:00,4601.653000496546
2023-07-20 13:30:00+00:00,4624.585821388355
2023-07-20 14:30:00+00:00,4621.27338697616
2023-07-20 15:30:00+00:00,4629.273106034902
2023-07-20 16:30:00+00:00,4617.676228149971
2023-07-20 17:30:00+00:00,4629.631849405807
2023-07-20 18:30:00+00:00,4636.427168031606
2023-07-20 19:30:00+00:00,4617.763773534212
2023-07-20 20:00:00+00:00,4608.099776674628
2023-07-20 21:00:00+00:00,4611.565335622114
2023-07-21 13:30:00+00:00,4610.261351722681
2023-07-21 14:30:00+00:00,4624.578914798296
2023-07-21 15:30:00+00:00,4627.627943766365
2023-07-21 16:30:00+00:00,4610.896439781442
2023-07-21 17:30:00+00:00,4612.645567253638
2023-07-21 18:30:00+00:00,4625.06709030112
2023-07-21 19:30:00+00:00,4624.347833305714
2023-07-21 20:00:00+00:00,4656.234766910541
2023-07-21 21:00:00+00:00,4655.7004193898565
2023-07-24 13:30:00+00:00,4651.904522366381
2023-07-24 14:30:00+00:00,4642.408234134567
2023-07-24 15:30:00+00:00,4633.938184956441
2023-07-24 16:30:00+00:00,4658.273877276029
2023-07-24 17:30:00+00:00,4646.498254140315
2023-07-24 18:30:00+00:00,4646.9928831239695
2023-07-24 19:30:00+00:00,4660.703327308089
2023-07-24 20:00:00+00:00,4646.859828749899
2023-07-24 21:00:00+00:00,4658.781362589221
2023-07-25 13:30:00+00:00,4656.1542838152045
2023-07-25 14:30:00+00:00,4657.210061364576
2023-07-25 15:30:00+00:00,4685.417192437247
2023-07-25 16:30:00+00:00,4695.673010830692
2023-07-25 17:30:00+00:00,4704.411601342034
2023-07-25 18:30:00+00:00,4711.963090043074
2023-07-25 19:30:00+00:00,4723.824979313268
2023-07-25 20:00:00+00:00,4699.23249462313
2023-07-25 22:00:00+00:00,4670.019413231253
2023-07-26 13:30:00+00:00,4679.66098547866
2023-07-26 14:30:00+00:00,4686.700736634869
2023-07-26 15:30:00+00:00,4655.375200581115
2023-07-26 16:30:00+00:00,4615.066968161769
2023-07-26 17:30:00+00:00,4631.819610569274
2023-07-26 18:30:00+00:00,4647.60075414994
2023-07-26 19:30:00+00:00,4659.727962151703
2023-07-26 20:00:00+00:00,4629.204360945355
2023-07-26 21:00:00+00:00,4635.508279923648
2023-07-27 13:30:00+00:00,4636.920791687188
2023-07-27 14:30:00+00:00,4630.485887083003
2023-07-27 15:30:00+00:00,4647.668789471344
2023-07-27 16:30:00+00:00,4652.507512695678
2023-07-27 17:30:00+00:00,4648.960401472662
2023-07-27 18:30:00+00:00,4642.106605371067
2023-07-27 19:30:00+00:00,4627.193675145986
2023-07-27 20:00:00+00:00,4601.928971990359
2023-07-27 21:00:00+00:00,4591.283637074
2023-07-28 13:30:00+00:00,4580.095250421973
2023-07-28 14:30:00+00:00,4570.276539048533
2023-07-28 15:30:00+00:00,4580.205669612286
2023-07-28 16:30:00+00:00,4552.367483389339
2023-07-28 17:30:00+00:00,4540.240582530294
2023-07-28 18:30:00+00:00,4541.454082188259
2023-07-28 19:30:00+00:00,4576.479474226807
2023-07-28 20:00:00+00:00,4583.196250735785
2023-07-31 13:30:00+00:00,4575.995736311338
2023-07-31 14:30:00+00:00,4575.856614052465
2023-07-31 15:30:00+00:00,4570.526340055482
2023-07-31 16:30:00+00:00,4572.994812597716
2023-07-31 17:30:00+00:00,4575.597765997432
2023-07-31 18:30:00+00:00,4585.2628511979465
2023-07-31 19:30:00+00:00,4560.982057962433
2023-07-31 20:00:00+00:00,4536.896986672178
2023-07-31 21:00:00+00:00,4531.208051975767
2023-08-01 13:30:00+00:00,4510.841364467598
2023-08-01 14:30:00+00:00,4524.082254072906
2023-08-01 15:30:00+00:00,4526.266695202262
2023-08-01 16:30:00+00:00,4510.131637180749
2023-08-01 17:30:00+00:00,4503.011486848327
2023-08-01 18:30:00+00:00,4502.152419774965
2023-08-01 19:30:00+00:00,4488.366981610899
2023-08-01 20:00:00+00:00,4510.731581536512
2023-08-01 21:00:00+00:00,4515.689579361047
2023-08-02 13:30:00+00:00,4516.516701683703
2023-08-02 14:30:00+00:00,4520.728973739438
2023-08-02 15:30:00+00:00,4536.197014093875
2023-08-02 16:30:00+00:00,4496.82950532237
2023-08-02 17:30:00+00:00,4524.600610560645
2023-08-02 18:30:00+00:00,4527.880282938237
2023-08-02 19:30:00+00:00,4538.4953506914035
2023-08-02 20:00:00+00:00,4546.522746251633
2023-08-02 21:00:00+00:00,4567.415921030157
2023-08-03 13:30:00+00:00,4567.316196426513
2023-08-03 14:30:00+00:00,4587.800040700878
2023-08-03 15:30:00+00:00,4592.066156813585
2023-08-03 16:30:00+00:00,4617.367657293998
2023-08-03 17:30:00+00:00,4610.43668525972
2023-08-03 18:30:00+00:00,4617.91240867558
2023-08-03 19:30:00+00:00,4618.131772549299
2023-08-03 20:00:00+00:00,4620.453784943521
2023-08-03 21:00:00+00:00,4605.327539647446
2023-08-04 13:30:00+00:00,4607.093551565494
2023-08-04 14:30:00+00:00,4626.350697058607
2023-08-04 15:30:00+00:00,4631.229938191617
2023-08-04 16:30:00+00:00,4624.257490142332
2023-08-04 17:30:00+00:00,4635.309699447264
2023-08-04 18:30:00+00:00,4617.4714082784585
2023-08-04 19:30:00+00:00,4641.983283118649
2023-08-04 20:00:00+00:00,4663.375136023215
2023-08-04 22:00:00+00:00,4656.684626630368
2023-08-07 13:30:00+00:00,4684.590329255298
2023-08-07 14:30:00+00:00,4668.26663158982
2023-08-07 15:30:00+00:00,4657.505270750336
2023-08-07 16:30:00+00:00,4671.795720329502
2023-08-07 17:30:00+00:00,4673.9309214129
2023-08-07 18:30:00+00:00,4708.599481140203
2023-08-07 19:30:00+00:00,4740.580187566645
2023-08-07 20:00:00+00:00,4753.3461218054035
2023-08-07 21:00:00+00:00,4772.381158216185
2023-08-08 13:30:00+00:00,4781.318525750859
2023-08-08 14:30:00+00:00,4787.469539501981
2023-08-08 15:30:00+00:00,4777.109079375828
2023-08-08 16:30:00+00:00,4788.44245484103
2023-08-08 17:30:00+00:00,4799.496752560344
2023-08-08 18:30:00+00:00,4837.239943829752
2023-08-08 19:30:00+00:00,4837.850966675101
2023-08-08 20:00:00+00:00,4844.641413203167
2023-08-08 21:00:00+00:00,4859.62119091135
2023-08-09 13:30:00+00:00,4855.301075978933
2023-08-09 14:30:00+00:00,4840.501643811466
2023-08-09 15:30:00+00:00,4849.70166132457
2023-08-09 16:30:00+00:00,4841.307569284008
2023-08-09 17:30:00+00:00,4834.582387455965
2023-08-09 18:30:00+00:00,4846.875493064228
2023-08-09 19:30:00+00:00,4842.273110513725
2023-08-09 20:00:00+00:00,4839.2892821226515
2023-08-09 21:00:00+00:00,4846.520252947733
2023-08-10 13:30:00+00:00,4846.458925274897
2023-08-10 14:30:00+00:00,4823.07056064886
2023-08-10 15:30:00+00:00,4822.393459936492
2023-08-10 16:30:00+00:00,4814.381936779635
2023-08-10 17:30:00+00:00,4788.997652741831
2023-08-10 18:30:00+00:00,4804.202570225712
2023-08-10 19:30:00+00:00,4835.770118680177
2023-08-10 20:00:00+00:00,4802.28677086997
2023-08-10 21:00:00+00:00,4798.554863581181
2023-08-11 13:30:00+00:00,4771.581205912164
2023-08-11 14:30:00+00:00,4776.758974298116
2023-08-11 15:30:00+00:00,4756.398654046816
2023-08-11 16:30:00+00:00,4782.197823671886
2023-08-11 17:30:00+00:00,4762.044141536552
2023-08-11 18:30:00+00:00,4749.962904508914
2023-08-11 19:30:00+00:00,4756.003124796092
2023-08-11 20:00:00+00:00,4791.032260995477
2023-08-11 21:00:00+00:00,4798.964402220193
2023-08-14 13:30:00+00:00,4782.32038274423
2023-08-14 14:30:00+00:00,4806.138968010531
2023-08-14 15:30:00+00:00,4778.502244429453
2023-08-14 16:30:00+00:00,4774.643703333587
2023-08-14 17:30:00+00:00,4784.191877180686
2023-08-14 18:30:00+00:00,4774.40295632742
2023-08-14 19:30:00+00:00,4767.269994089438
2023-08-14 20:00:00+00:00,4773.897758004879
2023-08-14 21:00:00+00:00,4757.272719151322
2023-08-15 13:30:00+00:00,4758.876852536532
2023-08-15 14:30:00+00:00,4743.902487226593
2023-08-15 15:30:00+00:00,4741.651072908092
2023-08-15 16:30:00+00:00,4746.525361389697
2023-08-15 17:30:00+00:00,4728.5157450593915
2023-08-15 18:30:00+00:00,4743.729548065527
2023-08-15 19:30:00+00:00,4761.721893609604
2023-08-15 20:00:00+00:00,4754.239620709675
2023-08-15 21:00:00+00:00,4781.036840873622
2023-08-16 13:30:00+00:00,4782.94706993026
2023-08-16 14:30:00+00:00,4758.578738572523
2023-08-16 15:30:00+00:00,4760.08477034388
2023-08-16 16:30:00+00:00,4759.073923325988
2023-08-16 17:30:00+00:00,4761.611631662383
2023-08-16 18:30:00+00:00,4761.427543128122
2023-08-16 19:30:00+00:00,4733.156296456998
2023-08-16 20:00:00+00:00,4753.741465379512
2023-08-16 21:00:00+00:00,4744.230647233122
2023-08-17 13:30:00+00:00,4754.002369719533
2023-08-17 14:30:00+00:00,4723.19545574852
2023-08-17 15:30:00+00:00,4719.641790060206
2023-08-17 16:30:00+00:00,4735.899568048474
2023-08-17 17:30:00+00:00,4724.081905507538
2023-08-17 18:30:00+00:00,4741.594160204518
2023-08-17 19:30:00+00:00,4722.9240704615995
2023-08-17 20:00:00+00:00,4747.494807404114
2023-08-17 21:00:00+00:00,4795.065703079669
2023-08-18 13:30:00+00:00,4770.591291842017
2023-08-18 14:30:00+00:00,4767.243084781135
2023-08-18 15:30:00+00:00,4771.5696277603165
2023-08-18 16:30:00+00:00,4763.494188964816
2023-08-18 17:30:00+00:00,4736.660721904087
2023-08-18 18:30:00+00:00,4745.569952489926
2023-08-18 19:30:00+00:00,4754.647399218863
2023-08-18 20:00:00+00:00,4718.48565428101
2023-08-18 21:00:00+00:00,4722.494611021885
2023-08-21 13:30:00+00:00,4722.910305631557
2023-08-21 14:30:00+00:00,4708.350386023786
2023-08-21 15:30:00+00:00,4719.405383063071
2023-08-21 16:30:00+00:00,4713.383281291244
2023-08-21 17:30:00+00:00,4731.2290795966765
2023-08-21 18:30:00+00:00,4721.013782016726
2023-08-21 19:30:00+00:00,4724.228221111139
2023-08-21 20:00:00+00:00,4700.674288255786
2023-08-21 21:00:00+00:00,4719.183524787044
2023-08-22 13:30:00+00:00,4696.767286100334
2023-08-22 14:30:00+00:00,4704.886787275335
2023-08-22 15:30:00+00:00,4696.027776595683
2023-08-22 16:30:00+00:00,4696.105504383152
2023-08-22 17:30:00+00:00,4698.9646347575435
2023-08-22 18:30:00+00:00,4708.690253315017
2023-08-22 19:30:00+00:00,4711.925479312708
2023-08-22 20:00:00+00:00,4700.869646302259
2023-08-22 21:00:00+00:00,4726.935207952963
2023-08-23 13:30:00+00:00,4745.534907079905
2023-08-23 14:30:00+00:00,4747.915017014056
2023-08-23 15:30:00+00:00,4733.437266886571
2023-08-23 16:30:00+00:00,4724.048112312523
2023-08-23 17:30:00+00:00,4696.42344520134
2023-08-23 18:30:00+00:00,4710.424497031842
2023-08-23 19:30:00+00:00,4717.869803816705
2023-08-23 20:00:00+00:00,4709.516856304558
2023-08-23 21:00:00+00:00,4708.0346280261665
2023-08-24 13:30:00+00:00,4694.123100239097
2023-08-24 14:30:00+00:00,4701.081603097994
2023-08-24 15:30:00+00:00,4688.805842832842
2023-08-24 16:30:00+00:00,4701.692975788357
2023-08-24 17:30:00+00:00,4698.9279231488445
2023-08-24 18:30:00+00:00,4686.476196144422
2023-08-24 19:30:00+00:00,4706.587268952768
2023-08-24 20:00:00+00:00,4721.644039216058
2023-08-24 21:00:00+00:00,4724.947547354152
2023-08-25 13:30:00+00:00,4701.09702790484
2023-08-25 14:30:00+00:00,4710.242281450866
2023-08-25 15:30:00+00:00,4742.966508903785
2023-08-25 16:30:00+00:00,4722.426733616435
2023-08-25 17:30:00+00:00,4713.816633185044
2023-08-25 18:30:00+00:00,4717.4909993036845
2023-08-25 19:30:00+00:00,4717.707000610954
2023-08-25 20:00:00+00:00,4700.61193872026
2023-08-25 22:00:00+00:00,4689.050812661071
2023-08-28 13:30:00+00:00,4697.734516934637
2023-08-28 14:30:00+00:00,4709.705917775362
2023-08-28 15:30:00+00:00,4695.567805178231
2023-08-28 16:30:00+00:00,4725.429515278582
2023-08-28 17:30:00+00:00,4739.939927982497
2023-08-28 18:30:00+00:00,4728.167404437948
2023-08-28 19:30:00+00:00,4738.5656686274015
2023-08-28 20:00:00+00:00,4740.67563693095
2023-08-28 21:00:00+00:00,4716.946339913286
2023-08-29 13:30:00+00:00,4727.465921771295
2023-08-29 14:30:00+00:00,4716.53961552278
2023-08-29 15:30:00+00:00,4706.011078362255
2023-08-29 16:30:00+00:00,4725.531206367399
2023-08-29 17:30:00+00:00,4710.813684544859
2023-08-29 18:30:00+00:00,4721.9334521624105
2023-08-29 19:30:00+00:00,4712.021891683387
2023-08-29 20:00:00+00:00,4692.086011371176
2023-08-29 21:00:00+00:00,4709.569233879619
2023-08-30 13:30:00+00:00,4705.471232352528
2023-08-30 14:30:00+00:00,4682.611011024053
2023-08-30 15:30:00+00:00,4661.743868774172
2023-08-30 16:30:00+00:00,4681.428287244636
2023-08-30 17:30:00+00:00,4669.946710171295
2023-08-30 18:30:00+00:00,4651.550556131336
2023-08-30 19:30:00+00:00,4675.859462225045
2023-08-30 20:00:00+00:00,4668.69231460578
2023-08-30 21:00:00+00:00,4687.0434698520885
2023-08-31 13:30:00+00:00,4675.634369563808
2023-08-31 14:30:00+00:00,4670.727581193862
2023-08-31 15:30:00+00:00,4657.716285985843
2023-08-31 16:30:00+00:00,4665.547044076003
2023-08-31 17:30:00+00:00,4676.437786517318
2023-08-31 18:30:00+00:00,4663.505658254889
2023-08-31 19:30:00+00:00,4658.940667478253
2023-08-31 20:00:00+00:00,4681.193136655827
2023-08-31 21:00:00+00:00,4681.620837028989
2023-09-01 13:30:00+00:00,4675.444108504505
2023-09-01 14:30:00+00:00,4701.654316507249
2023-09-01 15:30:00+00:00,4700.094686286271
2023-09-01 16:30:00+00:00,4672.6839930932165
2023-09-01 17:30:00+00:00,4677.237340168181
2023-09-01 18:30:00+00:00,4677.264792241846
2023-09-01 19:30:00+00:00,4677.69737697092
2023-09-01 20:00:00+00:00,4665.95648458266
2023-09-01 21:00:00+00:00,4662.291286681728
2023-09-05 13:30:00+00:00,4649.408286583999
2023-09-05 14:30:00+00:00,4669.178126136512
2023-09-05 15:30:00+00:00,4650.257361980445
2023-09-05 16:30:00+00:00,4645.950487561175
2023-09-05 17:30:00+00:00,4653.970872645356
2023-09-05 18:30:00+00:00,4641.074209253265
2023-09-05 19:30:00+00:00,4614.950516339099
2023-09-05 20:00:00+00:00,4597.940607769537
2023-09-05 21:00:00+00:00,4607.98758017864
2023-09-06 13:30:00+00:00,4610.189608760827
2023-09-06 14:30:00+00:00,4596.103247491314
2023-09-06 15:30:00+00:00,4612.70460767183
2023-09-06 16:30:00+00:00,4580.922376940427
2023-09-06 17:30:00+00:00,4572.588519936682
2023-09-06 18:30:00+00:00,4574.02045305149
2023-09-06 19:30:00+00:00,4592.333802787435
2023-09-06 20:00:00+00:00,4573.1943393352485
2023-09-06 21:00:00+00:00,4576.940007379977
2023-09-07 13:30:00+00:00,4559.858073002275
2023-09-07 14:30:00+00:00,4566.354309543888
2023-09-07 15:30:00+00:00,4558.161535275509
2023-09-07 16:30:00+00:00,4538.965083192577
2023-09-07 17:30:00+00:00,4511.607222179261
2023-09-07 18:30:00+00:00,4490.32790160407
2023-09-07 19:30:00+00:00,4486.927037532864
2023-09-07 20:00:00+00:00,4503.165723893285
2023-09-07 21:00:00+00:00,4492.347158224253
2023-09-08 13:30:00+00:00,4470.064579782319
2023-09-08 14:30:00+00:00,4480.384916177088
2023-09-08 15:30:00+00:00,4482.832795923486
2023-09-08 16:30:00+00:00,4476.99999959585
2023-09-08 17:30:00+00:00,4491.2325065128925
2023-09-08 18:30:00+00:00,4513.567422907293
2023-09-08 19:30:00+00:00,4507.643070005239
2023-09-08 20:00:00+00:00,4508.330637838817
2023-09-08 21:00:00+00:00,4506.923312966724
2023-09-11 13:30:00+00:00,4516.198388645528
2023-09-11 14:30:00+00:00,4525.447184884307
2023-09-11 15:30:00+00:00,4525.106352725959
2023-09-11 16:30:00+00:00,4536.360023213931
2023-09-11 17:30:00+00:00,4557.801067696455
2023-09-11 18:30:00+00:00,4575.757148677815
2023-09-11 19:30:00+00:00,4567.988536051908
2023-09-11 20:00:00+00:00,4545.482683107103
2023-09-11 21:00:00+00:00,4516.5084592411085
2023-09-12 13:30:00+00:00,4530.857625464465
2023-09-12 14:30:00+00:00,4537.133161352895
2023-09-12 15:30:00+00:00,4548.6288449943595
2023-09-12 16:30:00+00:00,4566.483705952744
2023-09-12 17:30:00+00:00,4546.73127544012
2023-09-12 18:30:00+00:00,4562.8329561897835
2023-09-12 19:30:00+00:00,4554.298532502581
2023-09-12 20:00:00+00:00,4612.392684843962
2023-09-12 21:00:00+00:00,4630.18133921852
2023-09-13 13:30:00+00:00,4641.072791350432
2023-09-13 14:30:00+00:00,4621.833763600679
2023-09-13 15:30:00+00:00,4637.68275934332
2023-09-13 16:30:00+00:00,4617.228893335441
2023-09-13 17:30:00+00:00,4622.083083052526
2023-09-13 18:30:00+00:00,4602.581530005239
2023-09-13 19:30:00+00:00,4620.068975796001
2023-09-13 20:00:00+00:00,4619.443362804246
2023-09-13 21:00:00+00:00,4625.541204195585
2023-09-14 13:30:00+00:00,4604.104682236842
2023-09-14 14:30:00+00:00,4599.967045020537
2023-09-14 15:30:00+00:00,4592.477819267077
2023-09-14 16:30:00+00:00,4573.81548316188
2023-09-14 17:30:00+00:00,4571.689084343036
2023-09-14 18:30:00+00:00,4556.548243933035
2023-09-14 19:30:00+00:00,4577.699906677525
2023-09-14 20:00:00+00:00,4595.855334764891
2023-09-14 21:00:00+00:00,4607.396159733341
2023-09-15 13:30:00+00:00,4601.034642616024
2023-09-15 14:30:00+00:00,4615.93344579445
2023-09-15 15:30:00+00:00,4630.167234342552
2023-09-15 16:30:00+00:00,4636.828693664096
2023-09-15 17:30:00+00:00,4633.625454088968
2023-09-15 18:30:00+00:00,4629.364175159733
2023-09-15 19:30:00+00:00,4627.650447310039
2023-09-15 20:00:00+00:00,4618.570235747768
2023-09-15 21:00:00+00:00,4593.733062138896
2023-09-18 13:30:00+00:00,4595.836827532081
2023-09-18 14:30:00+00:00,4607.090353002694
2023-09-18 15:30:00+00:00,4609.138678760916
2023-09-18 16:30:00+00:00,4610.715988309428
2023-09-18 17:30:00+00:00,4612.627279370818
2023-09-18 18:30:00+00:00,4622.733101073688
2023-09-18 19:30:00+00:00,4610.8607785315135
2023-09-18 20:00:00+00:00,4645.902029887035
2023-09-18 21:00:00+00:00,4669.475629875565
2023-09-19 13:30:00+00:00,4690.409576481597
2023-09-19 14:30:00+00:00,4698.703129791215
2023-09-19 15:30:00+00:00,4712.993655383807
2023-09-19 16:30:00+00:00,4726.611158892584
2023-09-19 17:30:00+00:00,4721.245348456153
2023-09-19 18:30:00+00:00,4730.113764163951
2023-09-19 19:30:00+00:00,4735.90318737775
2023-09-19 20:00:00+00:00,4751.720268709905
2023-09-19 21:00:00+00:00,4772.581316885188
2023-09-20 13:30:00+00:00,4758.116940771342
2023-09-20 14:30:00+00:00,4774.263614656303
2023-09-20 15:30:00+00:00,4795.268094820365
2023-09-20 16:30:00+00:00,4755.042425629669
2023-09-20 17:30:00+00:00,4735.347122149419
2023-09-20 18:30:00+00:00,4727.957320686781
2023-09-20 19:30:00+00:00,4733.65860271696
2023-09-20 20:00:00+00:00,4733.317905076008
2023-09-20 21:00:00+00:00,4722.821326801089
2023-09-21 13:30:00+00:00,4738.5308691185965
2023-09-21 14:30:00+00:00,4736.066994711949
2023-09-21 15:30:00+00:00,4744.0016790831105
2023-09-21 16:30:00+00:00,4727.869812338642
2023-09-21 17:30:00+00:00,4741.736981120439
2023-09-21 18:30:00+00:00,4713.251801585128
2023-09-21 19:30:00+00:00,4711.18958194587
2023-09-21 20:00:00+00:00,4679.915500996636
2023-09-21 21:00:00+00:00,4679.027225207053
2023-09-22 13:30:00+00:00,4672.125559960429
2023-09-22 14:30:00+00:00,4698.1528068836415
2023-09-22 15:30:00+00:00,4693.6493877706325
2023-09-22 16:30:00+00:00,4685.9609569081995
2023-09-22 17:30:00+00:00,4676.415973907562
2023-09-22 18:30:00+00:00,4663.630247109707
2023-09-22 19:30:00+00:00,4636.323053679156
2023-09-22 20:00:00+00:00,4639.720980715947
2023-09-22 21:00:00+00:00,4633.731169724199
2023-09-25 13:30:00+00:00,4622.506611713067
2023-09-25 14:30:00+00:00,4611.073127768883
2023-09-25 15:30:00+00:00,4591.846837473338
2023-09-25 16:30:00+00:00,4608.570363113718
2023-09-25 17:30:00+00:00,4583.455519165937
2023-09-25 18:30:00+00:00,4613.719909229977
2023-09-25 19:30:00+00:00,4628.685489167894
2023-09-25 20:00:00+00:00,4641.390178438201
2023-09-25 21:00:00+00:00,4625.504260393821
2023-09-26 13:30:00+00:00,4613.105803586134
2023-09-26 14:30:00+00:00,4617.69602712892
2023-09-26 15:30:00+00:00,4618.210452608836
2023-09-26 16:30:00+00:00,4577.95982328463
2023-09-26 17:30:00+00:00,4589.188462833172
2023-09-26 18:30:00+00:00,4579.106582394647
2023-09-26 19:30:00+00:00,4580.012756006776
2023-09-26 20:00:00+00:00,4596.875809020672
2023-09-26 21:00:00+00:00,4603.9203101676885
2023-09-27 13:30:00+00:00,4599.9494511263065
2023-09-27 14:30:00+00:00,4600.041019563907
2023-09-27 15:30:00+00:00,4580.005021209704
2023-09-27 16:30:00+00:00,4579.327605711477
2023-09-27 17:30:00+00:00,4577.774398587936
2023-09-27 18:30:00+00:00,4591.4404903677505
2023-09-27 19:30:00+00:00,4604.204241137504
2023-09-27 20:00:00+00:00,4602.760062891139
2023-09-27 21:00:00+00:00,4578.462116161847
2023-09-28 13:30:00+00:00,4573.311415006574
2023-09-28 14:30:00+00:00,4562.086556736316
2023-09-28 15:30:00+00:00,4558.985066565723
2023-09-28 16:30:00+00:00,4569.75341030582
2023-09-28 17:30:00+00:00,4578.79137615742
2023-09-28 18:30:00+00:00,4570.190953864757
2023-09-28 19:30:00+00:00,4579.090777354902
2023-09-28 20:00:00+00:00,4574.745136803736
2023-09-28 21:00:00+00:00,4557.570233465781
2023-09-29 13:30:00+00:00,4555.0064786552275
2023-09-29 14:30:00+00:00,4554.710791330175
2023-09-29 15:30:00+00:00,4593.609157745957
2023-09-29 16:30:00+00:00,4580.640896939303
2023-09-29 17:30:00+00:00,4572.9982109068205
2023-09-29 18:30:00+00:00,4538.494491414042
2023-09-29 19:30:00+00:00,4538.610545746058
2023-09-29 20:00:00+00:00,4578.556636343406
2023-09-29 21:00:00+00:00,4585.91978204602
2023-10-02 13:30:00+00:00,4583.0476946732415
2023-10-02 14:30:00+00:00,4594.604264521474
2023-10-02 15:30:00+00:00,4583.757353556006
2023-10-02 16:30:00+00:00,4608.73545343613
2023-10-02 17:30:00+00:00,4583.6307516697525
2023-10-02 18:30:00+00:00,4572.269918626354
2023-10-02 19:30:00+00:00,4572.697085796662
2023-10-02 20:00:00+00:00,4579.58550697418
2023-10-02 21:00:00+00:00,4574.4924840296335
2023-10-03 13:30:00+00:00,4615.360749049222
2023-10-03 14:30:00+00:00,4616.551749471556
2023-10-03 15:30:00+00:00,4597.099258727644
2023-10-03 16:30:00+00:00,4605.517970855951
2023-10-03 17:30:00+00:00,4597.49886214601
2023-10-03 18:30:00+00:00,4613.17013181452
2023-10-03 19:30:00+00:00,4614.060732074837
2023-10-03 20:00:00+00:00,4599.806765220499
2023-10-03 21:00:00+00:00,4626.873503490598
2023-10-04 13:30:00+00:00,4623.599542455257
2023-10-04 14:30:00+00:00,4616.441778500188
2023-10-04 15:30:00+00:00,4633.915808334371
2023-10-04 16:30:00+00:00,4644.345021066519
2023-10-04 17:30:00+00:00,4647.291606603513
2023-10-04 18:30:00+00:00,4646.427257416318
2023-10-04 19:30:00+00:00,4628.240078437107
2023-10-04 20:00:00+00:00,4616.716716651539
2023-10-04 21:00:00+00:00,4614.261951151089
2023-10-05 13:30:00+00:00,4654.642153786532
2023-10-05 14:30:00+00:00,4660.050245133913
2023-10-05 15:30:00+00:00,4651.384467712805
2023-10-05 16:30:00+00:00,4634.5133869098045
2023-10-05 17:30:00+00:00,4630.741116936746
2023-10-05 18:30:00+00:00,4632.343598035308
2023-10-05 19:30:00+00:00,4636.644420599941
2023-10-05 20:00:00+00:00,4638.692893495794
2023-10-05 21:00:00+00:00,4628.92213969058
2023-10-06 13:30:00+00:00,4630.853101080038
2023-10-06 14:30:00+00:00,4615.640162284526
2023-10-06 15:30:00+00:00,4631.930208444191
2023-10-06 16:30:00+00:00,4611.856621286535
2023-10-06 17:30:00+00:00,4628.5448434589935
2023-10-06 18:30:00+00:00,4609.368009215052
2023-10-06 19:30:00+00:00,4609.820331232177
2023-10-06 20:00:00+00:00,4610.9823055566485
2023-10-06 21:00:00+00:00,4614.022218612814
2023-10-09 13:30:00+00:00,4608.25519063751
2023-10-09 14:30:00+00:00,4635.346033132289
2023-10-09 15:30:00+00:00,4630.79445447966
2023-10-09 16:30:00+00:00,4625.3581919800745
2023-10-09 17:30:00+00:00,4622.380476069723
2023-10-09 18:30:00+00:00,4616.736301729346
2023-10-09 19:30:00+00:00,4610.27545793173
2023-10-09 20:00:00+00:00,4618.093193296428
2023-10-09 21:00:00+00:00,4628.542375149899
2023-10-10 13:30:00+00:00,4621.125632641566
2023-10-10 14:30:00+00:00,4618.365902985464
2023-10-10 15:30:00+00:00,4616.996894121692
2023-10-10 16:30:00+00:00,4631.064475543656
2023-10-10 17:30:00+00:00,4626.152837624763
2023-10-10 18:30:00+00:00,4611.987111945051
2023-10-10 19:30:00+00:00,4621.354952809471
2023-10-10 20:00:00+00:00,4610.105389953543
2023-10-11 13:30:00+00:00,4606.644576999962
2023-10-11 14:30:00+00:00,4617.8664036601085
2023-10-11 15:30:00+00:00,4620.202660082959
2023-10-11 16:30:00+00:00,4616.269360217202
2023-10-11 17:30:00+00:00,4630.886111847984
2023-10-11 18:30:00+00:00,4619.517353836926
2023-10-11 19:30:00+00:00,4601.274452079509
2023-10-11 20:00:00+00:00,4613.593177796452
2023-10-12 13:30:00+00:00,4620.804992299595
2023-10-12 14:30:00+00:00,4630.903486892756
2023-10-12 15:30:00+00:00,4643.632080748749
2023-10-12 16:30:00+00:00,4647.257962154208
2023-10-12 17:30:00+00:00,4651.549555491463
2023-10-12 18:30:00+00:00,4668.901645128067
2023-10-12 19:30:00+00:00,4671.670162533571
2023-10-12 20:00:00+00:00,4662.843918417996
2023-10-12 21:00:00+00:00,4657.635415246251
2023-10-13 13:30:00+00:00,4648.961283552364
2023-10-13 14:30:00+00:00,4692.987913207579
2023-10-13 15:30:00+00:00,4688.663996073984
2023-10-13 16:30:00+00:00,4688.208429907164
2023-10-13 17:30:00+00:00,4706.098089178121
2023-10-13 18:30:00+00:00,4705.357527179154
2023-10-13 19:30:00+00:00,4720.547825691509
2023-10-13 20:00:00+00:00,4702.770796268497
2023-10-16 13:30:00+00:00,4699.536433554537
2023-10-16 14:30:00+00:00,4689.914556375309
2023-10-16 15:30:00+00:00,4675.940228222185
2023-10-16 16:30:00+00:00,4664.094915180644
2023-10-16 17:30:00+00:00,4674.5787523917115
2023-10-16 18:30:00+00:00,4671.453622221918
2023-10-16 19:30:00+00:00,4651.798896059681
2023-10-16 20:00:00+00:00,4645.4508313969245
2023-10-16 21:00:00+00:00,4649.4733582602685
2023-10-17 13:30:00+00:00,4661.580238467225
2023-10-17 14:30:00+00:00,4675.795970538331
2023-10-17 15:30:00+00:00,4683.885985961763
2023-10-17 16:30:00+00:00,4703.8112068558985
2023-10-17 17:30:00+00:00,4701.971175593847
2023-10-17 18:30:00+00:00,4685.8580182544665
2023-10-17 19:30:00+00:00,4669.896570271551
2023-10-17 20:00:00+00:00,4669.827082519469
2023-10-17 21:00:00+00:00,4661.369335424642
2023-10-18 13:30:00+00:00,4664.175157882315
2023-10-18 14:30:00+00:00,4683.502438061204
2023-10-18 15:30:00+00:00,4694.326159188747
2023-10-18 16:30:00+00:00,4697.036993046211
2023-10-18 17:30:00+00:00,4685.928916528467
2023-10-18 18:30:00+00:00,4682.3070499787555
2023-10-18 19:30:00+00:00,4672.351360416092
2023-10-18 20:00:00+00:00,4655.278228841147
2023-10-18 21:00:00+00:00,4671.342279320989
2023-10-19 13:30:00+00:00,4671.632054434659
2023-10-19 14:30:00+00:00,4679.448605076756
2023-10-19 15:30:00+00:00,4692.8811240863015
2023-10-19 16:30:00+00:00,4693.206607687787
2023-10-19 17:30:00+00:00,4709.977011557077
2023-10-19 18:30:00+00:00,4727.331699325522
2023-10-19 19:30:00+00:00,4744.204900768733
2023-10-19 20:00:00+00:00,4718.078888710595
2023-10-19 21:00:00+00:00,4709.086530626522
2023-10-20 13:30:00+00:00,4698.8658961128785
2023-10-20 14:30:00+00:00,4757.271990298749
2023-10-20 15:30:00+00:00,4751.143998658029
2023-10-20 16:30:00+00:00,4769.788630801878
2023-10-20 17:30:00+00:00,4766.804298014868
2023-10-20 18:30:00+00:00,4771.705379031996
2023-10-20 19:30:00+00:00,4802.200004903076
2023-10-20 20:00:00+00:00,4788.15566689996
2023-10-20 21:00:00+00:00,4771.05999417988
2023-10-23 13:30:00+00:00,4773.704650190751
2023-10-23 14:30:00+00:00,4750.855618119745
2023-10-23 15:30:00+00:00,4775.054254200705
2023-10-23 16:30:00+00:00,4775.816814683245
2023-10-23 17:30:00+00:00,4789.482858408179
2023-10-23 18:30:00+00:00,4793.027631872866
2023-10-23 19:30:00+00:00,4801.557552045866
2023-10-23 20:00:00+00:00,4785.839734756629
2023-10-23 21:00:00+00:00,4791.484382479689
2023-10-24 13:30:00+00:00,4793.531272450361
2023-10-24 14:30:00+00:00,4826.377365048881
2023-10-24 15:30:00+00:00,4830.957638206125
2023-10-24 16:30:00+00:00,4836.838894786316
2023-10-24 17:30:00+00:00,4844.362993918241
2023-10-24 18:30:00+00:00,4820.932455892372
2023-10-24 19:30:00+00:00,4807.450671749039
2023-10-24 20:00:00+00:00,4804.754542422708
2023-10-24 21:00:00+00:00,4808.458464172372
2023-10-25 13:30:00+00:00,4815.163067866939
2023-10-25 14:30:00+00:00,4830.215377811027
2023-10-25 15:30:00+00:00,4851.340127581702
2023-10-25 16:30:00+00:00,4847.034601748255
2023-10-25 17:30:00+00:00,4896.348634430798
2023-10-25 18:30:00+00:00,4906.147874390679
2023-10-25 19:30:00+00:00,4895.274645750861
2023-10-25 20:00:00+00:00,4903.737004480796
2023-10-25 21:00:00+00:00,4909.590039207615
2023-10-26 13:30:00+00:00,4928.422503500792
2023-10-26 14:30:00+00:00,4937.408223539367
2023-10-26 15:30:00+00:00,4902.743840508484
2023-10-26 16:30:00+00:00,4916.659062768384
2023-10-26 17:30:00+00:00,4935.883488494892
2023-10-26 18:30:00+00:00,4949.852452782425
2023-10-26 19:30:00+00:00,4936.850886494884
2023-10-26 20:00:00+00:00,4941.23888543086
2023-10-26 21:00:00+00:00,4954.3237969497795
2023-10-27 13:30:00+00:00,4952.977819439596
2023-10-27 14:30:00+00:00,4979.621640907235
2023-10-27 15:30:00+00:00,4973.860926326852
2023-10-27 16:30:00+00:00,4953.908993599705
2023-10-27 17:30:00+00:00,4954.710380029384
2023-10-27 18:30:00+00:00,4946.930679292026
2023-10-27 19:30:00+00:00,4946.725367817246
2023-10-27 20:00:00+00:00,4946.587296219785
2023-10-30 13:30:00+00:00,4955.826751042765
2023-10-30 14:30:00+00:00,4958.426754114983
2023-10-30 15:30:00+00:00,4925.447252909405
2023-10-30 16:30:00+00:00,4889.946340189361
2023-10-30 17:30:00+00:00,4884.773740775567
2023-10-30 18:30:00+00:00,4851.38671684214
2023-10-30 19:30:00+00:00,4818.258706374426
2023-10-30 20:00:00+00:00,4813.24783062901
2023-10-30 21:00:00+00:00,4842.9167087233845
2023-10-31 13:30:00+00:00,4855.776138881021
2023-10-31 14:30:00+00:00,4815.050085077436
2023-10-31 15:30:00+00:00,4832.307157317433
2023-10-31 16:30:00+00:00,4812.875543102112
2023-10-31 17:30:00+00:00,4809.407938125376
2023-10-31 18:30:00+00:00,4802.512579611835
2023-10-31 19:30:00+00:00,4796.717010782418
2023-10-31 20:00:00+00:00,4762.877831051475
2023-10-31 21:00:00+00:00,4776.931041983265
2023-11-01 13:30:00+00:00,4770.96380240686
2023-11-01 14:30:00+00:00,4766.738340891265
2023-11-01 15:30:00+00:00,4809.2990652887875
2023-11-01 16:30:00+00:00,4820.567054919472
2023-11-01 17:30:00+00:00,4814.477551105125
2023-11-01 18:30:00+00:00,4815.024672968859
2023-11-01 19:30:00+00:00,4823.476332760946
2023-11-01 20:00:00+00:00,4853.08782510101
2023-11-01 21:00:00+00:00,4845.891786831469
2023-11-02 13:30:00+00:00,4840.972044124794
2023-11-02 14:30:00+00:00,4848.230298126287
2023-11-02 15:30:00+00:00,4837.521957691236
2023-11-02 16:30:00+00:00,4819.537857410589
2023-11-02 17:30:00+00:00,4838.685900113084
2023-11-02 18:30:00+00:00,4842.5453910132765
2023-11-02 19:30:00+00:00,4846.710932233829
2023-11-02 20:00:00+00:00,4818.620211947597
2023-11-02 21:00:00+00:00,4808.774960469521
2023-11-03 13:30:00+00:00,4799.771611468985
2023-11-03 14:30:00+00:00,4815.028931843062
2023-11-03 15:30:00+00:00,4829.472583957843
2023-11-03 16:30:00+00:00,4865.344662038918
2023-11-03 17:30:00+00:00,4872.123855590034
2023-11-03 18:30:00+00:00,4823.647711095153
2023-11-03 19:30:00+00:00,4813.544235270617
2023-11-03 20:00:00+00:00,4845.595818074461
2023-11-06 14:30:00+00:00,4844.484085740916
2023-11-06 15:30:00+00:00,4812.793354734495
2023-11-06 16:30:00+00:00,4807.082916999757
2023-11-06 17:30:00+00:00,4788.23815380972
2023-11-06 18:30:00+00:00,4771.031478695741
2023-11-06 19:30:00+00:00,4781.349202145964
2023-11-06 20:30:00+00:00,4753.9333468729465
2023-11-06 21:00:00+00:00,4758.9788254733885
2023-11-06 22:00:00+00:00,4770.106908563497
2023-11-07 14:30:00+00:00,4773.20243973644
2023-11-07 15:30:00+00:00,4789.380231934374
2023-11-07 16:30:00+00:00,4805.241575326322
2023-11-07 17:30:00+00:00,4750.8143352584
2023-11-07 18:30:00+00:00,4774.669801002255
2023-11-07 19:30:00+00:00,4786.6127259127325
2023-11-07 20:30:00+00:00,4799.181232608504
2023-11-07 21:00:00+00:00,4808.436463911259
2023-11-07 22:00:00+00:00,4830.164205824361
2023-11-08 14:30:00+00:00,4841.315608690963
2023-11-08 15:30:00+00:00,4839.212016093253
2023-11-08 16:30:00+00:00,4831.747976611586
2023-11-08 17:30:00+00:00,4822.603257074939
2023-11-08 18:30:00+00:00,4826.548432784759
2023-11-08 19:30:00+00:00,4822.283934131113
2023-11-08 20:30:00+00:00,4812.141105407442
2023-11-08 21:00:00+00:00,4824.524975899184
2023-11-08 22:00:00+00:00,4807.836954940139
2023-11-09 14:30:00+00:00,4812.180909922368
2023-11-09 15:30:00+00:00,4846.105477083346
2023-11-09 16:30:00+00:00,4834.16279167651
2023-11-09 17:30:00+00:00,4816.444411872871
2023-11-09 18:30:00+00:00,4820.781934244719
2023-11-09 19:30:00+00:00,4810.209641752557
2023-11-09 20:30:00+00:00,4839.495657657789
2023-11-09 21:00:00+00:00,4837.691738830011
2023-11-09 22:00:00+00:00,4828.138766891226
2023-11-10 14:30:00+00:00,4824.725789555729
2023-11-10 15:30:00+00:00,4830.293593804221
2023-11-10 16:30:00+00:00,4829.7331145027165
2023-11-10 17:30:00+00:00,4832.499653747122
2023-11-10 18:30:00+00:00,4850.2811613158
2023-11-10 19:30:00+00:00,4849.531683068276
2023-11-10 20:30:00+00:00,4830.457007594023
2023-11-10 21:00:00+00:00,4836.58416068299
2023-11-13 14:30:00+00:00,4820.389882679911
2023-11-13 15:30:00+00:00,4820.921932600236
2023-11-13 16:30:00+00:00,4788.094155060919
2023-11-13 17:30:00+00:00,4819.693809954163
2023-11-13 18:30:00+00:00,4826.477285418823
2023-11-13 19:30:00+00:00,4826.248689752631
2023-11-13 20:30:00+00:00,4823.165455137452
2023-11-13 21:00:00+00:00,4812.649439523976
2023-11-13 22:00:00+00:00,4833.175434518382
2023-11-14 14:30:00+00:00,4828.085417559879
2023-11-14 15:30:00+00:00,4842.428677454368
2023-11-14 16:30:00+00:00,4855.8718355776
2023-11-14 17:30:00+00:00,4860.986960842615
2023-11-14 18:30:00+00:00,4864.047796809411
2023-11-14 19:30:00+00:00,4855.331705251164
2023-11-14 20:30:00+00:00,4851.25317465287
2023-11-14 21:00:00+00:00,4855.82019553139
2023-11-14 22:00:00+00:00,4849.554472828352
2023-11-15 14:30:00+00:00,4863.31505085628
2023-11-15 15:30:00+00:00,4856.762956602652
2023-11-15 16:30:00+00:00,4845.1722783865
2023-11-15 17:30:00+00:00,4828.59209417104
2023-11-15 18:30:00+00:00,4836.14550749203
2023-11-15 19:30:00+00:00,4837.101804916875
2023-11-15 20:30:00+00:00,4861.7698962516515
2023-11-15 21:00:00+00:00,4881.449297115997
2023-11-16 14:30:00+00:00,4882.799498928866
2023-11-16 15:30:00+00:00,4861.592578832018
2023-11-16 16:30:00+00:00,4866.153790675716
2023-11-16 17:30:00+00:00,4856.92079381301
2023-11-16 18:30:00+00:00,4854.385493182809
2023-11-16 19:30:00+00:00,4862.985444797749
2023-11-16 20:30:00+00:00,4870.794193164567
2023-11-16 21:00:00+00:00,4860.137657702245
2023-11-16 22:00:00+00:00,4843.956461871533
2023-11-17 14:30:00+00:00,4863.738293330968
2023-11-17 15:30:00+00:00,4862.121825574145
2023-11-17 16:30:00+00:00,4873.421798893166
2023-11-17 17:30:00+00:00,4865.297023842678
2023-11-17 18:30:00+00:00,4869.272017212523
2023-11-17 19:30:00+00:00,4866.729161524171
2023-11-17 20:30:00+00:00,4842.629248856451
2023-11-17 21:00:00+00:00,4844.387877006215
2023-11-17 22:00:00+00:00,4860.787236010345
2023-11-20 14:30:00+00:00,4866.609908422613
2023-11-20 15:30:00+00:00,4839.644783643513
2023-11-20 16:30:00+00:00,4829.302555226397
2023-11-20 17:30:00+00:00,4844.069176197533
2023-11-20 18:30:00+00:00,4846.363558454934
2023-11-20 19:30:00+00:00,4822.645072292549
2023-11-20 20:30:00+00:00,4834.153569597446
2023-11-20 21:00:00+00:00,4830.793316013914
2023-11-20 22:00:00+00:00,4845.590198495304
2023-11-21 14:30:00+00:00,4856.51264554389
2023-11-21 15:30:00+00:00,4857.216363738437
2023-11-21 16:30:00+00:00,4841.704279198059
2023-11-21 17:30:00+00:00,4858.370791511707
2023-11-21 18:30:00+00:00,4876.678774080865
2023-11-21 19:30:00+00:00,4874.410269444006
2023-11-21 20:30:00+00:00,4861.496778931472
2023-11-21 21:00:00+00:00,4872.129343976822
2023-11-21 22:00:00+00:00,4862.071556456866
2023-11-22 14:30:00+00:00,4879.999510252778
2023-11-22 15:30:00+00:00,4886.559578037689
2023-11-22 16:30:00+00:00,4885.529279825477
2023-11-22 17:30:00+00:00,4889.1217280512865
2023-11-22 18:30:00+00:00,4882.443834938165
2023-11-22 19:30:00+00:00,4890.92999263908
2023-11-22 20:30:00+00:00,4896.9321395238985
2023-11-22 21:00:00+00:00,4892.597689596771
2023-11-22 22:00:00+00:00,4906.431577451271
2023-11-24 14:30:00+00:00,4875.806201948934
2023-11-24 15:30:00+00:00,4877.641425385438
2023-11-24 16:30:00+00:00,4888.2488704656325
2023-11-24 18:00:00+00:00,4863.533397677763
2023-11-24 19:00:00+00:00,4879.448093402881
2023-11-27 14:30:00+00:00,4892.4327572235015
2023-11-27 15:30:00+00:00,4865.138083224661
2023-11-27 16:30:00+00:00,4863.701485470626
2023-11-27 17:30:00+00:00,4852.5177578776775
2023-11-27 18:30:00+00:00,4851.032915422758
2023-11-27 19:30:00+00:00,4862.623546079115
2023-11-27 20:30:00+00:00,4840.023270463827
2023-11-27 21:00:00+00:00,4845.029755965671
2023-11-28 14:30:00+00:00,4858.139326681439
2023-11-28 15:30:00+00:00,4846.9621105790675
2023-11-28 16:30:00+00:00,4847.347799628237
2023-11-28 17:30:00+00:00,4842.508225484999
2023-11-28 18:30:00+00:00,4820.803698807482
2023-11-28 19:30:00+00:00,4810.162209532487
2023-11-28 20:30:00+00:00,4805.057812085398
2023-11-28 21:00:00+00:00,4799.220376883047
2023-11-28 22:00:00+00:00,4782.022794442676
2023-11-29 14:30:00+00:00,4783.210596828323
2023-11-29 15:30:00+00:00,4783.539188922131
2023-11-29 16:30:00+00:00,4774.053022591925
2023-11-29 17:30:00+00:00,4794.802569626116
2023-11-29 18:30:00+00:00,4791.584677812567
2023-11-29 19:30:00+00:00,4792.327500132452
2023-11-29 20:30:00+00:00,4801.5653230208845
2023-11-29 21:00:00+00:00,4810.448676122584
2023-11-30 14:30:00+00:00,4798.429459281554
2023-11-30 15:30:00+00:00,4786.722398878513
2023-11-30 16:30:00+00:00,4784.919085711342
2023-11-30 17:30:00+00:00,4780.642903251594
2023-11-30 18:30:00+00:00,4791.768176604772
2023-11-30 19:30:00+00:00,4801.08175291584
2023-11-30 20:30:00+00:00,4818.00571639276
2023-11-30 21:00:00+00:00,4806.817239981906
2023-11-30 22:00:00+00:00,4811.12538302471
2023-12-01 14:30:00+00:00,4829.826511665349
2023-12-01 15:30:00+00:00,4823.327049060784
2023-12-01 16:30:00+00:00,4806.162863943339
2023-12-01 17:30:00+00:00,4782.4888281631065
2023-12-01 18:30:00+00:00,4766.204858777264
2023-12-01 19:30:00+00:00,4754.647156808164
2023-12-01 20:30:00+00:00,4754.996130565126
2023-12-01 21:00:00+00:00,4749.964597329114
2023-12-04 14:30:00+00:00,4754.155009924756
2023-12-04 15:30:00+00:00,4773.534657459298
2023-12-04 16:30:00+00:00,4763.050481929646
2023-12-04 17:30:00+00:00,4762.136928500371
2023-12-04 18:30:00+00:00,4770.7270211529185
2023-12-04 19:30:00+00:00,4777.90614772271
2023-12-04 20:30:00+00:00,4770.84636572551
2023-12-04 21:00:00+00:00,4752.36767712031
2023-12-04 22:00:00+00:00,4764.181029375989
2023-12-05 14:30:00+00:00,4778.096634864683
2023-12-05 15:30:00+00:00,4775.963451427757
2023-12-05 16:30:00+00:00,4792.379841048654
2023-12-05 17:30:00+00:00,4800.191597774771
2023-12-05 18:30:00+00:00,4790.204195976521
2023-12-05 19:30:00+00:00,4793.260130943531
2023-12-05 20:30:00+00:00,4775.9437093542
2023-12-05 21:00:00+00:00,4777.618488406535
2023-12-05 22:00:00+00:00,4780.479066849165
2023-12-06 14:30:00+00:00,4764.489483000595
2023-12-06 15:30:00+00:00,4744.294315971922
2023-12-06 16:30:00+00:00,4721.230671665526
2023-12-06 17:30:00+00:00,4720.607492427983
2023-12-06 18:30:00+00:00,4727.880628397843
2023-12-06 19:30:00+00:00,4727.85581615015
2023-12-06 20:30:00+00:00,4727.560067749347
2023-12-06 21:00:00+00:00,4717.985022993121
2023-12-06 22:00:00+00:00,4712.103565767117
2023-12-07 14:30:00+00:00,4703.62465303153
2023-12-07 15:30:00+00:00,4705.431528500731
2023-12-07 16:30:00+00:00,4691.596633664084
2023-12-07 17:30:00+00:00,4691.117948934602
2023-12-07 18:30:00+00:00,4680.369112983534
2023-12-07 19:30:00+00:00,4678.216319130502
2023-12-07 20:30:00+00:00,4683.35281748547
2023-12-07 21:00:00+00:00,4680.269703511778
2023-12-07 22:00:00+00:00,4692.800891878072
2023-12-08 14:30:00+00:00,4686.040249915228
2023-12-08 15:30:00+00:00,4700.826221849625
2023-12-08 16:30:00+00:00,4707.252722935658
2023-12-08 17:30:00+00:00,4720.838711511726
2023-12-08 18:30:00+00:00,4715.042526481454
2023-12-08 19:30:00+00:00,4736.246722299629
2023-12-08 20:30:00+00:00,4728.224865483721
2023-12-08 21:00:00+00:00,4738.393305437024
2023-12-11 14:30:00+00:00,4715.229606176968
2023-12-11 15:30:00+00:00,4728.971127925879
2023-12-11 16:30:00+00:00,4727.690023192078
2023-12-11 17:30:00+00:00,4723.04004013361
2023-12-11 18:30:00+00:00,4710.961027002051
2023-12-11 19:30:00+00:00,4711.488256529986
2023-12-11 20:30:00+00:00,4685.009321958296
2023-12-11 21:00:00+00:00,4674.343576457095
2023-12-12 14:30:00+00:00,4682.760583988392
2023-12-12 15:30:00+00:00,4711.104008400607
2023-12-12 16:30:00+00:00,4736.112607753117
2023-12-12 17:30:00+00:00,4751.971751707084
2023-12-12 18:30:00+00:00,4730.251809703165
2023-12-12 19:30:00+00:00,4731.607777112069
2023-12-12 20:30:00+00:00,4732.101882450278
2023-12-12 21:00:00+00:00,4708.395522816374
2023-12-13 14:30:00+00:00,4709.843006126526
2023-12-13 15:30:00+00:00,4730.0537441905035
2023-12-13 16:30:00+00:00,4765.993545464913
2023-12-13 17:30:00+00:00,4780.498169327446
2023-12-13 18:30:00+00:00,4768.526987378433
2023-12-13 19:30:00+00:00,4762.275951457914
2023-12-13 20:30:00+00:00,4784.831281147771
2023-12-13 21:00:00+00:00,4766.638613742921
2023-12-13 22:00:00+00:00,4778.054750138704
2023-12-14 14:30:00+00:00,4750.06861629096
2023-12-14 15:30:00+00:00,4775.78799488234
2023-12-14 16:30:00+00:00,4754.01788595877
2023-12-14 17:30:00+00:00,4748.505006661273
2023-12-14 18:30:00+00:00,4736.910587977711
2023-12-14 19:30:00+00:00,4762.440339179118
2023-12-14 20:30:00+00:00,4771.017777254405
2023-12-14 21:00:00+00:00,4783.170913870366
2023-12-14 22:00:00+00:00,4759.542278697118
2023-12-15 14:30:00+00:00,4761.681459898935
2023-12-15 15:30:00+00:00,4760.676874683209
2023-12-15 16:30:00+00:00,4738.481651363149
2023-12-15 17:30:00+00:00,4750.000324898255
2023-12-15 18:30:00+00:00,4735.925399076672
2023-12-15 19:30:00+00:00,4742.466500769373
2023-12-15 20:30:00+00:00,4737.407524674974
2023-12-15 21:00:00+00:00,4710.639603207724
2023-12-18 14:30:00+00:00,4714.597734745482
2023-12-18 15:30:00+00:00,4717.424592664692
2023-12-18 16:30:00+00:00,4715.1174360855075
2023-12-18 17:30:00+00:00,4716.827937602571
2023-12-18 18:30:00+00:00,4717.68996799032
2023-12-18 19:30:00+00:00,4715.877468240577
2023-12-18 20:30:00+00:00,4732.8646961027625
2023-12-18 21:00:00+00:00,4726.531295351049
2023-12-18 22:00:00+00:00,4713.402121179634
2023-12-19 14:30:00+00:00,4707.446697428981
2023-12-19 15:30:00+00:00,4693.826704592802
2023-12-19 16:30:00+00:00,4670.316230566765
2023-12-19 17:30:00+00:00,4674.035215436582
2023-12-19 18:30:00+00:00,4700.673717334706
2023-12-19 19:30:00+00:00,4686.249438167035
2023-12-19 20:30:00+00:00,4705.9187764409935
2023-12-19 21:00:00+00:00,4711.308339730936
2023-12-19 22:00:00+00:00,4709.210945316008
2023-12-20 14:30:00+00:00,4678.070761421674
2023-12-20 15:30:00+00:00,4653.6498202727935
2023-12-20 16:30:00+00:00,4655.08511070211
2023-12-20 17:30:00+00:00,4671.414745964581
2023-12-20 18:30:00+00:00,4662.107815483023
2023-12-20 19:30:00+00:00,4685.130536003758
2023-12-20 20:30:00+00:00,4704.189582336263
2023-12-20 21:00:00+00:00,4689.514499635737
2023-12-21 14:30:00+00:00,4695.392442713085
2023-12-21 15:30:00+00:00,4708.761379401964
2023-12-21 16:30:00+00:00,4733.207244284102
2023-12-21 17:30:00+00:00,4743.285649085438
2023-12-21 18:30:00+00:00,4748.366450180299
2023-12-21 19:30:00+00:00,4772.040586785897
2023-12-21 20:30:00+00:00,4761.986603795867
2023-12-21 21:00:00+00:00,4758.091465453512
2023-12-21 22:00:00+00:00,4753.80530913055
2023-12-22 14:30:00+00:00,4753.339191804335
2023-12-22 15:30:00+00:00,4770.098262226603
2023-12-22 16:30:00+00:00,4769.690630642012
2023-12-22 17:30:00+00:00,4764.82510359939
2023-12-22 18:30:00+00:00,4770.34557206221
2023-12-22 19:30:00+00:00,4775.259709700941
2023-12-22 20:30:00+00:00,4794.909910725166
2023-12-22 21:00:00+00:00,4801.729446962188
2023-12-22 22:00:00+00:00,4810.814264616878
2023-12-26 14:30:00+00:00,4789.968573352018
2023-12-26 15:30:00+00:00,4778.4671660258755
2023-12-26 16:30:00+00:00,4786.731157317028
2023-12-26 17:30:00+00:00,4801.852779474563
2023-12-26 18:30:00+00:00,4784.12806337482
2023-12-26 19:30:00+00:00,4788.912790498556
2023-12-26 20:30:00+00:00,4810.90658846904
2023-12-26 21:00:00+00:00,4812.292216513349
2023-12-26 22:00:00+00:00,4806.799608234912
2023-12-27 14:30:00+00:00,4804.079465232207
2023-12-27 15:30:00+00:00,4833.561452144996
2023-12-27 16:30:00+00:00,4858.445290847778
2023-12-27 17:30:00+00:00,4864.6634083789895
2023-12-27 18:30:00+00:00,4866.5407210264475
2023-12-27 19:30:00+00:00,4856.960231979283
2023-12-27 20:30:00+00:00,4900.476511799224
2023-12-27 21:00:00+00:00,4913.267126825717
2023-12-27 22:00:00+00:00,4906.232005491922
2023-12-28 14:30:00+00:00,4920.097386163407
2023-12-28 15:30:00+00:00,4908.23045349885
2023-12-28 16:30:00+00:00,4920.485135176088
2023-12-28 17:30:00+00:00,4922.457306481613
2023-12-28 18:30:00+00:00,4926.572653189649
2023-12-28 19:30:00+00:00,4923.6196598589695
2023-12-28 20:30:00+00:00,4947.415560093457
2023-12-28 21:00:00+00:00,4918.823913603246
2023-12-28 22:00:00+00:00,4894.816322487482
2023-12-29 14:30:00+00:00,4906.629518168237
2023-12-29 15:30:00+00:00,4909.924785297027
2023-12-29 16:30:00+00:00,4918.658362851419
2023-12-29 17:30:00+00:00,4915.504337249022
2023-12-29 18:30:00+00:00,4943.756494071677
2023-12-29 19:30:00+00:00,4955.09338298539
2023-12-29 20:30:00+00:00,4974.469182271261
2023-12-29 21:00:00+00:00,4989.211257738299
2023-12-29 22:00:00+00:00,4990.113187773697
2024-01-02 14:30:00+00:00,5004.8208294671695
2024-01-02 15:30:00+00:00,5006.54399960009
2024-01-02 16:30:00+00:00,5041.506941859843
2024-01-02 17:30:00+00:00,5066.624753813455
2024-01-02 18:30:00+00:00,5044.650603245347
2024-01-02 19:30:00+00:00,5043.934914825787
2024-01-02 20:30:00+00:00,5063.068189899262
2024-01-02 21:00:00+00:00,5037.022495981277
2024-01-03 14:30:00+00:00,5044.081314089326
2024-01-03 15:30:00+00:00,5040.650154077543
2024-01-03 16:30:00+00:00,5057.479322712108
2024-01-03 17:30:00+00:00,5051.305377472792
2024-01-03 18:30:00+00:00,5073.196591976848
2024-01-03 19:30:00+00:00,5084.24924693253
2024-01-03 20:30:00+00:00,5069.2819289303925
2024-01-03 21:00:00+00:00,5051.453965546492
2024-01-03 22:00:00+00:00,5049.406496967573
2024-01-04 14:30:00+00:00,5042.392525598927
2024-01-04 15:30:00+00:00,5011.615288440438
2024-01-04 16:30:00+00:00,5045.022773515167
2024-01-04 17:30:00+00:00,5015.675909618259
2024-01-04 18:30:00+00:00,5027.233983008361
2024-01-04 19:30:00+00:00,5035.494731340824
2024-01-04 20:30:00+00:00,5016.7660292358705
2024-01-04 21:00:00+00:00,5032.900500289779
2024-01-05 14:30:00+00:00,5005.796870276368
2024-01-05 15:30:00+00:00,5001.2182754258965
2024-01-05 16:30:00+00:00,5011.258143584393
2024-01-05 17:30:00+00:00,5036.495239463713
2024-01-05 18:30:00+00:00,5046.698907942201
2024-01-05 19:30:00+00:00,5060.398539530963
2024-01-05 20:30:00+00:00,5069.100250298342
2024-01-05 21:00:00+00:00,5053.452198375705
2024-01-08 14:30:00+00:00,5017.610180618271
2024-01-08 15:30:00+00:00,5012.6227389735295
2024-01-08 16:30:00+00:00,5033.112944290068
2024-01-08 17:30:00+00:00,5066.199028320762
2024-01-08 18:30:00+00:00,5072.683349226201
2024-01-08 19:30:00+00:00,5095.3314739353045
2024-01-08 20:30:00+00:00,5113.07438385377
2024-01-08 21:00:00+00:00,5105.0107856799605
2024-01-09 14:30:00+00:00,5105.562348549186
2024-01-09 15:30:00+00:00,5117.451403202427
2024-01-09 16:30:00+00:00,5104.370876523924
2024-01-09 17:30:00+00:00,5100.732080725089
2024-01-09 18:30:00+00:00,5119.480816407651
2024-01-09 19:30:00+00:00,5110.710606201363
2024-01-09 20:30:00+00:00,5134.21524555758
2024-01-09 21:00:00+00:00,5131.2014996391445
2024-01-09 22:00:00+00:00,5130.282880834985
2024-01-10 14:30:00+00:00,5141.786136276234
2024-01-10 15:30:00+00:00,5123.057848081741
2024-01-10 16:30:00+00:00,5130.334868128411
2024-01-10 17:30:00+00:00,5149.389490287024
2024-01-10 18:30:00+00:00,5142.209114308961
2024-01-10 19:30:00+00:00,5116.777737588956
2024-01-10 20:30:00+00:00,5115.2942852598735
2024-01-10 21:00:00+00:00,5129.099076707417
2024-01-11 14:30:00+00:00,5180.714925124647
2024-01-11 15:30:00+00:00,5173.431103621123
2024-01-11 16:30:00+00:00,5168.662165421272
2024-01-11 17:30:00+00:00,5183.322349260288
2024-01-11 18:30:00+00:00,5185.910938518109
2024-01-11 19:30:00+00:00,5187.3393252157275
2024-01-11 20:30:00+00:00,5218.7253998690485
2024-01-11 21:00:00+00:00,5213.893695664254
2024-01-11 22:00:00+00:00,5197.472569163635
2024-01-12 14:30:00+00:00,5207.077267033117
2024-01-12 15:30:00+00:00,5184.465126914378
2024-01-12 16:30:00+00:00,5198.692498051977
2024-01-12 17:30:00+00:00,5205.519470077786
2024-01-12 18:30:00+00:00,5194.826815718787
2024-01-12 19:30:00+00:00,5181.161285916095
2024-01-12 20:30:00+00:00,5173.737862626637
2024-01-12 21:00:00+00:00,5193.493201761018
2024-01-16 14:30:00+00:00,5188.274811627864
2024-01-16 15:30:00+00:00,5205.656887795529
2024-01-16 16:30:00+00:00,5174.55654628325
2024-01-16 17:30:00+00:00,5174.803465289757
2024-01-16 18:30:00+00:00,5153.28539153003
2024-01-16 19:30:00+00:00,5137.210575638949
2024-01-16 20:30:00+00:00,5136.947590160344
2024-01-16 21:00:00+00:00,5134.452166681295
2024-01-16 22:00:00+00:00,5154.525937142226
2024-01-17 14:30:00+00:00,5149.609400817331
2024-01-17 15:30:00+00:00,5136.351409617396
2024-01-17 16:30:00+00:00,5115.46777797234
2024-01-17 17:30:00+00:00,5128.5174235405475
2024-01-17 18:30:00+00:00,5132.708498825777
2024-01-17 19:30:00+00:00,5143.341047046319
2024-01-17 20:30:00+00:00,5139.360949904729
2024-01-17 21:00:00+00:00,5139.504987710603
2024-01-18 14:30:00+00:00,5166.143797642533
2024-01-18 15:30:00+00:00,5175.285769960771
2024-01-18 16:30:00+00:00,5163.035741118623
2024-01-18 17:30:00+00:00,5162.992225685175
2024-01-18 18:30:00+00:00,5149.210191532487
2024-01-18 19:30:00+00:00,5114.2626345173385
2024-01-18 20:30:00+00:00,5080.776350825351
2024-01-18 21:00:00+00:00,5051.988183700364
2024-01-19 14:30:00+00:00,5066.827223592015
2024-01-19 15:30:00+00:00,5086.561671704431
2024-01-19 16:30:00+00:00,5072.059120068134
2024-01-19 17:30:00+00:00,5094.734000529485
2024-01-19 18:30:00+00:00,5072.3389564967465
2024-01-19 19:30:00+00:00,5077.982194206992
2024-01-19 20:30:00+00:00,5082.781770093573
2024-01-19 21:00:00+00:00,5052.0913924711285
2024-01-19 22:00:00+00:00,5037.280184434741
2024-01-22 14:30:00+00:00,5007.440389103827
2024-01-22 15:30:00+00:00,5019.875123547306
2024-01-22 16:30:00+00:00,5039.292760340653
2024-01-22 17:30:00+00:00,5027.043150747565
2024-01-22 18:30:00+00:00,5024.851788548102
2024-01-22 19:30:00+00:00,5041.108492914288
2024-01-22 20:30:00+00:00,5026.028493478177
2024-01-22 21:00:00+00:00,5034.741644543064
2024-01-22 22:00:00+00:00,5026.186786649745
2024-01-23 14:30:00+00:00,5012.8549048667865
2024-01-23 15:30:00+00:00,5005.7392062313875
2024-01-23 16:30:00+00:00,5007.808160733564
2024-01-23 17:30:00+00:00,4992.907462520162
2024-01-23 18:30:00+00:00,5021.254726408193
2024-01-23 19:30:00+00:00,5027.285194470724
2024-01-23 20:30:00+00:00,5030.008118085491
2024-01-23 21:00:00+00:00,5040.064299151407
2024-01-23 22:00:00+00:00,5060.7481978910855
2024-01-24 14:30:00+00:00,5055.250861433053
2024-01-24 15:30:00+00:00,5080.98832920733
2024-01-24 16:30:00+00:00,5079.99606483018
2024-01-24 17:30:00+00:00,5064.076552734685
2024-01-24 18:30:00+00:00,5059.413137324072
2024-01-24 19:30:00+00:00,5016.8685156471865
2024-01-24 20:30:00+00:00,4976.707239594204
2024-01-24 21:00:00+00:00,4944.260888031087
2024-01-24 22:00:00+00:00,4973.859022645657
2024-01-25 14:30:00+00:00,4944.3351395565705
2024-01-25 15:30:00+00:00,4947.19279592036
2024-01-25 16:30:00+00:00,4926.223882815945
2024-01-25 17:30:00+00:00,4916.248811847217
2024-01-25 18:30:00+00:00,4921.138460916294
2024-01-25 19:30:00+00:00,4903.810550339539
2024-01-25 20:30:00+00:00,4883.691671599537
2024-01-25 21:00:00+00:00,4890.205411799414
2024-01-26 14:30:00+00:00,4879.33726935039
2024-01-26 15:30:00+00:00,4865.275039802992
2024-01-26 16:30:00+00:00,4873.633242039982
2024-01-26 17:30:00+00:00,4875.795547996249
2024-01-26 18:30:00+00:00,4848.302624322144
2024-01-26 19:30:00+00:00,4863.452404170317
2024-01-26 20:30:00+00:00,4854.372022197532
2024-01-26 21:00:00+00:00,4844.846339807774
2024-01-26 22:00:00+00:00,4846.651720357678
2024-01-29 14:30:00+00:00,4843.110111452119
2024-01-29 15:30:00+00:00,4864.144283298238
2024-01-29 16:30:00+00:00,4840.082460755129
2024-01-29 17:30:00+00:00,4828.5383101527905
2024-01-29 18:30:00+00:00,4862.6243703374885
2024-01-29 19:30:00+00:00,4834.439180607271
2024-01-29 20:30:00+00:00,4836.908306359274
2024-01-29 21:00:00+00:00,4825.684367889792
2024-01-29 22:00:00+00:00,4847.258882309525
2024-01-30 14:30:00+00:00,4845.361231024052
2024-01-30 15:30:00+00:00,4849.0028087906
2024-01-30 16:30:00+00:00,4845.9422577247215
2024-01-30 17:30:00+00:00,4841.936795988137
2024-01-30 18:30:00+00:00,4827.445721692443
2024-01-30 19:30:00+00:00,4838.4649753214935
2024-01-30 20:30:00+00:00,4816.380147120216
2024-01-30 21:00:00+00:00,4795.25956536652
2024-01-30 22:00:00+00:00,4791.040231532363
2024-01-31 14:30:00+00:00,4818.808185328086
2024-01-31 15:30:00+00:00,4793.987620077624
2024-01-31 16:30:00+00:00,4825.826640906876
2024-01-31 17:30:00+00:00,4824.262333190503
2024-01-31 18:30:00+00:00,4826.745571503596
2024-01-31 19:30:00+00:00,4840.248081866244
2024-01-31 20:30:00+00:00,4833.872979989376
2024-01-31 21:00:00+00:00,4834.285367567741
2024-01-31 22:00:00+00:00,4834.570937668754
2024-02-01 14:30:00+00:00,4851.400552737444
2024-02-01 15:30:00+00:00,4838.300362139384
2024-02-01 16:30:00+00:00,4815.0266142959035
2024-02-01 17:30:00+00:00,4805.632686733941
2024-02-01 18:30:00+00:00,4842.7232664108105
2024-02-01 19:30:00+00:00,4829.582814950322
2024-02-01 20:30:00+00:00,4833.328201223582
2024-02-01 21:00:00+00:00,4828.230269391119
2024-02-01 22:00:00+00:00,4817.884702733301
2024-02-02 14:30:00+00:00,4802.406553252951
2024-02-02 15:30:00+00:00,4769.856724297175
2024-02-02 16:30:00+00:00,4783.428569951253
2024-02-02 17:30:00+00:00,4797.595934129281
2024-02-02 18:30:00+00:00,4796.293001558842
2024-02-02 19:30:00+00:00,4790.875363082185
2024-02-02 20:30:00+00:00,4785.767005693102
2024-02-02 21:00:00+00:00,4805.096254691241
2024-02-02 22:00:00+00:00,4807.3852403864275
2024-02-05 14:30:00+00:00,4819.671565931117
2024-02-05 15:30:00+00:00,4835.446355693343
2024-02-05 16:30:00+00:00,4858.65922032242
2024-02-05 17:30:00+00:00,4850.962244087143
2024-02-05 18:30:00+00:00,4833.773769112298
2024-02-05 19:30:00+00:00,4824.06995460093
2024-02-05 20:30:00+00:00,4786.137038067568
2024-02-05 21:00:00+00:00,4788.0558279371635
2024-02-05 22:00:00+00:00,4790.397099498709
2024-02-06 14:30:00+00:00,4798.668505939703
2024-02-06 15:30:00+00:00,4793.208808078697
2024-02-06 16:30:00+00:00,4798.334930060968
2024-02-06 17:30:00+00:00,4790.041605606184
2024-02-06 18:30:00+00:00,4800.659953138227
2024-02-06 19:30:00+00:00,4799.1118895556165
2024-02-06 20:30:00+00:00,4816.166025794164
2024-02-06 21:00:00+00:00,4835.105740396641
2024-02-06 22:00:00+00:00,4833.420974453918
2024-02-07 14:30:00+00:00,4860.868260838088
2024-02-07 15:30:00+00:00,4870.174815889055
2024-02-07 16:30:00+00:00,4863.564970997198
2024-02-07 17:30:00+00:00,4874.961032417272
2024-02-07 18:30:00+00:00,4844.168730187576
2024-02-07 19:30:00+00:00,4794.139730377292
2024-02-07 20:30:00+00:00,4812.191473060498
2024-02-07 21:00:00+00:00,4808.363699804803
2024-02-07 22:00:00+00:00,4807.896642205036
2024-02-08 14:30:00+00:00,4810.079527089749
2024-02-08 15:30:00+00:00,4820.805878831072
2024-02-08 16:30:00+00:00,4815.458583418351
2024-02-08 17:30:00+00:00,4819.730215923791
2024-02-08 18:30:00+00:00,4847.904170075687
2024-02-08 19:30:00+00:00,4836.152880713431
2024-02-08 20:30:00+00:00,4833.324842786428
2024-02-08 21:00:00+00:00,4860.636777597073
2024-02-08 22:00:00+00:00,4854.902527386552
2024-02-09 14:30:00+00:00,4840.526229750565
2024-02-09 15:30:00+00:00,4866.571360461578
2024-02-09 16:30:00+00:00,4848.255750538027
2024-02-09 17:30:00+00:00,4868.50735949511
2024-02-09 18:30:00+00:00,4860.473929357659
2024-02-09 19:30:00+00:00,4867.381455486389
2024-02-09 20:30:00+00:00,4866.974330905144
2024-02-09 21:00:00+00:00,4863.285500836966
2024-02-09 22:00:00+00:00,4856.90135795473
2024-02-12 14:30:00+00:00,4839.74513477967
2024-02-12 15:30:00+00:00,4849.432222890197
2024-02-12 16:30:00+00:00,4853.869139858839
2024-02-12 17:30:00+00:00,4868.824636177718
2024-02-12 18:30:00+00:00,4879.788744828676
2024-02-12 19:30:00+00:00,4858.843585796378
2024-02-12 20:30:00+00:00,4878.531097679381
2024-02-12 21:00:00+00:00,4866.119016124559
2024-02-12 22:00:00+00:00,4888.0734144902135
2024-02-13 14:30:00+00:00,4857.120179478429
2024-02-13 15:30:00+00:00,4866.165669139825
2024-02-13 16:30:00+00:00,4890.3246536886045
2024-02-13 17:30:00+00:00,4859.173374291219
2024-02-13 18:30:00+00:00,4901.6660960489435
2024-02-13 19:30:00+00:00,4911.729358974827
2024-02-13 20:30:00+00:00,4939.894584779572
2024-02-13 21:00:00+00:00,4914.63081465569
2024-02-13 22:00:00+00:00,4945.740391339068
2024-02-14 14:30:00+00:00,4941.477754118852
2024-02-14 15:30:00+00:00,4939.95391120351
2024-02-14 16:30:00+00:00,4933.51001951557
2024-02-14 17:30:00+00:00,4911.881356649274
2024-02-14 18:30:00+00:00,4907.783122409809
2024-02-14 19:30:00+00:00,4920.5139471452485
2024-02-14 20:30:00+00:00,4898.17633020401
2024-02-14 21:00:00+00:00,4887.319795172949
2024-02-14 22:00:00+00:00,4891.37681743028
2024-02-15 14:30:00+00:00,4890.617800329436
2024-02-15 15:30:00+00:00,4868.662031937154
2024-02-15 16:30:00+00:00,4862.984562570007
2024-02-15 17:30:00+00:00,4877.547961163419
2024-02-15 18:30:00+00:00,4895.3550610974235
2024-02-15 19:30:00+00:00,4899.317534088633
2024-02-15 20:30:00+00:00,4894.184015795845
2024-02-15 21:00:00+00:00,4906.568062340406
2024-02-15 22:00:00+00:00,4930.98577232064
2024-02-16 14:30:00+00:00,4946.865337589352
2024-02-16 15:30:00+00:00,4936.228019585137
2024-02-16 16:30:00+00:00,4953.269300584482
2024-02-16 17:30:00+00:00,4947.982618192753
2024-02-16 18:30:00+00:00,4941.3202493509925
2024-02-16 19:30:00+00:00,4955.626040923929
2024-02-16 20:30:00+00:00,4959.275503243582
2024-02-16 21:00:00+00:00,4957.86023443843
2024-02-20 14:30:00+00:00,4943.301024915833
2024-02-20 15:30:00+00:00,4945.874559346043
2024-02-20 16:30:00+00:00,4930.219479568923
2024-02-20 17:30:00+00:00,4931.502767427655
2024-02-20 18:30:00+00:00,4919.515031780332
2024-02-20 19:30:00+00:00,4916.416576716066
2024-02-20 20:30:00+00:00,4914.051626029298
2024-02-20 21:00:00+00:00,4912.572418276031
2024-02-20 22:00:00+00:00,4911.516059770397
2024-02-21 14:30:00+00:00,4914.736947899399
2024-02-21 15:30:00+00:00,4923.433266276485
2024-02-21 16:30:00+00:00,4917.077375420339
2024-02-21 17:30:00+00:00,4868.354743125766
2024-02-21 18:30:00+00:00,4860.379496310481
2024-02-21 19:30:00+00:00,4874.142848454313
2024-02-21 20:30:00+00:00,4872.167926308386
2024-02-21 21:00:00+00:00,4889.923095813628
2024-02-21 22:00:00+00:00,4919.110920597781
2024-02-22 14:30:00+00:00,4920.762676221729
2024-02-22 15:30:00+00:00,4927.26605506567
2024-02-22 16:30:00+00:00,4924.859490506693
2024-02-22 17:30:00+00:00,4939.987614604018
2024-02-22 18:30:00+00:00,4920.457789507503
2024-02-22 19:30:00+00:00,4922.700187227004
2024-02-22 20:30:00+00:00,4929.404893730244
2024-02-22 21:00:00+00:00,4912.357979514135
2024-02-22 22:00:00+00:00,4934.084591439242
2024-02-23 14:30:00+00:00,4944.135920932808
2024-02-23 15:30:00+00:00,4979.54173815156
2024-02-23 16:30:00+00:00,4969.791217234871
2024-02-23 17:30:00+00:00,4958.887740830846
2024-02-23 18:30:00+00:00,4947.974322952819
2024-02-23 19:30:00+00:00,4922.491175562679
2024-02-23 20:30:00+00:00,4921.636349722279
2024-02-23 21:00:00+00:00,4970.113375127653
2024-02-23 22:00:00+00:00,4977.758362251115
2024-02-26 14:30:00+00:00,4980.4931209526185
2024-02-26 15:30:00+00:00,5032.145366101461
2024-02-26 16:30:00+00:00,5047.334992379079
2024-02-26 17:30:00+00:00,5042.228878186522
2024-02-26 18:30:00+00:00,5023.222427036314
2024-02-26 19:30:00+00:00,5035.899838350198
2024-02-26 20:30:00+00:00,5008.901735264955
2024-02-26 21:00:00+00:00,5026.062081904783
2024-02-27 14:30:00+00:00,5029.765225303648
2024-02-27 15:30:00+00:00,5068.295645159402
2024-02-27 16:30:00+00:00,5102.5858584085
2024-02-27 17:30:00+00:00,5097.09222285865
2024-02-27 18:30:00+00:00,5077.801866908897
2024-02-27 19:30:00+00:00,5043.918402022488
2024-02-27 20:30:00+00:00,5028.339832945515
2024-02-27 21:00:00+00:00,5047.68670155268
2024-02-27 22:00:00+00:00,5024.607124853931
2024-02-28 14:30:00+00:00,5031.2926837429795
2024-02-28 15:30:00+00:00,5046.952748998195
2024-02-28 16:30:00+00:00,5039.942906244143
2024-02-28 17:30:00+00:00,5020.782340787005
2024-02-28 18:30:00+00:00,5037.687156205978
2024-02-28 19:30:00+00:00,5039.873769809667
2024-02-28 20:30:00+00:00,5053.604954809758
2024-02-28 21:00:00+00:00,5076.070108160107
2024-02-29 14:30:00+00:00,5091.012672915019
2024-02-29 15:30:00+00:00,5100.135442914944
2024-02-29 16:30:00+00:00,5085.060785810408
2024-02-29 17:30:00+00:00,5085.444084018289
2024-02-29 18:30:00+00:00,5094.456614271414
2024-02-29 19:30:00+00:00,5095.008407177517
2024-02-29 20:30:00+00:00,5069.595033756308
2024-02-29 21:00:00+00:00,5017.650553331321
2024-02-29 22:00:00+00:00,5002.447522994973
2024-03-01 14:30:00+00:00,4986.564097783026
2024-03-01 15:30:00+00:00,4989.713032492458
2024-03-01 16:30:00+00:00,5001.963621749605
2024-03-01 17:30:00+00:00,5020.421932909727
2024-03-01 18:30:00+00:00,5014.9095152126665
2024-03-01 19:30:00+00:00,5005.127682877389
2024-03-01 20:30:00+00:00,5033.650618982155
2024-03-01 21:00:00+00:00,5037.921232563187
2024-03-04 14:30:00+00:00,5049.027544438418
2024-03-04 15:30:00+00:00,5053.093631887123
2024-03-04 16:30:00+00:00,5055.377695248488
2024-03-04 17:30:00+00:00,5034.497467960558
2024-03-04 18:30:00+00:00,5045.855408206455
2024-03-04 19:30:00+00:00,5059.8122077528205
2024-03-04 20:30:00+00:00,5061.060079816491
2024-03-04 21:00:00+00:00,5097.947394298365
2024-03-04 22:00:00+00:00,5087.630345097481
2024-03-05 14:30:00+00:00,5093.194411726798
2024-03-05 15:30:00+00:00,5105.772276470906
2024-03-05 16:30:00+00:00,5078.51509707995
2024-03-05 17:30:00+00:00,5046.6887899535295
2024-03-05 18:30:00+00:00,5032.507718330496
2024-03-05 19:30:00+00:00,5013.569201668824
2024-03-05 20:30:00+00:00,5011.717585780186
2024-03-05 21:00:00+00:00,5010.779789192655
2024-03-05 22:00:00+00:00,5022.523158814816
2024-03-06 14:30:00+00:00,5037.493225281984
2024-03-06 15:30:00+00:00,5039.844484853552
2024-03-06 16:30:00+00:00,5043.635252753378
2024-03-06 17:30:00+00:00,5021.702782950884
2024-03-06 18:30:00+00:00,5022.753081144608
2024-03-06 19:30:00+00:00,5035.960711367698
2024-03-06 20:30:00+00:00,5048.167609467828
2024-03-06 21:00:00+00:00,5069.356579997996
2024-03-06 22:00:00+00:00,5059.910071189143
2024-03-07 14:30:00+00:00,5070.542580608277
2024-03-07 15:30:00+00:00,5058.317985866766
2024-03-07 16:30:00+00:00,5077.707268003263
2024-03-07 17:30:00+00:00,5072.367612129208
2024-03-07 18:30:00+00:00,5082.626778058445
2024-03-07 19:30:00+00:00,5094.888489702496
2024-03-07 20:30:00+00:00,5094.116875359069
2024-03-07 21:00:00+00:00,5101.92931994741
2024-03-07 22:00:00+00:00,5077.403074223089
2024-03-08 14:30:00+00:00,5062.055090381951
2024-03-08 15:30:00+00:00,5046.772181483404
2024-03-08 16:30:00+00:00,5045.37402500196
2024-03-08 17:30:00+00:00,5021.262577722704
2024-03-08 18:30:00+00:00,5019.975155402241
2024-03-08 19:30:00+00:00,5006.65753464365
2024-03-08 20:30:00+00:00,5011.6277187676515
2024-03-08 21:00:00+00:00,5013.351098719553
2024-03-08 22:00:00+00:00,5029.859690527789
2024-03-11 13:30:00+00:00,5017.106271516819
2024-03-11 14:30:00+00:00,5016.327398908726
2024-03-11 15:30:00+00:00,5041.53868416637
2024-03-11 16:30:00+00:00,5070.626737907007
2024-03-11 17:30:00+00:00,5071.379430367576
2024-03-11 18:30:00+00:00,5055.417092821792
2024-03-11 19:30:00+00:00,5042.111283971297
2024-03-11 20:00:00+00:00,5034.958313955562
2024-03-11 21:00:00+00:00,5010.878146201258
2024-03-12 13:30:00+00:00,4995.549678055139
2024-03-12 14:30:00+00:00,4989.756021664626
2024-03-12 15:30:00+00:00,5015.967888367069
2024-03-12 16:30:00+00:00,5047.96531760675
2024-03-12 17:30:00+00:00,5050.790033145825
2024-03-12 18:30:00+00:00,5045.468035681751
2024-03-12 19:30:00+00:00,4997.374847295133
2024-03-12 20:00:00+00:00,4991.825220649165
2024-03-12 21:00:00+00:00,4993.201620995596
2024-03-13 13:30:00+00:00,4973.570408997514
2024-03-13 14:30:00+00:00,4983.687516982498
2024-03-13 15:30:00+00:00,4971.3182284054255
2024-03-13 16:30:00+00:00,4957.85912114281
2024-03-13 17:30:00+00:00,4951.450281901195
2024-03-13 18:30:00+00:00,4958.161393630427
2024-03-13 19:30:00+00:00,4982.835688722827
2024-03-13 20:00:00+00:00,4976.928837612704
2024-03-13 21:00:00+00:00,4983.384681272399
2024-03-14 13:30:00+00:00,5009.499268994926
2024-03-14 14:30:00+00:00,5013.731189494782
2024-03-14 15:30:00+00:00,5036.367790499078
2024-03-14 16:30:00+00:00,5051.170685775756
2024-03-14 17:30:00+00:00,5053.362335604423
2024-03-14 18:30:00+00:00,5070.081108244577
2024-03-14 19:30:00+00:00,5039.331908934886
2024-03-14 20:00:00+00:00,5029.95651481671
2024-03-14 21:00:00+00:00,5046.6901292480625
2024-03-15 13:30:00+00:00,5029.945088014051
2024-03-15 14:30:00+00:00,5041.423864647661
2024-03-15 15:30:00+00:00,5048.897390241138
2024-03-15 16:30:00+00:00,5039.698081079022
2024-03-15 17:30:00+00:00,5041.890351853929
2024-03-15 18:30:00+00:00,5039.258792717921
2024-03-15 19:30:00+00:00,5049.62329493823
2024-03-15 20:00:00+00:00,5085.054273784112
2024-03-15 21:00:00+00:00,5056.743507618319
2024-03-18 13:30:00+00:00,5039.953748847475
2024-03-18 14:30:00+00:00,5031.558563188673
2024-03-18 15:30:00+00:00,5052.724317099663
2024-03-18 16:30:00+00:00,5012.482141158022
2024-03-18 17:30:00+00:00,5035.883611718159
2024-03-18 18:30:00+00:00,5041.427490901235
2024-03-18 19:30:00+00:00,5064.665654003553
2024-03-18 20:00:00+00:00,5071.070974856884
2024-03-18 21:00:00+00:00,5078.5282541820525
2024-03-19 13:30:00+00:00,5058.330938127839
2024-03-19 14:30:00+00:00,5061.361275369715
2024-03-19 15:30:00+00:00,5055.638685491478
2024-03-19 16:30:00+00:00,5055.0174015802
2024-03-19 17:30:00+00:00,5074.968661561055
2024-03-19 18:30:00+00:00,5040.953261859092
2024-03-19 19:30:00+00:00,5061.081627309866
2024-03-19 20:00:00+00:00,5083.092305713877
2024-03-19 21:00:00+00:00,5066.315217558326
2024-03-20 13:30:00+00:00,5084.1834642274835
2024-03-20 14:30:00+00:00,5091.293655886034
2024-03-20 15:30:00+00:00,5097.456368761813
2024-03-20 16:30:00+00:00,5098.690698402343
2024-03-20 17:30:00+00:00,5076.941033115841
2024-03-20 18:30:00+00:00,5106.442173617344
2024-03-20 19:30:00+00:00,5099.782494240194
2024-03-20 20:00:00+00:00,5097.414015734645
2024-03-21 13:30:00+00:00,5113.1157829457115
2024-03-21 14:30:00+00:00,5089.183961169385
2024-03-21 15:30:00+00:00,5107.3202081900645
2024-03-21 16:30:00+00:00,5129.045435505603
2024-03-21 17:30:00+00:00,5109.844439451457
2024-03-21 18:30:00+00:00,5097.9080114917715
2024-03-21 19:30:00+00:00,5095.585011774024
2024-03-21 20:00:00+00:00,5115.948828697157
2024-03-22 13:30:00+00:00,5116.9098353836935
2024-03-22 14:30:00+00:00,5118.697945420249
2024-03-22 15:30:00+00:00,5112.140654607173
2024-03-22 16:30:00+00:00,5098.550604966117
2024-03-22 17:30:00+00:00,5082.187373444276
2024-03-22 18:30:00+00:00,5092.1674958915255
2024-03-22 19:30:00+00:00,5085.50099775422
2024-03-22 20:00:00+00:00,5103.945558328106
2024-03-22 21:00:00+00:00,5127.774727920634
2024-03-25 13:30:00+00:00,5138.624593319574
2024-03-25 14:30:00+00:00,5155.669575366892
2024-03-25 15:30:00+00:00,5154.948467937718
2024-03-25 16:30:00+00:00,5147.34325719251
2024-03-25 17:30:00+00:00,5170.3173605133225
2024-03-25 18:30:00+00:00,5153.980568447093
2024-03-25 19:30:00+00:00,5153.122432188222
2024-03-25 20:00:00+00:00,5155.020304981106
2024-03-25 21:00:00+00:00,5171.747589187047
2024-03-26 13:30:00+00:00,5190.012572573781
2024-03-26 14:30:00+00:00,5184.463899812886
2024-03-26 15:30:00+00:00,5170.239084960696
2024-03-26 16:30:00+00:00,5179.238949391817
2024-03-26 17:30:00+00:00,5240.90874632628
2024-03-26 18:30:00+00:00,5228.115877699127
2024-03-26 19:30:00+00:00,5204.2958574249415
2024-03-26 20:00:00+00:00,5178.965262246163
2024-03-26 21:00:00+00:00,5175.173323850707
2024-03-27 13:30:00+00:00,5192.57481548284
2024-03-27 14:30:00+00:00,5213.086068650919
2024-03-27 15:30:00+00:00,5212.52636385608
2024-03-27 16:30:00+00:00,5196.927035185033
2024-03-27 17:30:00+00:00,5182.719208846938
2024-03-27 18:30:00+00:00,5197.847831923701
2024-03-27 19:30:00+00:00,5246.420517200956
2024-03-27 20:00:00+00:00,5233.1665083153
2024-03-27 21:00:00+00:00,5241.527034303818
2024-03-28 13:30:00+00:00,5259.368118794844
2024-03-28 14:30:00+00:00,5258.623595380421
2024-03-28 15:30:00+00:00,5271.299718980262
2024-03-28 16:30:00+00:00,5290.907931859346
2024-03-28 17:30:00+00:00,5259.72133042283
2024-03-28 18:30:00+00:00,5240.6906476375725
2024-03-28 19:30:00+00:00,5227.9571546142815
2024-03-28 20:00:00+00:00,5195.39816945692
2024-04-01 13:30:00+00:00,5195.394799173545
2024-04-01 14:30:00+00:00,5191.896609976027
2024-04-01 15:30:00+00:00,5194.3549941930005
2024-04-01 16:30:00+00:00,5218.705498365663
2024-04-01 17:30:00+00:00,5209.20910022514
2024-04-01 18:30:00+00:00,5208.984768824593
2024-04-01 19:30:00+00:00,5206.798988192835
2024-04-01 20:00:00+00:00,5195.483861777794
2024-04-01 21:00:00+00:00,5211.904627696437
2024-04-02 13:30:00+00:00,5247.17623268012
2024-04-02 14:30:00+00:00,5290.111867661313
2024-04-02 15:30:00+00:00,5328.920297938686
2024-04-02 16:30:00+00:00,5352.442388430683
2024-04-02 17:30:00+00:00,5344.518784854068
2024-04-02 18:30:00+00:00,5348.992299951337
2024-04-02 19:30:00+00:00,5323.749206040155
2024-04-02 20:00:00+00:00,5315.381356235559
2024-04-02 21:00:00+00:00,5328.731381924118
2024-04-03 13:30:00+00:00,5332.478489032966
2024-04-03 14:30:00+00:00,5325.783561484343
2024-04-03 15:30:00+00:00,5311.260643569552
2024-04-03 16:30:00+00:00,5276.634465310536
2024-04-03 17:30:00+00:00,5264.874078344846
2024-04-03 18:30:00+00:00,5261.561589998236
2024-04-03 19:30:00+00:00,5271.22339762239
2024-04-03 20:00:00+00:00,5241.673163898073
2024-04-03 21:00:00+00:00,5248.894460633434
2024-04-04 13:30:00+00:00,5233.967745213459
2024-04-04 14:30:00+00:00,5247.757090337701
2024-04-04 15:30:00+00:00,5236.528162505611
2024-04-04 16:30:00+00:00,5237.640126967989
2024-04-04 17:30:00+00:00,5231.555669425439
2024-04-04 18:30:00+00:00,5245.832521202155
2024-04-04 19:30:00+00:00,5260.390966883189
2024-04-04 20:00:00+00:00,5232.862166389201
2024-04-04 21:00:00+00:00,5271.7387503212785
2024-04-05 13:30:00+00:00,5266.64379746753
2024-04-05 14:30:00+00:00,5291.874669993649
2024-04-05 15:30:00+00:00,5273.662507902076
2024-04-05 16:30:00+00:00,5257.558387201779
2024-04-05 17:30:00+00:00,5233.307763569555
2024-04-05 18:30:00+00:00,5230.431878791784
2024-04-05 19:30:00+00:00,5233.718389585826
2024-04-05 20:00:00+00:00,5213.3878543397595
2024-04-05 21:00:00+00:00,5216.804410950498
2024-04-08 13:30:00+00:00,5234.779743472789
2024-04-08 14:30:00+00:00,5230.829186177703
2024-04-08 15:30:00+00:00,5245.693329045038
2024-04-08 16:30:00+00:00,5220.011977483289
2024-04-08 17:30:00+00:00,5225.239954614124
2024-04-08 18:30:00+00:00,5242.1728114669695
2024-04-08 19:30:00+00:00,5219.0418275736
2024-04-08 20:00:00+00:00,5184.383916680649
2024-04-08 21:00:00+00:00,5157.39043433464
2024-04-09 13:30:00+00:00,5176.825166957633
2024-04-09 14:30:00+00:00,5177.285977441345
2024-04-09 15:30:00+00:00,5183.505675586789
2024-04-09 16:30:00+00:00,5193.938911666013
2024-04-09 17:30:00+00:00,5206.144301170923
2024-04-09 18:30:00+00:00,5221.985346821711
2024-04-09 19:30:00+00:00,5246.947294456238
2024-04-09 20:00:00+00:00,5266.677766689953
2024-04-09 21:00:00+00:00,5266.686802835706
2024-04-10 13:30:00+00:00,5308.735988693696
2024-04-10 14:30:00+00:00,5321.2363224633355
2024-04-10 15:30:00+00:00,5331.60765604594
2024-04-10 16:30:00+00:00,5349.8498378300965
2024-04-10 17:30:00+00:00,5358.404913834237
2024-04-10 18:30:00+00:00,5338.293032213456
2024-04-10 19:30:00+00:00,5338.144799869635
2024-04-10 20:00:00+00:00,5328.137178419591
2024-04-10 21:00:00+00:00,5360.048924718469
2024-04-11 13:30:00+00:00,5342.106437823292
2024-04-11 14:30:00+00:00,5358.401081687314
2024-04-11 15:30:00+00:00,5354.461814391475
2024-04-11 16:30:00+00:00,5355.14624759526
2024-04-11 17:30:00+00:00,5371.643233824135
2024-04-11 18:30:00+00:00,5421.808400692902
2024-04-11 19:30:00+00:00,5416.794258174248
2024-04-11 20:00:00+00:00,5425.236112681383
2024-04-12 13:30:00+00:00,5392.561744163698
2024-04-12 14:30:00+00:00,5428.803526288697
2024-04-12 15:30:00+00:00,5419.729903957615
2024-04-12 16:30:00+00:00,5391.760655787869
2024-04-12 17:30:00+00:00,5412.81988797794
2024-04-12 18:30:00+00:00,5398.609540703455
2024-04-12 19:30:00+00:00,5394.24971735086
2024-04-12 20:00:00+00:00,5404.49957016573
2024-04-12 21:00:00+00:00,5405.514974488034
2024-04-15 13:30:00+00:00,5379.844964151351
2024-04-15 14:30:00+00:00,5369.695655320351
2024-04-15 15:30:00+00:00,5361.850958249356
2024-04-15 16:30:00+00:00,5352.702630838386
2024-04-15 17:30:00+00:00,5365.350360357085
2024-04-15 18:30:00+00:00,5399.49043858536
2024-04-15 19:30:00+00:00,5401.599969334545
2024-04-15 20:00:00+00:00,5417.350877957775
2024-04-15 21:00:00+00:00,5389.827598471459
2024-04-16 13:30:00+00:00,5363.651922141131
2024-04-16 14:30:00+00:00,5353.777185025998
2024-04-16 15:30:00+00:00,5373.782560735459
2024-04-16 16:30:00+00:00,5390.018795267232
2024-04-16 17:30:00+00:00,5359.804256592569
2024-04-16 18:30:00+00:00,5386.700499648504
2024-04-16 19:30:00+00:00,5386.342568171206
2024-04-16 20:00:00+00:00,5399.972198104465
2024-04-16 21:00:00+00:00,5407.621848190746
2024-04-17 13:30:00+00:00,5385.452608717836
2024-04-17 14:30:00+00:00,5375.725410271491
2024-04-17 15:30:00+00:00,5339.923466654201
2024-04-17 16:30:00+00:00,5344.411087314951
2024-04-17 17:30:00+00:00,5353.8752903467075
2024-04-17 18:30:00+00:00,5330.1380569528965
2024-04-17 19:30:00+00:00,5315.77010912304
2024-04-17 20:00:00+00:00,5306.767256169904
2024-04-17 21:00:00+00:00,5304.0491283972215
2024-04-18 13:30:00+00:00,5295.219723004094
2024-04-18 14:30:00+00:00,5277.233334397719
2024-04-18 15:30:00+00:00,5282.382516372153
2024-04-18 16:30:00+00:00,5256.585713894301
2024-04-18 17:30:00+00:00,5252.747949871742
2024-04-18 18:30:00+00:00,5260.518055351911
2024-04-18 19:30:00+00:00,5287.580752104022
2024-04-18 20:00:00+00:00,5275.299664099839
2024-04-18 21:00:00+00:00,5292.96671517299
2024-04-19 13:30:00+00:00,5279.040512398642
2024-04-19 14:30:00+00:00,5282.409038967478
2024-04-19 15:30:00+00:00,5303.012750892328
2024-04-19 16:30:00+00:00,5310.314459374123
2024-04-19 17:30:00+00:00,5294.524404863288
2024-04-19 18:30:00+00:00,5308.104563899014
2024-04-19 19:30:00+00:00,5324.769338171545
2024-04-19 20:00:00+00:00,5301.63837101372
2024-04-19 21:00:00+00:00,5283.555725927339
2024-04-22 13:30:00+00:00,5287.9808522064495
2024-04-22 14:30:00+00:00,5304.806851165163
2024-04-22 15:30:00+00:00,5266.900351999668
2024-04-22 16:30:00+00:00,5248.175469610694
2024-04-22 17:30:00+00:00,5248.970682525988
2024-04-22 18:30:00+00:00,5228.669160098489
2024-04-22 19:30:00+00:00,5229.119384795247
2024-04-22 20:00:00+00:00,5221.802461399762
2024-04-22 21:00:00+00:00,5233.864693267255
2024-04-23 13:30:00+00:00,5228.144700254683
2024-04-23 14:30:00+00:00,5241.787615235412
2024-04-23 15:30:00+00:00,5293.146980196317
2024-04-23 16:30:00+00:00,5313.298269202221
2024-04-23 17:30:00+00:00,5313.955774636513
2024-04-23 18:30:00+00:00,5293.8626342067755
2024-04-23 19:30:00+00:00,5288.603521302603
2024-04-23 20:00:00+00:00,5332.51814203013
2024-04-24 13:30:00+00:00,5316.501062486795
2024-04-24 14:30:00+00:00,5335.250305176415
2024-04-24 15:30:00+00:00,5352.300472471554
2024-04-24 16:30:00+00:00,5331.677084603909
2024-04-24 17:30:00+00:00,5342.970157678677
2024-04-24 18:30:00+00:00,5325.795013448873
2024-04-24 19:30:00+00:00,5324.402152445547
2024-04-24 20:00:00+00:00,5312.562036165264
2024-04-24 21:00:00+00:00,5325.337245601813
2024-04-25 13:30:00+00:00,5316.557213295105
2024-04-25 14:30:00+00:00,5297.320319500356
2024-04-25 15:30:00+00:00,5328.249782243722
2024-04-25 16:30:00+00:00,5337.529127902828
2024-04-25 17:30:00+00:00,5302.451993229639
2024-04-25 18:30:00+00:00,5301.844119775617
2024-04-25 19:30:00+00:00,5307.260158657505
2024-04-25 20:00:00+00:00,5289.592469367134
2024-04-25 21:00:00+00:00,5304.450883712248
2024-04-26 13:30:00+00:00,5290.639744418625
2024-04-26 14:30:00+00:00,5297.022756278354
2024-04-26 15:30:00+00:00,5297.807899362218
2024-04-26 16:30:00+00:00,5267.627912514896
2024-04-26 17:30:00+00:00,5273.644294236292
2024-04-26 18:30:00+00:00,5258.273880791413
2024-04-26 19:30:00+00:00,5280.923346990235
2024-04-26 20:00:00+00:00,5240.305479116247
2024-04-26 21:00:00+00:00,5215.905140765924
2024-04-29 13:30:00+00:00,5237.848577201414
2024-04-29 14:30:00+00:00,5232.639078457592
2024-04-29 15:30:00+00:00,5265.264766547013
2024-04-29 16:30:00+00:00,5275.30312252403
2024-04-29 17:30:00+00:00,5294.544847064114
2024-04-29 18:30:00+00:00,5276.392046901408
2024-04-29 19:30:00+00:00,5275.3124784973315
2024-04-29 20:00:00+00:00,5337.160417200907
2024-04-29 21:00:00+00:00,5329.629879900269
2024-04-30 13:30:00+00:00,5327.818128906525
2024-04-30 14:30:00+00:00,5311.4312895657495
2024-04-30 15:30:00+00:00,5336.4390120970065
2024-04-30 16:30:00+00:00,5326.063413657652
2024-04-30 17:30:00+00:00,5313.098834868141
2024-04-30 18:30:00+00:00,5309.845824584023
2024-04-30 19:30:00+00:00,5295.083172259024
2024-04-30 20:00:00+00:00,5305.101874493269
2024-04-30 21:00:00+00:00,5307.747273756917
2024-05-01 13:30:00+00:00,5289.568063965205
2024-05-01 14:30:00+00:00,5293.593135786863
2024-05-01 15:30:00+00:00,5335.572415074803
2024-05-01 16:30:00+00:00,5285.768340205862
2024-05-01 17:30:00+00:00,5272.4381985172895
2024-05-01 18:30:00+00:00,5252.62102246884
2024-05-01 19:30:00+00:00,5234.590221259567
2024-05-01 20:00:00+00:00,5195.696243801344
2024-05-01 21:00:00+00:00,5170.870846787428
2024-05-02 13:30:00+00:00,5184.170038074098
2024-05-02 14:30:00+00:00,5205.82501573594
2024-05-02 15:30:00+00:00,5195.876120325643
2024-05-02 16:30:00+00:00,5220.26247793058
2024-05-02 17:30:00+00:00,5191.760365063905
2024-05-02 18:30:00+00:00,5183.415101932833
2024-05-02 19:30:00+00:00,5141.0940284288945
2024-05-02 20:00:00+00:00,5139.355072439887
2024-05-02 21:00:00+00:00,5140.275162185455
2024-05-03 13:30:00+00:00,5161.289867885561
2024-05-03 14:30:00+00:00,5178.92370789278
2024-05-03 15:30:00+00:00,5163.401655026938
2024-05-03 16:30:00+00:00,5149.1925491957245
2024-05-03 17:30:00+00:00,5145.626717213961
2024-05-03 18:30:00+00:00,5157.45229897763
2024-05-03 19:30:00+00:00,5120.171077964786
2024-05-03 20:00:00+00:00,5121.956312857582
2024-05-03 21:00:00+00:00,5107.127792996739
2024-05-06 13:30:00+00:00,5141.009158025229
2024-05-06 14:30:00+00:00,5145.107107007399
2024-05-06 15:30:00+00:00,5156.773361105028
2024-05-06 16:30:00+00:00,5164.515425810464
2024-05-06 17:30:00+00:00,5178.6044012657085
2024-05-06 18:30:00+00:00,5183.634229982858
2024-05-06 19:30:00+00:00,5169.667950776148
2024-05-06 20:00:00+00:00,5159.200294211387
2024-05-06 21:00:00+00:00,5192.7065977475995
2024-05-07 13:30:00+00:00,5220.094339092998
2024-05-07 14:30:00+00:00,5232.643151074864
2024-05-07 15:30:00+00:00,5238.135200222753
2024-05-07 16:30:00+00:00,5235.4495453567515
2024-05-07 17:30:00+00:00,5257.539668533056
2024-05-07 18:30:00+00:00,5285.001901509906
2024-05-07 19:30:00+00:00,5313.604072065762
2024-05-07 20:00:00+00:00,5312.781837754552
2024-05-07 21:00:00+00:00,5296.256102955616
2024-05-08 13:30:00+00:00,5268.190872608501
2024-05-08 14:30:00+00:00,5272.353061946298
2024-05-08 15:30:00+00:00,5270.08477450485
2024-05-08 16:30:00+00:00,5309.963902639135
2024-05-08 17:30:00+00:00,5317.6814235076945
2024-05-08 18:30:00+00:00,5296.011961265278
2024-05-08 19:30:00+00:00,5288.267235047349
2024-05-08 20:00:00+00:00,5303.008626857408
2024-05-08 21:00:00+00:00,5279.635177314295
2024-05-09 13:30:00+00:00,5273.206918421919
2024-05-09 14:30:00+00:00,5275.136899097731
2024-05-09 15:30:00+00:00,5258.714887112221
2024-05-09 16:30:00+00:00,5264.329904159052
2024-05-09 17:30:00+00:00,5265.250382649859
2024-05-09 18:30:00+00:00,5254.428871097736
2024-05-09 19:30:00+00:00,5272.581927374864
2024-05-09 20:00:00+00:00,5295.099878300168
2024-05-09 21:00:00+00:00,5299.335677195826
2024-05-10 13:30:00+00:00,5305.640936453084
2024-05-10 14:30:00+00:00,5279.023609400145
2024-05-10 15:30:00+00:00,5272.045025859436
2024-05-10 16:30:00+00:00,5274.835159964426
2024-05-10 17:30:00+00:00,5285.8635504746235
2024-05-10 18:30:00+00:00,5263.128556040411
2024-05-10 19:30:00+00:00,5287.081860438903
2024-05-10 20:00:00+00:00,5286.751306170063
2024-05-10 21:00:00+00:00,5304.491474909523
2024-05-13 13:30:00+00:00,5265.67429981342
2024-05-13 14:30:00+00:00,5270.644184922298
2024-05-13 15:30:00+00:00,5286.884825381796
2024-05-13 16:30:00+00:00,5279.975728050153
2024-05-13 17:30:00+00:00,5300.555821281893
2024-05-13 18:30:00+00:00,5277.660997414945
2024-05-13 19:30:00+00:00,5257.282091799071
2024-05-13 20:00:00+00:00,5260.476361532294
2024-05-13 21:00:00+00:00,5252.703743407618
2024-05-14 13:30:00+00:00,5247.648080243007
2024-05-14 14:30:00+00:00,5275.557562968851
2024-05-14 15:30:00+00:00,5283.508825583704
2024-05-14 16:30:00+00:00,5269.293959056001
2024-05-14 17:30:00+00:00,5253.042749935395
2024-05-14 18:30:00+00:00,5242.757805514501
2024-05-14 19:30:00+00:00,5205.710696094389
2024-05-14 20:00:00+00:00,5190.239145741712
2024-05-14 21:00:00+00:00,5186.612722194641
2024-05-15 13:30:00+00:00,5219.034143365932
2024-05-15 14:30:00+00:00,5212.107155857653
2024-05-15 15:30:00+00:00,5191.385225758209
2024-05-15 16:30:00+00:00,5210.95413506278
2024-05-15 17:30:00+00:00,5179.857096105662
2024-05-15 18:30:00+00:00,5179.963243805775
2024-05-15 19:30:00+00:00,5171.740493853017
2024-05-15 20:00:00+00:00,5195.432311215993
2024-05-15 21:00:00+00:00,5197.395657762064
2024-05-16 13:30:00+00:00,5197.002787417872
2024-05-16 14:30:00+00:00,5221.937820854029
2024-05-16 15:30:00+00:00,5237.856068527431
2024-05-16 16:30:00+00:00,5268.863986399993
2024-05-16 17:30:00+00:00,5246.616550757738
2024-05-16 18:30:00+00:00,5263.995285893134
2024-05-16 19:30:00+00:00,5307.760100023858
2024-05-16 20:00:00+00:00,5315.420182775989
2024-05-16 21:00:00+00:00,5363.953328226824
2024-05-17 13:30:00+00:00,5375.163493919791
2024-05-17 14:30:00+00:00,5384.019743085283
2024-05-17 15:30:00+00:00,5403.397703859787
2024-05-17 16:30:00+00:00,5408.241414362888
2024-05-17 17:30:00+00:00,5399.64077050082
2024-05-17 18:30:00+00:00,5366.642574123582
2024-05-17 19:30:00+00:00,5359.612450269742
2024-05-17 20:00:00+00:00,5342.182869498758
2024-05-17 21:00:00+00:00,5322.263253504603
2024-05-20 13:30:00+00:00,5301.099369324235
2024-05-20 14:30:00+00:00,5281.724438501556
2024-05-20 15:30:00+00:00,5268.152092748706
2024-05-20 16:30:00+00:00,5262.859116626378
2024-05-20 17:30:00+00:00,5247.490402726174
2024-05-20 18:30:00+00:00,5274.156812798585
2024-05-20 19:30:00+00:00,5259.145609431165
2024-05-20 20:00:00+00:00,5256.820063517617
2024-05-20 21:00:00+00:00,5286.783546180586
2024-05-21 13:30:00+00:00,5317.652647426334
2024-05-21 14:30:00+00:00,5308.2707325345755
2024-05-21 15:30:00+00:00,5295.447739764735
2024-05-21 16:30:00+00:00,5283.811004722397
2024-05-21 17:30:00+00:00,5258.665835666253
2024-05-21 18:30:00+00:00,5243.3910088817465
2024-05-21 19:30:00+00:00,5243.6120610846465
2024-05-21 20:00:00+00:00,5245.401391007287
2024-05-21 21:00:00+00:00,5260.249266263914
2024-05-22 13:30:00+00:00,5266.415736525039
2024-05-22 14:30:00+00:00,5261.257153866145
2024-05-22 15:30:00+00:00,5260.045281455721
2024-05-22 16:30:00+00:00,5283.089600892477
2024-05-22 17:30:00+00:00,5266.596578201266
2024-05-22 18:30:00+00:00,5274.014303024296
2024-05-22 19:30:00+00:00,5270.549530405715
2024-05-22 20:00:00+00:00,5272.35713844437
2024-05-22 21:00:00+00:00,5305.586265717919
2024-05-23 13:30:00+00:00,5311.574523304758
2024-05-23 14:30:00+00:00,5321.159127059083
2024-05-23 15:30:00+00:00,5318.400381469366
2024-05-23 16:30:00+00:00,5319.159158776591
2024-05-23 17:30:00+00:00,5349.126081005442
2024-05-23 18:30:00+00:00,5364.2431692298205
2024-05-23 19:30:00+00:00,5375.374118361576
2024-05-23 20:00:00+00:00,5369.225543367286
2024-05-23 21:00:00+00:00,5357.903467084518
2024-05-24 13:30:00+00:00,5380.901430557258
2024-05-24 14:30:00+00:00,5367.95802523603
2024-05-24 15:30:00+00:00,5371.4854049326095
2024-05-24 16:30:00+00:00,5364.510840154981
2024-05-24 17:30:00+00:00,5361.029953522881
2024-05-24 18:30:00+00:00,5319.630300852446
2024-05-24 19:30:00+00:00,5302.27734419358
2024-05-24 20:00:00+00:00,5309.841020638414
2024-05-24 21:00:00+00:00,5322.545132079656
2024-05-28 13:30:00+00:00,5318.491441441084
2024-05-28 14:30:00+00:00,5296.452333088104
2024-05-28 15:30:00+00:00,5280.282590052209
2024-05-28 16:30:00+00:00,5273.646825216373
2024-05-28 17:30:00+00:00,5301.263317114362
2024-05-28 18:30:00+00:00,5297.657481133157
2024-05-28 19:30:00+00:00,5324.583661353154
2024-05-28 20:00:00+00:00,5317.120927156101
2024-05-28 21:00:00+00:00,5305.796765377065
2024-05-29 13:30:00+00:00,5319.766683565188
2024-05-29 14:30:00+00:00,5304.2645282189405
2024-05-29 15:30:00+00:00,5301.728468017397
2024-05-29 16:30:00+00:00,5294.447006013353
2024-05-29 17:30:00+00:00,5292.904658710252
2024-05-29 18:30:00+00:00,5274.956081241662
2024-05-29 19:30:00+00:00,5261.987232789886
2024-05-29 20:00:00+00:00,5290.274461948084
2024-05-29 21:00:00+00:00,5278.0968395392365
2024-05-30 13:30:00+00:00,5280.163902535947
2024-05-30 14:30:00+00:00,5269.751184245113
2024-05-30 15:30:00+00:00,5288.1386878303165
2024-05-30 16:30:00+00:00,5335.2945229347
2024-05-30 17:30:00+00:00,5333.538583022363
2024-05-30 18:30:00+00:00,5307.949698052607
2024-05-30 19:30:00+00:00,5291.778616124424
2024-05-30 20:00:00+00:00,5309.532369977734
2024-05-30 21:00:00+00:00,5294.22152083633
2024-05-31 13:30:00+00:00,5292.608973861563
2024-05-31 14:30:00+00:00,5302.092185228491
2024-05-31 15:30:00+00:00,5302.715785275109
2024-05-31 16:30:00+00:00,5303.0445643681305
2024-05-31 17:30:00+00:00,5309.047857219268
2024-05-31 18:30:00+00:00,5335.112098255692
2024-05-31 19:30:00+00:00,5357.56714929595
2024-05-31 20:00:00+00:00,5364.996095895321
2024-05-31 21:00:00+00:00,5344.174915008607
2024-06-03 13:30:00+00:00,5334.102459851171
2024-06-03 14:30:00+00:00,5309.231849588896
2024-06-03 15:30:00+00:00,5288.5128140229235
2024-06-03 16:30:00+00:00,5241.328783171468
2024-06-03 17:30:00+00:00,5259.9286270922985
2024-06-03 18:30:00+00:00,5285.860582980234
2024-06-03 19:30:00+00:00,5287.66747380245
2024-06-03 20:00:00+00:00,5299.821787441298
2024-06-03 21:00:00+00:00,5330.085020457534
2024-06-04 13:30:00+00:00,5331.717993549231
2024-06-04 14:30:00+00:00,5345.268292669671
2024-06-04 15:30:00+00:00,5334.616229873363
2024-06-04 16:30:00+00:00,5296.966399392491
2024-06-04 17:30:00+00:00,5288.4299095929055
2024-06-04 18:30:00+00:00,5321.6411436816215
2024-06-04 19:30:00+00:00,5355.645208665685
2024-06-04 20:00:00+00:00,5376.42767110849
2024-06-04 21:00:00+00:00,5385.373479807548
2024-06-05 13:30:00+00:00,5389.828044631541
2024-06-05 14:30:00+00:00,5394.325057108721
2024-06-05 15:30:00+00:00,5392.159950171755
2024-06-05 16:30:00+00:00,5378.386439609961
2024-06-05 17:30:00+00:00,5367.372011370299
2024-06-05 18:30:00+00:00,5373.328345132888
2024-06-05 19:30:00+00:00,5412.4856539302355
2024-06-05 20:00:00+00:00,5417.955696649065
2024-06-05 21:00:00+00:00,5407.0374475173985
2024-06-06 13:30:00+00:00,5414.610751387714
2024-06-06 14:30:00+00:00,5419.733520224503
2024-06-06 15:30:00+00:00,5414.235550336478
2024-06-06 16:30:00+00:00,5427.603190239959
2024-06-06 17:30:00+00:00,5429.594664554706
2024-06-06 18:30:00+00:00,5455.976500443453
2024-06-06 19:30:00+00:00,5449.495123441737
2024-06-06 20:00:00+00:00,5503.675119084681
2024-06-06 21:00:00+00:00,5493.357864144118
2024-06-07 13:30:00+00:00,5487.621397695935
2024-06-07 14:30:00+00:00,5471.360166599295
2024-06-07 15:30:00+00:00,5471.966484191118
2024-06-07 16:30:00+00:00,5495.457168721222
2024-06-07 17:30:00+00:00,5505.635655418994
2024-06-07 18:30:00+00:00,5529.007125302787
2024-06-07 19:30:00+00:00,5531.2994788669175
2024-06-07 20:00:00+00:00,5564.373298434734
2024-06-07 21:00:00+00:00,5550.413612549253
2024-06-10 13:30:00+00:00,5594.539392946219
2024-06-10 14:30:00+00:00,5629.731644572061
2024-06-10 15:30:00+00:00,5636.668597450712
2024-06-10 16:30:00+00:00,5661.774090218578
2024-06-10 17:30:00+00:00,5681.456281345042
2024-06-10 18:30:00+00:00,5660.818941432798
2024-06-10 19:30:00+00:00,5690.03879490052
2024-06-10 20:00:00+00:00,5740.746573486451
2024-06-10 21:00:00+00:00,5733.038526508206
2024-06-11 13:30:00+00:00,5762.575460652857
2024-06-11 14:30:00+00:00,5755.032263979
2024-06-11 15:30:00+00:00,5732.010497141763
2024-06-11 16:30:00+00:00,5687.116190555835
2024-06-11 17:30:00+00:00,5716.524592945725
2024-06-11 18:30:00+00:00,5722.700204742184
2024-06-11 19:30:00+00:00,5734.78647319647
2024-06-11 20:00:00+00:00,5742.445772496169
2024-06-11 21:00:00+00:00,5742.592269269716
2024-06-12 13:30:00+00:00,5693.784121024877
2024-06-12 14:30:00+00:00,5668.286961562216
2024-06-12 15:30:00+00:00,5668.534047690007
2024-06-12 16:30:00+00:00,5636.260874175639
2024-06-12 17:30:00+00:00,5641.351140639594
2024-06-12 18:30:00+00:00,5616.100822626152
2024-06-12 19:30:00+00:00,5626.921058645804
2024-06-12 20:00:00+00:00,5620.426377933629
2024-06-12 21:00:00+00:00,5626.782527693378
2024-06-13 13:30:00+00:00,5629.399198719114
2024-06-13 14:30:00+00:00,5601.804478523051
2024-06-13 15:30:00+00:00,5593.9931443176265
2024-06-13 16:30:00+00:00,5633.953154357854
2024-06-13 17:30:00+00:00,5646.820255274301
2024-06-13 18:30:00+00:00,5644.695924962057
2024-06-13 19:30:00+00:00,5666.866013709729
2024-06-13 20:00:00+00:00,5637.905634332518
2024-06-13 21:00:00+00:00,5614.491180819968
2024-06-14 13:30:00+00:00,5600.775214039168
2024-06-14 14:30:00+00:00,5582.267963147288
2024-06-14 15:30:00+00:00,5535.842189102912
2024-06-14 16:30:00+00:00,5529.025465058419
2024-06-14 17:30:00+00:00,5555.89871805469
2024-06-14 18:30:00+00:00,5583.522908847338
2024-06-14 19:30:00+00:00,5585.483956564597
2024-06-14 20:00:00+00:00,5591.141427532905
2024-06-14 21:00:00+00:00,5581.0423932466565
2024-06-17 13:30:00+00:00,5569.796647409856
2024-06-17 14:30:00+00:00,5531.238837473129
2024-06-17 15:30:00+00:00,5526.963331083541
2024-06-17 16:30:00+00:00,5510.1746928569655
2024-06-17 17:30:00+00:00,5494.019836549125
2024-06-17 18:30:00+00:00,5515.264000345802
2024-06-17 19:30:00+00:00,5500.384830323382
2024-06-17 20:00:00+00:00,5521.756938914665
2024-06-17 21:00:00+00:00,5549.64529693214
2024-06-18 13:30:00+00:00,5535.2279654629
2024-06-18 14:30:00+00:00,5518.259189884527
2024-06-18 15:30:00+00:00,5513.721831434797
2024-06-18 16:30:00+00:00,5499.472764456616
2024-06-18 17:30:00+00:00,5513.2847287556115
2024-06-18 18:30:00+00:00,5516.5191199321425
2024-06-18 19:30:00+00:00,5552.750634787114
2024-06-18 20:00:00+00:00,5542.37760002965
2024-06-18 21:00:00+00:00,5571.157551601344
2024-06-20 13:30:00+00:00,5554.970929391679
2024-06-20 14:30:00+00:00,5573.220258753218
2024-06-20 15:30:00+00:00,5586.493619850254
2024-06-20 16:30:00+00:00,5569.52817035499
2024-06-20 17:30:00+00:00,5562.221909465922
2024-06-20 18:30:00+00:00,5575.185899822705
2024-06-20 19:30:00+00:00,5592.096881495515
2024-06-20 20:00:00+00:00,5563.596856724437
2024-06-20 21:00:00+00:00,5583.848065515048
2024-06-21 13:30:00+00:00,5555.7559775622585
2024-06-21 14:30:00+00:00,5549.301967683929
2024-06-21 15:30:00+00:00,5520.02908606754
2024-06-21 16:30:00+00:00,5512.163380443039
2024-06-21 17:30:00+00:00,5500.204032089553
2024-06-21 18:30:00+00:00,5486.337493850078
2024-06-21 19:30:00+00:00,5439.801698009354
2024-06-21 20:00:00+00:00,5427.460283301494
2024-06-21 21:00:00+00:00,5419.99336075239
2024-06-24 13:30:00+00:00,5414.503399704271
2024-06-24 14:30:00+00:00,5438.728804244779
2024-06-24 15:30:00+00:00,5454.838587529898
2024-06-24 16:30:00+00:00,5472.407552523142
2024-06-24 17:30:00+00:00,5498.173475604887
2024-06-24 18:30:00+00:00,5520.939033443518
2024-06-24 19:30:00+00:00,5510.597232999383
2024-06-24 20:00:00+00:00,5514.79116770619
2024-06-24 21:00:00+00:00,5499.361565543685
2024-06-25 13:30:00+00:00,5493.327585634096
2024-06-25 14:30:00+00:00,5467.956445350205
2024-06-25 15:30:00+00:00,5479.083411424346
2024-06-25 16:30:00+00:00,5468.785037490744
2024-06-25 17:30:00+00:00,5466.8223779121645
2024-06-25 18:30:00+00:00,5493.636108625816
2024-06-25 19:30:00+00:00,5506.497553801112
2024-06-25 20:00:00+00:00,5517.596685165125
2024-06-25 21:00:00+00:00,5524.84468623316
2024-06-26 13:30:00+00:00,5497.519261678069
2024-06-26 14:30:00+00:00,5535.610017786555
2024-06-26 15:30:00+00:00,5553.9559593656095
2024-06-26 16:30:00+00:00,5598.498955876928
2024-06-26 17:30:00+00:00,5570.928240780519
2024-06-26 18:30:00+00:00,5592.262117401641
2024-06-26 19:30:00+00:00,5581.517005163049
2024-06-26 20:00:00+00:00,5553.8896914293455
2024-06-26 21:00:00+00:00,5554.23873971699
2024-06-27 13:30:00+00:00,5591.678927922603
2024-06-27 14:30:00+00:00,5607.363807399434
2024-06-27 15:30:00+00:00,5606.767479744486
2024-06-27 16:30:00+00:00,5620.771038188564
2024-06-27 17:30:00+00:00,5640.639827520777
2024-06-27 18:30:00+00:00,5640.035826706716
2024-06-27 19:30:00+00:00,5668.00841852426
2024-06-27 20:00:00+00:00,5652.8112821494005
2024-06-27 21:00:00+00:00,5659.69040746326
2024-06-28 13:30:00+00:00,5667.3280572511
2024-06-28 14:30:00+00:00,5645.588373728717
2024-06-28 15:30:00+00:00,5625.4843275216535
2024-06-28 16:30:00+00:00,5618.895798876918
2024-06-28 17:30:00+00:00,5580.421816472416
2024-06-28 18:30:00+00:00,5557.530345115115
2024-06-28 19:30:00+00:00,5562.883036549179
2024-06-28 20:00:00+00:00,5572.423965468907
2024-06-28 21:00:00+00:00,5571.637561274275
2024-07-01 13:30:00+00:00,5583.194929494097
2024-07-01 14:30:00+00:00,5588.021001260888
2024-07-01 15:30:00+00:00,5607.251364033743
2024-07-01 16:30:00+00:00,5647.10846435961
2024-07-01 17:30:00+00:00,5640.294301584143
2024-07-01 18:30:00+00:00,5650.308932007659
2024-07-01 19:30:00+00:00,5687.820107665149
2024-07-01 20:00:00+00:00,5659.951584732322
2024-07-01 21:00:00+00:00,5651.882860918557
2024-07-02 13:30:00+00:00,5616.8118419845005
2024-07-02 14:30:00+00:00,5657.818346011521
2024-07-02 15:30:00+00:00,5669.401701132802
2024-07-02 16:30:00+00:00,5645.58428289965
2024-07-02 17:30:00+00:00,5652.0417311568335
2024-07-02 18:30:00+00:00,5679.706952106775
2024-07-02 19:30:00+00:00,5655.598066384541
2024-07-02 20:00:00+00:00,5652.027777613446
2024-07-02 21:00:00+00:00,5644.661784740577
2024-07-03 13:30:00+00:00,5655.598353933982
2024-07-03 14:30:00+00:00,5629.27754218981
2024-07-03 15:30:00+00:00,5612.678174209069
2024-07-03 17:00:00+00:00,5588.4481513219525
2024-07-03 18:00:00+00:00,5579.542615863215
2024-07-05 13:30:00+00:00,5531.056145816871
2024-07-05 14:30:00+00:00,5540.595096201531
2024-07-05 15:30:00+00:00,5509.91357506513
2024-07-05 16:30:00+00:00,5509.381441184097
2024-07-05 17:30:00+00:00,5481.920953476372
2024-07-05 18:30:00+00:00,5452.77948096139
2024-07-05 19:30:00+00:00,5444.187234697188
2024-07-05 20:00:00+00:00,5452.094407594555
2024-07-05 21:00:00+00:00,5428.463838106255
2024-07-08 13:30:00+00:00,5432.154821185305
2024-07-08 14:30:00+00:00,5476.203178583823
2024-07-08 15:30:00+00:00,5484.083756616376
2024-07-08 16:30:00+00:00,5490.745941896519
2024-07-08 17:30:00+00:00,5499.6386731244365
2024-07-08 18:30:00+00:00,5511.609839532638
2024-07-08 19:30:00+00:00,5482.276923139302
2024-07-08 20:00:00+00:00,5477.394015603724
2024-07-08 21:00:00+00:00,5505.9256376044
2024-07-09 13:30:00+00:00,5471.320819514191
2024-07-09 14:30:00+00:00,5462.992622480594
2024-07-09 15:30:00+00:00,5438.432616226092
2024-07-09 16:30:00+00:00,5443.84584046203
2024-07-09 17:30:00+00:00,5432.174556074316
2024-07-09 18:30:00+00:00,5441.476581582073
2024-07-09 19:30:00+00:00,5428.593105169093
2024-07-09 20:00:00+00:00,5441.510091432292
2024-07-09 21:00:00+00:00,5428.205681106874
2024-07-10 13:30:00+00:00,5418.335560086482
2024-07-10 14:30:00+00:00,5378.552916479485
2024-07-10 15:30:00+00:00,5389.211262187578
2024-07-10 16:30:00+00:00,5388.342098201496
2024-07-10 17:30:00+00:00,5383.840115237472
2024-07-10 18:30:00+00:00,5361.046641870755
2024-07-10 19:30:00+00:00,5396.110037753383
2024-07-10 20:00:00+00:00,5387.8472755115545
2024-07-10 21:00:00+00:00,5379.701936410796
2024-07-11 13:30:00+00:00,5399.013356636636
2024-07-11 14:30:00+00:00,5421.140764498107
2024-07-11 15:30:00+00:00,5431.5999269699805
2024-07-11 16:30:00+00:00,5429.004139296671
2024-07-11 17:30:00+00:00,5447.199591638941
2024-07-11 18:30:00+00:00,5438.275441929161
2024-07-11 19:30:00+00:00,5443.5742300830825
2024-07-11 20:00:00+00:00,5449.228173169278
2024-07-11 21:00:00+00:00,5448.621926049529
2024-07-12 13:30:00+00:00,5461.426866464206
2024-07-12 14:30:00+00:00,5436.701201431919
2024-07-12 15:30:00+00:00,5447.051175954889
2024-07-12 16:30:00+00:00,5475.274540803479
2024-07-12 17:30:00+00:00,5485.877112175526
2024-07-12 18:30:00+00:00,5453.634609546099
2024-07-12 19:30:00+00:00,5465.448605294116
2024-07-12 20:00:00+00:00,5491.864756074889
2024-07-12 21:00:00+00:00,5517.832578030606
2024-07-15 14:30:00+00:00,5454.454259854703
2024-07-15 15:30:00+00:00,5459.509872829033
2024-07-15 16:30:00+00:00,5466.497168733507
2024-07-15 17:30:00+00:00,5474.289016319614
2024-07-15 18:30:00+00:00,5498.223059251669
2024-07-15 19:30:00+00:00,5491.993862831019
2024-07-15 20:00:00+00:00,5508.323340077906
2024-07-15 21:00:00+00:00,5498.151390204849
2024-07-16 13:30:00+00:00,5506.736441815743
2024-07-16 14:30:00+00:00,5517.325464663897
2024-07-16 15:30:00+00:00,5511.693655628497
2024-07-16 16:30:00+00:00,5517.945508147295
2024-07-16 17:30:00+00:00,5499.036363962134
2024-07-16 18:30:00+00:00,5506.777812581312
2024-07-16 19:30:00+00:00,5497.050390441243
2024-07-16 20:00:00+00:00,5491.798724242832
2024-07-16 21:00:00+00:00,5494.821403490644
2024-07-17 13:30:00+00:00,5513.281008206699
2024-07-17 14:30:00+00:00,5526.096661166101
2024-07-17 15:30:00+00:00,5526.0392580802245
2024-07-17 16:30:00+00:00,5545.459482210782
2024-07-17 17:30:00+00:00,5544.877691633161
2024-07-17 18:30:00+00:00,5522.596948448345
2024-07-17 19:30:00+00:00,5524.928748879806
2024-07-17 20:00:00+00:00,5541.967390522028
2024-07-17 21:00:00+00:00,5529.046551955367
2024-07-18 13:30:00+00:00,5541.273577727608
2024-07-18 14:30:00+00:00,5561.6318149598765
2024-07-18 15:30:00+00:00,5573.638506153115
2024-07-18 16:30:00+00:00,5578.021381146094
2024-07-18 17:30:00+00:00,5593.712681449161
2024-07-18 18:30:00+00:00,5616.884717576314
2024-07-18 19:30:00+00:00,5570.371821809357
2024-07-18 20:00:00+00:00,5548.741238473507
2024-07-18 21:00:00+00:00,5546.732017868872
2024-07-19 13:30:00+00:00,5575.60456333301
2024-07-19 14:30:00+00:00,5540.6606993826235
2024-07-19 15:30:00+00:00,5535.795540903578
2024-07-19 16:30:00+00:00,5557.2947446191965
2024-07-19 17:30:00+00:00,5588.631334331136
2024-07-19 18:30:00+00:00,5620.14093831435
2024-07-19 19:30:00+00:00,5609.803880450659
2024-07-19 20:00:00+00:00,5562.105419998929
2024-07-19 21:00:00+00:00,5583.578586927227
2024-07-22 13:30:00+00:00,5594.748415404916
2024-07-22 14:30:00+00:00,5597.49840545851
2024-07-22 15:30:00+00:00,5603.731883202125
2024-07-22 16:30:00+00:00,5618.0527944591295
2024-07-22 17:30:00+00:00,5645.825771527718
2024-07-22 18:30:00+00:00,5626.200224052035
2024-07-22 19:30:00+00:00,5632.748228253834
2024-07-22 20:00:00+00:00,5619.038823931631
2024-07-22 21:00:00+00:00,5599.899347163952
2024-07-23 13:30:00+00:00,5598.084828680821
2024-07-23 14:30:00+00:00,5610.447340070087
2024-07-23 15:30:00+00:00,5664.2056863643775
2024-07-23 16:30:00+00:00,5669.656770340284
2024-07-23 17:30:00+00:00,5659.5723665304395
2024-07-23 18:30:00+00:00,5675.9331638011
2024-07-23 19:30:00+00:00,5676.818339374858
2024-07-23 20:00:00+00:00,5648.022676880673
2024-07-23 21:00:00+00:00,5650.211149910232
2024-07-24 13:30:00+00:00,5651.299499459148
2024-07-24 14:30:00+00:00,5650.294145546706
2024-07-24 15:30:00+00:00,5630.275939445692
2024-07-24 16:30:00+00:00,5623.979175903276
2024-07-24 17:30:00+00:00,5596.814044931152
2024-07-24 18:30:00+00:00,5588.095749305628
2024-07-24 19:30:00+00:00,5555.094956630332
2024-07-24 20:00:00+00:00,5561.114110028496
2024-07-24 21:00:00+00:00,5546.581124875031
2024-07-25 13:30:00+00:00,5517.052234305148
2024-07-25 14:30:00+00:00,5500.780016335464
2024-07-25 15:30:00+00:00,5519.21424532601
2024-07-25 16:30:00+00:00,5491.765992841498
2024-07-25 17:30:00+00:00,5493.573051698564
2024-07-25 18:30:00+00:00,5495.919655086524
2024-07-25 19:30:00+00:00,5491.13457519388
2024-07-25 20:00:00+00:00,5487.943079498144
2024-07-25 21:00:00+00:00,5475.401920285812
2024-07-26 13:30:00+00:00,5484.257746160406
2024-07-26 14:30:00+00:00,5478.338472787838
2024-07-26 15:30:00+00:00,5463.964454867323
2024-07-26 16:30:00+00:00,5441.566733089798
2024-07-26 17:30:00+00:00,5441.519942054884
2024-07-26 18:30:00+00:00,5447.118784693556
2024-07-26 19:30:00+00:00,5458.521697704215
2024-07-26 20:00:00+00:00,5442.067967323406
2024-07-26 21:00:00+00:00,5454.894606660104
2024-07-29 13:30:00+00:00,5505.715457479243
2024-07-29 14:30:00+00:00,5506.73154517016
2024-07-29 15:30:00+00:00,5499.076740205464
2024-07-29 16:30:00+00:00,5494.732601621183
2024-07-29 17:30:00+00:00,5510.612022849221
2024-07-29 18:30:00+00:00,5530.870212308713
2024-07-29 19:30:00+00:00,5529.665382953751
2024-07-29 20:00:00+00:00,5509.963324661024
2024-07-29 21:00:00+00:00,5494.157427466557
2024-07-30 13:30:00+00:00,5468.013469360302
2024-07-30 14:30:00+00:00,5438.577997143618
2024-07-30 15:30:00+00:00,5428.394358367629
2024-07-30 16:30:00+00:00,5402.3585999915185
2024-07-30 17:30:00+00:00,5390.691282785248
2024-07-30 18:30:00+00:00,5432.986616805068
2024-07-30 19:30:00+00:00,5463.749330641748
2024-07-30 20:00:00+00:00,5470.287100752007
2024-07-30 21:00:00+00:00,5465.220377243653
2024-07-31 13:30:00+00:00,5425.886737996569
2024-07-31 14:30:00+00:00,5449.724202938756
2024-07-31 15:30:00+00:00,5437.968234774574
2024-07-31 16:30:00+00:00,5439.567788569252
2024-07-31 17:30:00+00:00,5417.472810981619
2024-07-31 18:30:00+00:00,5414.389943987892
2024-07-31 19:30:00+00:00,5400.683046961901
2024-07-31 20:00:00+00:00,5418.250321313863
2024-08-01 13:30:00+00:00,5392.070730350887
2024-08-01 14:30:00+00:00,5391.782569285292
2024-08-01 15:30:00+00:00,5418.508051975701
2024-08-01 16:30:00+00:00,5440.351919642683
2024-08-01 17:30:00+00:00,5438.688480844609
2024-08-01 18:30:00+00:00,5425.447257477897
2024-08-01 19:30:00+00:00,5432.8465675656025
2024-08-01 20:00:00+00:00,5417.080020546848
2024-08-02 13:30:00+00:00,5403.604026973675
2024-08-02 14:30:00+00:00,5408.3816024062735
2024-08-02 15:30:00+00:00,5424.6372227851425
2024-08-02 16:30:00+00:00,5403.353524262524
2024-08-02 17:30:00+00:00,5384.687229836878
2024-08-02 18:30:00+00:00,5383.135168542409
2024-08-02 19:30:00+00:00,5381.875834575726
2024-08-02 20:00:00+00:00,5378.6470159871815
2024-08-02 21:00:00+00:00,5365.571602293768
2024-08-05 13:30:00+00:00,5348.136433589572
2024-08-05 14:30:00+00:00,5324.743264898402
2024-08-05 15:30:00+00:00,5317.325496117672
2024-08-05 16:30:00+00:00,5303.632353561252
2024-08-05 17:30:00+00:00,5318.82445027803
2024-08-05 18:30:00+00:00,5312.296038792014
2024-08-05 19:30:00+00:00,5338.052865969881
2024-08-05 20:00:00+00:00,5355.433935209277
2024-08-06 13:30:00+00:00,5354.72199914675
2024-08-06 14:30:00+00:00,5375.776222445444
2024-08-06 15:30:00+00:00,5365.492465656015
2024-08-06 16:30:00+00:00,5374.3602455176215
2024-08-06 17:30:00+00:00,5348.08293261005
2024-08-06 18:30:00+00:00,5315.69680006151
2024-08-06 19:30:00+00:00,5323.801351382267
2024-08-06 20:00:00+00:00,5322.601805613295
2024-08-06 21:00:00+00:00,5304.0288317913955
2024-08-07 13:30:00+00:00,5270.66684606998
2024-08-07 14:30:00+00:00,5280.4292837866005
2024-08-07 15:30:00+00:00,5278.431721452387
2024-08-07 16:30:00+00:00,5307.939999513662
2024-08-07 17:30:00+00:00,5297.266834093905
2024-08-07 18:30:00+00:00,5294.441794832939
2024-08-07 19:30:00+00:00,5274.20316713959
2024-08-07 20:00:00+00:00,5293.928218350881
2024-08-08 13:30:00+00:00,5279.101355051501
2024-08-08 14:30:00+00:00,5289.969297807541
2024-08-08 15:30:00+00:00,5334.216248930746
2024-08-08 16:30:00+00:00,5325.868733968869
2024-08-08 17:30:00+00:00,5325.956835413718
2024-08-08 18:30:00+00:00,5337.200814436081
2024-08-08 19:30:00+00:00,5316.280950368335
2024-08-08 20:00:00+00:00,5312.995574164814
2024-08-09 13:30:00+00:00,5328.021968131341
2024-08-09 14:30:00+00:00,5337.434360433186
2024-08-09 15:30:00+00:00,5343.674340802204
2024-08-09 16:30:00+00:00,5366.4525354077105
2024-08-09 17:30:00+00:00,5374.327370569585
2024-08-09 18:30:00+00:00,5377.045713437418
2024-08-09 19:30:00+00:00,5359.56134000147
2024-08-09 20:00:00+00:00,5360.075920186243
2024-08-12 13:30:00+00:00,5323.5205666174
2024-08-12 14:30:00+00:00,5346.039652447552
2024-08-12 15:30:00+00:00,5349.071311276068
2024-08-12 16:30:00+00:00,5309.165444484637
2024-08-12 17:30:00+00:00,5327.862996059605
2024-08-12 18:30:00+00:00,5315.223407095559
2024-08-12 19:30:00+00:00,5336.427959357763
2024-08-12 20:00:00+00:00,5334.658606046336
2024-08-13 13:30:00+00:00,5322.163157964171
2024-08-13 14:30:00+00:00,5309.675948538257
2024-08-13 15:30:00+00:00,5308.811510836828
2024-08-13 16:30:00+00:00,5311.961669433047
2024-08-13 17:30:00+00:00,5301.7588108396285
2024-08-13 18:30:00+00:00,5294.953564453054
2024-08-13 19:30:00+00:00,5323.468063230548
2024-08-13 20:00:00+00:00,5325.6282179022255
2024-08-14 13:30:00+00:00,5326.635852074011
2024-08-14 14:30:00+00:00,5338.886916040901
2024-08-14 15:30:00+00:00,5363.567109091652
2024-08-14 16:30:00+00:00,5341.9709005452
2024-08-14 17:30:00+00:00,5315.768377380928
2024-08-14 18:30:00+00:00,5319.5702080217725
2024-08-14 19:30:00+00:00,5286.42508993632
2024-08-14 20:00:00+00:00,5258.411349855622
2024-08-15 13:30:00+00:00,5238.480392584259
2024-08-15 14:30:00+00:00,5247.810594437134
2024-08-15 15:30:00+00:00,5263.91313932531
2024-08-15 16:30:00+00:00,5268.898234023344
2024-08-15 17:30:00+00:00,5269.840686611564
2024-08-15 18:30:00+00:00,5306.527741512421
2024-08-15 19:30:00+00:00,5340.036596921037
2024-08-15 20:00:00+00:00,5332.211223735083
2024-08-16 13:30:00+00:00,5340.305109994794
2024-08-16 14:30:00+00:00,5349.411924211719
2024-08-16 15:30:00+00:00,5330.125306916453
2024-08-16 16:30:00+00:00,5306.3374489384
2024-08-16 17:30:00+00:00,5316.069580523261
2024-08-16 18:30:00+00:00,5303.548697784232
2024-08-16 19:30:00+00:00,5297.5907297872845
2024-08-16 20:00:00+00:00,5330.7778200469875
2024-08-19 13:30:00+00:00,5336.758324130051
2024-08-19 14:30:00+00:00,5347.689329094663
2024-08-19 15:30:00+00:00,5347.632515310822
2024-08-19 16:30:00+00:00,5360.512491791974
2024-08-19 17:30:00+00:00,5395.256039795624
2024-08-19 18:30:00+00:00,5396.127655836509
2024-08-19 19:30:00+00:00,5370.302230313667
2024-08-19 20:00:00+00:00,5361.279392155512
2024-08-19 21:00:00+00:00,5382.796921997073
2024-08-20 13:30:00+00:00,5365.957393807171
2024-08-20 14:30:00+00:00,5386.91561812367
2024-08-20 15:30:00+00:00,5380.030829224088
2024-08-20 16:30:00+00:00,5375.564815173959
2024-08-20 17:30:00+00:00,5388.124614468312
2024-08-20 18:30:00+00:00,5382.5481277734425
2024-08-20 19:30:00+00:00,5353.445857996165
2024-08-20 20:00:00+00:00,5399.677187184975
2024-08-21 13:30:00+00:00,5383.5428142520805
2024-08-21 14:30:00+00:00,5356.913524588255
2024-08-21 15:30:00+00:00,5355.727782155914
2024-08-21 16:30:00+00:00,5374.265462955357
2024-08-21 17:30:00+00:00,5368.059894612406
2024-08-21 18:30:00+00:00,5377.811189795004
2024-08-21 19:30:00+00:00,5372.553283093113
2024-08-21 20:00:00+00:00,5366.313207686317
2024-08-22 13:30:00+00:00,5386.92872363048
2024-08-22 14:30:00+00:00,5381.621689622491
2024-08-22 15:30:00+00:00,5359.861402603366
2024-08-22 16:30:00+00:00,5382.322547581776
2024-08-22 17:30:00+00:00,5404.493057813883
2024-08-22 18:30:00+00:00,5406.820896971394
2024-08-22 19:30:00+00:00,5403.307683032676
2024-08-22 20:00:00+00:00,5376.723554782194
2024-08-23 13:30:00+00:00,5384.264654285477
2024-08-23 14:30:00+00:00,5381.564502861125
2024-08-23 15:30:00+00:00,5385.09356795133
2024-08-23 16:30:00+00:00,5367.546879602817
2024-08-23 17:30:00+00:00,5376.53148288694
2024-08-23 18:30:00+00:00,5377.676954368601
2024-08-23 19:30:00+00:00,5375.223760962533
2024-08-23 20:00:00+00:00,5371.80890161348
2024-08-26 13:30:00+00:00,5365.240352527279
2024-08-26 14:30:00+00:00,5369.488974596338
2024-08-26 15:30:00+00:00,5364.363653399307
2024-08-26 16:30:00+00:00,5377.627431815052
2024-08-26 17:30:00+00:00,5351.880164170525
2024-08-26 18:30:00+00:00,5351.287981997124
2024-08-26 19:30:00+00:00,5365.806963251348
2024-08-26 20:00:00+00:00,5387.385212353173
2024-08-27 13:30:00+00:00,5394.052979146202
2024-08-27 14:30:00+00:00,5386.581251651073
2024-08-27 15:30:00+00:00,5344.450831720555
2024-08-27 16:30:00+00:00,5351.075721830323
2024-08-27 17:30:00+00:00,5349.591833146979
2024-08-27 18:30:00+00:00,5356.494139236659
2024-08-27 19:30:00+00:00,5374.1289503307535
2024-08-27 20:00:00+00:00,5416.061326514186
2024-08-28 13:30:00+00:00,5404.570057178625
2024-08-28 14:30:00+00:00,5396.2986314259115
2024-08-28 15:30:00+00:00,5391.089952467307
2024-08-28 16:30:00+00:00,5414.519443704047
2024-08-28 17:30:00+00:00,5404.844801432059
2024-08-28 18:30:00+00:00,5418.682657547383
2024-08-28 19:30:00+00:00,5386.115623056075
2024-08-28 20:00:00+00:00,5368.937887674618
2024-08-29 13:30:00+00:00,5388.455735679532
2024-08-29 14:30:00+00:00,5401.142531308788
2024-08-29 15:30:00+00:00,5390.79460430889
2024-08-29 16:30:00+00:00,5351.320291216624
2024-08-29 17:30:00+00:00,5334.192216636326
2024-08-29 18:30:00+00:00,5337.791151429314
2024-08-29 19:30:00+00:00,5342.923767479897
2024-08-29 20:00:00+00:00,5318.416072689377
2024-08-30 13:30:00+00:00,5314.214993507439
2024-08-30 14:30:00+00:00,5325.446910243558
2024-08-30 15:30:00+00:00,5354.24213090143
2024-08-30 16:30:00+00:00,5360.852000340303
2024-08-30 17:30:00+00:00,5373.638193747349
2024-08-30 18:30:00+00:00,5365.433636288624
2024-08-30 19:30:00+00:00,5345.512336793534
2024-08-30 20:00:00+00:00,5327.314401078708
2024-09-03 13:30:00+00:00,5300.480025741473
2024-09-03 14:30:00+00:00,5314.446987814088
2024-09-03 15:30:00+00:00,5329.204015990848
2024-09-03 16:30:00+00:00,5325.877649099438
2024-09-03 17:30:00+00:00,5318.147489911562
2024-09-03 18:30:00+00:00,5315.94525522548
2024-09-03 19:30:00+00:00,5319.326204912789
2024-09-03 20:00:00+00:00,5345.994497670555
2024-09-04 13:30:00+00:00,5304.948578768668
2024-09-04 14:30:00+00:00,5326.5992722555575
2024-09-04 15:30:00+00:00,5324.326747568028
2024-09-04 16:30:00+00:00,5327.992641984106
2024-09-04 17:30:00+00:00,5301.399157928522
2024-09-04 18:30:00+00:00,5294.406018159067
2024-09-04 19:30:00+00:00,5288.994797970976
2024-09-04 20:00:00+00:00,5308.509750453863
2024-09-05 13:30:00+00:00,5293.645728319665
2024-09-05 14:30:00+00:00,5281.6998730558425
2024-09-05 15:30:00+00:00,5304.95858185139
2024-09-05 16:30:00+00:00,5286.015651123387
2024-09-05 17:30:00+00:00,5244.218113423684
2024-09-05 18:30:00+00:00,5271.707605118808
2024-09-05 19:30:00+00:00,5286.061764421284
2024-09-05 20:00:00+00:00,5282.790944972437
2024-09-06 13:30:00+00:00,5280.21758773612
2024-09-06 14:30:00+00:00,5312.148088811692
2024-09-06 15:30:00+00:00,5295.3625932280465
2024-09-06 16:30:00+00:00,5319.764820085169
2024-09-06 17:30:00+00:00,5345.89521579197
2024-09-06 18:30:00+00:00,5365.519876888272
2024-09-06 19:30:00+00:00,5356.336326018252
2024-09-06 20:00:00+00:00,5327.736867532707
2024-09-09 13:30:00+00:00,5340.554161160935
2024-09-09 14:30:00+00:00,5335.2480256422
2024-09-09 15:30:00+00:00,5325.570369004112
2024-09-09 16:30:00+00:00,5347.318926015221
2024-09-09 17:30:00+00:00,5366.6862630902
2024-09-09 18:30:00+00:00,5380.991887552658
2024-09-09 19:30:00+00:00,5374.860602311368
2024-09-09 20:00:00+00:00,5365.281513174428
2024-09-10 13:30:00+00:00,5353.959386161464
2024-09-10 14:30:00+00:00,5351.308206264104
2024-09-10 15:30:00+00:00,5326.445173347028
2024-09-10 16:30:00+00:00,5318.154628021379
2024-09-10 17:30:00+00:00,5338.249200103959
2024-09-10 18:30:00+00:00,5339.072457024577
2024-09-10 19:30:00+00:00,5325.741439830133
2024-09-10 20:00:00+00:00,5316.774644052479
2024-09-11 13:30:00+00:00,5310.653650709229
2024-09-11 14:30:00+00:00,5311.873865026636
2024-09-11 15:30:00+00:00,5293.102283001472
2024-09-11 16:30:00+00:00,5298.756677903461
2024-09-11 17:30:00+00:00,5309.379761457256
2024-09-11 18:30:00+00:00,5315.4876032731845
2024-09-11 19:30:00+00:00,5293.038362944014
2024-09-11 20:00:00+00:00,5287.534096875081
2024-09-11 21:00:00+00:00,5291.0360780408055
2024-09-12 13:30:00+00:00,5307.9339343127385
2024-09-12 14:30:00+00:00,5295.583271535247
2024-09-12 15:30:00+00:00,5285.800800208261
2024-09-12 16:30:00+00:00,5286.171239254275
2024-09-12 17:30:00+00:00,5309.573494071489
2024-09-12 18:30:00+00:00,5317.308102151103
2024-09-12 19:30:00+00:00,5325.142920382568
2024-09-12 20:00:00+00:00,5320.014973876505
2024-09-13 13:30:00+00:00,5317.946016804206
2024-09-13 14:30:00+00:00,5330.928134513294
2024-09-13 15:30:00+00:00,5315.622375962378
2024-09-13 16:30:00+00:00,5315.825331758509
2024-09-13 17:30:00+00:00,5327.94105993948
2024-09-13 18:30:00+00:00,5336.9382226497055
2024-09-13 19:30:00+00:00,5337.219504765604
2024-09-13 20:00:00+00:00,5365.340426793476
2024-09-16 13:30:00+00:00,5397.275774842391
2024-09-16 14:30:00+00:00,5415.433372597597
2024-09-16 15:30:00+00:00,5408.749643046148
2024-09-16 16:30:00+00:00,5401.246358054268
2024-09-16 17:30:00+00:00,5374.624822568057
2024-09-16 18:30:00+00:00,5392.950648104799
2024-09-16 19:30:00+00:00,5401.733488279043
2024-09-16 20:00:00+00:00,5397.366952839937
2024-09-17 13:30:00+00:00,5403.271252518767
2024-09-17 14:30:00+00:00,5385.899055236535
2024-09-17 15:30:00+00:00,5377.732399823432
2024-09-17 16:30:00+00:00,5366.730621986366
2024-09-17 17:30:00+00:00,5393.377566456829
2024-09-17 18:30:00+00:00,5412.3732362175415
2024-09-17 19:30:00+00:00,5388.944681030325
2024-09-17 20:00:00+00:00,5435.548815966166
2024-09-18 13:30:00+00:00,5434.283922301524
2024-09-18 14:30:00+00:00,5407.219596998618
2024-09-18 15:30:00+00:00,5390.077833732991
2024-09-18 16:30:00+00:00,5368.427442286297
2024-09-18 17:30:00+00:00,5383.253183266547
2024-09-18 18:30:00+00:00,5374.161318374011
2024-09-18 19:30:00+00:00,5378.537522111208
2024-09-18 20:00:00+00:00,5373.678551286975
2024-09-19 13:30:00+00:00,5352.613581807749
2024-09-19 14:30:00+00:00,5382.423804654988
2024-09-19 15:30:00+00:00,5382.10173294692
2024-09-19 16:30:00+00:00,5394.872606172792
2024-09-19 17:30:00+00:00,5375.812208377335
2024-09-19 18:30:00+00:00,5379.731154244216
2024-09-19 19:30:00+00:00,5338.107653768164
2024-09-19 20:00:00+00:00,5330.131965781622
2024-09-19 21:00:00+00:00,5338.336277449563
2024-09-20 13:30:00+00:00,5318.919881503239
2024-09-20 14:30:00+00:00,5320.393924843863
2024-09-20 15:30:00+00:00,5315.188461023041
2024-09-20 16:30:00+00:00,5303.936197491596
2024-09-20 17:30:00+00:00,5304.445427517741
2024-09-20 18:30:00+00:00,5285.574430211109
2024-09-20 19:30:00+00:00,5287.67226781452
2024-09-20 20:00:00+00:00,5308.267751360479
2024-09-20 21:00:00+00:00,5305.116254261328
2024-09-23 13:30:00+00:00,5293.775824394795
2024-09-23 14:30:00+00:00,5304.273899762499
2024-09-23 15:30:00+00:00,5276.664220757714
2024-09-23 16:30:00+00:00,5274.2423726294655
2024-09-23 17:30:00+00:00,5274.195667705039
2024-09-23 18:30:00+00:00,5263.017340624328
2024-09-23 19:30:00+00:00,5212.314761010793
2024-09-23 20:00:00+00:00,5213.16134243383
2024-09-24 13:30:00+00:00,5184.746947284051
2024-09-24 14:30:00+00:00,5164.184512904135
2024-09-24 15:30:00+00:00,5135.402830513232
2024-09-24 16:30:00+00:00,5132.748511149004
2024-09-24 17:30:00+00:00,5126.184070695481
2024-09-24 18:30:00+00:00,5116.093521638061
2024-09-24 19:30:00+00:00,5106.488047918214
2024-09-24 20:00:00+00:00,5120.372914137946
2024-09-25 13:30:00+00:00,5144.789283178075
2024-09-25 14:30:00+00:00,5161.469505980767
2024-09-25 15:30:00+00:00,5196.029794953646
2024-09-25 16:30:00+00:00,5205.81451408651
2024-09-25 17:30:00+00:00,5215.393761230299
2024-09-25 18:30:00+00:00,5241.361102207419
2024-09-25 19:30:00+00:00,5237.564095273282
2024-09-25 20:00:00+00:00,5245.111369562133
2024-09-25 21:00:00+00:00,5243.773945820885
2024-09-26 13:30:00+00:00,5238.240585307971
2024-09-26 14:30:00+00:00,5224.600264647552
2024-09-26 15:30:00+00:00,5220.266844422365
2024-09-26 16:30:00+00:00,5226.874931549692
2024-09-26 17:30:00+00:00,5219.015404560005
2024-09-26 18:30:00+00:00,5206.669554306581
2024-09-26 19:30:00+00:00,5188.579791223185
2024-09-26 20:00:00+00:00,5162.319858558284
2024-09-26 21:00:00+00:00,5167.607244727365
2024-09-27 13:30:00+00:00,5122.308287244828
2024-09-27 14:30:00+00:00,5116.430914955497
2024-09-27 15:30:00+00:00,5097.784885529177
2024-09-27 16:30:00+00:00,5079.600644377489
2024-09-27 17:30:00+00:00,5081.134230130281
2024-09-27 18:30:00+00:00,5071.697502238616
2024-09-27 19:30:00+00:00,5078.467373039351
2024-09-27 20:00:00+00:00,5077.956951625808
2024-09-30 13:30:00+00:00,5073.171229788019
2024-09-30 14:30:00+00:00,5098.857274623066
2024-09-30 15:30:00+00:00,5097.846847064783
2024-09-30 16:30:00+00:00,5087.194590053105
2024-09-30 17:30:00+00:00,5064.226728505077
2024-09-30 18:30:00+00:00,5066.82547769754
2024-09-30 19:30:00+00:00,5056.149308154548
2024-09-30 20:00:00+00:00,5060.319614864081
2024-10-01 13:30:00+00:00,5020.286769405561
2024-10-01 14:30:00+00:00,5009.062660331144
2024-10-01 15:30:00+00:00,4966.649452502894
2024-10-01 16:30:00+00:00,4949.161290490814
2024-10-01 17:30:00+00:00,4953.901095151123
2024-10-01 18:30:00+00:00,4958.112697493928
2024-10-01 19:30:00+00:00,4958.325687107105
2024-10-01 20:00:00+00:00,4950.847897990906
2024-10-02 13:30:00+00:00,4943.27618918015
2024-10-02 14:30:00+00:00,4942.454836936787
2024-10-02 15:30:00+00:00,4943.191311961772
2024-10-02 16:30:00+00:00,4950.817645803076
2024-10-02 17:30:00+00:00,4947.603233188819
2024-10-02 18:30:00+00:00,4942.369457127675
2024-10-02 19:30:00+00:00,4951.545646576341
2024-10-02 20:00:00+00:00,4955.953948017839
2024-10-03 13:30:00+00:00,4944.0218359902965
2024-10-03 14:30:00+00:00,4920.361934295054
2024-10-03 15:30:00+00:00,4916.643659443099
2024-10-03 16:30:00+00:00,4930.330388845018
2024-10-03 17:30:00+00:00,4902.1916388042555
2024-10-03 18:30:00+00:00,4918.312255479628
2024-10-03 19:30:00+00:00,4891.039915754626
2024-10-03 20:00:00+00:00,4903.979122451864
2024-10-04 13:30:00+00:00,4920.266780086277
2024-10-04 14:30:00+00:00,4938.615725458696
2024-10-04 15:30:00+00:00,4933.623484331631
2024-10-04 16:30:00+00:00,4929.781156287678
2024-10-04 17:30:00+00:00,4927.345228356555
2024-10-04 18:30:00+00:00,4931.527350663905
2024-10-04 19:30:00+00:00,4931.254733003108
2024-10-04 20:00:00+00:00,4941.1436884304985
2024-10-07 13:30:00+00:00,4949.666530674341
2024-10-07 14:30:00+00:00,4948.072147504074
2024-10-07 15:30:00+00:00,4954.715725000612
2024-10-07 16:30:00+00:00,4953.918485661101
2024-10-07 17:30:00+00:00,4935.614991880236
2024-10-07 18:30:00+00:00,4932.57358465865
2024-10-07 19:30:00+00:00,4897.968604197823
2024-10-07 20:00:00+00:00,4920.438284529923
2024-10-08 13:30:00+00:00,4920.625448477212
2024-10-08 14:30:00+00:00,4935.376219489854
2024-10-08 15:30:00+00:00,4925.203219110939
2024-10-08 16:30:00+00:00,4932.061976740705
2024-10-08 17:30:00+00:00,4922.587488818801
2024-10-08 18:30:00+00:00,4910.412065031251
2024-10-08 19:30:00+00:00,4906.378887700636
2024-10-08 20:00:00+00:00,4905.6699927437685
2024-10-08 21:00:00+00:00,4897.8129499892475
2024-10-09 13:30:00+00:00,4860.854029613885
2024-10-09 14:30:00+00:00,4849.402381596247
2024-10-09 15:30:00+00:00,4849.783849142191
2024-10-09 16:30:00+00:00,4844.634304580476
2024-10-09 17:30:00+00:00,4872.620365501572
2024-10-09 18:30:00+00:00,4870.337510378775
2024-10-09 19:30:00+00:00,4866.432738488746
2024-10-09 20:00:00+00:00,4852.352793628098
2024-10-10 13:30:00+00:00,4847.1346732520715
2024-10-10 14:30:00+00:00,4834.196541049129
2024-10-10 15:30:00+00:00,4840.393651317819
2024-10-10 16:30:00+00:00,4839.996764348909
2024-10-10 17:30:00+00:00,4845.115399919202
2024-10-10 18:30:00+00:00,4846.199821368271
2024-10-10 19:30:00+00:00,4842.202323260692
2024-10-10 20:00:00+00:00,4853.539386432775
2024-10-11 13:30:00+00:00,4845.671177254892
2024-10-11 14:30:00+00:00,4818.406852242971
2024-10-11 15:30:00+00:00,4834.765403523852
2024-10-11 16:30:00+00:00,4827.326756637689
2024-10-11 17:30:00+00:00,4813.395792457876
2024-10-11 18:30:00+00:00,4831.631264014738
2024-10-11 19:30:00+00:00,4860.79923141814
2024-10-11 20:00:00+00:00,4880.460604415421
2024-10-14 13:30:00+00:00,4893.047946788557
2024-10-14 14:30:00+00:00,4894.047577560819
2024-10-14 15:30:00+00:00,4876.686370588496
2024-10-14 16:30:00+00:00,4861.794888151087
2024-10-14 17:30:00+00:00,4847.117875204011
2024-10-14 18:30:00+00:00,4844.91330230726
2024-10-14 19:30:00+00:00,4875.431046960429
2024-10-14 20:00:00+00:00,4912.353517283236
2024-10-15 13:30:00+00:00,4927.8393060690405
2024-10-15 14:30:00+00:00,4892.366159945984
2024-10-15 15:30:00+00:00,4882.601488247727
2024-10-15 16:30:00+00:00,4890.105576929092
2024-10-15 17:30:00+00:00,4901.630772251454
2024-10-15 18:30:00+00:00,4896.494126278848
2024-10-15 19:30:00+00:00,4903.747823710473
2024-10-15 20:00:00+00:00,4900.2479254948175
2024-10-16 13:30:00+00:00,4899.345399833062
2024-10-16 14:30:00+00:00,4902.642255644491
2024-10-16 15:30:00+00:00,4906.180438924744
2024-10-16 16:30:00+00:00,4903.5210402208
2024-10-16 17:30:00+00:00,4915.658029920902
2024-10-16 18:30:00+00:00,4938.009420166397
2024-10-16 19:30:00+00:00,4959.334517070359
2024-10-16 20:00:00+00:00,4961.7406838020715
2024-10-17 13:30:00+00:00,4965.177737309747
2024-10-17 14:30:00+00:00,4956.781429701677
2024-10-17 15:30:00+00:00,4938.931394220379
2024-10-17 16:30:00+00:00,4946.683781826229
2024-10-17 17:30:00+00:00,4969.1354887339785
2024-10-17 18:30:00+00:00,4993.122625591071
2024-10-17 19:30:00+00:00,4984.588860713618
2024-10-17 20:00:00+00:00,4977.176099854969
2024-10-17 21:00:00+00:00,4984.430158193717
2024-10-18 13:30:00+00:00,4963.245711602843
2024-10-18 14:30:00+00:00,4956.2395964853995
2024-10-18 15:30:00+00:00,4935.6435907705245
2024-10-18 16:30:00+00:00,4919.638185375438
2024-10-18 17:30:00+00:00,4932.445914915512
2024-10-18 18:30:00+00:00,4903.562872204488
2024-10-18 19:30:00+00:00,4885.3222729081335
2024-10-18 20:00:00+00:00,4885.773863415157
2024-10-21 13:30:00+00:00,4865.284380847656
2024-10-21 14:30:00+00:00,4854.732757730813
2024-10-21 15:30:00+00:00,4864.8093220931
2024-10-21 16:30:00+00:00,4850.550197080384
2024-10-21 17:30:00+00:00,4854.782268235121
2024-10-21 18:30:00+00:00,4833.931324334592
2024-10-21 19:30:00+00:00,4819.552061768921
2024-10-21 20:00:00+00:00,4807.896563435254
2024-10-22 13:30:00+00:00,4815.204650477296
2024-10-22 14:30:00+00:00,4821.839158062088
2024-10-22 15:30:00+00:00,4831.073677847136
2024-10-22 16:30:00+00:00,4822.768104803663
2024-10-22 17:30:00+00:00,4846.915844381643
2024-10-22 18:30:00+00:00,4858.529906781806
2024-10-22 19:30:00+00:00,4859.601884655317
2024-10-22 20:00:00+00:00,4852.168000016832
2024-10-23 13:30:00+00:00,4822.461836566969
2024-10-23 14:30:00+00:00,4826.264993769058
2024-10-23 15:30:00+00:00,4824.708953751619
2024-10-23 16:30:00+00:00,4803.907895987262
2024-10-23 17:30:00+00:00,4787.789775602422
2024-10-23 18:30:00+00:00,4780.53633312652
2024-10-23 19:30:00+00:00,4775.117235953407
2024-10-23 20:00:00+00:00,4787.011410064008
2024-10-24 13:30:00+00:00,4785.769017303859
2024-10-24 14:30:00+00:00,4767.821878232913
2024-10-24 15:30:00+00:00,4781.284425367894
2024-10-24 16:30:00+00:00,4803.475917551526
2024-10-24 17:30:00+00:00,4798.399179316058
2024-10-24 18:30:00+00:00,4789.08725170245
2024-10-24 19:30:00+00:00,4788.997781889394
2024-10-24 20:00:00+00:00,4771.090641677769
2024-10-25 13:30:00+00:00,4787.89772881901
2024-10-25 14:30:00+00:00,4797.286961640716
2024-10-25 15:30:00+00:00,4791.623060666285
2024-10-25 16:30:00+00:00,4767.929376280791
2024-10-25 17:30:00+00:00,4775.728706450534
2024-10-25 18:30:00+00:00,4762.048686199852
2024-10-25 19:30:00+00:00,4764.889685449507
2024-10-25 20:00:00+00:00,4770.798278879452
2024-10-28 13:30:00+00:00,4790.834832754415
2024-10-28 14:30:00+00:00,4840.3893808961775
2024-10-28 15:30:00+00:00,4807.241528211925
2024-10-28 16:30:00+00:00,4818.817247854385
2024-10-28 17:30:00+00:00,4848.322336435482
2024-10-28 18:30:00+00:00,4838.34575230223
2024-10-28 19:30:00+00:00,4869.165000857023
2024-10-28 20:00:00+00:00,4876.408332328403
2024-10-29 13:30:00+00:00,4883.808786176312
2024-10-29 14:30:00+00:00,4883.393470348494
2024-10-29 15:30:00+00:00,4880.334911347739
2024-10-29 16:30:00+00:00,4859.173937219999
2024-10-29 17:30:00+00:00,4852.3753028346455
2024-10-29 18:30:00+00:00,4850.770247647007
2024-10-29 19:30:00+00:00,4886.473839656781
2024-10-29 20:00:00+00:00,4881.540860609621
2024-10-30 13:30:00+00:00,4871.607240462521
2024-10-30 14:30:00+00:00,4883.818565940782
2024-10-30 15:30:00+00:00,4882.895593569589
2024-10-30 16:30:00+00:00,4905.380580609277
2024-10-30 17:30:00+00:00,4897.8579240597055
2024-10-30 18:30:00+00:00,4888.143801042958
2024-10-30 19:30:00+00:00,4892.852953088386
2024-10-30 20:00:00+00:00,4904.221578209123
2024-10-31 13:30:00+00:00,4892.804348571092
2024-10-31 14:30:00+00:00,4916.761215608823
2024-10-31 15:30:00+00:00,4925.660569373225
2024-10-31 16:30:00+00:00,4922.873753436183
2024-10-31 17:30:00+00:00,4940.669177439819
2024-10-31 18:30:00+00:00,4954.113649111686
2024-10-31 19:30:00+00:00,4940.38046533378
2024-10-31 20:00:00+00:00,4925.404115825675
2024-10-31 21:00:00+00:00,4937.216650744401
2024-11-01 13:30:00+00:00,4961.216952470885
2024-11-01 14:30:00+00:00,4986.171603403465
2024-11-01 15:30:00+00:00,5008.764459517652
2024-11-01 16:30:00+00:00,5019.76830813793
2024-11-01 17:30:00+00:00,5012.358963418777
2024-11-01 18:30:00+00:00,4996.765200492439
2024-11-01 19:30:00+00:00,5022.941870045552
2024-11-01 20:00:00+00:00,5023.222223414952
2024-11-04 14:30:00+00:00,4997.385709544311
2024-11-04 15:30:00+00:00,4990.4725218264475
2024-11-04 16:30:00+00:00,4972.631750881022
2024-11-04 17:30:00+00:00,4954.696751462229
2024-11-04 18:30:00+00:00,4976.84303854979
2024-11-04 19:30:00+00:00,4982.062824882706
2024-11-04 20:30:00+00:00,4991.54284500941
2024-11-04 21:00:00+00:00,5004.666984622802
2024-11-05 14:30:00+00:00,5000.094033929568
2024-11-05 15:30:00+00:00,4991.939046240738
2024-11-05 16:30:00+00:00,5027.19808209363
2024-11-05 17:30:00+00:00,5023.502005172597
2024-11-05 18:30:00+00:00,5029.268320609984
2024-11-05 19:30:00+00:00,5062.798612154619
2024-11-05 20:30:00+00:00,5050.651742401435
2024-11-05 21:00:00+00:00,5040.206349801887
2024-11-06 14:30:00+00:00,5032.942906687299
2024-11-06 15:30:00+00:00,5031.354790155482
2024-11-06 16:30:00+00:00,5041.81555340513
2024-11-06 17:30:00+00:00,5038.0721583367485
2024-11-06 18:30:00+00:00,5036.578099431961
2024-11-06 19:30:00+00:00,5041.174593005471
2024-11-06 20:30:00+00:00,5050.367979106191
2024-11-06 21:00:00+00:00,5060.944889298968
2024-11-06 22:00:00+00:00,5064.444298142827
2024-11-07 14:30:00+00:00,5060.884662440846
2024-11-07 15:30:00+00:00,5039.298252450592
2024-11-07 16:30:00+00:00,5059.776271098494
2024-11-07 17:30:00+00:00,5049.647038611367
2024-11-07 18:30:00+00:00,5061.584366220496
2024-11-07 19:30:00+00:00,5077.124846208746
2024-11-07 20:30:00+00:00,5056.365418808133
2024-11-07 21:00:00+00:00,5056.531398178492
2024-11-08 14:30:00+00:00,5045.202801533962
2024-11-08 15:30:00+00:00,5050.420257241199
2024-11-08 16:30:00+00:00,5062.8306416699315
2024-11-08 17:30:00+00:00,5048.122118168489
2024-11-08 18:30:00+00:00,5063.043557719669
2024-11-08 19:30:00+00:00,5076.67615263987
2024-11-08 20:30:00+00:00,5068.751476034252
2024-11-08 21:00:00+00:00,5048.89481722796
2024-11-11 14:30:00+00:00,5019.627849835476
2024-11-11 15:30:00+00:00,5022.774402445994
2024-11-11 16:30:00+00:00,5033.778323835129
2024-11-11 17:30:00+00:00,5057.274282205891
2024-11-11 18:30:00+00:00,5022.050988680569
2024-11-11 19:30:00+00:00,5036.702853400988
2024-11-11 20:30:00+00:00,5043.364483004212
2024-11-11 21:00:00+00:00,5026.0089398350165
2024-11-12 14:30:00+00:00,4990.980376944825
2024-11-12 15:30:00+00:00,5004.881255177467
2024-11-12 16:30:00+00:00,5009.191031243923
2024-11-12 17:30:00+00:00,4997.849611993457
2024-11-12 18:30:00+00:00,5009.751512178493
2024-11-12 19:30:00+00:00,5039.144363600937
2024-11-12 20:30:00+00:00,5024.725391791178
2024-11-12 21:00:00+00:00,5026.985621169208
2024-11-13 14:30:00+00:00,5008.570280266252
2024-11-13 15:30:00+00:00,5027.379980169139
2024-11-13 16:30:00+00:00,5023.444503333713
2024-11-13 17:30:00+00:00,5018.447194210586
2024-11-13 18:30:00+00:00,4998.23187737611
2024-11-13 19:30:00+00:00,4992.6299421697795
2024-11-13 20:30:00+00:00,5001.446557386755
2024-11-13 21:00:00+00:00,4991.085796061058
2024-11-13 22:00:00+00:00,5015.331363259414
2024-11-14 14:30:00+00:00,5009.098759849089
2024-11-14 15:30:00+00:00,5004.045853839625
2024-11-14 16:30:00+00:00,5018.037761587891
2024-11-14 17:30:00+00:00,5006.2947965576395
2024-11-14 18:30:00+00:00,4985.844606190013
2024-11-14 19:30:00+00:00,5007.623010618831
2024-11-14 20:30:00+00:00,4979.07045844173
2024-11-14 21:00:00+00:00,4981.314223521751
2024-11-15 14:30:00+00:00,4980.80861423691
2024-11-15 15:30:00+00:00,4987.600252500093
2024-11-15 16:30:00+00:00,4989.870343073024
2024-11-15 17:30:00+00:00,4974.892941502945
2024-11-15 18:30:00+00:00,4971.68403618199
2024-11-15 19:30:00+00:00,4974.556351382369
2024-11-15 20:30:00+00:00,4974.612931081159
2024-11-15 21:00:00+00:00,4959.083105969062
2024-11-18 14:30:00+00:00,4970.946521979089
2024-11-18 15:30:00+00:00,4988.077124014475
2024-11-18 16:30:00+00:00,5000.075439777042
2024-11-18 17:30:00+00:00,5025.855539548498
2024-11-18 18:30:00+00:00,5027.262808638305
2024-11-18 19:30:00+00:00,5017.900264593577
2024-11-18 20:30:00+00:00,5021.667581985811
2024-11-18 21:00:00+00:00,5029.538738892594
2024-11-19 14:30:00+00:00,5031.631189126688
2024-11-19 15:30:00+00:00,5037.056065682151
2024-11-19 16:30:00+00:00,5049.018101262746
2024-11-19 17:30:00+00:00,5029.596353419551
2024-11-19 18:30:00+00:00,5038.3229072769755
2024-11-19 19:30:00+00:00,5049.640909193979
2024-11-19 20:30:00+00:00,5080.280622491126
2024-11-19 21:00:00+00:00,5089.915533103355
2024-11-20 14:30:00+00:00,5064.6330926489345
2024-11-20 15:30:00+00:00,5048.97365870375
2024-11-20 16:30:00+00:00,5013.320697792558
2024-11-20 17:30:00+00:00,5014.2261968258745
2024-11-20 18:30:00+00:00,5030.008784299774
2024-11-20 19:30:00+00:00,5049.911313190769
2024-11-20 20:30:00+00:00,5042.4063223961075
2024-11-20 21:00:00+00:00,5031.373471652363
2024-11-20 22:00:00+00:00,5037.602494524548
2024-11-21 14:30:00+00:00,5055.584781671135
2024-11-21 15:30:00+00:00,5069.359838481191
2024-11-21 16:30:00+00:00,5042.144502633864
2024-11-21 17:30:00+00:00,5052.386650828356
2024-11-21 18:30:00+00:00,5076.1663157069615
2024-11-21 19:30:00+00:00,5063.618927232659
2024-11-21 20:30:00+00:00,5114.6095731841615
2024-11-21 21:00:00+00:00,5097.9297173399045
2024-11-22 14:30:00+00:00,5088.609442767134
2024-11-22 15:30:00+00:00,5055.963528206782
2024-11-22 16:30:00+00:00,5062.883353319463
2024-11-22 17:30:00+00:00,5053.04054133395
2024-11-22 18:30:00+00:00,5059.061395032305
2024-11-22 19:30:00+00:00,5043.95779436052
2024-11-22 20:30:00+00:00,5041.218788722668
2024-11-22 21:00:00+00:00,5038.013775005509
2024-11-25 14:30:00+00:00,4990.270584695837
2024-11-25 15:30:00+00:00,4953.012857740408
2024-11-25 16:30:00+00:00,4980.09816140626
2024-11-25 17:30:00+00:00,4998.839178644057
2024-11-25 18:30:00+00:00,5015.900094593436
2024-11-25 19:30:00+00:00,4975.96258721841
2024-11-25 20:30:00+00:00,4935.966448226285
2024-11-25 21:00:00+00:00,4913.3724341196985
2024-11-26 14:30:00+00:00,4921.933505688185
2024-11-26 15:30:00+00:00,4914.347978759881
2024-11-26 16:30:00+00:00,4911.335069107317
2024-11-26 17:30:00+00:00,4927.090844948782
2024-11-26 18:30:00+00:00,4928.335146013619
2024-11-26 19:30:00+00:00,4885.585685011711
2024-11-26 20:30:00+00:00,4914.458755678045
2024-11-26 21:00:00+00:00,4899.475546882054
2024-11-27 14:30:00+00:00,4881.232952836547
2024-11-27 15:30:00+00:00,4872.4965902275835
2024-11-27 16:30:00+00:00,4874.005366233993
2024-11-27 17:30:00+00:00,4857.567026040786
2024-11-27 18:30:00+00:00,4862.4094560905805
2024-11-27 19:30:00+00:00,4877.221904049677
2024-11-27 20:30:00+00:00,4905.219007880703
2024-11-27 21:00:00+00:00,4893.845785676458
2024-11-29 14:30:00+00:00,4901.652483477479
2024-11-29 15:30:00+00:00,4895.588010862776
2024-11-29 16:30:00+00:00,4882.598549460856
2024-11-29 18:00:00+00:00,4867.650671388766
2024-12-02 14:30:00+00:00,4816.2905260575235
2024-12-02 15:30:00+00:00,4823.831934773725
2024-12-02 16:30:00+00:00,4815.051922942961
2024-12-02 17:30:00+00:00,4826.726827455103
2024-12-02 18:30:00+00:00,4848.8844651746485
2024-12-02 19:30:00+00:00,4877.838212610985
2024-12-02 20:30:00+00:00,4879.241250310561
2024-12-02 21:00:00+00:00,4861.257573876085
2024-12-02 22:00:00+00:00,4891.301862327821
2024-12-03 14:30:00+00:00,4887.045919710842
2024-12-03 15:30:00+00:00,4892.048727916002
2024-12-03 16:30:00+00:00,4875.721176659001
2024-12-03 17:30:00+00:00,4870.899523764743
2024-12-03 18:30:00+00:00,4869.936018966312
2024-12-03 19:30:00+00:00,4891.660955441361
2024-12-03 20:30:00+00:00,4892.653670712695
2024-12-03 21:00:00+00:00,4869.286119487296
2024-12-04 14:30:00+00:00,4876.580029122371
2024-12-04 15:30:00+00:00,4874.04842186552
2024-12-04 16:30:00+00:00,4832.913748596411
2024-12-04 17:30:00+00:00,4838.197058140486
2024-12-04 18:30:00+00:00,4825.513008237422
2024-12-04 19:30:00+00:00,4823.919347941862
2024-12-04 20:30:00+00:00,4801.880173686877
2024-12-04 21:00:00+00:00,4829.927404736289
2024-12-05 14:30:00+00:00,4819.085608611461
2024-12-05 15:30:00+00:00,4830.518036751365
2024-12-05 16:30:00+00:00,4802.033963610627
2024-12-05 17:30:00+00:00,4800.023148428453
2024-12-05 18:30:00+00:00,4816.564422484106
2024-12-05 19:30:00+00:00,4801.984355078172
2024-12-05 20:30:00+00:00,4816.331147239571
2024-12-05 21:00:00+00:00,4820.252321503028
2024-12-06 14:30:00+00:00,4853.206599011815
2024-12-06 15:30:00+00:00,4844.3191260401145
2024-12-06 16:30:00+00:00,4856.043417298542
2024-12-06 17:30:00+00:00,4850.183686751486
2024-12-06 18:30:00+00:00,4812.511658574587
2024-12-06 19:30:00+00:00,4834.935844170491
2024-12-06 20:30:00+00:00,4848.3086160353705
2024-12-06 21:00:00+00:00,4846.266519042721
2024-12-09 14:30:00+00:00,4862.720167795285
2024-12-09 15:30:00+00:00,4846.665000949991
2024-12-09 16:30:00+00:00,4846.913887116184
2024-12-09 17:30:00+00:00,4831.212300732879
2024-12-09 18:30:00+00:00,4838.22909654803
2024-12-09 19:30:00+00:00,4848.329693652723
2024-12-09 20:30:00+00:00,4888.503110439159
2024-12-09 21:00:00+00:00,4881.971774905472
2024-12-10 14:30:00+00:00,4886.801394358846
2024-12-10 15:30:00+00:00,4885.649750325158
2024-12-10 16:30:00+00:00,4903.191232885307
2024-12-10 17:30:00+00:00,4895.782906373346
2024-12-10 18:30:00+00:00,4895.093844123986
2024-12-10 19:30:00+00:00,4879.661872448223
2024-12-10 20:30:00+00:00,4863.710387044929
2024-12-10 21:00:00+00:00,4859.824548762125
2024-12-11 14:30:00+00:00,4858.68150292514
2024-12-11 15:30:00+00:00,4882.602546038164
2024-12-11 16:30:00+00:00,4877.559884783158
2024-12-11 17:30:00+00:00,4904.051635226695
2024-12-11 18:30:00+00:00,4910.019664814934
2024-12-11 19:30:00+00:00,4912.702726999849
2024-12-11 20:30:00+00:00,4908.641665445462
2024-12-11 21:00:00+00:00,4926.895010463174
2024-12-12 14:30:00+00:00,4933.0499481522
2024-12-12 15:30:00+00:00,4932.671247497896
2024-12-12 16:30:00+00:00,4954.42059230222
2024-12-12 17:30:00+00:00,4981.095613603561
2024-12-12 18:30:00+00:00,4974.21222553051
2024-12-12 19:30:00+00:00,4979.132917663444
2024-12-12 20:30:00+00:00,4991.899839796851
2024-12-12 21:00:00+00:00,5004.9831089518375
2024-12-13 14:30:00+00:00,5032.797215841347
2024-12-13 15:30:00+00:00,5044.933346787932
2024-12-13 16:30:00+00:00,5104.008486929587
2024-12-13 17:30:00+00:00,5095.976092153608
2024-12-13 18:30:00+00:00,5106.863687208048
2024-12-13 19:30:00+00:00,5123.865426629229
2024-12-13 20:30:00+00:00,5141.104763798392
2024-12-13 21:00:00+00:00,5133.106274886936
2024-12-16 14:30:00+00:00,5151.281371599295
2024-12-16 15:30:00+00:00,5152.740167134821
2024-12-16 16:30:00+00:00,5152.389981278029
2024-12-16 17:30:00+00:00,5168.6872220522455
2024-12-16 18:30:00+00:00,5154.791590143605
2024-12-16 19:30:00+00:00,5138.146669416072
2024-12-16 20:30:00+00:00,5129.561528256211
2024-12-16 21:00:00+00:00,5120.826055207828
2024-12-17 14:30:00+00:00,5124.005220675607
2024-12-17 15:30:00+00:00,5119.426603832628
2024-12-17 16:30:00+00:00,5110.448193084661
2024-12-17 17:30:00+00:00,5112.244939019435
2024-12-17 18:30:00+00:00,5098.817132537883
2024-12-17 19:30:00+00:00,5091.286128200809
2024-12-17 20:30:00+00:00,5105.801337785078
2024-12-17 21:00:00+00:00,5105.238257377145
2024-12-18 14:30:00+00:00,5131.642467135086
2024-12-18 15:30:00+00:00,5167.683104613169
2024-12-18 16:30:00+00:00,5161.102242884445
2024-12-18 17:30:00+00:00,5169.478604522667
2024-12-18 18:30:00+00:00,5187.511339710851
2024-12-18 19:30:00+00:00,5215.958435820144
2024-12-18 20:30:00+00:00,5241.015695374327
2024-12-18 21:00:00+00:00,5225.481047440155
2024-12-19 14:30:00+00:00,5198.408537872312
2024-12-19 15:30:00+00:00,5168.20006814002
2024-12-19 16:30:00+00:00,5159.612490377902
2024-12-19 17:30:00+00:00,5170.053137708727
2024-12-19 18:30:00+00:00,5189.340861381258
2024-12-19 19:30:00+00:00,5185.85430169845
2024-12-19 20:30:00+00:00,5195.968982287338
2024-12-19 21:00:00+00:00,5197.569218857737
2024-12-20 14:30:00+00:00,5210.20832886853
2024-12-20 15:30:00+00:00,5226.644424799565
2024-12-20 16:30:00+00:00,5244.201900807652
2024-12-20 17:30:00+00:00,5265.715980692135
2024-12-20 18:30:00+00:00,5273.324181606668
2024-12-20 19:30:00+00:00,5297.161412927838
2024-12-20 20:30:00+00:00,5271.901230372402
2024-12-20 21:00:00+00:00,5264.78166575113
2024-12-23 14:30:00+00:00,5237.927304274153
2024-12-23 15:30:00+00:00,5204.479752083155
2024-12-23 16:30:00+00:00,5211.1390965676
2024-12-23 17:30:00+00:00,5208.306545703468
2024-12-23 18:30:00+00:00,5183.918835633583
2024-12-23 19:30:00+00:00,5173.73063744037
2024-12-23 20:30:00+00:00,5175.296728213809
2024-12-23 21:00:00+00:00,5137.060569306621
2024-12-24 14:30:00+00:00,5112.719578175391
2024-12-24 15:30:00+00:00,5106.119346558239
2024-12-24 16:30:00+00:00,5101.000907297769
2024-12-24 18:00:00+00:00,5107.024228576455
2024-12-26 14:30:00+00:00,5135.614549225766
2024-12-26 15:30:00+00:00,5110.957639081766
2024-12-26 16:30:00+00:00,5093.940746038504
2024-12-26 17:30:00+00:00,5073.292631031487
2024-12-26 18:30:00+00:00,5052.4413150601085
2024-12-26 19:30:00+00:00,5055.5690287991865
2024-12-26 20:30:00+00:00,5051.756498591276
2024-12-26 21:00:00+00:00,5049.558303124947
2024-12-27 14:30:00+00:00,5050.488718608082
2024-12-27 15:30:00+00:00,5070.727000399501
2024-12-27 16:30:00+00:00,5052.866867215912
2024-12-27 17:30:00+00:00,5037.853687439789
2024-12-27 18:30:00+00:00,5028.538445574874
2024-12-27 19:30:00+00:00,5022.7939225268
2024-12-27 20:30:00+00:00,5037.210100392203
2024-12-27 21:00:00+00:00,5051.901226852671
2024-12-30 14:30:00+00:00,5016.600021043953
2024-12-30 15:30:00+00:00,5033.249778348645
2024-12-30 16:30:00+00:00,5045.301026467573
2024-12-30 17:30:00+00:00,5033.767001464855
2024-12-30 18:30:00+00:00,4988.705701890999
2024-12-30 19:30:00+00:00,5010.304438280306
2024-12-30 20:30:00+00:00,4987.33725385089
2024-12-30 21:00:00+00:00,4967.392116881302
2024-12-31 14:30:00+00:00,4956.851416338754
2024-12-31 15:30:00+00:00,4940.595057504271
2024-12-31 16:30:00+00:00,4940.456503070843
2024-12-31 17:30:00+00:00,4962.466820809222
2024-12-31 18:30:00+00:00,4981.9490113304955
2024-12-31 19:30:00+00:00,4987.090700254625
2024-12-31 20:30:00+00:00,4962.337602516478
2024-12-31 21:00:00+00:00,4967.384150225984
2025-01-02 14:30:00+00:00,4944.770573730872
2025-01-02 15:30:00+00:00,4949.314546019601
2025-01-02 16:30:00+00:00,4943.502547104052
2025-01-02 17:30:00+00:00,4958.605072813973
2025-01-02 18:30:00+00:00,4973.824231895746
2025-01-02 19:30:00+00:00,4983.72651235628
2025-01-02 20:30:00+00:00,4963.941968690868
2025-01-02 21:00:00+00:00,4952.987200845005
2025-01-03 14:30:00+00:00,4955.197096176561
2025-01-03 15:30:00+00:00,4947.629272619211
2025-01-03 16:30:00+00:00,4956.441611347564
2025-01-03 17:30:00+00:00,4938.488464429122
2025-01-03 18:30:00+00:00,4948.833210038768
2025-01-03 19:30:00+00:00,4937.148070146191
2025-01-03 20:30:00+00:00,4942.820255595825
2025-01-03 21:00:00+00:00,4955.444394356925
2025-01-06 14:30:00+00:00,4928.223824407692
2025-01-06 15:30:00+00:00,4917.06244543436
2025-01-06 16:30:00+00:00,4898.603253706247
2025-01-06 17:30:00+00:00,4906.2391116951385
2025-01-06 18:30:00+00:00,4874.590624419258
2025-01-06 19:30:00+00:00,4879.531889655585
2025-01-06 20:30:00+00:00,4883.795636605383
2025-01-06 21:00:00+00:00,4874.303781141512
2025-01-07 14:30:00+00:00,4885.309578399469
2025-01-07 15:30:00+00:00,4895.544328372461
2025-01-07 16:30:00+00:00,4904.781812070045
2025-01-07 17:30:00+00:00,4882.094283171773
2025-01-07 18:30:00+00:00,4859.628502020003
2025-01-07 19:30:00+00:00,4877.7187185990415
2025-01-07 20:30:00+00:00,4869.475952161587
2025-01-07 21:00:00+00:00,4850.944322370127
2025-01-08 14:30:00+00:00,4848.734533629024
2025-01-08 15:30:00+00:00,4816.810148171283
2025-01-08 16:30:00+00:00,4829.5217448620815
2025-01-08 17:30:00+00:00,4848.165988824164
2025-01-08 18:30:00+00:00,4830.347734331456
2025-01-08 19:30:00+00:00,4835.783753987199
2025-01-08 20:30:00+00:00,4821.718358869104
2025-01-08 21:00:00+00:00,4832.351927231154
2025-01-10 14:30:00+00:00,4815.680449048751
2025-01-10 15:30:00+00:00,4816.3236288458775
2025-01-10 16:30:00+00:00,4815.336467235106
2025-01-10 17:30:00+00:00,4809.073519416021
2025-01-10 18:30:00+00:00,4787.131841639873
2025-01-10 19:30:00+00:00,4802.467219491136
2025-01-10 20:30:00+00:00,4821.1432311370045
2025-01-10 21:00:00+00:00,4819.746892474372
2025-01-13 14:30:00+00:00,4836.924812085267
2025-01-13 15:30:00+00:00,4830.805463898994
2025-01-13 16:30:00+00:00,4842.773334068798
2025-01-13 17:30:00+00:00,4865.193246925946
2025-01-13 18:30:00+00:00,4876.207781431763
2025-01-13 19:30:00+00:00,4889.819312053994
2025-01-13 20:30:00+00:00,4885.963840133863
2025-01-13 21:00:00+00:00,4925.090107075854
2025-01-14 14:30:00+00:00,4933.029793914528
2025-01-14 15:30:00+00:00,4964.604058514321
2025-01-14 16:30:00+00:00,4967.19603607689
2025-01-14 17:30:00+00:00,4964.0169870030195
2025-01-14 18:30:00+00:00,4946.3003773516475
2025-01-14 19:30:00+00:00,4937.022479290148
2025-01-14 20:30:00+00:00,4929.96306708756
2025-01-14 21:00:00+00:00,4928.9464448336585
2025-01-15 14:30:00+00:00,4918.439632814923
2025-01-15 15:30:00+00:00,4890.28488827558
2025-01-15 16:30:00+00:00,4895.297081534231
2025-01-15 17:30:00+00:00,4901.405771120202
2025-01-15 18:30:00+00:00,4938.534026816068
2025-01-15 19:30:00+00:00,4930.129231996263
2025-01-15 20:30:00+00:00,4911.395228877097
2025-01-15 21:00:00+00:00,4905.384788961163
2025-01-16 14:30:00+00:00,4893.2606395014445
2025-01-16 15:30:00+00:00,4880.571153831536
2025-01-16 16:30:00+00:00,4875.366333455498
2025-01-16 17:30:00+00:00,4851.555977972498
2025-01-16 18:30:00+00:00,4848.541463503362
2025-01-16 19:30:00+00:00,4850.94699172142
2025-01-16 20:30:00+00:00,4866.3543225927815
2025-01-16 21:00:00+00:00,4873.02894103532
2025-01-17 14:30:00+00:00,4870.1540662868265
2025-01-17 15:30:00+00:00,4867.91543764437
2025-01-17 16:30:00+00:00,4877.639068728052
2025-01-17 17:30:00+00:00,4864.600608494497
2025-01-17 18:30:00+00:00,4861.490159163745
2025-01-17 19:30:00+00:00,4861.746569087806
2025-01-17 20:30:00+00:00,4840.70495528527
2025-01-17 21:00:00+00:00,4828.634394874671
2025-01-17 22:00:00+00:00,4816.504465174218
2025-01-21 14:30:00+00:00,4834.2371645348885
2025-01-21 15:30:00+00:00,4831.980267091754
2025-01-21 16:30:00+00:00,4836.718558793347
2025-01-21 17:30:00+00:00,4830.268454785988
2025-01-21 18:30:00+00:00,4828.079390026411
2025-01-21 19:30:00+00:00,4815.725412104984
2025-01-21 20:30:00+00:00,4807.667169919934
2025-01-21 21:00:00+00:00,4813.374460618101
2025-01-22 14:30:00+00:00,4810.811835036417
2025-01-22 15:30:00+00:00,4832.217634672169
2025-01-22 16:30:00+00:00,4831.344224796826
2025-01-22 17:30:00+00:00,4822.145626752232
2025-01-22 18:30:00+00:00,4857.761536925241
2025-01-22 19:30:00+00:00,4858.119829825957
2025-01-22 20:30:00+00:00,4833.133134296543
2025-01-22 21:00:00+00:00,4825.42832116411
2025-01-23 14:30:00+00:00,4866.287652700291
2025-01-23 15:30:00+00:00,4875.910394319235
2025-01-23 16:30:00+00:00,4874.433478516891
2025-01-23 17:30:00+00:00,4866.501934798205
2025-01-23 18:30:00+00:00,4863.900844688125
2025-01-23 19:30:00+00:00,4866.561016952335
2025-01-23 20:30:00+00:00,4857.146042014685
2025-01-23 21:00:00+00:00,4868.034090403497
2025-01-24 14:30:00+00:00,4861.970659509093
2025-01-24 15:30:00+00:00,4864.626961429421
2025-01-24 16:30:00+00:00,4875.864589072723
2025-01-24 17:30:00+00:00,4866.216541920829
2025-01-24 18:30:00+00:00,4840.6522076519
2025-01-24 19:30:00+00:00,4821.9160398022095
2025-01-24 20:30:00+00:00,4798.345000976165
2025-01-24 21:00:00+00:00,4812.143409159297
2025-01-27 14:30:00+00:00,4799.116373003225
2025-01-27 15:30:00+00:00,4809.411175202624
2025-01-27 16:30:00+00:00,4797.430387287455
2025-01-27 17:30:00+00:00,4771.612216227416
2025-01-27 18:30:00+00:00,4789.878919425396
2025-01-27 19:30:00+00:00,4808.93204155429
2025-01-27 20:30:00+00:00,4818.778194431064
2025-01-27 21:00:00+00:00,4826.884994311865
2025-01-28 14:30:00+00:00,4808.738877594093
2025-01-28 15:30:00+00:00,4807.9011111806785
2025-01-28 16:30:00+00:00,4807.734578772961
2025-01-28 17:30:00+00:00,4803.29441088946
2025-01-28 18:30:00+00:00,4810.950472003588
2025-01-28 19:30:00+00:00,4810.76374215481
2025-01-28 20:30:00+00:00,4814.785467730503
2025-01-28 21:00:00+00:00,4809.061067818612
2025-01-29 14:30:00+00:00,4813.93296690279
2025-01-29 15:30:00+00:00,4838.089842231282
2025-01-29 16:30:00+00:00,4834.231192688516
2025-01-29 17:30:00+00:00,4811.50342011642
2025-01-29 18:30:00+00:00,4844.655786457981
2025-01-29 19:30:00+00:00,4867.401135465674
2025-01-29 20:30:00+00:00,4857.237922595401
2025-01-29 21:00:00+00:00,4879.20110073414
2025-01-29 22:00:00+00:00,4927.5592327564
2025-01-30 14:30:00+00:00,4926.40758531152
2025-01-30 15:30:00+00:00,4935.734404913392
2025-01-30 16:30:00+00:00,4917.477698983276
2025-01-30 17:30:00+00:00,4910.929472166164
2025-01-30 18:30:00+00:00,4895.717812379234
2025-01-30 19:30:00+00:00,4895.525815143948
2025-01-30 20:30:00+00:00,4902.704910929852
2025-01-30 21:00:00+00:00,4905.795114082942
2025-01-31 14:30:00+00:00,4876.602250583654
2025-01-31 15:30:00+00:00,4861.2680180031375
2025-01-31 16:30:00+00:00,4845.030935039111
2025-01-31 17:30:00+00:00,4842.008941676414
2025-01-31 18:30:00+00:00,4830.4778677163085
2025-01-31 19:30:00+00:00,4808.835587815688
2025-01-31 20:30:00+00:00,4777.449032867585
2025-01-31 21:00:00+00:00,4786.981989841699
2025-02-03 14:30:00+00:00,4774.71827385796
2025-02-03 15:30:00+00:00,4759.333430206704
2025-02-03 16:30:00+00:00,4781.782778285508
2025-02-03 17:30:00+00:00,4796.17891023956
2025-02-03 18:30:00+00:00,4766.568981695808
2025-02-03 19:30:00+00:00,4768.113966984864
2025-02-03 20:30:00+00:00,4761.602009844831
2025-02-03 21:00:00+00:00,4763.730539828246
2025-02-04 14:30:00+00:00,4740.3983222848365
2025-02-04 15:30:00+00:00,4727.605029470276
2025-02-04 16:30:00+00:00,4695.598308269262
2025-02-04 17:30:00+00:00,4691.986169319415
2025-02-04 18:30:00+00:00,4696.578620199736
2025-02-04 19:30:00+00:00,4709.609720964803
2025-02-04 20:30:00+00:00,4684.201799239693
2025-02-04 21:00:00+00:00,4671.240315672099
2025-02-05 14:30:00+00:00,4661.482545609435
2025-02-05 15:30:00+00:00,4666.358471071776
2025-02-05 16:30:00+00:00,4654.644819879351
2025-02-05 17:30:00+00:00,4666.497689579396
2025-02-05 18:30:00+00:00,4621.94656583664
2025-02-05 19:30:00+00:00,4652.390249255981
2025-02-05 20:30:00+00:00,4618.417213804712
2025-02-05 21:00:00+00:00,4633.197020706019
2025-02-06 14:30:00+00:00,4661.7017241903495
2025-02-06 15:30:00+00:00,4662.83397677847
2025-02-06 16:30:00+00:00,4646.536596256985
2025-02-06 17:30:00+00:00,4638.216516238412
2025-02-06 18:30:00+00:00,4657.331515413927
2025-02-06 19:30:00+00:00,4640.615076466289
2025-02-06 20:30:00+00:00,4652.0731799503
2025-02-06 21:00:00+00:00,4640.361403934598
2025-02-07 14:30:00+00:00,4613.41760478703
2025-02-07 15:30:00+00:00,4620.0185630032975
2025-02-07 16:30:00+00:00,4618.595654725452
2025-02-07 17:30:00+00:00,4627.9220510803425
2025-02-07 18:30:00+00:00,4624.509909542717
2025-02-07 19:30:00+00:00,4632.047494881019
2025-02-07 20:30:00+00:00,4635.437591009678
2025-02-07 21:00:00+00:00,4620.146939484054
2025-02-10 14:30:00+00:00,4641.750189704558
2025-02-10 15:30:00+00:00,4662.030353382689
2025-02-10 16:30:00+00:00,4675.77095140051
2025-02-10 17:30:00+00:00,4692.587064610204
2025-02-10 18:30:00+00:00,4683.783368711102
2025-02-10 19:30:00+00:00,4669.662151635635
2025-02-10 20:30:00+00:00,4657.547362109598
2025-02-10 21:00:00+00:00,4660.9164685279
2025-02-11 14:30:00+00:00,4668.745542956074
2025-02-11 15:30:00+00:00,4668.596174142789
2025-02-11 16:30:00+00:00,4672.875875154329
2025-02-11 17:30:00+00:00,4669.075783132198
2025-02-11 18:30:00+00:00,4633.732773385401
2025-02-11 19:30:00+00:00,4636.1683522334715
2025-02-11 20:30:00+00:00,4644.8868234456295
2025-02-11 21:00:00+00:00,4663.378528355067
2025-02-12 14:30:00+00:00,4692.994032725145
2025-02-12 15:30:00+00:00,4695.426650911351
2025-02-12 16:30:00+00:00,4710.164321024598
2025-02-12 17:30:00+00:00,4694.139264215079
2025-02-12 18:30:00+00:00,4683.525461529415
2025-02-12 19:30:00+00:00,4688.029980997796
2025-02-12 20:30:00+00:00,4705.453802115057
2025-02-12 21:00:00+00:00,4725.454364332872
2025-02-13 14:30:00+00:00,4731.314298038975
2025-02-13 15:30:00+00:00,4705.433478016102
2025-02-13 16:30:00+00:00,4708.188308592938
2025-02-13 17:30:00+00:00,4700.397844597671
2025-02-13 18:30:00+00:00,4703.494666514322
2025-02-13 19:30:00+00:00,4699.145504558496
2025-02-13 20:30:00+00:00,4694.479965797023
2025-02-13 21:00:00+00:00,4691.001775176786
2025-02-14 14:30:00+00:00,4708.2588439094025
2025-02-14 15:30:00+00:00,4703.710418524965
2025-02-14 16:30:00+00:00,4710.065689480206
2025-02-14 17:30:00+00:00,4697.226790741103
2025-02-14 18:30:00+00:00,4692.261641047794
2025-02-14 19:30:00+00:00,4699.436894785006
2025-02-14 20:30:00+00:00,4730.730050137939
2025-02-14 21:00:00+00:00,4723.359280237316
2025-02-18 14:30:00+00:00,4721.99807156506
2025-02-18 15:30:00+00:00,4751.926074263213
2025-02-18 16:30:00+00:00,4767.020462106851
2025-02-18 17:30:00+00:00,4769.462086231324
2025-02-18 18:30:00+00:00,4763.126632456527
2025-02-18 19:30:00+00:00,4754.572375699531
2025-02-18 20:30:00+00:00,4744.041629137038
2025-02-18 21:00:00+00:00,4768.571868103965
2025-02-19 14:30:00+00:00,4766.769300601884
2025-02-19 15:30:00+00:00,4786.582515355717
2025-02-19 16:30:00+00:00,4779.079964605535
2025-02-19 17:30:00+00:00,4792.889834743378
2025-02-19 18:30:00+00:00,4777.414221922065
2025-02-19 19:30:00+00:00,4772.7988260091915
2025-02-19 20:30:00+00:00,4795.368262841093
2025-02-19 21:00:00+00:00,4797.214031816742
2025-02-20 14:30:00+00:00,4767.6399706886095
2025-02-20 15:30:00+00:00,4739.857408809677
2025-02-20 16:30:00+00:00,4730.706763543895
2025-02-20 17:30:00+00:00,4723.230680074791
2025-02-20 18:30:00+00:00,4737.861644897461
2025-02-20 19:30:00+00:00,4730.176630655946
2025-02-20 20:30:00+00:00,4728.810094597847
2025-02-20 21:00:00+00:00,4746.877919200443
2025-02-21 14:30:00+00:00,4732.944095405352
2025-02-21 15:30:00+00:00,4756.209893219422
2025-02-21 16:30:00+00:00,4768.072440542873
2025-02-21 17:30:00+00:00,4743.206242281654
2025-02-21 18:30:00+00:00,4769.801697677644
2025-02-21 19:30:00+00:00,4805.88366268902
2025-02-21 20:30:00+00:00,4794.722783816178
2025-02-21 21:00:00+00:00,4796.738831318893
2025-02-24 14:30:00+00:00,4803.242558888335
2025-02-24 15:30:00+00:00,4798.57258807441
2025-02-24 16:30:00+00:00,4801.225106206384
2025-02-24 17:30:00+00:00,4780.25815304247
2025-02-24 18:30:00+00:00,4780.270343942405
2025-02-24 19:30:00+00:00,4772.119706378963
2025-02-24 20:30:00+00:00,4756.791083149944
2025-02-24 21:00:00+00:00,4760.05596665661
2025-02-25 14:30:00+00:00,4755.160918622251
2025-02-25 15:30:00+00:00,4739.083390228135
2025-02-25 16:30:00+00:00,4723.479254184688
2025-02-25 17:30:00+00:00,4753.952958127663
2025-02-25 18:30:00+00:00,4761.487725439935
2025-02-25 19:30:00+00:00,4761.761761239319
2025-02-25 20:30:00+00:00,4770.936145024933
2025-02-25 21:00:00+00:00,4763.9425489829755
2025-02-26 14:30:00+00:00,4763.705380355591
2025-02-26 15:30:00+00:00,4786.941065690428
2025-02-26 16:30:00+00:00,4752.589251403142
2025-02-26 17:30:00+00:00,4772.8627021018565
2025-02-26 18:30:00+00:00,4792.114618537847
2025-02-26 19:30:00+00:00,4786.6464682198
2025-02-26 20:30:00+00:00,4775.403863029104
2025-02-26 21:00:00+00:00,4793.645028408291
2025-02-27 14:30:00+00:00,4797.987848323666
2025-02-27 15:30:00+00:00,4799.792120669209
2025-02-27 16:30:00+00:00,4802.0458716939465
2025-02-27 17:30:00+00:00,4792.66422977134
2025-02-27 18:30:00+00:00,4787.156017912821
2025-02-27 19:30:00+00:00,4798.335895553968
2025-02-27 20:30:00+00:00,4806.778842607057
2025-02-27 21:00:00+00:00,4820.454918415321
2025-02-28 14:30:00+00:00,4830.001769150196
2025-02-28 15:30:00+00:00,4831.592105203165
2025-02-28 16:30:00+00:00,4823.8863873708315
2025-02-28 17:30:00+00:00,4796.9232598324625
2025-02-28 18:30:00+00:00,4804.951131237389
2025-02-28 19:30:00+00:00,4801.042164424158
2025-02-28 20:30:00+00:00,4786.123270074759
2025-02-28 21:00:00+00:00,4808.162974260199
2025-02-28 22:00:00+00:00,4822.388773633918
2025-03-03 14:30:00+00:00,4835.440820720303
2025-03-03 15:30:00+00:00,4838.128405336543
2025-03-03 16:30:00+00:00,4823.169998704842
2025-03-03 17:30:00+00:00,4816.632187044633
2025-03-03 18:30:00+00:00,4813.289279278338
2025-03-03 19:30:00+00:00,4818.590791028205
2025-03-03 20:30:00+00:00,4826.924504492553
2025-03-03 21:00:00+00:00,4813.609132736451
2025-03-04 14:30:00+00:00,4789.589710066723
2025-03-04 15:30:00+00:00,4783.845754581055
2025-03-04 16:30:00+00:00,4784.522570179696
2025-03-04 17:30:00+00:00,4777.879554756482
2025-03-04 18:30:00+00:00,4778.388872678303
2025-03-04 19:30:00+00:00,4778.887639425231
2025-03-04 20:30:00+00:00,4767.752680986065
2025-03-04 21:00:00+00:00,4756.98123379301
2025-03-05 14:30:00+00:00,4763.6304214965685
2025-03-05 15:30:00+00:00,4757.989516606599
2025-03-05 16:30:00+00:00,4749.807965326846
2025-03-05 17:30:00+00:00,4777.735394530853
2025-03-05 18:30:00+00:00,4774.501878502634
2025-03-05 19:30:00+00:00,4781.511481254626
2025-03-05 20:30:00+00:00,4777.838111955963
2025-03-05 21:00:00+00:00,4779.762651532171
2025-03-06 14:30:00+00:00,4762.834775965293
2025-03-06 15:30:00+00:00,4778.17373079249
2025-03-06 16:30:00+00:00,4800.2483450910295
2025-03-06 17:30:00+00:00,4798.929915760812
2025-03-06 18:30:00+00:00,4800.331383157102
2025-03-06 19:30:00+00:00,4796.750286285663
2025-03-06 20:30:00+00:00,4801.576437003098
2025-03-06 21:00:00+00:00,4823.690188128516
2025-03-07 14:30:00+00:00,4823.189514050002
2025-03-07 15:30:00+00:00,4832.488336529944
2025-03-07 16:30:00+00:00,4823.676158102175
2025-03-07 17:30:00+00:00,4854.773682505244
2025-03-07 18:30:00+00:00,4884.331864261759
2025-03-07 19:30:00+00:00,4893.258691096033
2025-03-07 20:30:00+00:00,4885.986269037468
2025-03-07 21:00:00+00:00,4871.9424908764795
2025-03-10 13:30:00+00:00,4863.685405683613
2025-03-10 14:30:00+00:00,4860.565679267261
2025-03-10 15:30:00+00:00,4868.018053793555
2025-03-10 16:30:00+00:00,4892.503628504948
2025-03-10 17:30:00+00:00,4919.744092055259
2025-03-10 18:30:00+00:00,4968.395690908249
2025-03-10 19:30:00+00:00,4961.620454018608
2025-03-10 20:00:00+00:00,4978.546371511649
2025-03-11 13:30:00+00:00,4970.416870484346
2025-03-11 14:30:00+00:00,4971.6180197007
2025-03-11 15:30:00+00:00,4967.391457481591
2025-03-11 16:30:00+00:00,4965.412136106864
2025-03-11 17:30:00+00:00,4990.45744428492
2025-03-11 18:30:00+00:00,4964.248739578095
2025-03-11 19:30:00+00:00,4988.856494817441
2025-03-11 20:00:00+00:00,4971.934596580071
2025-03-12 13:30:00+00:00,4985.915222378926
2025-03-12 14:30:00+00:00,5002.020488078457
2025-03-12 15:30:00+00:00,4997.790651842283
2025-03-12 16:30:00+00:00,5007.856165517432
2025-03-12 17:30:00+00:00,4990.670230598486
2025-03-12 18:30:00+00:00,4957.953667211505
2025-03-12 19:30:00+00:00,4967.1687106597465
2025-03-12 20:00:00+00:00,4974.703170372452
2025-03-13 13:30:00+00:00,4978.99883106892
2025-03-13 14:30:00+00:00,4989.3026840268585
2025-03-13 15:30:00+00:00,5009.50667341318
2025-03-13 16:30:00+00:00,5031.238493173289
2025-03-13 17:30:00+00:00,5058.185351995483
2025-03-13 18:30:00+00:00,5049.276276060664
2025-03-13 19:30:00+00:00,5069.24708995538
2025-03-13 20:00:00+00:00,5082.168816538531
2025-03-14 13:30:00+00:00,5075.235298309869
2025-03-14 14:30:00+00:00,5092.184768164377
2025-03-14 15:30:00+00:00,5066.685620918468
2025-03-14 16:30:00+00:00,5086.734811238733
2025-03-14 17:30:00+00:00,5072.096036300751
2025-03-14 18:30:00+00:00,5103.432161384568
2025-03-14 19:30:00+00:00,5105.889198559381
2025-03-14 20:00:00+00:00,5070.930064772853
2025-03-17 13:30:00+00:00,5075.358138448723
2025-03-17 14:30:00+00:00,5074.87183138756
2025-03-17 15:30:00+00:00,5053.869288407626
2025-03-17 16:30:00+00:00,5056.511161292932
2025-03-17 17:30:00+00:00,5062.785489194719
2025-03-17 18:30:00+00:00,5056.412207447123
2025-03-17 19:30:00+00:00,5075.670239034819
2025-03-17 20:00:00+00:00,5061.451764122809
2025-03-18 13:30:00+00:00,5058.673455622564
2025-03-18 14:30:00+00:00,5051.989030001144
2025-03-18 15:30:00+00:00,5069.003852658555
2025-03-18 16:30:00+00:00,5096.182117077065
2025-03-18 17:30:00+00:00,5058.3480535309445
2025-03-18 18:30:00+00:00,5059.402884338229
2025-03-18 19:30:00+00:00,5075.99839037074
2025-03-18 20:00:00+00:00,5080.144760959801
2025-03-19 13:30:00+00:00,5100.1157539063715
2025-03-19 14:30:00+00:00,5097.748362045029
2025-03-19 15:30:00+00:00,5092.302632231407
2025-03-19 16:30:00+00:00,5062.5713314673185
2025-03-19 17:30:00+00:00,5053.974677349237
2025-03-19 18:30:00+00:00,5050.039799200798
2025-03-19 19:30:00+00:00,5046.681167243395
2025-03-19 20:00:00+00:00,5041.696802992019
2025-03-20 13:30:00+00:00,5057.446180568274
2025-03-20 14:30:00+00:00,5061.836932348334
2025-03-20 15:30:00+00:00,5070.913263925339
2025-03-20 16:30:00+00:00,5053.461167126389
2025-03-20 17:30:00+00:00,5074.565330144179
2025-03-20 18:30:00+00:00,5074.8992335724515
2025-03-20 19:30:00+00:00,5052.858079739719
2025-03-20 20:00:00+00:00,5067.703703390971
2025-03-20 21:00:00+00:00,5055.86329804306
2025-03-21 13:30:00+00:00,5058.445607337263
2025-03-21 14:30:00+00:00,5045.040500092669
2025-03-21 15:30:00+00:00,5052.428533747438
2025-03-21 16:30:00+00:00,5062.733847867995
2025-03-21 17:30:00+00:00,5082.134267066831
2025-03-21 18:30:00+00:00,5095.708786605551
2025-03-21 19:30:00+00:00,5065.431149930706
2025-03-21 20:00:00+00:00,5069.407435717059
2025-03-24 13:30:00+00:00,5069.900076522525
2025-03-24 14:30:00+00:00,5065.003011258753
2025-03-24 15:30:00+00:00,5035.724137031487
2025-03-24 16:30:00+00:00,5034.011585342447
2025-03-24 17:30:00+00:00,5016.093678570926
2025-03-24 18:30:00+00:00,4978.536512852777
2025-03-24 19:30:00+00:00,4983.540209967569
2025-03-24 20:00:00+00:00,4995.371809040757
2025-03-25 13:30:00+00:00,5021.608391578508
2025-03-25 14:30:00+00:00,5012.124552061157
2025-03-25 15:30:00+00:00,5021.52000872504
2025-03-25 16:30:00+00:00,5074.9896405899735
2025-03-25 17:30:00+00:00,5068.293061660265
2025-03-25 18:30:00+00:00,5049.210980757601
2025-03-25 19:30:00+00:00,5044.753728213974
2025-03-25 20:00:00+00:00,5062.107876756478
2025-03-26 13:30:00+00:00,5040.167387687868
2025-03-26 14:30:00+00:00,5044.759822118878
2025-03-26 15:30:00+00:00,5023.929968118415
2025-03-26 16:30:00+00:00,5048.805665847259
2025-03-26 17:30:00+00:00,5075.387971779981
2025-03-26 18:30:00+00:00,5074.096232348269
2025-03-26 19:30:00+00:00,5069.267014395771
2025-03-26 20:00:00+00:00,5067.620801512277
2025-03-27 13:30:00+00:00,5062.9508205222955
2025-03-27 14:30:00+00:00,5064.014301024235
2025-03-27 15:30:00+00:00,5021.320826864042
2025-03-27 16:30:00+00:00,5046.470252001708
2025-03-27 17:30:00+00:00,5049.18489480436
2025-03-27 18:30:00+00:00,5080.7616951248565
2025-03-27 19:30:00+00:00,5073.166274652915
2025-03-27 20:00:00+00:00,5073.261699000164
2025-03-27 21:00:00+00:00,5099.886265251677
2025-03-28 13:30:00+00:00,5098.271165317789
2025-03-28 14:30:00+00:00,5072.320092549881
2025-03-28 15:30:00+00:00,5078.267245446339
2025-03-28 16:30:00+00:00,5085.082405238997
2025-03-28 17:30:00+00:00,5062.638408510816
2025-03-28 18:30:00+00:00,5080.967645895642
2025-03-28 19:30:00+00:00,5072.29290563595
2025-03-28 20:00:00+00:00,5047.229538320704
2025-03-31 13:30:00+00:00,5070.825720504273
2025-03-31 14:30:00+00:00,5055.590128357312
2025-03-31 15:30:00+00:00,5086.640502158628
2025-03-31 16:30:00+00:00,5092.717416771581
2025-03-31 17:30:00+00:00,5117.207561547386
2025-03-31 18:30:00+00:00,5107.066121586024
2025-03-31 19:30:00+00:00,5111.770925351228
2025-03-31 20:00:00+00:00,5113.914805468109
2025-04-01 13:30:00+00:00,5142.401558099058
2025-04-01 14:30:00+00:00,5129.575830182323
2025-04-01 15:30:00+00:00,5117.465133068413
2025-04-01 16:30:00+00:00,5077.691816637555
2025-04-01 17:30:00+00:00,5068.279280100774
2025-04-01 18:30:00+00:00,5077.880391453911
2025-04-01 19:30:00+00:00,5097.002922542753
2025-04-01 20:00:00+00:00,5121.001868767992
2025-04-02 13:30:00+00:00,5122.4623862057815
2025-04-02 14:30:00+00:00,5110.462000775095
2025-04-02 15:30:00+00:00,5124.853380973834
2025-04-02 16:30:00+00:00,5106.0674822782385
2025-04-02 17:30:00+00:00,5104.634534340969
2025-04-02 18:30:00+00:00,5090.78257604597
2025-04-02 19:30:00+00:00,5071.103225430208
2025-04-02 20:00:00+00:00,5037.0162375332775
2025-04-03 13:30:00+00:00,5030.737994932306
2025-04-03 14:30:00+00:00,5060.955111406173
2025-04-03 15:30:00+00:00,5056.032606645814
2025-04-03 16:30:00+00:00,5088.178093045297
2025-04-03 17:30:00+00:00,5081.000380613663
2025-04-03 18:30:00+00:00,5050.600275369797
2025-04-03 19:30:00+00:00,5062.152144126081
2025-04-03 20:00:00+00:00,5073.213255679258
2025-04-03 21:00:00+00:00,5058.640855420759
2025-04-04 13:30:00+00:00,5043.769063972783
2025-04-04 14:30:00+00:00,5076.883914812039
2025-04-04 15:30:00+00:00,5120.703324195872
2025-04-04 16:30:00+00:00,5116.281012240905
2025-04-04 17:30:00+00:00,5137.070964493014
2025-04-04 18:30:00+00:00,5146.615606520444
2025-04-04 19:30:00+00:00,5136.922993547679
2025-04-04 20:00:00+00:00,5130.628917507575
2025-04-07 13:30:00+00:00,5123.385896229572
2025-04-07 14:30:00+00:00,5116.777234478419
2025-04-07 15:30:00+00:00,5140.255281486742
2025-04-07 16:30:00+00:00,5157.969381529967
2025-04-07 17:30:00+00:00,5171.045611889457
2025-04-07 18:30:00+00:00,5199.569492866986
2025-04-07 19:30:00+00:00,5206.6378414339215
2025-04-07 20:00:00+00:00,5218.771644454911
2025-04-08 13:30:00+00:00,5193.041608101645
2025-04-08 14:30:00+00:00,5176.2994445734785
2025-04-08 15:30:00+00:00,5153.857512528619
2025-04-08 16:30:00+00:00,5160.038950273109
2025-04-08 17:30:00+00:00,5174.884696775396
2025-04-08 18:30:00+00:00,5195.056729488596
2025-04-08 19:30:00+00:00,5194.68961029885
2025-04-08 20:00:00+00:00,5177.509511490248
2025-04-09 13:30:00+00:00,5196.658695665595
2025-04-09 14:30:00+00:00,5205.236912941391
2025-04-09 15:30:00+00:00,5224.735657297404
2025-04-09 16:30:00+00:00,5230.182596056801
2025-04-09 17:30:00+00:00,5212.311215037262
2025-04-09 18:30:00+00:00,5210.139633727374
2025-04-09 19:30:00+00:00,5182.190110481355
2025-04-09 20:00:00+00:00,5199.830817151221
2025-04-10 13:30:00+00:00,5174.080306730472
2025-04-10 14:30:00+00:00,5153.7029513770785
2025-04-10 15:30:00+00:00,5151.528504098308
2025-04-10 16:30:00+00:00,5202.235653825783
2025-04-10 17:30:00+00:00,5199.942719096352
2025-04-10 18:30:00+00:00,5187.085960244609
2025-04-10 19:30:00+00:00,5201.889275202623
2025-04-10 20:00:00+00:00,5189.697515567972
2025-04-11 13:30:00+00:00,5179.0341743604395
2025-04-11 14:30:00+00:00,5173.272101738141
2025-04-11 15:30:00+00:00,5141.81200641789
2025-04-11 16:30:00+00:00,5127.3490603293
2025-04-11 17:30:00+00:00,5117.547419542137
2025-04-11 18:30:00+00:00,5133.604614935493
2025-04-11 19:30:00+00:00,5113.6149990827
2025-04-11 20:00:00+00:00,5141.8008075107045
2025-04-14 13:30:00+00:00,5124.873645805061
2025-04-14 14:30:00+00:00,5112.124060431254
2025-04-14 15:30:00+00:00,5128.809673942594
2025-04-14 16:30:00+00:00,5112.280653029365
2025-04-14 17:30:00+00:00,5100.688999578372
2025-04-14 18:30:00+00:00,5085.077648248191
2025-04-14 19:30:00+00:00,5069.222846835853
2025-04-14 20:00:00+00:00,5051.330777076602
2025-04-15 13:30:00+00:00,5095.410288694867
2025-04-15 14:30:00+00:00,5091.677107717837
2025-04-15 15:30:00+00:00,5091.123520058539
2025-04-15 16:30:00+00:00,5113.306195597427
2025-04-15 17:30:00+00:00,5084.612434968884
2025-04-15 18:30:00+00:00,5065.954611886358
2025-04-15 19:30:00+00:00,5042.806222565711
2025-04-15 20:00:00+00:00,5034.569139127695
2025-04-16 13:30:00+00:00,5038.267543486753
2025-04-16 14:30:00+00:00,5044.209648215255
2025-04-16 15:30:00+00:00,5051.05870426115
2025-04-16 16:30:00+00:00,5055.967274185345
2025-04-16 17:30:00+00:00,5059.853072367662
2025-04-16 18:30:00+00:00,5069.730084063291
2025-04-16 19:30:00+00:00,5081.307392252498
2025-04-16 20:00:00+00:00,5087.535314653595
2025-04-17 13:30:00+00:00,5102.7764171043345
2025-04-17 14:30:00+00:00,5090.986772099815
2025-04-17 15:30:00+00:00,5086.650984735297
2025-04-17 16:30:00+00:00,5056.944533451866
2025-04-17 17:30:00+00:00,5038.426585527929
2025-04-17 18:30:00+00:00,5037.020264211272
2025-04-17 19:30:00+00:00,5055.595483487707
2025-04-17 20:00:00+00:00,5064.782148904353
2025-04-21 13:30:00+00:00,5075.310278041223
2025-04-21 14:30:00+00:00,5072.4283743168
2025-04-21 15:30:00+00:00,5086.773653250802
2025-04-21 16:30:00+00:00,5064.637775558562
2025-04-21 17:30:00+00:00,5060.796560426189
2025-04-21 18:30:00+00:00,5076.065328730116
2025-04-21 19:30:00+00:00,5076.1127637299915
2025-04-21 20:00:00+00:00,5066.935324112888
2025-04-21 21:00:00+00:00,5065.178961904455
2025-04-22 13:30:00+00:00,5075.212268459918
2025-04-22 14:30:00+00:00,5064.0408245049675
2025-04-22 15:30:00+00:00,5073.590893479955
2025-04-22 16:30:00+00:00,5088.232492567296
2025-04-22 17:30:00+00:00,5070.854538033421
2025-04-22 18:30:00+00:00,5084.106082179866
2025-04-22 19:30:00+00:00,5088.432389435363
2025-04-22 20:00:00+00:00,5106.817387477104
2025-04-23 13:30:00+00:00,5078.535971838803
2025-04-23 14:30:00+00:00,5062.796550383977
2025-04-23 15:30:00+00:00,5061.173361752289
2025-04-23 16:30:00+00:00,5086.4182673970245
2025-04-23 17:30:00+00:00,5080.108530800667
2025-04-23 18:30:00+00:00,5117.585196610126
2025-04-23 19:30:00+00:00,5116.406141501112
2025-04-23 20:00:00+00:00,5116.884760554399
2025-04-24 13:30:00+00:00,5122.696552787059
2025-04-24 14:30:00+00:00,5101.183153827204
2025-04-24 15:30:00+00:00,5134.801399672847
2025-04-24 16:30:00+00:00,5091.05275734225
2025-04-24 17:30:00+00:00,5098.6706853948235
2025-04-24 18:30:00+00:00,5107.31704596272
2025-04-24 19:30:00+00:00,5095.76828888148
2025-04-24 20:00:00+00:00,5087.941058262761
2025-04-25 13:30:00+00:00,5051.489899841392
2025-04-25 14:30:00+00:00,5049.47542764765
2025-04-25 15:30:00+00:00,5055.4722112314585
2025-04-25 16:30:00+00:00,5065.2179262948885
2025-04-25 17:30:00+00:00,5065.55299320737
2025-04-25 18:30:00+00:00,5072.535092593375
2025-04-25 19:30:00+00:00,5059.025053762335
2025-04-25 20:00:00+00:00,5077.494430151933
2025-04-28 13:30:00+00:00,5075.860573870331
2025-04-28 14:30:00+00:00,5084.471083690041
2025-04-28 15:30:00+00:00,5092.627507323594
2025-04-28 16:30:00+00:00,5065.741547279117
2025-04-28 17:30:00+00:00,5111.3575213300455
2025-04-28 18:30:00+00:00,5095.279480651304
2025-04-28 19:30:00+00:00,5092.18217967666
2025-04-28 20:00:00+00:00,5119.113863341372
2025-04-29 13:30:00+00:00,5122.302414090839
2025-04-29 14:30:00+00:00,5127.3918971893945
2025-04-29 15:30:00+00:00,5127.091595460275
2025-04-29 16:30:00+00:00,5093.975544707899
2025-04-29 17:30:00+00:00,5084.209935858753
2025-04-29 18:30:00+00:00,5087.62174017548
2025-04-29 19:30:00+00:00,5062.6971836354
2025-04-29 20:00:00+00:00,5086.463617968492
2025-04-30 13:30:00+00:00,5088.582006310017
2025-04-30 14:30:00+00:00,5066.935319338869
2025-04-30 15:30:00+00:00,5076.192488166619
2025-04-30 16:30:00+00:00,5083.818110691979
2025-04-30 17:30:00+00:00,5082.291640036917
2025-04-30 18:30:00+00:00,5072.957834099636
2025-04-30 19:30:00+00:00,5040.1337798149525
2025-04-30 20:00:00+00:00,5055.5325999870265
2025-04-30 21:00:00+00:00,5072.311359912508
2025-05-01 13:30:00+00:00,5058.708917569554
2025-05-01 14:30:00+00:00,5072.985090047134
2025-05-01 15:30:00+00:00,5069.694581873886
2025-05-01 16:30:00+00:00,5083.047068282745
2025-05-01 17:30:00+00:00,5104.084307167497
2025-05-01 18:30:00+00:00,5094.411019097403
2025-05-01 19:30:00+00:00,5119.50777210998
2025-05-01 20:00:00+00:00,5109.622133398636
2025-05-02 13:30:00+00:00,5094.244041362493
2025-05-02 14:30:00+00:00,5100.124470659893
2025-05-02 15:30:00+00:00,5107.366791822803
2025-05-02 16:30:00+00:00,5115.8919253422055
2025-05-02 17:30:00+00:00,5131.683000172975
2025-05-02 18:30:00+00:00,5130.682238072804
2025-05-02 19:30:00+00:00,5118.982498117472
2025-05-02 20:00:00+00:00,5086.469837047531
2025-05-05 13:30:00+00:00,5099.095024357397
2025-05-05 14:30:00+00:00,5081.591920612264
2025-05-05 15:30:00+00:00,5065.375416973838
2025-05-05 16:30:00+00:00,5062.296853027539
2025-05-05 17:30:00+00:00,5087.782500674284
2025-05-05 18:30:00+00:00,5052.169276839725
2025-05-05 19:30:00+00:00,5033.364993337726
2025-05-05 20:00:00+00:00,5035.430050886079
2025-05-05 21:00:00+00:00,5037.422024563669
2025-05-06 13:30:00+00:00,5054.731354179382
2025-05-06 14:30:00+00:00,5023.8065083913325
2025-05-06 15:30:00+00:00,5044.720867233962
2025-05-06 16:30:00+00:00,5044.192540537834
2025-05-06 17:30:00+00:00,5045.171894311122
2025-05-06 18:30:00+00:00,5040.982563576623
2025-05-06 19:30:00+00:00,5029.738688668463
2025-05-06 20:00:00+00:00,5027.175867386866
2025-05-07 13:30:00+00:00,5038.9413452369645
2025-05-07 14:30:00+00:00,5060.650802294823
2025-05-07 15:30:00+00:00,5040.333930120231
2025-05-07 16:30:00+00:00,5041.282942641828
2025-05-07 17:30:00+00:00,5048.296188653796
2025-05-07 18:30:00+00:00,5048.462404990995
2025-05-07 19:30:00+00:00,5047.013887132956
2025-05-07 20:00:00+00:00,5033.687556870413
2025-05-08 13:30:00+00:00,5049.306548596701
2025-05-08 14:30:00+00:00,5039.267477612864
2025-05-08 15:30:00+00:00,5033.131838350108
2025-05-08 16:30:00+00:00,5011.398371502075
2025-05-08 17:30:00+00:00,4996.900084706156
2025-05-08 18:30:00+00:00,5021.31844739918
2025-05-08 19:30:00+00:00,5038.058929531851
2025-05-08 20:00:00+00:00,5045.98237541163
2025-05-09 13:30:00+00:00,5047.6946418536745
2025-05-09 14:30:00+00:00,5056.1709851723435
2025-05-09 15:30:00+00:00,5030.356863586517
2025-05-09 16:30:00+00:00,5029.04432007375
2025-05-09 17:30:00+00:00,5014.07879549429
2025-05-09 18:30:00+00:00,4998.792489390887
2025-05-09 19:30:00+00:00,5001.907481296998
2025-05-09 20:00:00+00:00,5033.334540968177
2025-05-12 13:30:00+00:00,5041.051942045995
2025-05-12 14:30:00+00:00,5032.94529121501
2025-05-12 15:30:00+00:00,5021.783815540655
2025-05-12 16:30:00+00:00,5008.304396013911
2025-05-12 17:30:00+00:00,5002.553347882666
2025-05-12 18:30:00+00:00,5010.831641146742
2025-05-12 19:30:00+00:00,5042.165607058285
2025-05-12 20:00:00+00:00,5066.552873638328
2025-05-13 13:30:00+00:00,5051.859914084461
2025-05-13 14:30:00+00:00,5030.93921551272
2025-05-13 15:30:00+00:00,5082.41203522027
2025-05-13 16:30:00+00:00,5081.056875845161
2025-05-13 17:30:00+00:00,5081.533778065341
2025-05-13 18:30:00+00:00,5127.028402823249
2025-05-13 19:30:00+00:00,5136.95219440377
2025-05-13 20:00:00+00:00,5131.798784751613
2025-05-14 13:30:00+00:00,5114.19373971009
2025-05-14 14:30:00+00:00,5106.658286202947
2025-05-14 15:30:00+00:00,5116.498844170433
2025-05-14 16:30:00+00:00,5113.087256278174
2025-05-14 17:30:00+00:00,5140.921793449097
2025-05-14 18:30:00+00:00,5170.98417557922
2025-05-14 19:30:00+00:00,5155.099621574957
2025-05-14 20:00:00+00:00,5133.1381184045695
2025-05-15 13:30:00+00:00,5139.076039814318
2025-05-15 14:30:00+00:00,5152.075997979604
2025-05-15 15:30:00+00:00,5166.345905364402
2025-05-15 16:30:00+00:00,5160.954906889114
2025-05-15 17:30:00+00:00,5176.041538984106
2025-05-15 18:30:00+00:00,5168.050102923668
2025-05-15 19:30:00+00:00,5162.41876943566
2025-05-15 20:00:00+00:00,5147.728299709645
2025-05-16 13:30:00+00:00,5171.784739141885
2025-05-16 14:30:00+00:00,5165.759225078139
2025-05-16 15:30:00+00:00,5138.496642673569
2025-05-16 16:30:00+00:00,5170.628142999414
2025-05-16 17:30:00+00:00,5192.696272109871
2025-05-16 18:30:00+00:00,5198.721249766319
2025-05-16 19:30:00+00:00,5209.780920268268
2025-05-16 20:00:00+00:00,5194.028773979521
2025-05-19 13:30:00+00:00,5202.250172164825
2025-05-19 14:30:00+00:00,5207.8855580393365
2025-05-19 15:30:00+00:00,5217.694908018961
2025-05-19 16:30:00+00:00,5249.390778916889
2025-05-19 17:30:00+00:00,5255.214636030296
2025-05-19 18:30:00+00:00,5250.079468125683
2025-05-19 19:30:00+00:00,5285.457158075339
2025-05-19 20:00:00+00:00,5288.436920296147
2025-05-20 13:30:00+00:00,5292.033938893453
2025-05-20 14:30:00+00:00,5276.979471480441
2025-05-20 15:30:00+00:00,5262.477347682355
2025-05-20 16:30:00+00:00,5321.295248525502
2025-05-20 17:30:00+00:00,5317.435892451765
2025-05-20 18:30:00+00:00,5319.658792502517
2025-05-20 19:30:00+00:00,5340.810403228414
2025-05-20 20:00:00+00:00,5356.490760963955
2025-05-21 13:30:00+00:00,5371.270024785262
2025-05-21 14:30:00+00:00,5371.4687172729
2025-05-21 15:30:00+00:00,5380.8295271213965
2025-05-21 16:30:00+00:00,5383.152094379927
2025-05-21 17:30:00+00:00,5349.494800046017
2025-05-21 18:30:00+00:00,5367.454165184765
2025-05-21 19:30:00+00:00,5387.378881907495
2025-05-21 20:00:00+00:00,5342.640818506224
2025-05-21 21:00:00+00:00,5297.554405828668
2025-05-22 13:30:00+00:00,5304.739273081292
2025-05-22 14:30:00+00:00,5320.767699772177
2025-05-22 15:30:00+00:00,5313.257605008052
2025-05-22 16:30:00+00:00,5293.920531235359
2025-05-22 17:30:00+00:00,5271.521263693647
2025-05-22 18:30:00+00:00,5262.402341806594
2025-05-22 19:30:00+00:00,5279.824749843868
2025-05-22 20:00:00+00:00,5256.124216702737
2025-05-23 13:30:00+00:00,5238.011110548561
2025-05-23 14:30:00+00:00,5232.3388867585745
2025-05-23 15:30:00+00:00,5226.447710527152
2025-05-23 16:30:00+00:00,5211.030481460623
2025-05-23 17:30:00+00:00,5229.024255209317
2025-05-23 18:30:00+00:00,5235.768468006898
2025-05-23 19:30:00+00:00,5231.231638433235
2025-05-23 20:00:00+00:00,5241.314954349661
2025-05-27 13:30:00+00:00,5225.768949510259
2025-05-27 14:30:00+00:00,5249.579676157948
2025-05-27 15:30:00+00:00,5242.357032596515
2025-05-27 16:30:00+00:00,5246.4306852898535
2025-05-27 17:30:00+00:00,5259.164086418505
2025-05-27 18:30:00+00:00,5240.050351192791
2025-05-27 19:30:00+00:00,5250.790735733354
2025-05-27 20:00:00+00:00,5252.508122651871
2025-05-28 13:30:00+00:00,5236.780356638941
2025-05-28 14:30:00+00:00,5250.078961172432
2025-05-28 15:30:00+00:00,5259.481629256715
2025-05-28 16:30:00+00:00,5246.686948434345
2025-05-28 17:30:00+00:00,5236.902488621592
2025-05-28 18:30:00+00:00,5233.021385588622
2025-05-28 19:30:00+00:00,5236.244634851101
2025-05-28 20:00:00+00:00,5252.538187152813
2025-05-29 13:30:00+00:00,5279.861352774905
2025-05-29 14:30:00+00:00,5262.230755105259
2025-05-29 15:30:00+00:00,5281.487279234054
2025-05-29 16:30:00+00:00,5286.60628516629
2025-05-29 17:30:00+00:00,5299.2207321055175
2025-05-29 18:30:00+00:00,5323.637054953122
2025-05-29 19:30:00+00:00,5328.709009713842
2025-05-29 20:00:00+00:00,5325.861016231238
2025-05-30 13:30:00+00:00,5344.496934315373
2025-05-30 14:30:00+00:00,5330.595359177296
2025-05-30 15:30:00+00:00,5325.9494855047515
2025-05-30 16:30:00+00:00,5325.076880435347
2025-05-30 17:30:00+00:00,5338.669884935655
2025-05-30 18:30:00+00:00,5346.699578912674
2025-05-30 19:30:00+00:00,5326.228489832417
2025-05-30 20:00:00+00:00,5336.713376551033
2025-06-02 13:30:00+00:00,5326.550223790943
2025-06-02 14:30:00+00:00,5310.36696571894
2025-06-02 15:30:00+00:00,5297.906994600312
2025-06-02 16:30:00+00:00,5302.5257384015285
2025-06-02 17:30:00+00:00,5292.048618652428
2025-06-02 18:30:00+00:00,5297.986949420647
2025-06-02 19:30:00+00:00,5314.600616484146
2025-06-02 20:00:00+00:00,5301.886532632535
2025-06-03 13:30:00+00:00,5295.638867029334
2025-06-03 14:30:00+00:00,5278.684639011491
2025-06-03 15:30:00+00:00,5276.532488525162
2025-06-03 16:30:00+00:00,5286.907112631637
2025-06-03 17:30:00+00:00,5289.8240390805195
2025-06-03 18:30:00+00:00,5302.466937288356
2025-06-03 19:30:00+00:00,5310.178837834143
2025-06-03 20:00:00+00:00,5291.210440601556
2025-06-04 13:30:00+00:00,5293.295185536353
2025-06-04 14:30:00+00:00,5287.903376707509
2025-06-04 15:30:00+00:00,5317.187135940253
2025-06-04 16:30:00+00:00,5291.8675977527455
2025-06-04 17:30:00+00:00,5294.832255398502
2025-06-04 18:30:00+00:00,5298.971308603297
2025-06-04 19:30:00+00:00,5311.989030701712
2025-06-04 20:00:00+00:00,5310.134004925966
2025-06-05 13:30:00+00:00,5342.00948021756
2025-06-05 14:30:00+00:00,5351.593171203942
2025-06-05 15:30:00+00:00,5326.744581788792
2025-06-05 16:30:00+00:00,5350.43948398761
2025-06-05 17:30:00+00:00,5309.236853451635
2025-06-05 18:30:00+00:00,5307.796141938277
2025-06-05 19:30:00+00:00,5311.832938091366
2025-06-05 20:00:00+00:00,5286.895128116292
2025-06-06 13:30:00+00:00,5308.937535353801
2025-06-06 14:30:00+00:00,5321.309651227611
2025-06-06 15:30:00+00:00,5319.21572575927
2025-06-06 16:30:00+00:00,5316.51162998328
2025-06-06 17:30:00+00:00,5352.776454732393
2025-06-06 18:30:00+00:00,5378.23516800791
2025-06-06 19:30:00+00:00,5398.361623266882
2025-06-06 20:00:00+00:00,5400.981578947846
2025-06-06 21:00:00+00:00,5429.859275295327
2025-06-09 13:30:00+00:00,5425.098355326447
2025-06-09 14:30:00+00:00,5409.320528819039
2025-06-09 15:30:00+00:00,5430.739499200351
2025-06-09 16:30:00+00:00,5406.082749937539
2025-06-09 17:30:00+00:00,5395.398972878961
2025-06-09 18:30:00+00:00,5391.924101993101
2025-06-09 19:30:00+00:00,5369.863049231351
2025-06-09 20:00:00+00:00,5343.116561389105
2025-06-10 13:30:00+00:00,5350.018519881762
2025-06-10 14:30:00+00:00,5332.542246553151
2025-06-10 15:30:00+00:00,5356.109763003498
2025-06-10 16:30:00+00:00,5317.456414921578
2025-06-10 17:30:00+00:00,5312.920267887034
2025-06-10 18:30:00+00:00,5326.512214086616
2025-06-10 19:30:00+00:00,5355.783053562985
2025-06-10 20:00:00+00:00,5356.058379956556
2025-06-11 13:30:00+00:00,5372.634496342488
2025-06-11 14:30:00+00:00,5382.993749325635
2025-06-11 15:30:00+00:00,5401.225969761559
2025-06-11 16:30:00+00:00,5388.218002341445
2025-06-11 17:30:00+00:00,5395.570409979167
2025-06-11 18:30:00+00:00,5374.35503290954
2025-06-11 19:30:00+00:00,5390.266779515071
2025-06-11 20:00:00+00:00,5393.336289867336
2025-06-12 13:30:00+00:00,5385.022884073476
2025-06-12 14:30:00+00:00,5360.400069091886
2025-06-12 15:30:00+00:00,5370.499706502641
2025-06-12 16:30:00+00:00,5348.995857674573
2025-06-12 17:30:00+00:00,5338.715073832818
2025-06-12 18:30:00+00:00,5315.18955048387
2025-06-12 19:30:00+00:00,5316.85408034424
2025-06-12 20:00:00+00:00,5315.552675478759
2025-06-13 13:30:00+00:00,5319.079621966386
2025-06-13 14:30:00+00:00,5332.951339443073
2025-06-13 15:30:00+00:00,5314.845121218938
2025-06-13 16:30:00+00:00,5318.3179074701975
2025-06-13 17:30:00+00:00,5321.161713929663
2025-06-13 18:30:00+00:00,5296.852399622831
2025-06-13 19:30:00+00:00,5281.06871134731
2025-06-13 20:00:00+00:00,5271.7925725476725
2025-06-16 13:30:00+00:00,5276.251817377947
2025-06-16 14:30:00+00:00,5254.201110572945
2025-06-16 15:30:00+00:00,5264.629435066563
2025-06-16 16:30:00+00:00,5263.745377153982
2025-06-16 17:30:00+00:00,5234.883979410645
2025-06-16 18:30:00+00:00,5216.041547067346
2025-06-16 19:30:00+00:00,5251.3504541221455
2025-06-16 20:00:00+00:00,5266.375876388528
2025-06-17 13:30:00+00:00,5279.723556133539
2025-06-17 14:30:00+00:00,5300.038589470167
2025-06-17 15:30:00+00:00,5300.167604056971
2025-06-17 16:30:00+00:00,5294.148962852716
2025-06-17 17:30:00+00:00,5280.123222646274
2025-06-17 18:30:00+00:00,5288.973881173235
2025-06-17 19:30:00+00:00,5278.849413504325
2025-06-17 20:00:00+00:00,5279.837813374768
2025-06-18 13:30:00+00:00,5296.180767844418
2025-06-18 14:30:00+00:00,5282.254432132814
2025-06-18 15:30:00+00:00,5321.772889583194
2025-06-18 16:30:00+00:00,5336.802846075305
2025-06-18 17:30:00+00:00,5304.448179613286
2025-06-18 18:30:00+00:00,5309.618703485585
2025-06-18 19:30:00+00:00,5322.570559494571
2025-06-18 20:00:00+00:00,5333.427377666416
2025-06-20 13:30:00+00:00,5342.156614848473
2025-06-20 14:30:00+00:00,5330.467950840811
2025-06-20 15:30:00+00:00,5334.539656212965
2025-06-20 16:30:00+00:00,5341.338443949272
2025-06-20 17:30:00+00:00,5356.7975244716445
2025-06-20 18:30:00+00:00,5335.8320572232315
2025-06-20 19:30:00+00:00,5361.2117191126445
2025-06-20 20:00:00+00:00,5375.9227901426875
2025-06-23 13:30:00+00:00,5329.670302266063
2025-06-23 14:30:00+00:00,5329.017975388738
2025-06-23 15:30:00+00:00,5309.166808428193
2025-06-23 16:30:00+00:00,5292.184438697378
2025-06-23 17:30:00+00:00,5282.4770763258075
2025-06-23 18:30:00+00:00,5306.41032760371
2025-06-23 19:30:00+00:00,5367.139282542371
2025-06-23 20:00:00+00:00,5355.716251197444
2025-06-24 13:30:00+00:00,5334.429195912247
2025-06-24 14:30:00+00:00,5337.712845748483
2025-06-24 15:30:00+00:00,5314.909802090131
2025-06-24 16:30:00+00:00,5324.035804131763
2025-06-24 17:30:00+00:00,5314.692653813986
2025-06-24 18:30:00+00:00,5333.456744365592
2025-06-24 19:30:00+00:00,5293.394088597384
2025-06-24 20:00:00+00:00,5288.744151223708
2025-06-25 13:30:00+00:00,5298.588303233117
2025-06-25 14:30:00+00:00,5322.823366473609
2025-06-25 15:30:00+00:00,5331.969161508668
2025-06-25 16:30:00+00:00,5361.252392044932
2025-06-25 17:30:00+00:00,5354.533080440277
2025-06-25 18:30:00+00:00,5317.236989278904
2025-06-25 19:30:00+00:00,5322.856182009032
2025-06-25 20:00:00+00:00,5317.66688336933
2025-06-26 13:30:00+00:00,5294.742554590013
2025-06-26 14:30:00+00:00,5304.713460659859
2025-06-26 15:30:00+00:00,5302.654235517548
2025-06-26 16:30:00+00:00,5288.852156031707
2025-06-26 17:30:00+00:00,5289.8326985171125
2025-06-26 18:30:00+00:00,5289.238885440726
2025-06-26 19:30:00+00:00,5286.423429115115
2025-06-26 20:00:00+00:00,5284.603563395267
2025-06-27 13:30:00+00:00,5287.422327116885
2025-06-27 14:30:00+00:00,5300.441136514463
2025-06-27 15:30:00+00:00,5290.713094739786
2025-06-27 16:30:00+00:00,5287.996449764442
2025-06-27 17:30:00+00:00,5264.7395472124845
2025-06-27 18:30:00+00:00,5259.151709015973
2025-06-27 19:30:00+00:00,5265.240578733925
2025-06-27 20:00:00+00:00,5251.591055672348
2025-06-30 13:30:00+00:00,5227.679806743848
2025-06-30 14:30:00+00:00,5192.355682000099
2025-06-30 15:30:00+00:00,5180.404319498966
2025-06-30 16:30:00+00:00,5150.125768189576
2025-06-30 17:30:00+00:00,5151.186944665266
2025-06-30 18:30:00+00:00,5180.478540445564
2025-06-30 19:30:00+00:00,5181.302559341001
2025-06-30 20:00:00+00:00,5173.694151425111
2025-07-01 13:30:00+00:00,5203.608389099506
2025-07-01 14:30:00+00:00,5167.857835523973
2025-07-01 15:30:00+00:00,5188.410647066079
2025-07-01 16:30:00+00:00,5168.269484680484
2025-07-01 17:30:00+00:00,5172.928786812839
2025-07-01 18:30:00+00:00,5145.935415494866
2025-07-01 19:30:00+00:00,5164.412496570823
2025-07-01 20:00:00+00:00,5143.793115296376
2025-07-02 13:30:00+00:00,5159.992107007605
2025-07-02 14:30:00+00:00,5149.0734995876555
2025-07-02 15:30:00+00:00,5117.820211042696
2025-07-02 16:30:00+00:00,5119.897857521992
2025-07-02 17:30:00+00:00,5136.733988457454
2025-07-02 18:30:00+00:00,5122.219509795091
2025-07-02 19:30:00+00:00,5088.718763298539
2025-07-02 20:00:00+00:00,5107.130212022301
2025-07-03 13:30:00+00:00,5084.682894993735
2025-07-03 14:30:00+00:00,5076.599923933961
2025-07-03 15:30:00+00:00,5079.451408247471
2025-07-03 17:00:00+00:00,5097.258201959215
2025-07-07 13:30:00+00:00,5089.177892979016
2025-07-07 14:30:00+00:00,5097.384008986958
2025-07-07 15:30:00+00:00,5070.601843203238
2025-07-07 16:30:00+00:00,5074.024661435709
2025-07-07 17:30:00+00:00,5056.566503534957
2025-07-07 18:30:00+00:00,5063.027159854868
2025-07-07 19:30:00+00:00,5033.789452428756
2025-07-07 20:00:00+00:00,5033.151658881459
2025-07-08 13:30:00+00:00,5055.340507491449
2025-07-08 14:30:00+00:00,5071.891135589702
2025-07-08 15:30:00+00:00,5080.177938670941
2025-07-08 16:30:00+00:00,5090.488813324562
2025-07-08 17:30:00+00:00,5105.049643484439
2025-07-08 18:30:00+00:00,5140.635268443744
2025-07-08 19:30:00+00:00,5150.100888349658
2025-07-08 20:00:00+00:00,5182.106749267145
2025-07-09 13:30:00+00:00,5181.645517912539
2025-07-09 14:30:00+00:00,5171.698886676863
2025-07-09 15:30:00+00:00,5175.450883246211
2025-07-09 16:30:00+00:00,5152.332603380926
2025-07-09 17:30:00+00:00,5177.627264534483
2025-07-09 18:30:00+00:00,5174.10672664469
2025-07-09 19:30:00+00:00,5145.757992111621
2025-07-09 20:00:00+00:00,5187.053842194307
2025-07-09 21:00:00+00:00,5186.79382642442
2025-07-10 13:30:00+00:00,5196.293575106073
2025-07-10 14:30:00+00:00,5207.086376280883
2025-07-10 15:30:00+00:00,5182.692571562817
2025-07-10 16:30:00+00:00,5176.030703428223
2025-07-10 17:30:00+00:00,5169.7430816610195
2025-07-10 18:30:00+00:00,5172.591051700538
2025-07-10 19:30:00+00:00,5176.668784198784
2025-07-10 20:00:00+00:00,5187.704627195209
2025-07-11 13:30:00+00:00,5192.225426708115
2025-07-11 14:30:00+00:00,5167.66701666029
2025-07-11 15:30:00+00:00,5185.729070224902
2025-07-11 16:30:00+00:00,5166.144350686275
2025-07-11 17:30:00+00:00,5157.864262327693
2025-07-11 18:30:00+00:00,5180.602107242757
2025-07-11 19:30:00+00:00,5154.638685844173
2025-07-11 20:00:00+00:00,5169.739253002039
