Datetime,Close
2023-07-14 04:45:00+00:00,488.47234426578456
2023-07-14 05:45:00+00:00,493.74187795060965
2023-07-14 06:45:00+00:00,497.74686698031314
2023-07-14 07:45:00+00:00,495.6485386629714
2023-07-14 08:45:00+00:00,494.4728177994258
2023-07-14 09:45:00+00:00,498.54532312764945
2023-07-17 03:45:00+00:00,504.2671907565464
2023-07-17 04:45:00+00:00,507.9805591757343
2023-07-17 05:45:00+00:00,509.24513392800696
2023-07-17 06:45:00+00:00,510.78543884941195
2023-07-17 07:45:00+00:00,516.3597934192045
2023-07-17 08:45:00+00:00,516.8140687785385
2023-07-17 09:45:00+00:00,514.9571482591267
2023-07-18 03:45:00+00:00,518.5771148511855
2023-07-18 04:45:00+00:00,515.0345232577164
2023-07-18 05:45:00+00:00,517.8970582628003
2023-07-18 06:45:00+00:00,519.4562987134484
2023-07-18 07:45:00+00:00,518.2070150382896
2023-07-18 08:45:00+00:00,515.4300497050306
2023-07-18 09:45:00+00:00,510.5594531016147
2023-07-19 03:45:00+00:00,512.2584736866019
2023-07-19 04:45:00+00:00,509.9913571026196
2023-07-19 05:45:00+00:00,507.2089813621667
2023-07-19 06:45:00+00:00,507.4723741698016
2023-07-19 07:45:00+00:00,508.50729907453706
2023-07-19 08:45:00+00:00,503.7088515228342
2023-07-19 09:45:00+00:00,497.6035433388377
2023-07-20 03:45:00+00:00,493.6935949567399
2023-07-20 04:45:00+00:00,493.4885367922302
2023-07-20 05:45:00+00:00,495.3718706712792
2023-07-20 06:45:00+00:00,493.27600653100615
2023-07-20 07:45:00+00:00,490.2337544201848
2023-07-20 08:45:00+00:00,482.3115046066636
2023-07-20 09:45:00+00:00,483.75325455725493
2023-07-21 03:45:00+00:00,487.3706344328856
2023-07-21 04:45:00+00:00,482.99802548793
2023-07-21 05:45:00+00:00,481.6677808753558
2023-07-21 06:45:00+00:00,486.08170006366055
2023-07-21 07:45:00+00:00,488.05173991268515
2023-07-21 08:45:00+00:00,482.41427319066486
2023-07-21 09:45:00+00:00,486.99789532961603
2023-07-24 03:45:00+00:00,483.351527899574
2023-07-24 04:45:00+00:00,485.07986959003716
2023-07-24 05:45:00+00:00,488.34538094661065
2023-07-24 06:45:00+00:00,488.33758204682704
2023-07-24 07:45:00+00:00,486.53687798479604
2023-07-24 08:45:00+00:00,487.28908912263444
2023-07-24 09:45:00+00:00,483.3045700487902
2023-07-25 03:45:00+00:00,475.9224802039363
2023-07-25 04:45:00+00:00,475.4479988503679
2023-07-25 05:45:00+00:00,473.98749747439433
2023-07-25 06:45:00+00:00,468.0660232306519
2023-07-25 07:45:00+00:00,467.8525302845816
2023-07-25 08:45:00+00:00,476.6489929385265
2023-07-25 09:45:00+00:00,480.3745351043554
2023-07-26 03:45:00+00:00,484.45825344202495
2023-07-26 04:45:00+00:00,490.89418402142826
2023-07-26 05:45:00+00:00,491.3111737910753
2023-07-26 06:45:00+00:00,489.65938971450515
2023-07-26 07:45:00+00:00,490.576078263156
2023-07-26 08:45:00+00:00,491.5921567563436
2023-07-26 09:45:00+00:00,492.73526612029326
2023-07-27 03:45:00+00:00,497.5546841117562
2023-07-27 04:45:00+00:00,498.3720248086185
2023-07-27 05:45:00+00:00,492.49886747956714
2023-07-27 06:45:00+00:00,498.50768795398363
2023-07-27 07:45:00+00:00,502.4264569438328
2023-07-27 08:45:00+00:00,500.0762672162775
2023-07-27 09:45:00+00:00,501.23119119805
2023-07-28 03:45:00+00:00,504.90976713778963
2023-07-28 04:45:00+00:00,508.01143431063053
2023-07-28 05:45:00+00:00,508.0202034354741
2023-07-28 06:45:00+00:00,505.8272721181503
2023-07-28 07:45:00+00:00,504.1617498880409
2023-07-28 08:45:00+00:00,503.27573586499255
2023-07-28 09:45:00+00:00,506.3510402484784
2023-07-31 03:45:00+00:00,510.81267117242595
2023-07-31 04:45:00+00:00,514.4550410250512
2023-07-31 05:45:00+00:00,513.0094282884858
2023-07-31 06:45:00+00:00,520.0182338986318
2023-07-31 07:45:00+00:00,519.6438651495259
2023-07-31 08:45:00+00:00,515.2895444053588
2023-07-31 09:45:00+00:00,508.4083378301773
2023-08-01 03:45:00+00:00,508.0222324396427
2023-08-01 04:45:00+00:00,506.821950620647
2023-08-01 05:45:00+00:00,511.88292825954636
2023-08-01 06:45:00+00:00,504.03124742735724
2023-08-01 07:45:00+00:00,502.6426619364511
2023-08-01 08:45:00+00:00,501.6619552481289
2023-08-01 09:45:00+00:00,504.84920940490986
2023-08-02 03:45:00+00:00,506.66116643700417
2023-08-02 04:45:00+00:00,511.21042049580285
2023-08-02 05:45:00+00:00,510.15191798004196
2023-08-02 06:45:00+00:00,511.8975544684229
2023-08-02 07:45:00+00:00,509.7139344904476
2023-08-02 08:45:00+00:00,507.6020772252017
2023-08-02 09:45:00+00:00,516.1266475271362
2023-08-03 03:45:00+00:00,517.8233606524086
2023-08-03 04:45:00+00:00,514.7558630700495
2023-08-03 05:45:00+00:00,519.389672971843
2023-08-03 06:45:00+00:00,521.4547793856815
2023-08-03 07:45:00+00:00,520.1520476000752
2023-08-03 08:45:00+00:00,525.1303213992688
2023-08-03 09:45:00+00:00,526.3808583409157
2023-08-04 03:45:00+00:00,527.9207960414121
2023-08-04 04:45:00+00:00,526.2944438607843
2023-08-04 05:45:00+00:00,525.2998975168298
2023-08-04 06:45:00+00:00,523.867685019499
2023-08-04 07:45:00+00:00,518.9940977608976
2023-08-04 08:45:00+00:00,525.6373927998696
2023-08-04 09:45:00+00:00,522.0465431061166
2023-08-07 03:45:00+00:00,525.7483600485473
2023-08-07 04:45:00+00:00,532.990739658116
2023-08-07 05:45:00+00:00,534.6097761501819
2023-08-07 06:45:00+00:00,534.3634158193763
2023-08-07 07:45:00+00:00,536.5163588834421
2023-08-07 08:45:00+00:00,534.7321397488286
2023-08-07 09:45:00+00:00,529.5579717806615
2023-08-08 03:45:00+00:00,527.3837776842324
2023-08-08 04:45:00+00:00,526.1849142525859
2023-08-08 05:45:00+00:00,526.0667820241911
2023-08-08 06:45:00+00:00,527.8201377704452
2023-08-08 07:45:00+00:00,527.7938239980251
2023-08-08 08:45:00+00:00,528.6725363216095
2023-08-08 09:45:00+00:00,531.1374224768037
2023-08-09 03:45:00+00:00,525.9682285531203
2023-08-09 04:45:00+00:00,528.1146792442553
2023-08-09 05:45:00+00:00,525.6384282932822
2023-08-09 06:45:00+00:00,521.1995323095668
2023-08-09 07:45:00+00:00,520.0595176705978
2023-08-09 08:45:00+00:00,517.5127726527269
2023-08-09 09:45:00+00:00,528.2134336774262
2023-08-10 03:45:00+00:00,532.9606269439383
2023-08-10 04:45:00+00:00,533.7832572371319
2023-08-10 05:45:00+00:00,540.5613897780215
2023-08-10 06:45:00+00:00,534.7908255025195
2023-08-10 07:45:00+00:00,534.196584886307
2023-08-10 08:45:00+00:00,529.9311132603078
2023-08-10 09:45:00+00:00,535.5864426975354
2023-08-11 03:45:00+00:00,527.4659355475641
2023-08-11 04:45:00+00:00,531.4274877277353
2023-08-11 05:45:00+00:00,532.841712575874
2023-08-11 06:45:00+00:00,528.3542811270938
2023-08-11 07:45:00+00:00,530.1599897403231
2023-08-11 08:45:00+00:00,535.0900664680122
2023-08-11 09:45:00+00:00,540.5354197484613
2023-08-14 03:45:00+00:00,538.9586291540465
2023-08-14 04:45:00+00:00,538.9658949659923
2023-08-14 05:45:00+00:00,538.1527699015447
2023-08-14 06:45:00+00:00,542.2430509689324
2023-08-14 07:45:00+00:00,545.1714472739886
2023-08-14 08:45:00+00:00,539.8650794944826
2023-08-14 09:45:00+00:00,538.6065233044372
2023-08-16 03:45:00+00:00,541.517809382692
2023-08-16 04:45:00+00:00,530.1208754996184
2023-08-16 05:45:00+00:00,531.5933141407451
2023-08-16 06:45:00+00:00,531.6687750332936
2023-08-16 07:45:00+00:00,533.7360121426567
2023-08-16 08:45:00+00:00,533.6786015812706
2023-08-16 09:45:00+00:00,529.952984910364
2023-08-17 03:45:00+00:00,528.0992559279762
2023-08-17 04:45:00+00:00,533.2711942628657
2023-08-17 05:45:00+00:00,529.1481307589662
2023-08-17 06:45:00+00:00,531.4810714386248
2023-08-17 07:45:00+00:00,528.8987950770588
2023-08-17 08:45:00+00:00,529.5676721153667
2023-08-17 09:45:00+00:00,531.8816391539187
2023-08-18 03:45:00+00:00,528.853546911078
2023-08-18 04:45:00+00:00,523.3069049552491
2023-08-18 05:45:00+00:00,519.9582388322583
2023-08-18 06:45:00+00:00,522.2711390262871
2023-08-18 07:45:00+00:00,520.730456674213
2023-08-18 08:45:00+00:00,515.1095644096969
2023-08-18 09:45:00+00:00,518.5373954277131
2023-08-21 03:45:00+00:00,515.2461501324774
2023-08-21 04:45:00+00:00,521.0779706737424
2023-08-21 05:45:00+00:00,522.5939642373288
2023-08-21 06:45:00+00:00,523.1723254810965
2023-08-21 07:45:00+00:00,519.0791037992334
2023-08-21 08:45:00+00:00,522.5887211145766
2023-08-21 09:45:00+00:00,530.3732326023683
2023-08-22 03:45:00+00:00,525.5351003747726
2023-08-22 04:45:00+00:00,529.0979507283628
2023-08-22 05:45:00+00:00,523.5836096700482
2023-08-22 06:45:00+00:00,525.0964279331133
2023-08-22 07:45:00+00:00,523.9799955198547
2023-08-22 08:45:00+00:00,529.5685510797767
2023-08-22 09:45:00+00:00,532.9884909633425
2023-08-23 03:45:00+00:00,529.4860501828846
2023-08-23 04:45:00+00:00,529.7653474682782
2023-08-23 05:45:00+00:00,530.2016572499741
2023-08-23 06:45:00+00:00,534.4976660209198
2023-08-23 07:45:00+00:00,535.843065646964
2023-08-23 08:45:00+00:00,539.1452098229918
2023-08-23 09:45:00+00:00,534.862100768999
2023-08-24 03:45:00+00:00,538.0725653771691
2023-08-24 04:45:00+00:00,540.1658458198287
2023-08-24 05:45:00+00:00,537.6120780788867
2023-08-24 06:45:00+00:00,541.809536964885
2023-08-24 07:45:00+00:00,536.8147844506561
2023-08-24 08:45:00+00:00,537.292429160894
2023-08-24 09:45:00+00:00,541.3939727078019
2023-08-25 03:45:00+00:00,535.1898382043737
2023-08-25 04:45:00+00:00,537.5675368171381
2023-08-25 05:45:00+00:00,532.8924353790104
2023-08-25 06:45:00+00:00,539.7518806680079
2023-08-25 07:45:00+00:00,544.4335719666968
2023-08-25 08:45:00+00:00,543.4806204289105
2023-08-25 09:45:00+00:00,543.2049987184226
2023-08-28 03:45:00+00:00,543.5444451405851
2023-08-28 04:45:00+00:00,543.1307008394643
2023-08-28 05:45:00+00:00,536.259559887863
2023-08-28 06:45:00+00:00,536.5586940995639
2023-08-28 07:45:00+00:00,536.1911980563856
2023-08-28 08:45:00+00:00,534.5152992327498
2023-08-28 09:45:00+00:00,524.0269062205631
2023-08-29 03:45:00+00:00,517.4397441701267
2023-08-29 04:45:00+00:00,518.3283838634874
2023-08-29 05:45:00+00:00,517.0658488990736
2023-08-29 06:45:00+00:00,512.1713556893146
2023-08-29 07:45:00+00:00,507.50999557412615
2023-08-29 08:45:00+00:00,507.01154917974117
2023-08-29 09:45:00+00:00,500.09104064568703
2023-08-30 03:45:00+00:00,494.60346236161377
2023-08-30 04:45:00+00:00,489.38523707649
2023-08-30 05:45:00+00:00,490.4669215008406
2023-08-30 06:45:00+00:00,487.54001686872834
2023-08-30 07:45:00+00:00,487.4796183759381
2023-08-30 08:45:00+00:00,485.4192997073045
2023-08-30 09:45:00+00:00,484.9168046509821
2023-08-31 03:45:00+00:00,486.17005563926705
2023-08-31 04:45:00+00:00,482.60203509233753
2023-08-31 05:45:00+00:00,478.9857665243416
2023-08-31 06:45:00+00:00,476.6442994486394
2023-08-31 07:45:00+00:00,473.331205569275
2023-08-31 08:45:00+00:00,470.5729845562461
2023-08-31 09:45:00+00:00,474.40594136720915
2023-09-01 03:45:00+00:00,478.8585093394001
2023-09-01 04:45:00+00:00,480.2255953571699
2023-09-01 05:45:00+00:00,479.5029004020802
2023-09-01 06:45:00+00:00,481.25677409579004
2023-09-01 07:45:00+00:00,485.07072448876465
2023-09-01 08:45:00+00:00,484.24234396371753
2023-09-01 09:45:00+00:00,484.10676559698777
2023-09-04 03:45:00+00:00,484.79345445777045
2023-09-04 04:45:00+00:00,483.1099452333899
2023-09-04 05:45:00+00:00,491.34249583620715
2023-09-04 06:45:00+00:00,494.54699225939413
2023-09-04 07:45:00+00:00,491.49745068892406
2023-09-04 08:45:00+00:00,490.9110944139018
2023-09-04 09:45:00+00:00,486.40761789174013
2023-09-05 03:45:00+00:00,486.56277328346926
2023-09-05 04:45:00+00:00,488.44670437221293
2023-09-05 05:45:00+00:00,488.7220448156085
2023-09-05 06:45:00+00:00,488.32323307424696
2023-09-05 07:45:00+00:00,494.3240832119148
2023-09-05 08:45:00+00:00,498.5752567093286
2023-09-05 09:45:00+00:00,492.2025973901
2023-09-06 03:45:00+00:00,491.8570768439576
2023-09-06 04:45:00+00:00,491.91936689642097
2023-09-06 05:45:00+00:00,492.2577489796132
2023-09-06 06:45:00+00:00,491.4405027730797
2023-09-06 07:45:00+00:00,487.9507829172137
2023-09-06 08:45:00+00:00,489.09781641728864
2023-09-06 09:45:00+00:00,491.85537374947995
2023-09-07 03:45:00+00:00,492.56400798634326
2023-09-07 04:45:00+00:00,497.13658901226336
2023-09-07 05:45:00+00:00,501.74533092782116
2023-09-07 06:45:00+00:00,499.4158744336071
2023-09-07 07:45:00+00:00,497.6239402635271
2023-09-07 08:45:00+00:00,498.8357015968189
2023-09-07 09:45:00+00:00,498.31934483120784
2023-09-08 03:45:00+00:00,503.32079085428023
2023-09-08 04:45:00+00:00,496.89053328824747
2023-09-08 05:45:00+00:00,494.3146788708315
2023-09-08 06:45:00+00:00,495.23389785935103
2023-09-08 07:45:00+00:00,493.1571715173555
2023-09-08 08:45:00+00:00,491.6160076803722
2023-09-08 09:45:00+00:00,494.25266479047446
2023-09-11 03:45:00+00:00,494.42610992820084
2023-09-11 04:45:00+00:00,498.1435139149778
2023-09-11 05:45:00+00:00,504.22535122542934
2023-09-11 06:45:00+00:00,502.51972076626157
2023-09-11 07:45:00+00:00,501.55430529793165
2023-09-11 08:45:00+00:00,509.9270115262236
2023-09-11 09:45:00+00:00,512.0164365071169
2023-09-12 03:45:00+00:00,513.3050629798447
2023-09-12 04:45:00+00:00,510.5659098716022
2023-09-12 05:45:00+00:00,504.62165766316025
2023-09-12 06:45:00+00:00,497.9152238888367
2023-09-12 07:45:00+00:00,499.93430128531315
2023-09-12 08:45:00+00:00,503.6718330972694
2023-09-12 09:45:00+00:00,501.86885613754674
2023-09-13 03:45:00+00:00,505.13544152086916
2023-09-13 04:45:00+00:00,500.90653340638863
2023-09-13 05:45:00+00:00,500.7448550860925
2023-09-13 06:45:00+00:00,498.93566608283004
2023-09-13 07:45:00+00:00,501.64798926725837
2023-09-13 08:45:00+00:00,502.4310497022148
2023-09-13 09:45:00+00:00,503.715147405361
2023-09-14 03:45:00+00:00,502.82195197536004
2023-09-14 04:45:00+00:00,501.45057600165734
2023-09-14 05:45:00+00:00,503.4504597811033
2023-09-14 06:45:00+00:00,498.75443283921817
2023-09-14 07:45:00+00:00,495.94420988617514
2023-09-14 08:45:00+00:00,496.92670123380526
2023-09-14 09:45:00+00:00,493.53321704816364
2023-09-15 03:45:00+00:00,494.0554954760932
2023-09-15 04:45:00+00:00,495.74546633815254
2023-09-15 05:45:00+00:00,495.3772773384823
2023-09-15 06:45:00+00:00,494.98647004512145
2023-09-15 07:45:00+00:00,495.84120669376557
2023-09-15 08:45:00+00:00,495.94922286082283
2023-09-15 09:45:00+00:00,495.8358911755743
2023-09-18 03:45:00+00:00,494.8222926640058
2023-09-18 04:45:00+00:00,496.5773988196263
2023-09-18 05:45:00+00:00,492.6671307580609
2023-09-18 06:45:00+00:00,496.79315977348193
2023-09-18 07:45:00+00:00,498.6108377610732
2023-09-18 08:45:00+00:00,499.71315118001115
2023-09-18 09:45:00+00:00,498.09609898141196
2023-09-20 03:45:00+00:00,498.4155249531376
2023-09-20 04:45:00+00:00,495.8829582347794
2023-09-20 05:45:00+00:00,495.9959127478304
2023-09-20 06:45:00+00:00,492.77824453224906
2023-09-20 07:45:00+00:00,495.15511780037514
2023-09-20 08:45:00+00:00,493.939640645118
2023-09-20 09:45:00+00:00,494.85513727692506
2023-09-21 03:45:00+00:00,493.62614877950676
2023-09-21 04:45:00+00:00,493.35084479273263
2023-09-21 05:45:00+00:00,497.21458973092024
2023-09-21 06:45:00+00:00,495.348986654011
2023-09-21 07:45:00+00:00,497.34369862053285
2023-09-21 08:45:00+00:00,501.9385782859395
2023-09-21 09:45:00+00:00,511.57440799992736
2023-09-22 03:45:00+00:00,513.3142685837363
2023-09-22 04:45:00+00:00,508.32724216909634
2023-09-22 05:45:00+00:00,512.1544344890011
2023-09-22 06:45:00+00:00,507.8870566854787
2023-09-22 07:45:00+00:00,512.3277780406629
2023-09-22 08:45:00+00:00,511.65526851184876
2023-09-22 09:45:00+00:00,512.6120508872237
2023-09-25 03:45:00+00:00,512.0021780371594
2023-09-25 04:45:00+00:00,512.2017459671753
2023-09-25 05:45:00+00:00,513.6155847377682
2023-09-25 06:45:00+00:00,517.0302958594616
2023-09-25 07:45:00+00:00,518.6315151758987
2023-09-25 08:45:00+00:00,519.1561229541165
2023-09-25 09:45:00+00:00,516.1658871262724
2023-09-26 03:45:00+00:00,516.5505467931561
2023-09-26 04:45:00+00:00,511.33285298434174
2023-09-26 05:45:00+00:00,511.7224645688739
2023-09-26 06:45:00+00:00,509.5124374683723
2023-09-26 07:45:00+00:00,512.9857270765287
2023-09-26 08:45:00+00:00,515.8936535633055
2023-09-26 09:45:00+00:00,511.42272134475365
2023-09-27 03:45:00+00:00,512.1358406501365
2023-09-27 04:45:00+00:00,506.16445145434574
2023-09-27 05:45:00+00:00,512.7212775400731
2023-09-27 06:45:00+00:00,513.3833529856965
2023-09-27 07:45:00+00:00,512.3734225678651
2023-09-27 08:45:00+00:00,512.1065504912417
2023-09-27 09:45:00+00:00,505.2946582755289
2023-09-28 03:45:00+00:00,510.0349350014395
2023-09-28 04:45:00+00:00,509.54769342709784
2023-09-28 05:45:00+00:00,508.8329955955828
2023-09-28 06:45:00+00:00,512.3261925757262
2023-09-28 07:45:00+00:00,515.8766046159445
2023-09-28 08:45:00+00:00,516.943938261846
2023-09-28 09:45:00+00:00,514.0426601352864
2023-09-29 03:45:00+00:00,516.0070875729882
2023-09-29 04:45:00+00:00,510.9489001393572
2023-09-29 05:45:00+00:00,507.45205935967914
2023-09-29 06:45:00+00:00,507.6898690792044
2023-09-29 07:45:00+00:00,503.1397083289273
2023-09-29 08:45:00+00:00,502.00533265736766
2023-09-29 09:45:00+00:00,504.3423523621681
2023-10-03 03:45:00+00:00,504.9000590183456
2023-10-03 04:45:00+00:00,506.7547779246903
2023-10-03 05:45:00+00:00,507.80903466599153
2023-10-03 06:45:00+00:00,504.40312104839705
2023-10-03 07:45:00+00:00,510.802131812673
2023-10-03 08:45:00+00:00,513.3523117281113
2023-10-03 09:45:00+00:00,519.7296860957141
2023-10-04 03:45:00+00:00,527.3783500225235
2023-10-04 04:45:00+00:00,530.282169670889
2023-10-04 05:45:00+00:00,528.0465906606767
2023-10-04 06:45:00+00:00,523.0852952333347
2023-10-04 07:45:00+00:00,526.4931988903096
2023-10-04 08:45:00+00:00,530.409506766834
2023-10-04 09:45:00+00:00,528.5742679730073
2023-10-05 03:45:00+00:00,525.635247889096
2023-10-05 04:45:00+00:00,528.1821802591448
2023-10-05 05:45:00+00:00,533.3525062982216
2023-10-05 06:45:00+00:00,526.4547746378174
2023-10-05 07:45:00+00:00,526.6724820808544
2023-10-05 08:45:00+00:00,523.8396183938422
2023-10-05 09:45:00+00:00,520.592520279153
2023-10-06 03:45:00+00:00,514.483256715793
2023-10-06 04:45:00+00:00,507.10178315537905
2023-10-06 05:45:00+00:00,508.33814501369153
2023-10-06 06:45:00+00:00,513.8172688886326
2023-10-06 07:45:00+00:00,518.1415283473508
2023-10-06 08:45:00+00:00,525.7784435256912
2023-10-06 09:45:00+00:00,527.0560026921905
2023-10-09 03:45:00+00:00,525.5486138829403
2023-10-09 04:45:00+00:00,522.0276177483798
2023-10-09 05:45:00+00:00,526.8591237207957
2023-10-09 06:45:00+00:00,529.3004873274474
2023-10-09 07:45:00+00:00,528.2518426308407
2023-10-09 08:45:00+00:00,528.2991195825532
2023-10-09 09:45:00+00:00,529.8906637237664
2023-10-10 03:45:00+00:00,526.3591333366103
2023-10-10 04:45:00+00:00,522.2822682688791
2023-10-10 05:45:00+00:00,522.2755753570916
2023-10-10 06:45:00+00:00,519.2639932699527
2023-10-10 07:45:00+00:00,523.999016897854
2023-10-10 08:45:00+00:00,527.1971058901729
2023-10-10 09:45:00+00:00,523.839926591918
2023-10-11 03:45:00+00:00,526.5826487948397
2023-10-11 04:45:00+00:00,523.3037190866901
2023-10-11 05:45:00+00:00,520.8109062967069
2023-10-11 06:45:00+00:00,518.2409452323097
2023-10-11 07:45:00+00:00,515.1837825375206
2023-10-11 08:45:00+00:00,516.8299970706571
2023-10-11 09:45:00+00:00,511.6240858151951
2023-10-12 03:45:00+00:00,512.1633841160757
2023-10-12 04:45:00+00:00,513.1638384188216
2023-10-12 05:45:00+00:00,508.57582087326966
2023-10-12 06:45:00+00:00,509.1363260531191
2023-10-12 07:45:00+00:00,512.7087189409984
2023-10-12 08:45:00+00:00,509.90165617407445
2023-10-12 09:45:00+00:00,508.6704090738804
2023-10-13 03:45:00+00:00,508.2759956970101
2023-10-13 04:45:00+00:00,509.38627170675386
2023-10-13 05:45:00+00:00,514.9707562543263
2023-10-13 06:45:00+00:00,515.6640408594561
2023-10-13 07:45:00+00:00,516.5352628107781
2023-10-13 08:45:00+00:00,516.1409513959088
2023-10-13 09:45:00+00:00,518.6428149727573
2023-10-16 03:45:00+00:00,524.4193349712182
2023-10-16 04:45:00+00:00,520.5983355954222
2023-10-16 05:45:00+00:00,518.958610533159
2023-10-16 06:45:00+00:00,515.7402491037286
2023-10-16 07:45:00+00:00,516.9773857060517
2023-10-16 08:45:00+00:00,513.2836625322024
2023-10-16 09:45:00+00:00,512.6217555396573
2023-10-17 03:45:00+00:00,509.8863593982074
2023-10-17 04:45:00+00:00,511.51189067485154
2023-10-17 05:45:00+00:00,511.9137543676638
2023-10-17 06:45:00+00:00,508.7717496704149
2023-10-17 07:45:00+00:00,499.8614022460184
2023-10-17 08:45:00+00:00,503.8594156297531
2023-10-17 09:45:00+00:00,498.6317139098075
2023-10-18 03:45:00+00:00,495.91841115093536
2023-10-18 04:45:00+00:00,498.10122167074485
2023-10-18 05:45:00+00:00,501.0851597521878
2023-10-18 06:45:00+00:00,501.7182223139806
2023-10-18 07:45:00+00:00,500.6338682251064
2023-10-18 08:45:00+00:00,495.87661250036797
2023-10-18 09:45:00+00:00,498.9721502120534
2023-10-19 03:45:00+00:00,497.7676370997842
2023-10-19 04:45:00+00:00,496.359058309956
2023-10-19 05:45:00+00:00,498.18148232558065
2023-10-19 06:45:00+00:00,492.3789828318113
2023-10-19 07:45:00+00:00,498.46263248252956
2023-10-19 08:45:00+00:00,499.32847501428205
2023-10-19 09:45:00+00:00,502.99754327513807
2023-10-20 03:45:00+00:00,494.6150848607999
2023-10-20 04:45:00+00:00,496.5318887964874
2023-10-20 05:45:00+00:00,501.4784308266367
2023-10-20 06:45:00+00:00,507.4614045354602
2023-10-20 07:45:00+00:00,511.3973328595072
2023-10-20 08:45:00+00:00,510.7507323309804
2023-10-20 09:45:00+00:00,510.3479826393161
2023-10-23 03:45:00+00:00,508.3436682895124
2023-10-23 04:45:00+00:00,505.80565551191864
2023-10-23 05:45:00+00:00,505.37086711037955
2023-10-23 06:45:00+00:00,509.69115947445226
2023-10-23 07:45:00+00:00,506.30092250864385
2023-10-23 08:45:00+00:00,510.48693940395924
2023-10-23 09:45:00+00:00,506.7603443084642
2023-10-25 03:45:00+00:00,508.3954944806537
2023-10-25 04:45:00+00:00,510.44083263666454
2023-10-25 05:45:00+00:00,506.388649048543
2023-10-25 06:45:00+00:00,503.905811181255
2023-10-25 07:45:00+00:00,503.03697953904316
2023-10-25 08:45:00+00:00,497.23226223207
2023-10-25 09:45:00+00:00,499.94666082565425
2023-10-26 03:45:00+00:00,498.1240100271059
2023-10-26 04:45:00+00:00,500.39299384466904
2023-10-26 05:45:00+00:00,500.46545358025867
2023-10-26 06:45:00+00:00,501.92520404689077
2023-10-26 07:45:00+00:00,499.57674650501514
2023-10-26 08:45:00+00:00,499.3505410619615
2023-10-26 09:45:00+00:00,499.7733341913878
2023-10-27 03:45:00+00:00,497.33469880482926
2023-10-27 04:45:00+00:00,502.7391017279909
2023-10-27 05:45:00+00:00,500.94304006472487
2023-10-27 06:45:00+00:00,496.6212590875443
2023-10-27 07:45:00+00:00,494.3243114012906
2023-10-27 08:45:00+00:00,495.95537931116684
2023-10-27 09:45:00+00:00,497.2805006092231
2023-10-30 03:45:00+00:00,499.7056671719403
2023-10-30 04:45:00+00:00,497.8535989340656
2023-10-30 05:45:00+00:00,498.4728786261906
2023-10-30 06:45:00+00:00,496.5980922567626
2023-10-30 07:45:00+00:00,492.4399306686633
2023-10-30 08:45:00+00:00,493.1074051411287
2023-10-30 09:45:00+00:00,486.2479293363962
2023-10-31 03:45:00+00:00,491.13399226749243
2023-10-31 04:45:00+00:00,487.0425535125554
2023-10-31 05:45:00+00:00,486.2204014038383
2023-10-31 06:45:00+00:00,492.47634781970226
2023-10-31 07:45:00+00:00,494.96613999298023
2023-10-31 08:45:00+00:00,489.13306170446424
2023-10-31 09:45:00+00:00,493.3824302508196
2023-11-01 03:45:00+00:00,496.59738022439427
2023-11-01 04:45:00+00:00,505.74262006563265
2023-11-01 05:45:00+00:00,504.94624777257167
2023-11-01 06:45:00+00:00,503.3292909545678
2023-11-01 07:45:00+00:00,498.8857666627063
2023-11-01 08:45:00+00:00,492.82066115665606
2023-11-01 09:45:00+00:00,491.3086298767801
2023-11-02 03:45:00+00:00,496.47174081472826
2023-11-02 04:45:00+00:00,496.86117035446614
2023-11-02 05:45:00+00:00,495.9876807798094
2023-11-02 06:45:00+00:00,493.7512203477074
2023-11-02 07:45:00+00:00,492.49232300311087
2023-11-02 08:45:00+00:00,493.0568017780898
2023-11-02 09:45:00+00:00,495.06390236495974
2023-11-03 03:45:00+00:00,494.58697376691595
2023-11-03 04:45:00+00:00,488.02429614913484
2023-11-03 05:45:00+00:00,484.7399717879717
2023-11-03 06:45:00+00:00,494.1715612543184
2023-11-03 07:45:00+00:00,491.7444641915466
2023-11-03 08:45:00+00:00,492.18601103837284
2023-11-03 09:45:00+00:00,489.35767777899827
2023-11-06 03:45:00+00:00,490.6142177996278
2023-11-06 04:45:00+00:00,489.5565842639562
2023-11-06 05:45:00+00:00,483.8055734043388
2023-11-06 06:45:00+00:00,480.546568986024
2023-11-06 07:45:00+00:00,484.7570207071104
2023-11-06 08:45:00+00:00,486.9469680667953
2023-11-06 09:45:00+00:00,486.1176062016696
2023-11-07 03:45:00+00:00,489.1689727163267
2023-11-07 04:45:00+00:00,486.4342577354455
2023-11-07 05:45:00+00:00,483.53009286746317
2023-11-07 06:45:00+00:00,480.84600860534783
2023-11-07 07:45:00+00:00,486.64874960185637
2023-11-07 08:45:00+00:00,486.74659666455153
2023-11-07 09:45:00+00:00,482.07298785209827
2023-11-08 03:45:00+00:00,477.6583239542299
2023-11-08 04:45:00+00:00,473.6128336183167
2023-11-08 05:45:00+00:00,473.21572540826304
2023-11-08 06:45:00+00:00,468.0029422811343
2023-11-08 07:45:00+00:00,465.73550498666515
2023-11-08 08:45:00+00:00,469.01100902942125
2023-11-08 09:45:00+00:00,468.66264288982995
2023-11-09 03:45:00+00:00,471.01206331776484
2023-11-09 04:45:00+00:00,472.64578725440276
2023-11-09 05:45:00+00:00,473.38452290168664
2023-11-09 06:45:00+00:00,472.5712694259916
2023-11-09 07:45:00+00:00,473.4233825074353
2023-11-09 08:45:00+00:00,472.5122605479031
2023-11-09 09:45:00+00:00,477.2871225638336
2023-11-10 03:45:00+00:00,474.074259377717
2023-11-10 04:45:00+00:00,471.3023076664967
2023-11-10 05:45:00+00:00,473.7187534110109
2023-11-10 06:45:00+00:00,472.63921498859025
2023-11-10 07:45:00+00:00,473.5130915394588
2023-11-10 08:45:00+00:00,466.7833807324626
2023-11-10 09:45:00+00:00,467.1539097211557
2023-11-13 03:45:00+00:00,465.72705800823775
2023-11-13 04:45:00+00:00,465.5084941557763
2023-11-13 05:45:00+00:00,462.45985474623035
2023-11-13 06:45:00+00:00,464.9987071108813
2023-11-13 07:45:00+00:00,462.6337076892155
2023-11-13 08:45:00+00:00,458.95766793926543
2023-11-13 09:45:00+00:00,461.0049573729167
2023-11-15 03:45:00+00:00,459.71815291752375
2023-11-15 04:45:00+00:00,459.35786193403044
2023-11-15 05:45:00+00:00,455.9783959225868
2023-11-15 06:45:00+00:00,456.26100650574926
2023-11-15 07:45:00+00:00,456.201805366687
2023-11-15 08:45:00+00:00,454.1703156110189
2023-11-15 09:45:00+00:00,454.561829065255
2023-11-16 03:45:00+00:00,455.09802978116
2023-11-16 04:45:00+00:00,457.73242199187206
2023-11-16 05:45:00+00:00,459.77564061792225
2023-11-16 06:45:00+00:00,460.89192083214976
2023-11-16 07:45:00+00:00,460.6218301457583
2023-11-16 08:45:00+00:00,457.59273591948005
2023-11-16 09:45:00+00:00,456.2337293377503
2023-11-17 03:45:00+00:00,462.03701914726867
2023-11-17 04:45:00+00:00,466.93377461397836
2023-11-17 05:45:00+00:00,475.9867800319514
2023-11-17 06:45:00+00:00,475.2446270177732
2023-11-17 07:45:00+00:00,478.7603738054606
2023-11-17 08:45:00+00:00,477.42589649115826
2023-11-17 09:45:00+00:00,476.772421280229
2023-11-20 03:45:00+00:00,471.64967921411125
2023-11-20 04:45:00+00:00,476.71621880106727
2023-11-20 05:45:00+00:00,480.41116420495484
2023-11-20 06:45:00+00:00,479.0682671713871
2023-11-20 07:45:00+00:00,479.65741336383525
2023-11-20 08:45:00+00:00,478.1223621598321
2023-11-20 09:45:00+00:00,482.6151507103403
2023-11-21 03:45:00+00:00,486.2055152581372
2023-11-21 04:45:00+00:00,487.2164294997023
2023-11-21 05:45:00+00:00,488.7900941965802
2023-11-21 06:45:00+00:00,491.20103729342156
2023-11-21 07:45:00+00:00,491.13507550434434
2023-11-21 08:45:00+00:00,490.9769611610451
2023-11-21 09:45:00+00:00,492.06950498257856
2023-11-22 03:45:00+00:00,486.2610354380358
2023-11-22 04:45:00+00:00,487.06687462001213
2023-11-22 05:45:00+00:00,489.04803389101363
2023-11-22 06:45:00+00:00,482.75288506485566
2023-11-22 07:45:00+00:00,480.3995490004675
2023-11-22 08:45:00+00:00,479.29817737499525
2023-11-22 09:45:00+00:00,483.8834664470067
2023-11-23 03:45:00+00:00,477.82011039746254
2023-11-23 04:45:00+00:00,475.04887269816686
2023-11-23 05:45:00+00:00,475.9917970026414
2023-11-23 06:45:00+00:00,480.28553672993496
2023-11-23 07:45:00+00:00,474.33205757173465
2023-11-23 08:45:00+00:00,474.1175019214535
2023-11-23 09:45:00+00:00,475.01492523008864
2023-11-24 03:45:00+00:00,481.9253822132022
2023-11-24 04:45:00+00:00,475.521623686628
2023-11-24 05:45:00+00:00,473.8663424593806
2023-11-24 06:45:00+00:00,476.02027178656505
2023-11-24 07:45:00+00:00,480.7033223890473
2023-11-24 08:45:00+00:00,477.5522756694941
2023-11-24 09:45:00+00:00,476.2593775211318
2023-11-28 03:45:00+00:00,474.7823651858896
2023-11-28 04:45:00+00:00,481.83378416354583
2023-11-28 05:45:00+00:00,481.29345423156286
2023-11-28 06:45:00+00:00,481.6602893830991
2023-11-28 07:45:00+00:00,476.91487375991426
2023-11-28 08:45:00+00:00,481.5501331211708
2023-11-28 09:45:00+00:00,483.01917245892787
2023-11-29 03:45:00+00:00,489.08379049092366
2023-11-29 04:45:00+00:00,491.160707383764
2023-11-29 05:45:00+00:00,495.9317223599585
2023-11-29 06:45:00+00:00,495.0573758775312
2023-11-29 07:45:00+00:00,491.24266127630307
2023-11-29 08:45:00+00:00,496.6396626810445
2023-11-29 09:45:00+00:00,496.49185511819013
2023-11-30 03:45:00+00:00,494.4735258229821
2023-11-30 04:45:00+00:00,489.0543255992851
2023-11-30 05:45:00+00:00,493.55233015213275
2023-11-30 06:45:00+00:00,495.9445282559484
2023-11-30 07:45:00+00:00,498.15449238648074
2023-11-30 08:45:00+00:00,496.458387553992
2023-11-30 09:45:00+00:00,495.11383904238784
2023-12-01 03:45:00+00:00,498.3681204603362
2023-12-01 04:45:00+00:00,500.34439309472157
2023-12-01 05:45:00+00:00,498.5638605333907
2023-12-01 06:45:00+00:00,505.25398075777616
2023-12-01 07:45:00+00:00,501.29116353264016
2023-12-01 08:45:00+00:00,508.81944542586126
2023-12-01 09:45:00+00:00,507.9612223884204
2023-12-04 03:45:00+00:00,512.2056288959424
2023-12-04 04:45:00+00:00,505.5459492049746
2023-12-04 05:45:00+00:00,511.0760890763168
2023-12-04 06:45:00+00:00,506.47228934730896
2023-12-04 07:45:00+00:00,510.0431209767025
2023-12-04 08:45:00+00:00,506.1286270869328
2023-12-04 09:45:00+00:00,503.8130440119012
2023-12-05 03:45:00+00:00,507.8012538858044
2023-12-05 04:45:00+00:00,510.14876648864436
2023-12-05 05:45:00+00:00,509.4703182215201
2023-12-05 06:45:00+00:00,508.54233082787925
2023-12-05 07:45:00+00:00,515.1647548651517
2023-12-05 08:45:00+00:00,510.8015444233408
2023-12-05 09:45:00+00:00,508.11833874146004
2023-12-06 03:45:00+00:00,512.2100048665271
2023-12-06 04:45:00+00:00,513.4918627493254
2023-12-06 05:45:00+00:00,518.3026066745331
2023-12-06 06:45:00+00:00,519.1598919888886
2023-12-06 07:45:00+00:00,516.1853140834421
2023-12-06 08:45:00+00:00,515.4767338859806
2023-12-06 09:45:00+00:00,525.5544339577506
2023-12-07 03:45:00+00:00,525.3309915489483
2023-12-07 04:45:00+00:00,522.646450954566
2023-12-07 05:45:00+00:00,525.9923165634673
2023-12-07 06:45:00+00:00,524.0170915991023
2023-12-07 07:45:00+00:00,518.7636066598451
2023-12-07 08:45:00+00:00,519.4361806581226
2023-12-07 09:45:00+00:00,509.51528178314004
2023-12-08 03:45:00+00:00,512.7255195642696
2023-12-08 04:45:00+00:00,519.0332554457594
2023-12-08 05:45:00+00:00,519.8090985307247
2023-12-08 06:45:00+00:00,520.5595363779843
2023-12-08 07:45:00+00:00,525.2835071605265
2023-12-08 08:45:00+00:00,521.0599264138355
2023-12-08 09:45:00+00:00,517.743048150789
2023-12-11 03:45:00+00:00,525.1934589603962
2023-12-11 04:45:00+00:00,525.1680196252956
2023-12-11 05:45:00+00:00,528.5588789388811
2023-12-11 06:45:00+00:00,521.4262315684115
2023-12-11 07:45:00+00:00,512.8016105194203
2023-12-11 08:45:00+00:00,515.3673566814557
2023-12-11 09:45:00+00:00,510.59333472548946
2023-12-12 03:45:00+00:00,509.8642449302899
2023-12-12 04:45:00+00:00,508.94420789025537
2023-12-12 05:45:00+00:00,508.7050629026403
2023-12-12 06:45:00+00:00,511.05391625659894
2023-12-12 07:45:00+00:00,512.2437100603906
2023-12-12 08:45:00+00:00,514.6840253639486
2023-12-12 09:45:00+00:00,516.9699578096584
2023-12-13 03:45:00+00:00,517.7833167635282
2023-12-13 04:45:00+00:00,521.156904465751
2023-12-13 05:45:00+00:00,526.9807294636488
2023-12-13 06:45:00+00:00,519.4822262524519
2023-12-13 07:45:00+00:00,508.1210275543177
2023-12-13 08:45:00+00:00,510.53330508126044
2023-12-13 09:45:00+00:00,511.89270836888477
2023-12-14 03:45:00+00:00,510.4781181237291
2023-12-14 04:45:00+00:00,506.890748148185
2023-12-14 05:45:00+00:00,507.6881689665621
2023-12-14 06:45:00+00:00,505.41474422465404
2023-12-14 07:45:00+00:00,504.00815090050037
2023-12-14 08:45:00+00:00,507.48380813016354
2023-12-14 09:45:00+00:00,505.74932024981274
2023-12-15 03:45:00+00:00,501.2102638294079
2023-12-15 04:45:00+00:00,499.7863961873437
2023-12-15 05:45:00+00:00,494.2644588875041
2023-12-15 06:45:00+00:00,495.2652337720132
2023-12-15 07:45:00+00:00,489.24225599231505
2023-12-15 08:45:00+00:00,485.97179193402195
2023-12-15 09:45:00+00:00,487.0577164224643
2023-12-18 03:45:00+00:00,486.6417368240043
2023-12-18 04:45:00+00:00,483.5070034571515
2023-12-18 05:45:00+00:00,482.37156562333695
2023-12-18 06:45:00+00:00,481.6574155767573
2023-12-18 07:45:00+00:00,479.6689853825614
2023-12-18 08:45:00+00:00,477.7381690472211
2023-12-18 09:45:00+00:00,479.5229621218415
2023-12-19 03:45:00+00:00,476.2413932719207
2023-12-19 04:45:00+00:00,478.4235168596489
2023-12-19 05:45:00+00:00,485.381827669758
2023-12-19 06:45:00+00:00,483.61852405996365
2023-12-19 07:45:00+00:00,479.34318338299704
2023-12-19 08:45:00+00:00,477.54614951131344
2023-12-19 09:45:00+00:00,473.3893004716606
2023-12-20 03:45:00+00:00,480.1898629957459
2023-12-20 04:45:00+00:00,474.3884870886123
2023-12-20 05:45:00+00:00,476.94168457604644
2023-12-20 06:45:00+00:00,480.0551575984949
2023-12-20 07:45:00+00:00,480.3710824066889
2023-12-20 08:45:00+00:00,478.1504618270761
2023-12-20 09:45:00+00:00,473.95548171700193
2023-12-21 03:45:00+00:00,476.43182520604637
2023-12-21 04:45:00+00:00,476.0838055583251
2023-12-21 05:45:00+00:00,472.1317138195588
2023-12-21 06:45:00+00:00,465.9394484212402
2023-12-21 07:45:00+00:00,471.5687239022692
2023-12-21 08:45:00+00:00,471.3864175259999
2023-12-21 09:45:00+00:00,475.0853755440912
2023-12-22 03:45:00+00:00,472.3313321382043
2023-12-22 04:45:00+00:00,468.29115305723514
2023-12-22 05:45:00+00:00,474.58952160636056
2023-12-22 06:45:00+00:00,469.30165577335936
2023-12-22 07:45:00+00:00,461.8119846911611
2023-12-22 08:45:00+00:00,457.0827522560015
2023-12-22 09:45:00+00:00,459.2439093809186
2023-12-26 03:45:00+00:00,454.8498173508602
2023-12-26 04:45:00+00:00,458.4437645557743
2023-12-26 05:45:00+00:00,462.0467969227357
2023-12-26 06:45:00+00:00,457.91269882775555
2023-12-26 07:45:00+00:00,456.63473564872896
2023-12-26 08:45:00+00:00,457.0606138420983
2023-12-26 09:45:00+00:00,458.31960277474366
2023-12-27 03:45:00+00:00,456.25607751617315
2023-12-27 04:45:00+00:00,457.41380985175556
2023-12-27 05:45:00+00:00,457.7576190910256
2023-12-27 06:45:00+00:00,455.3637610267616
2023-12-27 07:45:00+00:00,460.12611069878017
2023-12-27 08:45:00+00:00,461.68084283288425
2023-12-27 09:45:00+00:00,462.86785138442696
2023-12-28 03:45:00+00:00,466.10174242988853
2023-12-28 04:45:00+00:00,466.14223951248346
2023-12-28 05:45:00+00:00,465.9335725072574
2023-12-28 06:45:00+00:00,468.67825658341087
2023-12-28 07:45:00+00:00,466.38492825379114
2023-12-28 08:45:00+00:00,465.00072980358453
2023-12-28 09:45:00+00:00,467.04644788970484
2023-12-29 03:45:00+00:00,465.08011433756394
2023-12-29 04:45:00+00:00,469.02230500005044
2023-12-29 05:45:00+00:00,463.16962542908993
2023-12-29 06:45:00+00:00,463.2799644095381
2023-12-29 07:45:00+00:00,459.216146550084
2023-12-29 08:45:00+00:00,455.7662194319519
2023-12-29 09:45:00+00:00,454.0796521507999
2024-01-01 03:45:00+00:00,456.0863905140513
2024-01-01 04:45:00+00:00,454.9186686907543
2024-01-01 05:45:00+00:00,451.7304755948904
2024-01-01 06:45:00+00:00,452.9377444659392
2024-01-01 07:45:00+00:00,454.043876694857
2024-01-01 08:45:00+00:00,452.4586890556752
2024-01-01 09:45:00+00:00,457.1248163001652
2024-01-02 03:45:00+00:00,457.8244324311149
2024-01-02 04:45:00+00:00,460.6147945298839
2024-01-02 05:45:00+00:00,464.0433463859663
2024-01-02 06:45:00+00:00,464.8181953616044
2024-01-02 07:45:00+00:00,458.8582230570579
2024-01-02 08:45:00+00:00,461.52754245061436
2024-01-02 09:45:00+00:00,461.19337562575066
2024-01-03 03:45:00+00:00,457.96588096756517
2024-01-03 04:45:00+00:00,456.45249932509444
2024-01-03 05:45:00+00:00,445.945533432243
2024-01-03 06:45:00+00:00,442.9003247564235
2024-01-03 07:45:00+00:00,441.66873696438137
2024-01-03 08:45:00+00:00,440.9827740212479
2024-01-03 09:45:00+00:00,440.06160590629696
2024-01-04 03:45:00+00:00,437.29718256079144
2024-01-04 04:45:00+00:00,443.0577550612164
2024-01-04 05:45:00+00:00,441.9878358304576
2024-01-04 06:45:00+00:00,440.54037196468147
2024-01-04 07:45:00+00:00,439.9582826044563
2024-01-04 08:45:00+00:00,436.7889451845452
2024-01-04 09:45:00+00:00,435.447881538389
2024-01-05 03:45:00+00:00,432.4525187009692
2024-01-05 04:45:00+00:00,435.77022814491437
2024-01-05 05:45:00+00:00,433.9361360149762
2024-01-05 06:45:00+00:00,432.23080472089214
2024-01-05 07:45:00+00:00,426.4740266053865
2024-01-05 08:45:00+00:00,430.93292975487583
2024-01-05 09:45:00+00:00,435.81427618079596
2024-01-08 03:45:00+00:00,433.7136081594437
2024-01-08 04:45:00+00:00,429.1152931391635
2024-01-08 05:45:00+00:00,423.8972864754955
2024-01-08 06:45:00+00:00,422.14404071459734
2024-01-08 07:45:00+00:00,426.7370442864093
2024-01-08 08:45:00+00:00,426.99316787637446
2024-01-08 09:45:00+00:00,423.07620597765754
2024-01-09 03:45:00+00:00,418.9578533433048
2024-01-09 04:45:00+00:00,420.13262681815735
2024-01-09 05:45:00+00:00,424.1338603925446
2024-01-09 06:45:00+00:00,418.4831782462742
2024-01-09 07:45:00+00:00,418.7779231077579
2024-01-09 08:45:00+00:00,426.1052805157944
2024-01-09 09:45:00+00:00,425.99807261210725
2024-01-10 03:45:00+00:00,422.4162140555633
2024-01-10 04:45:00+00:00,426.6809886214216
2024-01-10 05:45:00+00:00,425.1839401637578
2024-01-10 06:45:00+00:00,431.646993740105
2024-01-10 07:45:00+00:00,436.8713350655767
2024-01-10 08:45:00+00:00,435.27950304693474
2024-01-10 09:45:00+00:00,425.69850932999015
2024-01-11 03:45:00+00:00,419.93679668565306
2024-01-11 04:45:00+00:00,419.89923621109693
2024-01-11 05:45:00+00:00,417.76977111192264
2024-01-11 06:45:00+00:00,414.728895141622
2024-01-11 07:45:00+00:00,414.0927880917947
2024-01-11 08:45:00+00:00,413.86799684290753
2024-01-11 09:45:00+00:00,416.71292231667354
2024-01-12 03:45:00+00:00,413.01295599987856
2024-01-12 04:45:00+00:00,414.90398290535205
2024-01-12 05:45:00+00:00,414.1967527129025
2024-01-12 06:45:00+00:00,411.5688163895095
2024-01-12 07:45:00+00:00,416.01621812959417
2024-01-12 08:45:00+00:00,418.9056549929306
2024-01-12 09:45:00+00:00,420.70611596978466
2024-01-15 03:45:00+00:00,421.618246047426
2024-01-15 04:45:00+00:00,421.98431615491916
2024-01-15 05:45:00+00:00,423.37773599533267
2024-01-15 06:45:00+00:00,421.69128180766774
2024-01-15 07:45:00+00:00,427.24194318184124
2024-01-15 08:45:00+00:00,427.20603500759563
2024-01-15 09:45:00+00:00,427.80030973981883
2024-01-16 03:45:00+00:00,426.77479362474264
2024-01-16 04:45:00+00:00,426.99316764681726
2024-01-16 05:45:00+00:00,430.4188466564412
2024-01-16 06:45:00+00:00,435.05219702286354
2024-01-16 07:45:00+00:00,432.71346185923045
2024-01-16 08:45:00+00:00,433.4879549344556
2024-01-16 09:45:00+00:00,436.3738218482927
2024-01-17 03:45:00+00:00,434.24756599436864
2024-01-17 04:45:00+00:00,437.11796065490023
2024-01-17 05:45:00+00:00,439.0517593953723
2024-01-17 06:45:00+00:00,439.45465252187677
2024-01-17 07:45:00+00:00,437.40967540557943
2024-01-17 08:45:00+00:00,438.1319631406813
2024-01-17 09:45:00+00:00,438.6970842953816
2024-01-18 03:45:00+00:00,442.1243231052012
2024-01-18 04:45:00+00:00,443.00934988462114
2024-01-18 05:45:00+00:00,443.8928402101599
2024-01-18 06:45:00+00:00,440.10025497876654
2024-01-18 07:45:00+00:00,437.15950707710516
2024-01-18 08:45:00+00:00,439.3779378010362
2024-01-18 09:45:00+00:00,439.70155889666813
2024-01-19 03:45:00+00:00,445.1076674562042
2024-01-19 04:45:00+00:00,441.89948523890166
2024-01-19 05:45:00+00:00,447.83076497299845
2024-01-19 06:45:00+00:00,448.7553477288958
2024-01-19 07:45:00+00:00,446.3101400623128
2024-01-19 08:45:00+00:00,448.8879659157246
2024-01-19 09:45:00+00:00,447.16370098906907
2024-01-23 03:45:00+00:00,445.67562144841435
2024-01-23 04:45:00+00:00,439.2854269701332
2024-01-23 05:45:00+00:00,443.0927738633802
2024-01-23 06:45:00+00:00,443.8492584127552
2024-01-23 07:45:00+00:00,446.5122111812297
2024-01-23 08:45:00+00:00,440.4393619657575
2024-01-23 09:45:00+00:00,439.61922119050513
2024-01-24 03:45:00+00:00,441.9727232604405
2024-01-24 04:45:00+00:00,441.0021915594717
2024-01-24 05:45:00+00:00,443.3685185157044
2024-01-24 06:45:00+00:00,445.172384871982
2024-01-24 07:45:00+00:00,445.6514852683303
2024-01-24 08:45:00+00:00,438.871236605794
2024-01-24 09:45:00+00:00,444.15468915708425
2024-01-25 03:45:00+00:00,445.07159373293536
2024-01-25 04:45:00+00:00,439.3272769840963
2024-01-25 05:45:00+00:00,439.8187352261014
2024-01-25 06:45:00+00:00,443.49720252964863
2024-01-25 07:45:00+00:00,447.23499833865685
2024-01-25 08:45:00+00:00,447.5455127007692
2024-01-25 09:45:00+00:00,448.4703994082136
2024-01-29 03:45:00+00:00,447.4914716294221
2024-01-29 04:45:00+00:00,450.2217412275384
2024-01-29 05:45:00+00:00,452.4591218643742
2024-01-29 06:45:00+00:00,453.71503330986263
2024-01-29 07:45:00+00:00,450.12375589051896
2024-01-29 08:45:00+00:00,451.12407723366044
2024-01-29 09:45:00+00:00,449.69895588535525
2024-01-30 03:45:00+00:00,447.07061715949334
2024-01-30 04:45:00+00:00,449.09875169508274
2024-01-30 05:45:00+00:00,452.57140816993774
2024-01-30 06:45:00+00:00,457.77751196887823
2024-01-30 07:45:00+00:00,455.0332683403137
2024-01-30 08:45:00+00:00,459.354454047195
2024-01-30 09:45:00+00:00,463.81988533568256
2024-01-31 03:45:00+00:00,462.36710988727975
2024-01-31 04:45:00+00:00,465.83005197347717
2024-01-31 05:45:00+00:00,463.4603148866095
2024-01-31 06:45:00+00:00,469.87244085383384
2024-01-31 07:45:00+00:00,471.9043690980817
2024-01-31 08:45:00+00:00,469.4963511186518
2024-01-31 09:45:00+00:00,477.36070686589954
2024-02-01 03:45:00+00:00,480.8191488153679
2024-02-01 04:45:00+00:00,473.1179592595664
2024-02-01 05:45:00+00:00,477.90213714668215
2024-02-01 06:45:00+00:00,478.5305156559718
2024-02-01 07:45:00+00:00,479.1971219359655
2024-02-01 08:45:00+00:00,482.528228133751
2024-02-01 09:45:00+00:00,482.77668996200106
2024-02-02 03:45:00+00:00,478.5758520339816
2024-02-02 04:45:00+00:00,478.1065004785645
2024-02-02 05:45:00+00:00,478.0056276597122
2024-02-02 06:45:00+00:00,478.30397190099376
2024-02-02 07:45:00+00:00,483.61946170349717
2024-02-02 08:45:00+00:00,481.4476277325113
2024-02-02 09:45:00+00:00,487.9026525343955
2024-02-05 03:45:00+00:00,486.4011947815698
2024-02-05 04:45:00+00:00,482.4341107146467
2024-02-05 05:45:00+00:00,480.95553208555935
2024-02-05 06:45:00+00:00,479.19024772688414
2024-02-05 07:45:00+00:00,473.4943054035306
2024-02-05 08:45:00+00:00,474.8213767787971
2024-02-05 09:45:00+00:00,475.62090534747875
2024-02-06 03:45:00+00:00,475.57009571562236
2024-02-06 04:45:00+00:00,473.95758767644645
2024-02-06 05:45:00+00:00,471.06230056792594
2024-02-06 06:45:00+00:00,464.22498734763076
2024-02-06 07:45:00+00:00,465.8846966243363
2024-02-06 08:45:00+00:00,467.39830456981065
2024-02-06 09:45:00+00:00,466.990727997754
2024-02-07 03:45:00+00:00,464.6438451146579
2024-02-07 04:45:00+00:00,467.88358691087103
2024-02-07 05:45:00+00:00,466.4750494070199
2024-02-07 06:45:00+00:00,465.8861901151584
2024-02-07 07:45:00+00:00,465.4692658821629
2024-02-07 08:45:00+00:00,470.7026190639828
2024-02-07 09:45:00+00:00,468.2508770871097
2024-02-08 03:45:00+00:00,469.4810608309773
2024-02-08 04:45:00+00:00,467.8134365416151
2024-02-08 05:45:00+00:00,467.8652227118514
2024-02-08 06:45:00+00:00,465.15113261633246
2024-02-08 07:45:00+00:00,460.07916691169487
2024-02-08 08:45:00+00:00,460.70364017962225
2024-02-08 09:45:00+00:00,458.76453574832635
2024-02-09 03:45:00+00:00,455.6654427218116
2024-02-09 04:45:00+00:00,458.06012922647494
2024-02-09 05:45:00+00:00,466.2024910145369
2024-02-09 06:45:00+00:00,468.8525759641916
2024-02-09 07:45:00+00:00,468.39557664304795
2024-02-09 08:45:00+00:00,468.2895902749323
2024-02-09 09:45:00+00:00,469.241143416551
2024-02-12 03:45:00+00:00,472.241977540994
2024-02-12 04:45:00+00:00,471.58158896899903
2024-02-12 05:45:00+00:00,463.01636020444755
2024-02-12 06:45:00+00:00,460.563813396697
2024-02-12 07:45:00+00:00,458.7720837171723
2024-02-12 08:45:00+00:00,454.60825111479215
2024-02-12 09:45:00+00:00,450.56119104035724
2024-02-13 03:45:00+00:00,448.5168857955324
2024-02-13 04:45:00+00:00,448.70210844323213
2024-02-13 05:45:00+00:00,443.59041757272047
2024-02-13 06:45:00+00:00,439.1650252357448
2024-02-13 07:45:00+00:00,441.3059539008272
2024-02-13 08:45:00+00:00,433.29587300888954
2024-02-13 09:45:00+00:00,438.4756662462127
2024-02-14 03:45:00+00:00,442.50425492973267
2024-02-14 04:45:00+00:00,445.36597760108856
2024-02-14 05:45:00+00:00,444.05848486113564
2024-02-14 06:45:00+00:00,445.947805396856
2024-02-14 07:45:00+00:00,448.2348743589779
2024-02-14 08:45:00+00:00,447.0966446158687
2024-02-14 09:45:00+00:00,447.18530315781743
2024-02-15 03:45:00+00:00,446.41734503291076
2024-02-15 04:45:00+00:00,448.58851270915955
2024-02-15 05:45:00+00:00,448.5999826890316
2024-02-15 06:45:00+00:00,449.0902441389964
2024-02-15 07:45:00+00:00,443.40032413775816
2024-02-15 08:45:00+00:00,443.4256602537127
2024-02-15 09:45:00+00:00,435.7991717362182
2024-02-16 03:45:00+00:00,437.3481426235367
2024-02-16 04:45:00+00:00,438.35200901298106
2024-02-16 05:45:00+00:00,440.03207608545284
2024-02-16 06:45:00+00:00,434.96470229312155
2024-02-16 07:45:00+00:00,431.91428392380544
2024-02-16 08:45:00+00:00,429.85715389860843
2024-02-16 09:45:00+00:00,429.789080992042
2024-02-19 03:45:00+00:00,431.8262395696365
2024-02-19 04:45:00+00:00,431.288284541997
2024-02-19 05:45:00+00:00,427.34163886531115
2024-02-19 06:45:00+00:00,423.3058829053289
2024-02-19 07:45:00+00:00,423.6789020012187
2024-02-19 08:45:00+00:00,423.9697467793184
2024-02-19 09:45:00+00:00,431.96246497268544
2024-02-20 03:45:00+00:00,434.1979072246696
2024-02-20 04:45:00+00:00,433.60613034736406
2024-02-20 05:45:00+00:00,435.0759401179531
2024-02-20 06:45:00+00:00,431.03463823129016
2024-02-20 07:45:00+00:00,428.08276983869507
2024-02-20 08:45:00+00:00,428.10589755453714
2024-02-20 09:45:00+00:00,432.8216368832597
2024-02-21 03:45:00+00:00,433.38202953741126
2024-02-21 04:45:00+00:00,432.74878835095427
2024-02-21 05:45:00+00:00,430.2270549191989
2024-02-21 06:45:00+00:00,433.89506751095234
2024-02-21 07:45:00+00:00,433.8854376333105
2024-02-21 08:45:00+00:00,432.0813498067006
2024-02-21 09:45:00+00:00,428.48417032966415
2024-02-22 03:45:00+00:00,430.17229847667784
2024-02-22 04:45:00+00:00,429.0843757455803
2024-02-22 05:45:00+00:00,429.77477744072814
2024-02-22 06:45:00+00:00,430.4516452864817
2024-02-22 07:45:00+00:00,432.30599824416174
2024-02-22 08:45:00+00:00,429.105260237356
2024-02-22 09:45:00+00:00,429.6476861805319
2024-02-23 03:45:00+00:00,432.46030026249304
2024-02-23 04:45:00+00:00,428.92174695298115
2024-02-23 05:45:00+00:00,421.30047677694887
2024-02-23 06:45:00+00:00,420.0940725785438
2024-02-23 07:45:00+00:00,420.4112195344194
2024-02-23 08:45:00+00:00,419.0311395830233
2024-02-23 09:45:00+00:00,422.32650813911897
2024-02-26 03:45:00+00:00,423.72398988143584
2024-02-26 04:45:00+00:00,427.12075081797036
2024-02-26 05:45:00+00:00,427.574264234272
2024-02-26 06:45:00+00:00,422.8782982093832
2024-02-26 07:45:00+00:00,425.13289598639057
2024-02-26 08:45:00+00:00,425.7851189326487
2024-02-26 09:45:00+00:00,427.7400922700975
2024-02-27 03:45:00+00:00,431.0814320515147
2024-02-27 04:45:00+00:00,427.6599357242053
2024-02-27 05:45:00+00:00,430.09380912235207
2024-02-27 06:45:00+00:00,429.5892551104937
2024-02-27 07:45:00+00:00,424.2692020115553
2024-02-27 08:45:00+00:00,426.8076860559759
2024-02-27 09:45:00+00:00,428.6301218777135
2024-02-28 03:45:00+00:00,427.70794839031333
2024-02-28 04:45:00+00:00,429.26668056637936
2024-02-28 05:45:00+00:00,427.1014834757477
2024-02-28 06:45:00+00:00,424.4959560204003
2024-02-28 07:45:00+00:00,421.5476002089208
2024-02-28 08:45:00+00:00,423.737912986707
2024-02-28 09:45:00+00:00,420.88160915930183
2024-02-29 03:45:00+00:00,421.9525219927211
2024-02-29 04:45:00+00:00,425.0867181461597
2024-02-29 05:45:00+00:00,425.3430292801013
2024-02-29 06:45:00+00:00,421.0590521141603
2024-02-29 07:45:00+00:00,427.2311928270026
2024-02-29 08:45:00+00:00,428.49371149542475
2024-02-29 09:45:00+00:00,421.2338621395445
2024-03-01 03:45:00+00:00,421.46057151497905
2024-03-01 04:45:00+00:00,424.5015005688794
2024-03-01 05:45:00+00:00,424.78990745705266
2024-03-01 06:45:00+00:00,419.3460735177387
2024-03-01 07:45:00+00:00,420.42687695621083
2024-03-01 08:45:00+00:00,419.58702376169737
2024-03-01 09:45:00+00:00,419.2656246118709
2024-03-04 03:45:00+00:00,413.97476538521255
2024-03-04 04:45:00+00:00,412.70516963527785
2024-03-04 05:45:00+00:00,403.8054526218676
2024-03-04 06:45:00+00:00,406.99990532265525
2024-03-04 07:45:00+00:00,403.4193323128549
2024-03-04 08:45:00+00:00,409.3610484911868
2024-03-04 09:45:00+00:00,412.63132196554756
2024-03-05 03:45:00+00:00,414.14778858771933
2024-03-05 04:45:00+00:00,411.32421210795616
2024-03-05 05:45:00+00:00,409.8555135918862
2024-03-05 06:45:00+00:00,409.3659941602622
2024-03-05 07:45:00+00:00,408.38427253086724
2024-03-05 08:45:00+00:00,409.26249284541103
2024-03-05 09:45:00+00:00,408.03937388039725
2024-03-06 03:45:00+00:00,403.8581869409979
2024-03-06 04:45:00+00:00,407.038534580936
2024-03-06 05:45:00+00:00,410.47149981604616
2024-03-06 06:45:00+00:00,409.59907749691206
2024-03-06 07:45:00+00:00,412.8987570530947
2024-03-06 08:45:00+00:00,409.88905879191464
2024-03-06 09:45:00+00:00,412.16758613601365
2024-03-07 03:45:00+00:00,411.5904269251589
2024-03-07 04:45:00+00:00,410.3483164767676
2024-03-07 05:45:00+00:00,418.10807015942584
2024-03-07 06:45:00+00:00,417.6083606299731
2024-03-07 07:45:00+00:00,418.07237570574955
2024-03-07 08:45:00+00:00,416.24668035376897
2024-03-07 09:45:00+00:00,414.76046917569874
2024-03-11 03:45:00+00:00,409.98227817093283
2024-03-11 04:45:00+00:00,416.982020227155
2024-03-11 05:45:00+00:00,416.1961514690436
2024-03-11 06:45:00+00:00,421.0231542981041
2024-03-11 07:45:00+00:00,422.87150758587615
2024-03-11 08:45:00+00:00,422.95025615050326
2024-03-11 09:45:00+00:00,422.8165960094383
2024-03-12 03:45:00+00:00,427.5795232901619
2024-03-12 04:45:00+00:00,424.3495968318053
2024-03-12 05:45:00+00:00,420.10517949933813
2024-03-12 06:45:00+00:00,420.3886338366307
2024-03-12 07:45:00+00:00,415.1690993587039
2024-03-12 08:45:00+00:00,414.59748703257566
2024-03-12 09:45:00+00:00,413.852280535751
2024-03-13 03:45:00+00:00,412.95780051198096
2024-03-13 04:45:00+00:00,409.67459352847794
2024-03-13 05:45:00+00:00,413.9171593494923
2024-03-13 06:45:00+00:00,410.0866891252596
2024-03-13 07:45:00+00:00,409.5709733860121
2024-03-13 08:45:00+00:00,406.7076045962254
2024-03-13 09:45:00+00:00,409.2630907153475
2024-03-14 03:45:00+00:00,404.1435399708498
2024-03-14 04:45:00+00:00,404.7803253861536
2024-03-14 05:45:00+00:00,409.4654489829389
2024-03-14 06:45:00+00:00,403.49296519208485
2024-03-14 07:45:00+00:00,406.69061322021116
2024-03-14 08:45:00+00:00,406.50337239107785
2024-03-14 09:45:00+00:00,406.3924611790599
2024-03-15 03:45:00+00:00,405.62332265666413
2024-03-15 04:45:00+00:00,404.21133669185303
2024-03-15 05:45:00+00:00,402.0107259213701
2024-03-15 06:45:00+00:00,407.4886673760936
2024-03-15 07:45:00+00:00,402.1042179972586
2024-03-15 08:45:00+00:00,401.4282255187246
2024-03-15 09:45:00+00:00,404.5965140499074
2024-03-18 03:45:00+00:00,408.671522212303
2024-03-18 04:45:00+00:00,406.9025670888051
2024-03-18 05:45:00+00:00,409.06868407364476
2024-03-18 06:45:00+00:00,409.7918493590669
2024-03-18 07:45:00+00:00,411.83550649045475
2024-03-18 08:45:00+00:00,411.6444903771685
2024-03-18 09:45:00+00:00,407.48549160733336
2024-03-19 03:45:00+00:00,404.9152650333777
2024-03-19 04:45:00+00:00,409.4581177463352
2024-03-19 05:45:00+00:00,407.54797984084627
2024-03-19 06:45:00+00:00,410.9699838653229
2024-03-19 07:45:00+00:00,412.50313618487286
2024-03-19 08:45:00+00:00,421.9321911083573
2024-03-19 09:45:00+00:00,423.00740686659054
2024-03-20 03:45:00+00:00,425.7704464744688
2024-03-20 04:45:00+00:00,433.16909559232187
2024-03-20 05:45:00+00:00,422.38817257907164
2024-03-20 06:45:00+00:00,423.9472118348485
2024-03-20 07:45:00+00:00,423.4878765617275
2024-03-20 08:45:00+00:00,426.6432959465041
2024-03-20 09:45:00+00:00,423.4740638660797
2024-03-21 03:45:00+00:00,425.06325797884745
2024-03-21 04:45:00+00:00,429.3228112977381
2024-03-21 05:45:00+00:00,424.28458154648
2024-03-21 06:45:00+00:00,425.118181777684
2024-03-21 07:45:00+00:00,425.16715799374197
2024-03-21 08:45:00+00:00,429.55174382773475
2024-03-21 09:45:00+00:00,426.0075261859647
2024-03-22 03:45:00+00:00,425.23466010792504
2024-03-22 04:45:00+00:00,424.99679460718403
2024-03-22 05:45:00+00:00,423.3788878267505
2024-03-22 06:45:00+00:00,424.1025754145782
2024-03-22 07:45:00+00:00,422.5197383631487
2024-03-22 08:45:00+00:00,424.4331715402421
2024-03-22 09:45:00+00:00,427.2574110194144
2024-03-26 03:45:00+00:00,430.92698673758173
2024-03-26 04:45:00+00:00,433.16571020176383
2024-03-26 05:45:00+00:00,434.5581362350638
2024-03-26 06:45:00+00:00,431.89184210604765
2024-03-26 07:45:00+00:00,432.3202947731073
2024-03-26 08:45:00+00:00,430.19036733478134
2024-03-26 09:45:00+00:00,430.23133850183154
2024-03-27 03:45:00+00:00,434.01688632519745
2024-03-27 04:45:00+00:00,435.8930300719943
2024-03-27 05:45:00+00:00,435.89264012596743
2024-03-27 06:45:00+00:00,432.11046532982
2024-03-27 07:45:00+00:00,432.57124719834354
2024-03-27 08:45:00+00:00,425.1331030570601
2024-03-27 09:45:00+00:00,421.59441815081937
2024-03-28 03:45:00+00:00,422.11490789683273
2024-03-28 04:45:00+00:00,422.64919737171385
2024-03-28 05:45:00+00:00,419.7404228357861
2024-03-28 06:45:00+00:00,421.37584215560025
2024-03-28 07:45:00+00:00,417.9575013289752
2024-03-28 08:45:00+00:00,420.3954787003855
2024-03-28 09:45:00+00:00,420.28850449892536
2024-04-01 03:45:00+00:00,420.4282113188444
2024-04-01 04:45:00+00:00,424.27411989868506
2024-04-01 05:45:00+00:00,427.5624005841048
2024-04-01 06:45:00+00:00,432.8324898214995
2024-04-01 07:45:00+00:00,431.5550653352449
2024-04-01 08:45:00+00:00,428.4343803213024
2024-04-01 09:45:00+00:00,423.7679544188883
2024-04-02 03:45:00+00:00,426.062640173003
2024-04-02 04:45:00+00:00,420.7400752399646
2024-04-02 05:45:00+00:00,418.9220570167385
2024-04-02 06:45:00+00:00,420.5644808996131
2024-04-02 07:45:00+00:00,423.1089625933623
2024-04-02 08:45:00+00:00,423.585432298682
2024-04-02 09:45:00+00:00,419.9942734817858
2024-04-03 03:45:00+00:00,414.5330964724732
2024-04-03 04:45:00+00:00,406.6360036193207
2024-04-03 05:45:00+00:00,409.37993508289776
2024-04-03 06:45:00+00:00,408.97450935689847
2024-04-03 07:45:00+00:00,407.77909711621834
2024-04-03 08:45:00+00:00,409.9169279221427
2024-04-03 09:45:00+00:00,410.5035404349187
2024-04-04 03:45:00+00:00,411.28783278926994
2024-04-04 04:45:00+00:00,412.75643005732354
2024-04-04 05:45:00+00:00,415.75278271931677
2024-04-04 06:45:00+00:00,411.9848065722985
2024-04-04 07:45:00+00:00,413.7454350039066
2024-04-04 08:45:00+00:00,412.80279238389664
2024-04-04 09:45:00+00:00,413.2822490140716
2024-04-05 03:45:00+00:00,415.0263608442124
2024-04-05 04:45:00+00:00,416.7795511638559
2024-04-05 05:45:00+00:00,416.30422684693986
2024-04-05 06:45:00+00:00,419.50242919049333
2024-04-05 07:45:00+00:00,415.8389892108669
2024-04-05 08:45:00+00:00,416.264223995104
2024-04-05 09:45:00+00:00,411.65303153885924
2024-04-08 03:45:00+00:00,411.95196393613895
2024-04-08 04:45:00+00:00,417.1278825515576
2024-04-08 05:45:00+00:00,418.6079334452747
2024-04-08 06:45:00+00:00,420.5025992230164
2024-04-08 07:45:00+00:00,424.17550302925844
2024-04-08 08:45:00+00:00,420.21608915287186
2024-04-08 09:45:00+00:00,420.0428839166436
2024-04-09 03:45:00+00:00,421.6852777054819
2024-04-09 04:45:00+00:00,421.6647892795922
2024-04-09 05:45:00+00:00,422.64826883903856
2024-04-09 06:45:00+00:00,421.85488689109286
2024-04-09 07:45:00+00:00,424.6659760792876
2024-04-09 08:45:00+00:00,422.43999537281803
2024-04-09 09:45:00+00:00,425.42666205939656
2024-04-10 03:45:00+00:00,428.748360724452
2024-04-10 04:45:00+00:00,432.3930226827382
2024-04-10 05:45:00+00:00,429.32917123745176
2024-04-10 06:45:00+00:00,428.6344103747045
2024-04-10 07:45:00+00:00,431.5861489448972
2024-04-10 08:45:00+00:00,427.6843439501113
2024-04-10 09:45:00+00:00,429.31787113970256
2024-04-12 03:45:00+00:00,429.206686457661
2024-04-12 04:45:00+00:00,429.89243749955847
2024-04-12 05:45:00+00:00,426.24522355199167
2024-04-12 06:45:00+00:00,430.19019449687113
2024-04-12 07:45:00+00:00,432.01670484169114
2024-04-12 08:45:00+00:00,426.7809408068259
2024-04-12 09:45:00+00:00,428.082327428991
2024-04-15 03:45:00+00:00,426.936246114056
2024-04-15 04:45:00+00:00,425.8553054973141
2024-04-15 05:45:00+00:00,429.0030482626028
2024-04-15 06:45:00+00:00,431.9019513205992
2024-04-15 07:45:00+00:00,431.00592780559657
2024-04-15 08:45:00+00:00,430.2186851644416
2024-04-15 09:45:00+00:00,429.2564372092043
2024-04-16 03:45:00+00:00,431.0667563560319
2024-04-16 04:45:00+00:00,426.3473886903939
2024-04-16 05:45:00+00:00,428.4296620248614
2024-04-16 06:45:00+00:00,421.050773499744
2024-04-16 07:45:00+00:00,419.1145402270424
2024-04-16 08:45:00+00:00,415.6689221814121
2024-04-16 09:45:00+00:00,419.2573080813153
2024-04-18 03:45:00+00:00,417.1954508149818
2024-04-18 04:45:00+00:00,417.9354185189859
2024-04-18 05:45:00+00:00,422.79373983601624
2024-04-18 06:45:00+00:00,425.52037129722885
2024-04-18 07:45:00+00:00,428.3234413323225
2024-04-18 08:45:00+00:00,429.63972792414023
2024-04-18 09:45:00+00:00,428.200779367041
2024-04-19 03:45:00+00:00,425.99019722394456
2024-04-19 04:45:00+00:00,427.2457725586104
2024-04-19 05:45:00+00:00,425.30810856451217
2024-04-19 06:45:00+00:00,422.273817182867
2024-04-19 07:45:00+00:00,425.24151732455607
2024-04-19 08:45:00+00:00,425.28191986294274
2024-04-19 09:45:00+00:00,421.09474548794464
2024-04-22 03:45:00+00:00,422.0968531113664
2024-04-22 04:45:00+00:00,417.782093321701
2024-04-22 05:45:00+00:00,416.1288577393427
2024-04-22 06:45:00+00:00,415.97462180311186
2024-04-22 07:45:00+00:00,414.34128671227006
2024-04-22 08:45:00+00:00,410.01351148943814
2024-04-22 09:45:00+00:00,407.6372096860633
2024-04-23 03:45:00+00:00,403.6265025770481
2024-04-23 04:45:00+00:00,407.40183511248273
2024-04-23 05:45:00+00:00,408.71999084290445
2024-04-23 06:45:00+00:00,406.1270571668993
2024-04-23 07:45:00+00:00,403.8467603672146
2024-04-23 08:45:00+00:00,399.5505040930139
2024-04-23 09:45:00+00:00,397.91970177948974
2024-04-24 03:45:00+00:00,398.3004404943967
2024-04-24 04:45:00+00:00,398.7522369437147
2024-04-24 05:45:00+00:00,394.5288431774137
2024-04-24 06:45:00+00:00,388.3345904774772
2024-04-24 07:45:00+00:00,387.4071580829135
2024-04-24 08:45:00+00:00,384.27806585016356
2024-04-24 09:45:00+00:00,386.9315031089202
2024-04-25 03:45:00+00:00,389.734298270352
2024-04-25 04:45:00+00:00,390.98719419942637
2024-04-25 05:45:00+00:00,394.59184286599674
2024-04-25 06:45:00+00:00,393.40524044715335
2024-04-25 07:45:00+00:00,393.19163655274593
2024-04-25 08:45:00+00:00,390.35342359339097
2024-04-25 09:45:00+00:00,389.299143726318
2024-04-26 03:45:00+00:00,388.5648005186102
2024-04-26 04:45:00+00:00,387.22240681926786
2024-04-26 05:45:00+00:00,390.17015210075516
2024-04-26 06:45:00+00:00,393.469661847428
2024-04-26 07:45:00+00:00,396.68799305664555
2024-04-26 08:45:00+00:00,396.9491928995107
2024-04-26 09:45:00+00:00,389.06074007804506
2024-04-29 03:45:00+00:00,385.3693412036824
2024-04-29 04:45:00+00:00,383.72019583333736
2024-04-29 05:45:00+00:00,385.2226252561761
2024-04-29 06:45:00+00:00,382.1909277172953
2024-04-29 07:45:00+00:00,380.6036025640013
2024-04-29 08:45:00+00:00,377.13478310590335
2024-04-29 09:45:00+00:00,375.4800431428519
2024-04-30 03:45:00+00:00,380.54442435829316
2024-04-30 04:45:00+00:00,378.2445488911483
2024-04-30 05:45:00+00:00,376.20575872783934
2024-04-30 06:45:00+00:00,377.8259978490746
2024-04-30 07:45:00+00:00,380.32151839577284
2024-04-30 08:45:00+00:00,379.43408787384993
2024-04-30 09:45:00+00:00,383.1295720611219
2024-05-02 03:45:00+00:00,384.7744818562187
2024-05-02 04:45:00+00:00,387.9148258357566
2024-05-02 05:45:00+00:00,385.4675028658669
2024-05-02 06:45:00+00:00,391.16703651948376
2024-05-02 07:45:00+00:00,389.57926030711457
2024-05-02 08:45:00+00:00,389.3541253978553
2024-05-02 09:45:00+00:00,391.24649541734846
2024-05-03 03:45:00+00:00,390.070907075118
2024-05-03 04:45:00+00:00,390.9012422919218
2024-05-03 05:45:00+00:00,395.15024711701506
2024-05-03 06:45:00+00:00,390.97385983207056
2024-05-03 07:45:00+00:00,386.3699697073668
2024-05-03 08:45:00+00:00,387.69892742560654
2024-05-03 09:45:00+00:00,385.82510780884144
2024-05-06 03:45:00+00:00,386.1739295629952
2024-05-06 04:45:00+00:00,382.215031370332
2024-05-06 05:45:00+00:00,380.6413896271042
2024-05-06 06:45:00+00:00,377.56934347622183
2024-05-06 07:45:00+00:00,373.50440858806974
2024-05-06 08:45:00+00:00,371.49661636739734
2024-05-06 09:45:00+00:00,368.10032202411514
2024-05-07 03:45:00+00:00,371.44279252253864
2024-05-07 04:45:00+00:00,367.61161187068666
2024-05-07 05:45:00+00:00,363.00112804330894
2024-05-07 06:45:00+00:00,363.02476727927535
2024-05-07 07:45:00+00:00,364.4956308289331
2024-05-07 08:45:00+00:00,364.1520478610706
2024-05-07 09:45:00+00:00,364.14683477285547
2024-05-08 03:45:00+00:00,357.03178612218295
2024-05-08 04:45:00+00:00,355.083954660815
2024-05-08 05:45:00+00:00,353.7192729719806
2024-05-08 06:45:00+00:00,352.95624989381196
2024-05-08 07:45:00+00:00,349.32783019499135
2024-05-08 08:45:00+00:00,350.39202847685027
2024-05-08 09:45:00+00:00,356.4468264042892
2024-05-09 03:45:00+00:00,356.2763244354367
2024-05-09 04:45:00+00:00,353.9113338519431
2024-05-09 05:45:00+00:00,349.9756455360921
2024-05-09 06:45:00+00:00,349.03252418139846
2024-05-09 07:45:00+00:00,355.7908455629492
2024-05-09 08:45:00+00:00,355.997607759187
2024-05-09 09:45:00+00:00,353.2390480105791
2024-05-10 03:45:00+00:00,351.3277505953766
2024-05-10 04:45:00+00:00,351.6522124066173
2024-05-10 05:45:00+00:00,347.35929738840144
2024-05-10 06:45:00+00:00,348.86710456871543
2024-05-10 07:45:00+00:00,343.9655230331496
2024-05-10 08:45:00+00:00,340.0287084083523
2024-05-10 09:45:00+00:00,339.73574422852414
2024-05-13 03:45:00+00:00,335.44855020380027
2024-05-13 04:45:00+00:00,337.6082460078088
2024-05-13 05:45:00+00:00,338.1766384650333
2024-05-13 06:45:00+00:00,335.56795764943655
2024-05-13 07:45:00+00:00,341.8701895303982
2024-05-13 08:45:00+00:00,337.96898380130335
2024-05-13 09:45:00+00:00,334.7025664596206
2024-05-14 03:45:00+00:00,332.4960542684489
2024-05-14 04:45:00+00:00,330.4221254619654
2024-05-14 05:45:00+00:00,328.54644710789455
2024-05-14 06:45:00+00:00,327.7218728094684
2024-05-14 07:45:00+00:00,328.3210700867664
2024-05-14 08:45:00+00:00,327.0136946152698
2024-05-14 09:45:00+00:00,330.2791259725433
2024-05-15 03:45:00+00:00,332.7825309141406
2024-05-15 04:45:00+00:00,328.0819758864842
2024-05-15 05:45:00+00:00,323.16891821220105
2024-05-15 06:45:00+00:00,321.7537067983645
2024-05-15 07:45:00+00:00,319.848833460379
2024-05-15 08:45:00+00:00,320.2708848409137
2024-05-15 09:45:00+00:00,320.4778734401604
2024-05-16 03:45:00+00:00,321.63272523839436
2024-05-16 04:45:00+00:00,319.20447815189476
2024-05-16 05:45:00+00:00,318.50763042775503
2024-05-16 06:45:00+00:00,317.9159064289093
2024-05-16 07:45:00+00:00,316.6128584885306
2024-05-16 08:45:00+00:00,315.7773332030931
2024-05-16 09:45:00+00:00,314.9465446344211
2024-05-17 03:45:00+00:00,313.7111968455124
2024-05-17 04:45:00+00:00,312.9627116889719
2024-05-17 05:45:00+00:00,313.9382548921007
2024-05-17 06:45:00+00:00,315.5656316251219
2024-05-17 07:45:00+00:00,318.43015253721717
2024-05-17 08:45:00+00:00,315.70906029203366
2024-05-17 09:45:00+00:00,314.56557387714304
2024-05-21 03:45:00+00:00,315.1024295332826
2024-05-21 04:45:00+00:00,309.65404242829135
2024-05-21 05:45:00+00:00,307.8510734679211
2024-05-21 06:45:00+00:00,310.88813987852575
2024-05-21 07:45:00+00:00,312.1502561459128
2024-05-21 08:45:00+00:00,312.3984300485558
2024-05-21 09:45:00+00:00,310.7967502218206
2024-05-22 03:45:00+00:00,310.8519075508303
2024-05-22 04:45:00+00:00,312.22201981635067
2024-05-22 05:45:00+00:00,311.7791983936811
2024-05-22 06:45:00+00:00,312.06678380646747
2024-05-22 07:45:00+00:00,311.8731765298427
2024-05-22 08:45:00+00:00,313.7490058659674
2024-05-22 09:45:00+00:00,308.63565247553714
2024-05-23 03:45:00+00:00,308.02420987497857
2024-05-23 04:45:00+00:00,307.0545900303134
2024-05-23 05:45:00+00:00,310.843772977369
2024-05-23 06:45:00+00:00,310.406198718859
2024-05-23 07:45:00+00:00,311.2366879615452
2024-05-23 08:45:00+00:00,315.0844583900311
2024-05-23 09:45:00+00:00,317.7944866286416
2024-05-24 03:45:00+00:00,317.3328439645725
2024-05-24 04:45:00+00:00,319.71360368894136
2024-05-24 05:45:00+00:00,321.60487894161133
2024-05-24 06:45:00+00:00,324.65503868540077
2024-05-24 07:45:00+00:00,327.73642870659967
2024-05-24 08:45:00+00:00,327.56043162653947
2024-05-24 09:45:00+00:00,324.9930038674837
2024-05-27 03:45:00+00:00,326.098676704797
2024-05-27 04:45:00+00:00,323.5146500558321
2024-05-27 05:45:00+00:00,325.1088141780141
2024-05-27 06:45:00+00:00,329.3652957322592
2024-05-27 07:45:00+00:00,328.295724709983
2024-05-27 08:45:00+00:00,329.10438551716396
2024-05-27 09:45:00+00:00,324.95318624177
2024-05-28 03:45:00+00:00,325.0814704625192
2024-05-28 04:45:00+00:00,325.3668502693503
2024-05-28 05:45:00+00:00,327.63993871132175
2024-05-28 06:45:00+00:00,328.4729048295083
2024-05-28 07:45:00+00:00,329.37772801653676
2024-05-28 08:45:00+00:00,330.6498868232358
2024-05-28 09:45:00+00:00,330.40559888686647
2024-05-29 03:45:00+00:00,325.8382666203685
2024-05-29 04:45:00+00:00,329.6611895661419
2024-05-29 05:45:00+00:00,329.90896980212796
2024-05-29 06:45:00+00:00,330.47020134986803
2024-05-29 07:45:00+00:00,333.1497017478975
2024-05-29 08:45:00+00:00,339.36118760324644
2024-05-29 09:45:00+00:00,340.5632216415097
2024-05-30 03:45:00+00:00,339.5105148549568
2024-05-30 04:45:00+00:00,336.9108370469922
2024-05-30 05:45:00+00:00,336.9929994317274
2024-05-30 06:45:00+00:00,338.21472779712326
2024-05-30 07:45:00+00:00,342.3291608378391
2024-05-30 08:45:00+00:00,341.30276960552
2024-05-30 09:45:00+00:00,339.29302039123394
2024-05-31 03:45:00+00:00,333.3225884189968
2024-05-31 04:45:00+00:00,331.31596972721684
2024-05-31 05:45:00+00:00,336.0663112027054
2024-05-31 06:45:00+00:00,335.4949140196765
2024-05-31 07:45:00+00:00,337.70531405116344
2024-05-31 08:45:00+00:00,336.44262099946417
2024-05-31 09:45:00+00:00,334.9212812666543
2024-06-03 03:45:00+00:00,334.14624882962994
2024-06-03 04:45:00+00:00,333.6758096393377
2024-06-03 05:45:00+00:00,335.69060799267646
2024-06-03 06:45:00+00:00,337.80387020648993
2024-06-03 07:45:00+00:00,335.9174193114471
2024-06-03 08:45:00+00:00,337.5882440434162
2024-06-03 09:45:00+00:00,338.6190526437436
2024-06-04 03:45:00+00:00,340.6735885084238
2024-06-04 04:45:00+00:00,337.5071287173285
2024-06-04 05:45:00+00:00,337.0768711072191
2024-06-04 06:45:00+00:00,332.8080935661761
2024-06-04 07:45:00+00:00,329.4582478478342
2024-06-04 08:45:00+00:00,328.5794700112907
2024-06-04 09:45:00+00:00,329.7729835910229
2024-06-05 03:45:00+00:00,335.0540657312396
2024-06-05 04:45:00+00:00,329.20689438006946
2024-06-05 05:45:00+00:00,325.37822696761475
2024-06-05 06:45:00+00:00,326.46623488087045
2024-06-05 07:45:00+00:00,329.34681710796247
2024-06-05 08:45:00+00:00,327.56782826010107
2024-06-05 09:45:00+00:00,330.33598745438223
2024-06-06 03:45:00+00:00,334.7476450588333
2024-06-06 04:45:00+00:00,332.19758891201406
2024-06-06 05:45:00+00:00,335.32865313138586
2024-06-06 06:45:00+00:00,334.3401525199097
2024-06-06 07:45:00+00:00,334.88765076929315
2024-06-06 08:45:00+00:00,338.40742697995876
2024-06-06 09:45:00+00:00,343.8511602721441
2024-06-07 03:45:00+00:00,343.6973836820433
2024-06-07 04:45:00+00:00,346.1779869755832
2024-06-07 05:45:00+00:00,343.46967078153267
2024-06-07 06:45:00+00:00,342.7640152310584
2024-06-07 07:45:00+00:00,340.52437423744914
2024-06-07 08:45:00+00:00,343.80109648579037
2024-06-07 09:45:00+00:00,338.15295391515264
2024-06-10 03:45:00+00:00,335.9693343208051
2024-06-10 04:45:00+00:00,335.1871607791909
2024-06-10 05:45:00+00:00,331.49440809527835
2024-06-10 06:45:00+00:00,332.2406337371601
2024-06-10 07:45:00+00:00,330.99448553222265
2024-06-10 08:45:00+00:00,329.4442718662428
2024-06-10 09:45:00+00:00,330.11191365574797
2024-06-11 03:45:00+00:00,329.7903613056517
2024-06-11 04:45:00+00:00,334.2099742965715
2024-06-11 05:45:00+00:00,333.7707305266488
2024-06-11 06:45:00+00:00,335.46076926983636
2024-06-11 07:45:00+00:00,334.5920392058384
2024-06-11 08:45:00+00:00,335.17386745589823
2024-06-11 09:45:00+00:00,334.14140729108226
2024-06-12 03:45:00+00:00,333.18304530301083
2024-06-12 04:45:00+00:00,334.29831127499324
2024-06-12 05:45:00+00:00,333.6401178777665
2024-06-12 06:45:00+00:00,337.50762701563383
2024-06-12 07:45:00+00:00,338.3232119351541
2024-06-12 08:45:00+00:00,340.9050335587514
2024-06-12 09:45:00+00:00,341.5084974365745
2024-06-13 03:45:00+00:00,341.35364010056713
2024-06-13 04:45:00+00:00,340.40021694560323
2024-06-13 05:45:00+00:00,339.6622289620774
2024-06-13 06:45:00+00:00,342.3358371378905
2024-06-13 07:45:00+00:00,341.76352683057047
2024-06-13 08:45:00+00:00,341.22468232147077
2024-06-13 09:45:00+00:00,340.7021389476801
2024-06-14 03:45:00+00:00,341.65888933819826
2024-06-14 04:45:00+00:00,341.24057253063995
2024-06-14 05:45:00+00:00,344.4261221985001
2024-06-14 06:45:00+00:00,344.7376589898247
2024-06-14 07:45:00+00:00,341.547405772705
2024-06-14 08:45:00+00:00,342.89417715464367
2024-06-14 09:45:00+00:00,344.62284368768456
2024-06-18 03:45:00+00:00,345.02236964617066
2024-06-18 04:45:00+00:00,343.9547831373493
2024-06-18 05:45:00+00:00,343.83357756175576
2024-06-18 06:45:00+00:00,345.80455768302625
2024-06-18 07:45:00+00:00,349.0993680246319
2024-06-18 08:45:00+00:00,351.4301619838672
2024-06-18 09:45:00+00:00,347.01088749999275
2024-06-19 03:45:00+00:00,347.95234064303986
2024-06-19 04:45:00+00:00,344.4110470463629
2024-06-19 05:45:00+00:00,347.43738665093065
2024-06-19 06:45:00+00:00,349.55367679418123
2024-06-19 07:45:00+00:00,349.2702748315784
2024-06-19 08:45:00+00:00,351.4430966393626
2024-06-19 09:45:00+00:00,350.31401826529196
2024-06-20 03:45:00+00:00,347.5352047804816
2024-06-20 04:45:00+00:00,348.15083631225315
2024-06-20 05:45:00+00:00,346.8453667983958
2024-06-20 06:45:00+00:00,347.59770145711406
2024-06-20 07:45:00+00:00,346.1423187368189
2024-06-20 08:45:00+00:00,348.0595912411706
2024-06-20 09:45:00+00:00,348.46832504111217
2024-06-21 03:45:00+00:00,348.94140590769894
2024-06-21 04:45:00+00:00,353.929890186649
2024-06-21 05:45:00+00:00,353.9468429996718
2024-06-21 06:45:00+00:00,352.13649011725
2024-06-21 07:45:00+00:00,355.95252122567763
2024-06-21 08:45:00+00:00,355.9331516894736
2024-06-21 09:45:00+00:00,357.4309488972985
2024-06-24 03:45:00+00:00,359.0523080658475
2024-06-24 04:45:00+00:00,360.20474264963013
2024-06-24 05:45:00+00:00,360.661531737957
2024-06-24 06:45:00+00:00,366.7123128004085
2024-06-24 07:45:00+00:00,364.2241489617135
2024-06-24 08:45:00+00:00,360.0850362619609
2024-06-24 09:45:00+00:00,367.8416020587071
2024-06-25 03:45:00+00:00,367.17882887455573
2024-06-25 04:45:00+00:00,370.2776122958332
2024-06-25 05:45:00+00:00,370.5410653928213
2024-06-25 06:45:00+00:00,368.4705366971491
2024-06-25 07:45:00+00:00,369.0379505563503
2024-06-25 08:45:00+00:00,367.68451394705636
2024-06-25 09:45:00+00:00,373.45395671083634
2024-06-26 03:45:00+00:00,375.2630956987574
2024-06-26 04:45:00+00:00,374.0536638330094
2024-06-26 05:45:00+00:00,374.7229762822258
2024-06-26 06:45:00+00:00,373.555497400432
2024-06-26 07:45:00+00:00,373.7568784157373
2024-06-26 08:45:00+00:00,371.70369115684997
2024-06-26 09:45:00+00:00,370.97337126313005
2024-06-27 03:45:00+00:00,370.7238223181557
2024-06-27 04:45:00+00:00,370.29437428298417
2024-06-27 05:45:00+00:00,376.43474107750905
2024-06-27 06:45:00+00:00,375.4486195204165
2024-06-27 07:45:00+00:00,370.1765004724305
2024-06-27 08:45:00+00:00,370.68988825881223
2024-06-27 09:45:00+00:00,369.1860372190285
2024-06-28 03:45:00+00:00,372.588613201079
2024-06-28 04:45:00+00:00,372.39441347221697
2024-06-28 05:45:00+00:00,370.7822549177745
2024-06-28 06:45:00+00:00,372.7768181867243
2024-06-28 07:45:00+00:00,374.09753808067194
2024-06-28 08:45:00+00:00,371.9456308409548
2024-06-28 09:45:00+00:00,374.7909399205157
2024-07-01 03:45:00+00:00,379.3708676426501
2024-07-01 04:45:00+00:00,383.8172976157872
2024-07-01 05:45:00+00:00,381.07000585631266
2024-07-01 06:45:00+00:00,378.797671899116
2024-07-01 07:45:00+00:00,380.6974904905062
2024-07-01 08:45:00+00:00,383.11598446804584
2024-07-01 09:45:00+00:00,386.2740543265675
2024-07-02 03:45:00+00:00,383.65611472426406
2024-07-02 04:45:00+00:00,380.15315662373314
2024-07-02 05:45:00+00:00,381.24793561780626
2024-07-02 06:45:00+00:00,382.19309936491425
2024-07-02 07:45:00+00:00,381.5779129227947
2024-07-02 08:45:00+00:00,384.26153460426656
2024-07-02 09:45:00+00:00,385.9781239287445
2024-07-03 03:45:00+00:00,385.4107017660303
2024-07-03 04:45:00+00:00,384.7792186966493
2024-07-03 05:45:00+00:00,384.78673229269555
2024-07-03 06:45:00+00:00,385.7762154067416
2024-07-03 07:45:00+00:00,389.3318006900057
2024-07-03 08:45:00+00:00,387.455368038433
2024-07-03 09:45:00+00:00,390.79083694769776
2024-07-04 03:45:00+00:00,389.45295713577445
2024-07-04 04:45:00+00:00,390.97248520307295
2024-07-04 05:45:00+00:00,390.24720761212217
2024-07-04 06:45:00+00:00,389.56513830390537
2024-07-04 07:45:00+00:00,391.1284309868376
2024-07-04 08:45:00+00:00,391.0028290411665
2024-07-04 09:45:00+00:00,388.9105140641561
2024-07-05 03:45:00+00:00,388.06828399399404
2024-07-05 04:45:00+00:00,389.8067517901228
2024-07-05 05:45:00+00:00,391.0018469616429
2024-07-05 06:45:00+00:00,393.5502882310645
2024-07-05 07:45:00+00:00,394.5851549823241
2024-07-05 08:45:00+00:00,394.9881361831866
2024-07-05 09:45:00+00:00,397.51451376416946
2024-07-08 03:45:00+00:00,396.7187746788966
2024-07-08 04:45:00+00:00,395.59734688947725
2024-07-08 05:45:00+00:00,395.8268592791559
2024-07-08 06:45:00+00:00,400.5215069123787
2024-07-08 07:45:00+00:00,403.0458156900252
2024-07-08 08:45:00+00:00,405.1697564315225
2024-07-08 09:45:00+00:00,404.36347966588227
2024-07-09 03:45:00+00:00,404.37049605812194
2024-07-09 04:45:00+00:00,410.2414744392095
2024-07-09 05:45:00+00:00,411.1226829613649
2024-07-09 06:45:00+00:00,411.73285109633946
2024-07-09 07:45:00+00:00,413.1268126675385
2024-07-09 08:45:00+00:00,418.8584478570565
2024-07-09 09:45:00+00:00,418.75335253248085
2024-07-10 03:45:00+00:00,423.97868192660485
2024-07-10 04:45:00+00:00,424.0559707944035
2024-07-10 05:45:00+00:00,417.4469390774902
2024-07-10 06:45:00+00:00,414.4615963502982
2024-07-10 07:45:00+00:00,418.0925612625421
2024-07-10 08:45:00+00:00,410.02983270430144
2024-07-10 09:45:00+00:00,404.4743943194217
2024-07-11 03:45:00+00:00,401.4954071298036
2024-07-11 04:45:00+00:00,402.3095676419275
2024-07-11 05:45:00+00:00,401.1203945872615
2024-07-11 06:45:00+00:00,404.07803244582226
2024-07-11 07:45:00+00:00,398.37499588448264
2024-07-11 08:45:00+00:00,397.05097584455183
2024-07-11 09:45:00+00:00,397.98515222724177
2024-07-12 03:45:00+00:00,405.2227311837931
2024-07-12 04:45:00+00:00,412.6182778800426
2024-07-12 05:45:00+00:00,414.9703764402303
2024-07-12 06:45:00+00:00,418.18918516328654
2024-07-12 07:45:00+00:00,418.4755225519587
2024-07-12 08:45:00+00:00,420.2851238952488
2024-07-12 09:45:00+00:00,424.3006969679195
2024-07-15 04:45:00+00:00,422.0092028590065
2024-07-15 05:45:00+00:00,425.7690280803603
2024-07-15 06:45:00+00:00,425.84866833663057
2024-07-15 07:45:00+00:00,421.5222396091372
2024-07-15 08:45:00+00:00,426.2681987224045
2024-07-15 09:45:00+00:00,428.99429030431435
2024-07-16 03:45:00+00:00,428.4904934082395
2024-07-16 04:45:00+00:00,425.18049890315484
2024-07-16 05:45:00+00:00,420.79744995655363
2024-07-16 06:45:00+00:00,415.3527029648665
2024-07-16 07:45:00+00:00,411.9654053596115
2024-07-16 08:45:00+00:00,411.446364590317
2024-07-16 09:45:00+00:00,408.3484658939503
2024-07-18 03:45:00+00:00,410.10544948464366
2024-07-18 04:45:00+00:00,409.8657191299518
2024-07-18 05:45:00+00:00,411.04313391215163
2024-07-18 06:45:00+00:00,413.5748827246997
2024-07-18 07:45:00+00:00,414.05952022489714
2024-07-18 08:45:00+00:00,410.3557422521719
2024-07-18 09:45:00+00:00,404.98284202397167
2024-07-19 03:45:00+00:00,410.7889950608609
2024-07-19 04:45:00+00:00,416.11481734933517
2024-07-19 05:45:00+00:00,412.67947679043397
2024-07-19 06:45:00+00:00,416.720874122069
2024-07-19 07:45:00+00:00,420.71153454379345
2024-07-19 08:45:00+00:00,421.301516544438
2024-07-19 09:45:00+00:00,420.3840078371248
2024-07-22 03:45:00+00:00,416.478988198438
2024-07-22 04:45:00+00:00,415.60251486877274
2024-07-22 05:45:00+00:00,414.15766091703904
2024-07-22 06:45:00+00:00,412.40585645168846
2024-07-22 07:45:00+00:00,411.52436407996726
2024-07-22 08:45:00+00:00,416.9433170951516
2024-07-22 09:45:00+00:00,420.4684386905767
2024-07-23 03:45:00+00:00,427.90059152118835
2024-07-23 04:45:00+00:00,429.2775381164822
2024-07-23 05:45:00+00:00,425.515169578459
2024-07-23 06:45:00+00:00,428.3309180421068
2024-07-23 07:45:00+00:00,431.91863535585884
2024-07-23 08:45:00+00:00,431.58558911621174
2024-07-23 09:45:00+00:00,429.97222690549455
2024-07-24 03:45:00+00:00,434.96736723399823
2024-07-24 04:45:00+00:00,435.0412045937737
2024-07-24 05:45:00+00:00,436.3921309352446
2024-07-24 06:45:00+00:00,436.91762353405505
2024-07-24 07:45:00+00:00,439.18847287039017
2024-07-24 08:45:00+00:00,439.09194084993595
2024-07-24 09:45:00+00:00,439.0170454857342
2024-07-25 03:45:00+00:00,441.2296588171166
2024-07-25 04:45:00+00:00,446.84176690601777
2024-07-25 05:45:00+00:00,447.42477445337516
2024-07-25 06:45:00+00:00,443.8513404699007
2024-07-25 07:45:00+00:00,446.9143961956998
2024-07-25 08:45:00+00:00,449.9613612802355
2024-07-25 09:45:00+00:00,450.7943795159122
2024-07-26 03:45:00+00:00,448.35060713871854
2024-07-26 04:45:00+00:00,451.44225603072675
2024-07-26 05:45:00+00:00,446.62409833692396
2024-07-26 06:45:00+00:00,442.44951822575416
2024-07-26 07:45:00+00:00,438.7819015567594
2024-07-26 08:45:00+00:00,444.17591202277737
2024-07-26 09:45:00+00:00,449.56185731416605
2024-07-29 03:45:00+00:00,443.0297692838534
2024-07-29 04:45:00+00:00,442.5965789341334
2024-07-29 05:45:00+00:00,439.94144868545203
2024-07-29 06:45:00+00:00,440.9641502937629
2024-07-29 07:45:00+00:00,436.9288339125061
2024-07-29 08:45:00+00:00,438.29430321767455
2024-07-29 09:45:00+00:00,441.43756690384566
2024-07-30 03:45:00+00:00,440.4811752754291
2024-07-30 04:45:00+00:00,441.6998452964245
2024-07-30 05:45:00+00:00,435.4839628940251
2024-07-30 06:45:00+00:00,435.82033760936076
2024-07-30 07:45:00+00:00,433.84170118938016
2024-07-30 08:45:00+00:00,435.81589917048944
2024-07-30 09:45:00+00:00,434.81791184081936
2024-07-31 03:45:00+00:00,431.2447078730016
2024-07-31 04:45:00+00:00,431.8182893696502
2024-07-31 05:45:00+00:00,433.2983100292625
2024-07-31 06:45:00+00:00,441.1366084427922
2024-07-31 07:45:00+00:00,441.5517670201328
2024-07-31 08:45:00+00:00,441.96555690102537
2024-07-31 09:45:00+00:00,438.47686921871383
2024-08-01 03:45:00+00:00,441.37249863260655
2024-08-01 04:45:00+00:00,443.44644586825547
2024-08-01 05:45:00+00:00,442.28257360960396
2024-08-01 06:45:00+00:00,449.1230219631828
2024-08-01 07:45:00+00:00,449.05828407893193
2024-08-01 08:45:00+00:00,451.375697994752
2024-08-01 09:45:00+00:00,452.41053840444675
2024-08-02 03:45:00+00:00,452.0871531242991
2024-08-02 04:45:00+00:00,456.00535890778684
2024-08-02 05:45:00+00:00,461.49614303585656
2024-08-02 06:45:00+00:00,459.85747492588325
2024-08-02 07:45:00+00:00,452.81657802373115
2024-08-02 08:45:00+00:00,461.48130106032386
2024-08-02 09:45:00+00:00,462.39405360477116
2024-08-05 03:45:00+00:00,460.81586167757496
2024-08-05 04:45:00+00:00,460.07431377011795
2024-08-05 05:45:00+00:00,464.6898509674185
2024-08-05 06:45:00+00:00,468.8750482666124
2024-08-05 07:45:00+00:00,466.51369151617905
2024-08-05 08:45:00+00:00,471.9115464230848
2024-08-05 09:45:00+00:00,470.879742916885
2024-08-06 03:45:00+00:00,479.5328898267819
2024-08-06 04:45:00+00:00,477.29855460865366
2024-08-06 05:45:00+00:00,478.646626585783
2024-08-06 06:45:00+00:00,480.84194838286885
2024-08-06 07:45:00+00:00,488.00204386708873
2024-08-06 08:45:00+00:00,495.31750632953606
2024-08-06 09:45:00+00:00,502.5891346715154
2024-08-07 03:45:00+00:00,500.7720684214867
2024-08-07 04:45:00+00:00,504.0791855582876
2024-08-07 05:45:00+00:00,496.50636552007154
2024-08-07 06:45:00+00:00,502.34332622365173
2024-08-07 07:45:00+00:00,507.84431545780643
2024-08-07 08:45:00+00:00,511.4930287714675
2024-08-07 09:45:00+00:00,516.6397260200762
2024-08-08 03:45:00+00:00,524.4100343209229
2024-08-08 04:45:00+00:00,523.1854301830746
2024-08-08 05:45:00+00:00,522.553717195781
2024-08-08 06:45:00+00:00,520.8341424277388
2024-08-08 07:45:00+00:00,523.9515723724585
2024-08-08 08:45:00+00:00,523.2825375384433
2024-08-08 09:45:00+00:00,526.6420557924615
2024-08-09 03:45:00+00:00,524.7935967972169
2024-08-09 04:45:00+00:00,523.2868444517144
2024-08-09 05:45:00+00:00,522.1892611423108
2024-08-09 06:45:00+00:00,525.7534883523272
2024-08-09 07:45:00+00:00,525.636694078049
2024-08-09 08:45:00+00:00,521.9456397680534
2024-08-09 09:45:00+00:00,524.936234466987
2024-08-12 03:45:00+00:00,528.1206615508918
2024-08-12 04:45:00+00:00,528.7454471383879
2024-08-12 05:45:00+00:00,534.2361765534743
2024-08-12 06:45:00+00:00,531.3774161016247
2024-08-12 07:45:00+00:00,535.5453841698027
2024-08-12 08:45:00+00:00,540.7187080849602
2024-08-12 09:45:00+00:00,537.9194102614379
2024-08-13 03:45:00+00:00,535.8732095481936
2024-08-13 04:45:00+00:00,528.9748398875586
2024-08-13 05:45:00+00:00,527.0153170625376
2024-08-13 06:45:00+00:00,530.0354048289423
2024-08-13 07:45:00+00:00,527.4975460769382
2024-08-13 08:45:00+00:00,528.5110853592945
2024-08-13 09:45:00+00:00,525.9061002000092
2024-08-14 03:45:00+00:00,522.4088878238337
2024-08-14 04:45:00+00:00,525.5393145902251
2024-08-14 05:45:00+00:00,527.6118932456295
2024-08-14 06:45:00+00:00,529.4850389412933
2024-08-14 07:45:00+00:00,527.3949292659154
2024-08-14 08:45:00+00:00,533.5346500071014
2024-08-14 09:45:00+00:00,535.7070363191267
2024-08-16 03:45:00+00:00,531.2881654668059
2024-08-16 04:45:00+00:00,530.4357247378856
2024-08-16 05:45:00+00:00,526.4527336427776
2024-08-16 06:45:00+00:00,528.4254219089798
2024-08-16 07:45:00+00:00,538.2190290216498
2024-08-16 08:45:00+00:00,536.6759558698158
2024-08-16 09:45:00+00:00,535.3377096527089
2024-08-19 03:45:00+00:00,535.8675849134789
2024-08-19 04:45:00+00:00,532.7134702290762
2024-08-19 05:45:00+00:00,524.6233453267588
2024-08-19 06:45:00+00:00,525.5439782567512
2024-08-19 07:45:00+00:00,521.3089417945844
2024-08-19 08:45:00+00:00,513.3924262767512
2024-08-19 09:45:00+00:00,515.6866071434805
2024-08-20 03:45:00+00:00,512.2684416009905
2024-08-20 04:45:00+00:00,505.1643158515121
2024-08-20 05:45:00+00:00,507.00720861002833
2024-08-20 06:45:00+00:00,505.7376475983518
2024-08-20 07:45:00+00:00,507.022292217901
2024-08-20 08:45:00+00:00,507.0272106347568
2024-08-20 09:45:00+00:00,507.401558615542
2024-08-21 03:45:00+00:00,505.5003280321531
2024-08-21 04:45:00+00:00,506.6799253933388
2024-08-21 05:45:00+00:00,506.6028769184888
2024-08-21 06:45:00+00:00,508.114590933093
2024-08-21 07:45:00+00:00,507.79710754663597
2024-08-21 08:45:00+00:00,508.8756704670124
2024-08-21 09:45:00+00:00,509.5562024834961
2024-08-22 03:45:00+00:00,510.94035145769624
2024-08-22 04:45:00+00:00,514.5328345890842
2024-08-22 05:45:00+00:00,518.8950332115292
2024-08-22 06:45:00+00:00,517.3473992274437
2024-08-22 07:45:00+00:00,513.0670113831011
2024-08-22 08:45:00+00:00,508.93748027746983
2024-08-22 09:45:00+00:00,504.4687386346676
2024-08-23 03:45:00+00:00,506.32867434091116
2024-08-23 04:45:00+00:00,504.044485353899
2024-08-23 05:45:00+00:00,505.5845926562994
2024-08-23 06:45:00+00:00,504.48560286133954
2024-08-23 07:45:00+00:00,515.2621645347738
2024-08-23 08:45:00+00:00,516.9972373554579
2024-08-23 09:45:00+00:00,518.5055017391687
2024-08-26 03:45:00+00:00,518.0917049551229
2024-08-26 04:45:00+00:00,515.2548775928543
2024-08-26 05:45:00+00:00,516.1700252753787
2024-08-26 06:45:00+00:00,515.6090971958901
2024-08-26 07:45:00+00:00,510.1284423698901
2024-08-26 08:45:00+00:00,509.9916535229039
2024-08-26 09:45:00+00:00,503.8684077310402
2024-08-27 03:45:00+00:00,503.83269210105
2024-08-27 04:45:00+00:00,510.31969410842214
2024-08-27 05:45:00+00:00,508.27311387671926
2024-08-27 06:45:00+00:00,506.3811446410674
2024-08-27 07:45:00+00:00,512.9928263874406
2024-08-27 08:45:00+00:00,520.5500238598371
2024-08-27 09:45:00+00:00,525.0802866232593
2024-08-28 03:45:00+00:00,530.6800812368683
2024-08-28 04:45:00+00:00,529.887245915829
2024-08-28 05:45:00+00:00,531.5792265911066
2024-08-28 06:45:00+00:00,532.3168787970202
2024-08-28 07:45:00+00:00,526.3752274582218
2024-08-28 08:45:00+00:00,520.3599942754558
2024-08-28 09:45:00+00:00,522.176789798665
2024-08-29 03:45:00+00:00,521.0006312387894
2024-08-29 04:45:00+00:00,520.5062573624344
2024-08-29 05:45:00+00:00,518.3991184645289
2024-08-29 06:45:00+00:00,514.8148846780291
2024-08-29 07:45:00+00:00,516.4173138384814
2024-08-29 08:45:00+00:00,517.5622791533024
2024-08-29 09:45:00+00:00,521.4932106947032
2024-08-30 03:45:00+00:00,519.3347008586995
2024-08-30 04:45:00+00:00,524.1805224703094
2024-08-30 05:45:00+00:00,519.0853062160696
2024-08-30 06:45:00+00:00,516.6698954136361
2024-08-30 07:45:00+00:00,510.1634207342403
2024-08-30 08:45:00+00:00,502.55078800885053
2024-08-30 09:45:00+00:00,499.6981090917318
2024-09-02 03:45:00+00:00,497.7366630861483
2024-09-02 04:45:00+00:00,498.8862261397761
2024-09-02 05:45:00+00:00,503.2797367516942
2024-09-02 06:45:00+00:00,508.9507317557554
2024-09-02 07:45:00+00:00,512.3170678668841
2024-09-02 08:45:00+00:00,508.9754253041551
2024-09-02 09:45:00+00:00,505.8552818263096
2024-09-03 03:45:00+00:00,504.8997668974131
2024-09-03 04:45:00+00:00,504.7989787846167
2024-09-03 05:45:00+00:00,507.27399348861
2024-09-03 06:45:00+00:00,503.70550800339186
2024-09-03 07:45:00+00:00,503.77835474072117
2024-09-03 08:45:00+00:00,507.45830319168056
2024-09-03 09:45:00+00:00,505.5614048625309
2024-09-04 03:45:00+00:00,498.0812827283521
2024-09-04 04:45:00+00:00,503.04379246934656
2024-09-04 05:45:00+00:00,502.2490703035391
2024-09-04 06:45:00+00:00,499.44644450680687
2024-09-04 07:45:00+00:00,503.22998791739985
2024-09-04 08:45:00+00:00,509.0811830227627
2024-09-04 09:45:00+00:00,513.3233098096308
2024-09-05 03:45:00+00:00,511.257698158199
2024-09-05 04:45:00+00:00,507.2597917268634
2024-09-05 05:45:00+00:00,513.0431866938728
2024-09-05 06:45:00+00:00,506.6614441458669
2024-09-05 07:45:00+00:00,502.8174131316385
2024-09-05 08:45:00+00:00,492.2249066362096
2024-09-05 09:45:00+00:00,495.8906070003649
2024-09-06 03:45:00+00:00,497.75391650297695
2024-09-06 04:45:00+00:00,498.2146456859247
2024-09-06 05:45:00+00:00,496.2192759346891
2024-09-06 06:45:00+00:00,490.21823583040424
2024-09-06 07:45:00+00:00,492.79576451902506
2024-09-06 08:45:00+00:00,492.2303636588274
2024-09-06 09:45:00+00:00,484.18068210946154
2024-09-09 03:45:00+00:00,488.23156351902975
2024-09-09 04:45:00+00:00,491.4308034076336
2024-09-09 05:45:00+00:00,489.0567562388097
2024-09-09 06:45:00+00:00,485.7465661390122
2024-09-09 07:45:00+00:00,488.2634607628435
2024-09-09 08:45:00+00:00,492.87832184812294
2024-09-09 09:45:00+00:00,495.8761836396171
2024-09-10 03:45:00+00:00,501.7401664734836
2024-09-10 04:45:00+00:00,497.4897863562662
2024-09-10 05:45:00+00:00,494.9630434015062
2024-09-10 06:45:00+00:00,499.7599975434023
2024-09-10 07:45:00+00:00,492.2015446683931
2024-09-10 08:45:00+00:00,491.06585872211303
2024-09-10 09:45:00+00:00,488.2359622546162
2024-09-11 03:45:00+00:00,492.77401414982444
2024-09-11 04:45:00+00:00,493.3259078335605
2024-09-11 05:45:00+00:00,488.9478603073989
2024-09-11 06:45:00+00:00,487.8066337080134
2024-09-11 07:45:00+00:00,498.4239508382424
2024-09-11 08:45:00+00:00,492.2287582597537
2024-09-11 09:45:00+00:00,494.57779470047564
2024-09-12 03:45:00+00:00,496.43348209976085
2024-09-12 04:45:00+00:00,501.00967887158856
2024-09-12 05:45:00+00:00,499.22844546059287
2024-09-12 06:45:00+00:00,500.76402499906084
2024-09-12 07:45:00+00:00,503.8429697380142
2024-09-12 08:45:00+00:00,503.53777022589236
2024-09-12 09:45:00+00:00,496.56091272659927
2024-09-13 03:45:00+00:00,497.3709211401293
2024-09-13 04:45:00+00:00,497.48043972058343
2024-09-13 05:45:00+00:00,503.7947455753077
2024-09-13 06:45:00+00:00,501.71387115647804
2024-09-13 07:45:00+00:00,498.0408106291078
2024-09-13 08:45:00+00:00,500.6586061164799
2024-09-13 09:45:00+00:00,499.47526506049206
2024-09-16 03:45:00+00:00,509.6431297961586
2024-09-16 04:45:00+00:00,512.8677864903935
2024-09-16 05:45:00+00:00,505.6417264855362
2024-09-16 06:45:00+00:00,511.6555499191186
2024-09-16 07:45:00+00:00,513.4288769181761
2024-09-16 08:45:00+00:00,516.7824239400034
2024-09-16 09:45:00+00:00,516.0610995373158
2024-09-17 03:45:00+00:00,526.4828078749896
2024-09-17 04:45:00+00:00,530.4328509151005
2024-09-17 05:45:00+00:00,534.2134306025955
2024-09-17 06:45:00+00:00,533.1093150642487
2024-09-17 07:45:00+00:00,540.674924568447
2024-09-17 08:45:00+00:00,546.5068296687339
2024-09-17 09:45:00+00:00,541.4323015922103
2024-09-18 03:45:00+00:00,553.3681103882717
2024-09-18 04:45:00+00:00,549.8137506718143
2024-09-18 05:45:00+00:00,550.2441185575193
2024-09-18 06:45:00+00:00,556.0514655196796
2024-09-18 07:45:00+00:00,556.5224098119938
2024-09-18 08:45:00+00:00,552.8581340502703
2024-09-18 09:45:00+00:00,553.4573041943866
2024-09-19 03:45:00+00:00,543.8797080397812
2024-09-19 04:45:00+00:00,552.618392262503
2024-09-19 05:45:00+00:00,553.3886011085499
2024-09-19 06:45:00+00:00,550.9377478318961
2024-09-19 07:45:00+00:00,551.9159434295694
2024-09-19 08:45:00+00:00,555.5438536799951
2024-09-19 09:45:00+00:00,556.6354092034209
2024-09-20 03:45:00+00:00,554.4410908963631
2024-09-20 04:45:00+00:00,547.6542296307233
2024-09-20 05:45:00+00:00,546.9043917784912
2024-09-20 06:45:00+00:00,541.4371041475699
2024-09-20 07:45:00+00:00,541.9201135341071
2024-09-20 08:45:00+00:00,540.9532197517779
2024-09-20 09:45:00+00:00,537.697266742019
2024-09-23 03:45:00+00:00,537.8218971841296
2024-09-23 04:45:00+00:00,536.8858110653575
2024-09-23 05:45:00+00:00,536.5347665370156
2024-09-23 06:45:00+00:00,536.5131493051323
2024-09-23 07:45:00+00:00,535.11444853656
2024-09-23 08:45:00+00:00,531.7168350779338
2024-09-23 09:45:00+00:00,530.7936102143285
2024-09-24 03:45:00+00:00,528.1283440575517
2024-09-24 04:45:00+00:00,530.3889031308556
2024-09-24 05:45:00+00:00,535.337707172151
2024-09-24 06:45:00+00:00,528.6141301685808
2024-09-24 07:45:00+00:00,528.6048625828292
2024-09-24 08:45:00+00:00,529.0239853251419
2024-09-24 09:45:00+00:00,527.5540804232434
2024-09-25 03:45:00+00:00,524.3083863651141
2024-09-25 04:45:00+00:00,523.8229260857042
2024-09-25 05:45:00+00:00,525.0368992882152
2024-09-25 06:45:00+00:00,521.1145937597398
2024-09-25 07:45:00+00:00,525.6931579618848
2024-09-25 08:45:00+00:00,531.8924004927655
2024-09-25 09:45:00+00:00,532.0109563107131
2024-09-26 03:45:00+00:00,534.6483555740776
2024-09-26 04:45:00+00:00,531.0035299994901
2024-09-26 05:45:00+00:00,534.2163955241887
2024-09-26 06:45:00+00:00,531.4185985589884
2024-09-26 07:45:00+00:00,527.057623620777
2024-09-26 08:45:00+00:00,522.9332442124277
2024-09-26 09:45:00+00:00,519.2700810086518
2024-09-27 03:45:00+00:00,522.6884887691659
2024-09-27 04:45:00+00:00,525.9335182060595
2024-09-27 05:45:00+00:00,527.6762295114897
2024-09-27 06:45:00+00:00,530.9750912003283
2024-09-27 07:45:00+00:00,523.4672266583431
2024-09-27 08:45:00+00:00,529.8218608872941
2024-09-27 09:45:00+00:00,531.3280831247461
2024-09-30 03:45:00+00:00,530.6630346584142
2024-09-30 04:45:00+00:00,527.4004805571287
2024-09-30 05:45:00+00:00,521.3616608171434
2024-09-30 06:45:00+00:00,519.2611372293904
2024-09-30 07:45:00+00:00,522.7026813318541
2024-09-30 08:45:00+00:00,522.5713988704297
2024-09-30 09:45:00+00:00,532.1368458541383
2024-10-01 03:45:00+00:00,531.6805442657588
2024-10-01 04:45:00+00:00,530.4508148910047
2024-10-01 05:45:00+00:00,528.9161875249963
2024-10-01 06:45:00+00:00,529.3326090245879
2024-10-01 07:45:00+00:00,529.2372430508366
2024-10-01 08:45:00+00:00,527.8530616297642
2024-10-01 09:45:00+00:00,531.858681255332
2024-10-03 03:45:00+00:00,529.1411737715039
2024-10-03 04:45:00+00:00,529.079030557819
2024-10-03 05:45:00+00:00,526.8762919899984
2024-10-03 06:45:00+00:00,530.4933906214815
2024-10-03 07:45:00+00:00,528.4243206287243
2024-10-03 08:45:00+00:00,519.1870426834089
2024-10-03 09:45:00+00:00,520.8904925550032
2024-10-04 03:45:00+00:00,518.1061983001235
2024-10-04 04:45:00+00:00,521.9923989717151
2024-10-04 05:45:00+00:00,521.7355411162147
2024-10-04 06:45:00+00:00,516.9595825491133
2024-10-04 07:45:00+00:00,512.8295626056432
2024-10-04 08:45:00+00:00,512.2595241233408
2024-10-04 09:45:00+00:00,517.5131893232772
2024-10-07 03:45:00+00:00,523.8142561732006
2024-10-07 04:45:00+00:00,519.9581886657264
2024-10-07 05:45:00+00:00,519.4022097729992
2024-10-07 06:45:00+00:00,525.3745371141642
2024-10-07 07:45:00+00:00,527.7459991226707
2024-10-07 08:45:00+00:00,530.2102167335435
2024-10-07 09:45:00+00:00,532.4927513112144
2024-10-08 03:45:00+00:00,532.9364256603453
2024-10-08 04:45:00+00:00,541.0269588346683
2024-10-08 05:45:00+00:00,545.4613510274298
2024-10-08 06:45:00+00:00,544.0077189517889
2024-10-08 07:45:00+00:00,543.3225845160301
2024-10-08 08:45:00+00:00,545.4201099273902
2024-10-08 09:45:00+00:00,551.8816346108418
2024-10-09 03:45:00+00:00,552.9206080438377
2024-10-09 04:45:00+00:00,552.5474915062839
2024-10-09 05:45:00+00:00,552.6965988624332
2024-10-09 06:45:00+00:00,556.240394065841
2024-10-09 07:45:00+00:00,558.7297355178786
2024-10-09 08:45:00+00:00,555.7750953129606
2024-10-09 09:45:00+00:00,556.025160829187
2024-10-10 03:45:00+00:00,564.2137190692467
2024-10-10 04:45:00+00:00,566.8469362173005
2024-10-10 05:45:00+00:00,569.335727918009
2024-10-10 06:45:00+00:00,571.3745412433443
2024-10-10 07:45:00+00:00,571.631341361804
2024-10-10 08:45:00+00:00,572.7981954663794
2024-10-10 09:45:00+00:00,576.6047468402415
2024-10-11 03:45:00+00:00,578.2933795585592
2024-10-11 04:45:00+00:00,580.072071673239
2024-10-11 05:45:00+00:00,576.9059877445131
2024-10-11 06:45:00+00:00,572.4759869530652
2024-10-11 07:45:00+00:00,573.2618343365465
2024-10-11 08:45:00+00:00,562.4450653054421
2024-10-11 09:45:00+00:00,568.0179805183453
2024-10-14 03:45:00+00:00,570.6930638957164
2024-10-14 04:45:00+00:00,569.6897302951817
2024-10-14 05:45:00+00:00,573.568112805992
2024-10-14 06:45:00+00:00,577.1671235799404
2024-10-14 07:45:00+00:00,574.1671167743085
2024-10-14 08:45:00+00:00,572.4840220088746
2024-10-14 09:45:00+00:00,570.549782130929
2024-10-15 03:45:00+00:00,562.5143629762753
2024-10-15 04:45:00+00:00,560.4507197496662
2024-10-15 05:45:00+00:00,560.7958144120217
2024-10-15 06:45:00+00:00,560.7005703882752
2024-10-15 07:45:00+00:00,551.3131821998767
2024-10-15 08:45:00+00:00,546.6113041308718
2024-10-15 09:45:00+00:00,550.3950169649693
2024-10-16 03:45:00+00:00,555.2164189200804
2024-10-16 04:45:00+00:00,553.2830115523844
2024-10-16 05:45:00+00:00,555.0412603957739
2024-10-16 06:45:00+00:00,553.2280485535516
2024-10-16 07:45:00+00:00,547.0073439130725
2024-10-16 08:45:00+00:00,556.5703079427844
2024-10-16 09:45:00+00:00,556.6392463286086
2024-10-17 03:45:00+00:00,562.0970750814662
2024-10-17 04:45:00+00:00,552.3133926704505
2024-10-17 05:45:00+00:00,549.7409128676342
2024-10-17 06:45:00+00:00,550.7087861003546
2024-10-17 07:45:00+00:00,552.2184754752471
2024-10-17 08:45:00+00:00,557.5207213262821
2024-10-17 09:45:00+00:00,554.3396664908444
2024-10-18 03:45:00+00:00,554.5849986785182
2024-10-18 04:45:00+00:00,552.7883143333496
2024-10-18 05:45:00+00:00,550.7730909703278
2024-10-18 06:45:00+00:00,551.8438207829718
2024-10-18 07:45:00+00:00,548.6283606072456
2024-10-18 08:45:00+00:00,545.2697131997777
2024-10-18 09:45:00+00:00,540.061805491867
2024-10-21 03:45:00+00:00,535.3136815000738
2024-10-21 04:45:00+00:00,534.2453266284078
2024-10-21 05:45:00+00:00,533.9019694053501
2024-10-21 06:45:00+00:00,540.5633801565333
2024-10-21 07:45:00+00:00,544.0524961012218
2024-10-21 08:45:00+00:00,544.5758858188012
2024-10-21 09:45:00+00:00,548.0796817884287
2024-10-22 03:45:00+00:00,540.3106743265164
2024-10-22 04:45:00+00:00,542.9811594002261
2024-10-22 05:45:00+00:00,541.9145654728067
2024-10-22 06:45:00+00:00,541.482650119173
2024-10-22 07:45:00+00:00,540.5518105166877
2024-10-22 08:45:00+00:00,545.6552059486468
2024-10-22 09:45:00+00:00,543.6520539034617
2024-10-23 03:45:00+00:00,541.7438188578957
2024-10-23 04:45:00+00:00,538.9791308563448
2024-10-23 05:45:00+00:00,534.5796678122164
2024-10-23 06:45:00+00:00,529.1858903917139
2024-10-23 07:45:00+00:00,533.2638302833221
2024-10-23 08:45:00+00:00,534.1010223448452
2024-10-23 09:45:00+00:00,538.5129596991635
2024-10-24 03:45:00+00:00,539.1236869293912
2024-10-24 04:45:00+00:00,539.1538036753911
2024-10-24 05:45:00+00:00,538.4850461928737
2024-10-24 06:45:00+00:00,535.1635496482611
2024-10-24 07:45:00+00:00,533.7215486036048
2024-10-24 08:45:00+00:00,540.3924303893721
2024-10-24 09:45:00+00:00,540.5381865894175
2024-10-25 03:45:00+00:00,540.8207778014249
2024-10-25 04:45:00+00:00,541.7466746150044
2024-10-25 05:45:00+00:00,542.0229489818913
2024-10-25 06:45:00+00:00,539.0589410782864
2024-10-25 07:45:00+00:00,532.4678858427732
2024-10-25 08:45:00+00:00,534.2019556028865
2024-10-25 09:45:00+00:00,535.3996076777994
2024-10-28 03:45:00+00:00,545.3618265529637
2024-10-28 04:45:00+00:00,549.6351006166818
2024-10-28 05:45:00+00:00,552.5213781263512
2024-10-28 06:45:00+00:00,552.6712441123684
2024-10-28 07:45:00+00:00,546.2419152264778
2024-10-28 08:45:00+00:00,546.9014720461914
2024-10-28 09:45:00+00:00,544.2673813080667
2024-10-29 03:45:00+00:00,546.7007318173789
2024-10-29 04:45:00+00:00,538.4591302608995
2024-10-29 05:45:00+00:00,536.8100755429181
2024-10-29 06:45:00+00:00,541.6548855591332
2024-10-29 07:45:00+00:00,535.4542251465742
2024-10-29 08:45:00+00:00,531.0044255627803
2024-10-29 09:45:00+00:00,532.9346475358583
2024-10-30 03:45:00+00:00,534.60091266103
2024-10-30 04:45:00+00:00,528.6765417681762
2024-10-30 05:45:00+00:00,522.6241067912371
2024-10-30 06:45:00+00:00,520.9042020677404
2024-10-30 07:45:00+00:00,516.9616650076141
2024-10-30 08:45:00+00:00,526.0523805939172
2024-10-30 09:45:00+00:00,533.3963515621167
2024-10-31 03:45:00+00:00,530.341374808449
2024-10-31 04:45:00+00:00,539.9806676379469
2024-10-31 05:45:00+00:00,540.2669188579231
2024-10-31 06:45:00+00:00,542.4904035286783
2024-10-31 07:45:00+00:00,547.6394130654841
2024-10-31 08:45:00+00:00,537.92149727042
2024-10-31 09:45:00+00:00,539.6392614524175
2024-11-04 03:45:00+00:00,541.8725835848181
2024-11-04 04:45:00+00:00,541.4169763366775
2024-11-04 05:45:00+00:00,546.388577067099
2024-11-04 06:45:00+00:00,555.5272393246994
2024-11-04 07:45:00+00:00,562.7152035049955
2024-11-04 08:45:00+00:00,565.3423086229307
2024-11-04 09:45:00+00:00,566.9747534121545
2024-11-05 03:45:00+00:00,566.6718515917441
2024-11-05 04:45:00+00:00,571.842903364993
2024-11-05 05:45:00+00:00,577.4624833614481
2024-11-05 06:45:00+00:00,578.1235903079055
2024-11-05 07:45:00+00:00,571.2049096328763
2024-11-05 08:45:00+00:00,574.377949801478
2024-11-05 09:45:00+00:00,572.838954860205
2024-11-06 03:45:00+00:00,570.3390146501873
2024-11-06 04:45:00+00:00,572.0808079629533
2024-11-06 05:45:00+00:00,574.4390885145597
2024-11-06 06:45:00+00:00,573.4614090448355
2024-11-06 07:45:00+00:00,573.3798637975292
2024-11-06 08:45:00+00:00,577.5768084177017
2024-11-06 09:45:00+00:00,580.3324431424256
2024-11-07 03:45:00+00:00,586.4940900698882
2024-11-07 04:45:00+00:00,580.7095126402904
2024-11-07 05:45:00+00:00,582.037246956994
2024-11-07 06:45:00+00:00,580.4352837021727
2024-11-07 07:45:00+00:00,584.185577909667
2024-11-07 08:45:00+00:00,587.03681517488
2024-11-07 09:45:00+00:00,586.052871712702
2024-11-08 03:45:00+00:00,578.1575419613717
2024-11-08 04:45:00+00:00,576.298991054344
2024-11-08 05:45:00+00:00,577.8439947378426
2024-11-08 06:45:00+00:00,568.6947972690757
2024-11-08 07:45:00+00:00,564.9211646465603
2024-11-08 08:45:00+00:00,567.6021696828626
2024-11-08 09:45:00+00:00,569.4498281845476
2024-11-11 03:45:00+00:00,570.427685858559
2024-11-11 04:45:00+00:00,564.9073385467234
2024-11-11 05:45:00+00:00,564.6272114940244
2024-11-11 06:45:00+00:00,568.257419142444
2024-11-11 07:45:00+00:00,562.5967373473754
2024-11-11 08:45:00+00:00,560.7622741781512
2024-11-11 09:45:00+00:00,562.541448683546
2024-11-12 03:45:00+00:00,554.6112234040003
2024-11-12 04:45:00+00:00,552.8840109673058
2024-11-12 05:45:00+00:00,549.2172258526673
2024-11-12 06:45:00+00:00,548.0619297005059
2024-11-12 07:45:00+00:00,544.3948436306059
2024-11-12 08:45:00+00:00,543.0608394162565
2024-11-12 09:45:00+00:00,541.2674994267943
2024-11-13 03:45:00+00:00,541.0308153041476
2024-11-13 04:45:00+00:00,544.3204889739518
2024-11-13 05:45:00+00:00,545.5560912596783
2024-11-13 06:45:00+00:00,539.8123948911242
2024-11-13 07:45:00+00:00,529.8707048352809
2024-11-13 08:45:00+00:00,519.5189362945014
2024-11-13 09:45:00+00:00,525.4499912839973
2024-11-14 03:45:00+00:00,527.9737052446914
2024-11-14 04:45:00+00:00,529.4456922184598
2024-11-14 05:45:00+00:00,532.044796971109
2024-11-14 06:45:00+00:00,527.2521501189902
2024-11-14 07:45:00+00:00,517.8982898759934
2024-11-14 08:45:00+00:00,514.2354890753722
2024-11-14 09:45:00+00:00,513.2734164789373
2024-11-18 03:45:00+00:00,516.6984177809189
2024-11-18 04:45:00+00:00,515.1197210062309
2024-11-18 05:45:00+00:00,515.0820036610328
2024-11-18 06:45:00+00:00,515.936964804451
2024-11-18 07:45:00+00:00,516.4370115708579
2024-11-18 08:45:00+00:00,514.4755637236442
2024-11-18 09:45:00+00:00,522.2247826725045
2024-11-19 03:45:00+00:00,516.304003317118
2024-11-19 04:45:00+00:00,512.295565127178
2024-11-19 05:45:00+00:00,512.3641642051804
2024-11-19 06:45:00+00:00,513.8579126431014
2024-11-19 07:45:00+00:00,515.0362539653389
2024-11-19 08:45:00+00:00,512.3449324043104
2024-11-19 09:45:00+00:00,511.24079242654886
2024-11-21 03:45:00+00:00,514.1400611795257
2024-11-21 04:45:00+00:00,513.7724706054363
2024-11-21 05:45:00+00:00,515.9978437889947
2024-11-21 06:45:00+00:00,516.6338903844664
2024-11-21 07:45:00+00:00,514.846496872105
2024-11-21 08:45:00+00:00,517.5921118354676
2024-11-21 09:45:00+00:00,514.9808727286656
2024-11-22 03:45:00+00:00,516.3307368993922
2024-11-22 04:45:00+00:00,516.0728987980597
2024-11-22 05:45:00+00:00,513.6924019951803
2024-11-22 06:45:00+00:00,517.1907863009026
2024-11-22 07:45:00+00:00,512.2916956455313
2024-11-22 08:45:00+00:00,513.7539008592478
2024-11-22 09:45:00+00:00,514.8110749699438
2024-11-25 03:45:00+00:00,513.8922204503458
2024-11-25 04:45:00+00:00,505.3732862907137
2024-11-25 05:45:00+00:00,503.2938279128954
2024-11-25 06:45:00+00:00,510.3982420490529
2024-11-25 07:45:00+00:00,513.4332435705861
2024-11-25 08:45:00+00:00,514.4992424129242
2024-11-25 09:45:00+00:00,511.91963504466736
2024-11-26 03:45:00+00:00,505.7640580528424
2024-11-26 04:45:00+00:00,510.12446063711565
2024-11-26 05:45:00+00:00,506.9663468932738
2024-11-26 06:45:00+00:00,508.26135517893323
2024-11-26 07:45:00+00:00,503.8589707943597
2024-11-26 08:45:00+00:00,508.46462192895984
2024-11-26 09:45:00+00:00,502.46020910960976
2024-11-27 03:45:00+00:00,503.38122250797306
2024-11-27 04:45:00+00:00,503.7614238098683
2024-11-27 05:45:00+00:00,501.58330401895967
2024-11-27 06:45:00+00:00,505.6612751679686
2024-11-27 07:45:00+00:00,511.343575256669
2024-11-27 08:45:00+00:00,511.44106417437973
2024-11-27 09:45:00+00:00,517.9852007356152
2024-11-28 03:45:00+00:00,520.7395352066052
2024-11-28 04:45:00+00:00,513.7953002920436
2024-11-28 05:45:00+00:00,511.6245365701199
2024-11-28 06:45:00+00:00,515.0606703302083
2024-11-28 07:45:00+00:00,510.0244597555176
2024-11-28 08:45:00+00:00,509.96301073179063
2024-11-28 09:45:00+00:00,505.27017843071576
2024-11-29 03:45:00+00:00,503.834413798536
2024-11-29 04:45:00+00:00,505.8786840891268
2024-11-29 05:45:00+00:00,507.4731628016115
2024-11-29 06:45:00+00:00,507.5526710498388
2024-11-29 07:45:00+00:00,510.923430249809
2024-11-29 08:45:00+00:00,514.5271924106482
2024-11-29 09:45:00+00:00,513.3171718910896
2024-12-02 03:45:00+00:00,513.3866167016608
2024-12-02 04:45:00+00:00,516.5897222757294
2024-12-02 05:45:00+00:00,514.3869206681287
2024-12-02 06:45:00+00:00,512.4759728320233
2024-12-02 07:45:00+00:00,518.2509142434994
2024-12-02 08:45:00+00:00,521.9719147691575
2024-12-02 09:45:00+00:00,520.8914053702136
2024-12-03 03:45:00+00:00,519.7852746514994
2024-12-03 04:45:00+00:00,516.3883448488326
2024-12-03 05:45:00+00:00,518.5452365884746
2024-12-03 06:45:00+00:00,521.875710900044
2024-12-03 07:45:00+00:00,517.8674648188181
2024-12-03 08:45:00+00:00,520.9761035265624
2024-12-03 09:45:00+00:00,522.2797197228673
2024-12-04 03:45:00+00:00,524.2732385338272
2024-12-04 04:45:00+00:00,522.4120629868523
2024-12-04 05:45:00+00:00,522.549936902476
2024-12-04 06:45:00+00:00,526.5425061922795
2024-12-04 07:45:00+00:00,523.543515337197
2024-12-04 08:45:00+00:00,527.0188676695434
2024-12-04 09:45:00+00:00,527.2844239463441
2024-12-05 03:45:00+00:00,528.8878785509271
2024-12-05 04:45:00+00:00,532.3821392720906
2024-12-05 05:45:00+00:00,536.2149419924148
2024-12-05 06:45:00+00:00,540.1759537852191
2024-12-05 07:45:00+00:00,543.6691542951437
2024-12-05 08:45:00+00:00,543.6342611684536
2024-12-05 09:45:00+00:00,548.776497080842
2024-12-06 03:45:00+00:00,556.4859699585903
2024-12-06 04:45:00+00:00,561.2797549671849
2024-12-06 05:45:00+00:00,559.5004625103069
2024-12-06 06:45:00+00:00,563.3744078703064
2024-12-06 07:45:00+00:00,561.4938577595573
2024-12-06 08:45:00+00:00,560.7333857065552
2024-12-06 09:45:00+00:00,554.1386307339021
2024-12-09 03:45:00+00:00,559.2261026580172
2024-12-09 04:45:00+00:00,559.5293558842477
2024-12-09 05:45:00+00:00,559.6008975447885
2024-12-09 06:45:00+00:00,561.5527904574388
2024-12-09 07:45:00+00:00,569.8440975175284
2024-12-09 08:45:00+00:00,571.1979969683055
2024-12-09 09:45:00+00:00,573.3564776318711
2024-12-10 03:45:00+00:00,574.3724217633119
2024-12-10 04:45:00+00:00,574.7691895604349
2024-12-10 05:45:00+00:00,572.9480256682646
2024-12-10 06:45:00+00:00,572.775579664706
2024-12-10 07:45:00+00:00,574.8563246675681
2024-12-10 08:45:00+00:00,572.8807669803984
2024-12-10 09:45:00+00:00,569.9280857510067
2024-12-11 03:45:00+00:00,564.2185796623118
2024-12-11 04:45:00+00:00,557.6888646495106
2024-12-11 05:45:00+00:00,563.3025034384581
2024-12-11 06:45:00+00:00,564.7676723878074
2024-12-11 07:45:00+00:00,563.8511104548022
2024-12-11 08:45:00+00:00,560.779725943908
2024-12-11 09:45:00+00:00,561.8721620684489
2024-12-12 03:45:00+00:00,567.336913526206
2024-12-12 04:45:00+00:00,567.1851468877571
2024-12-12 05:45:00+00:00,572.9885846443611
2024-12-12 06:45:00+00:00,574.0114673375958
2024-12-12 07:45:00+00:00,579.2302893224889
2024-12-12 08:45:00+00:00,579.9646619905785
2024-12-12 09:45:00+00:00,574.2232449928063
2024-12-13 03:45:00+00:00,575.9416356052383
2024-12-13 04:45:00+00:00,573.7322435258294
2024-12-13 05:45:00+00:00,579.2437864464622
2024-12-13 06:45:00+00:00,585.9245708130479
2024-12-13 07:45:00+00:00,578.6468577300786
2024-12-13 08:45:00+00:00,580.264506946561
2024-12-13 09:45:00+00:00,572.7281518527329
2024-12-16 03:45:00+00:00,575.5328743097635
2024-12-16 04:45:00+00:00,578.1794275997041
2024-12-16 05:45:00+00:00,580.3558178003321
2024-12-16 06:45:00+00:00,581.9603328548244
2024-12-16 07:45:00+00:00,582.7766682263481
2024-12-16 08:45:00+00:00,585.2508021688462
2024-12-16 09:45:00+00:00,585.5195812169676
2024-12-17 03:45:00+00:00,589.202590200173
2024-12-17 04:45:00+00:00,591.3638014015437
2024-12-17 05:45:00+00:00,599.5964077820682
2024-12-17 06:45:00+00:00,593.2567534072673
2024-12-17 07:45:00+00:00,597.5270714881706
2024-12-17 08:45:00+00:00,599.9057169268804
2024-12-17 09:45:00+00:00,600.3672959554422
2024-12-18 03:45:00+00:00,599.5585680641927
2024-12-18 04:45:00+00:00,593.9994735556131
2024-12-18 05:45:00+00:00,595.9738787713108
2024-12-18 06:45:00+00:00,595.7736318563808
2024-12-18 07:45:00+00:00,593.6700031105263
2024-12-18 08:45:00+00:00,600.2762520753297
2024-12-18 09:45:00+00:00,594.7177377140272
2024-12-19 03:45:00+00:00,592.5241393963847
2024-12-19 04:45:00+00:00,589.9398411075437
2024-12-19 05:45:00+00:00,585.6103710823913
2024-12-19 06:45:00+00:00,584.5464949470628
2024-12-19 07:45:00+00:00,587.8064386944682
2024-12-19 08:45:00+00:00,587.63416503907
2024-12-19 09:45:00+00:00,588.6627948406745
2024-12-20 03:45:00+00:00,596.6156543644036
2024-12-20 04:45:00+00:00,590.7872231065375
2024-12-20 05:45:00+00:00,591.8453391628512
2024-12-20 06:45:00+00:00,600.1309986546174
2024-12-20 07:45:00+00:00,604.9264782442258
2024-12-20 08:45:00+00:00,607.6490815169693
2024-12-20 09:45:00+00:00,609.5947067616952
2024-12-23 03:45:00+00:00,609.8075753887834
2024-12-23 04:45:00+00:00,604.3061537363251
2024-12-23 05:45:00+00:00,608.8279084861795
2024-12-23 06:45:00+00:00,621.4430114156299
2024-12-23 07:45:00+00:00,616.6600088607117
2024-12-23 08:45:00+00:00,615.0388821980492
2024-12-23 09:45:00+00:00,608.5017915052592
2024-12-24 03:45:00+00:00,607.057357109662
2024-12-24 04:45:00+00:00,601.3339635193461
2024-12-24 05:45:00+00:00,599.777776514861
2024-12-24 06:45:00+00:00,597.0160402641419
2024-12-24 07:45:00+00:00,600.8351051669472
2024-12-24 08:45:00+00:00,599.2372668628074
2024-12-24 09:45:00+00:00,600.4801781797181
2024-12-26 03:45:00+00:00,596.832459161954
2024-12-26 04:45:00+00:00,599.533909826304
2024-12-26 05:45:00+00:00,603.3079868202742
2024-12-26 06:45:00+00:00,608.1806758616616
2024-12-26 07:45:00+00:00,608.7241247649204
2024-12-26 08:45:00+00:00,610.7176020409736
2024-12-26 09:45:00+00:00,609.2104370112977
2024-12-27 03:45:00+00:00,609.5151919234647
2024-12-27 04:45:00+00:00,615.0558566719245
2024-12-27 05:45:00+00:00,619.2313918246052
2024-12-27 06:45:00+00:00,614.5280010809762
2024-12-27 07:45:00+00:00,609.9236093314497
2024-12-27 08:45:00+00:00,612.6885523979763
2024-12-27 09:45:00+00:00,610.7461368048102
2024-12-30 03:45:00+00:00,603.3706530841156
2024-12-30 04:45:00+00:00,600.9575764876009
2024-12-30 05:45:00+00:00,593.6014041842773
2024-12-30 06:45:00+00:00,593.9687035588241
2024-12-30 07:45:00+00:00,589.9600458295216
2024-12-30 08:45:00+00:00,587.6964226233613
2024-12-30 09:45:00+00:00,590.4011737908319
2024-12-31 03:45:00+00:00,588.1749804842269
2024-12-31 04:45:00+00:00,590.3128019611597
2024-12-31 05:45:00+00:00,593.1773539781937
2024-12-31 06:45:00+00:00,585.3626033977063
2024-12-31 07:45:00+00:00,584.5053705695784
2024-12-31 08:45:00+00:00,589.6287902132295
2024-12-31 09:45:00+00:00,596.9426593977454
2025-01-01 03:45:00+00:00,597.0324190152048
2025-01-01 04:45:00+00:00,593.1877353794785
2025-01-01 05:45:00+00:00,590.9151939568732
2025-01-01 06:45:00+00:00,594.240507189306
2025-01-01 07:45:00+00:00,595.4086916176852
2025-01-01 08:45:00+00:00,598.0819203630188
2025-01-01 09:45:00+00:00,598.3710317292624
2025-01-02 03:45:00+00:00,602.1475163613637
2025-01-02 04:45:00+00:00,596.9010089686931
2025-01-02 05:45:00+00:00,596.6259228064714
2025-01-02 06:45:00+00:00,592.9975433135407
2025-01-02 07:45:00+00:00,590.9481850631927
2025-01-02 08:45:00+00:00,591.7874790947033
2025-01-02 09:45:00+00:00,593.3740318924494
2025-01-03 03:45:00+00:00,592.139689063354
2025-01-03 04:45:00+00:00,590.3309494444331
2025-01-03 05:45:00+00:00,590.0629965181621
2025-01-03 06:45:00+00:00,576.7892409568204
2025-01-03 07:45:00+00:00,575.7110359492765
2025-01-03 08:45:00+00:00,565.2103178158491
2025-01-03 09:45:00+00:00,572.2291115059394
2025-01-06 03:45:00+00:00,571.9276231946175
2025-01-06 04:45:00+00:00,573.1537848472476
2025-01-06 05:45:00+00:00,570.5789139825691
2025-01-06 06:45:00+00:00,575.0461912183434
2025-01-06 07:45:00+00:00,570.2506174087034
2025-01-06 08:45:00+00:00,576.0747416643909
2025-01-06 09:45:00+00:00,574.8569197266722
2025-01-07 03:45:00+00:00,572.1769897786568
2025-01-07 04:45:00+00:00,569.7061063945225
2025-01-07 05:45:00+00:00,566.8377327217651
2025-01-07 06:45:00+00:00,570.1942392456726
2025-01-07 07:45:00+00:00,573.3614623271814
2025-01-07 08:45:00+00:00,578.828805941845
2025-01-07 09:45:00+00:00,576.9307320755241
2025-01-08 03:45:00+00:00,569.2529639112377
2025-01-08 04:45:00+00:00,570.3933064541715
2025-01-08 05:45:00+00:00,572.5626261004323
2025-01-08 06:45:00+00:00,568.2217771845502
2025-01-08 07:45:00+00:00,571.8426682882807
2025-01-08 08:45:00+00:00,564.9471593188448
2025-01-08 09:45:00+00:00,567.9813301316651
2025-01-09 03:45:00+00:00,564.1673165042073
2025-01-09 04:45:00+00:00,560.7825267475695
2025-01-09 05:45:00+00:00,556.1933030291307
2025-01-09 06:45:00+00:00,557.1959664693613
2025-01-09 07:45:00+00:00,560.2153677017156
2025-01-09 08:45:00+00:00,562.8754054431678
2025-01-09 09:45:00+00:00,564.5717130010116
2025-01-10 03:45:00+00:00,566.431108820594
2025-01-10 04:45:00+00:00,555.8978186658909
2025-01-10 05:45:00+00:00,551.4411002291873
2025-01-10 06:45:00+00:00,550.6463048402801
2025-01-10 07:45:00+00:00,548.6395732853242
2025-01-10 08:45:00+00:00,554.5295185725104
2025-01-10 09:45:00+00:00,555.1995806712569
2025-01-13 03:45:00+00:00,563.2146489412567
2025-01-13 04:45:00+00:00,565.5623473719952
2025-01-13 05:45:00+00:00,568.4208547902065
2025-01-13 06:45:00+00:00,564.5504607716435
2025-01-13 07:45:00+00:00,559.8642488538046
2025-01-13 08:45:00+00:00,565.4390796144202
2025-01-13 09:45:00+00:00,566.4521693649466
2025-01-14 03:45:00+00:00,561.945626022251
2025-01-14 04:45:00+00:00,565.0383503784066
2025-01-14 05:45:00+00:00,562.0847580347379
2025-01-14 06:45:00+00:00,567.2045119582579
2025-01-14 07:45:00+00:00,569.4341901577747
2025-01-14 08:45:00+00:00,562.7308888460639
2025-01-14 09:45:00+00:00,559.0199788961688
2025-01-15 03:45:00+00:00,557.5519999987607
2025-01-15 04:45:00+00:00,561.8038601559924
2025-01-15 05:45:00+00:00,558.615043065247
2025-01-15 06:45:00+00:00,548.5412802227524
2025-01-15 07:45:00+00:00,547.4123185009483
2025-01-15 08:45:00+00:00,553.0534500860065
2025-01-15 09:45:00+00:00,554.0975545512539
2025-01-16 03:45:00+00:00,558.5392004563956
2025-01-16 04:45:00+00:00,563.0923749873651
2025-01-16 05:45:00+00:00,556.1491003850849
2025-01-16 06:45:00+00:00,554.8738901802145
2025-01-16 07:45:00+00:00,560.4412757772204
2025-01-16 08:45:00+00:00,555.3571191406136
2025-01-16 09:45:00+00:00,555.5503465304799
2025-01-17 03:45:00+00:00,558.4011738799026
2025-01-17 04:45:00+00:00,559.9210411211494
2025-01-17 05:45:00+00:00,559.0785614907686
2025-01-17 06:45:00+00:00,555.32057813367
2025-01-17 07:45:00+00:00,560.5309417123945
2025-01-17 08:45:00+00:00,557.1318420195825
2025-01-17 09:45:00+00:00,553.5927217643648
2025-01-20 03:45:00+00:00,556.5444520570001
2025-01-20 04:45:00+00:00,553.2856167288539
2025-01-20 05:45:00+00:00,553.9483940010186
2025-01-20 06:45:00+00:00,558.4433557806835
2025-01-20 07:45:00+00:00,557.4576423106752
2025-01-20 08:45:00+00:00,556.9083089573616
2025-01-20 09:45:00+00:00,553.9833254159788
2025-01-21 03:45:00+00:00,556.8669728212429
2025-01-21 04:45:00+00:00,555.2172383461098
2025-01-21 05:45:00+00:00,557.6706204100809
2025-01-21 06:45:00+00:00,555.7069546989612
2025-01-21 07:45:00+00:00,561.6818496941785
2025-01-21 08:45:00+00:00,563.8081198922215
2025-01-21 09:45:00+00:00,563.0676403966003
2025-01-22 03:45:00+00:00,562.8148210182356
2025-01-22 04:45:00+00:00,558.1673648546897
2025-01-22 05:45:00+00:00,558.9599923042438
2025-01-22 06:45:00+00:00,563.3903087048116
2025-01-22 07:45:00+00:00,549.6618022675763
2025-01-22 08:45:00+00:00,550.3934905793689
2025-01-22 09:45:00+00:00,553.6859481851737
2025-01-23 03:45:00+00:00,550.0254499733027
2025-01-23 04:45:00+00:00,542.9949204076195
2025-01-23 05:45:00+00:00,546.6550593837369
2025-01-23 06:45:00+00:00,543.2516997963212
2025-01-23 07:45:00+00:00,546.5326705815002
2025-01-23 08:45:00+00:00,542.0481143570298
2025-01-23 09:45:00+00:00,544.7631071098532
2025-01-24 03:45:00+00:00,542.3408688405613
2025-01-24 04:45:00+00:00,542.5049480285041
2025-01-24 05:45:00+00:00,544.3129220869523
2025-01-24 06:45:00+00:00,545.5336254283177
2025-01-24 07:45:00+00:00,543.1055838099865
2025-01-24 08:45:00+00:00,541.1114229978466
2025-01-24 09:45:00+00:00,538.1898394009957
2025-01-27 03:45:00+00:00,531.6491245868584
2025-01-27 04:45:00+00:00,538.8517279153854
2025-01-27 05:45:00+00:00,532.753559965212
2025-01-27 06:45:00+00:00,530.8276824642397
2025-01-27 07:45:00+00:00,523.5692418308031
2025-01-27 08:45:00+00:00,524.0806134788462
2025-01-27 09:45:00+00:00,522.7073778848826
2025-01-28 03:45:00+00:00,520.8543058386579
2025-01-28 04:45:00+00:00,519.2257645466187
2025-01-28 05:45:00+00:00,516.1729290624884
2025-01-28 06:45:00+00:00,516.3658632691755
2025-01-28 07:45:00+00:00,518.8925999771831
2025-01-28 08:45:00+00:00,512.8076828564937
2025-01-28 09:45:00+00:00,512.6172987996299
2025-01-29 03:45:00+00:00,508.5227727438554
2025-01-29 04:45:00+00:00,508.8378651119735
2025-01-29 05:45:00+00:00,504.4901176308415
2025-01-29 06:45:00+00:00,503.5191705080714
2025-01-29 07:45:00+00:00,504.054109685597
2025-01-29 08:45:00+00:00,500.93039735268076
2025-01-29 09:45:00+00:00,501.84307056485454
2025-01-30 03:45:00+00:00,503.6133932954348
2025-01-30 04:45:00+00:00,506.7521578416048
2025-01-30 05:45:00+00:00,504.2040690379244
2025-01-30 06:45:00+00:00,506.89898933679956
2025-01-30 07:45:00+00:00,503.62117535113225
2025-01-30 08:45:00+00:00,505.4994538309449
2025-01-30 09:45:00+00:00,503.19690761460424
2025-01-31 03:45:00+00:00,503.8328522671771
2025-01-31 04:45:00+00:00,506.9740686115474
2025-01-31 05:45:00+00:00,510.85191015088475
2025-01-31 06:45:00+00:00,507.1381647897499
2025-01-31 07:45:00+00:00,510.0517128533023
2025-01-31 08:45:00+00:00,510.4732908833367
2025-01-31 09:45:00+00:00,508.6492953347085
2025-02-03 03:45:00+00:00,505.2642112597764
2025-02-03 04:45:00+00:00,510.54487110015907
2025-02-03 05:45:00+00:00,519.1131556749215
2025-02-03 06:45:00+00:00,516.7152384406701
2025-02-03 07:45:00+00:00,520.189632542857
2025-02-03 08:45:00+00:00,524.1681376379555
2025-02-03 09:45:00+00:00,529.0280200958856
2025-02-04 03:45:00+00:00,526.2487455301315
2025-02-04 04:45:00+00:00,521.6932952981593
2025-02-04 05:45:00+00:00,521.4502227970074
2025-02-04 06:45:00+00:00,517.2041905052216
2025-02-04 07:45:00+00:00,515.4472441612508
2025-02-04 08:45:00+00:00,517.1109114107318
2025-02-04 09:45:00+00:00,511.79288891625805
2025-02-05 03:45:00+00:00,508.37816901133084
2025-02-05 04:45:00+00:00,509.68685698504504
2025-02-05 05:45:00+00:00,508.0502327871822
2025-02-05 06:45:00+00:00,513.0845588389991
2025-02-05 07:45:00+00:00,503.12498510506543
2025-02-05 08:45:00+00:00,500.103305160019
2025-02-05 09:45:00+00:00,498.6105161217313
2025-02-06 03:45:00+00:00,499.2250167958489
2025-02-06 04:45:00+00:00,498.8650174211102
2025-02-06 05:45:00+00:00,497.28757664641654
2025-02-06 06:45:00+00:00,498.41210471878827
2025-02-06 07:45:00+00:00,492.1997868934763
2025-02-06 08:45:00+00:00,492.60934688347544
2025-02-06 09:45:00+00:00,489.5434271700545
2025-02-07 03:45:00+00:00,484.26894025391493
2025-02-07 04:45:00+00:00,483.9353989484518
2025-02-07 05:45:00+00:00,485.22450569530764
2025-02-07 06:45:00+00:00,479.3389123640392
2025-02-07 07:45:00+00:00,474.85526945424647
2025-02-07 08:45:00+00:00,474.46736592736397
2025-02-07 09:45:00+00:00,472.6580019577326
2025-02-10 03:45:00+00:00,472.7784897881318
2025-02-10 04:45:00+00:00,472.875062851493
2025-02-10 05:45:00+00:00,475.4264676947762
2025-02-10 06:45:00+00:00,479.30151263407294
2025-02-10 07:45:00+00:00,484.81857186383365
2025-02-10 08:45:00+00:00,482.16003621671194
2025-02-10 09:45:00+00:00,478.3719677536077
2025-02-11 03:45:00+00:00,477.36249697945425
2025-02-11 04:45:00+00:00,483.66709717680084
2025-02-11 05:45:00+00:00,487.3601172604791
2025-02-11 06:45:00+00:00,490.0936476433318
2025-02-11 07:45:00+00:00,491.6389786376355
2025-02-11 08:45:00+00:00,495.87966905392
2025-02-11 09:45:00+00:00,490.6668948341263
2025-02-12 03:45:00+00:00,485.84751786507235
2025-02-12 04:45:00+00:00,487.4973338231673
2025-02-12 05:45:00+00:00,486.2272647300875
2025-02-12 06:45:00+00:00,487.61305561102597
2025-02-12 07:45:00+00:00,484.28995221987196
2025-02-12 08:45:00+00:00,481.36689022509955
2025-02-12 09:45:00+00:00,473.639916288108
2025-02-13 03:45:00+00:00,470.2049093038302
2025-02-13 04:45:00+00:00,471.0429505177341
2025-02-13 05:45:00+00:00,465.4988847577949
2025-02-13 06:45:00+00:00,464.3390378711387
2025-02-13 07:45:00+00:00,460.57693880980696
2025-02-13 08:45:00+00:00,458.6819740615363
2025-02-13 09:45:00+00:00,460.9239935356836
2025-02-14 03:45:00+00:00,462.25622590667933
2025-02-14 04:45:00+00:00,464.2828566426415
2025-02-14 05:45:00+00:00,466.01528943590665
2025-02-14 06:45:00+00:00,462.3302420290238
2025-02-14 07:45:00+00:00,463.70097211064046
2025-02-14 08:45:00+00:00,467.26026763873637
2025-02-14 09:45:00+00:00,465.44627176835496
2025-02-17 03:45:00+00:00,465.9717501688551
2025-02-17 04:45:00+00:00,464.2404998241241
2025-02-17 05:45:00+00:00,457.54709337914994
2025-02-17 06:45:00+00:00,463.2389475144729
2025-02-17 07:45:00+00:00,462.9007334637981
2025-02-17 08:45:00+00:00,466.0955166332262
2025-02-17 09:45:00+00:00,475.4548906417834
2025-02-18 03:45:00+00:00,475.85248374735676
2025-02-18 04:45:00+00:00,474.25555766015657
2025-02-18 05:45:00+00:00,474.85747574732915
2025-02-18 06:45:00+00:00,477.483013853731
2025-02-18 07:45:00+00:00,483.8113076249581
2025-02-18 08:45:00+00:00,486.5474666258859
2025-02-18 09:45:00+00:00,492.17318388836003
2025-02-19 03:45:00+00:00,495.6827080796294
2025-02-19 04:45:00+00:00,494.03089409138016
2025-02-19 05:45:00+00:00,489.53075304133324
2025-02-19 06:45:00+00:00,490.62076433832164
2025-02-19 07:45:00+00:00,482.623410905765
2025-02-19 08:45:00+00:00,486.28456962511467
2025-02-19 09:45:00+00:00,487.7082185644291
2025-02-20 03:45:00+00:00,485.7486567601884
2025-02-20 04:45:00+00:00,484.2966007237
2025-02-20 05:45:00+00:00,481.45417544853046
2025-02-20 06:45:00+00:00,481.4353976601671
2025-02-20 07:45:00+00:00,477.62758145141146
2025-02-20 08:45:00+00:00,479.5394342177352
2025-02-20 09:45:00+00:00,479.56249800010903
2025-02-21 03:45:00+00:00,482.4958999659657
2025-02-21 04:45:00+00:00,479.9187666214145
2025-02-21 05:45:00+00:00,473.35552861728644
2025-02-21 06:45:00+00:00,474.30478645775366
2025-02-21 07:45:00+00:00,480.4092056297655
2025-02-21 08:45:00+00:00,476.59377612755515
2025-02-21 09:45:00+00:00,477.72809786318714
2025-02-24 03:45:00+00:00,477.9888248571194
2025-02-24 04:45:00+00:00,479.5949929444297
2025-02-24 05:45:00+00:00,478.0391618520615
2025-02-24 06:45:00+00:00,479.5216944638444
2025-02-24 07:45:00+00:00,480.17930814544917
2025-02-24 08:45:00+00:00,476.7427512918654
2025-02-24 09:45:00+00:00,476.9285738609202
2025-02-25 03:45:00+00:00,477.0986157622141
2025-02-25 04:45:00+00:00,472.0547595037837
2025-02-25 05:45:00+00:00,471.28538085050656
2025-02-25 06:45:00+00:00,472.19982429821084
2025-02-25 07:45:00+00:00,472.5833346444071
2025-02-25 08:45:00+00:00,469.3058021305498
2025-02-25 09:45:00+00:00,467.83330767003713
2025-02-27 03:45:00+00:00,466.6651634525276
2025-02-27 04:45:00+00:00,465.08366037341176
2025-02-27 05:45:00+00:00,470.36909155232524
2025-02-27 06:45:00+00:00,469.79641818086384
2025-02-27 07:45:00+00:00,474.54631944300786
2025-02-27 08:45:00+00:00,468.04691041436814
2025-02-27 09:45:00+00:00,464.641147750985
2025-02-28 03:45:00+00:00,469.30100204065025
2025-02-28 04:45:00+00:00,474.5174666815726
2025-02-28 05:45:00+00:00,482.53039573313083
2025-02-28 06:45:00+00:00,484.09569232813675
2025-02-28 07:45:00+00:00,482.1783620397185
2025-02-28 08:45:00+00:00,475.93114276574187
2025-02-28 09:45:00+00:00,476.8208266534908
2025-03-03 03:45:00+00:00,470.4329914496548
2025-03-03 04:45:00+00:00,475.3159732518938
2025-03-03 05:45:00+00:00,474.03966303956577
2025-03-03 06:45:00+00:00,474.4006136737616
2025-03-03 07:45:00+00:00,478.45800130432843
2025-03-03 08:45:00+00:00,480.8600609027238
2025-03-03 09:45:00+00:00,482.7031487123073
2025-03-04 03:45:00+00:00,481.57942910662564
2025-03-04 04:45:00+00:00,487.45296521407056
2025-03-04 05:45:00+00:00,487.7225158871748
2025-03-04 06:45:00+00:00,482.64466067120213
2025-03-04 07:45:00+00:00,481.43978412842597
2025-03-04 08:45:00+00:00,479.45582072538195
2025-03-04 09:45:00+00:00,480.0934566798121
2025-03-05 03:45:00+00:00,479.2393905029384
2025-03-05 04:45:00+00:00,479.94259392685547
2025-03-05 05:45:00+00:00,474.75525719872667
2025-03-05 06:45:00+00:00,481.3603780406314
2025-03-05 07:45:00+00:00,483.3546433604814
2025-03-05 08:45:00+00:00,486.08104647158916
2025-03-05 09:45:00+00:00,479.43920369858785
2025-03-06 03:45:00+00:00,475.15747958715133
2025-03-06 04:45:00+00:00,479.1032591530693
2025-03-06 05:45:00+00:00,479.7388792026019
2025-03-06 06:45:00+00:00,484.002738102936
2025-03-06 07:45:00+00:00,479.20088133165905
2025-03-06 08:45:00+00:00,479.0326668979942
2025-03-06 09:45:00+00:00,478.9560790803193
2025-03-07 03:45:00+00:00,479.44812228061727
2025-03-07 04:45:00+00:00,484.5596807107817
2025-03-07 05:45:00+00:00,485.5994935904242
2025-03-07 06:45:00+00:00,482.1366554159535
2025-03-07 07:45:00+00:00,474.76396574890566
2025-03-07 08:45:00+00:00,470.66958843575225
2025-03-07 09:45:00+00:00,471.8436883153927
2025-03-10 03:45:00+00:00,473.719316005969
2025-03-10 04:45:00+00:00,468.73906333957785
2025-03-10 05:45:00+00:00,470.85522367787246
2025-03-10 06:45:00+00:00,475.20983983658823
2025-03-10 07:45:00+00:00,466.8414790957717
2025-03-10 08:45:00+00:00,469.60683396313607
2025-03-10 09:45:00+00:00,466.8573683309296
2025-03-11 03:45:00+00:00,465.2717589258204
2025-03-11 04:45:00+00:00,466.92060559554506
2025-03-11 05:45:00+00:00,465.02254952475204
2025-03-11 06:45:00+00:00,468.10027108285766
2025-03-11 07:45:00+00:00,471.59352536284393
2025-03-11 08:45:00+00:00,470.32771924765194
2025-03-11 09:45:00+00:00,466.5721951565068
2025-03-12 03:45:00+00:00,471.3178858210591
2025-03-12 04:45:00+00:00,472.9767881157189
2025-03-12 05:45:00+00:00,474.1064589403284
2025-03-12 06:45:00+00:00,474.90476256420146
2025-03-12 07:45:00+00:00,474.0107028694935
2025-03-12 08:45:00+00:00,478.6196424124157
2025-03-12 09:45:00+00:00,479.3727523046916
2025-03-13 03:45:00+00:00,476.13680189997416
2025-03-13 04:45:00+00:00,477.4708369102839
2025-03-13 05:45:00+00:00,476.5840780947072
2025-03-13 06:45:00+00:00,482.94456732702696
2025-03-13 07:45:00+00:00,486.18962543345634
2025-03-13 08:45:00+00:00,482.26095707415146
2025-03-13 09:45:00+00:00,485.5618800410265
2025-03-17 03:45:00+00:00,485.20855146936896
2025-03-17 04:45:00+00:00,488.6631495036755
2025-03-17 05:45:00+00:00,492.79861412716855
2025-03-17 06:45:00+00:00,491.0174846482536
2025-03-17 07:45:00+00:00,491.07956307217
2025-03-17 08:45:00+00:00,500.3094776702654
2025-03-17 09:45:00+00:00,495.73445803541637
2025-03-18 03:45:00+00:00,497.24250557564386
2025-03-18 04:45:00+00:00,500.9596256941117
2025-03-18 05:45:00+00:00,504.9319600149254
2025-03-18 06:45:00+00:00,504.6095462352657
2025-03-18 07:45:00+00:00,504.4518801377482
2025-03-18 08:45:00+00:00,499.0730363268018
2025-03-18 09:45:00+00:00,499.54464783431814
2025-03-19 03:45:00+00:00,501.0224276863103
2025-03-19 04:45:00+00:00,505.0465176867171
2025-03-19 05:45:00+00:00,509.8624462854786
2025-03-19 06:45:00+00:00,506.606220615113
2025-03-19 07:45:00+00:00,504.8265472399761
2025-03-19 08:45:00+00:00,505.2508897607379
2025-03-19 09:45:00+00:00,505.06464626863834
2025-03-20 03:45:00+00:00,509.6912313972061
2025-03-20 04:45:00+00:00,509.10816528282857
2025-03-20 05:45:00+00:00,509.86749446325746
2025-03-20 06:45:00+00:00,509.8107753921921
2025-03-20 07:45:00+00:00,508.5751638063939
2025-03-20 08:45:00+00:00,504.5698136178388
2025-03-20 09:45:00+00:00,504.07658997026584
2025-03-21 03:45:00+00:00,500.88373653885634
2025-03-21 04:45:00+00:00,504.15947022796
2025-03-21 05:45:00+00:00,508.0170645817316
2025-03-21 06:45:00+00:00,512.0809514256725
2025-03-21 07:45:00+00:00,513.729513043005
2025-03-21 08:45:00+00:00,514.4842592784153
2025-03-21 09:45:00+00:00,516.8602275158314
2025-03-24 03:45:00+00:00,514.3167439363326
2025-03-24 04:45:00+00:00,513.4343203761719
2025-03-24 05:45:00+00:00,508.9552512318385
2025-03-24 06:45:00+00:00,505.1637591945459
2025-03-24 07:45:00+00:00,501.357750912618
2025-03-24 08:45:00+00:00,502.6044034529851
2025-03-24 09:45:00+00:00,499.3173492473756
2025-03-25 03:45:00+00:00,499.34627122368835
2025-03-25 04:45:00+00:00,503.17807228884527
2025-03-25 05:45:00+00:00,499.9436823379223
2025-03-25 06:45:00+00:00,496.862101473552
2025-03-25 07:45:00+00:00,496.43147337978337
2025-03-25 08:45:00+00:00,494.592430743595
2025-03-25 09:45:00+00:00,501.13341048330244
2025-03-26 03:45:00+00:00,502.2930970860028
2025-03-26 04:45:00+00:00,501.9089780620582
2025-03-26 05:45:00+00:00,503.25292652627013
2025-03-26 06:45:00+00:00,504.4249489531025
2025-03-26 07:45:00+00:00,500.4757038143576
2025-03-26 08:45:00+00:00,497.5161346917858
2025-03-26 09:45:00+00:00,496.3829900753557
2025-03-27 03:45:00+00:00,493.8212677937899
2025-03-27 04:45:00+00:00,495.508770264651
2025-03-27 05:45:00+00:00,495.91377680638016
2025-03-27 06:45:00+00:00,491.67438877925514
2025-03-27 07:45:00+00:00,495.8081918048664
2025-03-27 08:45:00+00:00,489.01633085742054
2025-03-27 09:45:00+00:00,490.7054506946191
2025-03-28 03:45:00+00:00,486.08989930989037
2025-03-28 04:45:00+00:00,488.75479149994794
2025-03-28 05:45:00+00:00,489.74004287714473
2025-03-28 06:45:00+00:00,485.95422474601156
2025-03-28 07:45:00+00:00,490.35674717595913
2025-03-28 08:45:00+00:00,487.63530875204907
2025-03-28 09:45:00+00:00,487.60549582995986
2025-04-01 03:45:00+00:00,488.2290407389991
2025-04-01 04:45:00+00:00,486.8442456170846
2025-04-01 05:45:00+00:00,486.15641162113553
2025-04-01 06:45:00+00:00,488.1270381123771
2025-04-01 07:45:00+00:00,494.11657935976405
2025-04-01 08:45:00+00:00,487.2425138896689
2025-04-01 09:45:00+00:00,486.0668054920144
2025-04-02 03:45:00+00:00,476.9388865121167
2025-04-02 04:45:00+00:00,477.2497521698184
2025-04-02 05:45:00+00:00,483.3156129398017
2025-04-02 06:45:00+00:00,484.43310346230277
2025-04-02 07:45:00+00:00,489.37910977744326
2025-04-02 08:45:00+00:00,487.4256138235381
2025-04-02 09:45:00+00:00,486.22856830785156
2025-04-03 03:45:00+00:00,482.2069291572751
2025-04-03 04:45:00+00:00,482.6791154687319
2025-04-03 05:45:00+00:00,487.8422598809146
2025-04-03 06:45:00+00:00,486.81361647405924
2025-04-03 07:45:00+00:00,482.69389170757483
2025-04-03 08:45:00+00:00,487.3204545482147
2025-04-03 09:45:00+00:00,483.841494277586
2025-04-04 03:45:00+00:00,484.7690922719955
2025-04-04 04:45:00+00:00,495.8276420977964
2025-04-04 05:45:00+00:00,497.3998132243045
2025-04-04 06:45:00+00:00,496.02234391586666
2025-04-04 07:45:00+00:00,494.1851281637008
2025-04-04 08:45:00+00:00,492.7004963632853
2025-04-04 09:45:00+00:00,494.1715596630525
2025-04-07 03:45:00+00:00,495.6522886974571
2025-04-07 04:45:00+00:00,497.13806522972806
2025-04-07 05:45:00+00:00,494.933239575318
2025-04-07 06:45:00+00:00,496.15265424606696
2025-04-07 07:45:00+00:00,494.6547954462718
2025-04-07 08:45:00+00:00,493.2380326757846
2025-04-07 09:45:00+00:00,492.0900117311518
2025-04-08 03:45:00+00:00,497.5827225885939
2025-04-08 04:45:00+00:00,501.5322989324613
2025-04-08 05:45:00+00:00,494.33217564936604
2025-04-08 06:45:00+00:00,496.7664443338178
2025-04-08 07:45:00+00:00,497.3188055148704
2025-04-08 08:45:00+00:00,495.3151090975565
2025-04-08 09:45:00+00:00,492.4363882424138
2025-04-09 03:45:00+00:00,494.14286690197866
2025-04-09 04:45:00+00:00,494.11199308037857
2025-04-09 05:45:00+00:00,485.42589220479607
2025-04-09 06:45:00+00:00,483.9521730028418
2025-04-09 07:45:00+00:00,484.4412679976676
2025-04-09 08:45:00+00:00,486.95664200621985
2025-04-09 09:45:00+00:00,489.6940244979398
2025-04-11 03:45:00+00:00,489.3746512630091
2025-04-11 04:45:00+00:00,489.6142504713879
2025-04-11 05:45:00+00:00,495.9344490433071
2025-04-11 06:45:00+00:00,496.1434975440903
2025-04-11 07:45:00+00:00,494.2721971231306
2025-04-11 08:45:00+00:00,498.83625725112205
2025-04-11 09:45:00+00:00,497.9657470468139
2025-04-15 03:45:00+00:00,497.169006754239
2025-04-15 04:45:00+00:00,501.6003003226889
2025-04-15 05:45:00+00:00,510.10684167237895
2025-04-15 06:45:00+00:00,506.34351809868383
2025-04-15 07:45:00+00:00,501.2507482960762
2025-04-15 08:45:00+00:00,501.1025346170563
2025-04-15 09:45:00+00:00,500.10316364270756
2025-04-16 03:45:00+00:00,499.90041582358447
2025-04-16 04:45:00+00:00,498.8836261312153
2025-04-16 05:45:00+00:00,497.7480481289892
2025-04-16 06:45:00+00:00,492.7848947464381
2025-04-16 07:45:00+00:00,492.3241693877781
2025-04-16 08:45:00+00:00,491.18064780339546
2025-04-16 09:45:00+00:00,490.095576734825
2025-04-17 03:45:00+00:00,493.77643193665125
2025-04-17 04:45:00+00:00,489.6951159125677
2025-04-17 05:45:00+00:00,493.53794229514784
2025-04-17 06:45:00+00:00,494.3691552099502
2025-04-17 07:45:00+00:00,500.3507214789924
2025-04-17 08:45:00+00:00,501.1288366552315
2025-04-17 09:45:00+00:00,502.37307057260125
2025-04-21 03:45:00+00:00,498.52801834686863
2025-04-21 04:45:00+00:00,502.7906035551451
2025-04-21 05:45:00+00:00,499.84358503715663
2025-04-21 06:45:00+00:00,499.1383825303635
2025-04-21 07:45:00+00:00,497.19366699148065
2025-04-21 08:45:00+00:00,497.4108618513128
2025-04-21 09:45:00+00:00,497.1321702744326
2025-04-22 03:45:00+00:00,495.15238027814263
2025-04-22 04:45:00+00:00,498.12057566414114
2025-04-22 05:45:00+00:00,497.1378052569793
2025-04-22 06:45:00+00:00,492.64211602686186
2025-04-22 07:45:00+00:00,495.1527787819132
2025-04-22 08:45:00+00:00,492.90335391820463
2025-04-22 09:45:00+00:00,494.28538898656956
2025-04-23 03:45:00+00:00,502.32626473351644
2025-04-23 04:45:00+00:00,501.3725231279417
2025-04-23 05:45:00+00:00,505.32677859135805
2025-04-23 06:45:00+00:00,500.56790500183877
2025-04-23 07:45:00+00:00,501.34299914765296
2025-04-23 08:45:00+00:00,496.99305312199317
2025-04-23 09:45:00+00:00,499.1571075271325
2025-04-24 03:45:00+00:00,502.03554068190726
2025-04-24 04:45:00+00:00,499.50636681743003
2025-04-24 05:45:00+00:00,497.6552997198068
2025-04-24 06:45:00+00:00,495.13621622190806
2025-04-24 07:45:00+00:00,497.55820822704874
2025-04-24 08:45:00+00:00,498.4145985312969
2025-04-24 09:45:00+00:00,498.81878308263873
2025-04-25 03:45:00+00:00,499.96199327085617
2025-04-25 04:45:00+00:00,495.76503076223764
2025-04-25 05:45:00+00:00,499.83589232601787
2025-04-25 06:45:00+00:00,507.1255988829771
2025-04-25 07:45:00+00:00,504.38251336926226
2025-04-25 08:45:00+00:00,503.7403212314357
2025-04-25 09:45:00+00:00,505.79171893168245
2025-04-28 03:45:00+00:00,511.0755744735126
2025-04-28 04:45:00+00:00,506.67359289085107
2025-04-28 05:45:00+00:00,500.78684979674676
2025-04-28 06:45:00+00:00,497.74995268683756
2025-04-28 07:45:00+00:00,500.9244673372343
2025-04-28 08:45:00+00:00,498.2918034864405
2025-04-28 09:45:00+00:00,497.78439028808515
2025-04-29 03:45:00+00:00,490.83739224301587
2025-04-29 04:45:00+00:00,487.8741724113536
2025-04-29 05:45:00+00:00,489.0407278153173
2025-04-29 06:45:00+00:00,489.70271238910306
2025-04-29 07:45:00+00:00,486.83457396666205
2025-04-29 08:45:00+00:00,485.3838621075955
2025-04-29 09:45:00+00:00,481.57653031453066
2025-04-30 03:45:00+00:00,484.0019466215636
2025-04-30 04:45:00+00:00,481.7826931378813
2025-04-30 05:45:00+00:00,484.738830363279
2025-04-30 06:45:00+00:00,487.038628109711
2025-04-30 07:45:00+00:00,487.96641259616837
2025-04-30 08:45:00+00:00,486.10336424066384
2025-04-30 09:45:00+00:00,479.552068448922
2025-05-02 03:45:00+00:00,481.76347734851987
2025-05-02 04:45:00+00:00,487.7632673768568
2025-05-02 05:45:00+00:00,488.5848923072879
2025-05-02 06:45:00+00:00,491.90377960227363
2025-05-02 07:45:00+00:00,495.4792664336789
2025-05-02 08:45:00+00:00,499.23905211187724
2025-05-02 09:45:00+00:00,499.914502478401
2025-05-05 03:45:00+00:00,497.18622954743137
2025-05-05 04:45:00+00:00,494.9990854304719
2025-05-05 05:45:00+00:00,492.00814991985595
2025-05-05 06:45:00+00:00,491.6728576005195
2025-05-05 07:45:00+00:00,493.7117383997659
2025-05-05 08:45:00+00:00,490.82795146308405
2025-05-05 09:45:00+00:00,494.00121066791525
2025-05-06 03:45:00+00:00,490.1846483128358
2025-05-06 04:45:00+00:00,484.3760523509474
2025-05-06 05:45:00+00:00,483.6202345339877
2025-05-06 06:45:00+00:00,483.5720014642471
2025-05-06 07:45:00+00:00,485.5618209372289
2025-05-06 08:45:00+00:00,484.7463043919421
2025-05-06 09:45:00+00:00,481.03650414332486
2025-05-07 03:45:00+00:00,481.2017433561944
2025-05-07 04:45:00+00:00,482.3550269757808
2025-05-07 05:45:00+00:00,487.8781485545209
2025-05-07 06:45:00+00:00,487.3858984678532
2025-05-07 07:45:00+00:00,484.4496148100872
2025-05-07 08:45:00+00:00,491.337001262403
2025-05-07 09:45:00+00:00,491.3671829581274
2025-05-08 03:45:00+00:00,491.189544128308
2025-05-08 04:45:00+00:00,487.84574190190415
2025-05-08 05:45:00+00:00,486.4898435627887
2025-05-08 06:45:00+00:00,490.1239027619677
2025-05-08 07:45:00+00:00,494.0828639086401
2025-05-08 08:45:00+00:00,490.93002105283347
2025-05-08 09:45:00+00:00,491.54454495471816
2025-05-09 03:45:00+00:00,492.73040666776376
2025-05-09 04:45:00+00:00,487.1836663517587
2025-05-09 05:45:00+00:00,487.0432526852851
2025-05-09 06:45:00+00:00,491.2828834237387
2025-05-09 07:45:00+00:00,492.76354447625835
2025-05-09 08:45:00+00:00,489.057766741008
2025-05-09 09:45:00+00:00,485.6086138323466
2025-05-12 03:45:00+00:00,481.320320021019
2025-05-12 04:45:00+00:00,476.41321969298514
2025-05-12 05:45:00+00:00,466.4818885291374
2025-05-12 06:45:00+00:00,467.00281206658474
2025-05-12 07:45:00+00:00,469.29046651366167
2025-05-12 08:45:00+00:00,470.51481736117364
2025-05-12 09:45:00+00:00,469.03602677122905
2025-05-13 03:45:00+00:00,461.83251756632035
2025-05-13 04:45:00+00:00,461.6160311192563
2025-05-13 05:45:00+00:00,458.36699252524954
2025-05-13 06:45:00+00:00,459.5249639772832
2025-05-13 07:45:00+00:00,460.0687502215506
2025-05-13 08:45:00+00:00,465.06509078909755
2025-05-13 09:45:00+00:00,465.1787266382672
2025-05-14 03:45:00+00:00,464.51813375593724
2025-05-14 04:45:00+00:00,458.4578783853112
2025-05-14 05:45:00+00:00,454.72088297537556
2025-05-14 06:45:00+00:00,449.47201477155807
2025-05-14 07:45:00+00:00,447.20853008138664
2025-05-14 08:45:00+00:00,447.1733569166612
2025-05-14 09:45:00+00:00,451.049429501299
2025-05-15 03:45:00+00:00,450.7054498504307
2025-05-15 04:45:00+00:00,449.1626342478165
2025-05-15 05:45:00+00:00,451.46778049801526
2025-05-15 06:45:00+00:00,450.85888564666476
2025-05-15 07:45:00+00:00,452.84765826425865
2025-05-15 08:45:00+00:00,451.2865116320162
2025-05-15 09:45:00+00:00,452.9774030112783
2025-05-16 03:45:00+00:00,461.7853055004401
2025-05-16 04:45:00+00:00,463.9748851217583
2025-05-16 05:45:00+00:00,469.10436023965633
2025-05-16 06:45:00+00:00,465.15604210985595
2025-05-16 07:45:00+00:00,467.62891188465085
2025-05-16 08:45:00+00:00,466.6717811413612
2025-05-16 09:45:00+00:00,467.1453028491696
2025-05-19 03:45:00+00:00,461.67906287198383
2025-05-19 04:45:00+00:00,455.5174843891642
2025-05-19 05:45:00+00:00,451.79548048007143
2025-05-19 06:45:00+00:00,449.2305755615624
2025-05-19 07:45:00+00:00,453.38241113016863
2025-05-19 08:45:00+00:00,454.81619453042674
2025-05-19 09:45:00+00:00,450.3831934504034
2025-05-20 03:45:00+00:00,455.02552549825594
2025-05-20 04:45:00+00:00,458.89483730941237
2025-05-20 05:45:00+00:00,457.1338111872678
2025-05-20 06:45:00+00:00,457.82347530762877
2025-05-20 07:45:00+00:00,464.20582307687437
2025-05-20 08:45:00+00:00,462.17655761258214
2025-05-20 09:45:00+00:00,461.7194197724694
2025-05-21 03:45:00+00:00,464.4167957332713
2025-05-21 04:45:00+00:00,464.1589688286157
2025-05-21 05:45:00+00:00,461.11243167424
2025-05-21 06:45:00+00:00,466.78216927726703
2025-05-21 07:45:00+00:00,462.8310841951718
2025-05-21 08:45:00+00:00,462.3804863308698
2025-05-21 09:45:00+00:00,463.0204270572155
2025-05-22 03:45:00+00:00,465.561312897314
2025-05-22 04:45:00+00:00,460.57530747368605
2025-05-22 05:45:00+00:00,459.3153945894833
2025-05-22 06:45:00+00:00,462.1998484350112
2025-05-22 07:45:00+00:00,464.90329120763937
2025-05-22 08:45:00+00:00,464.9089958156965
2025-05-22 09:45:00+00:00,466.91635401876346
2025-05-23 03:45:00+00:00,469.12310378088586
2025-05-23 04:45:00+00:00,470.0192373456946
2025-05-23 05:45:00+00:00,470.74310040032884
2025-05-23 06:45:00+00:00,472.26696980639696
2025-05-23 07:45:00+00:00,474.93614169449023
2025-05-23 08:45:00+00:00,474.25025169815854
2025-05-23 09:45:00+00:00,472.6474907898204
2025-05-26 03:45:00+00:00,478.90491705969924
2025-05-26 04:45:00+00:00,477.56718044310026
2025-05-26 05:45:00+00:00,473.7914203021606
2025-05-26 06:45:00+00:00,471.8658272001343
2025-05-26 07:45:00+00:00,473.5825043028757
2025-05-26 08:45:00+00:00,478.0292842172561
2025-05-26 09:45:00+00:00,478.84031893748715
2025-05-27 03:45:00+00:00,477.8032203356441
2025-05-27 04:45:00+00:00,477.6066785956052
2025-05-27 05:45:00+00:00,476.6166245968466
2025-05-27 06:45:00+00:00,474.20121653682907
2025-05-27 07:45:00+00:00,477.0972390630338
2025-05-27 08:45:00+00:00,477.4062593895962
2025-05-27 09:45:00+00:00,475.7673693015765
2025-05-28 03:45:00+00:00,475.4449461471038
2025-05-28 04:45:00+00:00,478.4830407037773
2025-05-28 05:45:00+00:00,472.83167094660485
2025-05-28 06:45:00+00:00,481.4960926686087
2025-05-28 07:45:00+00:00,474.35546332662585
2025-05-28 08:45:00+00:00,473.5575704999686
2025-05-28 09:45:00+00:00,474.63550111930266
2025-05-29 03:45:00+00:00,475.1011518964936
2025-05-29 04:45:00+00:00,476.80848306116513
2025-05-29 05:45:00+00:00,472.2476481955679
2025-05-29 06:45:00+00:00,473.5715624006547
2025-05-29 07:45:00+00:00,476.66474643215327
2025-05-29 08:45:00+00:00,478.9097725676125
2025-05-29 09:45:00+00:00,480.0083698711322
2025-05-30 03:45:00+00:00,479.04450753192907
2025-05-30 04:45:00+00:00,474.63395084658134
2025-05-30 05:45:00+00:00,473.7082231884524
2025-05-30 06:45:00+00:00,472.1826139313083
2025-05-30 07:45:00+00:00,467.69312141110055
2025-05-30 08:45:00+00:00,468.03884419548496
2025-05-30 09:45:00+00:00,467.7759667536219
2025-06-02 03:45:00+00:00,468.94200579933556
2025-06-02 04:45:00+00:00,468.7747154265838
2025-06-02 05:45:00+00:00,468.9363140059676
2025-06-02 06:45:00+00:00,472.72899947758907
2025-06-02 07:45:00+00:00,474.4374882067029
2025-06-02 08:45:00+00:00,475.72270687533467
2025-06-02 09:45:00+00:00,477.1614971934477
2025-06-03 03:45:00+00:00,478.5387239810296
2025-06-03 04:45:00+00:00,476.91347039540096
2025-06-03 05:45:00+00:00,475.63056937264366
2025-06-03 06:45:00+00:00,471.1062265529961
2025-06-03 07:45:00+00:00,469.3587836587182
2025-06-03 08:45:00+00:00,464.7335250799937
2025-06-03 09:45:00+00:00,465.40668856935224
2025-06-04 03:45:00+00:00,463.5820834878837
2025-06-04 04:45:00+00:00,459.0371474238692
2025-06-04 05:45:00+00:00,461.66166062194014
2025-06-04 06:45:00+00:00,464.1962067689114
2025-06-04 07:45:00+00:00,460.0844008054171
2025-06-04 08:45:00+00:00,458.96659670591214
2025-06-04 09:45:00+00:00,459.15550745726404
2025-06-05 03:45:00+00:00,457.57863266557
2025-06-05 04:45:00+00:00,452.220210632121
2025-06-05 05:45:00+00:00,455.9249976029603
2025-06-05 06:45:00+00:00,454.8507199079408
2025-06-05 07:45:00+00:00,456.9650712032619
2025-06-05 08:45:00+00:00,454.65431235943646
2025-06-05 09:45:00+00:00,457.21666534460746
2025-06-06 03:45:00+00:00,459.8746051431292
2025-06-06 04:45:00+00:00,464.90092460864446
2025-06-06 05:45:00+00:00,462.0736984494261
2025-06-06 06:45:00+00:00,461.7210731759563
2025-06-06 07:45:00+00:00,466.15014074224257
2025-06-06 08:45:00+00:00,467.4314214620041
2025-06-06 09:45:00+00:00,469.6679392599567
2025-06-09 03:45:00+00:00,470.5472658239029
2025-06-09 04:45:00+00:00,471.9503576086192
2025-06-09 05:45:00+00:00,474.2759452853101
2025-06-09 06:45:00+00:00,472.46966853008854
2025-06-09 07:45:00+00:00,477.67580805495334
2025-06-09 08:45:00+00:00,479.0034010241375
2025-06-09 09:45:00+00:00,478.3993902679908
2025-06-10 03:45:00+00:00,477.25807742845745
2025-06-10 04:45:00+00:00,478.73545752489485
2025-06-10 05:45:00+00:00,484.3672629719446
2025-06-10 06:45:00+00:00,479.5054657183667
2025-06-10 07:45:00+00:00,481.46634810366425
2025-06-10 08:45:00+00:00,484.07531517403646
2025-06-10 09:45:00+00:00,480.85994988469565
2025-06-11 03:45:00+00:00,481.3238516605218
2025-06-11 04:45:00+00:00,483.46447655058574
2025-06-11 05:45:00+00:00,483.0667121035959
2025-06-11 06:45:00+00:00,482.1979714449599
2025-06-11 07:45:00+00:00,488.05985567376456
2025-06-11 08:45:00+00:00,487.129172314692
2025-06-11 09:45:00+00:00,486.21724167037337
2025-06-12 03:45:00+00:00,486.4953790160299
2025-06-12 04:45:00+00:00,486.85702811177197
2025-06-12 05:45:00+00:00,487.66848275726034
2025-06-12 06:45:00+00:00,484.53290485903574
2025-06-12 07:45:00+00:00,474.9778564400086
2025-06-12 08:45:00+00:00,473.16039619810135
2025-06-12 09:45:00+00:00,474.95017803352687
2025-06-13 03:45:00+00:00,469.70117872307713
2025-06-13 04:45:00+00:00,471.32006136305216
2025-06-13 05:45:00+00:00,467.5922863214491
2025-06-13 06:45:00+00:00,465.695454156135
2025-06-13 07:45:00+00:00,463.0656567868533
2025-06-13 08:45:00+00:00,461.9031338931815
2025-06-13 09:45:00+00:00,460.4990536267725
2025-06-16 03:45:00+00:00,463.69848107222174
2025-06-16 04:45:00+00:00,465.08792792105737
2025-06-16 05:45:00+00:00,466.8247171790476
2025-06-16 06:45:00+00:00,469.70109306580144
2025-06-16 07:45:00+00:00,467.0999694424694
2025-06-16 08:45:00+00:00,465.4183955258073
2025-06-16 09:45:00+00:00,462.750578902494
2025-06-17 03:45:00+00:00,466.1491754334958
2025-06-17 04:45:00+00:00,463.04438392912203
2025-06-17 05:45:00+00:00,463.25963533006933
2025-06-17 06:45:00+00:00,467.092521444608
2025-06-17 07:45:00+00:00,460.6126182651664
2025-06-17 08:45:00+00:00,459.0865700058554
2025-06-17 09:45:00+00:00,462.46902581813697
2025-06-18 03:45:00+00:00,456.1913388787903
2025-06-18 04:45:00+00:00,451.81939529358243
2025-06-18 05:45:00+00:00,450.69269689254713
2025-06-18 06:45:00+00:00,452.9825309063459
2025-06-18 07:45:00+00:00,459.93674715558404
2025-06-18 08:45:00+00:00,456.9774357097927
2025-06-18 09:45:00+00:00,455.8201064367588
2025-06-19 03:45:00+00:00,455.5261233283489
2025-06-19 04:45:00+00:00,457.9521728904933
2025-06-19 05:45:00+00:00,461.1885222293029
2025-06-19 06:45:00+00:00,458.7293708852391
2025-06-19 07:45:00+00:00,458.10164771232485
2025-06-19 08:45:00+00:00,453.71457525792704
2025-06-19 09:45:00+00:00,453.31832724630596
2025-06-20 03:45:00+00:00,446.87541377156253
2025-06-20 04:45:00+00:00,454.3110393465043
2025-06-20 05:45:00+00:00,460.0896805073232
2025-06-20 06:45:00+00:00,453.19683359386886
2025-06-20 07:45:00+00:00,448.84492874617115
2025-06-20 08:45:00+00:00,448.4317308077184
2025-06-20 09:45:00+00:00,452.19474641004854
2025-06-23 03:45:00+00:00,450.82204879302316
2025-06-23 04:45:00+00:00,452.1314659393344
2025-06-23 05:45:00+00:00,448.99427343397855
2025-06-23 06:45:00+00:00,453.59606510856605
2025-06-23 07:45:00+00:00,452.9528730331491
2025-06-23 08:45:00+00:00,453.5764348967119
2025-06-23 09:45:00+00:00,450.6785281356932
2025-06-24 03:45:00+00:00,444.38282318898126
2025-06-24 04:45:00+00:00,440.8925642149801
2025-06-24 05:45:00+00:00,441.22152846948893
2025-06-24 06:45:00+00:00,437.05451905081617
2025-06-24 07:45:00+00:00,438.0773053918725
2025-06-24 08:45:00+00:00,434.99306670384954
2025-06-24 09:45:00+00:00,430.6588139295682
2025-06-25 03:45:00+00:00,434.9808205686034
2025-06-25 04:45:00+00:00,430.45463763490926
2025-06-25 05:45:00+00:00,433.5477626356175
2025-06-25 06:45:00+00:00,436.86214061820056
2025-06-25 07:45:00+00:00,433.8708817210518
2025-06-25 08:45:00+00:00,436.9880101022943
2025-06-25 09:45:00+00:00,439.28747649406483
2025-06-26 03:45:00+00:00,441.25710426876645
2025-06-26 04:45:00+00:00,448.05602064210024
2025-06-26 05:45:00+00:00,441.33619609907186
2025-06-26 06:45:00+00:00,439.1746729933344
2025-06-26 07:45:00+00:00,439.1268356214456
2025-06-26 08:45:00+00:00,442.57641086802977
2025-06-26 09:45:00+00:00,443.6129999888525
2025-06-27 03:45:00+00:00,446.97831595391705
2025-06-27 04:45:00+00:00,444.22026960008395
2025-06-27 05:45:00+00:00,440.90725012164387
2025-06-27 06:45:00+00:00,442.8725777792833
2025-06-27 07:45:00+00:00,444.13451441606344
2025-06-27 08:45:00+00:00,438.4877332851978
2025-06-27 09:45:00+00:00,432.75946704239436
2025-06-30 03:45:00+00:00,432.9486663433349
2025-06-30 04:45:00+00:00,429.54841722562935
2025-06-30 05:45:00+00:00,433.34032286073244
2025-06-30 06:45:00+00:00,433.5313959213231
2025-06-30 07:45:00+00:00,433.99332590758013
2025-06-30 08:45:00+00:00,435.9448276402965
2025-06-30 09:45:00+00:00,434.5028922784451
2025-07-01 03:45:00+00:00,433.72195846455026
2025-07-01 04:45:00+00:00,431.17350627473013
2025-07-01 05:45:00+00:00,428.89905408685814
2025-07-01 06:45:00+00:00,428.58920642386335
2025-07-01 07:45:00+00:00,426.5311346325503
2025-07-01 08:45:00+00:00,425.651221281842
2025-07-01 09:45:00+00:00,429.68692465434253
2025-07-02 03:45:00+00:00,427.01727428336744
2025-07-02 04:45:00+00:00,421.63296391367123
2025-07-02 05:45:00+00:00,427.55167812531107
2025-07-02 06:45:00+00:00,427.5909404225275
2025-07-02 07:45:00+00:00,422.8753190846774
2025-07-02 08:45:00+00:00,421.8145599619151
2025-07-02 09:45:00+00:00,421.626584448705
2025-07-03 03:45:00+00:00,426.8302726700126
2025-07-03 04:45:00+00:00,426.73408026043484
2025-07-03 05:45:00+00:00,423.12349893066363
2025-07-03 06:45:00+00:00,424.97110466316633
2025-07-03 07:45:00+00:00,426.91758635293075
2025-07-03 08:45:00+00:00,426.2397486307142
2025-07-03 09:45:00+00:00,429.6284844926188
2025-07-04 03:45:00+00:00,436.08866381468744
2025-07-04 04:45:00+00:00,434.39545498360303
2025-07-04 05:45:00+00:00,434.1232310802044
2025-07-04 06:45:00+00:00,436.34859124413487
2025-07-04 07:45:00+00:00,437.2785392373417
2025-07-04 08:45:00+00:00,438.7663195527261
2025-07-04 09:45:00+00:00,437.1010307786824
2025-07-07 03:45:00+00:00,435.2503371261157
2025-07-07 04:45:00+00:00,430.94774223844576
2025-07-07 05:45:00+00:00,428.3907342999971
2025-07-07 06:45:00+00:00,425.36309360551525
2025-07-07 07:45:00+00:00,424.26574893303865
2025-07-07 08:45:00+00:00,428.3652001278069
2025-07-07 09:45:00+00:00,428.992618184466
2025-07-08 03:45:00+00:00,427.99545595448944
2025-07-08 04:45:00+00:00,428.1665923868929
2025-07-08 05:45:00+00:00,426.4741927140263
2025-07-08 06:45:00+00:00,432.90150488976076
2025-07-08 07:45:00+00:00,435.899497719762
2025-07-08 08:45:00+00:00,433.6058134619194
2025-07-08 09:45:00+00:00,436.942765541894
2025-07-09 03:45:00+00:00,437.279744864688
2025-07-09 04:45:00+00:00,438.1563537754834
2025-07-09 05:45:00+00:00,436.9370768172365
2025-07-09 06:45:00+00:00,438.58399597756204
2025-07-09 07:45:00+00:00,445.4558039732823
2025-07-09 08:45:00+00:00,445.8854305591159
2025-07-09 09:45:00+00:00,443.4020949649826
2025-07-10 03:45:00+00:00,448.9103801300771
2025-07-10 04:45:00+00:00,448.1488578556626
2025-07-10 05:45:00+00:00,444.87117664695387
2025-07-10 06:45:00+00:00,445.9054055737043
2025-07-10 07:45:00+00:00,445.701626164905
2025-07-10 08:45:00+00:00,445.6044764497596
2025-07-10 09:45:00+00:00,443.2105868750406
2025-07-11 03:45:00+00:00,443.5333670007835
2025-07-11 04:45:00+00:00,443.36523974743767
2025-07-11 05:45:00+00:00,446.0652300431251
2025-07-11 06:45:00+00:00,451.1608285749344
2025-07-11 07:45:00+00:00,450.9316431646798
2025-07-11 08:45:00+00:00,450.2123606286164
2025-07-11 09:45:00+00:00,448.0797041224958
