Datetime,Close
2023-07-14 04:45:00+00:00,1673.6099911994909
2023-07-14 05:45:00+00:00,1679.3696490460932
2023-07-14 06:45:00+00:00,1679.1432880980235
2023-07-14 07:45:00+00:00,1674.7146264916232
2023-07-14 08:45:00+00:00,1656.5716235633618
2023-07-14 09:45:00+00:00,1663.1291243679707
2023-07-17 03:45:00+00:00,1678.4632980702015
2023-07-17 04:45:00+00:00,1691.42926989491
2023-07-17 05:45:00+00:00,1699.8129717277845
2023-07-17 06:45:00+00:00,1684.1453885353867
2023-07-17 07:45:00+00:00,1682.849892172004
2023-07-17 08:45:00+00:00,1677.2632416412764
2023-07-17 09:45:00+00:00,1681.2371250003102
2023-07-18 03:45:00+00:00,1695.3674232930978
2023-07-18 04:45:00+00:00,1680.899758807009
2023-07-18 05:45:00+00:00,1675.0526617735316
2023-07-18 06:45:00+00:00,1665.2999049026757
2023-07-18 07:45:00+00:00,1676.3940571810726
2023-07-18 08:45:00+00:00,1671.903031541426
2023-07-18 09:45:00+00:00,1691.2642667707466
2023-07-19 03:45:00+00:00,1689.835248662986
2023-07-19 04:45:00+00:00,1705.5200244858095
2023-07-19 05:45:00+00:00,1692.3391727219046
2023-07-19 06:45:00+00:00,1692.9848417341545
2023-07-19 07:45:00+00:00,1666.72885026842
2023-07-19 08:45:00+00:00,1674.976790606427
2023-07-19 09:45:00+00:00,1678.527437362645
2023-07-20 03:45:00+00:00,1672.5537991371425
2023-07-20 04:45:00+00:00,1695.7697059319337
2023-07-20 05:45:00+00:00,1693.7035688114404
2023-07-20 06:45:00+00:00,1705.4689730647583
2023-07-20 07:45:00+00:00,1705.4348806630173
2023-07-20 08:45:00+00:00,1702.9282777941019
2023-07-20 09:45:00+00:00,1717.058247266209
2023-07-21 03:45:00+00:00,1712.0656710915855
2023-07-21 04:45:00+00:00,1711.6749549796723
2023-07-21 05:45:00+00:00,1726.3721604003103
2023-07-21 06:45:00+00:00,1743.0092327053505
2023-07-21 07:45:00+00:00,1744.138735596979
2023-07-21 08:45:00+00:00,1744.8148687876499
2023-07-21 09:45:00+00:00,1721.1307787325597
2023-07-24 03:45:00+00:00,1706.7321247801697
2023-07-24 04:45:00+00:00,1716.9860576601766
2023-07-24 05:45:00+00:00,1719.4298209973422
2023-07-24 06:45:00+00:00,1711.9808860208743
2023-07-24 07:45:00+00:00,1723.685580429101
2023-07-24 08:45:00+00:00,1732.671730105291
2023-07-24 09:45:00+00:00,1721.9743922209911
2023-07-25 03:45:00+00:00,1752.1920000551306
2023-07-25 04:45:00+00:00,1766.9650536662862
2023-07-25 05:45:00+00:00,1786.9324208031007
2023-07-25 06:45:00+00:00,1776.4437020641917
2023-07-25 07:45:00+00:00,1784.2221287965392
2023-07-25 08:45:00+00:00,1772.7244195603691
2023-07-25 09:45:00+00:00,1770.0118634317912
2023-07-26 03:45:00+00:00,1761.570955499033
2023-07-26 04:45:00+00:00,1777.0285630141736
2023-07-26 05:45:00+00:00,1790.91977327148
2023-07-26 06:45:00+00:00,1802.3362332753218
2023-07-26 07:45:00+00:00,1817.5873653207798
2023-07-26 08:45:00+00:00,1822.5936707341396
2023-07-26 09:45:00+00:00,1847.5417248165893
2023-07-27 03:45:00+00:00,1831.651537101099
2023-07-27 04:45:00+00:00,1847.4258414026817
2023-07-27 05:45:00+00:00,1861.6867072111843
2023-07-27 06:45:00+00:00,1884.1369013762544
2023-07-27 07:45:00+00:00,1903.241413071545
2023-07-27 08:45:00+00:00,1926.0880275582156
2023-07-27 09:45:00+00:00,1902.108415943532
2023-07-28 03:45:00+00:00,1900.892543363102
2023-07-28 04:45:00+00:00,1894.4728148417532
2023-07-28 05:45:00+00:00,1911.174136390879
2023-07-28 06:45:00+00:00,1896.0365996539047
2023-07-28 07:45:00+00:00,1895.5578880661915
2023-07-28 08:45:00+00:00,1909.0507619025038
2023-07-28 09:45:00+00:00,1895.8005903703004
2023-07-31 03:45:00+00:00,1913.5256893109945
2023-07-31 04:45:00+00:00,1867.8861296374594
2023-07-31 05:45:00+00:00,1856.9757265506346
2023-07-31 06:45:00+00:00,1837.2416580975303
2023-07-31 07:45:00+00:00,1820.2601074183658
2023-07-31 08:45:00+00:00,1821.9305830734875
2023-07-31 09:45:00+00:00,1818.2171376188712
2023-08-01 03:45:00+00:00,1827.3996713802117
2023-08-01 04:45:00+00:00,1820.1880385077723
2023-08-01 05:45:00+00:00,1827.2768227308177
2023-08-01 06:45:00+00:00,1825.8119231467083
2023-08-01 07:45:00+00:00,1809.7683791868326
2023-08-01 08:45:00+00:00,1794.4915570373453
2023-08-01 09:45:00+00:00,1795.5695310734557
2023-08-02 03:45:00+00:00,1797.584670100291
2023-08-02 04:45:00+00:00,1805.734849529626
2023-08-02 05:45:00+00:00,1833.4784017899963
2023-08-02 06:45:00+00:00,1824.281336603877
2023-08-02 07:45:00+00:00,1821.477564499459
2023-08-02 08:45:00+00:00,1826.1456390985811
2023-08-02 09:45:00+00:00,1844.209714656126
2023-08-03 03:45:00+00:00,1822.1210225551617
2023-08-03 04:45:00+00:00,1819.657004993684
2023-08-03 05:45:00+00:00,1795.4804996419452
2023-08-03 06:45:00+00:00,1780.6089597652613
2023-08-03 07:45:00+00:00,1762.9443536842887
2023-08-03 08:45:00+00:00,1766.8967396819708
2023-08-03 09:45:00+00:00,1781.204959909544
2023-08-04 03:45:00+00:00,1756.2271708155195
2023-08-04 04:45:00+00:00,1762.9559874475372
2023-08-04 05:45:00+00:00,1770.76207666371
2023-08-04 06:45:00+00:00,1749.7067707526328
2023-08-04 07:45:00+00:00,1754.9572517574877
2023-08-04 08:45:00+00:00,1741.6029592868117
2023-08-04 09:45:00+00:00,1785.5960929783942
2023-08-07 03:45:00+00:00,1776.5975780959473
2023-08-07 04:45:00+00:00,1774.0849888354817
2023-08-07 05:45:00+00:00,1783.4454180744044
2023-08-07 06:45:00+00:00,1803.741879541771
2023-08-07 07:45:00+00:00,1797.659878144242
2023-08-07 08:45:00+00:00,1788.0657310183108
2023-08-07 09:45:00+00:00,1815.1242709739063
2023-08-08 03:45:00+00:00,1808.713530723271
2023-08-08 04:45:00+00:00,1758.0280635479546
2023-08-08 05:45:00+00:00,1767.8364696834715
2023-08-08 06:45:00+00:00,1784.5677431991144
2023-08-08 07:45:00+00:00,1774.0112590121016
2023-08-08 08:45:00+00:00,1754.6191800023732
2023-08-08 09:45:00+00:00,1773.3851708710044
2023-08-09 03:45:00+00:00,1752.0027560843773
2023-08-09 04:45:00+00:00,1730.9521761451342
2023-08-09 05:45:00+00:00,1732.4639611190037
2023-08-09 06:45:00+00:00,1723.6634247978768
2023-08-09 07:45:00+00:00,1731.101808651685
2023-08-09 08:45:00+00:00,1748.5863676264823
2023-08-09 09:45:00+00:00,1764.7607914328048
2023-08-10 03:45:00+00:00,1763.6450127687797
2023-08-10 04:45:00+00:00,1767.0752916766978
2023-08-10 05:45:00+00:00,1786.865402157835
2023-08-10 06:45:00+00:00,1757.3811027245908
2023-08-10 07:45:00+00:00,1763.0078313625727
2023-08-10 08:45:00+00:00,1755.1701687502525
2023-08-10 09:45:00+00:00,1745.17674592801
2023-08-11 03:45:00+00:00,1745.675266762608
2023-08-11 04:45:00+00:00,1753.2063873112766
2023-08-11 05:45:00+00:00,1740.4060672006797
2023-08-11 06:45:00+00:00,1750.0050604465557
2023-08-11 07:45:00+00:00,1741.014329751871
2023-08-11 08:45:00+00:00,1743.8288052842188
2023-08-11 09:45:00+00:00,1736.354828035292
2023-08-14 03:45:00+00:00,1741.3656423186646
2023-08-14 04:45:00+00:00,1734.1563787951532
2023-08-14 05:45:00+00:00,1745.552805597111
2023-08-14 06:45:00+00:00,1729.301960508446
2023-08-14 07:45:00+00:00,1750.8669363654312
2023-08-14 08:45:00+00:00,1760.934178400596
2023-08-14 09:45:00+00:00,1748.8111055719785
2023-08-16 03:45:00+00:00,1770.9380559825854
2023-08-16 04:45:00+00:00,1747.8455668739716
2023-08-16 05:45:00+00:00,1732.3731680085893
2023-08-16 06:45:00+00:00,1727.106226766802
2023-08-16 07:45:00+00:00,1742.9184801591537
2023-08-16 08:45:00+00:00,1713.2158241704576
2023-08-16 09:45:00+00:00,1700.360265289435
2023-08-17 03:45:00+00:00,1715.5194153113553
2023-08-17 04:45:00+00:00,1723.392046718234
2023-08-17 05:45:00+00:00,1743.3605921869485
2023-08-17 06:45:00+00:00,1724.248804595249
2023-08-17 07:45:00+00:00,1723.4645327611888
2023-08-17 08:45:00+00:00,1747.3001199711878
2023-08-17 09:45:00+00:00,1764.8009046739373
2023-08-18 03:45:00+00:00,1782.1489429422425
2023-08-18 04:45:00+00:00,1788.991517834315
2023-08-18 05:45:00+00:00,1810.4871906420656
2023-08-18 06:45:00+00:00,1809.8461925060099
2023-08-18 07:45:00+00:00,1844.1495551077978
2023-08-18 08:45:00+00:00,1814.155815941453
2023-08-18 09:45:00+00:00,1822.4958985790581
2023-08-21 03:45:00+00:00,1824.6622601591641
2023-08-21 04:45:00+00:00,1825.3462739273466
2023-08-21 05:45:00+00:00,1816.8537526855528
2023-08-21 06:45:00+00:00,1796.3573156607642
2023-08-21 07:45:00+00:00,1764.2037812322462
2023-08-21 08:45:00+00:00,1759.2924183171515
2023-08-21 09:45:00+00:00,1761.6763986128808
2023-08-22 03:45:00+00:00,1782.7721308547953
2023-08-22 04:45:00+00:00,1772.7927116656992
2023-08-22 05:45:00+00:00,1785.96130376247
2023-08-22 06:45:00+00:00,1781.9522537002379
2023-08-22 07:45:00+00:00,1770.981651589377
2023-08-22 08:45:00+00:00,1786.8124468499973
2023-08-22 09:45:00+00:00,1802.0868696592142
2023-08-23 03:45:00+00:00,1804.8418101446432
2023-08-23 04:45:00+00:00,1809.2924892357296
2023-08-23 05:45:00+00:00,1816.194318129256
2023-08-23 06:45:00+00:00,1825.387067941881
2023-08-23 07:45:00+00:00,1836.2880177990633
2023-08-23 08:45:00+00:00,1850.2377543103198
2023-08-23 09:45:00+00:00,1832.63568803257
2023-08-24 03:45:00+00:00,1849.005235038892
2023-08-24 04:45:00+00:00,1825.1644240706562
2023-08-24 05:45:00+00:00,1808.9193280258128
2023-08-24 06:45:00+00:00,1806.3416608036125
2023-08-24 07:45:00+00:00,1815.571298495723
2023-08-24 08:45:00+00:00,1782.521009739266
2023-08-24 09:45:00+00:00,1784.95572022841
2023-08-25 03:45:00+00:00,1768.8606080957463
2023-08-25 04:45:00+00:00,1775.7429781326384
2023-08-25 05:45:00+00:00,1791.1785276436078
2023-08-25 06:45:00+00:00,1785.8575092393705
2023-08-25 07:45:00+00:00,1739.6403858175695
2023-08-25 08:45:00+00:00,1756.644908119302
2023-08-25 09:45:00+00:00,1762.4839090903881
2023-08-28 03:45:00+00:00,1752.6157538234509
2023-08-28 04:45:00+00:00,1735.9072890605412
2023-08-28 05:45:00+00:00,1740.0628436077716
2023-08-28 06:45:00+00:00,1723.4717926731835
2023-08-28 07:45:00+00:00,1734.3705623906546
2023-08-28 08:45:00+00:00,1713.5721688369947
2023-08-28 09:45:00+00:00,1727.8533107054257
2023-08-29 03:45:00+00:00,1709.1937569695283
2023-08-29 04:45:00+00:00,1714.7788434584359
2023-08-29 05:45:00+00:00,1725.9692310032533
2023-08-29 06:45:00+00:00,1695.340356687866
2023-08-29 07:45:00+00:00,1670.5330311351224
2023-08-29 08:45:00+00:00,1649.4051090757405
2023-08-29 09:45:00+00:00,1650.7692532555318
2023-08-30 03:45:00+00:00,1656.68145670007
2023-08-30 04:45:00+00:00,1644.5121224477382
2023-08-30 05:45:00+00:00,1629.9525908023886
2023-08-30 06:45:00+00:00,1648.9753604525965
2023-08-30 07:45:00+00:00,1640.6715209900644
2023-08-30 08:45:00+00:00,1626.3694626872295
2023-08-30 09:45:00+00:00,1641.1966480030444
2023-08-31 03:45:00+00:00,1642.5158634967815
2023-08-31 04:45:00+00:00,1640.370125988701
2023-08-31 05:45:00+00:00,1644.4353997291548
2023-08-31 06:45:00+00:00,1644.627594252427
2023-08-31 07:45:00+00:00,1647.200786378451
2023-08-31 08:45:00+00:00,1658.5729044093498
2023-08-31 09:45:00+00:00,1647.7561728651658
2023-09-01 03:45:00+00:00,1668.2983615943401
2023-09-01 04:45:00+00:00,1686.6200742547296
2023-09-01 05:45:00+00:00,1683.5322491896325
2023-09-01 06:45:00+00:00,1684.916918059054
2023-09-01 07:45:00+00:00,1659.2344889953592
2023-09-01 08:45:00+00:00,1662.2577726927475
2023-09-01 09:45:00+00:00,1616.7148931864006
2023-09-04 03:45:00+00:00,1611.7022536898457
2023-09-04 04:45:00+00:00,1614.7609871075579
2023-09-04 05:45:00+00:00,1612.4856805835416
2023-09-04 06:45:00+00:00,1620.1517882653695
2023-09-04 07:45:00+00:00,1613.7547512571157
2023-09-04 08:45:00+00:00,1602.4918930329063
2023-09-04 09:45:00+00:00,1615.9776040351724
2023-09-05 03:45:00+00:00,1590.5300003343395
2023-09-05 04:45:00+00:00,1596.6808620038523
2023-09-05 05:45:00+00:00,1590.2296674922788
2023-09-05 06:45:00+00:00,1558.9603034140503
2023-09-05 07:45:00+00:00,1574.6278450878353
2023-09-05 08:45:00+00:00,1582.0973566959428
2023-09-05 09:45:00+00:00,1588.3273268749747
2023-09-06 03:45:00+00:00,1583.0402336009802
2023-09-06 04:45:00+00:00,1581.7803674292877
2023-09-06 05:45:00+00:00,1604.8540471096726
2023-09-06 06:45:00+00:00,1606.5579969960108
2023-09-06 07:45:00+00:00,1609.0932154065622
2023-09-06 08:45:00+00:00,1587.533393047054
2023-09-06 09:45:00+00:00,1575.5126316885735
2023-09-07 03:45:00+00:00,1599.7609542451933
2023-09-07 04:45:00+00:00,1615.0026129760745
2023-09-07 05:45:00+00:00,1623.0921494612442
2023-09-07 06:45:00+00:00,1593.20972556565
2023-09-07 07:45:00+00:00,1586.0529781796574
2023-09-07 08:45:00+00:00,1563.3404505152337
2023-09-07 09:45:00+00:00,1564.5010961372216
2023-09-08 03:45:00+00:00,1583.5647797511997
2023-09-08 04:45:00+00:00,1591.8324226253337
2023-09-08 05:45:00+00:00,1579.5926080046988
2023-09-08 06:45:00+00:00,1562.6698006036652
2023-09-08 07:45:00+00:00,1553.0504716973037
2023-09-08 08:45:00+00:00,1563.0003236584598
2023-09-08 09:45:00+00:00,1544.174554914141
2023-09-11 03:45:00+00:00,1546.8172787952567
2023-09-11 04:45:00+00:00,1550.3275683370541
2023-09-11 05:45:00+00:00,1551.2685952779452
2023-09-11 06:45:00+00:00,1532.05793305113
2023-09-11 07:45:00+00:00,1542.039991928715
2023-09-11 08:45:00+00:00,1547.6555823671806
2023-09-11 09:45:00+00:00,1554.7489456543642
2023-09-12 03:45:00+00:00,1560.4289452598503
2023-09-12 04:45:00+00:00,1555.1591494252275
2023-09-12 05:45:00+00:00,1529.9779708660649
2023-09-12 06:45:00+00:00,1535.8731157315092
2023-09-12 07:45:00+00:00,1531.9971973737186
2023-09-12 08:45:00+00:00,1516.2012914874538
2023-09-12 09:45:00+00:00,1540.2655252632842
2023-09-13 03:45:00+00:00,1536.8785705290454
2023-09-13 04:45:00+00:00,1536.716784603562
2023-09-13 05:45:00+00:00,1531.6914388835903
2023-09-13 06:45:00+00:00,1554.9268968067763
2023-09-13 07:45:00+00:00,1562.4196732737075
2023-09-13 08:45:00+00:00,1541.584737111159
2023-09-13 09:45:00+00:00,1554.1275784619534
2023-09-14 03:45:00+00:00,1543.3659473463522
2023-09-14 04:45:00+00:00,1534.450006075836
2023-09-14 05:45:00+00:00,1532.5566843169884
2023-09-14 06:45:00+00:00,1528.4307348928016
2023-09-14 07:45:00+00:00,1532.885314092767
2023-09-14 08:45:00+00:00,1541.6662918701877
2023-09-14 09:45:00+00:00,1559.5190896070976
2023-09-15 03:45:00+00:00,1575.570728530588
2023-09-15 04:45:00+00:00,1549.545971196409
2023-09-15 05:45:00+00:00,1553.7035312093142
2023-09-15 06:45:00+00:00,1559.875026464665
2023-09-15 07:45:00+00:00,1547.3013926479293
2023-09-15 08:45:00+00:00,1541.3855577310035
2023-09-15 09:45:00+00:00,1521.1571347306922
2023-09-18 03:45:00+00:00,1513.2463050278336
2023-09-18 04:45:00+00:00,1517.6261212488373
2023-09-18 05:45:00+00:00,1542.1290026629765
2023-09-18 06:45:00+00:00,1548.4960460829018
2023-09-18 07:45:00+00:00,1556.0695840910507
2023-09-18 08:45:00+00:00,1561.6527438833361
2023-09-18 09:45:00+00:00,1539.8538520709972
2023-09-20 03:45:00+00:00,1559.7103213210435
2023-09-20 04:45:00+00:00,1567.0122152482345
2023-09-20 05:45:00+00:00,1563.2090843416088
2023-09-20 06:45:00+00:00,1580.3242945446084
2023-09-20 07:45:00+00:00,1585.1577172203088
2023-09-20 08:45:00+00:00,1601.596164503262
2023-09-20 09:45:00+00:00,1609.575770782087
2023-09-21 03:45:00+00:00,1629.276044721078
2023-09-21 04:45:00+00:00,1624.2266630872907
2023-09-21 05:45:00+00:00,1625.8539675006582
2023-09-21 06:45:00+00:00,1623.583036557131
2023-09-21 07:45:00+00:00,1602.8393451168718
2023-09-21 08:45:00+00:00,1605.6147466859084
2023-09-21 09:45:00+00:00,1616.0960677615817
2023-09-22 03:45:00+00:00,1638.8590687702963
2023-09-22 04:45:00+00:00,1651.4087143633346
2023-09-22 05:45:00+00:00,1664.748023587088
2023-09-22 06:45:00+00:00,1647.2601223453726
2023-09-22 07:45:00+00:00,1613.8501604613737
2023-09-22 08:45:00+00:00,1603.9317247200252
2023-09-22 09:45:00+00:00,1603.0907023449172
2023-09-25 03:45:00+00:00,1591.8738178564438
2023-09-25 04:45:00+00:00,1613.7439625006684
2023-09-25 05:45:00+00:00,1614.575516229611
2023-09-25 06:45:00+00:00,1613.3189817304608
2023-09-25 07:45:00+00:00,1616.4797903634305
2023-09-25 08:45:00+00:00,1596.252241505117
2023-09-25 09:45:00+00:00,1596.1729527045898
2023-09-26 03:45:00+00:00,1610.1024090335275
2023-09-26 04:45:00+00:00,1615.9666383715412
2023-09-26 05:45:00+00:00,1623.9137284068458
2023-09-26 06:45:00+00:00,1612.5229343152198
2023-09-26 07:45:00+00:00,1589.331850955839
2023-09-26 08:45:00+00:00,1603.1192420225889
2023-09-26 09:45:00+00:00,1581.8673471904895
2023-09-27 03:45:00+00:00,1574.1589666357722
2023-09-27 04:45:00+00:00,1558.5956981685824
2023-09-27 05:45:00+00:00,1548.977710278976
2023-09-27 06:45:00+00:00,1561.3010816797118
2023-09-27 07:45:00+00:00,1553.9351593303923
2023-09-27 08:45:00+00:00,1561.873268555877
2023-09-27 09:45:00+00:00,1577.5545068530566
2023-09-28 03:45:00+00:00,1550.0439679035017
2023-09-28 04:45:00+00:00,1563.3191857565564
2023-09-28 05:45:00+00:00,1577.3588788913635
2023-09-28 06:45:00+00:00,1560.6123297179288
2023-09-28 07:45:00+00:00,1567.1593123382243
2023-09-28 08:45:00+00:00,1580.4941705933118
2023-09-28 09:45:00+00:00,1588.7282400569297
2023-09-29 03:45:00+00:00,1593.6093296515387
2023-09-29 04:45:00+00:00,1594.1445291724751
2023-09-29 05:45:00+00:00,1588.951334026507
2023-09-29 06:45:00+00:00,1580.8550184530168
2023-09-29 07:45:00+00:00,1580.305697997586
2023-09-29 08:45:00+00:00,1590.3111662325998
2023-09-29 09:45:00+00:00,1599.2364158262376
2023-10-03 03:45:00+00:00,1611.431223694915
2023-10-03 04:45:00+00:00,1615.2039225497751
2023-10-03 05:45:00+00:00,1609.5460939963223
2023-10-03 06:45:00+00:00,1613.3812345720949
2023-10-03 07:45:00+00:00,1607.102240171436
2023-10-03 08:45:00+00:00,1607.3822962444008
2023-10-03 09:45:00+00:00,1619.0389901968385
2023-10-04 03:45:00+00:00,1604.5798282862959
2023-10-04 04:45:00+00:00,1613.7286863027841
2023-10-04 05:45:00+00:00,1612.6340865285972
2023-10-04 06:45:00+00:00,1624.1337617049567
2023-10-04 07:45:00+00:00,1610.7755496548475
2023-10-04 08:45:00+00:00,1608.3577186749476
2023-10-04 09:45:00+00:00,1581.6882295698201
2023-10-05 03:45:00+00:00,1582.400987817615
2023-10-05 04:45:00+00:00,1591.1493512444233
2023-10-05 05:45:00+00:00,1594.2053061528613
2023-10-05 06:45:00+00:00,1588.2032199987514
2023-10-05 07:45:00+00:00,1594.7181147691686
2023-10-05 08:45:00+00:00,1590.2798872561773
2023-10-05 09:45:00+00:00,1617.1382756853936
2023-10-06 03:45:00+00:00,1632.5374449876986
2023-10-06 04:45:00+00:00,1618.1484534957665
2023-10-06 05:45:00+00:00,1604.2819590838162
2023-10-06 06:45:00+00:00,1602.2939049598224
2023-10-06 07:45:00+00:00,1585.6001916520925
2023-10-06 08:45:00+00:00,1584.0450695633256
2023-10-06 09:45:00+00:00,1592.8357844341099
2023-10-09 03:45:00+00:00,1592.2450696679277
2023-10-09 04:45:00+00:00,1596.7028204155297
2023-10-09 05:45:00+00:00,1593.5494688383756
2023-10-09 06:45:00+00:00,1607.788490065602
2023-10-09 07:45:00+00:00,1625.2313586248354
2023-10-09 08:45:00+00:00,1615.8718747165558
2023-10-09 09:45:00+00:00,1620.1652816092733
2023-10-10 03:45:00+00:00,1606.2674604092772
2023-10-10 04:45:00+00:00,1612.2816801664605
2023-10-10 05:45:00+00:00,1615.9374664699878
2023-10-10 06:45:00+00:00,1610.9373873046054
2023-10-10 07:45:00+00:00,1597.3626376777886
2023-10-10 08:45:00+00:00,1556.780131469885
2023-10-10 09:45:00+00:00,1548.9348528685805
2023-10-11 03:45:00+00:00,1544.5727138251445
2023-10-11 04:45:00+00:00,1545.096357985486
2023-10-11 05:45:00+00:00,1553.1840867156775
2023-10-11 06:45:00+00:00,1548.891653930207
2023-10-11 07:45:00+00:00,1538.7393224494733
2023-10-11 08:45:00+00:00,1538.8407459517377
2023-10-11 09:45:00+00:00,1539.9022580393823
2023-10-12 03:45:00+00:00,1545.7958286941303
2023-10-12 04:45:00+00:00,1550.0244105903853
2023-10-12 05:45:00+00:00,1551.9567920089203
2023-10-12 06:45:00+00:00,1548.2538404467114
2023-10-12 07:45:00+00:00,1548.1681832061188
2023-10-12 08:45:00+00:00,1544.9558548060663
2023-10-12 09:45:00+00:00,1552.8208654141506
2023-10-13 03:45:00+00:00,1563.0467733858368
2023-10-13 04:45:00+00:00,1562.875083387205
2023-10-13 05:45:00+00:00,1552.3574152039248
2023-10-13 06:45:00+00:00,1550.2410819726244
2023-10-13 07:45:00+00:00,1517.986007501053
2023-10-13 08:45:00+00:00,1522.014852197191
2023-10-13 09:45:00+00:00,1526.4529464260654
2023-10-16 03:45:00+00:00,1517.973896474212
2023-10-16 04:45:00+00:00,1515.9579847689772
2023-10-16 05:45:00+00:00,1514.1922350201694
2023-10-16 06:45:00+00:00,1541.1682644662656
2023-10-16 07:45:00+00:00,1521.156063543599
2023-10-16 08:45:00+00:00,1557.0071245012966
2023-10-16 09:45:00+00:00,1545.3946678336588
2023-10-17 03:45:00+00:00,1558.7128704081945
2023-10-17 04:45:00+00:00,1534.9034080061883
2023-10-17 05:45:00+00:00,1534.7021371566118
2023-10-17 06:45:00+00:00,1524.8912315649693
2023-10-17 07:45:00+00:00,1546.9402152466118
2023-10-17 08:45:00+00:00,1567.5308637907788
2023-10-17 09:45:00+00:00,1565.45018590107
2023-10-18 03:45:00+00:00,1558.614985978216
2023-10-18 04:45:00+00:00,1586.223143012303
2023-10-18 05:45:00+00:00,1609.655324750387
2023-10-18 06:45:00+00:00,1611.1730371079123
2023-10-18 07:45:00+00:00,1618.6582422555339
2023-10-18 08:45:00+00:00,1622.0772161798159
2023-10-18 09:45:00+00:00,1618.814953260989
2023-10-19 03:45:00+00:00,1629.3267174484988
2023-10-19 04:45:00+00:00,1626.0632987287802
2023-10-19 05:45:00+00:00,1641.850848916905
2023-10-19 06:45:00+00:00,1632.7868894846338
2023-10-19 07:45:00+00:00,1632.2115418449978
2023-10-19 08:45:00+00:00,1630.3160442334215
2023-10-19 09:45:00+00:00,1633.9467216195071
2023-10-20 03:45:00+00:00,1637.1851055588531
2023-10-20 04:45:00+00:00,1632.742760616634
2023-10-20 05:45:00+00:00,1617.8313196416939
2023-10-20 06:45:00+00:00,1629.2698886124108
2023-10-20 07:45:00+00:00,1634.123194372676
2023-10-20 08:45:00+00:00,1638.8987782479674
2023-10-20 09:45:00+00:00,1625.3392292862875
2023-10-23 03:45:00+00:00,1607.702044606366
2023-10-23 04:45:00+00:00,1613.8831618454576
2023-10-23 05:45:00+00:00,1624.6438522659096
2023-10-23 06:45:00+00:00,1632.5195459913384
2023-10-23 07:45:00+00:00,1658.1009323318895
2023-10-23 08:45:00+00:00,1651.2891951124943
2023-10-23 09:45:00+00:00,1656.1303193134331
2023-10-25 03:45:00+00:00,1656.0423715112117
2023-10-25 04:45:00+00:00,1670.6849650294828
2023-10-25 05:45:00+00:00,1681.5901981535126
2023-10-25 06:45:00+00:00,1703.3095435294565
2023-10-25 07:45:00+00:00,1734.8402504815717
2023-10-25 08:45:00+00:00,1737.824096003482
2023-10-25 09:45:00+00:00,1732.2700170304734
2023-10-26 03:45:00+00:00,1717.1326947724008
2023-10-26 04:45:00+00:00,1686.0745209308502
2023-10-26 05:45:00+00:00,1664.985532804331
2023-10-26 06:45:00+00:00,1663.6975191957827
2023-10-26 07:45:00+00:00,1672.1557638865859
2023-10-26 08:45:00+00:00,1676.118182277207
2023-10-26 09:45:00+00:00,1671.1658644440583
2023-10-27 03:45:00+00:00,1678.8247441685744
2023-10-27 04:45:00+00:00,1692.1075921403587
2023-10-27 05:45:00+00:00,1689.8694743892115
2023-10-27 06:45:00+00:00,1672.9249348023611
2023-10-27 07:45:00+00:00,1652.7058761784335
2023-10-27 08:45:00+00:00,1641.7815362864942
2023-10-27 09:45:00+00:00,1628.4839584891229
2023-10-30 03:45:00+00:00,1630.4902832308849
2023-10-30 04:45:00+00:00,1629.2727928655268
2023-10-30 05:45:00+00:00,1626.902603659869
2023-10-30 06:45:00+00:00,1640.0653902828417
2023-10-30 07:45:00+00:00,1635.2127570051464
2023-10-30 08:45:00+00:00,1635.8839193505548
2023-10-30 09:45:00+00:00,1650.0134247838257
2023-10-31 03:45:00+00:00,1657.069199842449
2023-10-31 04:45:00+00:00,1642.924194800221
2023-10-31 05:45:00+00:00,1653.3298863633204
2023-10-31 06:45:00+00:00,1653.3445734421773
2023-10-31 07:45:00+00:00,1646.053851566245
2023-10-31 08:45:00+00:00,1625.581172934299
2023-10-31 09:45:00+00:00,1625.0164859521215
2023-11-01 03:45:00+00:00,1623.4955389703337
2023-11-01 04:45:00+00:00,1598.625909975177
2023-11-01 05:45:00+00:00,1590.859210168603
2023-11-01 06:45:00+00:00,1603.7960704374013
2023-11-01 07:45:00+00:00,1591.7514463487266
2023-11-01 08:45:00+00:00,1594.3266150889558
2023-11-01 09:45:00+00:00,1597.8636490813649
2023-11-02 03:45:00+00:00,1597.919033989382
2023-11-02 04:45:00+00:00,1580.7303635839985
2023-11-02 05:45:00+00:00,1583.5631984829956
2023-11-02 06:45:00+00:00,1585.323102838763
2023-11-02 07:45:00+00:00,1568.1624699130018
2023-11-02 08:45:00+00:00,1563.0497085668403
2023-11-02 09:45:00+00:00,1543.05470996868
2023-11-03 03:45:00+00:00,1571.3972892278164
2023-11-03 04:45:00+00:00,1574.6299541727403
2023-11-03 05:45:00+00:00,1562.547269482536
2023-11-03 06:45:00+00:00,1576.675669217829
2023-11-03 07:45:00+00:00,1583.0803575497748
2023-11-03 08:45:00+00:00,1585.1357358337905
2023-11-03 09:45:00+00:00,1597.5937143558187
2023-11-06 03:45:00+00:00,1575.018532346643
2023-11-06 04:45:00+00:00,1575.6594345120648
2023-11-06 05:45:00+00:00,1570.1856997163154
2023-11-06 06:45:00+00:00,1563.1948058684989
2023-11-06 07:45:00+00:00,1547.3677446809963
2023-11-06 08:45:00+00:00,1555.7924603138285
2023-11-06 09:45:00+00:00,1541.9689252039075
2023-11-07 03:45:00+00:00,1526.5695749655217
2023-11-07 04:45:00+00:00,1521.724292030336
2023-11-07 05:45:00+00:00,1503.680623928364
2023-11-07 06:45:00+00:00,1512.1923663265027
2023-11-07 07:45:00+00:00,1522.7922083992478
2023-11-07 08:45:00+00:00,1515.5529388757554
2023-11-07 09:45:00+00:00,1512.5432989553044
2023-11-08 03:45:00+00:00,1523.2352590974638
2023-11-08 04:45:00+00:00,1505.3151689650251
2023-11-08 05:45:00+00:00,1511.9295775083608
2023-11-08 06:45:00+00:00,1510.5980838397143
2023-11-08 07:45:00+00:00,1516.1492193708327
2023-11-08 08:45:00+00:00,1520.8824950514788
2023-11-08 09:45:00+00:00,1536.4126812515303
2023-11-09 03:45:00+00:00,1547.9779572194295
2023-11-09 04:45:00+00:00,1527.300383066039
2023-11-09 05:45:00+00:00,1529.3120158337892
2023-11-09 06:45:00+00:00,1548.8498135577752
2023-11-09 07:45:00+00:00,1558.8339083824976
2023-11-09 08:45:00+00:00,1572.4553421895635
2023-11-09 09:45:00+00:00,1559.6838546700044
2023-11-10 03:45:00+00:00,1551.3557091555451
2023-11-10 04:45:00+00:00,1560.54581287117
2023-11-10 05:45:00+00:00,1571.8255290337138
2023-11-10 06:45:00+00:00,1572.6393498092648
2023-11-10 07:45:00+00:00,1582.4562252255466
2023-11-10 08:45:00+00:00,1608.753437570677
2023-11-10 09:45:00+00:00,1624.456839637039
2023-11-13 03:45:00+00:00,1614.2126714900828
2023-11-13 04:45:00+00:00,1599.1616070338246
2023-11-13 05:45:00+00:00,1601.4888377293812
2023-11-13 06:45:00+00:00,1611.2684263150802
2023-11-13 07:45:00+00:00,1591.8591926225836
2023-11-13 08:45:00+00:00,1578.9014713748024
2023-11-13 09:45:00+00:00,1588.0291914681986
2023-11-15 03:45:00+00:00,1580.0050025056962
2023-11-15 04:45:00+00:00,1570.3492502810168
2023-11-15 05:45:00+00:00,1574.9199027354134
2023-11-15 06:45:00+00:00,1588.9436726710692
2023-11-15 07:45:00+00:00,1583.3392932682882
2023-11-15 08:45:00+00:00,1569.5986017855626
2023-11-15 09:45:00+00:00,1585.972823037118
2023-11-16 03:45:00+00:00,1560.3925169533904
2023-11-16 04:45:00+00:00,1571.4928535970919
2023-11-16 05:45:00+00:00,1583.9348524714787
2023-11-16 06:45:00+00:00,1560.3492202664656
2023-11-16 07:45:00+00:00,1562.7651963096578
2023-11-16 08:45:00+00:00,1550.3736272682463
2023-11-16 09:45:00+00:00,1554.5905178476137
2023-11-17 03:45:00+00:00,1544.295883942743
2023-11-17 04:45:00+00:00,1529.7928048630827
2023-11-17 05:45:00+00:00,1549.9452087829522
2023-11-17 06:45:00+00:00,1543.7305536761558
2023-11-17 07:45:00+00:00,1547.5559563078386
2023-11-17 08:45:00+00:00,1534.575623718776
2023-11-17 09:45:00+00:00,1538.7644999962574
2023-11-20 03:45:00+00:00,1521.1963410369672
2023-11-20 04:45:00+00:00,1512.7816356051874
2023-11-20 05:45:00+00:00,1515.1692386940092
2023-11-20 06:45:00+00:00,1506.3132568698925
2023-11-20 07:45:00+00:00,1509.2042455534902
2023-11-20 08:45:00+00:00,1533.6412149053297
2023-11-20 09:45:00+00:00,1526.92490202459
2023-11-21 03:45:00+00:00,1540.6248034259568
2023-11-21 04:45:00+00:00,1539.7099968602804
2023-11-21 05:45:00+00:00,1525.8505798784229
2023-11-21 06:45:00+00:00,1514.706955626249
2023-11-21 07:45:00+00:00,1519.84602388704
2023-11-21 08:45:00+00:00,1505.5812961604827
2023-11-21 09:45:00+00:00,1500.1554925454034
2023-11-22 03:45:00+00:00,1494.439495031208
2023-11-22 04:45:00+00:00,1516.822441796836
2023-11-22 05:45:00+00:00,1522.691874377131
2023-11-22 06:45:00+00:00,1519.7532892241536
2023-11-22 07:45:00+00:00,1513.5362870952176
2023-11-22 08:45:00+00:00,1503.2044635817076
2023-11-22 09:45:00+00:00,1494.4709795787944
2023-11-23 03:45:00+00:00,1488.7889061126473
2023-11-23 04:45:00+00:00,1472.813169927438
2023-11-23 05:45:00+00:00,1461.9321290973776
2023-11-23 06:45:00+00:00,1469.794747076923
2023-11-23 07:45:00+00:00,1481.946474010101
2023-11-23 08:45:00+00:00,1492.3925145854807
2023-11-23 09:45:00+00:00,1487.9331936405135
2023-11-24 03:45:00+00:00,1508.2637077035847
2023-11-24 04:45:00+00:00,1505.9035235921824
2023-11-24 05:45:00+00:00,1477.310021603705
2023-11-24 06:45:00+00:00,1480.3238712065245
2023-11-24 07:45:00+00:00,1455.0793347403908
2023-11-24 08:45:00+00:00,1457.596303467141
2023-11-24 09:45:00+00:00,1456.567817689175
2023-11-28 03:45:00+00:00,1442.8956910520778
2023-11-28 04:45:00+00:00,1439.787242138958
2023-11-28 05:45:00+00:00,1434.5680089731334
2023-11-28 06:45:00+00:00,1442.2488789377817
2023-11-28 07:45:00+00:00,1426.930158491975
2023-11-28 08:45:00+00:00,1417.6108269406827
2023-11-28 09:45:00+00:00,1418.9904232778806
2023-11-29 03:45:00+00:00,1423.531162129041
2023-11-29 04:45:00+00:00,1413.3606771266645
2023-11-29 05:45:00+00:00,1406.0448267946736
2023-11-29 06:45:00+00:00,1398.4791463655727
2023-11-29 07:45:00+00:00,1407.5999082787143
2023-11-29 08:45:00+00:00,1388.0355614435416
2023-11-29 09:45:00+00:00,1396.8293782927972
2023-11-30 03:45:00+00:00,1416.8749577453832
2023-11-30 04:45:00+00:00,1402.0310597256291
2023-11-30 05:45:00+00:00,1407.855779622039
2023-11-30 06:45:00+00:00,1426.4821442955042
2023-11-30 07:45:00+00:00,1442.0759639623025
2023-11-30 08:45:00+00:00,1436.605675212137
2023-11-30 09:45:00+00:00,1422.9345389422706
2023-12-01 03:45:00+00:00,1444.8129278256117
2023-12-01 04:45:00+00:00,1443.9370939196328
2023-12-01 05:45:00+00:00,1457.2784339849388
2023-12-01 06:45:00+00:00,1461.324656334642
2023-12-01 07:45:00+00:00,1468.7692564705603
2023-12-01 08:45:00+00:00,1456.6628660827162
2023-12-01 09:45:00+00:00,1473.4831412974556
2023-12-04 03:45:00+00:00,1490.8392415601916
2023-12-04 04:45:00+00:00,1500.8521807358118
2023-12-04 05:45:00+00:00,1509.9480407625035
2023-12-04 06:45:00+00:00,1522.233050933674
2023-12-04 07:45:00+00:00,1526.9608296546264
2023-12-04 08:45:00+00:00,1514.8797422289185
2023-12-04 09:45:00+00:00,1505.0603422916188
2023-12-05 03:45:00+00:00,1519.143545119838
2023-12-05 04:45:00+00:00,1518.7236134270947
2023-12-05 05:45:00+00:00,1524.2949260502612
2023-12-05 06:45:00+00:00,1497.7630704524327
2023-12-05 07:45:00+00:00,1496.1346528947945
2023-12-05 08:45:00+00:00,1483.9871565429796
2023-12-05 09:45:00+00:00,1485.0953457575433
2023-12-06 03:45:00+00:00,1464.6022036227928
2023-12-06 04:45:00+00:00,1473.6068815144151
2023-12-06 05:45:00+00:00,1479.0905438215134
2023-12-06 06:45:00+00:00,1468.185035883991
2023-12-06 07:45:00+00:00,1485.520791183761
2023-12-06 08:45:00+00:00,1484.4674957549414
2023-12-06 09:45:00+00:00,1482.3177151605669
2023-12-07 03:45:00+00:00,1476.8222533656165
2023-12-07 04:45:00+00:00,1466.5410935618015
2023-12-07 05:45:00+00:00,1489.921494518595
2023-12-07 06:45:00+00:00,1485.7510816103595
2023-12-07 07:45:00+00:00,1470.2824831066712
2023-12-07 08:45:00+00:00,1476.3394703590507
2023-12-07 09:45:00+00:00,1463.9172423225427
2023-12-08 03:45:00+00:00,1463.9217224102065
2023-12-08 04:45:00+00:00,1482.852104006948
2023-12-08 05:45:00+00:00,1470.315051359923
2023-12-08 06:45:00+00:00,1459.92371135092
2023-12-08 07:45:00+00:00,1467.0730774762924
2023-12-08 08:45:00+00:00,1462.487352713807
2023-12-08 09:45:00+00:00,1454.0188106804414
2023-12-11 03:45:00+00:00,1467.2058510620386
2023-12-11 04:45:00+00:00,1470.5905084528135
2023-12-11 05:45:00+00:00,1469.0975724572086
2023-12-11 06:45:00+00:00,1468.8291369741755
2023-12-11 07:45:00+00:00,1468.985528447873
2023-12-11 08:45:00+00:00,1461.6953145106004
2023-12-11 09:45:00+00:00,1462.0839674811355
2023-12-12 03:45:00+00:00,1471.0610597668847
2023-12-12 04:45:00+00:00,1470.745426468668
2023-12-12 05:45:00+00:00,1488.2272851856378
2023-12-12 06:45:00+00:00,1488.4680315333642
2023-12-12 07:45:00+00:00,1490.2199290936644
2023-12-12 08:45:00+00:00,1485.651159107236
2023-12-12 09:45:00+00:00,1495.8551084382145
2023-12-13 03:45:00+00:00,1510.098843826224
2023-12-13 04:45:00+00:00,1491.729711554695
2023-12-13 05:45:00+00:00,1479.2813680474076
2023-12-13 06:45:00+00:00,1481.105378025519
2023-12-13 07:45:00+00:00,1488.1558768369532
2023-12-13 08:45:00+00:00,1489.5511977139815
2023-12-13 09:45:00+00:00,1480.6577887390044
2023-12-14 03:45:00+00:00,1466.5029304702457
2023-12-14 04:45:00+00:00,1474.5262878490944
2023-12-14 05:45:00+00:00,1472.7316102438213
2023-12-14 06:45:00+00:00,1490.3759767037236
2023-12-14 07:45:00+00:00,1493.3877575145852
2023-12-14 08:45:00+00:00,1499.503323393661
2023-12-14 09:45:00+00:00,1504.4046334607476
2023-12-15 03:45:00+00:00,1520.4391351242712
2023-12-15 04:45:00+00:00,1528.8172356340397
2023-12-15 05:45:00+00:00,1525.457648592274
2023-12-15 06:45:00+00:00,1525.024508344856
2023-12-15 07:45:00+00:00,1530.8570478290658
2023-12-15 08:45:00+00:00,1533.2816839450163
2023-12-15 09:45:00+00:00,1549.3091133323514
2023-12-18 03:45:00+00:00,1543.4226188000112
2023-12-18 04:45:00+00:00,1522.2154930697213
2023-12-18 05:45:00+00:00,1527.4678919993585
2023-12-18 06:45:00+00:00,1521.9455617984645
2023-12-18 07:45:00+00:00,1504.715014833181
2023-12-18 08:45:00+00:00,1497.977756041954
2023-12-18 09:45:00+00:00,1502.5849412977188
2023-12-19 03:45:00+00:00,1502.3849510993757
2023-12-19 04:45:00+00:00,1494.0834942465801
2023-12-19 05:45:00+00:00,1475.1829716892428
2023-12-19 06:45:00+00:00,1480.4855299568803
2023-12-19 07:45:00+00:00,1480.470396165105
2023-12-19 08:45:00+00:00,1466.6188449017104
2023-12-19 09:45:00+00:00,1443.438488326551
2023-12-20 03:45:00+00:00,1436.5104701759537
2023-12-20 04:45:00+00:00,1448.1913838100459
2023-12-20 05:45:00+00:00,1461.3635476668098
2023-12-20 06:45:00+00:00,1433.810799530894
2023-12-20 07:45:00+00:00,1445.4931592990633
2023-12-20 08:45:00+00:00,1447.1046154315707
2023-12-20 09:45:00+00:00,1466.9180195396152
2023-12-21 03:45:00+00:00,1462.4099578405924
2023-12-21 04:45:00+00:00,1468.1511175114063
2023-12-21 05:45:00+00:00,1477.5707061497305
2023-12-21 06:45:00+00:00,1493.5010008607478
2023-12-21 07:45:00+00:00,1505.047840745683
2023-12-21 08:45:00+00:00,1506.9083009140668
2023-12-21 09:45:00+00:00,1490.3585590315133
2023-12-22 03:45:00+00:00,1476.2916625290322
2023-12-22 04:45:00+00:00,1467.1911866367006
2023-12-22 05:45:00+00:00,1471.3122761830775
2023-12-22 06:45:00+00:00,1454.8899080222307
2023-12-22 07:45:00+00:00,1465.694788705526
2023-12-22 08:45:00+00:00,1469.1019523464927
2023-12-22 09:45:00+00:00,1456.9765881246003
2023-12-26 03:45:00+00:00,1455.6978880295974
2023-12-26 04:45:00+00:00,1450.020340943831
2023-12-26 05:45:00+00:00,1443.2675020443703
2023-12-26 06:45:00+00:00,1468.45815864231
2023-12-26 07:45:00+00:00,1484.224903006459
2023-12-26 08:45:00+00:00,1499.267695584421
2023-12-26 09:45:00+00:00,1484.239186298727
2023-12-27 03:45:00+00:00,1494.3035334609062
2023-12-27 04:45:00+00:00,1474.564678082658
2023-12-27 05:45:00+00:00,1467.4523053753528
2023-12-27 06:45:00+00:00,1465.3152507374427
2023-12-27 07:45:00+00:00,1458.888145735654
2023-12-27 08:45:00+00:00,1462.8559539252435
2023-12-27 09:45:00+00:00,1456.287265950911
2023-12-28 03:45:00+00:00,1463.0653974013953
2023-12-28 04:45:00+00:00,1452.7686395832238
2023-12-28 05:45:00+00:00,1462.8374682415006
2023-12-28 06:45:00+00:00,1456.0867752277195
2023-12-28 07:45:00+00:00,1452.917971431618
2023-12-28 08:45:00+00:00,1451.8067781689815
2023-12-28 09:45:00+00:00,1470.51645134422
2023-12-29 03:45:00+00:00,1476.2143641722635
2023-12-29 04:45:00+00:00,1490.413417364801
2023-12-29 05:45:00+00:00,1480.525941641117
2023-12-29 06:45:00+00:00,1471.866922695129
2023-12-29 07:45:00+00:00,1480.4653388620134
2023-12-29 08:45:00+00:00,1470.5294050455711
2023-12-29 09:45:00+00:00,1466.4236497580691
2024-01-01 03:45:00+00:00,1453.3622262650802
2024-01-01 04:45:00+00:00,1474.372861443885
2024-01-01 05:45:00+00:00,1475.5030016922644
2024-01-01 06:45:00+00:00,1462.95816866284
2024-01-01 07:45:00+00:00,1471.2063957676858
2024-01-01 08:45:00+00:00,1480.6569195417778
2024-01-01 09:45:00+00:00,1482.9313263656568
2024-01-02 03:45:00+00:00,1462.1025570125828
2024-01-02 04:45:00+00:00,1452.2580510416087
2024-01-02 05:45:00+00:00,1443.373322833659
2024-01-02 06:45:00+00:00,1412.8007300700954
2024-01-02 07:45:00+00:00,1414.1338373373128
2024-01-02 08:45:00+00:00,1423.202050623242
2024-01-02 09:45:00+00:00,1428.8995190805865
2024-01-03 03:45:00+00:00,1416.048412549658
2024-01-03 04:45:00+00:00,1419.6644798075097
2024-01-03 05:45:00+00:00,1424.5130669354912
2024-01-03 06:45:00+00:00,1424.8922749371945
2024-01-03 07:45:00+00:00,1426.68710366057
2024-01-03 08:45:00+00:00,1443.035837044116
2024-01-03 09:45:00+00:00,1433.5628086628037
2024-01-04 03:45:00+00:00,1437.1340556378623
2024-01-04 04:45:00+00:00,1443.7435971318691
2024-01-04 05:45:00+00:00,1443.6142619425004
2024-01-04 06:45:00+00:00,1447.5163114722832
2024-01-04 07:45:00+00:00,1452.0381508867536
2024-01-04 08:45:00+00:00,1450.0598056647077
2024-01-04 09:45:00+00:00,1469.4406422948846
2024-01-05 03:45:00+00:00,1477.8182255699987
2024-01-05 04:45:00+00:00,1477.0646689390546
2024-01-05 05:45:00+00:00,1489.2532072845027
2024-01-05 06:45:00+00:00,1505.1635474534542
2024-01-05 07:45:00+00:00,1507.2215070765835
2024-01-05 08:45:00+00:00,1499.2845238237487
2024-01-05 09:45:00+00:00,1487.943901468734
2024-01-08 03:45:00+00:00,1489.6326745482274
2024-01-08 04:45:00+00:00,1499.0897259569929
2024-01-08 05:45:00+00:00,1496.109534755501
2024-01-08 06:45:00+00:00,1485.3059079144475
2024-01-08 07:45:00+00:00,1490.9067468141332
2024-01-08 08:45:00+00:00,1498.3559521378836
2024-01-08 09:45:00+00:00,1515.0514116040094
2024-01-09 03:45:00+00:00,1506.7230694261596
2024-01-09 04:45:00+00:00,1484.3655402745464
2024-01-09 05:45:00+00:00,1482.8352096211124
2024-01-09 06:45:00+00:00,1474.3000666050038
2024-01-09 07:45:00+00:00,1482.4244893010682
2024-01-09 08:45:00+00:00,1498.2273655063827
2024-01-09 09:45:00+00:00,1506.2924291605934
2024-01-10 03:45:00+00:00,1523.2334598786922
2024-01-10 04:45:00+00:00,1501.3874344706273
2024-01-10 05:45:00+00:00,1534.2021127968203
2024-01-10 06:45:00+00:00,1538.23428925697
2024-01-10 07:45:00+00:00,1551.7131290720306
2024-01-10 08:45:00+00:00,1565.894534921321
2024-01-10 09:45:00+00:00,1568.7242252695764
2024-01-11 03:45:00+00:00,1567.9363767610068
2024-01-11 04:45:00+00:00,1575.735645273445
2024-01-11 05:45:00+00:00,1571.0830514072784
2024-01-11 06:45:00+00:00,1541.961378262135
2024-01-11 07:45:00+00:00,1528.1944331391921
2024-01-11 08:45:00+00:00,1532.5710658628484
2024-01-11 09:45:00+00:00,1537.2001239382832
2024-01-12 03:45:00+00:00,1551.4144833771804
2024-01-12 04:45:00+00:00,1556.7326284762028
2024-01-12 05:45:00+00:00,1554.6282705670637
2024-01-12 06:45:00+00:00,1559.8766574270041
2024-01-12 07:45:00+00:00,1548.1110474594002
2024-01-12 08:45:00+00:00,1539.1489684676533
2024-01-12 09:45:00+00:00,1542.8522579452417
2024-01-15 03:45:00+00:00,1554.36749665839
2024-01-15 04:45:00+00:00,1556.6749556436635
2024-01-15 05:45:00+00:00,1535.2713239778545
2024-01-15 06:45:00+00:00,1538.2799000291864
2024-01-15 07:45:00+00:00,1538.3859863088012
2024-01-15 08:45:00+00:00,1563.2478806991253
2024-01-15 09:45:00+00:00,1583.6977748568054
2024-01-16 03:45:00+00:00,1581.6238967797417
2024-01-16 04:45:00+00:00,1562.4255302339132
2024-01-16 05:45:00+00:00,1554.5049905240412
2024-01-16 06:45:00+00:00,1536.200568794962
2024-01-16 07:45:00+00:00,1539.553330266835
2024-01-16 08:45:00+00:00,1539.6425787180817
2024-01-16 09:45:00+00:00,1534.539276354619
2024-01-17 03:45:00+00:00,1544.8197861673207
2024-01-17 04:45:00+00:00,1558.342054245605
2024-01-17 05:45:00+00:00,1575.9289092745921
2024-01-17 06:45:00+00:00,1583.0677289217406
2024-01-17 07:45:00+00:00,1590.6430203822101
2024-01-17 08:45:00+00:00,1583.9468779542337
2024-01-17 09:45:00+00:00,1566.4407960490437
2024-01-18 03:45:00+00:00,1575.552191442178
2024-01-18 04:45:00+00:00,1583.0076810219882
2024-01-18 05:45:00+00:00,1563.8257696905969
2024-01-18 06:45:00+00:00,1557.12044954884
2024-01-18 07:45:00+00:00,1545.8887406840024
2024-01-18 08:45:00+00:00,1544.879280244531
2024-01-18 09:45:00+00:00,1538.4297036980358
2024-01-19 03:45:00+00:00,1541.166400472343
2024-01-19 04:45:00+00:00,1540.824836970351
2024-01-19 05:45:00+00:00,1505.5180203283658
2024-01-19 06:45:00+00:00,1530.7326340078916
2024-01-19 07:45:00+00:00,1544.9565859720983
2024-01-19 08:45:00+00:00,1541.059639432071
2024-01-19 09:45:00+00:00,1536.100170383829
2024-01-23 03:45:00+00:00,1514.433233916262
2024-01-23 04:45:00+00:00,1516.6477167629291
2024-01-23 05:45:00+00:00,1523.0311323334445
2024-01-23 06:45:00+00:00,1485.2614922074904
2024-01-23 07:45:00+00:00,1482.942685684468
2024-01-23 08:45:00+00:00,1483.3340543317547
2024-01-23 09:45:00+00:00,1481.0675701006185
2024-01-24 03:45:00+00:00,1498.4372708425633
2024-01-24 04:45:00+00:00,1484.5530338489184
2024-01-24 05:45:00+00:00,1486.3552066938305
2024-01-24 06:45:00+00:00,1481.7170469649232
2024-01-24 07:45:00+00:00,1494.9487237602
2024-01-24 08:45:00+00:00,1496.9742832120587
2024-01-24 09:45:00+00:00,1474.247195298767
2024-01-25 03:45:00+00:00,1484.8274350631125
2024-01-25 04:45:00+00:00,1464.78727855576
2024-01-25 05:45:00+00:00,1467.7750774708832
2024-01-25 06:45:00+00:00,1467.992907350234
2024-01-25 07:45:00+00:00,1451.4061686250282
2024-01-25 08:45:00+00:00,1421.813616239232
2024-01-25 09:45:00+00:00,1430.5707967015708
2024-01-29 03:45:00+00:00,1415.3989065639316
2024-01-29 04:45:00+00:00,1432.6595188717909
2024-01-29 05:45:00+00:00,1428.7892787331148
2024-01-29 06:45:00+00:00,1426.267627821654
2024-01-29 07:45:00+00:00,1430.959094282482
2024-01-29 08:45:00+00:00,1427.0854936168048
2024-01-29 09:45:00+00:00,1425.5898465560908
2024-01-30 03:45:00+00:00,1414.9445928936761
2024-01-30 04:45:00+00:00,1421.2525969114527
2024-01-30 05:45:00+00:00,1415.5249358425174
2024-01-30 06:45:00+00:00,1415.1499834498002
2024-01-30 07:45:00+00:00,1422.2845319701598
2024-01-30 08:45:00+00:00,1430.8105998033595
2024-01-30 09:45:00+00:00,1427.7484229121285
2024-01-31 03:45:00+00:00,1422.5782356540249
2024-01-31 04:45:00+00:00,1430.6527265840946
2024-01-31 05:45:00+00:00,1410.4877654461427
2024-01-31 06:45:00+00:00,1400.5826710790607
2024-01-31 07:45:00+00:00,1402.4852758926304
2024-01-31 08:45:00+00:00,1390.460579741703
2024-01-31 09:45:00+00:00,1373.7741766154415
2024-02-01 03:45:00+00:00,1370.2547521819865
2024-02-01 04:45:00+00:00,1368.302949938933
2024-02-01 05:45:00+00:00,1367.5216173944584
2024-02-01 06:45:00+00:00,1359.4519642042603
2024-02-01 07:45:00+00:00,1361.4314962888723
2024-02-01 08:45:00+00:00,1362.5694889612387
2024-02-01 09:45:00+00:00,1342.2664941243513
2024-02-02 03:45:00+00:00,1353.9171037934989
2024-02-02 04:45:00+00:00,1359.578441880579
2024-02-02 05:45:00+00:00,1382.5540751852684
2024-02-02 06:45:00+00:00,1401.1815560915259
2024-02-02 07:45:00+00:00,1393.985402989528
2024-02-02 08:45:00+00:00,1388.4021294394488
2024-02-02 09:45:00+00:00,1397.6966422285082
2024-02-05 03:45:00+00:00,1402.6574406221007
2024-02-05 04:45:00+00:00,1397.4171152932918
2024-02-05 05:45:00+00:00,1404.882955145047
2024-02-05 06:45:00+00:00,1412.3978933498333
2024-02-05 07:45:00+00:00,1413.9743945044784
2024-02-05 08:45:00+00:00,1402.9918752727492
2024-02-05 09:45:00+00:00,1389.2362740472781
2024-02-06 03:45:00+00:00,1398.939653779722
2024-02-06 04:45:00+00:00,1395.116121566075
2024-02-06 05:45:00+00:00,1376.8989682262543
2024-02-06 06:45:00+00:00,1383.6400798892519
2024-02-06 07:45:00+00:00,1397.1593735801262
2024-02-06 08:45:00+00:00,1410.7603932323793
2024-02-06 09:45:00+00:00,1431.2946424497457
2024-02-07 03:45:00+00:00,1429.1752246042315
2024-02-07 04:45:00+00:00,1423.9733198847898
2024-02-07 05:45:00+00:00,1413.5207863340945
2024-02-07 06:45:00+00:00,1404.827657998682
2024-02-07 07:45:00+00:00,1414.450509167165
2024-02-07 08:45:00+00:00,1412.479066011641
2024-02-07 09:45:00+00:00,1386.2856817054894
2024-02-08 03:45:00+00:00,1385.0235318235088
2024-02-08 04:45:00+00:00,1371.1465779188763
2024-02-08 05:45:00+00:00,1371.227357845157
2024-02-08 06:45:00+00:00,1359.266653136303
2024-02-08 07:45:00+00:00,1348.6372035644767
2024-02-08 08:45:00+00:00,1338.2441601266087
2024-02-08 09:45:00+00:00,1354.7822198750969
2024-02-09 03:45:00+00:00,1340.715440165384
2024-02-09 04:45:00+00:00,1350.7583469683336
2024-02-09 05:45:00+00:00,1359.7618061070505
2024-02-09 06:45:00+00:00,1356.885556227632
2024-02-09 07:45:00+00:00,1351.5553230677767
2024-02-09 08:45:00+00:00,1341.5086698315602
2024-02-09 09:45:00+00:00,1337.948092811565
2024-02-12 03:45:00+00:00,1326.9158699596248
2024-02-12 04:45:00+00:00,1321.6351112228901
2024-02-12 05:45:00+00:00,1334.3401862457606
2024-02-12 06:45:00+00:00,1345.259403795567
2024-02-12 07:45:00+00:00,1342.8307108812005
2024-02-12 08:45:00+00:00,1358.0253631393641
2024-02-12 09:45:00+00:00,1362.3631667413947
2024-02-13 03:45:00+00:00,1370.0419637655243
2024-02-13 04:45:00+00:00,1373.5380817337384
2024-02-13 05:45:00+00:00,1390.996667899498
2024-02-13 06:45:00+00:00,1394.4350267095585
2024-02-13 07:45:00+00:00,1374.462280696915
2024-02-13 08:45:00+00:00,1390.0029839889364
2024-02-13 09:45:00+00:00,1390.2326402692067
2024-02-14 03:45:00+00:00,1389.3674126737467
2024-02-14 04:45:00+00:00,1384.9331032283537
2024-02-14 05:45:00+00:00,1398.8976982756344
2024-02-14 06:45:00+00:00,1402.2112402000294
2024-02-14 07:45:00+00:00,1404.243353194178
2024-02-14 08:45:00+00:00,1432.105563838736
2024-02-14 09:45:00+00:00,1445.8561336601888
2024-02-15 03:45:00+00:00,1410.3347275383564
2024-02-15 04:45:00+00:00,1432.0539926337376
2024-02-15 05:45:00+00:00,1432.9454057418143
2024-02-15 06:45:00+00:00,1411.969616692664
2024-02-15 07:45:00+00:00,1410.6247481797295
2024-02-15 08:45:00+00:00,1419.0464398081008
2024-02-15 09:45:00+00:00,1447.5039958816435
2024-02-16 03:45:00+00:00,1432.887677480307
2024-02-16 04:45:00+00:00,1437.9629629418087
2024-02-16 05:45:00+00:00,1435.5205003949268
2024-02-16 06:45:00+00:00,1430.1683589362942
2024-02-16 07:45:00+00:00,1442.6678467237905
2024-02-16 08:45:00+00:00,1450.1224640263526
2024-02-16 09:45:00+00:00,1431.1598618630117
2024-02-19 03:45:00+00:00,1432.2179091627036
2024-02-19 04:45:00+00:00,1434.0742125719353
2024-02-19 05:45:00+00:00,1449.495479842687
2024-02-19 06:45:00+00:00,1437.983360030727
2024-02-19 07:45:00+00:00,1441.966708805888
2024-02-19 08:45:00+00:00,1456.4583885673787
2024-02-19 09:45:00+00:00,1425.7678158944962
2024-02-20 03:45:00+00:00,1429.3413184001788
2024-02-20 04:45:00+00:00,1428.654079469211
2024-02-20 05:45:00+00:00,1444.5801809243865
2024-02-20 06:45:00+00:00,1442.8931476652324
2024-02-20 07:45:00+00:00,1424.9499279607228
2024-02-20 08:45:00+00:00,1434.466549931415
2024-02-20 09:45:00+00:00,1417.3425242487092
2024-02-21 03:45:00+00:00,1419.9993683214602
2024-02-21 04:45:00+00:00,1402.056698573949
2024-02-21 05:45:00+00:00,1417.0948309486662
2024-02-21 06:45:00+00:00,1422.3175848331794
2024-02-21 07:45:00+00:00,1423.989380458338
2024-02-21 08:45:00+00:00,1410.7372143823238
2024-02-21 09:45:00+00:00,1441.3403803589067
2024-02-22 03:45:00+00:00,1451.7491181353741
2024-02-22 04:45:00+00:00,1453.6434674979732
2024-02-22 05:45:00+00:00,1457.8274020735075
2024-02-22 06:45:00+00:00,1442.3391556177003
2024-02-22 07:45:00+00:00,1463.2916687059833
2024-02-22 08:45:00+00:00,1440.8213495877078
2024-02-22 09:45:00+00:00,1460.3270497331089
2024-02-23 03:45:00+00:00,1465.5121538923067
2024-02-23 04:45:00+00:00,1471.4897551476738
2024-02-23 05:45:00+00:00,1476.0619218063798
2024-02-23 06:45:00+00:00,1470.8230702345825
2024-02-23 07:45:00+00:00,1456.7438275091838
2024-02-23 08:45:00+00:00,1457.7529138735863
2024-02-23 09:45:00+00:00,1434.8012396315944
2024-02-26 03:45:00+00:00,1440.3324516769055
2024-02-26 04:45:00+00:00,1432.4560658453026
2024-02-26 05:45:00+00:00,1432.1264150450363
2024-02-26 06:45:00+00:00,1424.2024509606845
2024-02-26 07:45:00+00:00,1412.1825103516874
2024-02-26 08:45:00+00:00,1388.5500317575113
2024-02-26 09:45:00+00:00,1381.8450312678244
2024-02-27 03:45:00+00:00,1370.6008324473898
2024-02-27 04:45:00+00:00,1366.928480266489
2024-02-27 05:45:00+00:00,1378.5968981803906
2024-02-27 06:45:00+00:00,1369.7871190931426
2024-02-27 07:45:00+00:00,1375.7643461724292
2024-02-27 08:45:00+00:00,1373.1542622946233
2024-02-27 09:45:00+00:00,1368.0496363894174
2024-02-28 03:45:00+00:00,1366.5520898714453
2024-02-28 04:45:00+00:00,1374.2314005606959
2024-02-28 05:45:00+00:00,1358.8043197812392
2024-02-28 06:45:00+00:00,1345.5121514434377
2024-02-28 07:45:00+00:00,1336.0037824210424
2024-02-28 08:45:00+00:00,1331.1223274012534
2024-02-28 09:45:00+00:00,1329.5132013716127
2024-02-29 03:45:00+00:00,1322.657402593589
2024-02-29 04:45:00+00:00,1328.3673603427912
2024-02-29 05:45:00+00:00,1337.6951030936614
2024-02-29 06:45:00+00:00,1340.015286268121
2024-02-29 07:45:00+00:00,1332.1637585140024
2024-02-29 08:45:00+00:00,1330.4021703545122
2024-02-29 09:45:00+00:00,1322.3990235898311
2024-03-01 03:45:00+00:00,1349.1990435459218
2024-03-01 04:45:00+00:00,1346.6613013793526
2024-03-01 05:45:00+00:00,1354.9512782652744
2024-03-01 06:45:00+00:00,1364.1130107586696
2024-03-01 07:45:00+00:00,1368.0351466752177
2024-03-01 08:45:00+00:00,1337.5649858762145
2024-03-01 09:45:00+00:00,1335.7358254956357
2024-03-04 03:45:00+00:00,1346.0906128706467
2024-03-04 04:45:00+00:00,1355.3941964017754
2024-03-04 05:45:00+00:00,1362.973637367168
2024-03-04 06:45:00+00:00,1346.6684811054688
2024-03-04 07:45:00+00:00,1353.1472836135574
2024-03-04 08:45:00+00:00,1352.0210602501097
2024-03-04 09:45:00+00:00,1356.464222929996
2024-03-05 03:45:00+00:00,1357.1192213674872
2024-03-05 04:45:00+00:00,1353.174178433354
2024-03-05 05:45:00+00:00,1369.7769592877635
2024-03-05 06:45:00+00:00,1359.5769922661075
2024-03-05 07:45:00+00:00,1364.7943137589016
2024-03-05 08:45:00+00:00,1375.3487285953895
2024-03-05 09:45:00+00:00,1372.7590225389245
2024-03-06 03:45:00+00:00,1377.8903244365365
2024-03-06 04:45:00+00:00,1373.3778261605742
2024-03-06 05:45:00+00:00,1378.8792418819864
2024-03-06 06:45:00+00:00,1378.71518831286
2024-03-06 07:45:00+00:00,1399.4513832643263
2024-03-06 08:45:00+00:00,1386.446472077879
2024-03-06 09:45:00+00:00,1398.181872760296
2024-03-07 03:45:00+00:00,1408.42467023096
2024-03-07 04:45:00+00:00,1396.8474584009955
2024-03-07 05:45:00+00:00,1392.0354666863782
2024-03-07 06:45:00+00:00,1392.8873622544868
2024-03-07 07:45:00+00:00,1394.6694376670957
2024-03-07 08:45:00+00:00,1412.8746173592087
2024-03-07 09:45:00+00:00,1421.1672808545898
2024-03-11 03:45:00+00:00,1405.7975200472883
2024-03-11 04:45:00+00:00,1395.1581224952943
2024-03-11 05:45:00+00:00,1406.0029831185386
2024-03-11 06:45:00+00:00,1412.4367648138948
2024-03-11 07:45:00+00:00,1410.7506575605298
2024-03-11 08:45:00+00:00,1425.1905348151483
2024-03-11 09:45:00+00:00,1432.1160219627868
2024-03-12 03:45:00+00:00,1440.5896778280405
2024-03-12 04:45:00+00:00,1473.6092480354446
2024-03-12 05:45:00+00:00,1486.9001647032355
2024-03-12 06:45:00+00:00,1488.1358803193984
2024-03-12 07:45:00+00:00,1500.6870697384254
2024-03-12 08:45:00+00:00,1502.5465556523336
2024-03-12 09:45:00+00:00,1524.944564777176
2024-03-13 03:45:00+00:00,1528.9743729021823
2024-03-13 04:45:00+00:00,1514.9285076161473
2024-03-13 05:45:00+00:00,1523.585292369889
2024-03-13 06:45:00+00:00,1522.7403653414397
2024-03-13 07:45:00+00:00,1515.917260834577
2024-03-13 08:45:00+00:00,1526.4081616324547
2024-03-13 09:45:00+00:00,1538.4829839280028
2024-03-14 03:45:00+00:00,1532.7364899003235
2024-03-14 04:45:00+00:00,1535.0434424286163
2024-03-14 05:45:00+00:00,1533.619657551121
2024-03-14 06:45:00+00:00,1513.7186499855607
2024-03-14 07:45:00+00:00,1531.9520367355813
2024-03-14 08:45:00+00:00,1539.188712433012
2024-03-14 09:45:00+00:00,1554.765000620233
2024-03-15 03:45:00+00:00,1542.205599093808
2024-03-15 04:45:00+00:00,1527.5494682510741
2024-03-15 05:45:00+00:00,1483.7625153332626
2024-03-15 06:45:00+00:00,1485.683787816243
2024-03-15 07:45:00+00:00,1448.0058461444498
2024-03-15 08:45:00+00:00,1451.9392866070616
2024-03-15 09:45:00+00:00,1451.9788222379086
2024-03-18 03:45:00+00:00,1467.1963892982715
2024-03-18 04:45:00+00:00,1452.6283427845792
2024-03-18 05:45:00+00:00,1444.184228357351
2024-03-18 06:45:00+00:00,1446.7410400765125
2024-03-18 07:45:00+00:00,1454.0402899504938
2024-03-18 08:45:00+00:00,1453.5579102077616
2024-03-18 09:45:00+00:00,1443.040406146993
2024-03-19 03:45:00+00:00,1447.0066942507015
2024-03-19 04:45:00+00:00,1423.6932238748766
2024-03-19 05:45:00+00:00,1427.4754242756821
2024-03-19 06:45:00+00:00,1447.6337287438862
2024-03-19 07:45:00+00:00,1447.5003367776644
2024-03-19 08:45:00+00:00,1447.3111645961415
2024-03-19 09:45:00+00:00,1429.4990471560534
2024-03-20 03:45:00+00:00,1438.8913354864164
2024-03-20 04:45:00+00:00,1454.571563718436
2024-03-20 05:45:00+00:00,1448.6633240621798
2024-03-20 06:45:00+00:00,1439.026696250015
2024-03-20 07:45:00+00:00,1436.3448008415905
2024-03-20 08:45:00+00:00,1437.7081131052848
2024-03-20 09:45:00+00:00,1431.2516163063003
2024-03-21 03:45:00+00:00,1425.543434703305
2024-03-21 04:45:00+00:00,1433.4543979910416
2024-03-21 05:45:00+00:00,1424.2907469091795
2024-03-21 06:45:00+00:00,1429.4543097191404
2024-03-21 07:45:00+00:00,1451.1584824927418
2024-03-21 08:45:00+00:00,1451.975387522978
2024-03-21 09:45:00+00:00,1452.5809403900664
2024-03-22 03:45:00+00:00,1437.2899096426895
2024-03-22 04:45:00+00:00,1418.1604120626364
2024-03-22 05:45:00+00:00,1420.0659507188036
2024-03-22 06:45:00+00:00,1422.3934404881975
2024-03-22 07:45:00+00:00,1427.9746199675
2024-03-22 08:45:00+00:00,1430.0948576770274
2024-03-22 09:45:00+00:00,1445.2105126119307
2024-03-26 03:45:00+00:00,1452.96666486071
2024-03-26 04:45:00+00:00,1445.0453219637477
2024-03-26 05:45:00+00:00,1439.1803304902458
2024-03-26 06:45:00+00:00,1427.983830317766
2024-03-26 07:45:00+00:00,1436.9600400931085
2024-03-26 08:45:00+00:00,1436.8415797843036
2024-03-26 09:45:00+00:00,1431.1923499680322
2024-03-27 03:45:00+00:00,1434.9120108610384
2024-03-27 04:45:00+00:00,1432.9811473067502
2024-03-27 05:45:00+00:00,1420.8878525537293
2024-03-27 06:45:00+00:00,1416.9849454159394
2024-03-27 07:45:00+00:00,1419.033342195915
2024-03-27 08:45:00+00:00,1413.891513140543
2024-03-27 09:45:00+00:00,1406.199195325093
2024-03-28 03:45:00+00:00,1399.0341157462342
2024-03-28 04:45:00+00:00,1404.9403126645539
2024-03-28 05:45:00+00:00,1405.8023785706066
2024-03-28 06:45:00+00:00,1411.0782445531568
2024-03-28 07:45:00+00:00,1411.734524665045
2024-03-28 08:45:00+00:00,1416.3704463513873
2024-03-28 09:45:00+00:00,1431.4859452687674
2024-04-01 03:45:00+00:00,1439.882405172822
2024-04-01 04:45:00+00:00,1456.036535347531
2024-04-01 05:45:00+00:00,1474.4605095093798
2024-04-01 06:45:00+00:00,1478.9019431901274
2024-04-01 07:45:00+00:00,1481.5738072467784
2024-04-01 08:45:00+00:00,1495.1389881965204
2024-04-01 09:45:00+00:00,1496.0050649018171
2024-04-02 03:45:00+00:00,1484.2926223468808
2024-04-02 04:45:00+00:00,1482.0169278249205
2024-04-02 05:45:00+00:00,1457.1499342884085
2024-04-02 06:45:00+00:00,1476.2718824611165
2024-04-02 07:45:00+00:00,1487.1369468949847
2024-04-02 08:45:00+00:00,1482.456776280659
2024-04-02 09:45:00+00:00,1490.7175578894075
2024-04-03 03:45:00+00:00,1485.97476821001
2024-04-03 04:45:00+00:00,1476.5185360502182
2024-04-03 05:45:00+00:00,1485.3824362681498
2024-04-03 06:45:00+00:00,1476.186049793578
2024-04-03 07:45:00+00:00,1464.3775815074678
2024-04-03 08:45:00+00:00,1474.5370856068628
2024-04-03 09:45:00+00:00,1463.75779957367
2024-04-04 03:45:00+00:00,1450.7917517056867
2024-04-04 04:45:00+00:00,1465.955472704581
2024-04-04 05:45:00+00:00,1492.8150001737893
2024-04-04 06:45:00+00:00,1484.2870101671672
2024-04-04 07:45:00+00:00,1492.9561181057422
2024-04-04 08:45:00+00:00,1487.9493061644373
2024-04-04 09:45:00+00:00,1501.767699216808
2024-04-05 03:45:00+00:00,1507.2775896859366
2024-04-05 04:45:00+00:00,1523.0095095869697
2024-04-05 05:45:00+00:00,1522.6365371618444
2024-04-05 06:45:00+00:00,1506.8177746325407
2024-04-05 07:45:00+00:00,1500.681203872628
2024-04-05 08:45:00+00:00,1494.4115471526138
2024-04-05 09:45:00+00:00,1515.7839348363507
2024-04-08 03:45:00+00:00,1492.8725951842737
2024-04-08 04:45:00+00:00,1478.4404339124226
2024-04-08 05:45:00+00:00,1481.0282336563096
2024-04-08 06:45:00+00:00,1493.3949581968939
2024-04-08 07:45:00+00:00,1496.6956024849696
2024-04-08 08:45:00+00:00,1491.3732048370412
2024-04-08 09:45:00+00:00,1500.0614237118914
2024-04-09 03:45:00+00:00,1511.3529502583015
2024-04-09 04:45:00+00:00,1518.0509292229024
2024-04-09 05:45:00+00:00,1517.5152186586204
2024-04-09 06:45:00+00:00,1511.8071502821876
2024-04-09 07:45:00+00:00,1497.3984198786354
2024-04-09 08:45:00+00:00,1486.837925800251
2024-04-09 09:45:00+00:00,1471.7149935194025
2024-04-10 03:45:00+00:00,1463.8458064346746
2024-04-10 04:45:00+00:00,1466.010748473462
2024-04-10 05:45:00+00:00,1459.2077762967253
2024-04-10 06:45:00+00:00,1459.880328030905
2024-04-10 07:45:00+00:00,1458.5070931343907
2024-04-10 08:45:00+00:00,1451.7591575067015
2024-04-10 09:45:00+00:00,1440.1373455206972
2024-04-12 03:45:00+00:00,1434.3151844310992
2024-04-12 04:45:00+00:00,1412.1750409198091
2024-04-12 05:45:00+00:00,1406.1593609835497
2024-04-12 06:45:00+00:00,1424.8364377241724
2024-04-12 07:45:00+00:00,1439.6380505788516
2024-04-12 08:45:00+00:00,1457.7525189111348
2024-04-12 09:45:00+00:00,1464.2195770610788
2024-04-15 03:45:00+00:00,1456.6911790996303
2024-04-15 04:45:00+00:00,1455.0941192462956
2024-04-15 05:45:00+00:00,1451.6422415331244
2024-04-15 06:45:00+00:00,1445.0367838334541
2024-04-15 07:45:00+00:00,1452.5318530859336
2024-04-15 08:45:00+00:00,1437.8468750720763
2024-04-15 09:45:00+00:00,1450.3038576218473
2024-04-16 03:45:00+00:00,1467.9289125094358
2024-04-16 04:45:00+00:00,1450.6327375804942
2024-04-16 05:45:00+00:00,1419.0164126670797
2024-04-16 06:45:00+00:00,1422.3875833277802
2024-04-16 07:45:00+00:00,1412.3662600035223
2024-04-16 08:45:00+00:00,1413.068405168076
2024-04-16 09:45:00+00:00,1409.149650087462
2024-04-18 03:45:00+00:00,1442.6479496672355
2024-04-18 04:45:00+00:00,1437.3191085550582
2024-04-18 05:45:00+00:00,1490.25897763109
2024-04-18 06:45:00+00:00,1506.3755272525611
2024-04-18 07:45:00+00:00,1508.4941247129123
2024-04-18 08:45:00+00:00,1528.5345872553032
2024-04-18 09:45:00+00:00,1520.1111242318216
2024-04-19 03:45:00+00:00,1503.589830159234
2024-04-19 04:45:00+00:00,1500.0239485165193
2024-04-19 05:45:00+00:00,1508.1446426797324
2024-04-19 06:45:00+00:00,1520.0961731549232
2024-04-19 07:45:00+00:00,1527.8125465306184
2024-04-19 08:45:00+00:00,1546.1590146981323
2024-04-19 09:45:00+00:00,1547.9757431021962
2024-04-22 03:45:00+00:00,1535.2238053447452
2024-04-22 04:45:00+00:00,1524.3672445408101
2024-04-22 05:45:00+00:00,1509.7287525049635
2024-04-22 06:45:00+00:00,1508.662805584353
2024-04-22 07:45:00+00:00,1538.1222550753166
2024-04-22 08:45:00+00:00,1541.468853395559
2024-04-22 09:45:00+00:00,1553.7367796579038
2024-04-23 03:45:00+00:00,1552.3590517541893
2024-04-23 04:45:00+00:00,1556.135648610167
2024-04-23 05:45:00+00:00,1586.4027878357217
2024-04-23 06:45:00+00:00,1577.7612405722596
2024-04-23 07:45:00+00:00,1572.974460580683
2024-04-23 08:45:00+00:00,1576.2358577390296
2024-04-23 09:45:00+00:00,1583.338310731441
2024-04-24 03:45:00+00:00,1578.7166466314454
2024-04-24 04:45:00+00:00,1573.0878968504069
2024-04-24 05:45:00+00:00,1573.1958132996385
2024-04-24 06:45:00+00:00,1583.4847905681113
2024-04-24 07:45:00+00:00,1580.5085814261483
2024-04-24 08:45:00+00:00,1562.9669630140763
2024-04-24 09:45:00+00:00,1557.2808999982706
2024-04-25 03:45:00+00:00,1570.4720284866994
2024-04-25 04:45:00+00:00,1558.1440073139522
2024-04-25 05:45:00+00:00,1551.5578850067616
2024-04-25 06:45:00+00:00,1551.099555687415
2024-04-25 07:45:00+00:00,1562.3076619692495
2024-04-25 08:45:00+00:00,1553.7000940921464
2024-04-25 09:45:00+00:00,1558.5098939151726
2024-04-26 03:45:00+00:00,1532.238986847373
2024-04-26 04:45:00+00:00,1539.781911262024
2024-04-26 05:45:00+00:00,1503.414824924836
2024-04-26 06:45:00+00:00,1516.0794147106717
2024-04-26 07:45:00+00:00,1530.04673387275
2024-04-26 08:45:00+00:00,1533.6042355483728
2024-04-26 09:45:00+00:00,1560.2978218062271
2024-04-29 03:45:00+00:00,1577.4663813978118
2024-04-29 04:45:00+00:00,1577.103421706432
2024-04-29 05:45:00+00:00,1588.683408875235
2024-04-29 06:45:00+00:00,1593.6549500369204
2024-04-29 07:45:00+00:00,1587.9933257134492
2024-04-29 08:45:00+00:00,1575.938350426058
2024-04-29 09:45:00+00:00,1587.7368418479637
2024-04-30 03:45:00+00:00,1599.7391272793898
2024-04-30 04:45:00+00:00,1600.0573590356548
2024-04-30 05:45:00+00:00,1630.8835418098026
2024-04-30 06:45:00+00:00,1618.229694406494
2024-04-30 07:45:00+00:00,1629.1385685248947
2024-04-30 08:45:00+00:00,1637.4662478788912
2024-04-30 09:45:00+00:00,1645.472711324673
2024-05-02 03:45:00+00:00,1651.4706650059104
2024-05-02 04:45:00+00:00,1667.741390395916
2024-05-02 05:45:00+00:00,1660.2415503198333
2024-05-02 06:45:00+00:00,1659.7131240950257
2024-05-02 07:45:00+00:00,1670.4428113500046
2024-05-02 08:45:00+00:00,1671.9176751934285
2024-05-02 09:45:00+00:00,1675.7106785712365
2024-05-03 03:45:00+00:00,1668.8378274586917
2024-05-03 04:45:00+00:00,1647.0833716533848
2024-05-03 05:45:00+00:00,1644.8636379780976
2024-05-03 06:45:00+00:00,1646.4327624792015
2024-05-03 07:45:00+00:00,1629.1224945920555
2024-05-03 08:45:00+00:00,1610.2310835180858
2024-05-03 09:45:00+00:00,1628.4245803356894
2024-05-06 03:45:00+00:00,1612.8934505070831
2024-05-06 04:45:00+00:00,1603.1312496005578
2024-05-06 05:45:00+00:00,1629.6766690886946
2024-05-06 06:45:00+00:00,1641.7454406799154
2024-05-06 07:45:00+00:00,1651.2238564717645
2024-05-06 08:45:00+00:00,1645.004053323117
2024-05-06 09:45:00+00:00,1626.5671876298495
2024-05-07 03:45:00+00:00,1638.0237489958386
2024-05-07 04:45:00+00:00,1630.3052805073974
2024-05-07 05:45:00+00:00,1646.6551868499373
2024-05-07 06:45:00+00:00,1657.0592956580056
2024-05-07 07:45:00+00:00,1640.5391177171916
2024-05-07 08:45:00+00:00,1641.4773816109666
2024-05-07 09:45:00+00:00,1628.8797617991838
2024-05-08 03:45:00+00:00,1630.1232291622985
2024-05-08 04:45:00+00:00,1631.1270577718121
2024-05-08 05:45:00+00:00,1638.1468497769133
2024-05-08 06:45:00+00:00,1627.6503344186845
2024-05-08 07:45:00+00:00,1615.5323816663256
2024-05-08 08:45:00+00:00,1607.5083666525209
2024-05-08 09:45:00+00:00,1579.951171645676
2024-05-09 03:45:00+00:00,1585.3862031800845
2024-05-09 04:45:00+00:00,1595.4857927914848
2024-05-09 05:45:00+00:00,1591.7640488810341
2024-05-09 06:45:00+00:00,1585.7590523953345
2024-05-09 07:45:00+00:00,1566.9162217848873
2024-05-09 08:45:00+00:00,1576.4170755991559
2024-05-09 09:45:00+00:00,1589.722572942831
2024-05-10 03:45:00+00:00,1583.0132531270226
2024-05-10 04:45:00+00:00,1589.3992253867355
2024-05-10 05:45:00+00:00,1583.37929324032
2024-05-10 06:45:00+00:00,1583.9735668815827
2024-05-10 07:45:00+00:00,1584.39596868172
2024-05-10 08:45:00+00:00,1589.1504726082107
2024-05-10 09:45:00+00:00,1587.186269491469
2024-05-13 03:45:00+00:00,1602.7418942726122
2024-05-13 04:45:00+00:00,1597.1204540532847
2024-05-13 05:45:00+00:00,1603.525985118066
2024-05-13 06:45:00+00:00,1618.6909457810752
2024-05-13 07:45:00+00:00,1607.8767011348186
2024-05-13 08:45:00+00:00,1598.8857964015779
2024-05-13 09:45:00+00:00,1603.8870398196964
2024-05-14 03:45:00+00:00,1602.1266320316379
2024-05-14 04:45:00+00:00,1597.7152334700277
2024-05-14 05:45:00+00:00,1590.0701295970252
2024-05-14 06:45:00+00:00,1555.8018835199673
2024-05-14 07:45:00+00:00,1566.7221410480597
2024-05-14 08:45:00+00:00,1575.817908586738
2024-05-14 09:45:00+00:00,1581.5883913076536
2024-05-15 03:45:00+00:00,1575.5961343332033
2024-05-15 04:45:00+00:00,1562.570147538736
2024-05-15 05:45:00+00:00,1559.3360411761892
2024-05-15 06:45:00+00:00,1559.4954378916323
2024-05-15 07:45:00+00:00,1567.223562733055
2024-05-15 08:45:00+00:00,1558.4206909700908
2024-05-15 09:45:00+00:00,1548.137352516105
2024-05-16 03:45:00+00:00,1550.7218291358736
2024-05-16 04:45:00+00:00,1541.7881591792484
2024-05-16 05:45:00+00:00,1528.1473976649122
2024-05-16 06:45:00+00:00,1542.555325970769
2024-05-16 07:45:00+00:00,1548.5083707289057
2024-05-16 08:45:00+00:00,1547.1563868565802
2024-05-16 09:45:00+00:00,1546.548265801901
2024-05-17 03:45:00+00:00,1529.3620362993329
2024-05-17 04:45:00+00:00,1529.0011584100312
2024-05-17 05:45:00+00:00,1550.8251820691112
2024-05-17 06:45:00+00:00,1572.6490465865986
2024-05-17 07:45:00+00:00,1576.97399885622
2024-05-17 08:45:00+00:00,1582.7388067844497
2024-05-17 09:45:00+00:00,1571.2817558030501
2024-05-21 03:45:00+00:00,1565.8838024345982
2024-05-21 04:45:00+00:00,1569.9202670932548
2024-05-21 05:45:00+00:00,1603.3604456818537
2024-05-21 06:45:00+00:00,1622.981735544518
2024-05-21 07:45:00+00:00,1637.2370290071915
2024-05-21 08:45:00+00:00,1653.154332350065
2024-05-21 09:45:00+00:00,1645.2433081060406
2024-05-22 03:45:00+00:00,1622.904769911603
2024-05-22 04:45:00+00:00,1611.9819008002314
2024-05-22 05:45:00+00:00,1590.459145566871
2024-05-22 06:45:00+00:00,1591.4768703150635
2024-05-22 07:45:00+00:00,1598.0758477791271
2024-05-22 08:45:00+00:00,1611.1827447279486
2024-05-22 09:45:00+00:00,1610.2385291180403
2024-05-23 03:45:00+00:00,1618.8380151499455
2024-05-23 04:45:00+00:00,1609.6672949647916
2024-05-23 05:45:00+00:00,1605.114333717207
2024-05-23 06:45:00+00:00,1593.7302332887018
2024-05-23 07:45:00+00:00,1578.123925988051
2024-05-23 08:45:00+00:00,1565.3063643153937
2024-05-23 09:45:00+00:00,1558.3111449139844
2024-05-24 03:45:00+00:00,1557.4657946873556
2024-05-24 04:45:00+00:00,1544.7729080075646
2024-05-24 05:45:00+00:00,1531.5594573218737
2024-05-24 06:45:00+00:00,1501.5544262975907
2024-05-24 07:45:00+00:00,1482.8309231766987
2024-05-24 08:45:00+00:00,1481.4728126556074
2024-05-24 09:45:00+00:00,1478.9022904990734
2024-05-27 03:45:00+00:00,1487.7326320825405
2024-05-27 04:45:00+00:00,1470.0402324494537
2024-05-27 05:45:00+00:00,1486.8747798134452
2024-05-27 06:45:00+00:00,1505.0898398237573
2024-05-27 07:45:00+00:00,1506.0509296376226
2024-05-27 08:45:00+00:00,1493.620651315429
2024-05-27 09:45:00+00:00,1481.2255500099866
2024-05-28 03:45:00+00:00,1465.2193046196812
2024-05-28 04:45:00+00:00,1471.501084634422
2024-05-28 05:45:00+00:00,1462.979434624395
2024-05-28 06:45:00+00:00,1468.4808812754466
2024-05-28 07:45:00+00:00,1475.10931879018
2024-05-28 08:45:00+00:00,1473.5319735101248
2024-05-28 09:45:00+00:00,1493.752545163184
2024-05-29 03:45:00+00:00,1505.3345137467436
2024-05-29 04:45:00+00:00,1508.6332100114284
2024-05-29 05:45:00+00:00,1514.5870534682501
2024-05-29 06:45:00+00:00,1486.395417191956
2024-05-29 07:45:00+00:00,1490.37064409191
2024-05-29 08:45:00+00:00,1497.8251312753846
2024-05-29 09:45:00+00:00,1494.3770818454336
2024-05-30 03:45:00+00:00,1481.2137506028537
2024-05-30 04:45:00+00:00,1492.9277283543192
2024-05-30 05:45:00+00:00,1512.6481787992984
2024-05-30 06:45:00+00:00,1510.1024357600281
2024-05-30 07:45:00+00:00,1501.1324529445924
2024-05-30 08:45:00+00:00,1494.0493749218574
2024-05-30 09:45:00+00:00,1502.4152591072595
2024-05-31 03:45:00+00:00,1513.808473033338
2024-05-31 04:45:00+00:00,1501.4258295646764
2024-05-31 05:45:00+00:00,1507.4285018615817
2024-05-31 06:45:00+00:00,1496.2322071897415
2024-05-31 07:45:00+00:00,1489.0580861202286
2024-05-31 08:45:00+00:00,1504.9480775411919
2024-05-31 09:45:00+00:00,1483.7000630671093
2024-06-03 03:45:00+00:00,1494.9141300080535
2024-06-03 04:45:00+00:00,1491.1916013788386
2024-06-03 05:45:00+00:00,1487.2254226121893
2024-06-03 06:45:00+00:00,1483.753193079708
2024-06-03 07:45:00+00:00,1479.4556111712475
2024-06-03 08:45:00+00:00,1491.860659860419
2024-06-03 09:45:00+00:00,1499.4730447056445
2024-06-04 03:45:00+00:00,1517.0296574081792
2024-06-04 04:45:00+00:00,1519.7072881174226
2024-06-04 05:45:00+00:00,1523.6865692806598
2024-06-04 06:45:00+00:00,1509.9410082104857
2024-06-04 07:45:00+00:00,1507.1727075547522
2024-06-04 08:45:00+00:00,1514.975736910545
2024-06-04 09:45:00+00:00,1522.1694761629399
2024-06-05 03:45:00+00:00,1538.9847039192732
2024-06-05 04:45:00+00:00,1520.998099606
2024-06-05 05:45:00+00:00,1517.0538439795957
2024-06-05 06:45:00+00:00,1517.7518314952774
2024-06-05 07:45:00+00:00,1516.8087952447602
2024-06-05 08:45:00+00:00,1531.8698788024917
2024-06-05 09:45:00+00:00,1561.912570582411
2024-06-06 03:45:00+00:00,1566.0947053684588
2024-06-06 04:45:00+00:00,1577.3439546191876
2024-06-06 05:45:00+00:00,1559.7340625153756
2024-06-06 06:45:00+00:00,1577.7313302460777
2024-06-06 07:45:00+00:00,1574.829903931759
2024-06-06 08:45:00+00:00,1565.5715913421784
2024-06-06 09:45:00+00:00,1536.658199042666
2024-06-07 03:45:00+00:00,1531.7046451914557
2024-06-07 04:45:00+00:00,1527.6722416876473
2024-06-07 05:45:00+00:00,1529.0372278124596
2024-06-07 06:45:00+00:00,1508.5590557978696
2024-06-07 07:45:00+00:00,1517.7331296558448
2024-06-07 08:45:00+00:00,1528.5480975614425
2024-06-07 09:45:00+00:00,1537.634356916734
2024-06-10 03:45:00+00:00,1526.7728744291223
2024-06-10 04:45:00+00:00,1516.423954566124
2024-06-10 05:45:00+00:00,1502.2513326316562
2024-06-10 06:45:00+00:00,1496.4159738015337
2024-06-10 07:45:00+00:00,1502.3086708787996
2024-06-10 08:45:00+00:00,1510.1484699001558
2024-06-10 09:45:00+00:00,1524.872075332625
2024-06-11 03:45:00+00:00,1542.9837230179355
2024-06-11 04:45:00+00:00,1536.6273554118397
2024-06-11 05:45:00+00:00,1525.6682239460858
2024-06-11 06:45:00+00:00,1526.4301990471167
2024-06-11 07:45:00+00:00,1529.1971097705525
2024-06-11 08:45:00+00:00,1511.6577199226253
2024-06-11 09:45:00+00:00,1518.7682197817453
2024-06-12 03:45:00+00:00,1534.157569159997
2024-06-12 04:45:00+00:00,1523.1979840647343
2024-06-12 05:45:00+00:00,1512.0682352826063
2024-06-12 06:45:00+00:00,1533.6354970234809
2024-06-12 07:45:00+00:00,1510.640235847335
2024-06-12 08:45:00+00:00,1519.032350331976
2024-06-12 09:45:00+00:00,1526.4427164353763
2024-06-13 03:45:00+00:00,1529.5027701007784
2024-06-13 04:45:00+00:00,1543.6946486765708
2024-06-13 05:45:00+00:00,1560.343276139027
2024-06-13 06:45:00+00:00,1540.5816615703543
2024-06-13 07:45:00+00:00,1537.3501727185899
2024-06-13 08:45:00+00:00,1548.3877159068654
2024-06-13 09:45:00+00:00,1535.7897513877163
2024-06-14 03:45:00+00:00,1548.4546689505087
2024-06-14 04:45:00+00:00,1566.7966733247608
2024-06-14 05:45:00+00:00,1583.2171301167866
2024-06-14 06:45:00+00:00,1584.2740188797518
2024-06-14 07:45:00+00:00,1583.303524944014
2024-06-14 08:45:00+00:00,1582.3321274733873
2024-06-14 09:45:00+00:00,1580.6217770037936
2024-06-18 03:45:00+00:00,1567.8845555195253
2024-06-18 04:45:00+00:00,1570.1769442167265
2024-06-18 05:45:00+00:00,1567.3459550206337
2024-06-18 06:45:00+00:00,1556.1531324589432
2024-06-18 07:45:00+00:00,1566.6586023889938
2024-06-18 08:45:00+00:00,1556.9324891424258
2024-06-18 09:45:00+00:00,1571.065565006013
2024-06-19 03:45:00+00:00,1573.0626080218333
2024-06-19 04:45:00+00:00,1579.3757975504905
2024-06-19 05:45:00+00:00,1586.5168566876284
2024-06-19 06:45:00+00:00,1582.9969853221362
2024-06-19 07:45:00+00:00,1562.8320384038816
2024-06-19 08:45:00+00:00,1574.508254465454
2024-06-19 09:45:00+00:00,1582.005658641299
2024-06-20 03:45:00+00:00,1602.7524988426615
2024-06-20 04:45:00+00:00,1615.6272156384402
2024-06-20 05:45:00+00:00,1599.368729708526
2024-06-20 06:45:00+00:00,1599.7459832852614
2024-06-20 07:45:00+00:00,1599.5539382245163
2024-06-20 08:45:00+00:00,1589.2093410730643
2024-06-20 09:45:00+00:00,1584.3788109903505
2024-06-21 03:45:00+00:00,1579.185384457378
2024-06-21 04:45:00+00:00,1574.9695736527362
2024-06-21 05:45:00+00:00,1579.7660681123134
2024-06-21 06:45:00+00:00,1615.145527504293
2024-06-21 07:45:00+00:00,1606.980953431481
2024-06-21 08:45:00+00:00,1612.3240783977653
2024-06-21 09:45:00+00:00,1626.1363020391173
2024-06-24 03:45:00+00:00,1642.1402649656366
2024-06-24 04:45:00+00:00,1637.0740151911184
2024-06-24 05:45:00+00:00,1620.2181021018864
2024-06-24 06:45:00+00:00,1620.438834383653
2024-06-24 07:45:00+00:00,1630.9202261725636
2024-06-24 08:45:00+00:00,1612.3894600814997
2024-06-24 09:45:00+00:00,1624.6716093478558
2024-06-25 03:45:00+00:00,1629.1110106520737
2024-06-25 04:45:00+00:00,1662.5334765469556
2024-06-25 05:45:00+00:00,1662.1242419410248
2024-06-25 06:45:00+00:00,1675.458842217592
2024-06-25 07:45:00+00:00,1694.3567128362222
2024-06-25 08:45:00+00:00,1737.0841273723265
2024-06-25 09:45:00+00:00,1743.0598465819678
2024-06-26 03:45:00+00:00,1766.5958561228997
2024-06-26 04:45:00+00:00,1763.3929212673352
2024-06-26 05:45:00+00:00,1732.281646527604
2024-06-26 06:45:00+00:00,1735.1117074241786
2024-06-26 07:45:00+00:00,1722.2775990981393
2024-06-26 08:45:00+00:00,1725.7424075345814
2024-06-26 09:45:00+00:00,1737.6051708104221
2024-06-27 03:45:00+00:00,1710.2569895278514
2024-06-27 04:45:00+00:00,1704.8726505737013
2024-06-27 05:45:00+00:00,1685.5356513220572
2024-06-27 06:45:00+00:00,1682.422200552918
2024-06-27 07:45:00+00:00,1680.2432432690234
2024-06-27 08:45:00+00:00,1681.0583324367408
2024-06-27 09:45:00+00:00,1695.558823482276
2024-06-28 03:45:00+00:00,1699.2663060788395
2024-06-28 04:45:00+00:00,1678.5934403850838
2024-06-28 05:45:00+00:00,1653.6693039487238
2024-06-28 06:45:00+00:00,1653.4358155097443
2024-06-28 07:45:00+00:00,1636.2290821408203
2024-06-28 08:45:00+00:00,1643.701046672657
2024-06-28 09:45:00+00:00,1622.443779175119
2024-07-01 03:45:00+00:00,1596.6113647646025
2024-07-01 04:45:00+00:00,1596.4231479192945
2024-07-01 05:45:00+00:00,1616.0799908454774
2024-07-01 06:45:00+00:00,1604.483537011851
2024-07-01 07:45:00+00:00,1593.9633153741258
2024-07-01 08:45:00+00:00,1616.1284780219191
2024-07-01 09:45:00+00:00,1642.904914324069
2024-07-02 03:45:00+00:00,1656.8128691504498
2024-07-02 04:45:00+00:00,1640.4964902683812
2024-07-02 05:45:00+00:00,1643.3981302118848
2024-07-02 06:45:00+00:00,1675.1610503807547
2024-07-02 07:45:00+00:00,1659.9606679799913
2024-07-02 08:45:00+00:00,1646.5608653603085
2024-07-02 09:45:00+00:00,1630.026971668169
2024-07-03 03:45:00+00:00,1634.369243591532
2024-07-03 04:45:00+00:00,1622.5821280067937
2024-07-03 05:45:00+00:00,1636.1760601156484
2024-07-03 06:45:00+00:00,1618.7163495392163
2024-07-03 07:45:00+00:00,1629.548706382268
2024-07-03 08:45:00+00:00,1669.512566242704
2024-07-03 09:45:00+00:00,1690.8627396960364
2024-07-04 03:45:00+00:00,1681.445515514704
2024-07-04 04:45:00+00:00,1680.3571930257322
2024-07-04 05:45:00+00:00,1660.5229121633274
2024-07-04 06:45:00+00:00,1659.349314650026
2024-07-04 07:45:00+00:00,1665.4100226172613
2024-07-04 08:45:00+00:00,1631.2973178182958
2024-07-04 09:45:00+00:00,1631.5247986369097
2024-07-05 03:45:00+00:00,1632.7706071815296
2024-07-05 04:45:00+00:00,1622.1439424771688
2024-07-05 05:45:00+00:00,1615.6349204101527
2024-07-05 06:45:00+00:00,1601.2983518538877
2024-07-05 07:45:00+00:00,1585.5129675705891
2024-07-05 08:45:00+00:00,1595.8575579264702
2024-07-05 09:45:00+00:00,1593.9665119248411
2024-07-08 03:45:00+00:00,1599.644544855698
2024-07-08 04:45:00+00:00,1588.141064730502
2024-07-08 05:45:00+00:00,1594.0037347461096
2024-07-08 06:45:00+00:00,1571.9435096956536
2024-07-08 07:45:00+00:00,1562.2539908721114
2024-07-08 08:45:00+00:00,1572.963477589707
2024-07-08 09:45:00+00:00,1572.590452603051
2024-07-09 03:45:00+00:00,1563.3861008503698
2024-07-09 04:45:00+00:00,1574.8503895369754
2024-07-09 05:45:00+00:00,1604.2153250657857
2024-07-09 06:45:00+00:00,1622.8129367471774
2024-07-09 07:45:00+00:00,1652.7811746112873
2024-07-09 08:45:00+00:00,1637.7276653128417
2024-07-09 09:45:00+00:00,1637.2844952053624
2024-07-10 03:45:00+00:00,1636.2784544255676
2024-07-10 04:45:00+00:00,1666.957490141775
2024-07-10 05:45:00+00:00,1682.5435640435153
2024-07-10 06:45:00+00:00,1681.1664264054193
2024-07-10 07:45:00+00:00,1688.7480786136214
2024-07-10 08:45:00+00:00,1690.6418958975871
2024-07-10 09:45:00+00:00,1716.262951682951
2024-07-11 03:45:00+00:00,1738.4526082525979
2024-07-11 04:45:00+00:00,1748.5896038937396
2024-07-11 05:45:00+00:00,1756.6951552711841
2024-07-11 06:45:00+00:00,1779.9760688285062
2024-07-11 07:45:00+00:00,1806.920220225742
2024-07-11 08:45:00+00:00,1824.011734229336
2024-07-11 09:45:00+00:00,1835.5491709943522
2024-07-12 03:45:00+00:00,1859.66642981966
2024-07-12 04:45:00+00:00,1848.2789727335314
2024-07-12 05:45:00+00:00,1864.6554114508667
2024-07-12 06:45:00+00:00,1867.7549365079144
2024-07-12 07:45:00+00:00,1895.8868032276769
2024-07-12 08:45:00+00:00,1907.4518670549726
2024-07-12 09:45:00+00:00,1906.225832467289
2024-07-15 04:45:00+00:00,1900.4744339115784
2024-07-15 05:45:00+00:00,1920.7005001120071
2024-07-15 06:45:00+00:00,1947.2830614146565
2024-07-15 07:45:00+00:00,1938.9344932019444
2024-07-15 08:45:00+00:00,1909.3394404224443
2024-07-15 09:45:00+00:00,1882.4533917292208
2024-07-16 03:45:00+00:00,1895.6370946879354
2024-07-16 04:45:00+00:00,1872.1017101704676
2024-07-16 05:45:00+00:00,1865.8690972718564
2024-07-16 06:45:00+00:00,1843.8460954133586
2024-07-16 07:45:00+00:00,1859.2532188234295
2024-07-16 08:45:00+00:00,1868.8826543231505
2024-07-16 09:45:00+00:00,1863.3587961776946
2024-07-18 03:45:00+00:00,1871.4479606182679
2024-07-18 04:45:00+00:00,1894.4285413224113
2024-07-18 05:45:00+00:00,1903.9912566669163
2024-07-18 06:45:00+00:00,1904.09431188683
2024-07-18 07:45:00+00:00,1884.8237682260628
2024-07-18 08:45:00+00:00,1888.0975152523558
2024-07-18 09:45:00+00:00,1876.676161983493
2024-07-19 03:45:00+00:00,1857.8501351941645
2024-07-19 04:45:00+00:00,1832.5388413471053
2024-07-19 05:45:00+00:00,1825.512828016865
2024-07-19 06:45:00+00:00,1828.301354777709
2024-07-19 07:45:00+00:00,1821.3365240779656
2024-07-19 08:45:00+00:00,1816.4272059490297
2024-07-19 09:45:00+00:00,1787.3376288784516
2024-07-22 03:45:00+00:00,1796.5532717183187
2024-07-22 04:45:00+00:00,1797.7934938611018
2024-07-22 05:45:00+00:00,1807.5935056013725
2024-07-22 06:45:00+00:00,1829.4278690849392
2024-07-22 07:45:00+00:00,1813.8857504111734
2024-07-22 08:45:00+00:00,1797.9959434880882
2024-07-22 09:45:00+00:00,1800.01283903684
2024-07-23 03:45:00+00:00,1792.6509632812702
2024-07-23 04:45:00+00:00,1807.4244702561841
2024-07-23 05:45:00+00:00,1803.96180482101
2024-07-23 06:45:00+00:00,1792.8150525488336
2024-07-23 07:45:00+00:00,1826.8126721436558
2024-07-23 08:45:00+00:00,1809.5036076680033
2024-07-23 09:45:00+00:00,1809.8497629151686
2024-07-24 03:45:00+00:00,1807.8627448833427
2024-07-24 04:45:00+00:00,1808.4295286909046
2024-07-24 05:45:00+00:00,1819.5038627898489
2024-07-24 06:45:00+00:00,1820.206802270229
2024-07-24 07:45:00+00:00,1818.5093248490587
2024-07-24 08:45:00+00:00,1812.219922148137
2024-07-24 09:45:00+00:00,1832.1802436016662
2024-07-25 03:45:00+00:00,1815.6749517504265
2024-07-25 04:45:00+00:00,1799.7834930237295
2024-07-25 05:45:00+00:00,1805.2278882998908
2024-07-25 06:45:00+00:00,1813.560198904095
2024-07-25 07:45:00+00:00,1818.6892111634954
2024-07-25 08:45:00+00:00,1815.8732680073947
2024-07-25 09:45:00+00:00,1835.748174127344
2024-07-26 03:45:00+00:00,1847.1935417375907
2024-07-26 04:45:00+00:00,1848.8424262011538
2024-07-26 05:45:00+00:00,1835.8490849291913
2024-07-26 06:45:00+00:00,1846.3389193000542
2024-07-26 07:45:00+00:00,1860.8970419144791
2024-07-26 08:45:00+00:00,1870.0342680385952
2024-07-26 09:45:00+00:00,1861.7143433238707
2024-07-29 03:45:00+00:00,1862.284943904075
2024-07-29 04:45:00+00:00,1842.479478241543
2024-07-29 05:45:00+00:00,1823.5289183412674
2024-07-29 06:45:00+00:00,1784.6968524803046
2024-07-29 07:45:00+00:00,1786.861052454436
2024-07-29 08:45:00+00:00,1803.4150959760864
2024-07-29 09:45:00+00:00,1770.09795855492
2024-07-30 03:45:00+00:00,1768.9288011607177
2024-07-30 04:45:00+00:00,1743.4507379599866
2024-07-30 05:45:00+00:00,1742.0022753373737
2024-07-30 06:45:00+00:00,1735.1573808611645
2024-07-30 07:45:00+00:00,1752.1088659752784
2024-07-30 08:45:00+00:00,1777.7252912803983
2024-07-30 09:45:00+00:00,1769.4530048470376
2024-07-31 03:45:00+00:00,1770.0265363757537
2024-07-31 04:45:00+00:00,1780.6615822620195
2024-07-31 05:45:00+00:00,1790.4352540418492
2024-07-31 06:45:00+00:00,1782.1676072116718
2024-07-31 07:45:00+00:00,1767.5228052705986
2024-07-31 08:45:00+00:00,1750.5914892758328
2024-07-31 09:45:00+00:00,1735.149841083137
2024-08-01 03:45:00+00:00,1761.706596701328
2024-08-01 04:45:00+00:00,1780.271735070835
2024-08-01 05:45:00+00:00,1778.205345478117
2024-08-01 06:45:00+00:00,1741.1732317645517
2024-08-01 07:45:00+00:00,1735.5446374317646
2024-08-01 08:45:00+00:00,1736.3534545974148
2024-08-01 09:45:00+00:00,1755.373042399103
2024-08-02 03:45:00+00:00,1769.995380798479
2024-08-02 04:45:00+00:00,1777.7275224430784
2024-08-02 05:45:00+00:00,1791.3029647160279
2024-08-02 06:45:00+00:00,1807.56663591494
2024-08-02 07:45:00+00:00,1814.971486733115
2024-08-02 08:45:00+00:00,1807.911164586056
2024-08-02 09:45:00+00:00,1804.5347810886983
2024-08-05 03:45:00+00:00,1792.234930853846
2024-08-05 04:45:00+00:00,1785.3598646035095
2024-08-05 05:45:00+00:00,1785.5729047552884
2024-08-05 06:45:00+00:00,1798.3414704885959
2024-08-05 07:45:00+00:00,1784.3109783456837
2024-08-05 08:45:00+00:00,1812.9827060236207
2024-08-05 09:45:00+00:00,1840.8391058752748
2024-08-06 03:45:00+00:00,1870.0439654338695
2024-08-06 04:45:00+00:00,1864.9892302401531
2024-08-06 05:45:00+00:00,1865.9998204133524
2024-08-06 06:45:00+00:00,1878.0914778363676
2024-08-06 07:45:00+00:00,1874.0789972956875
2024-08-06 08:45:00+00:00,1860.42150144574
2024-08-06 09:45:00+00:00,1845.9889390734706
2024-08-07 03:45:00+00:00,1848.3632641675067
2024-08-07 04:45:00+00:00,1841.687735992025
2024-08-07 05:45:00+00:00,1842.1819776183038
2024-08-07 06:45:00+00:00,1904.3626637620953
2024-08-07 07:45:00+00:00,1888.6488625481065
2024-08-07 08:45:00+00:00,1904.790889138872
2024-08-07 09:45:00+00:00,1876.5416255912571
2024-08-08 03:45:00+00:00,1888.894486894589
2024-08-08 04:45:00+00:00,1886.9150299429105
2024-08-08 05:45:00+00:00,1897.3120625534732
2024-08-08 06:45:00+00:00,1903.5188403298987
2024-08-08 07:45:00+00:00,1907.5323477159732
2024-08-08 08:45:00+00:00,1920.7068155283278
2024-08-08 09:45:00+00:00,1961.7293622230575
2024-08-09 03:45:00+00:00,1944.5967420390464
2024-08-09 04:45:00+00:00,1955.3862006004522
2024-08-09 05:45:00+00:00,1944.0650024455313
2024-08-09 06:45:00+00:00,1948.8895667545682
2024-08-09 07:45:00+00:00,1950.090503492401
2024-08-09 08:45:00+00:00,1933.7875421669157
2024-08-09 09:45:00+00:00,1958.2205928551707
2024-08-12 03:45:00+00:00,1993.2076794788004
2024-08-12 04:45:00+00:00,2010.5741678953566
2024-08-12 05:45:00+00:00,1991.3123995961307
2024-08-12 06:45:00+00:00,1977.1534244119819
2024-08-12 07:45:00+00:00,1968.2793561939764
2024-08-12 08:45:00+00:00,1966.6306153823823
2024-08-12 09:45:00+00:00,1956.6659066997465
2024-08-13 03:45:00+00:00,1940.2829565432587
2024-08-13 04:45:00+00:00,1946.7742292128264
2024-08-13 05:45:00+00:00,1954.5430617257784
2024-08-13 06:45:00+00:00,1972.9065841882157
2024-08-13 07:45:00+00:00,1988.3014213246213
2024-08-13 08:45:00+00:00,1984.4104431652697
2024-08-13 09:45:00+00:00,1993.7859321071671
2024-08-14 03:45:00+00:00,1993.5076680132775
2024-08-14 04:45:00+00:00,1982.859120692303
2024-08-14 05:45:00+00:00,1977.9311692417994
2024-08-14 06:45:00+00:00,1976.3047729915813
2024-08-14 07:45:00+00:00,1970.79573457924
2024-08-14 08:45:00+00:00,1982.1990075926385
2024-08-14 09:45:00+00:00,1969.0367684530288
2024-08-16 03:45:00+00:00,1978.3207831305451
2024-08-16 04:45:00+00:00,1975.0428047950334
2024-08-16 05:45:00+00:00,1982.6865111379323
2024-08-16 06:45:00+00:00,1964.148283529986
2024-08-16 07:45:00+00:00,1975.8278412758975
2024-08-16 08:45:00+00:00,1946.9052709376224
2024-08-16 09:45:00+00:00,1958.687379936948
2024-08-19 03:45:00+00:00,1944.2414896410146
2024-08-19 04:45:00+00:00,1969.1667682060101
2024-08-19 05:45:00+00:00,1978.3365449768028
2024-08-19 06:45:00+00:00,2004.3224688834223
2024-08-19 07:45:00+00:00,2023.0341430547999
2024-08-19 08:45:00+00:00,2027.008647455448
2024-08-19 09:45:00+00:00,2029.9297068708888
2024-08-20 03:45:00+00:00,2014.4830938203172
2024-08-20 04:45:00+00:00,2019.1568581899508
2024-08-20 05:45:00+00:00,2017.0557598976523
2024-08-20 06:45:00+00:00,2002.1369022089498
2024-08-20 07:45:00+00:00,1986.795798517482
2024-08-20 08:45:00+00:00,2001.5823294604943
2024-08-20 09:45:00+00:00,1997.3407117149875
2024-08-21 03:45:00+00:00,2018.9148238801736
2024-08-21 04:45:00+00:00,1996.7422388041193
2024-08-21 05:45:00+00:00,1994.1758493127236
2024-08-21 06:45:00+00:00,2000.6403126035034
2024-08-21 07:45:00+00:00,2005.8809030376674
2024-08-21 08:45:00+00:00,2005.9136860759947
2024-08-21 09:45:00+00:00,2001.2604256348789
2024-08-22 03:45:00+00:00,2015.1304443859003
2024-08-22 04:45:00+00:00,2013.8049005221278
2024-08-22 05:45:00+00:00,2009.216188838049
2024-08-22 06:45:00+00:00,1982.5256353201114
2024-08-22 07:45:00+00:00,2000.3172306574404
2024-08-22 08:45:00+00:00,1981.14495410678
2024-08-22 09:45:00+00:00,1972.4015197747265
2024-08-23 03:45:00+00:00,1959.746230320414
2024-08-23 04:45:00+00:00,1955.6782773901757
2024-08-23 05:45:00+00:00,1953.79835633049
2024-08-23 06:45:00+00:00,1950.2350689384164
2024-08-23 07:45:00+00:00,1942.2492365668884
2024-08-23 08:45:00+00:00,1969.3135702225243
2024-08-23 09:45:00+00:00,1969.2256366059244
2024-08-26 03:45:00+00:00,1981.2423134187795
2024-08-26 04:45:00+00:00,2003.4294487128873
2024-08-26 05:45:00+00:00,1990.4556243080401
2024-08-26 06:45:00+00:00,2022.945380962218
2024-08-26 07:45:00+00:00,2027.3029572145215
2024-08-26 08:45:00+00:00,2013.4499453246665
2024-08-26 09:45:00+00:00,2018.2527682731927
2024-08-27 03:45:00+00:00,1998.120723324092
2024-08-27 04:45:00+00:00,1973.929878296335
2024-08-27 05:45:00+00:00,1949.1697936286737
2024-08-27 06:45:00+00:00,1968.2898685551704
2024-08-27 07:45:00+00:00,1987.233052306813
2024-08-27 08:45:00+00:00,1967.84210424575
2024-08-27 09:45:00+00:00,1940.2418354390657
2024-08-28 03:45:00+00:00,1933.790823818685
2024-08-28 04:45:00+00:00,1938.69087611085
2024-08-28 05:45:00+00:00,1930.1385332749269
2024-08-28 06:45:00+00:00,1916.20697932067
2024-08-28 07:45:00+00:00,1898.1879977450253
2024-08-28 08:45:00+00:00,1897.6500230513363
2024-08-28 09:45:00+00:00,1889.8462158434302
2024-08-29 03:45:00+00:00,1912.7992964113319
2024-08-29 04:45:00+00:00,1922.3713643622054
2024-08-29 05:45:00+00:00,1914.3931587447532
2024-08-29 06:45:00+00:00,1906.5744585654109
2024-08-29 07:45:00+00:00,1911.781892362268
2024-08-29 08:45:00+00:00,1927.7217948326693
2024-08-29 09:45:00+00:00,1970.7102690401377
2024-08-30 03:45:00+00:00,1995.3545966900938
2024-08-30 04:45:00+00:00,1969.4483803391804
2024-08-30 05:45:00+00:00,1983.5769028884158
2024-08-30 06:45:00+00:00,1973.0556555862752
2024-08-30 07:45:00+00:00,1979.6326098376037
2024-08-30 08:45:00+00:00,1955.2732234213895
2024-08-30 09:45:00+00:00,1988.5976651642309
2024-09-02 03:45:00+00:00,1992.7447911581698
2024-09-02 04:45:00+00:00,1980.9626340881923
2024-09-02 05:45:00+00:00,2006.4643565883136
2024-09-02 06:45:00+00:00,1993.9164331809309
2024-09-02 07:45:00+00:00,1987.397214746002
2024-09-02 08:45:00+00:00,1990.351795983842
2024-09-02 09:45:00+00:00,1973.6812768248408
2024-09-03 03:45:00+00:00,1950.8946006327699
2024-09-03 04:45:00+00:00,1965.045315645565
2024-09-03 05:45:00+00:00,1942.6768494075857
2024-09-03 06:45:00+00:00,1964.1944777974782
2024-09-03 07:45:00+00:00,1974.3292643772934
2024-09-03 08:45:00+00:00,1988.625389847331
2024-09-03 09:45:00+00:00,1996.2537772473347
2024-09-04 03:45:00+00:00,2011.6305356832872
2024-09-04 04:45:00+00:00,2006.1280398997435
2024-09-04 05:45:00+00:00,1991.4027308723187
2024-09-04 06:45:00+00:00,2029.1428373070614
2024-09-04 07:45:00+00:00,2054.8511896323266
2024-09-04 08:45:00+00:00,2063.1313601953793
2024-09-04 09:45:00+00:00,2078.9054160943997
2024-09-05 03:45:00+00:00,2081.2914498347022
2024-09-05 04:45:00+00:00,2064.3137553360116
2024-09-05 05:45:00+00:00,2028.3837423941682
2024-09-05 06:45:00+00:00,1995.2996007854645
2024-09-05 07:45:00+00:00,2003.522247428009
2024-09-05 08:45:00+00:00,2033.3374857993158
2024-09-05 09:45:00+00:00,2054.0229505784673
2024-09-06 03:45:00+00:00,2075.6879275815245
2024-09-06 04:45:00+00:00,2081.0295794738827
2024-09-06 05:45:00+00:00,2087.8747276727813
2024-09-06 06:45:00+00:00,2092.942103746374
2024-09-06 07:45:00+00:00,2111.773736474284
2024-09-06 08:45:00+00:00,2092.8412794303363
2024-09-06 09:45:00+00:00,2117.448317772609
2024-09-09 03:45:00+00:00,2078.8748971080568
2024-09-09 04:45:00+00:00,2093.0849985583645
2024-09-09 05:45:00+00:00,2071.5628078150053
2024-09-09 06:45:00+00:00,2102.7060273406955
2024-09-09 07:45:00+00:00,2097.083630607766
2024-09-09 08:45:00+00:00,2083.9652414748934
2024-09-09 09:45:00+00:00,2090.717681235965
2024-09-10 03:45:00+00:00,2095.4132080396303
2024-09-10 04:45:00+00:00,2112.0399468180453
2024-09-10 05:45:00+00:00,2109.5763508950863
2024-09-10 06:45:00+00:00,2118.8446065555513
2024-09-10 07:45:00+00:00,2113.061037684944
2024-09-10 08:45:00+00:00,2118.9517413793533
2024-09-10 09:45:00+00:00,2135.848693129222
2024-09-11 03:45:00+00:00,2131.2798073138365
2024-09-11 04:45:00+00:00,2121.220021113353
2024-09-11 05:45:00+00:00,2125.082481263005
2024-09-11 06:45:00+00:00,2125.7415882702517
2024-09-11 07:45:00+00:00,2124.7644628534567
2024-09-11 08:45:00+00:00,2111.2861996454517
2024-09-11 09:45:00+00:00,2099.3213437250656
2024-09-12 03:45:00+00:00,2102.165497132489
2024-09-12 04:45:00+00:00,2089.048110337559
2024-09-12 05:45:00+00:00,2116.18103921202
2024-09-12 06:45:00+00:00,2122.6871248145194
2024-09-12 07:45:00+00:00,2135.0217767422096
2024-09-12 08:45:00+00:00,2151.7529417731757
2024-09-12 09:45:00+00:00,2160.6944846910997
2024-09-13 03:45:00+00:00,2154.6161709589046
2024-09-13 04:45:00+00:00,2144.41196544852
2024-09-13 05:45:00+00:00,2168.8227685309785
2024-09-13 06:45:00+00:00,2180.5219557045593
2024-09-13 07:45:00+00:00,2202.5750458374255
2024-09-13 08:45:00+00:00,2197.808948380363
2024-09-13 09:45:00+00:00,2177.992685410543
2024-09-16 03:45:00+00:00,2180.169600604969
2024-09-16 04:45:00+00:00,2175.220810765861
2024-09-16 05:45:00+00:00,2190.661309550983
2024-09-16 06:45:00+00:00,2187.7985415115804
2024-09-16 07:45:00+00:00,2183.247380140601
2024-09-16 08:45:00+00:00,2178.3474336152676
2024-09-16 09:45:00+00:00,2202.208997406465
2024-09-17 03:45:00+00:00,2201.3590876398753
2024-09-17 04:45:00+00:00,2204.6991664955353
2024-09-17 05:45:00+00:00,2234.1365745290123
2024-09-17 06:45:00+00:00,2246.6166962596526
2024-09-17 07:45:00+00:00,2253.3937101328993
2024-09-17 08:45:00+00:00,2238.9484474412598
2024-09-17 09:45:00+00:00,2257.5011751263737
2024-09-18 03:45:00+00:00,2270.6267549229424
2024-09-18 04:45:00+00:00,2271.1237038019963
2024-09-18 05:45:00+00:00,2280.9619029113505
2024-09-18 06:45:00+00:00,2268.936533653134
2024-09-18 07:45:00+00:00,2270.4343204437614
2024-09-18 08:45:00+00:00,2256.226284096885
2024-09-18 09:45:00+00:00,2255.3178072041537
2024-09-19 03:45:00+00:00,2262.966735139605
2024-09-19 04:45:00+00:00,2284.0504568037586
2024-09-19 05:45:00+00:00,2271.4590194377465
2024-09-19 06:45:00+00:00,2271.466423777709
2024-09-19 07:45:00+00:00,2258.2639700942336
2024-09-19 08:45:00+00:00,2267.144326016426
2024-09-19 09:45:00+00:00,2239.6152950941073
2024-09-20 03:45:00+00:00,2206.63684664272
2024-09-20 04:45:00+00:00,2236.513383585516
2024-09-20 05:45:00+00:00,2219.658134843211
2024-09-20 06:45:00+00:00,2223.645943362516
2024-09-20 07:45:00+00:00,2222.2837396577165
2024-09-20 08:45:00+00:00,2207.8076294857387
2024-09-20 09:45:00+00:00,2204.4306910756764
2024-09-23 03:45:00+00:00,2185.800026055751
2024-09-23 04:45:00+00:00,2197.1889619252483
2024-09-23 05:45:00+00:00,2214.1680357418554
2024-09-23 06:45:00+00:00,2187.5828045896938
2024-09-23 07:45:00+00:00,2188.9341086822396
2024-09-23 08:45:00+00:00,2170.9107892363645
2024-09-23 09:45:00+00:00,2140.7756468973157
2024-09-24 03:45:00+00:00,2162.952337142536
2024-09-24 04:45:00+00:00,2163.417975246528
2024-09-24 05:45:00+00:00,2147.93637132221
2024-09-24 06:45:00+00:00,2122.450601268635
2024-09-24 07:45:00+00:00,2111.9807833825935
2024-09-24 08:45:00+00:00,2116.004301950522
2024-09-24 09:45:00+00:00,2121.1815209560987
2024-09-25 03:45:00+00:00,2064.2303323870906
2024-09-25 04:45:00+00:00,2079.9879624196255
2024-09-25 05:45:00+00:00,2060.553519633017
2024-09-25 06:45:00+00:00,2031.031282136441
2024-09-25 07:45:00+00:00,2012.9909446673887
2024-09-25 08:45:00+00:00,2051.877098366408
2024-09-25 09:45:00+00:00,2020.3678721121541
2024-09-26 03:45:00+00:00,1994.2690709520596
2024-09-26 04:45:00+00:00,2010.9167596636805
2024-09-26 05:45:00+00:00,2005.6676089029747
2024-09-26 06:45:00+00:00,1993.2700787035626
2024-09-26 07:45:00+00:00,2002.9598322414308
2024-09-26 08:45:00+00:00,1996.7989728113923
2024-09-26 09:45:00+00:00,2011.543699646106
2024-09-27 03:45:00+00:00,2004.7452372830842
2024-09-27 04:45:00+00:00,2003.2563537961266
2024-09-27 05:45:00+00:00,2020.0456076480104
2024-09-27 06:45:00+00:00,2021.9027346898797
2024-09-27 07:45:00+00:00,2009.7364120340787
2024-09-27 08:45:00+00:00,1976.274515079627
2024-09-27 09:45:00+00:00,1956.3000112835552
2024-09-30 03:45:00+00:00,2018.3820949476817
2024-09-30 04:45:00+00:00,2053.4208330242795
2024-09-30 05:45:00+00:00,2051.319960504203
2024-09-30 06:45:00+00:00,2055.302144259738
2024-09-30 07:45:00+00:00,2073.742134250983
2024-09-30 08:45:00+00:00,2088.697175482691
2024-09-30 09:45:00+00:00,2092.6064496943563
2024-10-01 03:45:00+00:00,2082.9609652574554
2024-10-01 04:45:00+00:00,2056.3423744011784
2024-10-01 05:45:00+00:00,2053.211999551789
2024-10-01 06:45:00+00:00,2018.8059026057535
2024-10-01 07:45:00+00:00,2029.3517653428514
2024-10-01 08:45:00+00:00,2053.0465378669687
2024-10-01 09:45:00+00:00,2042.7796961873037
2024-10-03 03:45:00+00:00,2039.4484154903041
2024-10-03 04:45:00+00:00,2038.9430314795768
2024-10-03 05:45:00+00:00,2051.7717074015013
2024-10-03 06:45:00+00:00,2056.3881807112034
2024-10-03 07:45:00+00:00,2060.1472504144785
2024-10-03 08:45:00+00:00,2079.5741112780447
2024-10-03 09:45:00+00:00,2093.246791847204
2024-10-04 03:45:00+00:00,2114.1064570331405
2024-10-04 04:45:00+00:00,2103.8973743679394
2024-10-04 05:45:00+00:00,2121.11764739533
2024-10-04 06:45:00+00:00,2138.624233260544
2024-10-04 07:45:00+00:00,2161.368819929266
2024-10-04 08:45:00+00:00,2190.297940399172
2024-10-04 09:45:00+00:00,2208.6384019215557
2024-10-07 03:45:00+00:00,2265.868964451653
2024-10-07 04:45:00+00:00,2295.595790717629
2024-10-07 05:45:00+00:00,2313.99452839184
2024-10-07 06:45:00+00:00,2324.323707921414
2024-10-07 07:45:00+00:00,2313.6296266694253
2024-10-07 08:45:00+00:00,2302.143187735479
2024-10-07 09:45:00+00:00,2288.329344890384
2024-10-08 03:45:00+00:00,2295.378464369664
2024-10-08 04:45:00+00:00,2282.2432535919866
2024-10-08 05:45:00+00:00,2235.7047776315285
2024-10-08 06:45:00+00:00,2211.719077095042
2024-10-08 07:45:00+00:00,2189.0201617798352
2024-10-08 08:45:00+00:00,2167.2648971994754
2024-10-08 09:45:00+00:00,2146.859037820375
2024-10-09 03:45:00+00:00,2150.318890795022
2024-10-09 04:45:00+00:00,2121.5730422338106
2024-10-09 05:45:00+00:00,2138.6054795285772
2024-10-09 06:45:00+00:00,2137.828340939704
2024-10-09 07:45:00+00:00,2087.531588326949
2024-10-09 08:45:00+00:00,2114.3890672126745
2024-10-09 09:45:00+00:00,2105.772321610664
2024-10-10 03:45:00+00:00,2140.1072354460416
2024-10-10 04:45:00+00:00,2175.6743941924024
2024-10-10 05:45:00+00:00,2151.8806778819103
2024-10-10 06:45:00+00:00,2138.3499336045743
2024-10-10 07:45:00+00:00,2144.785219129236
2024-10-10 08:45:00+00:00,2146.891730411464
2024-10-10 09:45:00+00:00,2140.3605293486403
2024-10-11 03:45:00+00:00,2138.4410078368073
2024-10-11 04:45:00+00:00,2128.816893935669
2024-10-11 05:45:00+00:00,2119.7638106795403
2024-10-11 06:45:00+00:00,2121.291401334781
2024-10-11 07:45:00+00:00,2131.035371421131
2024-10-11 08:45:00+00:00,2140.3804483413396
2024-10-11 09:45:00+00:00,2143.001956633302
2024-10-14 03:45:00+00:00,2120.265652610729
2024-10-14 04:45:00+00:00,2118.18975852262
2024-10-14 05:45:00+00:00,2105.2671599151145
2024-10-14 06:45:00+00:00,2135.6956931652585
2024-10-14 07:45:00+00:00,2104.352771779241
2024-10-14 08:45:00+00:00,2115.1336404756025
2024-10-14 09:45:00+00:00,2114.1121857823196
2024-10-15 03:45:00+00:00,2089.4211980795267
2024-10-15 04:45:00+00:00,2094.4654413517096
2024-10-15 05:45:00+00:00,2101.0054072423577
2024-10-15 06:45:00+00:00,2112.452522107567
2024-10-15 07:45:00+00:00,2129.0978587147447
2024-10-15 08:45:00+00:00,2102.936336558637
2024-10-15 09:45:00+00:00,2109.6628622085423
2024-10-16 03:45:00+00:00,2087.1903120606603
2024-10-16 04:45:00+00:00,2077.114768576983
2024-10-16 05:45:00+00:00,2094.0049474587067
2024-10-16 06:45:00+00:00,2073.8987922519345
2024-10-16 07:45:00+00:00,2061.6124516472564
2024-10-16 08:45:00+00:00,2010.5817887286628
2024-10-16 09:45:00+00:00,1990.9794087221637
2024-10-17 03:45:00+00:00,2002.6962322261281
2024-10-17 04:45:00+00:00,2014.1327570883507
2024-10-17 05:45:00+00:00,1993.5513241120727
2024-10-17 06:45:00+00:00,2001.6399961023403
2024-10-17 07:45:00+00:00,2000.6431406865947
2024-10-17 08:45:00+00:00,2010.8856883533335
2024-10-17 09:45:00+00:00,2002.7928822836066
2024-10-18 03:45:00+00:00,2018.077542135197
2024-10-18 04:45:00+00:00,2033.4352051744283
2024-10-18 05:45:00+00:00,2032.3744079805367
2024-10-18 06:45:00+00:00,2040.7777961930453
2024-10-18 07:45:00+00:00,2064.8309586479663
2024-10-18 08:45:00+00:00,2038.1274263934074
2024-10-18 09:45:00+00:00,2022.4410734084347
2024-10-21 03:45:00+00:00,2040.8167836645255
2024-10-21 04:45:00+00:00,2032.8318427488234
2024-10-21 05:45:00+00:00,2043.8806659652994
2024-10-21 06:45:00+00:00,2056.20212439011
2024-10-21 07:45:00+00:00,2077.6222752387457
2024-10-21 08:45:00+00:00,2082.209139624822
2024-10-21 09:45:00+00:00,2098.4895374779367
2024-10-22 03:45:00+00:00,2087.8253645019295
2024-10-22 04:45:00+00:00,2101.306908686431
2024-10-22 05:45:00+00:00,2099.8187069909127
2024-10-22 06:45:00+00:00,2101.559184149502
2024-10-22 07:45:00+00:00,2111.1218370711454
2024-10-22 08:45:00+00:00,2101.78095394638
2024-10-22 09:45:00+00:00,2141.3487092451232
2024-10-23 03:45:00+00:00,2144.0870666878777
2024-10-23 04:45:00+00:00,2155.9593065131126
2024-10-23 05:45:00+00:00,2148.2503134151743
2024-10-23 06:45:00+00:00,2172.1396063221323
2024-10-23 07:45:00+00:00,2174.199931442641
2024-10-23 08:45:00+00:00,2178.650663604458
2024-10-23 09:45:00+00:00,2162.3246430004874
2024-10-24 03:45:00+00:00,2164.951295547003
2024-10-24 04:45:00+00:00,2152.93211325256
2024-10-24 05:45:00+00:00,2143.4818161152157
2024-10-24 06:45:00+00:00,2163.5286101448846
2024-10-24 07:45:00+00:00,2156.301459010558
2024-10-24 08:45:00+00:00,2175.305593267603
2024-10-24 09:45:00+00:00,2188.4110145397367
2024-10-25 03:45:00+00:00,2182.642424690334
2024-10-25 04:45:00+00:00,2194.6727580665365
2024-10-25 05:45:00+00:00,2196.3203236649374
2024-10-25 06:45:00+00:00,2192.350450492122
2024-10-25 07:45:00+00:00,2219.1293200927535
2024-10-25 08:45:00+00:00,2250.837790838018
2024-10-25 09:45:00+00:00,2238.526367861576
2024-10-28 03:45:00+00:00,2243.1529607761117
2024-10-28 04:45:00+00:00,2257.9154113826453
2024-10-28 05:45:00+00:00,2234.7239871671068
2024-10-28 06:45:00+00:00,2244.5733427553696
2024-10-28 07:45:00+00:00,2251.695547793554
2024-10-28 08:45:00+00:00,2234.591729551432
2024-10-28 09:45:00+00:00,2249.375606755551
2024-10-29 03:45:00+00:00,2276.3758322473236
2024-10-29 04:45:00+00:00,2239.6300066388535
2024-10-29 05:45:00+00:00,2233.4850018877814
2024-10-29 06:45:00+00:00,2218.3530498144587
2024-10-29 07:45:00+00:00,2229.2079885666385
2024-10-29 08:45:00+00:00,2252.616011402896
2024-10-29 09:45:00+00:00,2249.8871404348397
2024-10-30 03:45:00+00:00,2280.590351578386
2024-10-30 04:45:00+00:00,2283.095904938389
2024-10-30 05:45:00+00:00,2276.710780886134
2024-10-30 06:45:00+00:00,2256.633522079699
2024-10-30 07:45:00+00:00,2273.314818967481
2024-10-30 08:45:00+00:00,2247.0040873495764
2024-10-30 09:45:00+00:00,2261.9910401201055
2024-10-31 03:45:00+00:00,2251.4762412227124
2024-10-31 04:45:00+00:00,2261.7126837657274
2024-10-31 05:45:00+00:00,2235.2045421208113
2024-10-31 06:45:00+00:00,2226.8769095704974
2024-10-31 07:45:00+00:00,2214.6454426806813
2024-10-31 08:45:00+00:00,2246.8481777718707
2024-10-31 09:45:00+00:00,2218.530717735882
2024-11-04 03:45:00+00:00,2241.778766162165
2024-11-04 04:45:00+00:00,2258.938268441437
2024-11-04 05:45:00+00:00,2276.1647539625037
2024-11-04 06:45:00+00:00,2277.713120280152
2024-11-04 07:45:00+00:00,2273.094132135944
2024-11-04 08:45:00+00:00,2299.0766443399057
2024-11-04 09:45:00+00:00,2297.805404870554
2024-11-05 03:45:00+00:00,2281.623030932413
2024-11-05 04:45:00+00:00,2282.5231124867514
2024-11-05 05:45:00+00:00,2285.840461443147
2024-11-05 06:45:00+00:00,2282.4536855740325
2024-11-05 07:45:00+00:00,2297.46750035696
2024-11-05 08:45:00+00:00,2314.104079999581
2024-11-05 09:45:00+00:00,2306.5434460239208
2024-11-06 03:45:00+00:00,2272.5135063149614
2024-11-06 04:45:00+00:00,2274.23449511269
2024-11-06 05:45:00+00:00,2266.1532146520385
2024-11-06 06:45:00+00:00,2245.115730532339
2024-11-06 07:45:00+00:00,2246.927311294348
2024-11-06 08:45:00+00:00,2235.8367224164713
2024-11-06 09:45:00+00:00,2198.944018225306
2024-11-07 03:45:00+00:00,2170.205113614056
2024-11-07 04:45:00+00:00,2146.322911286641
2024-11-07 05:45:00+00:00,2168.340010184241
2024-11-07 06:45:00+00:00,2149.022272569187
2024-11-07 07:45:00+00:00,2147.155465493292
2024-11-07 08:45:00+00:00,2151.737512044498
2024-11-07 09:45:00+00:00,2142.680797734804
2024-11-08 03:45:00+00:00,2139.9468185039773
2024-11-08 04:45:00+00:00,2166.9931674297545
2024-11-08 05:45:00+00:00,2183.840278250285
2024-11-08 06:45:00+00:00,2187.4145593457633
2024-11-08 07:45:00+00:00,2210.243188043726
2024-11-08 08:45:00+00:00,2201.1281861301527
2024-11-08 09:45:00+00:00,2201.2886061460126
2024-11-11 03:45:00+00:00,2206.975705382107
2024-11-11 04:45:00+00:00,2216.589813335478
2024-11-11 05:45:00+00:00,2237.741360200018
2024-11-11 06:45:00+00:00,2225.162588898449
2024-11-11 07:45:00+00:00,2215.0288669547976
2024-11-11 08:45:00+00:00,2180.899672819063
2024-11-11 09:45:00+00:00,2160.2098989891397
2024-11-12 03:45:00+00:00,2166.162496479208
2024-11-12 04:45:00+00:00,2152.757029636173
2024-11-12 05:45:00+00:00,2135.6091783846587
2024-11-12 06:45:00+00:00,2132.794376931995
2024-11-12 07:45:00+00:00,2140.359146103724
2024-11-12 08:45:00+00:00,2119.57616562848
2024-11-12 09:45:00+00:00,2109.5428680558425
2024-11-13 03:45:00+00:00,2142.4652569897153
2024-11-13 04:45:00+00:00,2132.553805839459
2024-11-13 05:45:00+00:00,2113.7746298748375
2024-11-13 06:45:00+00:00,2116.887893396869
2024-11-13 07:45:00+00:00,2109.941199774712
2024-11-13 08:45:00+00:00,2100.79222807369
2024-11-13 09:45:00+00:00,2062.587681799031
2024-11-14 03:45:00+00:00,2066.9601445058515
2024-11-14 04:45:00+00:00,2050.2198029767883
2024-11-14 05:45:00+00:00,2045.5610239364023
2024-11-14 06:45:00+00:00,2032.73068622963
2024-11-14 07:45:00+00:00,2032.0920133622665
2024-11-14 08:45:00+00:00,2045.2517345279396
2024-11-14 09:45:00+00:00,2057.217369557986
2024-11-18 03:45:00+00:00,2052.5787825215775
2024-11-18 04:45:00+00:00,2037.8270999231809
2024-11-18 05:45:00+00:00,2032.8363219906335
2024-11-18 06:45:00+00:00,2021.880851515242
2024-11-18 07:45:00+00:00,2029.419908108496
2024-11-18 08:45:00+00:00,2024.0778815860292
2024-11-18 09:45:00+00:00,2026.4655035885567
2024-11-19 03:45:00+00:00,2061.7864905030997
2024-11-19 04:45:00+00:00,2052.7151686145417
2024-11-19 05:45:00+00:00,2056.849933386251
2024-11-19 06:45:00+00:00,2065.2180173553734
2024-11-19 07:45:00+00:00,2073.3720781291795
2024-11-19 08:45:00+00:00,2081.52671602189
2024-11-19 09:45:00+00:00,2082.975895410522
2024-11-21 03:45:00+00:00,2064.325111564932
2024-11-21 04:45:00+00:00,2082.2895922564107
2024-11-21 05:45:00+00:00,2072.6616678842415
2024-11-21 06:45:00+00:00,2074.434769517425
2024-11-21 07:45:00+00:00,2053.0517967472065
2024-11-21 08:45:00+00:00,2028.5307868292887
2024-11-21 09:45:00+00:00,2017.638252648622
2024-11-22 03:45:00+00:00,2011.5123241463134
2024-11-22 04:45:00+00:00,2005.1076105626476
2024-11-22 05:45:00+00:00,1980.9415901773689
2024-11-22 06:45:00+00:00,1996.5055765877653
2024-11-22 07:45:00+00:00,2019.9729009406517
2024-11-22 08:45:00+00:00,1985.0075707503022
2024-11-22 09:45:00+00:00,2005.2132302176503
2024-11-25 03:45:00+00:00,2012.5351428177237
2024-11-25 04:45:00+00:00,2040.0972277538576
2024-11-25 05:45:00+00:00,2031.047186984142
2024-11-25 06:45:00+00:00,2039.1686537965772
2024-11-25 07:45:00+00:00,2051.5849812715323
2024-11-25 08:45:00+00:00,2074.8258143624057
2024-11-25 09:45:00+00:00,2041.6302696473238
2024-11-26 03:45:00+00:00,2037.6125722596694
2024-11-26 04:45:00+00:00,2059.5845751230117
2024-11-26 05:45:00+00:00,2066.4123858746375
2024-11-26 06:45:00+00:00,2055.8660801861492
2024-11-26 07:45:00+00:00,2049.2408956466265
2024-11-26 08:45:00+00:00,2070.6038013651955
2024-11-26 09:45:00+00:00,2095.184689550888
2024-11-27 03:45:00+00:00,2077.284310543941
2024-11-27 04:45:00+00:00,2080.8132196942406
2024-11-27 05:45:00+00:00,2102.7286209189497
2024-11-27 06:45:00+00:00,2076.469218536928
2024-11-27 07:45:00+00:00,2080.363130969982
2024-11-27 08:45:00+00:00,2068.6308831874267
2024-11-27 09:45:00+00:00,2079.4336574780027
2024-11-28 03:45:00+00:00,2104.7100903596634
2024-11-28 04:45:00+00:00,2084.1810187752512
2024-11-28 05:45:00+00:00,2072.3276733784405
2024-11-28 06:45:00+00:00,2069.591853152346
2024-11-28 07:45:00+00:00,2062.743700314516
2024-11-28 08:45:00+00:00,2053.8037113542664
2024-11-28 09:45:00+00:00,2005.2332810397231
2024-11-29 03:45:00+00:00,2006.3685264400963
2024-11-29 04:45:00+00:00,2015.9253323055486
2024-11-29 05:45:00+00:00,2004.3689246221861
2024-11-29 06:45:00+00:00,1963.8267201088622
2024-11-29 07:45:00+00:00,1941.6307586832434
2024-11-29 08:45:00+00:00,1929.8992972995022
2024-11-29 09:45:00+00:00,1908.7964687397541
2024-12-02 03:45:00+00:00,1909.3475331911163
2024-12-02 04:45:00+00:00,1885.769446631654
2024-12-02 05:45:00+00:00,1895.9040072351743
2024-12-02 06:45:00+00:00,1867.3447918482684
2024-12-02 07:45:00+00:00,1901.2578227069773
2024-12-02 08:45:00+00:00,1905.4969218640283
2024-12-02 09:45:00+00:00,1917.9741797605009
2024-12-03 03:45:00+00:00,1908.78495339755
2024-12-03 04:45:00+00:00,1906.9512108175632
2024-12-03 05:45:00+00:00,1929.7271812335473
2024-12-03 06:45:00+00:00,1899.4947563252792
2024-12-03 07:45:00+00:00,1897.757969857662
2024-12-03 08:45:00+00:00,1906.5636440907233
2024-12-03 09:45:00+00:00,1900.5293578111016
2024-12-04 03:45:00+00:00,1910.9448225053884
2024-12-04 04:45:00+00:00,1914.8774964682834
2024-12-04 05:45:00+00:00,1907.4434554185957
2024-12-04 06:45:00+00:00,1889.5340452965713
2024-12-04 07:45:00+00:00,1887.9430518822708
2024-12-04 08:45:00+00:00,1882.644161686285
2024-12-04 09:45:00+00:00,1870.6902321144778
2024-12-05 03:45:00+00:00,1832.7750230355978
2024-12-05 04:45:00+00:00,1818.4565259436747
2024-12-05 05:45:00+00:00,1819.1980386668142
2024-12-05 06:45:00+00:00,1829.613702222833
2024-12-05 07:45:00+00:00,1837.4396457572652
2024-12-05 08:45:00+00:00,1829.547662095842
2024-12-05 09:45:00+00:00,1823.735918201683
2024-12-06 03:45:00+00:00,1822.9949510302476
2024-12-06 04:45:00+00:00,1829.674973496067
2024-12-06 05:45:00+00:00,1830.6007596255683
2024-12-06 06:45:00+00:00,1826.4269219609448
2024-12-06 07:45:00+00:00,1795.5689759574968
2024-12-06 08:45:00+00:00,1801.6279242193489
2024-12-06 09:45:00+00:00,1786.957169208871
2024-12-09 03:45:00+00:00,1777.9868391581324
2024-12-09 04:45:00+00:00,1797.98206604975
2024-12-09 05:45:00+00:00,1777.7036732192003
2024-12-09 06:45:00+00:00,1785.3702603007769
2024-12-09 07:45:00+00:00,1798.043968166307
2024-12-09 08:45:00+00:00,1771.1486420496547
2024-12-09 09:45:00+00:00,1756.2426402268438
2024-12-10 03:45:00+00:00,1752.1439688476394
2024-12-10 04:45:00+00:00,1744.7331042776657
2024-12-10 05:45:00+00:00,1738.2800464891245
2024-12-10 06:45:00+00:00,1726.4194347170956
2024-12-10 07:45:00+00:00,1722.9430447011953
2024-12-10 08:45:00+00:00,1730.5763840956254
2024-12-10 09:45:00+00:00,1732.8970098284958
2024-12-11 03:45:00+00:00,1732.9171812233012
2024-12-11 04:45:00+00:00,1713.404856256802
2024-12-11 05:45:00+00:00,1699.8266884638078
2024-12-11 06:45:00+00:00,1730.7868849214028
2024-12-11 07:45:00+00:00,1752.7866787392122
2024-12-11 08:45:00+00:00,1769.6740580088206
2024-12-11 09:45:00+00:00,1777.680453626306
2024-12-12 03:45:00+00:00,1767.7982513917116
2024-12-12 04:45:00+00:00,1807.0950859476852
2024-12-12 05:45:00+00:00,1785.965548497756
2024-12-12 06:45:00+00:00,1779.9272868596206
2024-12-12 07:45:00+00:00,1780.890707033243
2024-12-12 08:45:00+00:00,1771.6828254489646
2024-12-12 09:45:00+00:00,1771.0671274394047
2024-12-13 03:45:00+00:00,1782.403665599609
2024-12-13 04:45:00+00:00,1776.714485073495
2024-12-13 05:45:00+00:00,1760.5004582062709
2024-12-13 06:45:00+00:00,1750.879890144828
2024-12-13 07:45:00+00:00,1731.2448913576418
2024-12-13 08:45:00+00:00,1729.407808330712
2024-12-13 09:45:00+00:00,1736.683199035952
2024-12-16 03:45:00+00:00,1736.608240379286
2024-12-16 04:45:00+00:00,1715.7382424851403
2024-12-16 05:45:00+00:00,1699.2705656321154
2024-12-16 06:45:00+00:00,1712.9550522651496
2024-12-16 07:45:00+00:00,1733.9774007455794
2024-12-16 08:45:00+00:00,1768.731375143586
2024-12-16 09:45:00+00:00,1769.746226881048
2024-12-17 03:45:00+00:00,1787.6878486544538
2024-12-17 04:45:00+00:00,1791.7786162335406
2024-12-17 05:45:00+00:00,1778.0256864813555
2024-12-17 06:45:00+00:00,1781.0236150581732
2024-12-17 07:45:00+00:00,1768.0627485560178
2024-12-17 08:45:00+00:00,1780.8370022311437
2024-12-17 09:45:00+00:00,1759.569980664414
2024-12-18 03:45:00+00:00,1752.8441218337732
2024-12-18 04:45:00+00:00,1772.8470850173817
2024-12-18 05:45:00+00:00,1776.4942882918285
2024-12-18 06:45:00+00:00,1754.4592238583925
2024-12-18 07:45:00+00:00,1749.176741994532
2024-12-18 08:45:00+00:00,1757.6946854346652
2024-12-18 09:45:00+00:00,1760.4431003028728
2024-12-19 03:45:00+00:00,1751.5254961069895
2024-12-19 04:45:00+00:00,1742.9701233509277
2024-12-19 05:45:00+00:00,1763.3400983167755
2024-12-19 06:45:00+00:00,1776.8741781415415
2024-12-19 07:45:00+00:00,1768.3530877365408
2024-12-19 08:45:00+00:00,1752.9140840556468
2024-12-19 09:45:00+00:00,1745.815286189523
2024-12-20 03:45:00+00:00,1721.156176029263
2024-12-20 04:45:00+00:00,1715.613156253637
2024-12-20 05:45:00+00:00,1712.6008368847465
2024-12-20 06:45:00+00:00,1699.807810677269
2024-12-20 07:45:00+00:00,1686.6674152624275
2024-12-20 08:45:00+00:00,1694.8791545943643
2024-12-20 09:45:00+00:00,1689.9292648354353
2024-12-23 03:45:00+00:00,1684.4239286964778
2024-12-23 04:45:00+00:00,1670.1571396717243
2024-12-23 05:45:00+00:00,1656.5582635086755
2024-12-23 06:45:00+00:00,1654.2931512682762
2024-12-23 07:45:00+00:00,1667.4271688768456
2024-12-23 08:45:00+00:00,1681.782454967307
2024-12-23 09:45:00+00:00,1697.2134053770876
2024-12-24 03:45:00+00:00,1713.8143963249352
2024-12-24 04:45:00+00:00,1725.4403001108376
2024-12-24 05:45:00+00:00,1721.144213956371
2024-12-24 06:45:00+00:00,1710.6963742746875
2024-12-24 07:45:00+00:00,1727.0457350484794
2024-12-24 08:45:00+00:00,1719.912338062506
2024-12-24 09:45:00+00:00,1730.8403159348425
2024-12-26 03:45:00+00:00,1741.9336025557052
2024-12-26 04:45:00+00:00,1738.6593230140027
2024-12-26 05:45:00+00:00,1720.0365278780196
2024-12-26 06:45:00+00:00,1744.1424908895399
2024-12-26 07:45:00+00:00,1755.2888500553652
2024-12-26 08:45:00+00:00,1726.263271947572
2024-12-26 09:45:00+00:00,1747.1344296169236
2024-12-27 03:45:00+00:00,1750.9049382623105
2024-12-27 04:45:00+00:00,1777.528215498745
2024-12-27 05:45:00+00:00,1784.0078300415933
2024-12-27 06:45:00+00:00,1791.94788123438
2024-12-27 07:45:00+00:00,1800.8416972586751
2024-12-27 08:45:00+00:00,1804.0084661801984
2024-12-27 09:45:00+00:00,1794.2345660391131
2024-12-30 03:45:00+00:00,1770.2859125744208
2024-12-30 04:45:00+00:00,1769.5919061343905
2024-12-30 05:45:00+00:00,1765.7351570513645
2024-12-30 06:45:00+00:00,1775.784347674779
2024-12-30 07:45:00+00:00,1781.6150074633385
2024-12-30 08:45:00+00:00,1762.3126796354204
2024-12-30 09:45:00+00:00,1760.1705810281078
2024-12-31 03:45:00+00:00,1767.8332737048638
2024-12-31 04:45:00+00:00,1752.7670187419806
2024-12-31 05:45:00+00:00,1754.2123550488604
2024-12-31 06:45:00+00:00,1741.6603092881746
2024-12-31 07:45:00+00:00,1743.0590196034977
2024-12-31 08:45:00+00:00,1722.1635105230046
2024-12-31 09:45:00+00:00,1730.4929312999896
2025-01-01 03:45:00+00:00,1721.2414113548216
2025-01-01 04:45:00+00:00,1730.856380271817
2025-01-01 05:45:00+00:00,1739.7003599016136
2025-01-01 06:45:00+00:00,1719.3124733725597
2025-01-01 07:45:00+00:00,1713.013822061499
2025-01-01 08:45:00+00:00,1699.2733981538129
2025-01-01 09:45:00+00:00,1691.6926085784587
2025-01-02 03:45:00+00:00,1704.4521843274556
2025-01-02 04:45:00+00:00,1716.3909019816083
2025-01-02 05:45:00+00:00,1725.5425440534832
2025-01-02 06:45:00+00:00,1732.2303755805126
2025-01-02 07:45:00+00:00,1738.2799329495156
2025-01-02 08:45:00+00:00,1734.6904223937815
2025-01-02 09:45:00+00:00,1733.721390516739
2025-01-03 03:45:00+00:00,1740.5049962059056
2025-01-03 04:45:00+00:00,1717.8951162684311
2025-01-03 05:45:00+00:00,1738.5564591137763
2025-01-03 06:45:00+00:00,1726.639532189997
2025-01-03 07:45:00+00:00,1725.229510819561
2025-01-03 08:45:00+00:00,1732.2362835321337
2025-01-03 09:45:00+00:00,1742.1444319936923
2025-01-06 03:45:00+00:00,1733.450876585159
2025-01-06 04:45:00+00:00,1752.4618987302242
2025-01-06 05:45:00+00:00,1757.964728309221
2025-01-06 06:45:00+00:00,1765.5865291526434
2025-01-06 07:45:00+00:00,1742.0131315842214
2025-01-06 08:45:00+00:00,1723.6000494976788
2025-01-06 09:45:00+00:00,1717.3915717651917
2025-01-07 03:45:00+00:00,1712.9438824983517
2025-01-07 04:45:00+00:00,1700.2716343556208
2025-01-07 05:45:00+00:00,1719.180896263809
2025-01-07 06:45:00+00:00,1718.2223909672357
2025-01-07 07:45:00+00:00,1694.6914149761833
2025-01-07 08:45:00+00:00,1700.3457668509388
2025-01-07 09:45:00+00:00,1692.077721657322
2025-01-08 03:45:00+00:00,1692.3462915865086
2025-01-08 04:45:00+00:00,1670.0513199378795
2025-01-08 05:45:00+00:00,1656.9577696650847
2025-01-08 06:45:00+00:00,1644.589273100754
2025-01-08 07:45:00+00:00,1611.9220759885156
2025-01-08 08:45:00+00:00,1634.0122503082528
2025-01-08 09:45:00+00:00,1638.7245438751352
2025-01-09 03:45:00+00:00,1638.4967307930833
2025-01-09 04:45:00+00:00,1649.5612222726468
2025-01-09 05:45:00+00:00,1670.7653123060181
2025-01-09 06:45:00+00:00,1652.9461023407139
2025-01-09 07:45:00+00:00,1655.8536246251513
2025-01-09 08:45:00+00:00,1670.4970649242784
2025-01-09 09:45:00+00:00,1666.370079374923
2025-01-10 03:45:00+00:00,1678.70836042713
2025-01-10 04:45:00+00:00,1674.705686675833
2025-01-10 05:45:00+00:00,1661.6077392116347
2025-01-10 06:45:00+00:00,1667.3233101925432
2025-01-10 07:45:00+00:00,1655.2078197615515
2025-01-10 08:45:00+00:00,1653.352332070354
2025-01-10 09:45:00+00:00,1664.9219857554936
2025-01-13 03:45:00+00:00,1667.1055239566176
2025-01-13 04:45:00+00:00,1641.5617971574359
2025-01-13 05:45:00+00:00,1617.2091778271642
2025-01-13 06:45:00+00:00,1636.7756959887622
2025-01-13 07:45:00+00:00,1641.8859562706011
2025-01-13 08:45:00+00:00,1646.540926846503
2025-01-13 09:45:00+00:00,1622.937176755885
2025-01-14 03:45:00+00:00,1609.5225598339432
2025-01-14 04:45:00+00:00,1599.873022149086
2025-01-14 05:45:00+00:00,1589.5329473485046
2025-01-14 06:45:00+00:00,1577.7856370248542
2025-01-14 07:45:00+00:00,1559.6443306636645
2025-01-14 08:45:00+00:00,1575.327828978412
2025-01-14 09:45:00+00:00,1584.5957585537917
2025-01-15 03:45:00+00:00,1577.6969444712474
2025-01-15 04:45:00+00:00,1591.204405261479
2025-01-15 05:45:00+00:00,1618.825868952367
2025-01-15 06:45:00+00:00,1614.214081224373
2025-01-15 07:45:00+00:00,1612.1370069568484
2025-01-15 08:45:00+00:00,1600.9354986968242
2025-01-15 09:45:00+00:00,1595.0011092195082
2025-01-16 03:45:00+00:00,1595.80136286336
2025-01-16 04:45:00+00:00,1599.4263045316504
2025-01-16 05:45:00+00:00,1605.4281727484667
2025-01-16 06:45:00+00:00,1597.583320471787
2025-01-16 07:45:00+00:00,1592.0488202003492
2025-01-16 08:45:00+00:00,1588.8868064491496
2025-01-16 09:45:00+00:00,1606.7789600132835
2025-01-17 03:45:00+00:00,1595.2564966879372
2025-01-17 04:45:00+00:00,1607.7633906625724
2025-01-17 05:45:00+00:00,1607.3158857363344
2025-01-17 06:45:00+00:00,1623.6425460427376
2025-01-17 07:45:00+00:00,1610.4826730355546
2025-01-17 08:45:00+00:00,1609.0967930115667
2025-01-17 09:45:00+00:00,1609.8129363904407
2025-01-20 03:45:00+00:00,1633.327338038247
2025-01-20 04:45:00+00:00,1632.122327330822
2025-01-20 05:45:00+00:00,1612.8667214446975
2025-01-20 06:45:00+00:00,1600.2335198356366
2025-01-20 07:45:00+00:00,1589.5972782156355
2025-01-20 08:45:00+00:00,1598.864458783438
2025-01-20 09:45:00+00:00,1582.0305098816111
2025-01-21 03:45:00+00:00,1603.2776993998
2025-01-21 04:45:00+00:00,1602.1722995032308
2025-01-21 05:45:00+00:00,1593.5047484510692
2025-01-21 06:45:00+00:00,1612.117164940435
2025-01-21 07:45:00+00:00,1613.1617481355552
2025-01-21 08:45:00+00:00,1645.711193523962
2025-01-21 09:45:00+00:00,1641.7203519371128
2025-01-22 03:45:00+00:00,1640.7375202062508
2025-01-22 04:45:00+00:00,1661.9761135132228
2025-01-22 05:45:00+00:00,1642.5879793947975
2025-01-22 06:45:00+00:00,1629.282588708867
2025-01-22 07:45:00+00:00,1611.0393014147592
2025-01-22 08:45:00+00:00,1611.55587686281
2025-01-22 09:45:00+00:00,1589.787150450774
2025-01-23 03:45:00+00:00,1581.5509909215891
2025-01-23 04:45:00+00:00,1538.278277392971
2025-01-23 05:45:00+00:00,1527.0429127115806
2025-01-23 06:45:00+00:00,1531.0644377346218
2025-01-23 07:45:00+00:00,1514.198744236652
2025-01-23 08:45:00+00:00,1508.8282946735053
2025-01-23 09:45:00+00:00,1520.6100133885423
2025-01-24 03:45:00+00:00,1542.9391069834892
2025-01-24 04:45:00+00:00,1538.2015864049017
2025-01-24 05:45:00+00:00,1533.6297508732098
2025-01-24 06:45:00+00:00,1539.2293147405348
2025-01-24 07:45:00+00:00,1559.216882653591
2025-01-24 08:45:00+00:00,1563.0751733847696
2025-01-24 09:45:00+00:00,1541.7766643835303
2025-01-27 03:45:00+00:00,1534.5390446980093
2025-01-27 04:45:00+00:00,1530.7149267806578
2025-01-27 05:45:00+00:00,1526.0400886844113
2025-01-27 06:45:00+00:00,1526.3101156421376
2025-01-27 07:45:00+00:00,1545.5712697154513
2025-01-27 08:45:00+00:00,1563.946443823637
2025-01-27 09:45:00+00:00,1554.922135808627
2025-01-28 03:45:00+00:00,1563.3304034388264
2025-01-28 04:45:00+00:00,1576.5540981849208
2025-01-28 05:45:00+00:00,1568.3077511305933
2025-01-28 06:45:00+00:00,1546.5246770543156
2025-01-28 07:45:00+00:00,1556.771908316788
2025-01-28 08:45:00+00:00,1555.2821419690274
2025-01-28 09:45:00+00:00,1580.039174586991
2025-01-29 03:45:00+00:00,1602.9563240610773
2025-01-29 04:45:00+00:00,1572.101974800192
2025-01-29 05:45:00+00:00,1551.5000129325413
2025-01-29 06:45:00+00:00,1554.1155544365688
2025-01-29 07:45:00+00:00,1555.271589508867
2025-01-29 08:45:00+00:00,1569.1672190897925
2025-01-29 09:45:00+00:00,1573.4589227182726
2025-01-30 03:45:00+00:00,1571.0955196792775
2025-01-30 04:45:00+00:00,1575.3467299779347
2025-01-30 05:45:00+00:00,1579.3131195570443
2025-01-30 06:45:00+00:00,1595.0464384330246
2025-01-30 07:45:00+00:00,1592.480994990013
2025-01-30 08:45:00+00:00,1590.4434485129677
2025-01-30 09:45:00+00:00,1601.55512418246
2025-01-31 03:45:00+00:00,1609.1134904439512
2025-01-31 04:45:00+00:00,1584.4093474256722
2025-01-31 05:45:00+00:00,1594.863840264009
2025-01-31 06:45:00+00:00,1608.1355841918955
2025-01-31 07:45:00+00:00,1624.3556776156918
2025-01-31 08:45:00+00:00,1638.2872404930192
2025-01-31 09:45:00+00:00,1645.3712546886788
2025-02-03 03:45:00+00:00,1651.6641213654002
2025-02-03 04:45:00+00:00,1662.7597813730158
2025-02-03 05:45:00+00:00,1657.3452464393188
2025-02-03 06:45:00+00:00,1675.7375889736006
2025-02-03 07:45:00+00:00,1685.9682940447506
2025-02-03 08:45:00+00:00,1712.3241108573145
2025-02-03 09:45:00+00:00,1700.3885172372507
2025-02-04 03:45:00+00:00,1716.0630755510688
2025-02-04 04:45:00+00:00,1709.2685169464744
2025-02-04 05:45:00+00:00,1682.6085137091306
2025-02-04 06:45:00+00:00,1710.822410942282
2025-02-04 07:45:00+00:00,1713.424413099966
2025-02-04 08:45:00+00:00,1688.715926090909
2025-02-04 09:45:00+00:00,1706.1516493177724
2025-02-05 03:45:00+00:00,1697.1957141857422
2025-02-05 04:45:00+00:00,1707.2059725753645
2025-02-05 05:45:00+00:00,1713.527437315461
2025-02-05 06:45:00+00:00,1750.6721863612609
2025-02-05 07:45:00+00:00,1765.1582451153047
2025-02-05 08:45:00+00:00,1750.6905578041942
2025-02-05 09:45:00+00:00,1736.036311984012
2025-02-06 03:45:00+00:00,1757.290979983158
2025-02-06 04:45:00+00:00,1762.5817047281953
2025-02-06 05:45:00+00:00,1778.3089860622968
2025-02-06 06:45:00+00:00,1793.5303855461202
2025-02-06 07:45:00+00:00,1794.3303871180547
2025-02-06 08:45:00+00:00,1789.8884895981705
2025-02-06 09:45:00+00:00,1795.7850347240314
2025-02-07 03:45:00+00:00,1786.8819272842622
2025-02-07 04:45:00+00:00,1784.0147430158856
2025-02-07 05:45:00+00:00,1795.3804196898882
2025-02-07 06:45:00+00:00,1792.139405834389
2025-02-07 07:45:00+00:00,1806.468145819033
2025-02-07 08:45:00+00:00,1807.1072573357294
2025-02-07 09:45:00+00:00,1788.381965895671
2025-02-10 03:45:00+00:00,1782.8268037744472
2025-02-10 04:45:00+00:00,1767.4020394339811
2025-02-10 05:45:00+00:00,1766.1784536016835
2025-02-10 06:45:00+00:00,1761.5916969883722
2025-02-10 07:45:00+00:00,1731.479250964232
2025-02-10 08:45:00+00:00,1720.8835610469237
2025-02-10 09:45:00+00:00,1716.6603623701837
2025-02-11 03:45:00+00:00,1711.232005955023
2025-02-11 04:45:00+00:00,1707.0409502909422
2025-02-11 05:45:00+00:00,1697.7448411786895
2025-02-11 06:45:00+00:00,1726.6722024107796
2025-02-11 07:45:00+00:00,1728.9568305964924
2025-02-11 08:45:00+00:00,1756.3716241301245
2025-02-11 09:45:00+00:00,1741.9225351290345
2025-02-12 03:45:00+00:00,1752.8979198516724
2025-02-12 04:45:00+00:00,1754.5530948600183
2025-02-12 05:45:00+00:00,1768.6631700497837
2025-02-12 06:45:00+00:00,1747.9912114470246
2025-02-12 07:45:00+00:00,1731.9938607518075
2025-02-12 08:45:00+00:00,1755.7624176881677
2025-02-12 09:45:00+00:00,1757.2416892088809
2025-02-13 03:45:00+00:00,1725.801739094081
2025-02-13 04:45:00+00:00,1688.3475154632438
2025-02-13 05:45:00+00:00,1679.1881636536964
2025-02-13 06:45:00+00:00,1669.4218792973475
2025-02-13 07:45:00+00:00,1677.0739942577968
2025-02-13 08:45:00+00:00,1683.6895483811816
2025-02-13 09:45:00+00:00,1675.6536878490092
2025-02-14 03:45:00+00:00,1682.3684864860797
2025-02-14 04:45:00+00:00,1665.532651149509
2025-02-14 05:45:00+00:00,1649.4537386862805
2025-02-14 06:45:00+00:00,1637.2443963548708
2025-02-14 07:45:00+00:00,1641.3616355045488
2025-02-14 08:45:00+00:00,1664.5840028425516
2025-02-14 09:45:00+00:00,1666.4404503631795
2025-02-17 03:45:00+00:00,1672.930867810104
2025-02-17 04:45:00+00:00,1697.2326849261497
2025-02-17 05:45:00+00:00,1705.6789279578566
2025-02-17 06:45:00+00:00,1696.3603483046245
2025-02-17 07:45:00+00:00,1684.6877122606384
2025-02-17 08:45:00+00:00,1693.9180670684061
2025-02-17 09:45:00+00:00,1683.539048085688
2025-02-18 03:45:00+00:00,1688.0652875288195
2025-02-18 04:45:00+00:00,1691.6603358255938
2025-02-18 05:45:00+00:00,1680.2267050025682
2025-02-18 06:45:00+00:00,1683.1967636761224
2025-02-18 07:45:00+00:00,1681.92117442763
2025-02-18 08:45:00+00:00,1693.9715925639796
2025-02-18 09:45:00+00:00,1710.0535960841012
2025-02-19 03:45:00+00:00,1723.066076451128
2025-02-19 04:45:00+00:00,1711.0364991061863
2025-02-19 05:45:00+00:00,1704.7806664318036
2025-02-19 06:45:00+00:00,1714.740590185525
2025-02-19 07:45:00+00:00,1692.890019209183
2025-02-19 08:45:00+00:00,1691.5726874529994
2025-02-19 09:45:00+00:00,1689.3597355820227
2025-02-20 03:45:00+00:00,1699.5768185605168
2025-02-20 04:45:00+00:00,1698.885296093859
2025-02-20 05:45:00+00:00,1715.2476270798077
2025-02-20 06:45:00+00:00,1737.1364801273596
2025-02-20 07:45:00+00:00,1737.283894766683
2025-02-20 08:45:00+00:00,1701.337360182232
2025-02-20 09:45:00+00:00,1722.267410267202
2025-02-21 03:45:00+00:00,1746.6277404203838
2025-02-21 04:45:00+00:00,1727.3062834880668
2025-02-21 05:45:00+00:00,1731.1094232624569
2025-02-21 06:45:00+00:00,1738.4991200553043
2025-02-21 07:45:00+00:00,1727.3443696232616
2025-02-21 08:45:00+00:00,1745.8407870832375
2025-02-21 09:45:00+00:00,1734.1317481094684
2025-02-24 03:45:00+00:00,1706.863646130391
2025-02-24 04:45:00+00:00,1704.7858079699174
2025-02-24 05:45:00+00:00,1720.298303465153
2025-02-24 06:45:00+00:00,1723.0895900471296
2025-02-24 07:45:00+00:00,1702.1267354307433
2025-02-24 08:45:00+00:00,1714.7486573121425
2025-02-24 09:45:00+00:00,1720.545111530365
2025-02-25 03:45:00+00:00,1718.6072164098007
2025-02-25 04:45:00+00:00,1731.8600816345934
2025-02-25 05:45:00+00:00,1746.0521094557569
2025-02-25 06:45:00+00:00,1733.4968676163928
2025-02-25 07:45:00+00:00,1714.7346105926472
2025-02-25 08:45:00+00:00,1691.8971988956798
2025-02-25 09:45:00+00:00,1702.0734106147283
2025-02-27 03:45:00+00:00,1703.026469297137
2025-02-27 04:45:00+00:00,1698.1772877328203
2025-02-27 05:45:00+00:00,1699.8346856961246
2025-02-27 06:45:00+00:00,1693.9500296456702
2025-02-27 07:45:00+00:00,1677.44247472551
2025-02-27 08:45:00+00:00,1669.9379237566645
2025-02-27 09:45:00+00:00,1654.5346356945413
2025-02-28 03:45:00+00:00,1650.9213004440514
2025-02-28 04:45:00+00:00,1644.1012393888027
2025-02-28 05:45:00+00:00,1646.2518037233592
2025-02-28 06:45:00+00:00,1629.0072600232768
2025-02-28 07:45:00+00:00,1608.2904210011054
2025-02-28 08:45:00+00:00,1617.7305365095624
2025-02-28 09:45:00+00:00,1618.1912422051355
2025-03-03 03:45:00+00:00,1601.3674815737204
2025-03-03 04:45:00+00:00,1596.4150343227777
2025-03-03 05:45:00+00:00,1605.1960048800975
2025-03-03 06:45:00+00:00,1579.4772224895382
2025-03-03 07:45:00+00:00,1573.0868484848856
2025-03-03 08:45:00+00:00,1546.011674325225
2025-03-03 09:45:00+00:00,1520.217275273701
2025-03-04 03:45:00+00:00,1487.4476666621485
2025-03-04 04:45:00+00:00,1490.7170795136137
2025-03-04 05:45:00+00:00,1489.3683620927418
2025-03-04 06:45:00+00:00,1490.772549117065
2025-03-04 07:45:00+00:00,1494.9561695136554
2025-03-04 08:45:00+00:00,1484.8142221628887
2025-03-04 09:45:00+00:00,1515.4235426641715
2025-03-05 03:45:00+00:00,1517.480220511502
2025-03-05 04:45:00+00:00,1537.4310644678221
2025-03-05 05:45:00+00:00,1510.026853953444
2025-03-05 06:45:00+00:00,1511.0600124614373
2025-03-05 07:45:00+00:00,1517.473162070907
2025-03-05 08:45:00+00:00,1514.9462041548668
2025-03-05 09:45:00+00:00,1514.288675679341
2025-03-06 03:45:00+00:00,1503.9647917651607
2025-03-06 04:45:00+00:00,1496.1043444678744
2025-03-06 05:45:00+00:00,1501.2922944616773
2025-03-06 06:45:00+00:00,1492.5453289846546
2025-03-06 07:45:00+00:00,1510.2100173338188
2025-03-06 08:45:00+00:00,1530.4558914744036
2025-03-06 09:45:00+00:00,1528.2095732605944
2025-03-07 03:45:00+00:00,1519.375292657257
2025-03-07 04:45:00+00:00,1518.3794748283015
2025-03-07 05:45:00+00:00,1508.9853572412214
2025-03-07 06:45:00+00:00,1490.0771638320848
2025-03-07 07:45:00+00:00,1480.8489443198478
2025-03-07 08:45:00+00:00,1502.6606901038285
2025-03-07 09:45:00+00:00,1495.5402513754057
2025-03-10 03:45:00+00:00,1493.0265233842424
2025-03-10 04:45:00+00:00,1510.2676677543984
2025-03-10 05:45:00+00:00,1518.807328958103
2025-03-10 06:45:00+00:00,1544.4827968702098
2025-03-10 07:45:00+00:00,1548.531040443739
2025-03-10 08:45:00+00:00,1555.0921095578922
2025-03-10 09:45:00+00:00,1556.3901056542188
2025-03-11 03:45:00+00:00,1556.4933363104722
2025-03-11 04:45:00+00:00,1565.6364584454584
2025-03-11 05:45:00+00:00,1577.6944662145902
2025-03-11 06:45:00+00:00,1570.660200381787
2025-03-11 07:45:00+00:00,1581.6837370854676
2025-03-11 08:45:00+00:00,1581.5110792080145
2025-03-11 09:45:00+00:00,1592.225700941765
2025-03-12 03:45:00+00:00,1595.0240578120283
2025-03-12 04:45:00+00:00,1605.7536183871098
2025-03-12 05:45:00+00:00,1615.6368925953198
2025-03-12 06:45:00+00:00,1600.9349679326333
2025-03-12 07:45:00+00:00,1596.93782827251
2025-03-12 08:45:00+00:00,1611.023612048923
2025-03-12 09:45:00+00:00,1622.1517378516846
2025-03-13 03:45:00+00:00,1648.1302040980363
2025-03-13 04:45:00+00:00,1636.0174502516734
2025-03-13 05:45:00+00:00,1625.589075375983
2025-03-13 06:45:00+00:00,1650.8574427864444
2025-03-13 07:45:00+00:00,1636.1814804199646
2025-03-13 08:45:00+00:00,1650.7181672542863
2025-03-13 09:45:00+00:00,1649.6813481678014
2025-03-17 03:45:00+00:00,1647.7388648471124
2025-03-17 04:45:00+00:00,1629.0616771561033
2025-03-17 05:45:00+00:00,1613.8167904752522
2025-03-17 06:45:00+00:00,1613.8168938792935
2025-03-17 07:45:00+00:00,1600.8708516671331
2025-03-17 08:45:00+00:00,1597.947445055386
2025-03-17 09:45:00+00:00,1599.6350566311155
2025-03-18 03:45:00+00:00,1604.5878408039234
2025-03-18 04:45:00+00:00,1583.5712339162721
2025-03-18 05:45:00+00:00,1567.3031592136933
2025-03-18 06:45:00+00:00,1563.6283908764872
2025-03-18 07:45:00+00:00,1561.4848372612944
2025-03-18 08:45:00+00:00,1534.5394324849258
2025-03-18 09:45:00+00:00,1532.163090163078
2025-03-19 03:45:00+00:00,1548.2033550826523
2025-03-19 04:45:00+00:00,1547.0014156497953
2025-03-19 05:45:00+00:00,1531.4845836826219
2025-03-19 06:45:00+00:00,1532.0663187594553
2025-03-19 07:45:00+00:00,1517.4095216766061
2025-03-19 08:45:00+00:00,1537.0778864491588
2025-03-19 09:45:00+00:00,1569.1059771742462
2025-03-20 03:45:00+00:00,1555.0058148249443
2025-03-20 04:45:00+00:00,1539.5761718646552
2025-03-20 05:45:00+00:00,1549.009978536051
2025-03-20 06:45:00+00:00,1524.912895544115
2025-03-20 07:45:00+00:00,1532.998021323064
2025-03-20 08:45:00+00:00,1551.4770168581094
2025-03-20 09:45:00+00:00,1538.1157460595566
2025-03-21 03:45:00+00:00,1537.9153793784396
2025-03-21 04:45:00+00:00,1518.883292856291
2025-03-21 05:45:00+00:00,1529.895122039042
2025-03-21 06:45:00+00:00,1536.226337409625
2025-03-21 07:45:00+00:00,1538.7506148354144
2025-03-21 08:45:00+00:00,1547.6683742766045
2025-03-21 09:45:00+00:00,1573.2350706446323
2025-03-24 03:45:00+00:00,1567.5656227486095
2025-03-24 04:45:00+00:00,1565.2943546806396
2025-03-24 05:45:00+00:00,1570.9915491144318
2025-03-24 06:45:00+00:00,1555.7411000685681
2025-03-24 07:45:00+00:00,1554.9237368023519
2025-03-24 08:45:00+00:00,1577.6235715911791
2025-03-24 09:45:00+00:00,1588.5984581041942
2025-03-25 03:45:00+00:00,1606.2501189134373
2025-03-25 04:45:00+00:00,1580.897413197324
2025-03-25 05:45:00+00:00,1587.1363812429136
2025-03-25 06:45:00+00:00,1565.4213704026895
2025-03-25 07:45:00+00:00,1585.890912675548
2025-03-25 08:45:00+00:00,1592.287468886998
2025-03-25 09:45:00+00:00,1599.6500192660535
2025-03-26 03:45:00+00:00,1588.8685739746024
2025-03-26 04:45:00+00:00,1603.6244367936556
2025-03-26 05:45:00+00:00,1580.0514447676755
2025-03-26 06:45:00+00:00,1580.7844594893759
2025-03-26 07:45:00+00:00,1591.5380184626908
2025-03-26 08:45:00+00:00,1609.9552018136421
2025-03-26 09:45:00+00:00,1597.8760723168634
2025-03-27 03:45:00+00:00,1582.830079315484
2025-03-27 04:45:00+00:00,1575.581180772262
2025-03-27 05:45:00+00:00,1600.096240115541
2025-03-27 06:45:00+00:00,1605.4545792713081
2025-03-27 07:45:00+00:00,1600.597540093936
2025-03-27 08:45:00+00:00,1598.9845770854647
2025-03-27 09:45:00+00:00,1602.370896913921
2025-03-28 03:45:00+00:00,1594.6943291764837
2025-03-28 04:45:00+00:00,1599.6744009784231
2025-03-28 05:45:00+00:00,1598.8752495068125
2025-03-28 06:45:00+00:00,1603.2106022836688
2025-03-28 07:45:00+00:00,1597.8249480965958
2025-03-28 08:45:00+00:00,1600.5062997950267
2025-03-28 09:45:00+00:00,1588.5217981470719
2025-04-01 03:45:00+00:00,1589.2157805710133
2025-04-01 04:45:00+00:00,1616.570373044587
2025-04-01 05:45:00+00:00,1599.832716180018
2025-04-01 06:45:00+00:00,1602.4397415716544
2025-04-01 07:45:00+00:00,1587.8643061079106
2025-04-01 08:45:00+00:00,1592.7357905532308
2025-04-01 09:45:00+00:00,1561.6634954568558
2025-04-02 03:45:00+00:00,1558.420671848748
2025-04-02 04:45:00+00:00,1564.3708938057387
2025-04-02 05:45:00+00:00,1566.0755044405348
2025-04-02 06:45:00+00:00,1583.5826296027217
2025-04-02 07:45:00+00:00,1563.0849125758152
2025-04-02 08:45:00+00:00,1566.7885441932349
2025-04-02 09:45:00+00:00,1556.6083914673688
2025-04-03 03:45:00+00:00,1565.333771182331
2025-04-03 04:45:00+00:00,1551.6616597296195
2025-04-03 05:45:00+00:00,1561.8903027030688
2025-04-03 06:45:00+00:00,1557.0988457955125
2025-04-03 07:45:00+00:00,1551.2485535300946
2025-04-03 08:45:00+00:00,1533.3250834440114
2025-04-03 09:45:00+00:00,1520.1664993043096
2025-04-04 03:45:00+00:00,1535.4479574310685
2025-04-04 04:45:00+00:00,1506.5484250625814
2025-04-04 05:45:00+00:00,1506.6266197911593
2025-04-04 06:45:00+00:00,1526.7943845090165
2025-04-04 07:45:00+00:00,1506.7915656797813
2025-04-04 08:45:00+00:00,1500.7540775945622
2025-04-04 09:45:00+00:00,1504.076032462802
2025-04-07 03:45:00+00:00,1500.611241532819
2025-04-07 04:45:00+00:00,1516.4781137984658
2025-04-07 05:45:00+00:00,1525.2975539174065
2025-04-07 06:45:00+00:00,1535.7931390577328
2025-04-07 07:45:00+00:00,1565.15935381166
2025-04-07 08:45:00+00:00,1577.7129417536212
2025-04-07 09:45:00+00:00,1586.8653835852197
2025-04-08 03:45:00+00:00,1559.8708897726851
2025-04-08 04:45:00+00:00,1577.808599467325
2025-04-08 05:45:00+00:00,1585.0575215455567
2025-04-08 06:45:00+00:00,1602.8774882220632
2025-04-08 07:45:00+00:00,1608.5135153816234
2025-04-08 08:45:00+00:00,1595.851558346498
2025-04-08 09:45:00+00:00,1589.904291522965
2025-04-09 03:45:00+00:00,1580.2179676486942
2025-04-09 04:45:00+00:00,1575.957427701844
2025-04-09 05:45:00+00:00,1558.7698269220818
2025-04-09 06:45:00+00:00,1573.2859339792815
2025-04-09 07:45:00+00:00,1565.7072914687817
2025-04-09 08:45:00+00:00,1548.9063537657073
2025-04-09 09:45:00+00:00,1542.1748659555665
2025-04-11 03:45:00+00:00,1560.0501849778125
2025-04-11 04:45:00+00:00,1545.9818123734601
2025-04-11 05:45:00+00:00,1547.0185376452432
2025-04-11 06:45:00+00:00,1540.2758708816598
2025-04-11 07:45:00+00:00,1554.6100300403482
2025-04-11 08:45:00+00:00,1552.4298197877074
2025-04-11 09:45:00+00:00,1580.6920043699718
2025-04-15 03:45:00+00:00,1578.6826577092263
2025-04-15 04:45:00+00:00,1565.5745859081758
2025-04-15 05:45:00+00:00,1568.9374440216027
2025-04-15 06:45:00+00:00,1584.0100485658809
2025-04-15 07:45:00+00:00,1591.0095929775991
2025-04-15 08:45:00+00:00,1584.5579894267626
2025-04-15 09:45:00+00:00,1597.3919252219591
2025-04-16 03:45:00+00:00,1587.5453102556648
2025-04-16 04:45:00+00:00,1582.87437161935
2025-04-16 05:45:00+00:00,1575.7365520508738
2025-04-16 06:45:00+00:00,1570.8391930449993
2025-04-16 07:45:00+00:00,1570.5107567146651
2025-04-16 08:45:00+00:00,1578.8787188682325
2025-04-16 09:45:00+00:00,1569.1731924901621
2025-04-17 03:45:00+00:00,1522.0336775086107
2025-04-17 04:45:00+00:00,1532.6710052458932
2025-04-17 05:45:00+00:00,1521.4197110078826
2025-04-17 06:45:00+00:00,1508.3516445233872
2025-04-17 07:45:00+00:00,1492.262641330142
2025-04-17 08:45:00+00:00,1481.3997232672255
2025-04-17 09:45:00+00:00,1496.0145991188958
2025-04-21 03:45:00+00:00,1497.0279779563423
2025-04-21 04:45:00+00:00,1485.6706751015986
2025-04-21 05:45:00+00:00,1492.3963418840021
2025-04-21 06:45:00+00:00,1506.0409309763309
2025-04-21 07:45:00+00:00,1521.1477557393664
2025-04-21 08:45:00+00:00,1534.0036055535625
2025-04-21 09:45:00+00:00,1554.7568323159871
2025-04-22 03:45:00+00:00,1543.200106782788
2025-04-22 04:45:00+00:00,1532.5219843824632
2025-04-22 05:45:00+00:00,1518.8944722777335
2025-04-22 06:45:00+00:00,1522.0247058883863
2025-04-22 07:45:00+00:00,1511.2054111092477
2025-04-22 08:45:00+00:00,1518.426707013229
2025-04-22 09:45:00+00:00,1532.9810329541622
2025-04-23 03:45:00+00:00,1547.3908830388289
2025-04-23 04:45:00+00:00,1547.193919346096
2025-04-23 05:45:00+00:00,1513.6452472103274
2025-04-23 06:45:00+00:00,1499.631592505963
2025-04-23 07:45:00+00:00,1507.7817925097
2025-04-23 08:45:00+00:00,1514.0625472561974
2025-04-23 09:45:00+00:00,1522.5628501047092
2025-04-24 03:45:00+00:00,1524.808078071498
2025-04-24 04:45:00+00:00,1512.1323101591554
2025-04-24 05:45:00+00:00,1512.811524260417
2025-04-24 06:45:00+00:00,1517.7630493429735
2025-04-24 07:45:00+00:00,1516.3139667856042
2025-04-24 08:45:00+00:00,1503.3142140726648
2025-04-24 09:45:00+00:00,1517.656400020922
2025-04-25 03:45:00+00:00,1533.1616373682114
2025-04-25 04:45:00+00:00,1511.0789590521356
2025-04-25 05:45:00+00:00,1496.5243475015857
2025-04-25 06:45:00+00:00,1487.0017489960533
2025-04-25 07:45:00+00:00,1487.4851993072357
2025-04-25 08:45:00+00:00,1466.9327804735533
2025-04-25 09:45:00+00:00,1465.470833692159
2025-04-28 03:45:00+00:00,1478.0090425608453
2025-04-28 04:45:00+00:00,1486.654088121216
2025-04-28 05:45:00+00:00,1474.9934786833796
2025-04-28 06:45:00+00:00,1470.806982233625
2025-04-28 07:45:00+00:00,1476.987703682864
2025-04-28 08:45:00+00:00,1470.533073252108
2025-04-28 09:45:00+00:00,1454.0821239776024
2025-04-29 03:45:00+00:00,1462.056337099319
2025-04-29 04:45:00+00:00,1470.109773599852
2025-04-29 05:45:00+00:00,1462.6651671118393
2025-04-29 06:45:00+00:00,1466.1088734709838
2025-04-29 07:45:00+00:00,1462.7594510635918
2025-04-29 08:45:00+00:00,1469.446452619021
2025-04-29 09:45:00+00:00,1462.552215741242
2025-04-30 03:45:00+00:00,1471.0326817491014
2025-04-30 04:45:00+00:00,1449.232872537228
2025-04-30 05:45:00+00:00,1443.718177550851
2025-04-30 06:45:00+00:00,1424.6056223470134
2025-04-30 07:45:00+00:00,1409.6638465096328
2025-04-30 08:45:00+00:00,1426.5698826379544
2025-04-30 09:45:00+00:00,1402.4537717366259
2025-05-02 03:45:00+00:00,1410.18589851003
2025-05-02 04:45:00+00:00,1402.5076095247402
2025-05-02 05:45:00+00:00,1398.3362151104977
2025-05-02 06:45:00+00:00,1403.47976774063
2025-05-02 07:45:00+00:00,1405.1378667043496
2025-05-02 08:45:00+00:00,1395.510959893575
2025-05-02 09:45:00+00:00,1397.339609061243
2025-05-05 03:45:00+00:00,1406.1389616170168
2025-05-05 04:45:00+00:00,1402.7148486700755
2025-05-05 05:45:00+00:00,1398.1387306065822
2025-05-05 06:45:00+00:00,1415.562556243079
2025-05-05 07:45:00+00:00,1427.3181879009712
2025-05-05 08:45:00+00:00,1420.631526813748
2025-05-05 09:45:00+00:00,1427.6277163011914
2025-05-06 03:45:00+00:00,1387.2946236679916
2025-05-06 04:45:00+00:00,1380.4037106409296
2025-05-06 05:45:00+00:00,1392.0898382513865
2025-05-06 06:45:00+00:00,1387.967949683402
2025-05-06 07:45:00+00:00,1388.2134203164483
2025-05-06 08:45:00+00:00,1394.1073503510281
2025-05-06 09:45:00+00:00,1399.1314619337008
2025-05-07 03:45:00+00:00,1394.5800853073129
2025-05-07 04:45:00+00:00,1404.0418358053041
2025-05-07 05:45:00+00:00,1402.3466455853038
2025-05-07 06:45:00+00:00,1416.0360468876713
2025-05-07 07:45:00+00:00,1409.180304353893
2025-05-07 08:45:00+00:00,1398.8767304600742
2025-05-07 09:45:00+00:00,1416.0612825359503
2025-05-08 03:45:00+00:00,1407.4628722361379
2025-05-08 04:45:00+00:00,1409.1541853275173
2025-05-08 05:45:00+00:00,1409.5530563631644
2025-05-08 06:45:00+00:00,1432.8137304863571
2025-05-08 07:45:00+00:00,1412.691195461298
2025-05-08 08:45:00+00:00,1407.2802170114405
2025-05-08 09:45:00+00:00,1431.9390199138106
2025-05-09 03:45:00+00:00,1433.2524503684174
2025-05-09 04:45:00+00:00,1426.9420797216962
2025-05-09 05:45:00+00:00,1423.2081217372133
2025-05-09 06:45:00+00:00,1442.4320246323405
2025-05-09 07:45:00+00:00,1427.5898041778605
2025-05-09 08:45:00+00:00,1427.6415387458342
2025-05-09 09:45:00+00:00,1446.5978300829358
2025-05-12 03:45:00+00:00,1418.765559842896
2025-05-12 04:45:00+00:00,1423.740716640773
2025-05-12 05:45:00+00:00,1432.718551748678
2025-05-12 06:45:00+00:00,1438.9669586153707
2025-05-12 07:45:00+00:00,1456.7973004388907
2025-05-12 08:45:00+00:00,1436.5329367392576
2025-05-12 09:45:00+00:00,1465.4604260251913
2025-05-13 03:45:00+00:00,1466.5996068078523
2025-05-13 04:45:00+00:00,1486.9138149265113
2025-05-13 05:45:00+00:00,1467.2102155831649
2025-05-13 06:45:00+00:00,1456.766937065454
2025-05-13 07:45:00+00:00,1453.9397247399033
2025-05-13 08:45:00+00:00,1458.3626669982166
2025-05-13 09:45:00+00:00,1464.8125606320712
2025-05-14 03:45:00+00:00,1454.5153454332576
2025-05-14 04:45:00+00:00,1460.7648662092258
2025-05-14 05:45:00+00:00,1451.709533216926
2025-05-14 06:45:00+00:00,1445.0269799804548
2025-05-14 07:45:00+00:00,1440.1604251035317
2025-05-14 08:45:00+00:00,1435.3647808860935
2025-05-14 09:45:00+00:00,1427.7041562962
2025-05-15 03:45:00+00:00,1405.1177743683259
2025-05-15 04:45:00+00:00,1407.89796579831
2025-05-15 05:45:00+00:00,1410.7383076530123
2025-05-15 06:45:00+00:00,1399.4139808905113
2025-05-15 07:45:00+00:00,1391.8710442584154
2025-05-15 08:45:00+00:00,1400.37302066322
2025-05-15 09:45:00+00:00,1402.2119422604057
2025-05-16 03:45:00+00:00,1418.0309399024004
2025-05-16 04:45:00+00:00,1422.6241381991786
2025-05-16 05:45:00+00:00,1400.2936395445236
2025-05-16 06:45:00+00:00,1409.8878585217165
2025-05-16 07:45:00+00:00,1393.656931292666
2025-05-16 08:45:00+00:00,1411.8238537654331
2025-05-16 09:45:00+00:00,1425.1713887222295
2025-05-19 03:45:00+00:00,1419.4800730036034
2025-05-19 04:45:00+00:00,1401.3342791092077
2025-05-19 05:45:00+00:00,1414.2817639149173
2025-05-19 06:45:00+00:00,1396.8015943844816
2025-05-19 07:45:00+00:00,1385.0195489259254
2025-05-19 08:45:00+00:00,1403.6968487314236
2025-05-19 09:45:00+00:00,1410.1769820871689
2025-05-20 03:45:00+00:00,1392.0506558644627
2025-05-20 04:45:00+00:00,1377.2785804441887
2025-05-20 05:45:00+00:00,1363.7073367334779
2025-05-20 06:45:00+00:00,1363.9611498728543
2025-05-20 07:45:00+00:00,1370.533569842193
2025-05-20 08:45:00+00:00,1365.2361312513262
2025-05-20 09:45:00+00:00,1368.2284545025418
2025-05-21 03:45:00+00:00,1368.3934497465123
2025-05-21 04:45:00+00:00,1361.8409177484612
2025-05-21 05:45:00+00:00,1355.312955271962
2025-05-21 06:45:00+00:00,1368.7878336281071
2025-05-21 07:45:00+00:00,1360.5504651120577
2025-05-21 08:45:00+00:00,1335.6215128724716
2025-05-21 09:45:00+00:00,1335.086521272171
2025-05-22 03:45:00+00:00,1318.8980480203918
2025-05-22 04:45:00+00:00,1324.999853116018
2025-05-22 05:45:00+00:00,1318.558834023604
2025-05-22 06:45:00+00:00,1312.7841941216582
2025-05-22 07:45:00+00:00,1313.3045516082525
2025-05-22 08:45:00+00:00,1334.6020292341016
2025-05-22 09:45:00+00:00,1335.8239487409537
2025-05-23 03:45:00+00:00,1327.6398074744088
2025-05-23 04:45:00+00:00,1319.6552345778532
2025-05-23 05:45:00+00:00,1300.0723462634046
2025-05-23 06:45:00+00:00,1297.1340934729067
2025-05-23 07:45:00+00:00,1300.4216796164535
2025-05-23 08:45:00+00:00,1292.6382351750647
2025-05-23 09:45:00+00:00,1308.2513157848211
2025-05-26 03:45:00+00:00,1325.651875148403
2025-05-26 04:45:00+00:00,1332.220186883033
2025-05-26 05:45:00+00:00,1321.45022991351
2025-05-26 06:45:00+00:00,1333.4227415710823
2025-05-26 07:45:00+00:00,1320.8165118370903
2025-05-26 08:45:00+00:00,1330.2657463728012
2025-05-26 09:45:00+00:00,1309.441207199574
2025-05-27 03:45:00+00:00,1293.7639367580055
2025-05-27 04:45:00+00:00,1301.810899742761
2025-05-27 05:45:00+00:00,1292.572346195503
2025-05-27 06:45:00+00:00,1295.8649497484273
2025-05-27 07:45:00+00:00,1275.364900351193
2025-05-27 08:45:00+00:00,1272.6783959279428
2025-05-27 09:45:00+00:00,1270.837438263128
2025-05-28 03:45:00+00:00,1273.8307539436967
2025-05-28 04:45:00+00:00,1283.6667047726285
2025-05-28 05:45:00+00:00,1290.4635242728525
2025-05-28 06:45:00+00:00,1298.2595978648767
2025-05-28 07:45:00+00:00,1296.2803865235269
2025-05-28 08:45:00+00:00,1284.390730773092
2025-05-28 09:45:00+00:00,1271.9844674665653
2025-05-29 03:45:00+00:00,1278.3438558963483
2025-05-29 04:45:00+00:00,1271.0511429635064
2025-05-29 05:45:00+00:00,1262.3942843808081
2025-05-29 06:45:00+00:00,1252.971642128639
2025-05-29 07:45:00+00:00,1277.3204656042158
2025-05-29 08:45:00+00:00,1275.356607802312
2025-05-29 09:45:00+00:00,1267.652006959356
2025-05-30 03:45:00+00:00,1261.4442509545008
2025-05-30 04:45:00+00:00,1274.1028831183496
2025-05-30 05:45:00+00:00,1276.9406409187864
2025-05-30 06:45:00+00:00,1269.729248009148
2025-05-30 07:45:00+00:00,1266.4164720789208
2025-05-30 08:45:00+00:00,1261.382902859022
2025-05-30 09:45:00+00:00,1257.7516497664133
2025-06-02 03:45:00+00:00,1247.5362713378913
2025-06-02 04:45:00+00:00,1242.8769677860835
2025-06-02 05:45:00+00:00,1251.8270612423385
2025-06-02 06:45:00+00:00,1253.863187543985
2025-06-02 07:45:00+00:00,1267.7107562361684
2025-06-02 08:45:00+00:00,1257.102619010032
2025-06-02 09:45:00+00:00,1259.2786458546304
2025-06-03 03:45:00+00:00,1257.0071916119807
2025-06-03 04:45:00+00:00,1251.667842571898
2025-06-03 05:45:00+00:00,1246.2238243514391
2025-06-03 06:45:00+00:00,1253.7329478597958
2025-06-03 07:45:00+00:00,1253.5135264772039
2025-06-03 08:45:00+00:00,1254.1795886516325
2025-06-03 09:45:00+00:00,1259.7594616388276
2025-06-04 03:45:00+00:00,1263.3913002378993
2025-06-04 04:45:00+00:00,1251.1464940353542
2025-06-04 05:45:00+00:00,1244.3878281934738
2025-06-04 06:45:00+00:00,1253.7668298599729
2025-06-04 07:45:00+00:00,1262.970439485895
2025-06-04 08:45:00+00:00,1277.5826615624753
2025-06-04 09:45:00+00:00,1270.9851165110974
2025-06-05 03:45:00+00:00,1279.794826531318
2025-06-05 04:45:00+00:00,1283.0997462530072
2025-06-05 05:45:00+00:00,1276.172265580632
2025-06-05 06:45:00+00:00,1262.9856846736438
2025-06-05 07:45:00+00:00,1269.5624838882634
2025-06-05 08:45:00+00:00,1280.4680962174868
2025-06-05 09:45:00+00:00,1283.9316828562712
2025-06-06 03:45:00+00:00,1271.2406501640291
2025-06-06 04:45:00+00:00,1257.2285741236647
2025-06-06 05:45:00+00:00,1263.6705993438995
2025-06-06 06:45:00+00:00,1258.796169724811
2025-06-06 07:45:00+00:00,1252.273456644944
2025-06-06 08:45:00+00:00,1236.0277817429421
2025-06-06 09:45:00+00:00,1233.5029449694298
2025-06-09 03:45:00+00:00,1204.5513695171471
2025-06-09 04:45:00+00:00,1185.6864398775772
2025-06-09 05:45:00+00:00,1200.6775757157627
2025-06-09 06:45:00+00:00,1200.4974880962077
2025-06-09 07:45:00+00:00,1194.00310364626
2025-06-09 08:45:00+00:00,1195.918891992853
2025-06-09 09:45:00+00:00,1189.1867182792807
2025-06-10 03:45:00+00:00,1170.4851721629109
2025-06-10 04:45:00+00:00,1181.1022596524451
2025-06-10 05:45:00+00:00,1185.5569779316163
2025-06-10 06:45:00+00:00,1197.7164130378992
2025-06-10 07:45:00+00:00,1199.8255938130135
2025-06-10 08:45:00+00:00,1212.4529044204132
2025-06-10 09:45:00+00:00,1196.9198316349723
2025-06-11 03:45:00+00:00,1196.4117193618713
2025-06-11 04:45:00+00:00,1180.9096950782953
2025-06-11 05:45:00+00:00,1183.0539752791722
2025-06-11 06:45:00+00:00,1196.5628057193028
2025-06-11 07:45:00+00:00,1201.615391349992
2025-06-11 08:45:00+00:00,1208.2201382177445
2025-06-11 09:45:00+00:00,1207.6163763132495
2025-06-12 03:45:00+00:00,1212.339339485481
2025-06-12 04:45:00+00:00,1191.0638079059283
2025-06-12 05:45:00+00:00,1195.2771178673286
2025-06-12 06:45:00+00:00,1209.9489080433402
2025-06-12 07:45:00+00:00,1221.8969527896895
2025-06-12 08:45:00+00:00,1201.9542203034696
2025-06-12 09:45:00+00:00,1203.1106638895901
2025-06-13 03:45:00+00:00,1210.3703084478614
2025-06-13 04:45:00+00:00,1204.679165644548
2025-06-13 05:45:00+00:00,1202.5016939509385
2025-06-13 06:45:00+00:00,1200.4972506015415
2025-06-13 07:45:00+00:00,1185.9394301353175
2025-06-13 08:45:00+00:00,1199.958016710169
2025-06-13 09:45:00+00:00,1216.56285011752
2025-06-16 03:45:00+00:00,1222.7066532477065
2025-06-16 04:45:00+00:00,1212.7221403748515
2025-06-16 05:45:00+00:00,1210.832748951379
2025-06-16 06:45:00+00:00,1216.1414159393125
2025-06-16 07:45:00+00:00,1210.8046962931396
2025-06-16 08:45:00+00:00,1208.0501797946497
2025-06-16 09:45:00+00:00,1197.2534013307072
2025-06-17 03:45:00+00:00,1193.4819849750838
2025-06-17 04:45:00+00:00,1193.5824427957525
2025-06-17 05:45:00+00:00,1200.7432941723487
2025-06-17 06:45:00+00:00,1200.7739962970695
2025-06-17 07:45:00+00:00,1205.6695778120616
2025-06-17 08:45:00+00:00,1211.7139970457913
2025-06-17 09:45:00+00:00,1195.5110509850404
2025-06-18 03:45:00+00:00,1217.7642151108291
2025-06-18 04:45:00+00:00,1216.1812625630691
2025-06-18 05:45:00+00:00,1206.0326174440784
2025-06-18 06:45:00+00:00,1216.1875406737697
2025-06-18 07:45:00+00:00,1206.8088177872455
2025-06-18 08:45:00+00:00,1223.3176221396375
2025-06-18 09:45:00+00:00,1220.3130259494908
2025-06-19 03:45:00+00:00,1217.6610774257783
2025-06-19 04:45:00+00:00,1204.8226310068571
2025-06-19 05:45:00+00:00,1192.9518192586775
2025-06-19 06:45:00+00:00,1205.6235177537392
2025-06-19 07:45:00+00:00,1218.1670810013736
2025-06-19 08:45:00+00:00,1205.5049525588058
2025-06-19 09:45:00+00:00,1198.6921073523615
2025-06-20 03:45:00+00:00,1185.4808089877815
2025-06-20 04:45:00+00:00,1192.3555696339167
2025-06-20 05:45:00+00:00,1178.7935047200306
2025-06-20 06:45:00+00:00,1185.8328387699771
2025-06-20 07:45:00+00:00,1198.415835861106
2025-06-20 08:45:00+00:00,1221.701204556197
2025-06-20 09:45:00+00:00,1233.553783119794
2025-06-23 03:45:00+00:00,1244.2418386823263
2025-06-23 04:45:00+00:00,1236.629826974549
2025-06-23 05:45:00+00:00,1224.6023091214802
2025-06-23 06:45:00+00:00,1219.009525384644
2025-06-23 07:45:00+00:00,1212.8172233788182
2025-06-23 08:45:00+00:00,1203.1929541067304
2025-06-23 09:45:00+00:00,1201.6425282341418
2025-06-24 03:45:00+00:00,1199.793939446301
2025-06-24 04:45:00+00:00,1203.1586398585425
2025-06-24 05:45:00+00:00,1204.8557948050106
2025-06-24 06:45:00+00:00,1200.1216075727561
2025-06-24 07:45:00+00:00,1212.1479357972623
2025-06-24 08:45:00+00:00,1198.911035694174
2025-06-24 09:45:00+00:00,1197.4154804834977
2025-06-25 03:45:00+00:00,1202.9851196425163
2025-06-25 04:45:00+00:00,1192.34685639275
2025-06-25 05:45:00+00:00,1189.4591618955067
2025-06-25 06:45:00+00:00,1201.9552857479334
2025-06-25 07:45:00+00:00,1188.9037101951408
2025-06-25 08:45:00+00:00,1177.5415458323666
2025-06-25 09:45:00+00:00,1172.5526640141936
2025-06-26 03:45:00+00:00,1174.3572809287755
2025-06-26 04:45:00+00:00,1177.211504818687
2025-06-26 05:45:00+00:00,1181.7294886347797
2025-06-26 06:45:00+00:00,1190.9773484817242
2025-06-26 07:45:00+00:00,1195.7509321114371
2025-06-26 08:45:00+00:00,1191.635709112397
2025-06-26 09:45:00+00:00,1199.8674537585237
2025-06-27 03:45:00+00:00,1197.9125624580097
2025-06-27 04:45:00+00:00,1181.8154130397995
2025-06-27 05:45:00+00:00,1176.4847284084053
2025-06-27 06:45:00+00:00,1178.1405999654228
2025-06-27 07:45:00+00:00,1175.007852409743
2025-06-27 08:45:00+00:00,1182.9162285860168
2025-06-27 09:45:00+00:00,1175.2878182937768
2025-06-30 03:45:00+00:00,1176.4267009962052
2025-06-30 04:45:00+00:00,1171.7782564452614
2025-06-30 05:45:00+00:00,1175.7087721533928
2025-06-30 06:45:00+00:00,1165.6111243675964
2025-06-30 07:45:00+00:00,1171.2794271355351
2025-06-30 08:45:00+00:00,1167.7570913049756
2025-06-30 09:45:00+00:00,1169.0875586256784
2025-07-01 03:45:00+00:00,1153.0933272203306
2025-07-01 04:45:00+00:00,1157.7710051877082
2025-07-01 05:45:00+00:00,1152.3065807367125
2025-07-01 06:45:00+00:00,1172.329764627743
2025-07-01 07:45:00+00:00,1165.9954137621492
2025-07-01 08:45:00+00:00,1162.9802677225289
2025-07-01 09:45:00+00:00,1149.1234947368346
2025-07-02 03:45:00+00:00,1147.1223485657765
2025-07-02 04:45:00+00:00,1149.1740737971124
2025-07-02 05:45:00+00:00,1160.7708014127068
2025-07-02 06:45:00+00:00,1166.1627957090927
2025-07-02 07:45:00+00:00,1168.8789271841117
2025-07-02 08:45:00+00:00,1168.6858065288309
2025-07-02 09:45:00+00:00,1169.0505302059983
2025-07-03 03:45:00+00:00,1177.8554728486886
2025-07-03 04:45:00+00:00,1161.3573609861687
2025-07-03 05:45:00+00:00,1161.3006172060973
2025-07-03 06:45:00+00:00,1170.160976855276
2025-07-03 07:45:00+00:00,1179.42141857051
2025-07-03 08:45:00+00:00,1187.1366469550424
2025-07-03 09:45:00+00:00,1183.5388299636234
2025-07-04 03:45:00+00:00,1186.7160512591472
2025-07-04 04:45:00+00:00,1183.2834608085884
2025-07-04 05:45:00+00:00,1180.5437601286158
2025-07-04 06:45:00+00:00,1193.961615619748
2025-07-04 07:45:00+00:00,1185.7883069300835
2025-07-04 08:45:00+00:00,1195.8088915711253
2025-07-04 09:45:00+00:00,1194.8025156268639
2025-07-07 03:45:00+00:00,1211.6035436410882
2025-07-07 04:45:00+00:00,1201.4603822465144
2025-07-07 05:45:00+00:00,1200.655622874159
2025-07-07 06:45:00+00:00,1185.754184733658
2025-07-07 07:45:00+00:00,1183.851506171841
2025-07-07 08:45:00+00:00,1197.7190368219854
2025-07-07 09:45:00+00:00,1212.4730839176896
2025-07-08 03:45:00+00:00,1227.823764503688
2025-07-08 04:45:00+00:00,1230.7871138147823
2025-07-08 05:45:00+00:00,1236.1241057840348
2025-07-08 06:45:00+00:00,1229.9442607796664
2025-07-08 07:45:00+00:00,1234.4927072432024
2025-07-08 08:45:00+00:00,1248.5129063126049
2025-07-08 09:45:00+00:00,1253.167815208121
2025-07-09 03:45:00+00:00,1271.6278296404985
2025-07-09 04:45:00+00:00,1281.4822446364556
2025-07-09 05:45:00+00:00,1291.3455355410197
2025-07-09 06:45:00+00:00,1272.0109121075018
2025-07-09 07:45:00+00:00,1278.1147329068851
2025-07-09 08:45:00+00:00,1279.030469924111
2025-07-09 09:45:00+00:00,1285.351620776822
2025-07-10 03:45:00+00:00,1294.4121462991945
2025-07-10 04:45:00+00:00,1292.3981570789401
2025-07-10 05:45:00+00:00,1299.5289804620081
2025-07-10 06:45:00+00:00,1305.1507135657455
2025-07-10 07:45:00+00:00,1294.148561817909
2025-07-10 08:45:00+00:00,1308.290052807921
2025-07-10 09:45:00+00:00,1303.7691355332745
2025-07-11 03:45:00+00:00,1305.6759499580749
2025-07-11 04:45:00+00:00,1302.717910167336
2025-07-11 05:45:00+00:00,1300.3823478998124
2025-07-11 06:45:00+00:00,1299.9544881617812
2025-07-11 07:45:00+00:00,1283.6849001814962
2025-07-11 08:45:00+00:00,1312.6209555172857
2025-07-11 09:45:00+00:00,1319.1124042973029
