Date,Close
2007-09-18,4550.523374350088
2007-09-19,4559.040943975503
2007-09-20,4641.298316707859
2007-09-21,4643.072176946024
2007-09-24,4655.903134095458
2007-09-25,4726.433893374836
2007-09-26,4679.910575163766
2007-09-27,4635.703219317184
2007-09-28,4673.354085314216
2007-10-01,4661.922134366793
2007-10-03,4663.619434038936
2007-10-04,4717.059235891738
2007-10-05,4667.799987134282
2007-10-08,4751.8550977651985
2007-10-09,4828.9593714429075
2007-10-10,4729.876177245856
2007-10-11,4731.935526218969
2007-10-12,4689.035678493637
2007-10-15,4794.644118733566
2007-10-16,4894.9323216177045
2007-10-17,4852.040880657907
2007-10-18,4873.1052666074565
2007-10-19,4913.698281218643
2007-10-22,4965.82547834482
2007-10-23,4969.752787985146
2007-10-24,4966.540539305553
2007-10-25,5032.100109152773
2007-10-26,4972.935977137269
2007-10-29,4991.021650208923
2007-10-30,4972.26663053506
2007-10-31,4926.95330184005
2007-11-01,5098.894264596154
2007-11-02,5175.113015494636
2007-11-05,5076.310561257864
2007-11-06,5073.955362308397
2007-11-07,5030.763147537835
2007-11-08,5119.862479946722
2007-11-12,5094.404633511745
2007-11-13,4962.954167407747
2007-11-14,4983.209096979946
2007-11-15,5037.342504992849
2007-11-16,4991.922732699455
2007-11-19,4991.814546698326
2007-11-20,4845.762333919672
2007-11-21,4882.903424802722
2007-11-22,4854.682247425606
2007-11-23,4837.251399437518
2007-11-26,4838.195307738759
2007-11-27,4895.465180535914
2007-11-28,4844.802452851956
2007-11-29,4862.2052678334285
2007-11-30,4893.652717510236
2007-12-03,4973.712904138065
2007-12-04,4919.1033532721885
2007-12-05,4942.1699138690765
2007-12-06,4964.859404636298
2007-12-07,4916.785349171606
2007-12-10,4921.114408482305
2007-12-11,4908.4956488608195
2007-12-12,4835.020395196409
2007-12-13,4826.176336246791
2007-12-14,4820.103105042677
2007-12-17,4878.876423691921
2007-12-18,4842.006101958176
2007-12-19,4774.9163725558865
2007-12-20,4844.923507589858
2007-12-24,4799.7337593936145
2007-12-26,4830.737437239671
2007-12-27,4866.824255723058
2007-12-28,4954.151686226203
2007-12-31,4984.304810797404
2008-01-01,5115.380629815728
2008-01-02,5044.255441904612
2008-01-03,5076.756892080299
2008-01-04,5131.926722817869
2008-01-07,5175.064043198991
2008-01-08,5166.574492561873
2008-01-09,5214.772294436304
2008-01-10,5276.822785965131
2008-01-11,5209.514382040087
2008-01-14,5193.768164796728
2008-01-15,5177.042888085374
2008-01-16,5180.366326117588
2008-01-17,5175.588129342961
2008-01-18,5152.920496571318
2008-01-21,5236.5438165279475
2008-01-22,5224.545028377917
2008-01-23,5096.669557882476
2008-01-24,5021.860470519434
2008-01-25,4931.065387094185
2008-01-28,4961.472618386338
2008-01-29,4997.330576706915
2008-01-30,5079.459403960544
2008-01-31,5019.115483798966
2008-02-01,4924.932425747079
2008-02-04,4942.73271872315
2008-02-05,4992.210584371184
2008-02-06,5055.827872062344
2008-02-07,5107.237861704301
2008-02-08,5189.336356177836
2008-02-11,5203.482495082156
2008-02-12,5180.20531980969
2008-02-13,5202.271382769878
2008-02-14,5158.197848246436
2008-02-15,5102.585307408156
2008-02-18,5230.714892658767
2008-02-19,5204.776866767443
2008-02-20,5303.868013615055
2008-02-21,5245.871270256519
2008-02-22,5260.701373989378
2008-02-25,5217.1196576819675
2008-02-26,5255.995453441209
2008-02-27,5320.8007160253765
2008-02-28,5273.045005175321
2008-02-29,5288.741657700264
2008-03-03,5099.146441833559
2008-03-04,5114.259836448089
2008-03-05,5054.062275915841
2008-03-07,5049.37682992374
2008-03-10,5042.018369630377
2008-03-11,5042.5739867838
2008-03-12,5004.89023079076
2008-03-13,4998.797850172801
2008-03-14,5076.611245757424
2008-03-17,5074.790163759209
2008-03-18,5004.728332943867
2008-03-19,4926.591076171607
2008-03-24,4898.359235697089
2008-03-25,5056.22353924196
2008-03-26,5009.991027337804
2008-03-27,5074.7812560348675
2008-03-28,5037.558838295622
2008-03-31,5106.473254272634
2008-04-01,5192.018590324376
2008-04-02,5179.805068082769
2008-04-03,5116.00643955555
2008-04-04,5208.994915075282
2008-04-07,5255.174732864129
2008-04-08,5301.052854397902
2008-04-09,5383.276745227181
2008-04-10,5370.007366812265
2008-04-11,5454.615462754552
2008-04-15,5421.624057694688
2008-04-16,5429.337289750615
2008-04-17,5445.347450972509
2008-04-21,5459.4780536443695
2008-04-22,5436.767210213204
2008-04-23,5421.470204627688
2008-04-24,5397.082952629454
2008-04-25,5243.326440822896
2008-04-28,5289.978577989523
2008-04-29,5367.2701168314325
2008-04-30,5435.800875013672
2008-05-02,5432.882675532595
2008-05-05,5307.63078037285
2008-05-06,5444.534261732422
2008-05-07,5371.734089240762
2008-05-08,5265.946918501813
2008-05-09,5313.721769390113
2008-05-12,5403.75043565379
2008-05-13,5392.641705703437
2008-05-14,5266.5008278939995
2008-05-15,5267.195863811867
2008-05-16,5225.126752739952
2008-05-20,5209.242285498179
2008-05-21,5278.236746922991
2008-05-22,5370.075816915131
2008-05-23,5488.728068771889
2008-05-26,5430.525804114502
2008-05-27,5415.345270458506
2008-05-28,5514.914355765188
2008-05-29,5468.615112194674
2008-05-30,5461.851550754979
2008-06-02,5609.709132872578
2008-06-03,5529.505239603874
2008-06-04,5456.047754080597
2008-06-05,5568.089021534486
2008-06-06,5587.620084468356
2008-06-09,5441.5948070417835
2008-06-10,5515.122150994732
2008-06-11,5459.795625106854
2008-06-12,5496.488727619053
2008-06-13,5571.058813726533
2008-06-16,5548.656802480619
2008-06-17,5632.694542040984
2008-06-18,5691.4520094494765
2008-06-19,5679.36006362362
2008-06-20,5563.236598572208
2008-06-23,5500.902845310918
2008-06-24,5471.993458226944
2008-06-25,5381.865555922004
2008-06-26,5626.892633548938
2008-06-27,5491.123729138673
2008-06-30,5510.006655486823
2008-07-01,5530.264834988223
2008-07-02,5476.872903561344
2008-07-03,5433.204847015978
2008-07-04,5362.094136620559
2008-07-07,5359.160414273225
2008-07-08,5385.592594772611
2008-07-09,5374.8573610120075
2008-07-10,5325.993694164816
2008-07-11,5330.474351396729
2008-07-14,5332.406435492535
2008-07-15,5329.180324492059
2008-07-16,5331.278601139014
2008-07-17,5380.387449248932
2008-07-18,5453.556248184553
2008-07-21,5412.474796121045
2008-07-22,5537.158441921523
2008-07-23,5518.334500042786
2008-07-24,5536.564550518241
2008-07-25,5432.604258240441
2008-07-28,5409.41966654959
2008-07-29,5463.499541964188
2008-07-30,5519.788154978289
2008-07-31,5641.169825842023
2008-08-01,5710.911349861468
2008-08-04,5779.483506557648
2008-08-05,5858.119102737952
2008-08-06,5848.662634459932
2008-08-07,5794.458000680257
2008-08-08,5909.308433233112
2008-08-11,6034.071828206647
2008-08-12,6236.682323331159
2008-08-13,6279.094395191753
2008-08-14,6324.393348793739
2008-08-18,6452.386417693347
2008-08-19,6385.591496657066
2008-08-20,6329.806298798458
2008-08-21,6325.392611773242
2008-08-22,6321.317887869879
2008-08-25,6378.752212425894
2008-08-26,6296.641598484636
2008-08-27,6203.623954024914
2008-08-28,6234.53713106942
2008-08-29,6158.23703274141
2008-09-01,6272.424066446652
2008-09-02,6235.743470413572
2008-09-04,6331.528885384185
2008-09-05,6268.36352928724
2008-09-08,6225.531720542263
2008-09-09,6294.6053987006035
2008-09-10,6423.25187116969
2008-09-11,6316.266293380465
2008-09-12,6268.8952726104435
2008-09-15,6254.65430432154
2008-09-16,6257.63434230276
2008-09-17,6221.926669020574
2008-09-18,6251.884660733175
2008-09-19,6277.2487391295435
2008-09-22,6455.148835767976
2008-09-23,6434.087983729062
2008-09-24,6493.098618863845
2008-09-25,6636.113077964906
2008-09-26,6731.697374549516
2008-09-29,6695.2620826851
2008-09-30,6720.246400511581
2008-10-01,6872.2590945672755
2008-10-03,6765.531190435818
2008-10-06,6772.257655633904
2008-10-07,6837.469704241415
2008-10-08,6866.802940334177
2008-10-10,6857.333055080235
2008-10-13,6963.584025933123
2008-10-14,7140.155960392932
2008-10-15,7248.050132149925
2008-10-16,7310.367644010305
2008-10-17,7289.995477864229
2008-10-20,7228.170777083106
2008-10-21,7255.948666293578
2008-10-22,7267.066623537245
2008-10-23,7355.91548681223
2008-10-24,7399.101058630836
2008-10-27,7338.287076863125
2008-10-29,7575.731466453794
2008-10-31,7551.501357877708
2008-11-03,7437.958707520605
2008-11-04,7437.902071937258
2008-11-05,7384.40720965108
2008-11-06,7568.268882566066
2008-11-07,7503.115677310441
2008-11-10,7649.287494320644
2008-11-11,7682.406484240406
2008-11-12,7725.40586155823
2008-11-14,7662.281172722554
2008-11-17,7613.27522603818
2008-11-18,7614.872234005485
2008-11-19,7637.449674996132
2008-11-20,7641.340545855068
2008-11-21,7722.036831495754
2008-11-24,7952.194617165181
2008-11-25,7928.058955707951
2008-11-26,7908.149713928829
2008-11-28,7944.076893965639
2008-12-01,8062.743389188898
2008-12-02,8018.716636071453
2008-12-03,7956.584203467252
2008-12-04,7952.704699764025
2008-12-05,8114.868307920205
2008-12-08,8038.514380547614
2008-12-10,8134.728007748839
2008-12-11,8033.570394561941
2008-12-12,8112.750257012973
2008-12-15,8054.120378229503
2008-12-16,8060.000280596627
2008-12-17,8024.91491789649
2008-12-18,8146.915250835302
2008-12-19,8170.899446169747
2008-12-22,8093.843764381417
2008-12-23,8113.528975240025
2008-12-24,8002.722814549741
2008-12-26,8030.148778032766
2008-12-29,8182.185140800614
2008-12-30,8390.815654808517
2008-12-31,8371.663770505982
2009-01-02,8367.755942920487
2009-01-05,8376.598867639554
2009-01-06,8581.33550267546
2009-01-07,8416.843522051597
2009-01-09,8354.161297054141
2009-01-12,8396.550333089608
2009-01-13,8348.441667352941
2009-01-14,8215.475081122107
2009-01-15,8184.330939379241
2009-01-16,8103.885964944023
2009-01-19,8161.361213329295
2009-01-20,8105.640457449894
2009-01-21,8204.793798769957
2009-01-22,8037.063909300054
2009-01-23,7846.126812613245
2009-01-27,7862.645873633275
2009-01-28,7761.915908491085
2009-01-29,7768.422474527536
2009-01-30,7684.43568476309
2009-02-02,7691.849570929669
2009-02-03,7660.883092945195
2009-02-04,7486.113361778418
2009-02-05,7492.803467420074
2009-02-06,7542.871120356312
2009-02-09,7447.4925464031685
2009-02-10,7356.964877831778
2009-02-11,7320.983030212826
2009-02-12,7430.387667280468
2009-02-13,7407.321596163351
2009-02-16,7436.761068574304
2009-02-17,7464.4239030454155
2009-02-18,7455.952739258138
2009-02-19,7324.8522917202
2009-02-20,7321.0299182664185
2009-02-24,7494.171717468873
2009-02-25,7506.60856430591
2009-02-26,7433.307136100641
2009-02-27,7384.690258893536
2009-03-02,7379.6052521481015
2009-03-03,7283.12596022321
2009-03-04,7307.491699334006
2009-03-05,7315.012820285273
2009-03-06,7335.83361975307
2009-03-09,7559.153597938875
2009-03-12,7437.687030376066
2009-03-13,7347.952911314419
2009-03-16,7430.370260075838
2009-03-17,7379.406637291523
2009-03-18,7504.686188955194
2009-03-19,7398.93560649525
2009-03-20,7501.0659454316465
2009-03-23,7550.542208274189
2009-03-24,7704.664568440942
2009-03-25,7687.638583988523
2009-03-26,7713.089874046706
2009-03-27,7615.040054900022
2009-03-30,7983.718876222142
2009-03-31,8222.619494758323
2009-04-01,8294.059134309087
2009-04-02,8111.267795271287
2009-04-06,8063.561619008664
2009-04-08,8080.849453999787
2009-04-09,8040.640303010745
2009-04-13,7879.228414750163
2009-04-15,7866.611464990869
2009-04-16,7806.675282431715
2009-04-17,7873.797036708232
2009-04-20,7731.89154346626
2009-04-21,7809.0364364346615
2009-04-22,7754.1610559289775
2009-04-23,7721.974859815164
2009-04-24,7815.646035255312
2009-04-27,7860.005134846189
2009-04-28,7674.183275307554
2009-04-29,7706.552075862245
2009-05-04,7651.957973642431
2009-05-05,7601.536881539856
2009-05-06,7435.030029882553
2009-05-07,7456.7659328414375
2009-05-08,7534.37603642428
2009-05-11,7455.935763744882
2009-05-12,7335.504318354697
2009-05-13,7297.310175664215
2009-05-14,7263.388998697124
2009-05-15,7129.462630348467
2009-05-18,7137.241826525154
2009-05-19,7168.430105607535
2009-05-20,7257.437526962415
2009-05-21,7149.552416581501
2009-05-22,7062.107915454947
2009-05-25,7054.100519786993
2009-05-26,7299.139207609206
2009-05-27,7319.408552418568
2009-05-28,7335.790613426911
2009-05-29,7218.487929889181
2009-06-01,7337.901187380729
2009-06-02,7346.699088230991
2009-06-03,7430.596693940291
2009-06-04,7490.620515772103
2009-06-05,7523.5927281085405
2009-06-08,7659.003429350581
2009-06-09,7855.537568085696
2009-06-10,7959.562483028731
2009-06-11,7989.740281154112
2009-06-12,8029.609507337726
2009-06-15,7954.664116882946
2009-06-16,8096.715640190326
2009-06-17,8410.519029471403
2009-06-18,8350.663881908049
2009-06-19,8300.467462454273
2009-06-22,8661.251622325366
2009-06-23,8755.938047841317
2009-06-24,8920.926023589729
2009-06-25,9018.916569595363
2009-06-26,9021.072566881381
2009-06-29,9146.951615215603
2009-06-30,9187.025071656446
2009-07-01,9085.212044354452
2009-07-02,9077.474303793098
2009-07-03,9182.697222932205
2009-07-06,9276.37138206635
2009-07-07,9323.6343970628
2009-07-08,9506.917745706862
2009-07-09,9406.954766416233
2009-07-10,9304.0959762244
2009-07-13,9234.456285131426
2009-07-14,9191.143852838373
2009-07-15,9118.118942964014
2009-07-16,9171.307226147612
2009-07-17,9115.525997511491
2009-07-20,9024.891415145259
2009-07-21,9109.929074024834
2009-07-22,9036.121232220727
2009-07-23,9112.530400580526
2009-07-24,9439.577801941412
2009-07-27,9436.615953788154
2009-07-28,9654.081785415825
2009-07-29,9558.82086675243
2009-07-30,9584.450901025837
2009-07-31,9642.2735551621
2009-08-03,9529.849251438065
2009-08-04,9472.788013575813
2009-08-05,9492.42932497549
2009-08-06,9611.87733990365
2009-08-07,9652.793112398782
2009-08-10,9853.029705830426
2009-08-11,9783.022065855801
2009-08-12,9805.038593187217
2009-08-13,9672.990935449523
2009-08-14,9677.91687167679
2009-08-17,9565.95216207768
2009-08-18,9586.303221093585
2009-08-19,9592.485649352331
2009-08-20,9583.236596920076
2009-08-21,9628.600836163672
2009-08-24,9750.484934604396
2009-08-25,9963.047293812866
2009-08-26,9905.22203295225
2009-08-27,9730.186820318931
2009-08-28,9927.996470331702
2009-08-31,9968.497834162756
2009-09-01,9851.18378613229
2009-09-02,9757.577918760586
2009-09-03,10034.247652822145
2009-09-04,10444.517790896018
2009-09-07,10462.381652651433
2009-09-08,10301.105474291868
2009-09-09,10093.695668151713
2009-09-10,10021.137977703047
2009-09-11,9944.911866317745
2009-09-14,10061.597601667047
2009-09-15,10074.902689663993
2009-09-16,10073.175135987532
2009-09-17,10434.917326524448
2009-09-18,10358.702051616558
2009-09-22,10408.916035746304
2009-09-23,10258.415001909685
2009-09-24,10495.300235100238
2009-09-25,10702.05261910591
2009-09-29,10595.506177027386
2009-09-30,10520.821294594265
2009-10-01,10593.75528044942
2009-10-05,10670.301174042888
2009-10-06,10598.753610404532
2009-10-07,10719.304601070799
2009-10-08,10806.807897478177
2009-10-09,10613.698360400887
2009-10-12,10679.140494836483
2009-10-14,10666.560046411258
2009-10-15,10670.919817207177
2009-10-16,10947.93158456902
2009-10-20,10967.011903929932
2009-10-21,10914.890227579759
2009-10-22,11176.297002853162
2009-10-23,11672.045638315114
2009-10-26,11807.375226572176
2009-10-27,11819.478449788756
2009-10-28,11664.586563233184
2009-10-29,11960.359398174915
2009-10-30,12170.519342515368
2009-11-03,12183.952896272154
2009-11-04,12078.194335660282
2009-11-05,12192.904975315822
2009-11-06,12254.948371142935
2009-11-09,12238.975700613963
2009-11-10,12292.714840479692
2009-11-11,12157.086937391414
2009-11-12,12118.502177764802
2009-11-13,12005.14652074017
2009-11-16,11988.52753579977
2009-11-17,11816.40661831737
2009-11-18,11780.22181314443
2009-11-19,11734.78624795192
2009-11-20,11627.221945920974
2009-11-23,11608.831835798137
2009-11-24,11532.669931055636
2009-11-25,11644.790565677333
2009-11-26,11655.932070887042
2009-11-27,11591.25455111808
2009-11-30,11438.56498395245
2009-12-01,11338.741913985239
2009-12-02,11239.113365736526
2009-12-03,11294.664216279914
2009-12-04,11077.390964529004
2009-12-07,11208.79687012035
2009-12-08,11046.741104241311
2009-12-09,11149.382195097935
2009-12-10,11412.941430975776
2009-12-11,11571.214305762067
2009-12-14,11652.274228637367
2009-12-15,11904.18829479227
2009-12-16,11946.814637906959
2009-12-17,12260.971546751789
2009-12-18,12326.87451007358
2009-12-21,12430.76088371618
2009-12-22,12460.308968364568
2009-12-23,12062.054402573996
2009-12-24,12150.818577051772
2009-12-29,12272.670651551416
2009-12-30,12305.407715162613
2009-12-31,12021.43529581839
2010-01-04,12177.10336401194
2010-01-05,11902.681773310132
2010-01-06,12126.583521174443
2010-01-07,12052.073326325162
2010-01-08,12081.438017374183
2010-01-11,11982.59936846827
2010-01-12,11993.933404202518
2010-01-13,11841.661043425382
2010-01-14,11872.355423866968
2010-01-15,12021.904308150442
2010-01-18,12313.494210922501
2010-01-19,12382.84463969899
2010-01-20,12389.703700665348
2010-01-21,12506.480480048607
2010-01-22,12623.43854472137
2010-01-25,12703.752711336747
2010-01-27,12876.788236454831
2010-01-28,12983.130772317783
2010-01-29,13302.686589613191
2010-02-01,13015.239887506943
2010-02-02,13274.587633340887
2010-02-03,13243.157092190319
2010-02-04,13505.106080449159
2010-02-05,13312.412223489864
2010-02-08,13399.561749289165
2010-02-09,13371.544505144033
2010-02-10,13383.929455785545
2010-02-11,13337.615496102268
2010-02-15,13454.60991318943
2010-02-16,13577.93962158911
2010-02-17,13268.669152781205
2010-02-18,13417.088628197074
2010-02-19,13112.428397414844
2010-02-22,13202.289943602706
2010-02-23,13308.052756910425
2010-02-24,13174.427887893107
2010-02-25,12840.95044194152
2010-02-26,13163.919152895318
2010-03-02,13024.662830871974
2010-03-03,12783.15655378997
2010-03-04,12702.565928551587
2010-03-05,12747.026960423482
2010-03-08,12822.082919225018
2010-03-09,12800.386526508933
2010-03-10,13281.299857690681
2010-03-11,13219.129762268167
2010-03-12,13266.751476940852
2010-03-15,13372.409523907878
2010-03-16,13431.84207634391
2010-03-17,13714.697571266097
2010-03-18,13780.941256734906
2010-03-19,13805.925050919039
2010-03-22,13651.733057410342
2010-03-23,13511.247872942937
2010-03-25,13347.786209376702
2010-03-26,13412.561365007945
2010-03-29,13480.443424655228
2010-03-30,13405.706935602535
2010-03-31,13177.316439432198
2010-04-01,13217.099986976422
2010-04-05,13420.672183106266
2010-04-06,13397.223728018447
2010-04-07,13393.806943307567
2010-04-08,13411.578101474994
2010-04-09,13540.282225732262
2010-04-12,13478.324026552338
2010-04-13,13247.789085033772
2010-04-15,13449.615730519652
2010-04-16,13575.450519868355
2010-04-19,13408.71539092248
2010-04-20,13233.662192915981
2010-04-21,13086.190990986956
2010-04-22,13056.914138664226
2010-04-23,13156.165585036626
2010-04-26,13382.521193956953
2010-04-27,13117.341605247053
2010-04-28,13208.571117152711
2010-04-29,13222.702532220152
2010-04-30,13171.209636338217
2010-05-03,13039.842558755143
2010-05-04,13367.341105180987
2010-05-05,13527.866669573234
2010-05-06,13469.12658899781
2010-05-07,13198.155159746919
2010-05-10,13185.073324524541
2010-05-11,12944.357003399438
2010-05-12,13102.630552552586
2010-05-13,12982.550591346693
2010-05-14,12757.734947520694
2010-05-17,12963.150053462303
2010-05-18,12748.20679094319
2010-05-19,12755.568579479983
2010-05-20,12573.3349892551
2010-05-21,12607.01574743558
2010-05-24,12938.12886971931
2010-05-25,12951.970091120082
2010-05-26,12533.596060593723
2010-05-27,12687.065084383994
2010-05-28,12523.5913877424
2010-05-31,12812.470016289466
2010-06-01,12454.043501653514
2010-06-02,12423.996803723612
2010-06-03,12658.304177078266
2010-06-04,12618.254838242845
2010-06-07,12462.96484490646
2010-06-08,12300.842633571863
2010-06-09,12214.28139330046
2010-06-10,12334.221723882532
2010-06-11,12154.877673811205
2010-06-14,12074.667877561169
2010-06-15,11960.642449431854
2010-06-16,11994.460301755244
2010-06-17,12414.129135502588
2010-06-18,12386.017858602803
2010-06-21,12430.04356052328
2010-06-22,12562.459387169845
2010-06-23,12411.099052817579
2010-06-24,12364.592458767102
2010-06-25,12060.55038071826
2010-06-28,12115.821967857986
2010-06-29,12106.09250809432
2010-06-30,12149.265655942196
2010-07-01,12263.994100366988
2010-07-02,12264.131077657274
2010-07-05,12323.011189702242
2010-07-06,12185.834264043691
2010-07-07,12519.426825276252
2010-07-08,12738.908517282149
2010-07-09,13093.193814909506
2010-07-12,13019.282519591477
2010-07-13,12902.900821757928
2010-07-14,12836.398662643878
2010-07-15,13018.13460008045
2010-07-16,12955.452113025596
2010-07-19,12634.949177223494
2010-07-20,12886.537272535285
2010-07-21,13142.486982707273
2010-07-22,13102.10739731905
2010-07-23,13094.43284697934
2010-07-26,12909.910001987077
2010-07-27,12901.11754144609
2010-07-28,12880.171273885122
2010-07-29,12899.44001830352
2010-07-30,12940.743093720657
2010-08-02,13254.737570890096
2010-08-03,13205.811152950124
2010-08-04,13118.73973504701
2010-08-05,13142.872937503873
2010-08-06,12981.142268200585
2010-08-09,12858.434798694056
2010-08-10,12736.37357125001
2010-08-11,12857.624064226115
2010-08-12,12847.05397975001
2010-08-13,12888.510261589949
2010-08-16,12808.895450709462
2010-08-17,12709.782688277657
2010-08-18,12816.12078560065
2010-08-19,12967.16161765362
2010-08-20,12838.384607013159
2010-08-23,13078.362680396851
2010-08-24,13259.440450458838
2010-08-25,13251.517411936868
2010-08-26,13103.270772453228
2010-08-27,12933.848322391737
2010-08-30,13151.846163494003
2010-08-31,13391.015395304541
2010-09-01,13562.860830210318
2010-09-02,13221.277117826952
2010-09-03,13491.768540990033
2010-09-06,13614.21231282262
2010-09-07,13521.179252305665
2010-09-08,13392.106671638921
2010-09-09,13623.026067197963
2010-09-13,13927.883172713684
2010-09-14,13582.480138242274
2010-09-15,13581.217946531315
2010-09-16,13324.999975331017
2010-09-17,13207.018786825975
2010-09-20,13366.834348621376
2010-09-21,13280.798828043255
2010-09-22,13394.018355143702
2010-09-23,13367.625078122204
2010-09-24,13444.087191278208
2010-09-27,13346.112833240844
2010-09-28,13300.807642912407
2010-09-29,13592.05276647409
2010-09-30,13720.156774670126
2010-10-01,13821.302755792922
2010-10-04,14044.555627637388
2010-10-05,13956.960614258373
2010-10-06,13785.487935154331
2010-10-07,14347.420299318484
2010-10-08,14461.492240956497
2010-10-11,14717.037999711212
2010-10-12,14944.602204506104
2010-10-13,14965.49734395294
2010-10-14,14849.798509541264
2010-10-15,14869.041249140872
2010-10-18,14573.759878628214
2010-10-19,14448.599550788938
2010-10-20,14460.700525226992
2010-10-21,14541.042524810227
2010-10-22,14391.968372137773
2010-10-25,14693.851001858875
2010-10-26,14978.166375450051
2010-10-27,15231.29755858812
2010-10-28,15245.406565982441
2010-10-29,15185.193706386977
2010-11-01,15054.416347575465
2010-11-02,14845.853951912657
2010-11-03,15040.020533442235
2010-11-04,14984.773053555036
2010-11-08,14895.660648129835
2010-11-09,14761.469637319615
2010-11-10,14894.539603814012
2010-11-11,15049.15519701161
2010-11-12,15056.55892345144
2010-11-15,14746.973088812907
2010-11-16,14743.856554063284
2010-11-18,14905.459261405977
2010-11-19,14780.795783762285
2010-11-22,15036.783744902114
2010-11-23,14676.07947337048
2010-11-24,14782.701463639498
2010-11-25,14652.143849953824
2010-11-26,14422.094043266101
2010-11-29,14501.190936738843
2010-11-30,14361.293933356083
2010-12-01,14324.788593672147
2010-12-02,14088.464757735584
2010-12-03,13906.540698411876
2010-12-06,13689.94231719483
2010-12-07,13638.220661691279
2010-12-08,13520.169541357665
2010-12-09,13577.874218683924
2010-12-10,13616.475558335362
2010-12-13,13557.596112750012
2010-12-14,13722.768710437014
2010-12-15,13837.764167386902
2010-12-16,13897.759449807294
2010-12-20,14117.093390345666
2010-12-21,14206.780080112745
2010-12-22,14055.446669401394
2010-12-23,13712.09150756078
2010-12-24,13159.108457349663
2010-12-27,13457.318117733053
2010-12-28,13540.931975637439
2010-12-29,13508.55388408332
2010-12-30,13510.883870395639
2010-12-31,13421.54696907211
2011-01-03,13684.320944847692
2011-01-04,13468.95537377582
2011-01-05,13355.198283396792
2011-01-06,13180.744290747953
2011-01-07,13296.549204327119
2011-01-10,13271.167166121539
2011-01-11,12966.064216792718
2011-01-12,12890.572665208732
2011-01-13,13021.540560233643
2011-01-14,13009.965348301746
2011-01-17,13011.999179911221
2011-01-18,13085.546174104848
2011-01-19,13161.275926400482
2011-01-20,13083.149908831638
2011-01-21,13232.930950379563
2011-01-24,13123.988925276524
2011-01-25,12996.584616204444
2011-01-27,13004.765086668256
2011-01-28,12946.50924043793
2011-01-31,13021.240058748686
2011-02-01,13252.09571307716
2011-02-02,13093.535805104406
2011-02-03,13075.18214505288
2011-02-04,13186.338888005199
2011-02-07,13124.06935458122
2011-02-08,13317.019272396044
2011-02-09,13490.861133337228
2011-02-10,13487.34885188541
2011-02-11,13435.872406466777
2011-02-14,13748.203924975918
2011-02-15,13746.7896991303
2011-02-16,13745.557413747247
2011-02-17,13991.111057879983
2011-02-18,13896.239832985066
2011-02-21,13806.319013282044
2011-02-22,13852.80953402612
2011-02-23,14166.912411579651
2011-02-24,14207.828315916178
2011-02-25,14578.627967707918
2011-02-28,14483.769229697416
2011-03-01,14313.855410214468
2011-03-03,14189.540844278026
2011-03-04,14261.919360170274
2011-03-07,14560.360448538353
2011-03-08,14482.446915537575
2011-03-09,14666.087612813963
2011-03-10,14564.142353481351
2011-03-11,14460.741764932549
2011-03-14,14832.211238939628
2011-03-15,15015.201320554555
2011-03-16,15110.004702151324
2011-03-17,14696.960829902184
2011-03-18,14636.52199277248
2011-03-21,14349.437706460114
2011-03-22,14584.42334923454
2011-03-23,15033.617943066854
2011-03-24,15025.763968192012
2011-03-25,15156.451548972287
2011-03-28,15317.337861552609
2011-03-29,15170.782398548054
2011-03-30,15719.693482204724
2011-03-31,15844.97672107557
2011-04-01,16061.206661312395
2011-04-04,16083.553908040129
2011-04-05,15795.823441165785
2011-04-06,15486.751733807945
2011-04-07,15422.138664141226
2011-04-08,15483.165707019236
2011-04-11,15501.61939883025
2011-04-13,15563.916473845547
2011-04-15,15622.269083118072
2011-04-18,15677.873193331898
2011-04-19,15703.785052365627
2011-04-20,15838.692595006674
2011-04-21,15482.156603538508
2011-04-25,15468.226027924471
2011-04-26,15794.742509135978
2011-04-27,15772.32036968859
2011-04-28,15698.924136298028
2011-04-29,15719.117549257382
2011-05-02,15778.03215510255
2011-05-03,15668.894915702203
2011-05-04,15800.286731554423
2011-05-05,15779.413447439942
2011-05-06,15634.56669218144
2011-05-09,15448.389542771349
2011-05-10,15664.946544762
2011-05-11,15852.759773511889
2011-05-12,15674.212326838673
2011-05-13,15843.978613520241
2011-05-16,15847.897412445365
2011-05-17,15940.440891184184
2011-05-18,15936.099114224258
2011-05-19,15913.772092977079
2011-05-20,16087.658316949348
2011-05-23,16307.438226414291
2011-05-24,16331.657332938963
2011-05-25,16118.72593733865
2011-05-26,16065.161520827887
2011-05-27,16003.518399438326
2011-05-30,16128.997916021048
2011-06-01,16127.989590771409
2011-06-02,16007.960127469656
2011-06-03,16095.566921115013
2011-06-06,16412.22135088351
2011-06-07,16841.079127599907
2011-06-08,16824.538835616135
2011-06-09,16952.635804787507
2011-06-10,17004.970295372957
2011-06-13,16814.9182314799
2011-06-14,16774.88796064639
2011-06-15,17086.529186190208
2011-06-16,16875.117400118008
2011-06-17,17023.462608795013
2011-06-20,16904.640955462088
2011-06-21,16418.700513178603
2011-06-22,16119.809450192506
2011-06-23,16122.399252313213
2011-06-24,16163.291521583853
2011-06-27,15894.958547943244
2011-06-28,15937.74457673702
2011-06-29,15890.444218775685
2011-06-30,16037.617576328175
2011-07-01,16168.762280633846
2011-07-04,16034.873944502337
2011-07-05,16032.803957360367
2011-07-06,15809.961274905734
2011-07-07,15851.293577167376
2011-07-08,16026.84003229114
2011-07-11,16126.221251613268
2011-07-12,16100.961218874487
2011-07-13,16134.499393311542
2011-07-15,16070.384195424524
2011-07-18,16063.789872149226
2011-07-19,16016.995318732917
2011-07-20,15948.884552167281
2011-07-21,16002.544988627797
2011-07-22,16058.207337234337
2011-07-25,15750.139741731888
2011-07-26,15840.572686393523
2011-07-27,16025.091963156261
2011-07-28,16200.173710656096
2011-07-29,15715.459482588403
2011-08-01,15765.60984645063
2011-08-02,15792.6072043159
2011-08-03,15564.321326041692
2011-08-04,15451.432604906231
2011-08-05,15330.528501865898
2011-08-08,15289.583476591552
2011-08-09,15178.494595621292
2011-08-10,15061.485896660972
2011-08-11,15014.623175530467
2011-08-12,14922.55856590219
2011-08-16,14675.10430129518
2011-08-17,14955.319882951206
2011-08-18,14643.395746533692
2011-08-19,14527.159676837737
2011-08-22,14738.635071379322
2011-08-23,14867.30982993494
2011-08-24,14744.647034194644
2011-08-25,14754.689324997351
2011-08-26,14707.81700435448
2011-08-29,14797.05729726234
2011-08-30,14816.84902889823
2011-09-02,15007.094741287554
2011-09-05,15293.30014541309
2011-09-06,15204.264571385098
2011-09-07,15265.670014873072
2011-09-08,15325.16998960991
2011-09-09,15597.07129868207
2011-09-12,15610.097677190015
2011-09-13,15635.388017025887
2011-09-14,15995.599415887747
2011-09-15,16011.61426391546
2011-09-16,16027.810621871968
2011-09-19,16505.429597626695
2011-09-20,16637.056914909484
2011-09-21,16255.481545075469
2011-09-22,16290.702228311298
2011-09-23,16235.000021719507
2011-09-26,16277.777636467874
2011-09-27,16361.948656966075
2011-09-28,16113.964538112137
2011-09-29,15932.818961144394
2011-09-30,15775.978036889157
2011-10-03,15678.433928426075
2011-10-04,15658.463545391858
2011-10-05,15863.375724578736
2011-10-07,15636.598072905086
2011-10-10,15543.465572389276
2011-10-11,15846.524371071215
2011-10-12,15662.683753530415
2011-10-13,15858.246080271823
2011-10-14,15924.279978989314
2011-10-17,16187.293980755845
2011-10-18,16324.61982887441
2011-10-19,16495.607198475143
2011-10-20,16380.679882632327
2011-10-21,16379.287706360023
2011-10-24,16402.241513522713
2011-10-25,16404.884656743656
2011-10-28,16614.113591064
2011-10-31,16397.248897278612
2011-11-01,16520.248250786146
2011-11-02,16718.334341285114
2011-11-03,16925.803915469776
2011-11-04,16775.35046344284
2011-11-08,16563.742531199885
2011-11-09,16589.998254069556
2011-11-11,16544.35732368891
2011-11-14,16402.48764706457
2011-11-15,16258.414997518317
2011-11-16,16301.287665234062
2011-11-17,16239.300723306995
2011-11-18,16091.184644684845
2011-11-21,16450.522261167207
2011-11-22,16291.393509599822
2011-11-23,16056.846586990041
2011-11-25,15898.787706870311
2011-11-28,15988.607715319871
2011-11-29,15969.387558818917
2011-11-30,16017.52883741112
2011-12-01,15734.93053565256
2011-12-02,15302.089047609725
2011-12-05,15441.150287990366
2011-12-07,15280.639745632017
2011-12-08,15337.62962171434
2011-12-09,15483.206062660938
2011-12-12,15565.701975634349
2011-12-13,15294.581817753344
2011-12-14,15114.844740066683
2011-12-15,14826.348511068485
2011-12-16,14873.517807476119
2011-12-19,14934.911481631525
2011-12-20,14971.671821675667
2011-12-21,14786.013697379492
2011-12-22,14901.099616003528
2011-12-23,15093.147733298601
2011-12-27,15482.152438216266
2011-12-28,15894.974889438061
2011-12-29,16098.241615769117
2011-12-30,15910.746535878983
2012-01-03,15969.730480483646
2012-01-04,15995.986407147142
2012-01-05,15997.359379448886
2012-01-06,15850.055456759055
2012-01-09,15634.231674205545
2012-01-10,15429.510442558223
2012-01-11,15506.413500899716
2012-01-12,15451.952019584834
2012-01-13,15571.058811057159
2012-01-16,15465.938946066512
2012-01-17,15715.93302436144
2012-01-18,15778.83904924413
2012-01-19,15695.828150856925
2012-01-20,15569.385906774058
2012-01-23,15943.566508276452
2012-01-24,16305.656735571054
2012-01-25,16908.413101095783
2012-01-27,16623.956686654252
2012-01-30,16421.76400158678
2012-01-31,15888.500708352294
2012-02-01,15713.984181562506
2012-02-02,16046.06269350796
2012-02-03,15991.204016401667
2012-02-06,16108.730179133872
2012-02-07,16467.475236982307
2012-02-08,16611.42799574534
2012-02-09,16693.338294327954
2012-02-10,16841.301839044005
2012-02-13,16895.586055973286
2012-02-14,16771.505128928402
2012-02-15,16573.334344805164
2012-02-16,16423.28333985822
2012-02-17,16504.256844696283
2012-02-21,16492.89664466096
2012-02-22,16520.735792570056
2012-02-23,17065.90894167674
2012-02-24,17559.72274199796
2012-02-27,17682.80809015326
2012-02-28,17538.722763055426
2012-02-29,17272.18468352659
2012-03-01,17684.165380018836
2012-03-02,17239.507318657314
2012-03-05,17404.440331825987
2012-03-06,17607.004517501147
2012-03-07,17431.470497886618
2012-03-09,17164.747145115543
2012-03-12,17107.402560462342
2012-03-13,17240.156331086968
2012-03-14,16989.189441646624
2012-03-15,16997.67853795209
2012-03-16,17188.25057264337
2012-03-19,16984.31292608495
2012-03-20,17276.97329573226
2012-03-21,17522.308492177974
2012-03-22,17592.73442729639
2012-03-23,17927.867137941983
2012-03-26,17975.52457954916
2012-03-27,17794.569711037646
2012-03-28,17658.234630441904
2012-03-29,17580.190749908903
2012-03-30,17402.50471057274
2012-04-02,17658.527698125647
2012-04-03,17486.63064522033
2012-04-04,17194.39631881725
2012-04-09,17423.698577352956
2012-04-10,17364.10828632652
2012-04-11,17525.768042111224
2012-04-12,18252.31554826284
2012-04-13,18212.130055059355
2012-04-16,18626.27224269257
2012-04-17,18613.708980887597
2012-04-18,18263.7098765996
2012-04-19,18347.64770844378
2012-04-20,18430.381668078488
2012-04-23,18372.15164782675
2012-04-24,18422.075986418058
2012-04-25,18343.96832393379
2012-04-26,18340.816866001405
2012-04-27,17516.160135995167
2012-04-30,17258.6911318963
2012-05-02,17307.66297328479
2012-05-03,17264.545314092516
2012-05-04,17136.55710490262
2012-05-07,17442.320375190968
2012-05-08,17482.289860338224
2012-05-09,17702.169814559733
2012-05-10,17944.164027640036
2012-05-11,18816.7222097718
2012-05-14,18683.909401555917
2012-05-15,18577.015345414173
2012-05-16,18313.695103848404
2012-05-17,18664.193427426373
2012-05-18,18597.2186781163
2012-05-22,18129.654912727863
2012-05-23,18297.14926834057
2012-05-24,18378.762922993585
2012-05-25,18409.508429335456
2012-05-28,18344.375223351763
2012-05-29,18357.67280727686
2012-05-30,18219.41829596328
2012-05-31,18165.391347880868
2012-06-01,18324.935929922103
2012-06-04,17906.366599461795
2012-06-05,18023.443601101357
2012-06-06,17791.113483540063
2012-06-07,17542.562249102008
2012-06-08,17198.97969047351
2012-06-11,17038.614058408486
2012-06-12,17216.832143505595
2012-06-13,17424.531512282192
2012-06-14,17670.325600463577
2012-06-15,17677.928887982456
2012-06-18,17463.572586250393
2012-06-19,17401.95764644001
2012-06-20,17422.532948702617
2012-06-21,17000.821544841798
2012-06-22,16975.546622775284
2012-06-25,16811.770894711135
2012-06-26,16760.725209407887
2012-06-27,17018.550789713943
2012-06-28,16835.706558626054
2012-06-29,16741.927811673722
2012-07-02,17222.158300051622
2012-07-03,17319.023138601577
2012-07-04,17221.93858067694
2012-07-05,17167.832728529887
2012-07-06,17485.229521650796
2012-07-09,17684.08361750556
2012-07-10,17789.422198767104
2012-07-11,17725.685241984025
2012-07-12,17675.389117887018
2012-07-13,17327.943625297066
2012-07-16,17294.320233356106
2012-07-17,17446.59910140515
2012-07-18,17537.868125574943
2012-07-19,17241.271203128566
2012-07-20,17095.399074601915
2012-07-23,17368.143352524134
2012-07-24,17591.71239783315
2012-07-25,17598.811773545745
2012-07-26,17461.670925060705
2012-07-27,17487.187078544142
2012-07-30,17472.673204383645
2012-07-31,17515.81409177024
2012-08-01,17496.91981441133
2012-08-02,17213.014765329805
2012-08-03,16907.828904639267
2012-08-06,17366.21845543748
2012-08-07,18039.540832682327
2012-08-08,17708.861900961718
2012-08-09,17565.5561209898
2012-08-10,18008.009170454803
2012-08-13,17839.309088004145
2012-08-14,17881.190594245203
2012-08-16,17898.853452849457
2012-08-17,18187.649788546412
2012-08-21,18027.52989884209
2012-08-22,18114.178209018908
2012-08-23,18086.65424732147
2012-08-24,17701.08149503744
2012-08-27,17369.74981743259
2012-08-29,17633.310765979204
2012-08-30,17551.084902982228
2012-08-31,17492.942463546762
2012-09-03,17656.26983001771
2012-09-04,17734.51699631164
2012-09-05,17757.91302140426
2012-09-06,18419.260001315164
2012-09-07,18200.025938149727
2012-09-10,18147.380635271868
2012-09-11,18412.11357571454
2012-09-12,18500.64447704481
2012-09-13,18214.3876435415
2012-09-14,17635.263909364443
2012-09-17,17538.141728277627
2012-09-18,17790.851797523846
2012-09-20,17618.17739123389
2012-09-21,17812.0842775883
2012-09-24,17650.924838114628
2012-09-25,17773.886301279053
2012-09-26,17780.786529153353
2012-09-27,17502.23998696612
2012-09-28,17591.67884300303
2012-10-01,18095.71318452871
2012-10-03,18249.58503363911
2012-10-04,18207.09393057821
2012-10-05,18467.257106785135
2012-10-08,18245.80598335185
2012-10-09,18357.251990877365
2012-10-10,18183.7306241094
2012-10-11,17970.443948366163
2012-10-12,18462.91352759743
2012-10-15,18535.50391648947
2012-10-16,18999.50899911901
2012-10-17,18922.77318458845
2012-10-18,19070.512936774303
2012-10-19,19000.345495910093
2012-10-22,18842.538018017232
2012-10-23,18771.595951678897
2012-10-25,18981.28655750725
2012-10-29,18871.20861077704
2012-10-30,19067.916014073704
2012-10-31,19306.2763902748
2012-11-01,19495.1678759549
2012-11-02,19326.11935577509
2012-11-05,19676.942770610574
2012-11-06,20045.237375044297
2012-11-07,20176.364588789318
2012-11-08,20103.502123035072
2012-11-09,20063.336094329195
2012-11-12,19860.811525160014
2012-11-15,20014.093558794135
2012-11-16,19963.551386679803
2012-11-19,20301.091919683626
2012-11-20,20209.57961253718
2012-11-21,20571.59940457101
2012-11-22,20642.955224750935
2012-11-23,20786.068097362222
2012-11-26,20773.347521076852
2012-11-27,20350.710414320292
2012-11-29,20721.583656027782
2012-11-30,20793.67386321773
2012-12-03,20307.696433734433
2012-12-04,20155.42520479756
2012-12-05,20044.93255902086
2012-12-06,19776.76137370241
2012-12-07,19977.129955075063
2012-12-10,20214.91880990182
2012-12-11,20062.475768502918
2012-12-12,20215.757499714695
2012-12-13,20557.439063760743
2012-12-14,20614.587066644937
2012-12-17,20406.898826047996
2012-12-18,19893.88520953814
2012-12-19,20276.754228710033
2012-12-20,20279.844149371194
2012-12-21,20185.343681765553
2012-12-24,20058.5926598673
2012-12-26,20012.564189485547
2012-12-27,20355.98977786377
2012-12-28,20193.484861824934
2012-12-31,20266.312717692275
2013-01-02,19952.708542541623
2013-01-03,19811.48505980574
2013-01-04,19927.537382431514
2013-01-07,19962.819526152936
2013-01-08,20291.739524116423
2013-01-09,20216.103140856107
2013-01-10,19828.992299388978
2013-01-11,19869.64736993712
2013-01-14,20064.466398724362
2013-01-15,20164.263186959564
2013-01-16,20430.903304299438
2013-01-17,20287.04212469587
2013-01-18,19133.600822439057
2013-01-21,18974.068975761107
2013-01-22,18866.50398156184
2013-01-23,18692.461251803026
2013-01-24,18417.17181394466
2013-01-25,18477.67489042432
2013-01-28,18095.990312187725
2013-01-29,17695.852189438465
2013-01-30,17485.287821520007
2013-01-31,17430.044928783012
2013-02-01,17854.034450908806
2013-02-04,18034.174710520318
2013-02-05,18273.422218147123
2013-02-06,18294.418835736673
2013-02-07,18228.743697799062
2013-02-08,18318.629831830596
2013-02-11,18484.717344483422
2013-02-12,18480.473493195826
2013-02-13,19140.10915837775
2013-02-14,19762.63728689832
2013-02-15,20336.613328452197
2013-02-18,20576.589892943797
2013-02-19,20634.912033272318
2013-02-20,20588.294615070598
2013-02-21,20988.152739734156
2013-02-22,21376.031783902585
2013-02-25,21324.90547353598
2013-02-26,21322.66056425671
2013-02-27,21186.6458565921
2013-02-28,21441.65247066498
2013-03-01,21626.820201015544
2013-03-04,21931.824145247276
2013-03-05,21810.727025703694
2013-03-06,21731.489607093325
2013-03-07,21549.284838254807
2013-03-08,21647.33153190388
2013-03-11,21335.91309178592
2013-03-12,21179.107692543846
2013-03-13,21149.36450184968
2013-03-14,21371.622902076368
2013-03-15,21495.903782113506
2013-03-18,21266.61022553532
2013-03-19,21771.811530057927
2013-03-20,22232.00147893608
2013-03-21,21799.80929766779
2013-03-22,21814.994884283275
2013-03-25,22006.861093099815
2013-03-26,22068.098171253874
2013-03-28,22109.531176160348
2013-04-01,21554.514990352487
2013-04-02,21389.126726481863
2013-04-03,21384.85066179423
2013-04-04,21525.30829841681
2013-04-05,21655.157200671227
2013-04-08,21595.752183009277
2013-04-09,21997.445779464175
2013-04-10,21820.55644280224
2013-04-11,21721.28518485516
2013-04-12,21116.237222200714
2013-04-15,21157.82013112437
2013-04-16,21400.07804737802
2013-04-17,21230.185649652292
2013-04-18,21231.67101853457
2013-04-22,20869.5916239902
2013-04-23,20951.06731763514
2013-04-25,20964.70296607144
2013-04-26,20375.81424856149
2013-04-29,20284.009524167417
2013-04-30,20330.531982771532
2013-05-02,20862.938630467874
2013-05-03,20932.03551129662
2013-05-06,20961.161929795402
2013-05-07,21337.574340939587
2013-05-08,20635.881698968926
2013-05-09,20781.288590241427
2013-05-10,20480.13167822387
2013-05-13,19995.796632965303
2013-05-14,19863.04037889813
2013-05-15,19875.642570896278
2013-05-16,19543.98299061128
2013-05-17,19198.810673215576
2013-05-20,18394.02112978232
2013-05-21,18441.028252135548
2013-05-22,18415.97266710954
2013-05-23,18712.899178287418
2013-05-24,19010.93031323298
2013-05-27,18974.18562330922
2013-05-28,19171.36803490293
2013-05-29,19297.331463184575
2013-05-30,19456.520030380958
2013-05-31,19688.42857647109
2013-06-03,20114.981362678907
2013-06-04,19854.757644403082
2013-06-05,19970.73816638746
2013-06-06,20350.649283725626
2013-06-07,20033.230606786732
2013-06-10,20098.47408154323
2013-06-11,19979.90661751258
2013-06-12,19717.728200073634
2013-06-13,20253.38734904825
2013-06-14,20484.5197593553
2013-06-17,20431.11463367514
2013-06-18,20653.168974040538
2013-06-19,20888.969022864538
2013-06-20,20891.379197260856
2013-06-21,20960.54995621954
2013-06-24,21316.85442242572
2013-06-25,20946.2343840889
2013-06-26,20876.009225678485
2013-06-27,20777.924521258166
2013-06-28,21130.550972580822
2013-07-01,21137.928070948372
2013-07-02,20491.684020648478
2013-07-03,20187.576593992595
2013-07-04,20060.985755059013
2013-07-05,20015.864562950585
2013-07-08,19370.367976127618
2013-07-09,19234.88783094918
2013-07-10,19109.9037144897
2013-07-11,19379.340377568664
2013-07-12,19821.368699282466
2013-07-15,19681.182631313124
2013-07-16,19776.71099029396
2013-07-17,20071.47770762201
2013-07-18,20296.03856259512
2013-07-19,19724.709001992283
2013-07-22,19660.66404636889
2013-07-23,19891.755690215923
2013-07-24,19547.560690864837
2013-07-25,19493.593461009703
2013-07-26,19905.121448616737
2013-07-29,19691.264565907524
2013-07-30,19475.9286892683
2013-07-31,19388.11084881805
2013-08-01,19428.06365864396
2013-08-02,20392.87010235318
2013-08-05,20949.674079729895
2013-08-06,20717.65690366691
2013-08-07,20512.959956525796
2013-08-08,20404.646719542474
2013-08-12,20529.52064275732
2013-08-13,20584.083750588845
2013-08-14,20911.52846262282
2013-08-16,20881.736288258442
2013-08-19,20823.655180289188
2013-08-20,21153.14642832287
2013-08-21,20813.311464264636
2013-08-22,20605.00598690643
2013-08-23,20345.60528123329
2013-08-26,20282.669581703714
2013-08-27,20224.53190510779
2013-08-28,20337.144914671026
2013-08-29,20238.132324165348
2013-08-30,20359.37611546752
2013-09-02,20294.228777001008
2013-09-03,20197.995565056703
2013-09-04,19916.334004501903
2013-09-05,19824.482215496195
2013-09-06,19883.850029313486
2013-09-10,20218.24789054181
2013-09-11,20674.868106953592
2013-09-12,20878.34243843282
2013-09-13,21489.826908308474
2013-09-16,21719.684143083563
2013-09-17,21611.33673178828
2013-09-18,21775.08147142183
2013-09-19,21910.85734583236
2013-09-20,21706.99936359404
2013-09-23,21383.191753567455
2013-09-24,21596.64206260246
2013-09-25,21560.859589445998
2013-09-26,21894.513339227262
2013-09-27,22258.018769012266
2013-09-30,22018.22425910156
2013-10-01,21948.701821745362
2013-10-03,22461.92145422377
2013-10-04,22732.808190934848
2013-10-07,22851.134550251576
2013-10-08,23428.475934308757
2013-10-09,23438.200885680508
2013-10-10,24075.913370587456
2013-10-11,23739.684025104947
2013-10-14,23790.8637988716
2013-10-15,23937.438226110626
2013-10-17,23682.691976137132
2013-10-18,23530.964175271878
2013-10-21,23738.45933565658
2013-10-22,23479.31343886553
2013-10-23,23409.220752078483
2013-10-24,23832.28840774643
2013-10-25,23823.06036376005
2013-10-28,23875.013353473292
2013-10-29,23678.161010916694
2013-10-30,23357.88092202359
2013-10-31,23350.76865328432
2013-11-01,23436.348418220477
2013-11-05,23446.847161012593
2013-11-06,23864.0939431097
2013-11-07,23943.835510891488
2013-11-08,24116.652119729584
2013-11-11,24009.336198863803
2013-11-12,24293.83202361903
2013-11-13,24181.90807225898
2013-11-14,24492.08509496649
2013-11-18,24693.880448130658
2013-11-19,25200.588947600303
2013-11-20,25610.83857841669
2013-11-21,25592.229146635218
2013-11-22,25819.415657063542
2013-11-25,26011.299293335076
2013-11-26,26218.915937372196
2013-11-27,26993.105132186516
2013-11-28,26469.754480507734
2013-11-29,26846.022579999055
2013-12-02,27096.525214772104
2013-12-03,26988.71726502567
2013-12-04,26836.060705740198
2013-12-05,27144.839536619616
2013-12-06,27347.947613868742
2013-12-09,27476.03182915793
2013-12-10,27150.710128690356
2013-12-11,26891.530760087735
2013-12-12,26678.986525491327
2013-12-13,26528.011780854842
2013-12-16,26223.11434977056
2013-12-17,25792.877219602604
2013-12-18,25911.25639834628
2013-12-19,25522.65969543114
2013-12-20,25955.896498836246
2013-12-23,25595.90734011858
2013-12-24,25610.57403747246
2013-12-26,25181.258410604467
2013-12-27,25252.568737771886
2013-12-30,24803.202194489262
2013-12-31,25255.987507995997
2014-01-02,26038.595987053282
2014-01-03,26226.224108126702
2014-01-06,25791.52377878682
2014-01-07,26208.648303949012
2014-01-08,26499.506761062723
2014-01-09,26567.029197471828
2014-01-10,26366.888585526463
2014-01-13,25974.956782306126
2014-01-14,26541.92660325392
2014-01-15,26169.299488925433
2014-01-16,26026.6320288299
2014-01-17,25842.144234964937
2014-01-20,25463.087236797706
2014-01-21,25020.959739911217
2014-01-22,24915.66852189176
2014-01-23,24944.362748955515
2014-01-24,24867.330553905245
2014-01-27,24789.03760576998
2014-01-28,24678.326201548687
2014-01-29,24893.80666260232
2014-01-30,25034.528874498552
2014-01-31,24666.44521618619
2014-02-03,24746.959440206516
2014-02-04,24928.616275236134
2014-02-05,24860.90154183988
2014-02-06,24868.36175692273
2014-02-07,25172.64957467569
2014-02-10,25001.834923844297
2014-02-11,25314.920878606095
2014-02-12,25628.156897892208
2014-02-13,25784.655785199044
2014-02-14,25260.117534595458
2014-02-18,25238.728872910608
2014-02-19,25292.359737908406
2014-02-20,25455.789650122184
2014-02-21,25648.432720619465
2014-02-24,25507.386610426176
2014-02-25,25567.71553630087
2014-02-26,25518.29517802195
2014-02-28,25610.37967541842
2014-03-03,25812.27268977154
2014-03-04,25120.56685445537
2014-03-05,24796.729162028154
2014-03-06,24514.56082364204
2014-03-07,24860.048432731903
2014-03-10,25285.648723601484
2014-03-11,24932.98176295288
2014-03-12,25378.755939650517
2014-03-13,25400.019484467663
2014-03-14,25929.937259211914
2014-03-18,25722.803340541468
2014-03-19,25552.527611092166
2014-03-20,25318.1773622797
2014-03-21,25652.42002868556
2014-03-24,25354.467322191365
2014-03-25,24860.433729455974
2014-03-26,24456.290174221744
2014-03-27,24395.401075433772
2014-03-28,24065.154998045953
2014-03-31,24524.659761534982
2014-04-01,25050.875952904975
2014-04-02,25400.557385140164
2014-04-03,25485.386686290458
2014-04-04,25468.21652114976
2014-04-07,25026.71482198825
2014-04-09,24843.290248388428
2014-04-10,24709.629916413225
2014-04-11,23836.44174895632
2014-04-15,24189.47484585307
2014-04-16,24212.095154918297
2014-04-17,24689.140447411068
2014-04-21,24835.43842663992
2014-04-22,24513.383650282674
2014-04-23,24491.18439992
2014-04-25,24312.67609902158
2014-04-28,24435.589897864866
2014-04-29,25012.345955061253
2014-04-30,25216.436652262204
2014-05-02,24792.320656608117
2014-05-05,24992.71542592034
2014-05-06,25161.801963130278
2014-05-07,25218.28050459651
2014-05-08,25084.220447170923
2014-05-09,24563.540431746787
2014-05-12,24256.26643275727
2014-05-13,24176.987824695832
2014-05-14,24483.06332550282
2014-05-15,24855.050895610002
2014-05-16,24526.235728741878
2014-05-19,24191.696286707862
2014-05-20,24041.32170260403
2014-05-21,23499.837061249353
2014-05-22,23408.61228925411
2014-05-23,23522.201396412078
2014-05-26,23428.356193100273
2014-05-27,23535.280683885067
2014-05-28,23938.48758854442
2014-05-29,23912.21920247917
2014-05-30,23630.330933185607
2014-06-02,24027.994317603654
2014-06-03,24138.26216381014
2014-06-04,23968.903072370776
2014-06-05,24402.290878016138
2014-06-06,24939.305282191526
2014-06-09,25399.1390953194
2014-06-10,25913.375421027882
2014-06-11,26261.588544120757
2014-06-12,26255.678782354084
2014-06-13,26314.232315096833
2014-06-16,26562.53733923036
2014-06-17,26391.36890206093
2014-06-18,26977.733695929346
2014-06-19,27134.64423882563
2014-06-20,26906.025426502634
2014-06-23,26700.99361252634
2014-06-24,27035.208469123056
2014-06-25,26531.391430451866
2014-06-26,25781.203297279135
2014-06-27,26120.662590888835
2014-06-30,26438.77880990398
2014-07-01,26095.50848628444
2014-07-02,26201.243843318294
2014-07-03,26652.51578501892
2014-07-04,26022.549912997776
2014-07-07,25721.105964953556
2014-07-08,25532.490331704823
2014-07-09,25590.16224656084
2014-07-10,25743.159361970684
2014-07-11,26329.935939896674
2014-07-14,26475.26538112067
2014-07-15,26716.06149681058
2014-07-16,26015.43398627934
2014-07-17,26611.00144193041
2014-07-18,26352.246110083648
2014-07-21,25893.379663724038
2014-07-22,25634.472734900126
2014-07-23,25764.165808154376
2014-07-24,25657.656489318462
2014-07-25,25715.33189118735
2014-07-28,25841.948559181717
2014-07-30,25461.3893241609
2014-07-31,25688.733258959564
2014-08-01,25530.045188281383
2014-08-04,25592.781578983624
2014-08-05,25606.17810362105
2014-08-06,25580.347755015497
2014-08-07,25937.99649828865
2014-08-08,26277.366241209336
2014-08-11,26237.339788123216
2014-08-12,26360.480646260512
2014-08-13,26342.4439949096
2014-08-14,26857.657857198217
2014-08-18,27238.18462930814
2014-08-19,27315.92360040251
2014-08-20,27098.283628788307
2014-08-21,27394.1545994507
2014-08-22,27242.91592369044
2014-08-25,27348.742398663486
2014-08-26,27759.453313793056
2014-08-27,27170.9751786994
2014-08-28,27135.37770635663
2014-09-01,27372.778845586745
2014-09-02,26747.27413992327
2014-09-03,27142.807631398595
2014-09-04,27554.894856433337
2014-09-05,27443.53274797017
2014-09-08,27659.458201893347
2014-09-09,27300.197348453625
2014-09-10,27614.13983479143
2014-09-11,27940.061564090145
2014-09-12,27783.44473152437
2014-09-15,27734.10665809955
2014-09-16,28121.454864984833
2014-09-17,27974.90419994709
2014-09-18,27484.11691042826
2014-09-19,27343.448092607712
2014-09-22,27609.566453678286
2014-09-23,27955.078211802207
2014-09-24,28463.080391693267
2014-09-25,28473.394926774734
2014-09-26,28121.698595887505
2014-09-29,27794.70917027991
2014-09-30,28070.523726309508
2014-10-01,28013.919178064607
2014-10-07,28127.75395342836
2014-10-08,28275.053174404093
2014-10-09,28777.760168241315
2014-10-10,28887.70802962956
2014-10-13,29422.553036198056
2014-10-14,29412.93662639569
2014-10-16,29589.645583188125
2014-10-17,28985.3037788814
2014-10-20,28827.091635946792
2014-10-21,29283.887364585746
2014-10-22,29939.58966342601
2014-10-27,30053.187810252373
2014-10-28,29682.526460185345
2014-10-29,29970.92786253292
2014-10-30,29925.432422034344
2014-10-31,29742.430635415454
2014-11-03,29531.213518223107
2014-11-05,29892.119992047818
2014-11-07,30826.47355524263
2014-11-10,30915.12738102533
2014-11-11,31404.6270433663
2014-11-12,31732.934667718695
2014-11-13,31639.355330221068
2014-11-14,31961.609474635574
2014-11-17,31577.528607871413
2014-11-18,31765.35563584449
2014-11-19,31547.751037528215
2014-11-20,31544.20554367185
2014-11-21,31671.99674211958
2014-11-24,31833.015536498766
2014-11-25,31629.898599550364
2014-11-26,31696.81038450725
2014-11-27,32269.972536271904
2014-11-28,32070.34665517897
2014-12-01,31618.624726735547
2014-12-02,31244.098652911765
2014-12-03,30853.817399941556
2014-12-04,31680.701712170503
2014-12-05,31633.35047706842
2014-12-08,31112.502780154406
2014-12-09,31695.220118041037
2014-12-10,31431.418735148607
2014-12-11,31694.490538548147
2014-12-12,31694.87168676704
2014-12-15,31803.18595949445
2014-12-16,32615.199413452643
2014-12-17,32339.00360496331
2014-12-18,32741.934666529058
2014-12-19,32775.618453836505
2014-12-22,31433.34463253365
2014-12-23,31184.594592624548
2014-12-24,30819.826537178047
2014-12-26,31132.627560619614
2014-12-29,31058.763003376574
2014-12-30,30314.803801282447
2014-12-31,30467.634715580483
2015-01-02,30434.710304736393
2015-01-05,30350.91760889272
2015-01-06,30472.9132362966
2015-01-07,30927.07293659172
2015-01-08,31007.60749085552
2015-01-09,31274.42656974948
2015-01-12,31728.23735893346
2015-01-13,31499.461830303484
2015-01-14,31390.80956288539
2015-01-15,31197.699373814026
2015-01-16,30736.465931920135
2015-01-19,30425.402161202193
2015-01-20,30523.185346183694
2015-01-21,30035.43734203677
2015-01-22,30379.31557117976
2015-01-23,30834.268466416805
2015-01-27,31398.453084448756
2015-01-28,31544.37556314055
2015-01-29,31265.643807743054
2015-01-30,31836.443686595325
2015-02-02,31199.331462585516
2015-02-03,31062.332367746614
2015-02-04,31291.06320220319
2015-02-05,32369.40361229895
2015-02-06,32844.57955846023
2015-02-09,32700.615132578263
2015-02-10,31963.050385308034
2015-02-11,31562.978803172973
2015-02-12,31494.44678688773
2015-02-13,31821.383410946026
2015-02-16,31606.92222392159
2015-02-18,31298.007181923895
2015-02-19,31405.709353458908
2015-02-20,31502.78088064178
2015-02-23,31832.20020618874
2015-02-24,31379.329693552292
2015-02-25,30611.081243065222
2015-02-26,29552.836728063307
2015-02-27,29940.09610303534
2015-03-02,30590.160664440147
2015-03-03,30462.211537325074
2015-03-04,31306.868323780916
2015-03-05,31007.882207475974
2015-03-09,31067.665265464668
2015-03-10,30707.74134232572
2015-03-11,30196.1851208874
2015-03-12,29999.43363479775
2015-03-13,29917.545043926664
2015-03-16,29733.83699865649
2015-03-17,30385.24884162946
2015-03-18,30726.531837291135
2015-03-19,30861.955347163
2015-03-20,31379.236619947318
2015-03-23,30670.061615098264
2015-03-24,30775.21574780705
2015-03-25,30825.481013817687
2015-03-26,30254.417326890405
2015-03-27,30576.611292487178
2015-03-30,30480.1572409828
2015-03-31,30390.784591199656
2015-04-01,29633.635295590637
2015-04-06,29983.203724271338
2015-04-07,29761.981548965792
2015-04-08,29792.87969025185
2015-04-09,29920.63432471349
2015-04-10,29949.152611180736
2015-04-13,30531.286550697827
2015-04-16,30292.945587243277
2015-04-17,29813.76219346497
2015-04-20,29336.93278638972
2015-04-21,29029.993636388997
2015-04-22,28846.068709810428
2015-04-23,28292.95107069909
2015-04-24,28172.28187498709
2015-04-27,28214.617279984966
2015-04-28,28400.09513124091
2015-04-29,27586.45521152902
2015-04-30,27429.80086912544
2015-05-04,27637.259953397654
2015-05-05,27818.649356427763
2015-05-06,28257.44996301409
2015-05-07,29246.325504398672
2015-05-08,28965.868801694356
2015-05-11,28985.869430206356
2015-05-12,28659.840547405587
2015-05-13,28878.10181978151
2015-05-14,30020.122569505722
2015-05-15,30348.25788586819
2015-05-18,30069.02616318224
2015-05-19,29921.527582714796
2015-05-20,30208.443337404835
2015-05-21,30561.74212553981
2015-05-22,30240.497552745248
2015-05-25,29762.98683243361
2015-05-26,30118.24333915976
2015-05-27,30199.501546697902
2015-05-28,30107.38324883519
2015-05-29,30425.380847278608
2015-06-01,29890.34979510157
2015-06-02,29586.056306449293
2015-06-03,29330.155350486097
2015-06-04,29743.920261646435
2015-06-05,29269.35655302043
2015-06-08,29483.76340818068
2015-06-09,29268.381621353656
2015-06-10,29186.262429721814
2015-06-11,29365.984079751353
2015-06-12,29043.174586247533
2015-06-15,28855.242267112542
2015-06-16,28659.06164314707
2015-06-17,28850.955827577174
2015-06-18,29145.267772064613
2015-06-19,29683.529229453758
2015-06-22,29575.214988110707
2015-06-23,29670.386242722107
2015-06-24,29409.29738644542
2015-06-25,29208.52376113699
2015-06-26,28779.76528056272
2015-06-29,28790.11278677393
2015-06-30,29010.406508074444
2015-07-01,29020.86083042167
2015-07-02,29622.397282389556
2015-07-03,29750.810483285797
2015-07-06,30519.744199952092
2015-07-07,30207.9275047827
2015-07-08,30626.433540801037
2015-07-09,29970.476879486563
2015-07-10,30422.166038928022
2015-07-13,30736.007756482664
2015-07-14,29523.513792526173
2015-07-15,29654.707066101735
2015-07-16,29654.216146635084
2015-07-17,29618.466757940183
2015-07-20,30226.387699961146
2015-07-21,30504.237993818595
2015-07-22,30936.287704690978
2015-07-23,31015.57152617877
2015-07-24,31619.79717501675
2015-07-27,31781.92365092454
2015-07-28,31779.176831133424
2015-07-29,32050.39022784481
2015-07-30,31974.213898010523
2015-07-31,31508.29184382379
2015-08-03,31716.520337798418
2015-08-04,31322.998569186562
2015-08-05,31836.89469684343
2015-08-06,31998.525086796366
2015-08-07,31946.375486185312
2015-08-10,33095.25893418874
2015-08-11,33389.79917813947
2015-08-12,33612.75255663459
2015-08-13,33303.37533761977
2015-08-14,33627.64861992653
2015-08-17,33905.387816993774
2015-08-18,34226.719658531634
2015-08-19,34547.2627470332
2015-08-20,34122.967798313926
2015-08-21,34334.516205852226
2015-08-24,33257.098497208084
2015-08-25,33095.37983374377
2015-08-26,33130.73447283248
2015-08-27,32526.965322970187
2015-08-28,32228.527019402143
2015-08-31,32216.01851491118
2015-09-01,31907.91020900965
2015-09-02,30771.17018916148
2015-09-03,31192.04194323539
2015-09-04,31320.40395885771
2015-09-07,31729.231577636016
2015-09-08,31187.528062412704
2015-09-09,30916.43437406025
2015-09-10,30591.642379431396
2015-09-11,31330.316235882095
2015-09-14,31077.612809764072
2015-09-15,31245.619992711352
2015-09-16,30737.846552749823
2015-09-18,31826.278563413944
2015-09-21,32122.9322849829
2015-09-22,32591.41597656295
2015-09-23,32215.830239198338
2015-09-24,32810.14231347334
2015-09-28,32709.259773879177
2015-09-29,33046.55847452566
2015-09-30,33442.071637360634
2015-10-01,32625.387741012128
2015-10-05,32232.57020769077
2015-10-06,32810.30685778556
2015-10-07,33081.3653881266
2015-10-08,33112.73255253344
2015-10-09,33125.14186195276
2015-10-12,32738.323882900004
2015-10-13,32853.74314880241
2015-10-14,33430.21030578381
2015-10-15,33844.00357254976
2015-10-16,33861.53142131
2015-10-19,33599.806260568024
2015-10-20,34138.91363112707
2015-10-21,34709.72903672998
2015-10-23,34692.20245945764
2015-10-26,35286.37541944752
2015-10-27,35140.279692434684
2015-10-28,35417.7541987557
2015-10-29,35220.770251266586
2015-10-30,34966.19184220829
2015-11-02,35036.18912376427
2015-11-03,34929.48897087323
2015-11-04,35693.06180088891
2015-11-05,35971.9443934671
2015-11-06,36288.22358008768
2015-11-09,36749.200831552705
2015-11-10,37347.62275714389
2015-11-13,38125.478487822904
2015-11-16,38156.53892617703
2015-11-17,37773.69588159203
2015-11-18,37081.47631030106
2015-11-19,36787.81062073019
2015-11-20,36910.314450516955
2015-11-23,37227.060782035536
2015-11-24,37933.81973036848
2015-11-26,38264.73048829874
2015-11-27,38223.87961047217
2015-11-30,37423.78168657923
2015-12-01,37668.11140621424
2015-12-02,37878.65918436835
2015-12-03,37672.16034336498
2015-12-04,37562.030146880046
2015-12-07,38227.4032610169
2015-12-08,38728.78163768651
2015-12-09,39733.2766913583
2015-12-10,40202.424198457265
2015-12-11,39887.980430246214
2015-12-14,41042.73167773461
2015-12-15,41421.65477748866
2015-12-16,41423.42056008991
2015-12-17,40992.32068170321
2015-12-18,40058.22634458152
2015-12-21,40213.26981713197
2015-12-22,39703.15678031404
2015-12-23,40253.83295983113
2015-12-24,40322.92970547559
2015-12-28,41697.63074319327
2015-12-29,42076.437881083366
2015-12-30,42577.03738727803
2015-12-31,43086.46758563652
2016-01-04,42190.02082273748
2016-01-05,44226.77755986242
2016-01-06,42910.497372432255
2016-01-07,42207.30470743461
2016-01-08,41488.04417207541
2016-01-11,40867.78875999907
2016-01-12,40443.73329036211
2016-01-13,40029.02675078147
2016-01-14,38938.26926191195
2016-01-15,38888.8916688335
2016-01-18,39589.586637564316
2016-01-19,40076.35413112578
2016-01-20,39896.30063893116
2016-01-21,40659.252748433864
2016-01-22,39686.76423259737
2016-01-25,39913.858445694605
2016-01-27,40108.11985187613
2016-01-28,40055.6603366357
2016-01-29,40107.68204456872
2016-02-01,40993.20144261353
2016-02-02,40888.532505667696
2016-02-03,40426.96795013196
2016-02-04,40057.54131420853
2016-02-05,39659.54757146216
2016-02-08,39768.44707947393
2016-02-09,40627.99350989996
2016-02-10,40357.431852102934
2016-02-11,40598.879518989655
2016-02-12,40625.06238145689
2016-02-15,40996.55889680264
2016-02-16,40585.663476079
2016-02-17,40755.30827241972
2016-02-18,41271.39395603283
2016-02-19,41216.94717820816
2016-02-22,41050.5129748491
2016-02-23,41323.05602992894
2016-02-24,40242.54868420942
2016-02-25,40573.31987712459
2016-02-26,40438.69302555971
2016-02-29,40386.85451867248
2016-03-01,40151.11732596257
2016-03-02,40463.9836977697
2016-03-03,40347.213349252335
2016-03-04,39415.655281248786
2016-03-08,39257.050003899065
2016-03-09,39590.23642172887
2016-03-10,39881.12366019488
2016-03-11,39299.75766820726
2016-03-14,38935.57442439235
2016-03-15,39515.94728086216
2016-03-16,38460.61273745967
2016-03-17,38686.24378036212
2016-03-18,37266.25751942707
2016-03-21,37370.02835353972
2016-03-22,37634.889263654906
2016-03-23,37090.31721979809
2016-03-28,36560.51096263343
2016-03-29,36479.993222957266
2016-03-30,38359.66039109953
2016-03-31,38103.298199823446
2016-04-01,38500.34222122315
2016-04-04,37980.63594228503
2016-04-05,38573.33666533055
2016-04-06,38075.386680533804
2016-04-07,37988.98472841228
2016-04-08,38463.35376393346
2016-04-11,38556.2160241913
2016-04-12,37362.29984316841
2016-04-13,37851.53157790684
2016-04-18,37474.82564188628
2016-04-20,38385.389779334335
2016-04-21,38044.13219670905
2016-04-22,38307.26702670376
2016-04-25,37304.54768006874
2016-04-26,37575.373076015916
2016-04-27,37585.47341650909
2016-04-28,37525.80008610698
2016-04-29,37451.71550184024
2016-05-02,37114.8080133052
2016-05-03,36905.88994830323
2016-05-04,36891.21624080256
2016-05-05,36520.792342367306
2016-05-06,36262.79716293844
2016-05-09,35654.611061850126
2016-05-10,35738.5305780553
2016-05-11,35449.39434312636
2016-05-12,35688.78572055576
2016-05-13,35809.27012118042
2016-05-16,36025.81813762788
2016-05-17,36792.255159732194
2016-05-18,37113.027572352505
2016-05-19,37519.13922614295
2016-05-20,37540.54588054609
2016-05-23,38103.24851462826
2016-05-24,38143.455804742836
2016-05-25,38127.40485790818
2016-05-26,37753.04735032396
2016-05-27,37881.536464372126
2016-05-30,37980.2331586654
2016-05-31,37980.95249330607
2016-06-01,37717.56063980814
2016-06-02,37467.006217697
2016-06-03,37294.422207689895
2016-06-06,37307.030711890024
2016-06-07,38465.76045983439
2016-06-08,38819.961191299444
2016-06-09,38854.55585228969
2016-06-10,38874.87054186259
2016-06-13,39052.19092254555
2016-06-14,39050.22423753767
2016-06-15,39442.56577519024
2016-06-16,39925.62688729665
2016-06-17,39069.92487364788
2016-06-20,39254.589963487226
2016-06-21,39202.516370645775
2016-06-22,39519.2149920794
2016-06-23,40096.22585131977
2016-06-24,38965.8172014971
2016-06-27,38747.14301682627
2016-06-28,39226.056369696715
2016-06-29,39017.437355298745
2016-06-30,39322.08280038349
2016-07-01,39249.67791930356
2016-07-04,38917.664441781555
2016-07-05,38881.7299012576
2016-07-07,38987.65912897258
2016-07-08,38743.18370248883
2016-07-11,38878.244046259184
2016-07-12,38895.783206267544
2016-07-13,38771.15099539697
2016-07-14,38427.104359163386
2016-07-15,38516.26564473363
2016-07-18,38681.19947904263
2016-07-19,39015.35759447509
2016-07-20,39093.97285731866
2016-07-21,39462.768154175355
2016-07-22,38951.705382466265
2016-07-25,38610.8715282822
2016-07-26,38747.599241168406
2016-07-27,38926.3961123788
2016-07-28,38868.38217441193
2016-07-29,39303.854484375384
2016-08-01,39539.993338540626
2016-08-02,39581.19023635177
2016-08-03,38743.652497609415
2016-08-04,39362.22671554416
2016-08-05,39123.15270459822
2016-08-08,38928.16043216884
2016-08-09,38815.24010949106
2016-08-10,39148.5081200729
2016-08-11,38948.637697864164
2016-08-16,39954.94054369028
2016-08-17,39669.29114244413
2016-08-18,39460.01749264154
2016-08-19,40626.02612609936
2016-08-22,40546.616383253706
2016-08-23,40100.08614239592
2016-08-24,41182.83902225556
2016-08-25,41841.80042196536
2016-08-26,41460.42428844749
2016-08-29,41719.47428940465
2016-08-30,41813.844121392074
2016-08-31,41889.568631749746
2016-09-01,42576.34893698087
2016-09-02,43577.899635888956
2016-09-06,43442.09326806764
2016-09-07,43768.717574093476
2016-09-08,43315.3157596139
2016-09-09,42616.03943242011
2016-09-12,42339.1250510967
2016-09-14,42504.9801555852
2016-09-15,42575.70686228554
2016-09-16,41976.993635836785
2016-09-19,42067.03462515872
2016-09-20,42100.6944138434
2016-09-21,42518.55324125389
2016-09-22,42808.82416491303
2016-09-23,42516.6239721024
2016-09-26,43127.771438500924
2016-09-27,43460.51701447663
2016-09-28,44255.73741780583
2016-09-29,43653.1259805406
2016-09-30,44168.79005681269
2016-10-03,43810.847327106436
2016-10-04,44283.194681445355
2016-10-05,44143.57777870747
2016-10-06,45113.35164497386
2016-10-07,45845.5242910506
2016-10-10,46030.65914733129
2016-10-13,46763.17581751776
2016-10-14,46507.69938326802
2016-10-17,45754.22205316045
2016-10-18,46158.895090704376
2016-10-19,44966.05255390373
2016-10-20,44974.762925031864
2016-10-21,44640.46911358116
2016-10-24,44899.80806090379
2016-10-25,45962.47538407097
2016-10-26,46215.53187981247
2016-10-27,45941.46434286753
2016-10-28,46324.42914293416
2016-11-01,46464.67033576377
2016-11-02,46796.47620975388
2016-11-03,46183.31692107424
2016-11-04,46501.20648241168
2016-11-07,46929.07281612641
2016-11-08,46074.07814958089
2016-11-09,45612.090974107734
2016-11-10,45699.543471738085
2016-11-11,46059.09139932659
2016-11-15,44660.99110127446
2016-11-16,45346.47396458828
2016-11-17,45685.943624039384
2016-11-18,45112.38723127861
2016-11-21,45995.82505011638
2016-11-22,46170.85381009968
2016-11-23,46228.39136358355
2016-11-24,46719.62621419891
2016-11-25,45968.81973894949
2016-11-28,46572.07009494517
2016-11-29,47973.83386998543
2016-11-30,48045.97333514636
2016-12-01,48292.2359357386
2016-12-02,48666.695078758705
2016-12-05,48451.58186138603
2016-12-06,48522.45808990871
2016-12-07,47474.49605891283
2016-12-08,46114.81289742886
2016-12-09,46757.05480774586
2016-12-12,45450.23990513712
2016-12-13,44358.306529423906
2016-12-14,44333.65178251715
2016-12-15,44167.097766070896
2016-12-16,43834.32545693872
2016-12-19,43911.43912286148
2016-12-20,43719.784866822
2016-12-21,42220.5619562081
2016-12-22,42555.28882283519
2016-12-23,43473.04852884897
2016-12-26,42377.45499824181
2016-12-27,41642.687656971
2016-12-28,40485.50961030709
2016-12-29,40717.9436410731
2016-12-30,40856.6823131962
2017-01-02,40707.246992936176
2017-01-03,41204.00582696762
2017-01-04,41145.18744061948
2017-01-05,40839.64553971928
2017-01-06,40941.70536286245
2017-01-09,41118.45221735408
2017-01-10,41917.74503772636
2017-01-11,42344.524399331865
2017-01-12,42969.76326506481
2017-01-13,42700.79994297611
2017-01-16,42896.13549296273
2017-01-17,43874.31433472316
2017-01-18,44300.93663468871
2017-01-19,44415.69048627756
2017-01-20,45413.172220898756
2017-01-23,45501.05158007137
2017-01-24,46391.02346275159
2017-01-25,46380.91631837921
2017-01-27,47151.92203346838
2017-01-30,47534.26105222541
2017-01-31,48605.537939627335
2017-02-01,48333.73476165655
2017-02-02,49345.42300863762
2017-02-03,49200.07196952459
2017-02-06,49219.87139640933
2017-02-07,50262.10275206706
2017-02-08,50294.39718630264
2017-02-09,51032.662030985906
2017-02-10,51395.93032714459
2017-02-13,51926.197852898455
2017-02-14,51361.02859420606
2017-02-15,51362.02914082194
2017-02-16,51300.43280577992
2017-02-17,51482.60484387007
2017-02-20,51532.5004422555
2017-02-21,52183.32540397437
2017-02-22,51952.473948833474
2017-02-23,52374.745523120895
2017-02-27,51836.43137321026
2017-02-28,52179.64825864921
2017-03-01,51688.84874395307
2017-03-02,51567.242710294864
2017-03-03,51849.555191125866
2017-03-06,52270.86706665954
2017-03-07,51968.269267006865
2017-03-08,51765.26877166169
2017-03-09,52193.07608354765
2017-03-10,51163.58290122949
2017-03-14,50892.015738520386
2017-03-15,50512.11242637488
2017-03-16,50484.030165141856
2017-03-17,50470.51276145541
2017-03-20,50788.98083011085
2017-03-21,49646.93223668639
2017-03-22,49267.98661721565
2017-03-23,49235.442710696174
2017-03-24,49107.087103694284
2017-03-27,50140.527777953306
2017-03-28,48622.53126918511
2017-03-29,49509.61203955856
2017-03-30,50676.75391397781
2017-03-31,50702.78119834057
2017-04-03,49876.10990791278
2017-04-05,49633.871781428956
2017-04-06,49443.184831719096
2017-04-07,48191.59721988042
2017-04-10,48260.78164176867
2017-04-11,46652.0535216239
2017-04-12,46636.25973773086
2017-04-13,46051.294210934226
2017-04-17,46546.55077464682
2017-04-18,45855.72253723448
2017-04-19,44960.909653659146
2017-04-20,43934.044065478825
2017-04-21,43383.50839260357
2017-04-24,43467.5548364724
2017-04-25,44041.58623862018
2017-04-26,44069.4216204258
2017-04-27,44013.96263123026
2017-04-28,44907.737915718906
2017-05-02,44601.64007895914
2017-05-03,45057.17757326555
2017-05-04,44663.996638691315
2017-05-05,45490.73508768958
2017-05-08,46096.27389133931
2017-05-09,45673.25622195216
2017-05-10,45628.2755708156
2017-05-11,45846.992457474575
2017-05-12,45793.85541683171
2017-05-15,45545.17769066449
2017-05-16,47000.276096397276
2017-05-17,47565.57678235772
2017-05-18,48398.812183140435
2017-05-19,47752.40855802087
2017-05-22,48249.68841364575
2017-05-23,48798.819925230506
2017-05-24,49297.57321287942
2017-05-25,49306.55031776562
2017-05-26,49652.208152835585
2017-05-29,50102.549527828065
2017-05-30,50495.45314643511
2017-05-31,50130.058301401215
2017-06-01,49234.520953981526
2017-06-02,49149.64824153131
2017-06-05,49689.523687371686
2017-06-06,48569.12226415001
2017-06-07,48856.60874336153
2017-06-08,48398.2455942569
2017-06-09,49747.16948531657
2017-06-12,49359.57326938136
2017-06-13,49859.18621676735
2017-06-14,49275.52123798853
2017-06-15,49232.40233411667
2017-06-16,48994.410000340955
2017-06-19,49414.605868461134
2017-06-20,49792.2680330528
2017-06-21,51184.116703934735
2017-06-22,51357.449050857074
2017-06-23,51197.80236881541
2017-06-27,50601.100872808216
2017-06-28,51657.72629356925
2017-06-29,50778.008866704615
2017-06-30,51169.66575908795
2017-07-03,51961.491544372315
2017-07-04,51500.57442995266
2017-07-05,51313.45504795462
2017-07-06,52770.57085703785
2017-07-07,52269.09473487331
2017-07-10,52405.005400589835
2017-07-11,51616.686357367595
2017-07-12,52050.088932537714
2017-07-13,52606.17687062709
2017-07-14,53114.43150557652
2017-07-17,53874.37545957026
2017-07-18,53699.5673801446
2017-07-19,53456.62334272939
2017-07-20,52965.46625082243
2017-07-21,52515.73342389138
2017-07-24,51694.44677157443
2017-07-25,51284.84729960437
2017-07-26,51558.076787191516
2017-07-27,51754.80065844686
2017-07-28,52115.560853046336
2017-07-31,52609.089216421424
2017-08-01,53885.69245942717
2017-08-02,53885.16608620226
2017-08-03,52998.061885328134
2017-08-04,53192.51230981993
2017-08-07,53974.70751539599
2017-08-08,55204.30662023044
2017-08-09,55936.894716294286
2017-08-10,56000.41706805809
2017-08-11,56414.026811166514
2017-08-14,56631.57087926197
2017-08-16,57236.023246481906
2017-08-17,56873.91710350498
2017-08-18,56169.792479487434
2017-08-21,54439.47830408998
2017-08-22,54614.10216689591
2017-08-23,54683.24965239823
2017-08-24,55283.01609520547
2017-08-28,54072.78319731295
2017-08-29,55148.806652718624
2017-08-30,54546.94160027489
2017-08-31,53784.00615833663
2017-09-01,53067.165380996754
2017-09-04,53407.718635577905
2017-09-05,53970.25959993213
2017-09-06,54534.87257554278
2017-09-07,53569.32806189871
2017-09-08,54367.97468870414
2017-09-11,54271.6297490446
2017-09-12,56009.18400607509
2017-09-13,56259.46461924256
2017-09-14,55262.645167350216
2017-09-15,55099.86273191559
2017-09-18,54525.87060530745
2017-09-19,54547.417835085886
2017-09-20,53817.10735507969
2017-09-21,54561.98044848803
2017-09-22,53704.32652406787
2017-09-25,54511.801822160334
2017-09-26,54124.354616721816
2017-09-27,55263.78234696803
2017-09-28,54756.846043119454
2017-09-29,54871.91920210944
2017-10-03,55459.53904593209
2017-10-04,55737.08987354185
2017-10-05,55040.46308959916
2017-10-06,55220.84310876914
2017-10-09,54255.31176721001
2017-10-10,53576.607914247244
2017-10-11,52994.326156094765
2017-10-12,53519.72265039862
2017-10-13,53320.23508471537
2017-10-16,54073.513385158156
2017-10-17,53198.02218885485
2017-10-18,53324.52263862294
2017-10-19,54058.852667433566
2017-10-23,54637.524555939875
2017-10-24,54351.588396885745
2017-10-25,53270.69379479595
2017-10-26,53000.51230815034
2017-10-27,53428.26943478337
2017-10-30,52429.52837055776
2017-10-31,52969.029989881565
2017-11-01,52849.86898067749
2017-11-02,53113.70681857869
2017-11-03,53509.76865782235
2017-11-06,53802.87651931888
2017-11-07,52154.60447426121
2017-11-08,52102.90952038386
2017-11-09,51817.83731157425
2017-11-10,51701.366075967795
2017-11-13,51799.69943108341
2017-11-14,51840.641620518094
2017-11-15,51717.04567994596
2017-11-16,51141.71041219921
2017-11-17,51188.883412874646
2017-11-20,49904.793749579934
2017-11-21,49855.22419744806
2017-11-22,50502.42907529458
2017-11-23,51090.157419319316
2017-11-24,51043.37197399156
2017-11-27,50343.76025988769
2017-11-28,49252.32505894311
2017-11-29,48906.50755243283
2017-11-30,48187.491920410794
2017-12-01,47742.80577989461
2017-12-04,47379.07756054765
2017-12-05,47027.55052564487
2017-12-06,46937.80829541245
2017-12-07,46933.18293689563
2017-12-08,46035.02498132521
2017-12-11,46386.34798230889
2017-12-12,45649.37780978077
2017-12-13,45964.614513292734
2017-12-14,46006.1761092425
2017-12-15,46040.95060731426
2017-12-18,46092.9365772406
2017-12-19,45496.36146268053
2017-12-20,45873.40118874146
2017-12-21,46557.41242337882
2017-12-22,46823.168579017154
2017-12-26,48002.71181205548
2017-12-27,47757.20687237113
2017-12-28,48189.370249210966
2017-12-29,48081.347880229696
2018-01-02,48625.683723102906
2018-01-03,48371.73326229566
2018-01-04,48963.616578674926
2018-01-05,48947.02416691663
2018-01-08,48761.50106176922
2018-01-09,48626.75958349375
2018-01-10,48336.03837467435
2018-01-11,48268.82009320367
2018-01-12,49148.39572873478
2018-01-15,50379.87419858002
2018-01-16,50872.48149880692
2018-01-17,52336.758767409854
2018-01-18,52958.83825451906
2018-01-19,52490.0958191182
2018-01-22,51124.67008482519
2018-01-23,51713.93912060636
2018-01-24,52377.46439223454
2018-01-25,52540.80493431414
2018-01-29,52952.36745167725
2018-01-30,52517.40388066987
2018-01-31,53466.51308312718
2018-02-01,54777.535083297815
2018-02-02,54502.55890291015
2018-02-05,54128.59586669789
2018-02-06,53329.27680174358
2018-02-07,53812.155410322404
2018-02-08,52865.35198825361
2018-02-09,53298.650571262195
2018-02-12,54564.57849136198
2018-02-14,54717.13551947573
2018-02-15,54684.17599525905
2018-02-16,54501.880367848906
2018-02-19,55925.620000542316
2018-02-20,53894.144440280346
2018-02-21,53937.1081389178
2018-02-22,54294.59072648439
2018-02-23,57053.01519204775
2018-02-26,57218.48548567237
2018-02-27,56908.94904747872
2018-02-28,56475.04043134838
2018-03-01,56903.998443052296
2018-03-05,57221.448034729634
2018-03-06,58018.156153960736
2018-03-07,57805.90920036336
2018-03-08,57372.781240298194
2018-03-09,59338.35438041105
2018-03-12,58827.51576978035
2018-03-13,59221.88245653675
2018-03-14,59241.556760052044
2018-03-15,58620.883926220784
2018-03-16,60026.237985514104
2018-03-19,60560.48780667369
2018-03-20,58985.64338143842
2018-03-21,59137.59467302866
2018-03-22,59833.608343717315
2018-03-23,59362.370784596875
2018-03-26,60362.564136546054
2018-03-27,60369.200784885645
2018-03-28,60567.27450930842
2018-04-02,60905.08556882312
2018-04-03,61039.37094256408
2018-04-04,59991.82110382929
2018-04-05,60406.66408626595
2018-04-06,60043.06703531395
2018-04-09,60140.288898707535
2018-04-10,59527.079274430886
2018-04-11,57833.95128755329
2018-04-12,57862.48280152504
2018-04-13,58567.606399312084
2018-04-16,58133.21131770709
2018-04-17,57420.377544042276
2018-04-18,58036.52674279782
2018-04-19,58814.53204348281
2018-04-20,59759.069532697664
2018-04-23,60082.15675882769
2018-04-24,59918.53976637625
2018-04-25,58144.2072285101
2018-04-26,58183.060096717105
2018-04-27,58044.85541746054
2018-04-30,58756.245701313106
2018-05-02,58344.28893006777
2018-05-03,59097.66108282195
2018-05-04,60501.28631137151
2018-05-07,59614.774224670684
2018-05-08,60102.471665603545
2018-05-09,60217.437217644234
2018-05-10,59385.999522032886
2018-05-11,58796.21393694842
2018-05-14,58045.98671967421
2018-05-15,59756.71405421446
2018-05-16,59735.86005686299
2018-05-17,59287.62992814172
2018-05-18,59679.597815452675
2018-05-21,59667.97970592649
2018-05-22,60314.67201069344
2018-05-23,60021.02444898955
2018-05-24,59380.60297569372
2018-05-25,61809.1549433686
2018-05-28,60763.454617375515
2018-05-29,61952.08554108897
2018-05-30,62043.336951713805
2018-05-31,63628.21826618864
2018-06-01,63525.19735934131
2018-06-04,63234.251949305006
2018-06-05,62922.7619579133
2018-06-06,63305.472058330706
2018-06-07,63465.05392662781
2018-06-08,64257.11848699334
2018-06-11,64903.33864802355
2018-06-12,66310.76246531795
2018-06-13,66516.87586679772
2018-06-14,67592.16784236772
2018-06-15,67817.97630312757
2018-06-18,67576.15379007177
2018-06-19,67516.4886473685
2018-06-20,68915.81319821476
2018-06-21,69070.62441629768
2018-06-22,69878.87824912848
2018-06-25,69102.19231435598
2018-06-26,66822.90168816198
2018-06-27,65290.00293019726
2018-06-28,66224.64483953817
2018-06-29,65953.1561852353
2018-07-02,65736.6254040932
2018-07-03,64259.752935551114
2018-07-04,64663.602897070086
2018-07-05,64079.23926044431
2018-07-06,63198.31524412296
2018-07-09,62474.604851881944
2018-07-10,62536.085504745686
2018-07-11,63196.11355710856
2018-07-12,63038.08228428614
2018-07-13,65018.70551280799
2018-07-16,64969.53023244546
2018-07-17,65086.38419291745
2018-07-18,64261.3181794362
2018-07-19,64601.267044194195
2018-07-20,65360.056888193525
2018-07-23,65685.8720031364
2018-07-24,65849.74669427075
2018-07-25,64981.73308643275
2018-07-26,66712.94306832239
2018-07-27,66897.11012226962
2018-07-30,66476.10028066664
2018-07-31,64843.683771405966
2018-08-01,65266.000860207496
2018-08-02,64592.0541725944
2018-08-03,64031.325089411344
2018-08-06,62997.15317531058
2018-08-07,63797.72815955569
2018-08-08,63649.860623214445
2018-08-09,62892.52945607044
2018-08-10,63318.72698911582
2018-08-13,64470.48047543438
2018-08-14,65614.4209886102
2018-08-16,64346.293191072466
2018-08-17,66774.20733188145
2018-08-20,67685.68485319715
2018-08-21,68640.97450426596
2018-08-23,67864.68803305857
2018-08-24,68826.53151879617
2018-08-27,68314.60888476748
2018-08-28,67451.29712327673
2018-08-29,65815.68230487159
2018-08-30,66289.05974368876
2018-08-31,66714.71477806824
2018-09-03,66774.20684446539
2018-09-04,66023.97206296572
2018-09-05,65380.276317874974
2018-09-06,65300.99272007565
2018-09-07,65558.78582712196
2018-09-10,65927.8659699984
2018-09-11,65971.18893814847
2018-09-12,65447.921255714304
2018-09-14,66553.99014894367
2018-09-17,66199.74015295824
2018-09-18,66869.99493268368
2018-09-19,67861.58391701538
2018-09-21,66393.29819995796
2018-09-24,66637.56828052369
2018-09-25,68469.60120827213
2018-09-26,68558.10696548257
2018-09-27,69529.85098036788
2018-09-28,68656.7864043681
2018-10-01,68620.92836598585
2018-10-03,69380.61329150433
2018-10-04,70187.15913390077
2018-10-05,70974.65766935058
2018-10-08,70586.92098893425
2018-10-09,71068.58945527201
2018-10-10,69873.7857170428
2018-10-11,69808.90918229622
2018-10-12,70756.43280256467
2018-10-15,69087.23930519946
2018-10-16,68156.29515052763
2018-10-17,68976.07806790496
2018-10-19,69836.05638397568
2018-10-22,69183.82626888789
2018-10-23,69548.95365654737
2018-10-24,69455.27898203958
2018-10-25,70034.08266558281
2018-10-26,70535.10677254607
2018-10-29,69732.84625459593
2018-10-30,70101.11247100169
2018-10-31,68808.08696888373
2018-11-01,67906.1785052281
2018-11-02,67370.00206480043
2018-11-05,66783.62604851264
2018-11-06,66581.84383745026
2018-11-07,65570.51877619108
2018-11-09,65064.83361178141
2018-11-12,65278.9123384008
2018-11-13,65868.29465338352
2018-11-14,64915.86803715887
2018-11-15,64922.88655998905
2018-11-16,65237.93456128527
2018-11-19,64890.33543194351
2018-11-20,64181.72432918778
2018-11-21,63672.95936756397
2018-11-22,63031.442907156095
2018-11-26,63449.6442324611
2018-11-27,62931.42211088134
2018-11-28,63089.90994098666
2018-11-29,63209.39142110716
2018-11-30,62349.01026190972
2018-12-03,62718.87525668446
2018-12-04,62078.245824026555
2018-12-05,62380.02035446404
2018-12-06,64133.36119572837
2018-12-07,62810.11767855879
2018-12-10,61783.835250069635
2018-12-11,62849.532282875145
2018-12-12,62247.700730722325
2018-12-13,61999.158807109605
2018-12-14,62290.528779792694
2018-12-17,61354.10918460758
2018-12-18,61876.490459132365
2018-12-19,60962.87890650215
2018-12-20,60477.632378439215
2018-12-21,59791.047469744786
2018-12-24,60487.58598010363
2018-12-26,61311.89483772165
2018-12-27,63339.27697853029
2018-12-28,62949.06518239473
2018-12-31,63238.50515516282
2019-01-02,62999.587892562544
2019-01-03,62601.531613416
2019-01-04,62528.6858903717
2019-01-07,61501.73880117788
2019-01-08,61633.024328701176
2019-01-09,61011.04524432726
2019-01-10,60609.460444089564
2019-01-11,59901.42778365705
2019-01-14,59793.12801730711
2019-01-15,59362.6871815747
2019-01-16,59486.04341245719
2019-01-17,59044.79888927138
2019-01-18,58180.72694976797
2019-01-21,58453.23089274723
2019-01-22,57998.292351861375
2019-01-23,57354.727112621775
2019-01-24,57693.97640384224
2019-01-25,57774.33410337772
2019-01-28,57400.222974442
2019-01-29,58047.055019114516
2019-01-30,58664.07123855701
2019-01-31,58235.50474988891
2019-02-01,58913.138248931034
2019-02-04,59931.65386732871
2019-02-05,59310.71767541898
2019-02-06,59601.58713304674
2019-02-07,60842.96451514166
2019-02-08,60989.71476240463
2019-02-11,59122.244902707
2019-02-12,57832.94583548123
2019-02-14,59078.91660367163
2019-02-15,60624.111794913355
2019-02-18,61573.295400356845
2019-02-19,61935.19087272024
2019-02-20,61925.05895513632
2019-02-21,62255.32557342445
2019-02-22,61500.21970648294
2019-02-25,61954.07939129911
2019-02-26,61635.636650251945
2019-02-27,61120.460109674044
2019-02-28,59858.528012713534
2019-03-01,60439.01712686634
2019-03-05,60382.72969279849
2019-03-06,60455.65421600596
2019-03-07,60907.2704745735
2019-03-08,61376.927404060174
2019-03-11,60871.185497928636
2019-03-12,60427.15868221187
2019-03-13,60293.354387521314
2019-03-14,60773.85866926571
2019-03-15,61361.028561570376
2019-03-18,61136.682837899
2019-03-19,63436.59897139772
2019-03-20,64978.93068551415
2019-03-22,64538.69213786115
2019-03-25,65078.687827816495
2019-03-26,65489.16114460327
2019-03-27,66421.98057933434
2019-03-28,66551.74946136391
2019-04-01,67461.58567294736
2019-04-02,68108.26194813735
2019-04-03,69737.75534817678
2019-04-04,69460.96909624325
2019-04-05,67554.00396697882
2019-04-08,67415.00994082
2019-04-09,67680.47823419266
2019-04-10,67963.26326308228
2019-04-11,68387.35394985537
2019-04-12,66935.39518604593
2019-04-15,66629.39523186455
2019-04-16,66995.38301827837
2019-04-18,66654.27935375317
2019-04-22,65213.74526364043
2019-04-23,63255.56616994989
2019-04-24,63716.81513605511
2019-04-25,63890.04492454872
2019-04-26,62525.60918886257
2019-04-30,62488.386030669455
2019-05-02,62609.46740131342
2019-05-03,65078.79714667551
2019-05-06,65727.25688943554
2019-05-07,64651.41801164423
2019-05-08,65953.81114998666
2019-05-09,65042.06738235897
2019-05-10,63900.43946730502
2019-05-13,64078.2824756871
2019-05-14,63693.79507400417
2019-05-15,63980.21565771967
2019-05-16,64467.583965153055
2019-05-17,65459.97357055701
2019-05-20,63972.93211016848
2019-05-21,64345.32450328318
2019-05-22,65736.91333987964
2019-05-23,67706.15274742492
2019-05-24,66547.16562793103
2019-05-27,66491.95127504237
2019-05-28,67226.60581497833
2019-05-29,68729.49804175526
2019-05-30,68607.90158015529
2019-05-31,69720.73030370449
2019-06-03,70005.83043393318
2019-06-04,71859.55958362618
2019-06-06,73249.73917295417
2019-06-07,73925.72801570396
2019-06-10,73574.08905571047
2019-06-11,74960.2478307688
2019-06-12,73503.76348480646
2019-06-13,72660.67189928546
2019-06-14,73013.79842716044
2019-06-17,73502.57695361202
2019-06-18,73826.22365787497
2019-06-19,73998.39386378005
2019-06-20,75134.69547206072
2019-06-21,73755.13054435643
2019-06-24,72575.80229399519
2019-06-25,72304.69427000554
2019-06-26,70386.82488170384
2019-06-27,70716.59838817388
2019-06-28,70761.46689480967
2019-07-01,71591.94688368548
2019-07-02,71693.16481605754
2019-07-03,72470.96009833466
2019-07-04,71961.7551964317
2019-07-05,72493.12493388528
2019-07-08,73185.50193719997
2019-07-09,73617.78455051944
2019-07-10,73180.51844596767
2019-07-11,73592.26632420353
2019-07-12,75628.47340551137
2019-07-15,75976.61534023393
2019-07-16,75289.40817045292
2019-07-17,74429.16949990709
2019-07-18,74218.98725292308
2019-07-19,73392.06363720234
2019-07-22,74109.78785634352
2019-07-23,75296.32508024792
2019-07-24,75981.5289676811
2019-07-25,75292.43481750261
2019-07-26,74844.94404784858
2019-07-29,74971.68188658814
2019-07-30,75108.32661276248
2019-07-31,77099.59199634855
2019-08-01,76656.28046320929
2019-08-02,77116.98604332637
2019-08-05,76332.05486885572
2019-08-06,75753.8151240561
2019-08-07,77345.54087554934
2019-08-08,78321.35760258559
2019-08-09,78300.8481712764
2019-08-13,77307.39955669976
2019-08-14,77420.19807069637
2019-08-16,75502.54030029694
2019-08-19,76876.54042306198
2019-08-20,76867.3130143199
2019-08-21,76766.98470832873
2019-08-22,76492.51660087291
2019-08-23,75581.72895786846
2019-08-26,75317.45256573231
2019-08-27,74680.54496636317
2019-08-28,75661.67944242441
2019-08-29,75594.32704468384
2019-08-30,75933.65200023136
2019-09-03,76698.5826134193
2019-09-04,75607.96873735417
2019-09-05,74445.93890794825
2019-09-06,73021.54171264966
2019-09-09,73533.91960353006
2019-09-11,73480.50405298122
2019-09-12,73162.47506457072
2019-09-13,73040.48965522929
2019-09-16,72597.7418083717
2019-09-17,71414.7605609375
2019-09-18,71271.35252768536
2019-09-19,72265.80876421792
2019-09-20,74287.88761041571
2019-09-23,74261.31254257652
2019-09-24,74054.02603815788
2019-09-25,74326.64642826148
2019-09-26,72974.95948610117
2019-09-27,71931.54943097143
2019-09-30,71311.55589379919
2019-10-01,71416.63609698777
2019-10-03,70475.78691867647
2019-10-04,70860.57379996988
2019-10-07,71197.27289183339
2019-10-09,70467.4107520133
2019-10-10,71088.6404119366
2019-10-11,72353.90492900964
2019-10-14,72116.79772784727
2019-10-15,71400.59030814418
2019-10-16,72468.52517026392
2019-10-17,72385.44864786328
2019-10-18,70240.84916967386
2019-10-22,71421.74543012044
2019-10-23,70202.52673648101
2019-10-24,69657.56811626698
2019-10-25,71059.21718261848
2019-10-29,71595.77045939887
2019-10-30,72066.27075069849
2019-10-31,71462.92392321375
2019-11-01,72293.56342815854
2019-11-04,74253.10057383619
2019-11-05,74985.75818559605
2019-11-06,73518.46733781122
2019-11-07,73756.01332849766
2019-11-08,73198.22330106446
2019-11-11,72762.19689320898
2019-11-13,71824.89402826826
2019-11-14,72012.83909587855
2019-11-15,73339.42953263236
2019-11-18,72242.5797935693
2019-11-19,74052.40808913545
2019-11-20,72896.43369774909
2019-11-21,71070.28222097334
2019-11-22,71357.5007458768
2019-11-25,71986.29631962052
2019-11-26,72293.01968594767
2019-11-27,71125.30537351509
2019-11-28,71967.14915749013
2019-11-29,72138.37569785936
2019-12-02,70177.09222628601
2019-12-03,69778.61635287551
2019-12-04,68099.23320230437
2019-12-05,68724.70475661101
2019-12-06,69558.65765752064
2019-12-09,69788.15857651748
2019-12-10,69155.92616544568
2019-12-11,69009.07143220337
2019-12-12,69131.66236789344
2019-12-13,69975.49491242827
2019-12-16,70048.84968032438
2019-12-17,69666.23970561642
2019-12-18,68752.21523270587
2019-12-19,68742.79238965752
2019-12-20,69178.24041793465
2019-12-23,70970.16349752611
2019-12-24,70634.34584317481
2019-12-26,70396.56139603906
2019-12-27,71210.78394127148
2019-12-30,71363.06801831312
2019-12-31,70612.36589144208
2020-01-01,70724.62169533844
2020-01-02,70537.07484863751
2020-01-03,70527.54936362321
2020-01-06,69745.62595039856
2020-01-07,70459.11417311724
2020-01-08,70975.6069964321
2020-01-09,71194.19926271144
2020-01-10,72575.6334611166
2020-01-13,70943.25032655062
2020-01-14,70876.32605708038
2020-01-15,71338.15283802389
2020-01-16,70782.03778603316
2020-01-17,69438.22213354321
2020-01-20,70879.24965974684
2020-01-21,70041.30010054051
2020-01-22,70432.37443759927
2020-01-23,71971.26788419794
2020-01-24,73763.45255179188
2020-01-27,74359.48843003035
2020-01-28,74666.35215691755
2020-01-29,73723.89098739758
2020-01-30,73364.10840117822
2020-01-31,72681.63592961642
2020-02-03,72655.7727940678
2020-02-04,73509.66885859657
2020-02-05,74071.55405507605
2020-02-06,74212.68707964467
2020-02-07,77966.73475624355
2020-02-10,77491.72298085611
2020-02-11,76500.90198910575
2020-02-12,76630.46222656488
2020-02-13,77147.01994305287
2020-02-14,77829.31133381664
2020-02-17,75954.48358785006
2020-02-18,75219.97580406109
2020-02-19,74096.35339801373
2020-02-20,74054.30534505566
2020-02-24,74851.47922960714
2020-02-25,76077.01997458753
2020-02-26,76213.05055958909
2020-02-27,77267.44901388622
2020-02-28,76680.70737873683
2020-03-02,77714.53192821873
2020-03-03,77268.30147384548
2020-03-04,77226.3968155148
2020-03-05,76660.19840220152
2020-03-06,75516.44759094625
2020-03-09,76359.13376436486
2020-03-11,75816.180916422
2020-03-12,77719.57094212741
2020-03-13,77984.83404211076
2020-03-16,78471.24617266297
2020-03-17,79511.40411590663
2020-03-18,77686.03838394908
2020-03-19,77647.36992414897
2020-03-20,77329.6730311218
2020-03-23,79708.64515727287
2020-03-24,78741.42941843976
2020-03-25,78229.35363128566
2020-03-26,78859.3120713365
2020-03-27,80465.22608315796
2020-03-30,81744.07763867207
2020-03-31,82290.01757418548
2020-04-01,81337.55569377122
2020-04-03,81394.41077182718
2020-04-07,79258.13522970866
2020-04-08,78916.35245543536
2020-04-09,80667.18764497354
2020-04-13,79068.33121551429
2020-04-15,78682.74121879952
2020-04-16,79316.41481940258
2020-04-17,79128.96680476607
2020-04-20,79283.69486509924
2020-04-21,79596.70122027915
2020-04-22,79970.49858094727
2020-04-23,81162.30980174277
2020-04-24,81320.32082022737
2020-04-27,80920.7845868398
2020-04-28,79950.74538288519
2020-04-29,80055.32726240215
2020-04-30,82646.73656190165
2020-05-04,83663.88010813616
2020-05-05,83497.52272153407
2020-05-06,82903.73893272094
2020-05-07,85232.38112901496
2020-05-08,85558.32584002236
2020-05-11,85613.48562038687
2020-05-12,84955.6300914428
2020-05-13,85454.9178975655
2020-05-14,85161.22247569931
2020-05-15,84549.28588082777
2020-05-18,84792.91327865036
2020-05-19,85439.41963402028
2020-05-20,86125.95935699363
2020-05-21,84087.07089267428
2020-05-22,82833.43421930357
2020-05-26,84603.33794718565
2020-05-27,85028.83130075944
2020-05-28,84296.9286364475
2020-05-29,84899.67798453585
2020-06-01,84870.33789240007
2020-06-02,83793.0082427917
2020-06-03,84679.59821793783
2020-06-04,83553.979131598
2020-06-05,85970.28246777291
2020-06-08,84235.69661570406
2020-06-09,84259.89709951675
2020-06-10,87224.02143835525
2020-06-11,86190.99235770338
2020-06-12,85744.13465692221
2020-06-15,83101.73690773899
2020-06-16,82847.51543437278
2020-06-17,85377.30514486635
2020-06-18,86121.92766309937
2020-06-19,85201.25239766274
2020-06-22,86745.79092724375
2020-06-23,84743.95676118552
2020-06-24,84424.65483967867
2020-06-25,85707.8901113462
2020-06-26,85407.50745584817
2020-06-29,85830.02274142491
2020-06-30,86252.0970590641
2020-07-01,86584.00346543889
2020-07-02,87106.93418013088
2020-07-03,86370.52966507828
2020-07-06,85901.83322330388
2020-07-07,86962.010873531
2020-07-08,85973.57163660013
2020-07-09,86175.83317188709
2020-07-10,86118.46732696406
2020-07-13,86654.68118878658
2020-07-14,85367.13657905176
2020-07-15,85360.39587362533
2020-07-16,85147.77962152082
2020-07-17,85633.85500531098
2020-07-20,85450.0150167017
2020-07-21,86403.23506497836
2020-07-22,86630.0336939929
2020-07-23,85718.63793534077
2020-07-24,86411.31583933617
2020-07-27,85832.17782373003
2020-07-28,84993.24978573229
2020-07-29,85024.31114324238
2020-07-30,84777.53913080574
2020-07-31,83629.7082274864
2020-08-03,83691.9728309653
2020-08-04,82204.61105901495
2020-08-05,81434.55207169359
2020-08-06,83628.16686219496
2020-08-07,81540.62697696031
2020-08-10,81985.17439982195
2020-08-11,81749.05171845426
2020-08-12,82728.43853760733
2020-08-13,84918.55038767414
2020-08-14,85469.82902983729
2020-08-17,84482.22839084778
2020-08-18,83107.52112454179
2020-08-19,82436.88957108188
2020-08-20,81573.38758905714
2020-08-21,81826.92655137258
2020-08-24,81693.534003414
2020-08-25,82362.81863242923
2020-08-26,83117.88413006696
2020-08-27,80991.14853666042
2020-08-28,81287.94714029324
2020-08-31,81065.43258739896
2020-09-01,81206.6909541677
2020-09-02,83568.76607450312
2020-09-03,82301.58002961837
2020-09-04,82392.68748769863
2020-09-07,82209.25078274428
2020-09-08,83629.75181289228
2020-09-09,82673.63436628503
2020-09-10,81278.78463982127
2020-09-11,81804.2639072766
2020-09-14,82252.38171813572
2020-09-15,83200.34081604553
2020-09-16,82225.8692620798
2020-09-17,84883.30060372435
2020-09-18,84412.19231097994
2020-09-21,84133.16192637541
2020-09-22,84956.96330613397
2020-09-23,84524.16243653624
2020-09-24,84488.0032410926
2020-09-25,86758.623168889
2020-09-28,86471.44090385795
2020-09-29,89132.1391617671
2020-09-30,89243.1030247412
2020-10-01,91373.61002712148
2020-10-05,90660.72807815464
2020-10-06,89145.01381024027
2020-10-07,88865.9356706881
2020-10-08,90726.01794419042
2020-10-09,89729.69197220671
2020-10-12,89125.0964301577
2020-10-13,93206.29785902819
2020-10-14,94687.63667202661
2020-10-15,94205.26552627893
2020-10-16,94237.18585596843
2020-10-19,92625.73362265325
2020-10-20,92908.74797222448
2020-10-21,93296.75993402964
2020-10-22,93144.88774844466
2020-10-23,93554.93012421153
2020-10-26,93256.83394215524
2020-10-27,93697.91468082472
2020-10-28,93835.20002362736
2020-10-29,92451.15683209001
2020-10-30,92153.30078678086
2020-11-02,91550.3089659595
2020-11-03,92970.17679770275
2020-11-04,93611.49855050696
2020-11-05,93360.4138418621
2020-11-06,95515.4883438499
2020-11-09,95315.38698611791
2020-11-10,94749.10189633518
2020-11-11,95042.15667655849
2020-11-12,96468.71592581684
2020-11-13,94162.49151112362
2020-11-17,94059.11597022982
2020-11-18,91293.54934867672
2020-11-19,90675.5824595498
2020-11-20,89642.16972751322
2020-11-23,88538.94916664012
2020-11-24,89943.52871309951
2020-11-25,88930.44448353368
2020-11-26,87586.56714982755
2020-11-27,89616.23560573038
2020-12-01,88506.03837380317
2020-12-02,88357.98030604392
2020-12-03,89414.17657220473
2020-12-04,89760.41959512608
2020-12-07,89670.8561060884
2020-12-08,92977.03408115418
2020-12-09,94513.90273642536
2020-12-10,93853.10137047955
2020-12-11,91113.15068266902
2020-12-14,92084.36573452564
2020-12-15,89114.88520816664
2020-12-16,88197.9206661642
2020-12-17,87871.10911793669
2020-12-18,87821.79173603974
2020-12-21,87653.9629469494
2020-12-22,86964.10171243691
2020-12-23,86847.41807674676
2020-12-24,85517.99161466437
2020-12-28,87610.298384026
2020-12-29,87378.28575480936
2020-12-30,85103.80139696361
2020-12-31,84520.09069239597
2021-01-01,83688.53818945913
2021-01-04,83232.80631023698
2021-01-05,82496.53308049864
2021-01-06,83039.58127896789
2021-01-07,84302.08245967183
2021-01-08,82609.65697570799
2021-01-11,83114.5418410024
2021-01-12,83092.05405834515
2021-01-13,82112.36065606687
2021-01-14,82209.29596353929
2021-01-15,82207.4857679795
2021-01-18,82945.61272206692
2021-01-19,81328.59554766778
2021-01-20,80666.96790660942
2021-01-21,80457.39498402507
2021-01-22,78534.47522915494
2021-01-25,77252.39940051064
2021-01-27,76015.60799386054
2021-01-28,75065.68985953189
2021-01-29,75371.40384641459
2021-02-01,74416.49675117135
2021-02-02,74784.6065459981
2021-02-03,76413.01091939247
2021-02-04,76158.79076873978
2021-02-05,75292.6738049872
2021-02-08,75962.4743612689
2021-02-09,77092.22479473121
2021-02-10,76342.44704199964
2021-02-11,75396.83223502908
2021-02-12,76394.93779594704
2021-02-15,74785.02358140373
2021-02-16,76200.17257450335
2021-02-17,75607.31403781705
2021-02-18,77322.92332187557
2021-02-19,76089.5182873914
2021-02-22,77015.2957462921
2021-02-23,76631.03461728961
2021-02-24,77415.61288500829
2021-02-25,78232.71193131381
2021-02-26,78983.21192385441
2021-03-01,79835.7315717145
2021-03-02,80712.61374128965
2021-03-03,80611.68880368183
2021-03-04,79439.55885884934
2021-03-05,78617.55864310953
2021-03-08,78656.64097263756
2021-03-09,78348.92245501613
2021-03-10,78084.79587543497
2021-03-12,77251.25669947144
2021-03-15,78685.68483484168
2021-03-16,78839.53018630955
2021-03-17,79594.12759129677
2021-03-18,79047.4451689851
2021-03-19,76691.54202140053
2021-03-22,76875.47095641319
2021-03-23,76843.55654616318
2021-03-24,75496.66634108144
2021-03-25,76480.81947295426
2021-03-26,76224.9308893414
2021-03-30,76584.01193136038
2021-03-31,75188.36517778438
2021-04-01,75981.9413281716
2021-04-05,75529.92154852892
2021-04-06,77613.80156089533
2021-04-07,77173.82986711054
2021-04-08,77996.1968481209
2021-04-09,78561.86992543384
2021-04-12,78007.85745978833
2021-04-13,78735.53407823465
2021-04-15,76604.09452718355
2021-04-16,77485.35786359127
2021-04-19,76889.96293883443
2021-04-20,77572.65587253691
2021-04-22,77421.07535001457
2021-04-23,79294.23223063466
2021-04-26,79555.67332543098
2021-04-27,79605.11465177148
2021-04-28,82909.52174484222
2021-04-29,82796.59839226547
2021-04-30,82618.9253105189
2021-05-03,82663.17317346034
2021-05-04,81933.59952488795
2021-05-05,83275.18363090728
2021-05-06,83777.97402129845
2021-05-07,84502.09561382742
2021-05-10,85082.11596805396
2021-05-11,85007.14409066798
2021-05-12,86695.87267378073
2021-05-14,87021.81427931628
2021-05-17,88749.90218135333
2021-05-18,88470.28454745079
2021-05-19,88629.67706119601
2021-05-20,88484.34917543198
2021-05-21,89354.76977722919
2021-05-24,89004.31983572787
2021-05-25,88059.7535672607
2021-05-26,86514.77466828021
2021-05-27,86697.784569357
2021-05-28,85089.95075299352
2021-05-31,86341.68070848689
2021-06-01,85118.36302170354
2021-06-02,87288.20407005241
2021-06-03,88981.33471667694
2021-06-04,88888.97834397963
2021-06-07,87088.53585594844
2021-06-08,87537.60685546134
2021-06-09,85959.7609081657
2021-06-10,88485.3353266355
2021-06-11,89233.94819707666
2021-06-14,90699.05683510796
2021-06-15,90086.72636690251
2021-06-16,91920.16536074904
2021-06-17,93895.05756408363
2021-06-18,93612.2242648594
2021-06-21,92372.90689044616
2021-06-22,93971.45499741162
2021-06-23,94852.37825733167
2021-06-24,94571.13823590933
2021-06-25,95795.31137758547
2021-06-28,94660.13787448735
2021-06-29,93742.09860274574
2021-06-30,92872.5271995357
2021-07-01,93102.86130898024
2021-07-02,91932.9362097109
2021-07-05,92401.29562516442
2021-07-06,91100.48107348906
2021-07-07,91293.98294570103
2021-07-08,90639.39959326109
2021-07-09,90561.60492598896
2021-07-12,90590.09479175325
2021-07-13,91370.32733234487
2021-07-14,91878.1471738008
2021-07-15,91001.98960158293
2021-07-16,93106.9582382753
2021-07-19,94499.54699865077
2021-07-20,93310.39084481035
2021-07-22,91253.82839796756
2021-07-23,91837.95039757785
2021-07-26,92540.47236361352
2021-07-27,93169.47611313975
2021-07-28,93056.88546505355
2021-07-29,92028.44285132732
2021-07-30,91559.34180753313
2021-08-02,91398.47025955922
2021-08-03,92148.57551682483
2021-08-04,92470.0277591162
2021-08-05,94419.7492012095
2021-08-06,94265.47924286204
2021-08-09,95134.9282857595
2021-08-10,96896.23962643993
2021-08-11,98019.06702396345
2021-08-12,100077.94365256865
2021-08-13,98529.21206223281
2021-08-16,97766.28800790063
2021-08-17,101774.9095848114
2021-08-18,103781.22949659592
2021-08-20,104090.12362351993
2021-08-23,105367.69027147348
2021-08-24,107304.58695812913
2021-08-25,107182.78370453302
2021-08-26,106052.65887765025
2021-08-27,105416.9663290338
2021-08-30,104562.10600567561
2021-08-31,105683.0117173118
2021-09-01,105442.53257466588
2021-09-02,103213.37847161299
2021-09-03,103138.96098497778
2021-09-06,101557.3298113255
2021-09-07,102214.63409897772
2021-09-08,103305.27199172882
2021-09-09,102988.71881948187
2021-09-13,102506.61765344488
2021-09-14,101217.94538914865
2021-09-15,103612.54785906112
2021-09-16,102220.0124805782
2021-09-17,103818.01924706176
2021-09-20,104621.67991140719
2021-09-21,105553.49630777977
2021-09-22,108175.31044163243
2021-09-23,109081.9385737409
2021-09-24,108400.66455844243
2021-09-27,107792.52664445291
2021-09-28,109444.22360454807
2021-09-29,108293.48648356006
2021-09-30,104749.31275232599
2021-10-01,108661.46167986558
2021-10-04,108988.44081243621
2021-10-05,110965.0907448659
2021-10-06,110587.94975680317
2021-10-07,111731.26448789448
2021-10-08,113780.6334336245
2021-10-11,114897.02035971513
2021-10-12,114502.03942843192
2021-10-13,113571.42195188976
2021-10-14,113225.60384350101
2021-10-18,113341.50550790102
2021-10-19,113305.7688859369
2021-10-20,114431.42157528923
2021-10-21,115325.79113546881
2021-10-22,116578.90003396239
2021-10-25,116851.39886148514
2021-10-26,115924.68526200166
2021-10-27,115970.33995957166
2021-10-28,118510.5997575407
2021-10-29,118062.11714323543
2021-11-01,118655.91016245492
2021-11-02,119678.77332903692
2021-11-03,120379.07102984606
2021-11-04,119436.6701640434
2021-11-08,118664.84080974183
2021-11-09,118332.57025920381
2021-11-10,118360.32496531893
2021-11-11,121921.19277819638
2021-11-12,121607.34057485191
2021-11-15,123926.80939880322
2021-11-16,126086.0266502334
2021-11-17,123319.71233676949
2021-11-18,120775.93492820137
2021-11-22,123469.1350966686
2021-11-23,123025.70826102947
2021-11-24,124061.13860496847
2021-11-25,126203.60414734758
2021-11-26,128193.81427213264
2021-11-29,125619.28704992258
2021-11-30,123870.76451604314
2021-12-01,123517.6604326003
2021-12-02,126012.66423929483
2021-12-03,127357.2835130599
2021-12-06,124257.76123766741
2021-12-07,124423.01853495168
2021-12-08,124335.3563421481
2021-12-09,125934.577676086
2021-12-10,126793.27966812902
2021-12-13,125114.22640838633
2021-12-14,124434.21286982436
2021-12-15,125398.78237380188
2021-12-16,128002.26498959596
2021-12-17,132241.94278859303
2021-12-20,132091.88021885123
2021-12-21,131502.1180717796
2021-12-22,130664.87716976563
2021-12-23,128977.90424716823
2021-12-24,129311.37783606499
2021-12-27,130626.2918485447
2021-12-28,131149.37221370853
2021-12-29,129118.80450864286
2021-12-30,128037.94919886968
2021-12-31,126090.21851962573
2022-01-03,124890.17429027906
2022-01-04,125915.09943425457
2022-01-05,125305.87653083206
2022-01-06,124819.17915501454
2022-01-07,124047.76330783937
2022-01-10,123444.9974237555
2022-01-11,122938.64007837318
2022-01-12,123878.63264330087
2022-01-13,122604.29588781545
2022-01-14,124978.194718997
2022-01-17,125864.4229238852
2022-01-18,126513.49493182117
2022-01-19,126533.68366359662
2022-01-20,128123.76950740295
2022-01-21,125164.98006130909
2022-01-24,123401.59692986525
2022-01-25,122285.98566500355
2022-01-27,123485.32256323456
2022-01-28,125195.1075206095
2022-01-31,124211.75232710349
2022-02-01,123767.42442782536
2022-02-02,125769.46740598002
2022-02-03,125336.91414100329
2022-02-04,123085.80580158302
2022-02-07,122549.70909669022
2022-02-08,120595.07419803466
2022-02-09,121320.16584388212
2022-02-10,125925.03433217097
2022-02-11,126004.67941789623
2022-02-14,126551.52283829791
2022-02-15,128250.51660894246
2022-02-16,129756.95864239888
2022-02-17,131897.1488478469
2022-02-18,130375.7157423156
2022-02-21,130788.18548432925
2022-02-22,131081.5126609394
2022-02-23,129961.87822627647
2022-02-24,131967.57962931643
2022-02-25,129230.08915947091
2022-02-28,129609.20039938424
2022-03-02,131957.44801061705
2022-03-03,132157.4085755047
2022-03-04,136236.120385271
2022-03-07,138959.6572708907
2022-03-08,142130.3143343883
2022-03-09,142564.2115351903
2022-03-10,140775.89927861138
2022-03-11,140659.9262854471
2022-03-14,141002.15822541702
2022-03-15,143614.93467607445
2022-03-16,140380.8960562594
2022-03-17,138678.05595393816
2022-03-21,140289.87034732735
2022-03-22,141080.34508767544
2022-03-23,139727.84231864108
2022-03-24,141458.43620154232
2022-03-25,139820.1820254842
2022-03-28,140228.0330608953
2022-03-29,140206.64364240027
2022-03-30,140263.12444293697
2022-03-31,139544.014060468
2022-04-01,138570.61361409895
2022-04-04,136927.21911492507
2022-04-05,138145.8382169866
2022-04-06,136279.1817418984
2022-04-07,137472.8265201865
2022-04-08,135680.0014265742
2022-04-11,133441.37702707454
2022-04-12,133123.6728993255
2022-04-13,135557.99598020053
2022-04-18,133887.55406464482
2022-04-19,136463.3496690549
2022-04-20,138889.9962882928
2022-04-21,138134.28342335272
2022-04-22,136567.34594741443
2022-04-25,135354.21142879524
2022-04-26,131358.15232196817
2022-04-27,132865.42334742987
2022-04-28,128277.86256162093
2022-04-29,128621.13441378856
2022-05-02,128453.92202472044
2022-05-04,125491.5984252761
2022-05-05,125556.5712000209
2022-05-06,125898.0966417602
2022-05-09,127137.31765154566
2022-05-10,128674.34409288544
2022-05-11,130232.72434282147
2022-05-12,131188.15243218135
2022-05-13,130571.27267269063
2022-05-16,128542.12740984235
2022-05-17,130492.89632374333
2022-05-18,130850.36038741306
2022-05-19,129843.14502384295
2022-05-20,131097.98278191677
2022-05-23,130274.70322240192
2022-05-24,130472.40893597681
2022-05-25,130402.58048678881
2022-05-26,134108.07911045253
2022-05-27,133748.6776676683
2022-05-30,133078.89100920607
2022-05-31,136301.61699230663
2022-06-01,138674.64410086034
2022-06-02,140454.14651165978
2022-06-03,139816.37742834323
2022-06-06,139748.27406265808
2022-06-07,140411.96064494923
2022-06-08,139635.61002149238
2022-06-09,141291.26912911725
2022-06-10,141049.33557916424
2022-06-13,140546.57538968138
2022-06-14,137116.20350895933
2022-06-15,136651.92566139592
2022-06-16,135396.9299945891
2022-06-17,134248.70995826492
2022-06-20,133829.3336280816
2022-06-21,131397.70468578784
2022-06-22,130989.98352693977
2022-06-23,130610.59768921902
2022-06-24,135009.5997397267
2022-06-27,134048.12147007338
2022-06-28,133427.54886903765
2022-06-29,133007.97225626113
2022-06-30,135027.36059527457
2022-07-01,137729.92549922242
2022-07-04,136621.99695770195
2022-07-05,136099.95502959567
2022-07-06,136864.53747805813
2022-07-07,133010.3442455153
2022-07-08,132264.33635007768
2022-07-11,134455.90748560333
2022-07-12,132389.02501124842
2022-07-13,132515.59660485756
2022-07-14,132160.84628342153
2022-07-15,133218.4568943388
2022-07-18,133183.03740288812
2022-07-19,131217.41519837404
2022-07-20,133764.1582285611
2022-07-21,132802.9840032695
2022-07-22,131992.51495351494
2022-07-25,130259.64952711746
2022-07-26,131255.6932494377
2022-07-27,132200.3286312379
2022-07-28,136219.2186716886
2022-07-29,135938.15647258767
2022-08-01,132248.3787356352
2022-08-02,131759.46060449234
2022-08-03,130621.33808536138
2022-08-04,128403.92001226243
2022-08-05,128727.61852808177
2022-08-08,129239.31110782624
2022-08-10,130711.21047991695
2022-08-11,132495.33901448414
2022-08-12,133787.25334109578
2022-08-16,133924.4693726886
2022-08-17,133551.62000642635
2022-08-18,132655.00126354865
2022-08-19,133579.20491712604
2022-08-22,134334.03137707667
2022-08-23,132452.68274728555
2022-08-24,135106.01189962632
2022-08-25,135083.0226158449
2022-08-26,135385.49930747823
2022-08-29,133003.29064732982
2022-08-30,132166.35483053635
2022-09-01,129589.83307731373
2022-09-02,129051.12620255366
2022-09-05,127915.69168565323
2022-09-06,125874.98019742328
2022-09-07,125506.43647100334
2022-09-08,124038.76013756367
2022-09-09,125757.69713782419
2022-09-12,125785.44288476033
2022-09-13,126314.83509156619
2022-09-14,126931.64595816008
2022-09-15,128571.80288986504
2022-09-16,129543.91561756056
2022-09-19,126770.44412715854
2022-09-20,126100.53465708898
2022-09-21,127027.72544339928
2022-09-22,130995.74090271538
2022-09-23,131956.97887585955
2022-09-26,134386.76627703678
2022-09-27,134182.0461784422
2022-09-28,131274.42320330348
2022-09-29,130861.8736000123
2022-09-30,128805.55118499359
2022-10-03,131635.23801032777
2022-10-04,132895.1150187081
2022-10-06,131404.8892103622
2022-10-07,131587.66175051624
2022-10-10,128879.11701514666
2022-10-11,129879.13034513728
2022-10-12,132487.34189542732
2022-10-13,132302.73171612216
2022-10-14,132789.45897811846
2022-10-17,131124.13876700422
2022-10-18,133043.49753283558
2022-10-19,129532.79836154249
2022-10-20,129681.6430563588
2022-10-21,131168.73078383494
2022-10-24,130135.67816373393
2022-10-25,130583.34467840663
2022-10-27,130302.69879147511
2022-10-28,135228.61295105476
2022-10-31,132241.38761904725
2022-11-01,130345.59777509728
2022-11-02,129217.86904894632
2022-11-03,128271.59763097111
2022-11-04,129806.16749863423
2022-11-07,130530.69811732488
2022-11-09,129446.59393129555
2022-11-10,129677.34117340851
2022-11-11,128876.84298700502
2022-11-14,127007.91423814208
2022-11-15,123333.31704218235
2022-11-16,122894.9106350825
2022-11-17,122367.06278993632
2022-11-18,122788.1375358691
2022-11-21,124602.59134371702
2022-11-22,123600.7019769997
2022-11-23,122053.05041614869
2022-11-24,126237.10085386614
2022-11-25,126109.9173659784
2022-11-28,127434.79894175002
2022-11-29,128517.82303781394
2022-11-30,125878.91185173606
2022-12-01,124565.21610881865
2022-12-02,123670.49666924591
2022-12-05,123015.9142101567
2022-12-06,122615.94194679856
2022-12-07,121492.29292040916
2022-12-08,123745.06502046077
2022-12-09,123878.2161250922
2022-12-12,122872.65942348285
2022-12-13,123624.62942067676
2022-12-14,122232.37733433918
2022-12-15,121320.65671897915
2022-12-16,121375.06821257807
2022-12-19,120607.76536612735
2022-12-20,119195.44065680426
2022-12-21,116502.13963195303
2022-12-22,115909.30945189102
2022-12-23,115981.58524933817
2022-12-26,119469.11426897306
2022-12-27,118235.77084063795
2022-12-28,118461.37242241294
2022-12-29,119276.10674245506
2022-12-30,120402.07929431803
2023-01-02,118515.29768578126
2023-01-03,116827.41991978792
2023-01-04,118723.99944151544
2023-01-05,116565.60718206044
2023-01-06,120313.9676532239
2023-01-09,119790.87695885694
2023-01-10,119267.10185677737
2023-01-11,118599.97038826146
2023-01-12,115127.35297791054
2023-01-13,116187.28033690805
2023-01-16,119088.2458554183
2023-01-17,119397.65734441241
2023-01-18,119262.85137756799
2023-01-19,117257.1850535628
2023-01-20,116960.03902958517
2023-01-23,117732.78002831712
2023-01-24,116709.27813980049
2023-01-25,116733.81873387736
2023-01-27,119377.47934297715
2023-01-30,121142.82923519431
2023-01-31,123194.39862902963
2023-02-01,123301.49372694605
2023-02-02,123898.65957288128
2023-02-03,122317.02785260872
2023-02-06,122917.41298353199
2023-02-07,124686.41197402807
2023-02-08,125842.95600300515
2023-02-09,124765.33574947622
2023-02-10,123664.81344623574
2023-02-13,125120.91242291505
2023-02-14,122230.57897813673
2023-02-15,121748.56391829743
2023-02-16,121443.8940078307
2023-02-17,121424.70508332041
2023-02-20,122751.11591732476
2023-02-21,122256.3023477323
2023-02-22,122939.2240140059
2023-02-23,122746.45352762105
2023-02-24,123928.76609844567
2023-02-27,125267.11755283669
2023-02-28,125802.8147396858
2023-03-01,126846.18657848988
2023-03-02,129098.18268878954
2023-03-03,129007.54282269944
2023-03-06,125903.57692669377
2023-03-08,126967.04253939973
2023-03-09,127655.8295919993
2023-03-10,130818.93809134154
2023-03-13,132388.40895163617
2023-03-14,132094.70198652238
2023-03-15,129993.76409994159
2023-03-16,129581.05656217838
2023-03-17,127417.8122142795
2023-03-20,127889.59154677203
2023-03-21,128560.2485589342
2023-03-22,127535.40635331704
2023-03-23,126544.78721554256
2023-03-24,125627.36489063367
2023-03-27,125992.75026910806
2023-03-28,125123.93936544856
2023-03-29,122505.8846992121
2023-03-31,122969.03462803525
2023-04-03,123595.87882643176
2023-04-05,126034.58691285584
2023-04-06,125344.81913850708
2023-04-10,127335.45800838048
2023-04-11,125944.14062883162
2023-04-12,127358.66604099366
2023-04-13,127643.13108332147
2023-04-17,126475.99744170974
2023-04-18,124938.22353592311
2023-04-19,124735.25000560029
2023-04-20,125983.8990003272
2023-04-21,126478.38637429214
2023-04-24,123687.67868781148
2023-04-25,121854.49604435476
2023-04-26,125286.04997293367
2023-04-27,124465.72183953779
2023-04-28,125247.24530991289
2023-05-02,126394.78691486131
2023-05-03,127057.89860775479
2023-05-04,127442.78576764376
2023-05-05,127930.16774090858
2023-05-08,128531.77231023856
2023-05-09,129316.43095735017
2023-05-10,131450.15220620757
2023-05-11,132918.1120393282
2023-05-12,134522.51849603234
2023-05-15,132850.81278569996
2023-05-16,133099.00372777268
2023-05-17,133516.57197853294
2023-05-18,135387.59842939078
2023-05-19,134233.36678133882
2023-05-22,133277.62709307307
2023-05-23,131738.42797717903
2023-05-24,130771.94828315347
2023-05-25,129310.21017148376
2023-05-26,132235.56344015815
2023-05-29,132668.60638470878
2023-05-30,132051.94005994382
2023-05-31,130992.99466324011
2023-06-01,129065.40318750106
2023-06-02,130055.4205138195
2023-06-05,128657.84857003526
2023-06-06,128117.09455432114
2023-06-07,126197.87285837943
2023-06-08,127710.06497311233
2023-06-09,126760.55864077841
2023-06-12,127078.78175903155
2023-06-13,128431.71137599446
2023-06-14,129523.09504775924
2023-06-15,129089.58148835425
2023-06-16,127898.3946344654
2023-06-19,125934.38134477528
2023-06-20,124314.61462173064
2023-06-21,125425.71511938304
2023-06-22,124407.32046141321
2023-06-23,122346.86976009545
2023-06-26,119393.49482557035
2023-06-27,118668.17170471052
2023-06-28,119066.9690697434
2023-06-30,119322.10484764964
2023-07-03,118903.59465278473
2023-07-04,120259.77948072841
2023-07-05,119379.90161913035
2023-07-06,121180.61359299318
2023-07-07,122851.55391284933
2023-07-10,122267.79208787484
2023-07-11,119936.12057174931
2023-07-12,117982.38386654804
2023-07-13,119724.60649544396
2023-07-14,120791.33170659257
2023-07-17,122553.25134074551
2023-07-18,121137.33708885423
2023-07-19,122022.73822884752
2023-07-20,123269.7946167003
2023-07-21,123045.63292649442
2023-07-24,125062.3657616037
2023-07-25,126785.65079923236
2023-07-26,127293.03756619635
2023-07-27,129036.3074383414
2023-07-28,125618.70371192096
2023-07-31,127296.26787060236
2023-08-01,127159.24322191415
2023-08-02,128425.02297452856
2023-08-03,126337.9059752749
2023-08-04,127623.34655573971
2023-08-07,128317.84694976998
2023-08-08,126233.02092651621
2023-08-09,126402.01515958853
2023-08-10,125704.45372314325
2023-08-11,124471.6787606782
2023-08-14,122974.29667096229
2023-08-16,121979.60010547384
2023-08-17,123827.26556306255
2023-08-18,121582.20768632866
2023-08-21,121427.55300618095
2023-08-22,120233.53613428182
2023-08-23,118452.97196042021
2023-08-24,116725.12360844576
2023-08-25,118964.70881087036
2023-08-28,119646.02850807516
2023-08-29,116954.76355790127
2023-08-30,117673.70229268119
2023-08-31,121271.06575362002
2023-09-01,121389.55586095573
2023-09-04,121914.4859421861
2023-09-05,121628.74100207197
2023-09-06,123633.14074298729
2023-09-07,125752.26219708112
2023-09-08,125885.86021309166
2023-09-11,128197.35002158271
2023-09-12,129974.43914054085
2023-09-13,130031.40291849324
2023-09-14,131465.57801256797
2023-09-15,133254.51377860666
2023-09-18,135698.79176121438
2023-09-20,138718.77424404686
2023-09-21,137567.647904595
2023-09-22,134838.4863742465
2023-09-25,134157.2448153418
2023-09-26,135850.49405482024
2023-09-27,134784.25907531916
2023-09-28,135044.06342885955
2023-09-29,135432.57213676916
2023-10-03,134881.21278844075
2023-10-04,134902.50692511376
2023-10-05,130814.06927037454
2023-10-06,128612.6872548936
2023-10-09,127622.52229990646
2023-10-10,127300.37748874596
2023-10-11,126308.76874865608
2023-10-12,126415.94746390088
2023-10-13,124228.64595440804
2023-10-16,123377.0645900368
2023-10-17,123002.6788171912
2023-10-18,125687.41708274528
2023-10-19,127117.44453917319
2023-10-20,128287.57412343964
2023-10-23,128855.7068084716
2023-10-25,130017.85538503762
2023-10-26,129609.29783650892
2023-10-27,127437.5696568201
2023-10-30,129018.65068094649
2023-10-31,127089.95802439355
2023-11-01,125084.74952474904
2023-11-02,131037.96458443267
2023-11-03,131644.3387287196
2023-11-06,133495.64658409057
2023-11-07,135627.05077314188
2023-11-08,137789.13788043553
2023-11-09,139200.7338747983
2023-11-10,140205.81968096268
2023-11-13,140649.9511435722
2023-11-15,140142.05749640235
2023-11-16,138410.05882189173
2023-11-17,140568.50455787577
2023-11-20,140871.50318269266
2023-11-21,139253.2766254603
2023-11-22,144562.28372312593
2023-11-23,147038.4420231912
2023-11-24,145018.66087846705
2023-11-28,144036.62513215817
2023-11-29,141140.3884461699
2023-11-30,141217.5458527259
2023-12-01,140795.01442174352
2023-12-04,143529.35839928518
2023-12-05,142801.5871648577
2023-12-06,139968.10961611432
2023-12-07,139161.1130703726
2023-12-08,139309.93881996133
2023-12-11,139049.28402062884
2023-12-12,137170.99532967407
2023-12-13,135592.76649884053
2023-12-14,132044.6079519656
2023-12-15,134723.58901549104
2023-12-18,133182.4992493926
2023-12-19,134369.5419106326
2023-12-20,133092.08768906278
2023-12-21,131807.1515183563
2023-12-22,132215.1780921969
2023-12-26,130704.36028307796
2023-12-27,130970.80109276157
2023-12-28,131063.53464787325
2023-12-29,127050.34696802082
2024-01-01,128277.9448688206
2024-01-02,125585.34141092353
2024-01-03,126739.1038321946
2024-01-04,124619.3743477562
2024-01-05,122019.95279017555
2024-01-08,120460.10485127354
2024-01-09,120393.92466864092
2024-01-10,119111.00774407324
2024-01-11,117854.30114167099
2024-01-12,120458.08017464173
2024-01-15,122137.07067883314
2024-01-16,124256.86979302864
2024-01-17,125533.37668481105
2024-01-18,126750.45173360327
2024-01-19,122436.08567645645
2024-01-23,123120.18994387699
2024-01-24,124877.62193364062
2024-01-25,124961.1969688924
2024-01-29,122321.65750005543
2024-01-30,123185.15288709877
2024-01-31,124321.53726148712
2024-02-01,124401.06308936763
2024-02-02,124873.38763452714
2024-02-05,121907.96173842103
2024-02-06,119510.89343527045
2024-02-07,120480.3788656151
2024-02-08,122650.1867301099
2024-02-09,122187.65277497747
2024-02-12,123523.17540080608
2024-02-13,126252.42225321995
2024-02-14,126140.71855518894
2024-02-15,125232.80466709186
2024-02-16,124119.10368757606
2024-02-19,127312.7505745446
2024-02-20,128965.77087743115
2024-02-21,129988.02528883477
2024-02-22,131253.6032304703
2024-02-23,132609.8762563169
2024-02-26,133111.28345328773
2024-02-27,130369.42102903941
2024-02-28,133051.2724826403
2024-02-29,133922.9552261189
2024-03-01,136081.1662560783
2024-03-04,134922.92432171377
2024-03-05,133212.11680746364
2024-03-06,134906.14547559785
2024-03-07,135069.3425713703
2024-03-11,131225.64841354667
2024-03-12,134550.0293050875
2024-03-13,136235.7671671773
2024-03-14,133082.28771444428
2024-03-15,135239.91188294222
2024-03-18,131295.23907294072
2024-03-19,132166.9820034418
2024-03-20,133374.0025174176
2024-03-21,133546.2466337801
2024-03-22,135641.01703181778
2024-03-26,136958.65594125364
2024-03-27,137114.87628098676
2024-03-28,137387.95082026292
2024-04-01,138983.2038413003
2024-04-02,138568.00806175248
2024-04-03,137597.5833776705
2024-04-04,138780.10340856877
2024-04-05,140191.87640904286
2024-04-08,139796.78415411743
2024-04-09,137504.45980448727
2024-04-10,138081.84486089443
2024-04-12,136444.08111958616
2024-04-15,135277.46130181855
2024-04-16,134144.9858275683
2024-04-18,134345.29697219
2024-04-19,134326.00988111857
2024-04-22,132763.1537121407
2024-04-23,133900.6493440138
2024-04-24,137984.57202973586
2024-04-25,136678.512378489
2024-04-26,137153.13570736954
2024-04-29,137213.20079440257
2024-04-30,137460.88878567785
2024-05-02,142618.80857205275
2024-05-03,144449.7933427105
2024-05-06,143140.774079864
2024-05-07,144488.97749488577
2024-05-08,147793.16908992804
2024-05-09,150387.45465660602
2024-05-10,149806.68556907523
2024-05-13,150798.83655869315
2024-05-14,150040.52405931603
2024-05-15,151270.482286769
2024-05-16,151074.17073596249
2024-05-17,152273.73936130726
2024-05-21,152132.56162083978
2024-05-22,153168.76499330156
2024-05-23,152279.86604123935
2024-05-24,153737.88922071434
2024-05-27,155004.46599881139
2024-05-28,149745.77793843157
2024-05-29,148599.83234197675
2024-05-30,148110.4672572
2024-05-31,146804.7793219887
2024-06-03,145510.1774182228
2024-06-04,146530.23198960375
2024-06-05,144733.02786870342
2024-06-06,146099.14505951916
2024-06-07,146335.97675543439
2024-06-10,148663.0099047342
2024-06-11,148413.9184839689
2024-06-12,148979.75176108844
2024-06-13,147342.49060041583
2024-06-14,148164.0490231985
2024-06-18,148911.89038389304
2024-06-19,149091.95186334112
2024-06-20,149065.92360819486
2024-06-21,148138.64906783935
2024-06-24,148163.59873340177
2024-06-25,148199.48974970507
2024-06-26,149361.9373051944
2024-06-27,147852.5841445594
2024-06-28,145121.02881107453
2024-07-01,144306.97779968407
2024-07-02,144478.6464479384
2024-07-03,145584.3206868864
2024-07-04,144571.2940059894
2024-07-05,145567.52339435898
2024-07-08,145496.1005809095
2024-07-09,145879.39005749451
2024-07-10,150270.54526954715
2024-07-11,148132.09583902013
2024-07-12,148956.52814590046
2024-07-15,151027.25472642007
2024-07-16,146470.1810342006
2024-07-18,142680.07238171014
2024-07-19,143461.7104810746
2024-07-22,146117.46786625538
2024-07-23,146677.87006699032
2024-07-24,146171.3909957552
2024-07-25,143747.87354647703
2024-07-26,145534.0545633132
2024-07-29,147734.90074003654
2024-07-30,145756.30780704337
2024-07-31,147414.364387389
2024-08-01,147135.60569611308
2024-08-02,147633.6037932226
2024-08-05,142827.67952915368
2024-08-06,144377.15889831402
2024-08-07,148086.8063050708
2024-08-08,150532.5426908428
2024-08-09,151379.88132417528
2024-08-12,150785.17508028419
2024-08-13,149959.05645860656
2024-08-14,148912.85547565515
2024-08-16,149902.20511556065
2024-08-19,147755.58376236277
2024-08-20,148527.08015385323
2024-08-21,149902.29340380308
2024-08-22,148733.62034910766
2024-08-23,150001.7983429605
2024-08-26,149726.52766349658
2024-08-27,153516.9304514505
2024-08-28,151917.09580026966
2024-08-29,148882.56941099043
2024-08-30,146070.10263520968
2024-09-02,142534.0602291534
2024-09-03,143539.47896916783
2024-09-04,142837.7472838313
2024-09-05,142905.98114279337
2024-09-06,143742.65784488653
2024-09-09,144707.58254945063
2024-09-10,141972.1854235763
2024-09-11,140076.2045168655
2024-09-12,138772.28436110666
2024-09-13,139639.6321693488
2024-09-16,139380.13910380568
2024-09-17,140053.65413019224
2024-09-18,140503.6121435227
2024-09-19,143082.5161059517
2024-09-20,143912.2703788728
2024-09-23,145099.7435852641
2024-09-24,144280.07793568712
2024-09-25,148264.8052854182
2024-09-26,150563.20600422713
2024-09-27,151831.71948935886
2024-09-30,151269.695238639
2024-10-01,151348.24459004914
2024-10-03,150244.47261411435
2024-10-04,146979.73505802115
2024-10-07,146230.2019882788
2024-10-08,146065.04489360107
2024-10-09,144869.6847506753
2024-10-10,147750.08626725784
2024-10-11,149802.3207391732
2024-10-14,148664.85039393164
2024-10-15,148826.8230236724
2024-10-16,148298.24236181824
2024-10-17,145885.8159742567
2024-10-18,142303.08609000198
2024-10-21,143612.11526917986
2024-10-22,143349.21068859997
2024-10-23,144344.8925477066
2024-10-24,143678.47910244757
2024-10-25,149052.3414779605
2024-10-28,147538.16422156786
2024-10-29,143057.3066588756
2024-10-30,144787.98508983687
2024-10-31,145781.00479480714
2024-11-01,143579.1343244715
2024-11-04,142115.00049210564
2024-11-05,143665.1884856556
2024-11-06,146348.39160193232
2024-11-07,145830.64176901104
2024-11-08,146131.25199326806
2024-11-11,146167.4071751508
2024-11-12,145779.94024127562
2024-11-13,142915.42067842447
2024-11-14,141784.54277468304
2024-11-18,142232.01110666338
2024-11-19,144283.4594282555
2024-11-21,146838.15692237904
2024-11-22,146361.26241429913
2024-11-25,146214.15235996412
2024-11-26,149950.8245684111
2024-11-27,145227.53537292025
2024-11-28,143231.19882882482
2024-11-29,146065.4975894812
2024-12-02,143787.17905377597
2024-12-03,141735.0909098105
2024-12-04,140187.56325707844
2024-12-05,140061.9218294224
2024-12-06,140085.16405962734
2024-12-09,141357.36441934697
2024-12-10,143238.51265595297
2024-12-11,141548.77538041543
2024-12-12,139310.12962815893
2024-12-13,139210.6706347659
2024-12-16,140975.61209631804
2024-12-17,140239.66788683643
2024-12-18,142350.45735850336
2024-12-19,142999.86565037485
2024-12-20,142541.63829612653
2024-12-23,142947.89673302538
2024-12-24,142921.87221846663
2024-12-26,140884.28889992746
2024-12-27,141703.47602358882
2024-12-30,141137.43174016778
2024-12-31,138590.87773722273
2025-01-01,140213.94410732485
2025-01-02,139377.8092130924
2025-01-03,138494.22386583657
2025-01-06,140507.63009302592
2025-01-07,139144.9641648587
2025-01-08,139749.3644473002
2025-01-09,136040.3684108406
2025-01-10,135923.62701678337
2025-01-13,135063.39001675198
2025-01-14,132479.85854002472
2025-01-15,131865.8214095718
2025-01-16,132329.37943383615
2025-01-17,130490.67879713174
2025-01-20,126950.02965257232
2025-01-21,125843.60957205546
2025-01-22,122662.04781470649
2025-01-23,122367.18398282847
2025-01-24,121694.05252442905
2025-01-27,124085.50897991798
2025-01-28,124627.07263210145
2025-01-29,122843.97625205967
2025-01-30,122394.56702541356
2025-01-31,121626.11746826302
2025-02-03,119928.27037686968
2025-02-04,118802.61427080128
2025-02-05,116690.22777389131
2025-02-06,118387.52861925053
2025-02-07,119603.87509863835
2025-02-10,122849.73868624718
2025-02-11,121019.7130761299
2025-02-12,123398.3583506313
2025-02-13,124324.14981948315
2025-02-14,122684.81576992979
2025-02-17,124589.20865053657
2025-02-18,125561.3944743361
2025-02-19,125505.99354773763
2025-02-20,124198.13237310603
2025-02-21,124211.14920403977
2025-02-24,124311.21089702807
2025-02-25,125326.24363283176
2025-02-27,127889.48769798181
2025-02-28,127424.04465766823
2025-03-03,126675.2632526937
2025-03-04,125941.01631897278
2025-03-05,122870.38409286265
2025-03-06,119319.30401905758
2025-03-07,117885.46257949945
2025-03-10,115311.47261774518
2025-03-11,118323.244156069
2025-03-12,117857.90328821367
2025-03-13,118320.4348420364
2025-03-17,116122.00380853855
2025-03-18,115291.21014079865
2025-03-19,116258.489703478
2025-03-20,115530.65303225536
2025-03-21,115141.7098351278
2025-03-24,114847.278793987
2025-03-25,115300.17598405565
2025-03-26,117408.67502967491
2025-03-27,116501.65712750187
2025-03-28,116724.41643737695
2025-04-01,113869.81867853839
2025-04-02,114545.81319118911
2025-04-03,114191.50317016206
2025-04-04,110436.59597255744
2025-04-07,110013.44140729515
2025-04-08,111126.1136376975
2025-04-09,111412.30300065869
2025-04-11,112625.52903764238
2025-04-15,111398.35259319142
2025-04-16,110128.97985049326
2025-04-17,109903.20150488512
2025-04-21,110161.96130446774
2025-04-22,111276.7988690442
2025-04-23,111260.44303265595
2025-04-24,111879.75644165592
2025-04-25,111345.91669816266
2025-04-28,108664.61953357306
2025-04-29,108894.11122867413
2025-04-30,108309.0806887998
2025-05-02,109302.5397228465
2025-05-05,112218.60812051287
2025-05-06,112644.39832069616
2025-05-07,113096.27689186216
2025-05-08,110235.59987737313
2025-05-09,110784.85635125729
2025-05-12,107436.34253381027
2025-05-13,107770.34739902391
2025-05-14,107849.47754422597
2025-05-15,106395.09017288826
2025-05-16,103499.3533929592
2025-05-19,101882.29049381788
2025-05-20,100829.28631033188
2025-05-21,101489.87358116425
2025-05-22,101994.96828010354
2025-05-23,101739.14619661469
2025-05-26,101260.68573912514
2025-05-27,101744.05469705563
2025-05-28,99855.18236925773
2025-05-29,100121.26131690868
2025-05-30,100112.22139860709
2025-06-02,101018.98247956437
2025-06-03,101308.2052832301
2025-06-04,101155.20863749128
2025-06-05,103276.14691960091
2025-06-06,102976.1742070518
2025-06-09,100671.20649060872
2025-06-10,101496.10049878257
2025-06-11,103760.3868206101
2025-06-12,106559.85417466496
2025-06-13,108389.47324465081
2025-06-16,108352.4108591344
2025-06-17,108962.2980732552
2025-06-18,107055.79175056441
2025-06-19,105957.84782519157
2025-06-20,104645.95872801328
2025-06-23,105842.35229171757
2025-06-24,105656.10833512407
2025-06-25,103362.60899642814
2025-06-26,102457.14054805027
2025-06-27,103905.15932784326
2025-06-30,105430.78885953473
2025-07-01,104966.74585126025
2025-07-02,105684.09456446479
2025-07-03,107044.31604621834
2025-07-04,107854.33974409672
2025-07-07,106958.08062593847
2025-07-08,107821.66840530917
2025-07-09,105733.22010592262
2025-07-10,106859.64964646383
2025-07-11,108096.19062547294
