Datetime,Close
2023-07-14 09:00:00+00:00,313.1
2023-07-14 10:00:00+00:00,313.1140033572659
2023-07-14 11:00:00+00:00,314.44710537709426
2023-07-14 12:00:00+00:00,312.28336093791637
2023-07-14 13:00:00+00:00,311.5933543613033
2023-07-14 13:30:00+00:00,311.55204065770994
2023-07-14 14:30:00+00:00,313.8023010401413
2023-07-14 15:30:00+00:00,313.0689577427046
2023-07-14 16:30:00+00:00,319.47421731317644
2023-07-14 17:30:00+00:00,322.564517588585
2023-07-14 18:30:00+00:00,317.58812776297776
2023-07-14 19:30:00+00:00,319.29716390989313
2023-07-14 20:00:00+00:00,319.9621328873392
2023-07-14 21:00:00+00:00,322.0895410127291
2023-07-14 22:00:00+00:00,323.94196001706746
2023-07-14 23:00:00+00:00,323.8616857946737
2023-07-17 08:00:00+00:00,327.0487370932504
2023-07-17 09:00:00+00:00,326.7103778593618
2023-07-17 10:00:00+00:00,326.8304940816051
2023-07-17 11:00:00+00:00,325.60655922568213
2023-07-17 12:00:00+00:00,330.7282475756623
2023-07-17 13:00:00+00:00,328.8951545947082
2023-07-17 13:30:00+00:00,329.5112182730072
2023-07-17 14:30:00+00:00,326.7520836245543
2023-07-17 15:30:00+00:00,325.9580091324268
2023-07-17 16:30:00+00:00,323.5847033093209
2023-07-17 17:30:00+00:00,325.39332002409697
2023-07-17 18:30:00+00:00,321.5334018988665
2023-07-17 19:30:00+00:00,319.6513240206126
2023-07-17 20:00:00+00:00,313.4913013359372
2023-07-17 21:00:00+00:00,319.7719491983076
2023-07-17 22:00:00+00:00,315.7609648209743
2023-07-17 23:00:00+00:00,314.815627951406
2023-07-18 08:00:00+00:00,315.694243724568
2023-07-18 09:00:00+00:00,317.1485112653149
2023-07-18 10:00:00+00:00,323.79878529971865
2023-07-18 11:00:00+00:00,318.45114846541793
2023-07-18 12:00:00+00:00,322.9090012232415
2023-07-18 13:00:00+00:00,322.94408276805586
2023-07-18 13:30:00+00:00,320.6700004177432
2023-07-18 14:30:00+00:00,320.6697806445937
2023-07-18 15:30:00+00:00,317.89674545561013
2023-07-18 16:30:00+00:00,321.51551487570913
2023-07-18 17:30:00+00:00,315.86472037677527
2023-07-18 18:30:00+00:00,317.58192833056455
2023-07-18 19:30:00+00:00,317.70373658986483
2023-07-18 20:00:00+00:00,321.6991702720525
2023-07-18 21:00:00+00:00,321.866300047472
2023-07-18 22:00:00+00:00,321.6419643742003
2023-07-18 23:00:00+00:00,320.73345417949326
2023-07-19 08:00:00+00:00,318.96941204927913
2023-07-19 09:00:00+00:00,322.3422895506587
2023-07-19 10:00:00+00:00,328.8244464212
2023-07-19 11:00:00+00:00,324.4390136043674
2023-07-19 12:00:00+00:00,325.2550651100929
2023-07-19 13:00:00+00:00,326.17063357958324
2023-07-19 13:30:00+00:00,325.7551813668953
2023-07-19 14:30:00+00:00,322.5674983011276
2023-07-19 15:30:00+00:00,324.422469613772
2023-07-19 16:30:00+00:00,323.6776860851028
2023-07-19 17:30:00+00:00,317.61975250387036
2023-07-19 18:30:00+00:00,322.79072978121087
2023-07-19 19:30:00+00:00,323.92558976765827
2023-07-19 20:00:00+00:00,324.1588952173765
2023-07-19 21:00:00+00:00,327.02203888895264
2023-07-19 22:00:00+00:00,331.1906626502146
2023-07-19 23:00:00+00:00,339.20463172474393
2023-07-20 08:00:00+00:00,341.68879963327925
2023-07-20 09:00:00+00:00,347.86442545654364
2023-07-20 10:00:00+00:00,348.65842326639154
2023-07-20 11:00:00+00:00,349.29163252236845
2023-07-20 12:00:00+00:00,340.41618614705516
2023-07-20 13:00:00+00:00,342.66531116297443
2023-07-20 13:30:00+00:00,344.4941731504831
2023-07-20 14:30:00+00:00,344.7781214115441
2023-07-20 15:30:00+00:00,342.75804928501066
2023-07-20 16:30:00+00:00,336.661879336053
2023-07-20 17:30:00+00:00,338.0450298698486
2023-07-20 18:30:00+00:00,340.890717123949
2023-07-20 19:30:00+00:00,341.3198174248459
2023-07-20 20:00:00+00:00,336.73833378104507
2023-07-20 21:00:00+00:00,336.0974792563179
2023-07-20 22:00:00+00:00,336.1590871377815
2023-07-20 23:00:00+00:00,334.21675371428915
2023-07-21 08:00:00+00:00,337.6319250426845
2023-07-21 09:00:00+00:00,338.69776216994507
2023-07-21 10:00:00+00:00,333.8764242519033
2023-07-21 11:00:00+00:00,339.4219002657165
2023-07-21 12:00:00+00:00,332.73441428447836
2023-07-21 13:00:00+00:00,338.87138284453226
2023-07-21 13:30:00+00:00,341.5348843258087
2023-07-21 14:30:00+00:00,340.25751063758725
2023-07-21 15:30:00+00:00,342.29393465756493
2023-07-21 16:30:00+00:00,341.1215904060423
2023-07-21 17:30:00+00:00,338.9811445515408
2023-07-21 18:30:00+00:00,339.2288277883897
2023-07-21 19:30:00+00:00,338.25360708765413
2023-07-21 20:00:00+00:00,335.96161795052086
2023-07-21 21:00:00+00:00,338.82528252681016
2023-07-21 22:00:00+00:00,339.133313775844
2023-07-21 23:00:00+00:00,338.3595128374876
2023-07-24 08:00:00+00:00,343.67789722578004
2023-07-24 09:00:00+00:00,350.31481495571234
2023-07-24 10:00:00+00:00,353.1023072619959
2023-07-24 11:00:00+00:00,356.0294849763958
2023-07-24 12:00:00+00:00,355.49378631392415
2023-07-24 13:00:00+00:00,353.95208825501265
2023-07-24 13:30:00+00:00,351.481476182063
2023-07-24 14:30:00+00:00,354.2004070710583
2023-07-24 15:30:00+00:00,355.28960464267635
2023-07-24 16:30:00+00:00,351.0038416673325
2023-07-24 17:30:00+00:00,354.1587762462375
2023-07-24 18:30:00+00:00,350.8254735161909
2023-07-24 19:30:00+00:00,349.6978780850409
2023-07-24 20:00:00+00:00,354.67414535532055
2023-07-24 21:00:00+00:00,351.3052991415056
2023-07-24 22:00:00+00:00,353.9591501720967
2023-07-24 23:00:00+00:00,352.2887084092344
2023-07-25 08:00:00+00:00,351.9319854457212
2023-07-25 09:00:00+00:00,354.9887745343256
2023-07-25 10:00:00+00:00,359.9972928069094
2023-07-25 11:00:00+00:00,360.293233989771
2023-07-25 12:00:00+00:00,364.13526999475044
2023-07-25 13:00:00+00:00,366.8397181317191
2023-07-25 13:30:00+00:00,368.48768547750274
2023-07-25 14:30:00+00:00,364.18812947631864
2023-07-25 15:30:00+00:00,358.85185105291697
2023-07-25 16:30:00+00:00,360.0092012073324
2023-07-25 17:30:00+00:00,354.16912692157376
2023-07-25 18:30:00+00:00,357.734332682026
2023-07-25 19:30:00+00:00,358.5522206747447
2023-07-25 20:00:00+00:00,357.4091765130568
2023-07-25 21:00:00+00:00,358.68928178483054
2023-07-25 22:00:00+00:00,362.68113667466366
2023-07-25 23:00:00+00:00,363.17154888879895
2023-07-26 08:00:00+00:00,365.0556808573357
2023-07-26 09:00:00+00:00,362.6111653646203
2023-07-26 10:00:00+00:00,358.0722264669637
2023-07-26 11:00:00+00:00,356.4473425269388
2023-07-26 12:00:00+00:00,356.0128988429407
2023-07-26 13:00:00+00:00,357.4783487507913
2023-07-26 13:30:00+00:00,357.77734659284897
2023-07-26 14:30:00+00:00,354.7544969258269
2023-07-26 15:30:00+00:00,360.4484361197203
2023-07-26 16:30:00+00:00,363.3976029891335
2023-07-26 17:30:00+00:00,366.81900392304664
2023-07-26 18:30:00+00:00,366.36761587987456
2023-07-26 19:30:00+00:00,372.0927340590451
2023-07-26 20:00:00+00:00,369.4203151513098
2023-07-26 21:00:00+00:00,372.68889217795294
2023-07-26 22:00:00+00:00,372.7480020726291
2023-07-26 23:00:00+00:00,369.92423090136765
2023-07-27 08:00:00+00:00,365.70757257352847
2023-07-27 09:00:00+00:00,364.4268420246008
2023-07-27 10:00:00+00:00,361.5158249373784
2023-07-27 11:00:00+00:00,360.8660246646916
2023-07-27 12:00:00+00:00,361.08448624423943
2023-07-27 13:00:00+00:00,363.7970815633539
2023-07-27 13:30:00+00:00,362.9693928737627
2023-07-27 14:30:00+00:00,372.3083506297095
2023-07-27 15:30:00+00:00,372.5619045590874
2023-07-27 16:30:00+00:00,373.470283542208
2023-07-27 17:30:00+00:00,375.9505800493404
2023-07-27 18:30:00+00:00,379.13556590561893
2023-07-27 19:30:00+00:00,383.18361393924846
2023-07-27 20:00:00+00:00,382.70261387573174
2023-07-27 21:00:00+00:00,384.9580949530173
2023-07-27 22:00:00+00:00,387.8373005990356
2023-07-27 23:00:00+00:00,391.05586073097635
2023-07-28 08:00:00+00:00,390.4688491465824
2023-07-28 09:00:00+00:00,393.8709378316693
2023-07-28 10:00:00+00:00,387.5749723732382
2023-07-28 11:00:00+00:00,394.65793510067266
2023-07-28 12:00:00+00:00,390.1367577267405
2023-07-28 13:00:00+00:00,391.63197196103675
2023-07-28 13:30:00+00:00,391.7710458944747
2023-07-28 14:30:00+00:00,390.7071978946844
2023-07-28 15:30:00+00:00,394.5693161977311
2023-07-28 16:30:00+00:00,400.137949355265
2023-07-28 17:30:00+00:00,400.29195196697185
2023-07-28 18:30:00+00:00,398.6185848642771
2023-07-28 19:30:00+00:00,395.7762069477195
2023-07-28 20:00:00+00:00,401.76844062925164
2023-07-28 21:00:00+00:00,407.6370535792267
2023-07-28 22:00:00+00:00,409.22678698343276
2023-07-28 23:00:00+00:00,413.8821786403831
2023-07-31 08:00:00+00:00,404.4649109749814
2023-07-31 09:00:00+00:00,404.7275259230967
2023-07-31 10:00:00+00:00,404.8958967558035
2023-07-31 11:00:00+00:00,399.65321837145547
2023-07-31 12:00:00+00:00,396.7705446123145
2023-07-31 13:00:00+00:00,392.7283687334411
2023-07-31 13:30:00+00:00,397.3973894404731
2023-07-31 14:30:00+00:00,398.2545533362256
2023-07-31 15:30:00+00:00,400.5133669823134
2023-07-31 16:30:00+00:00,396.20852325033314
2023-07-31 17:30:00+00:00,397.7894881752355
2023-07-31 18:30:00+00:00,394.9465692680579
2023-07-31 19:30:00+00:00,399.0101669958782
2023-07-31 20:00:00+00:00,400.36916982566146
2023-07-31 21:00:00+00:00,403.787415786874
2023-07-31 22:00:00+00:00,407.0611702796115
2023-07-31 23:00:00+00:00,402.47939068323984
2023-08-01 08:00:00+00:00,399.96073063891123
2023-08-01 09:00:00+00:00,396.97709540213094
2023-08-01 10:00:00+00:00,393.1574125894945
2023-08-01 11:00:00+00:00,400.6068977138857
2023-08-01 12:00:00+00:00,409.79336420345004
2023-08-01 13:00:00+00:00,408.96660240055485
2023-08-01 13:30:00+00:00,407.747225094535
2023-08-01 14:30:00+00:00,401.99756200805143
2023-08-01 15:30:00+00:00,402.95973097603576
2023-08-01 16:30:00+00:00,398.4872845558971
2023-08-01 17:30:00+00:00,409.21767075950794
2023-08-01 18:30:00+00:00,408.4036848503108
2023-08-01 19:30:00+00:00,413.8234550163956
2023-08-01 20:00:00+00:00,414.4163913739452
2023-08-01 21:00:00+00:00,420.61138459116665
2023-08-01 22:00:00+00:00,420.5644584565846
2023-08-01 23:00:00+00:00,413.0788771777543
2023-08-02 08:00:00+00:00,415.17713470365896
2023-08-02 09:00:00+00:00,418.7142205853156
2023-08-02 10:00:00+00:00,423.77082528296313
2023-08-02 11:00:00+00:00,416.00669501815963
2023-08-02 12:00:00+00:00,421.27219835833785
2023-08-02 13:00:00+00:00,419.20836147947773
2023-08-02 13:30:00+00:00,419.6363991212909
2023-08-02 14:30:00+00:00,417.52067258080876
2023-08-02 15:30:00+00:00,418.3779684370525
2023-08-02 16:30:00+00:00,424.588947793812
2023-08-02 17:30:00+00:00,423.0057945614235
2023-08-02 18:30:00+00:00,417.0274307441538
2023-08-02 19:30:00+00:00,408.6037389968163
2023-08-02 20:00:00+00:00,408.86035045016183
2023-08-02 21:00:00+00:00,409.9759720986108
2023-08-02 22:00:00+00:00,408.63579514578277
2023-08-02 23:00:00+00:00,406.32450791502146
2023-08-03 08:00:00+00:00,403.7184446146495
2023-08-03 09:00:00+00:00,405.6148250225631
2023-08-03 10:00:00+00:00,403.13254066497245
2023-08-03 11:00:00+00:00,405.96687231559366
2023-08-03 12:00:00+00:00,399.3211868801969
2023-08-03 13:00:00+00:00,405.3921333232169
2023-08-03 13:30:00+00:00,402.61897008614176
2023-08-03 14:30:00+00:00,402.6653954563599
2023-08-03 15:30:00+00:00,403.31408135965063
2023-08-03 16:30:00+00:00,404.91740449662126
2023-08-03 17:30:00+00:00,405.3291541588826
2023-08-03 18:30:00+00:00,407.9298977051292
2023-08-03 19:30:00+00:00,400.17794406326476
2023-08-03 20:00:00+00:00,401.8241054921758
2023-08-03 21:00:00+00:00,405.93011456877895
2023-08-03 22:00:00+00:00,400.2575096782478
2023-08-03 23:00:00+00:00,401.62415182259065
2023-08-04 08:00:00+00:00,399.8113617357705
2023-08-04 09:00:00+00:00,398.15288263712955
2023-08-04 10:00:00+00:00,389.31964790888287
2023-08-04 11:00:00+00:00,394.0536957055365
2023-08-04 12:00:00+00:00,395.61693017302406
2023-08-04 13:00:00+00:00,387.68646375000657
2023-08-04 13:30:00+00:00,383.131670452364
2023-08-04 14:30:00+00:00,383.3519389106035
2023-08-04 15:30:00+00:00,379.07321480548677
2023-08-04 16:30:00+00:00,382.9568761680517
2023-08-04 17:30:00+00:00,386.237123339225
2023-08-04 18:30:00+00:00,387.6825128526914
2023-08-04 19:30:00+00:00,388.13387543543865
2023-08-04 20:00:00+00:00,384.1220328012239
2023-08-04 21:00:00+00:00,381.3623471420879
2023-08-04 22:00:00+00:00,381.45334139934147
2023-08-04 23:00:00+00:00,377.11662105339667
2023-08-07 08:00:00+00:00,374.75017381850904
2023-08-07 09:00:00+00:00,374.56938934770966
2023-08-07 10:00:00+00:00,379.05680108935684
2023-08-07 11:00:00+00:00,377.79932285259537
2023-08-07 12:00:00+00:00,375.11883913063105
2023-08-07 13:00:00+00:00,374.49936877924506
2023-08-07 13:30:00+00:00,378.0957891518658
2023-08-07 14:30:00+00:00,379.4893762306757
2023-08-07 15:30:00+00:00,380.21220002120225
2023-08-07 16:30:00+00:00,383.7376181872838
2023-08-07 17:30:00+00:00,386.1411999683076
2023-08-07 18:30:00+00:00,387.90857800583535
2023-08-07 19:30:00+00:00,389.16836369820004
2023-08-07 20:00:00+00:00,383.12546629009097
2023-08-07 21:00:00+00:00,384.46901667813097
2023-08-07 22:00:00+00:00,379.07945185814623
2023-08-07 23:00:00+00:00,387.09647086428043
2023-08-08 08:00:00+00:00,381.1593436817693
2023-08-08 09:00:00+00:00,378.09938497528367
2023-08-08 10:00:00+00:00,383.1603135010534
2023-08-08 11:00:00+00:00,387.1536431993889
2023-08-08 12:00:00+00:00,385.96685227113636
2023-08-08 13:00:00+00:00,389.3892228497449
2023-08-08 13:30:00+00:00,388.7946724592356
2023-08-08 14:30:00+00:00,385.7140742562737
2023-08-08 15:30:00+00:00,384.0257809424996
2023-08-08 16:30:00+00:00,384.67298252486466
2023-08-08 17:30:00+00:00,385.88746826181443
2023-08-08 18:30:00+00:00,386.0343673931739
2023-08-08 19:30:00+00:00,385.2392944930672
2023-08-08 20:00:00+00:00,382.97024075797026
2023-08-08 21:00:00+00:00,388.46533976758934
2023-08-08 22:00:00+00:00,391.9693008751302
2023-08-08 23:00:00+00:00,395.2223520749353
2023-08-09 08:00:00+00:00,392.0940176152378
2023-08-09 09:00:00+00:00,394.52545870401474
2023-08-09 10:00:00+00:00,395.00320954529917
2023-08-09 11:00:00+00:00,394.58401965809213
2023-08-09 12:00:00+00:00,392.49608068554573
2023-08-09 13:00:00+00:00,384.5202535878534
2023-08-09 13:30:00+00:00,385.49874241254065
2023-08-09 14:30:00+00:00,389.5454514369862
2023-08-09 15:30:00+00:00,393.4401636024493
2023-08-09 16:30:00+00:00,396.346521299882
2023-08-09 17:30:00+00:00,397.3489780989853
2023-08-09 18:30:00+00:00,394.9494619732923
2023-08-09 19:30:00+00:00,396.9245471793539
2023-08-09 20:00:00+00:00,397.149403913633
2023-08-09 21:00:00+00:00,399.38608819022625
2023-08-09 22:00:00+00:00,400.9098641436195
2023-08-09 23:00:00+00:00,394.7093906815059
2023-08-10 08:00:00+00:00,397.7675369038482
2023-08-10 09:00:00+00:00,400.1422275407748
2023-08-10 10:00:00+00:00,400.7875661079639
2023-08-10 11:00:00+00:00,399.9347916153895
2023-08-10 12:00:00+00:00,403.6995977396008
2023-08-10 13:00:00+00:00,400.46892539508514
2023-08-10 13:30:00+00:00,399.10922576124466
2023-08-10 14:30:00+00:00,401.372550961731
2023-08-10 15:30:00+00:00,399.9459802104225
2023-08-10 16:30:00+00:00,399.4933513422913
2023-08-10 17:30:00+00:00,396.62235837716304
2023-08-10 18:30:00+00:00,395.32070119364147
2023-08-10 19:30:00+00:00,398.57152285438275
2023-08-10 20:00:00+00:00,397.4905825592902
2023-08-10 21:00:00+00:00,399.2916556632923
2023-08-10 22:00:00+00:00,400.0907874837657
2023-08-10 23:00:00+00:00,399.41027626433635
2023-08-11 08:00:00+00:00,399.3819472664204
2023-08-11 09:00:00+00:00,401.58822049252956
2023-08-11 10:00:00+00:00,406.5843290911312
2023-08-11 11:00:00+00:00,402.1485528898571
2023-08-11 12:00:00+00:00,401.7489782048823
2023-08-11 13:00:00+00:00,401.3370624238263
2023-08-11 13:30:00+00:00,396.5349136320836
2023-08-11 14:30:00+00:00,397.1044652417119
2023-08-11 15:30:00+00:00,391.54983739186713
2023-08-11 16:30:00+00:00,387.22047639207506
2023-08-11 17:30:00+00:00,391.21537526339387
2023-08-11 18:30:00+00:00,384.1063289484589
2023-08-11 19:30:00+00:00,377.18635835357804
2023-08-11 20:00:00+00:00,375.8236118768265
2023-08-11 21:00:00+00:00,372.02094387993856
2023-08-11 22:00:00+00:00,376.28255142993606
2023-08-11 23:00:00+00:00,379.49386979565134
2023-08-14 08:00:00+00:00,374.0563381547503
2023-08-14 09:00:00+00:00,377.30796562177306
2023-08-14 10:00:00+00:00,377.0378781479904
2023-08-14 11:00:00+00:00,376.779531688376
2023-08-14 12:00:00+00:00,377.196447675206
2023-08-14 13:00:00+00:00,376.07995895725827
2023-08-14 13:30:00+00:00,372.30952727992616
2023-08-14 14:30:00+00:00,376.17713238500494
2023-08-14 15:30:00+00:00,368.20005970074385
2023-08-14 16:30:00+00:00,376.24631284656203
2023-08-14 17:30:00+00:00,378.97120155109013
2023-08-14 18:30:00+00:00,383.53004151226645
2023-08-14 19:30:00+00:00,390.9316404074204
2023-08-14 20:00:00+00:00,389.51394261831695
2023-08-14 21:00:00+00:00,383.0156366768195
2023-08-14 22:00:00+00:00,382.63816377242296
2023-08-14 23:00:00+00:00,377.9966121200912
2023-08-15 08:00:00+00:00,379.07598923571175
2023-08-15 09:00:00+00:00,387.8771195227241
2023-08-15 10:00:00+00:00,389.05574556204647
2023-08-15 11:00:00+00:00,398.6187338337825
2023-08-15 12:00:00+00:00,401.7693868965214
2023-08-15 13:00:00+00:00,397.3899311081245
2023-08-15 13:30:00+00:00,403.51162934286197
2023-08-15 14:30:00+00:00,399.8345307643602
2023-08-15 15:30:00+00:00,401.4353960368633
2023-08-15 16:30:00+00:00,394.22113715393357
2023-08-15 17:30:00+00:00,396.84668339033914
2023-08-15 18:30:00+00:00,394.688700428263
2023-08-15 19:30:00+00:00,388.96663427199525
2023-08-15 20:00:00+00:00,393.10825671002834
2023-08-15 21:00:00+00:00,393.64523062342045
2023-08-15 22:00:00+00:00,394.6139830855614
2023-08-15 23:00:00+00:00,394.4379801058519
2023-08-16 08:00:00+00:00,390.646929285145
2023-08-16 09:00:00+00:00,388.5001938680465
2023-08-16 10:00:00+00:00,386.9090615144637
2023-08-16 11:00:00+00:00,387.915960110626
2023-08-16 12:00:00+00:00,387.845900137121
2023-08-16 13:00:00+00:00,383.37097956118953
2023-08-16 13:30:00+00:00,386.1284070935337
2023-08-16 14:30:00+00:00,390.2859469733495
2023-08-16 15:30:00+00:00,389.16030025938875
2023-08-16 16:30:00+00:00,394.1573726489584
2023-08-16 17:30:00+00:00,397.01113929418483
2023-08-16 18:30:00+00:00,401.0246449961608
2023-08-16 19:30:00+00:00,401.5982510244014
2023-08-16 20:00:00+00:00,401.96414902992217
2023-08-16 21:00:00+00:00,404.63707790385587
2023-08-16 22:00:00+00:00,400.5155606810254
2023-08-16 23:00:00+00:00,397.7812785113521
2023-08-17 08:00:00+00:00,393.56133626545267
2023-08-17 09:00:00+00:00,390.4720426080913
2023-08-17 10:00:00+00:00,397.2464080668347
2023-08-17 11:00:00+00:00,396.32697345242707
2023-08-17 12:00:00+00:00,400.11511115057806
2023-08-17 13:00:00+00:00,401.1820555522343
2023-08-17 13:30:00+00:00,396.7641374766596
2023-08-17 14:30:00+00:00,401.3389198054699
2023-08-17 15:30:00+00:00,407.8937151900906
2023-08-17 16:30:00+00:00,414.60884153141774
2023-08-17 17:30:00+00:00,418.4291717580708
2023-08-17 18:30:00+00:00,417.24067219162123
2023-08-17 19:30:00+00:00,423.93941620518996
2023-08-17 20:00:00+00:00,428.0368694445029
2023-08-17 21:00:00+00:00,418.94902825036496
2023-08-17 22:00:00+00:00,425.97155705022885
2023-08-17 23:00:00+00:00,429.9019548281956
2023-08-18 08:00:00+00:00,427.62503788426335
2023-08-18 09:00:00+00:00,429.52586577502746
2023-08-18 10:00:00+00:00,419.20852438301415
2023-08-18 11:00:00+00:00,424.84220458506195
2023-08-18 12:00:00+00:00,420.69439452304107
2023-08-18 13:00:00+00:00,418.7891812447614
2023-08-18 13:30:00+00:00,417.35525467189746
2023-08-18 14:30:00+00:00,421.88538017849794
2023-08-18 15:30:00+00:00,423.71657303976474
2023-08-18 16:30:00+00:00,428.51079950950896
2023-08-18 17:30:00+00:00,427.6159482937744
2023-08-18 18:30:00+00:00,429.8503477477874
2023-08-18 19:30:00+00:00,424.9257910299055
2023-08-18 20:00:00+00:00,426.8526046316499
2023-08-18 21:00:00+00:00,426.97734270653945
2023-08-18 22:00:00+00:00,428.5416412286109
2023-08-18 23:00:00+00:00,429.0744467294255
2023-08-21 08:00:00+00:00,430.9233128197597
2023-08-21 09:00:00+00:00,433.5402117161687
2023-08-21 10:00:00+00:00,441.2029974698532
2023-08-21 11:00:00+00:00,432.37956134867187
2023-08-21 12:00:00+00:00,436.1798096461114
2023-08-21 13:00:00+00:00,431.5693321894052
2023-08-21 13:30:00+00:00,433.04155542303903
2023-08-21 14:30:00+00:00,431.4629364125962
2023-08-21 15:30:00+00:00,431.15434206142305
2023-08-21 16:30:00+00:00,430.3415981571947
2023-08-21 17:30:00+00:00,423.0531903727818
2023-08-21 18:30:00+00:00,420.50247838621635
2023-08-21 19:30:00+00:00,421.005865627129
2023-08-21 20:00:00+00:00,412.78747128112843
2023-08-21 21:00:00+00:00,410.5556240581246
2023-08-21 22:00:00+00:00,408.2736123362793
2023-08-21 23:00:00+00:00,404.2466853366685
2023-08-22 08:00:00+00:00,407.79567733427564
2023-08-22 09:00:00+00:00,404.5822210109514
2023-08-22 10:00:00+00:00,406.8123603561966
2023-08-22 11:00:00+00:00,405.22788345191594
2023-08-22 12:00:00+00:00,407.52967531993374
2023-08-22 13:00:00+00:00,404.82202333584684
2023-08-22 13:30:00+00:00,401.3603306074082
2023-08-22 14:30:00+00:00,401.6514342512832
2023-08-22 15:30:00+00:00,406.74647200844646
2023-08-22 16:30:00+00:00,407.3113236696496
2023-08-22 17:30:00+00:00,406.84192897160324
2023-08-22 18:30:00+00:00,405.3280564681299
2023-08-22 19:30:00+00:00,408.8071529394509
2023-08-22 20:00:00+00:00,414.79251138702523
2023-08-22 21:00:00+00:00,416.7587696839443
2023-08-22 22:00:00+00:00,411.33023525059326
2023-08-22 23:00:00+00:00,414.45823961719395
2023-08-23 08:00:00+00:00,413.2584435800516
2023-08-23 09:00:00+00:00,413.6840621285582
2023-08-23 10:00:00+00:00,419.3160022991484
2023-08-23 11:00:00+00:00,419.7163867066397
2023-08-23 12:00:00+00:00,417.4655735202601
2023-08-23 13:00:00+00:00,402.26626635185676
2023-08-23 13:30:00+00:00,401.4374666793846
2023-08-23 14:30:00+00:00,400.0874693853187
2023-08-23 15:30:00+00:00,407.1647782585288
2023-08-23 16:30:00+00:00,409.6590427437735
2023-08-23 17:30:00+00:00,412.34647210504147
2023-08-23 18:30:00+00:00,406.46278273343927
2023-08-23 19:30:00+00:00,404.794980736412
2023-08-23 20:00:00+00:00,402.8538823608585
2023-08-23 21:00:00+00:00,403.5428658271893
2023-08-23 22:00:00+00:00,405.7891540369754
2023-08-23 23:00:00+00:00,405.61114254003195
2023-08-24 08:00:00+00:00,415.3023078419663
2023-08-24 09:00:00+00:00,412.11843375553855
2023-08-24 10:00:00+00:00,410.01709099568484
2023-08-24 11:00:00+00:00,419.50068777458534
2023-08-24 12:00:00+00:00,424.43953731530587
2023-08-24 13:00:00+00:00,426.0378587412408
2023-08-24 13:30:00+00:00,423.39520469779535
2023-08-24 14:30:00+00:00,426.9816787632446
2023-08-24 15:30:00+00:00,430.70032499678024
2023-08-24 16:30:00+00:00,431.3192629195236
2023-08-24 17:30:00+00:00,427.06076976347276
2023-08-24 18:30:00+00:00,428.95755946161074
2023-08-24 19:30:00+00:00,427.8656835870661
2023-08-24 20:00:00+00:00,423.4518630108589
2023-08-24 21:00:00+00:00,428.27158964231717
2023-08-24 22:00:00+00:00,429.898943706246
2023-08-24 23:00:00+00:00,432.1704748482766
2023-08-25 08:00:00+00:00,437.29099488497985
2023-08-25 09:00:00+00:00,437.30456903840394
2023-08-25 10:00:00+00:00,438.03280254656227
2023-08-25 11:00:00+00:00,442.75549649574697
2023-08-25 12:00:00+00:00,446.023172539238
2023-08-25 13:00:00+00:00,446.2849722934837
2023-08-25 13:30:00+00:00,453.2139002048069
2023-08-25 14:30:00+00:00,447.1274080900828
2023-08-25 15:30:00+00:00,450.14036680167385
2023-08-25 16:30:00+00:00,452.6901520886183
2023-08-25 17:30:00+00:00,456.7978368638427
2023-08-25 18:30:00+00:00,461.64661869567954
2023-08-25 19:30:00+00:00,458.9129637944787
2023-08-25 20:00:00+00:00,452.4937129769153
2023-08-25 21:00:00+00:00,456.62865251176976
2023-08-25 22:00:00+00:00,462.83583830990887
2023-08-25 23:00:00+00:00,464.19895720780954
2023-08-28 08:00:00+00:00,462.8548697608725
2023-08-28 09:00:00+00:00,461.78778509415724
2023-08-28 10:00:00+00:00,460.560826878549
2023-08-28 11:00:00+00:00,466.31843659921674
2023-08-28 12:00:00+00:00,466.99228774216346
2023-08-28 13:00:00+00:00,468.22061881461946
2023-08-28 13:30:00+00:00,466.8612096714612
2023-08-28 14:30:00+00:00,466.0283763691377
2023-08-28 15:30:00+00:00,472.5872638941635
2023-08-28 16:30:00+00:00,464.47759798280754
2023-08-28 17:30:00+00:00,467.23461057702474
2023-08-28 18:30:00+00:00,457.36725500097197
2023-08-28 19:30:00+00:00,455.775087191638
2023-08-28 20:00:00+00:00,461.41866892578287
2023-08-28 21:00:00+00:00,465.0543189766352
2023-08-28 22:00:00+00:00,473.70465034314697
2023-08-28 23:00:00+00:00,481.55402192485093
2023-08-29 08:00:00+00:00,481.8255917633672
2023-08-29 09:00:00+00:00,485.5487301520389
2023-08-29 10:00:00+00:00,489.90745333445926
2023-08-29 11:00:00+00:00,487.7517898398778
2023-08-29 12:00:00+00:00,487.8220767945779
2023-08-29 13:00:00+00:00,498.3073903750646
2023-08-29 13:30:00+00:00,496.4802708810957
2023-08-29 14:30:00+00:00,500.5651858259241
2023-08-29 15:30:00+00:00,502.81411980928425
2023-08-29 16:30:00+00:00,496.3951719490278
2023-08-29 17:30:00+00:00,505.27277489844624
2023-08-29 18:30:00+00:00,513.9725556398083
2023-08-29 19:30:00+00:00,525.7742892307874
2023-08-29 20:00:00+00:00,520.8265102065013
2023-08-29 21:00:00+00:00,521.1931978660248
2023-08-29 22:00:00+00:00,523.0754474692062
2023-08-29 23:00:00+00:00,518.8798475165611
2023-08-30 08:00:00+00:00,515.2240947161954
2023-08-30 09:00:00+00:00,508.20572335863153
2023-08-30 10:00:00+00:00,508.6485486220202
2023-08-30 11:00:00+00:00,512.2725830509295
2023-08-30 12:00:00+00:00,509.9877884356307
2023-08-30 13:00:00+00:00,506.80167092839633
2023-08-30 13:30:00+00:00,506.683266242353
2023-08-30 14:30:00+00:00,507.676551518452
2023-08-30 15:30:00+00:00,497.90857431791153
2023-08-30 16:30:00+00:00,505.94798087719647
2023-08-30 17:30:00+00:00,510.32006567284213
2023-08-30 18:30:00+00:00,508.24897825379657
2023-08-30 19:30:00+00:00,499.64643686052955
2023-08-30 20:00:00+00:00,495.7320795031556
2023-08-30 21:00:00+00:00,500.74543910899934
2023-08-30 22:00:00+00:00,496.87194730173155
2023-08-30 23:00:00+00:00,500.9879778748774
2023-08-31 08:00:00+00:00,507.16012396150967
2023-08-31 09:00:00+00:00,512.9527907198808
2023-08-31 10:00:00+00:00,514.3137273042762
2023-08-31 11:00:00+00:00,515.5350253638356
2023-08-31 12:00:00+00:00,520.6687813826222
2023-08-31 13:00:00+00:00,519.7259355192359
2023-08-31 13:30:00+00:00,515.4473966465425
2023-08-31 14:30:00+00:00,512.1519903920055
2023-08-31 15:30:00+00:00,512.6850260001478
2023-08-31 16:30:00+00:00,521.0999513033814
2023-08-31 17:30:00+00:00,517.9712570860141
2023-08-31 18:30:00+00:00,516.777439367339
2023-08-31 19:30:00+00:00,514.4022429278644
2023-08-31 20:00:00+00:00,512.2659014662901
2023-08-31 21:00:00+00:00,507.94889521342327
2023-08-31 22:00:00+00:00,519.0510093683722
2023-08-31 23:00:00+00:00,512.6763158153982
2023-09-01 08:00:00+00:00,511.95258283129135
2023-09-01 09:00:00+00:00,520.4143010834339
2023-09-01 10:00:00+00:00,521.629416089342
2023-09-01 11:00:00+00:00,522.6412895358457
2023-09-01 12:00:00+00:00,516.3497317070071
2023-09-01 13:00:00+00:00,519.6543091094622
2023-09-01 13:30:00+00:00,519.5188199822945
2023-09-01 14:30:00+00:00,523.2191059094274
2023-09-01 15:30:00+00:00,525.9099936395913
2023-09-01 16:30:00+00:00,516.5492435126151
2023-09-01 17:30:00+00:00,518.6443791650147
2023-09-01 18:30:00+00:00,522.2263482191187
2023-09-01 19:30:00+00:00,519.1883941320347
2023-09-01 20:00:00+00:00,511.758741430797
2023-09-01 21:00:00+00:00,514.8351368413353
2023-09-01 22:00:00+00:00,509.0513347631632
2023-09-01 23:00:00+00:00,511.49097121173446
2023-09-05 08:00:00+00:00,503.39251774741575
2023-09-05 09:00:00+00:00,510.32918330571306
2023-09-05 10:00:00+00:00,510.4356629345268
2023-09-05 11:00:00+00:00,513.2726397898297
2023-09-05 12:00:00+00:00,505.6594991292505
2023-09-05 13:00:00+00:00,506.52123987877764
2023-09-05 13:30:00+00:00,503.61029124991336
2023-09-05 14:30:00+00:00,493.52275207195987
2023-09-05 15:30:00+00:00,490.5096684738808
2023-09-05 16:30:00+00:00,495.92730286536084
2023-09-05 17:30:00+00:00,498.15370469569535
2023-09-05 18:30:00+00:00,499.4298840364648
2023-09-05 19:30:00+00:00,501.3416468620266
2023-09-05 20:00:00+00:00,510.02987307613637
2023-09-05 21:00:00+00:00,506.6810588187023
2023-09-05 22:00:00+00:00,503.21290909130505
2023-09-05 23:00:00+00:00,506.7875669222816
2023-09-06 08:00:00+00:00,509.49293145892966
2023-09-06 09:00:00+00:00,508.53308527751665
2023-09-06 10:00:00+00:00,512.1971707961209
2023-09-06 11:00:00+00:00,513.5056662652213
2023-09-06 12:00:00+00:00,517.8042283567975
2023-09-06 13:00:00+00:00,520.139530499527
2023-09-06 13:30:00+00:00,526.5428417187469
2023-09-06 14:30:00+00:00,532.6778403660887
2023-09-06 15:30:00+00:00,532.1874618709901
2023-09-06 16:30:00+00:00,527.4734335187138
2023-09-06 17:30:00+00:00,526.6969778817684
2023-09-06 18:30:00+00:00,521.5378842141132
2023-09-06 19:30:00+00:00,522.6615943356322
2023-09-06 20:00:00+00:00,523.6371451230364
2023-09-06 21:00:00+00:00,533.1496200104657
2023-09-06 22:00:00+00:00,536.781154258669
2023-09-06 23:00:00+00:00,540.5299482777677
2023-09-07 08:00:00+00:00,538.7725268022481
2023-09-07 09:00:00+00:00,532.9179740319238
2023-09-07 10:00:00+00:00,538.7350871892163
2023-09-07 11:00:00+00:00,541.5367871497915
2023-09-07 12:00:00+00:00,545.0770881570622
2023-09-07 13:00:00+00:00,542.224586785654
2023-09-07 13:30:00+00:00,538.0732894152925
2023-09-07 14:30:00+00:00,537.9306033712369
2023-09-07 15:30:00+00:00,540.8469327148133
2023-09-07 16:30:00+00:00,544.1563203535968
2023-09-07 17:30:00+00:00,549.9104441041515
2023-09-07 18:30:00+00:00,556.0592940888702
2023-09-07 19:30:00+00:00,560.7841802042034
2023-09-07 20:00:00+00:00,555.2172308929554
2023-09-07 21:00:00+00:00,561.6862193706952
2023-09-07 22:00:00+00:00,559.5121161876774
2023-09-07 23:00:00+00:00,551.620321006281
2023-09-08 08:00:00+00:00,550.7007018743874
2023-09-08 09:00:00+00:00,541.9969573917264
2023-09-08 10:00:00+00:00,548.2726472987482
2023-09-08 11:00:00+00:00,548.9677820352183
2023-09-08 12:00:00+00:00,541.4744608913826
2023-09-08 13:00:00+00:00,542.316796217019
2023-09-08 13:30:00+00:00,537.556654018855
2023-09-08 14:30:00+00:00,541.1622972539592
2023-09-08 15:30:00+00:00,530.807431017847
2023-09-08 16:30:00+00:00,522.6357973115572
2023-09-08 17:30:00+00:00,526.9488294360647
2023-09-08 18:30:00+00:00,524.5912376099703
2023-09-08 19:30:00+00:00,532.0461041648797
2023-09-08 20:00:00+00:00,528.8745196926642
2023-09-08 21:00:00+00:00,526.2488128098083
2023-09-08 22:00:00+00:00,518.1630567513952
2023-09-08 23:00:00+00:00,513.0854944489232
2023-09-11 08:00:00+00:00,511.18556055586737
2023-09-11 09:00:00+00:00,508.3341048943724
2023-09-11 10:00:00+00:00,519.2572796759171
2023-09-11 11:00:00+00:00,523.7428053166909
2023-09-11 12:00:00+00:00,527.5201145197467
2023-09-11 13:00:00+00:00,524.2716693961211
2023-09-11 13:30:00+00:00,518.5779974761562
2023-09-11 14:30:00+00:00,513.5875128022362
2023-09-11 15:30:00+00:00,515.1162890885753
2023-09-11 16:30:00+00:00,520.5574625049807
2023-09-11 17:30:00+00:00,514.6723903042102
2023-09-11 18:30:00+00:00,511.9982786197154
2023-09-11 19:30:00+00:00,509.2669603291112
2023-09-11 20:00:00+00:00,516.9333797123955
2023-09-11 21:00:00+00:00,507.5771901484253
2023-09-11 22:00:00+00:00,510.1868770501084
2023-09-11 23:00:00+00:00,509.8547289343492
2023-09-12 08:00:00+00:00,508.3255885909832
2023-09-12 09:00:00+00:00,514.8907367618626
2023-09-12 10:00:00+00:00,520.8281936796436
2023-09-12 11:00:00+00:00,516.363101398747
2023-09-12 12:00:00+00:00,513.2452624803527
2023-09-12 13:00:00+00:00,513.3162767836493
2023-09-12 13:30:00+00:00,505.54734302594903
2023-09-12 14:30:00+00:00,510.1124382142526
2023-09-12 15:30:00+00:00,507.2607973414293
2023-09-12 16:30:00+00:00,507.87772773916583
2023-09-12 17:30:00+00:00,500.60038791427087
2023-09-12 18:30:00+00:00,496.1529133594287
2023-09-12 19:30:00+00:00,504.5669106804252
2023-09-12 20:00:00+00:00,503.82512466978517
2023-09-12 21:00:00+00:00,505.45544216755167
2023-09-12 22:00:00+00:00,511.3030772977553
2023-09-12 23:00:00+00:00,516.9133384504298
2023-09-13 08:00:00+00:00,515.9163894795485
2023-09-13 09:00:00+00:00,513.1887193459767
2023-09-13 10:00:00+00:00,515.7594592468766
2023-09-13 11:00:00+00:00,513.0917229337992
2023-09-13 12:00:00+00:00,513.8791001346326
2023-09-13 13:00:00+00:00,518.7864514235918
2023-09-13 13:30:00+00:00,519.5248913736091
2023-09-13 14:30:00+00:00,521.1886542525781
2023-09-13 15:30:00+00:00,518.8160817712101
2023-09-13 16:30:00+00:00,514.7150053257136
2023-09-13 17:30:00+00:00,505.03525266741235
2023-09-13 18:30:00+00:00,511.54144511157585
2023-09-13 19:30:00+00:00,512.7986232068183
2023-09-13 20:00:00+00:00,511.32609244371554
2023-09-13 21:00:00+00:00,512.0333678526825
2023-09-13 22:00:00+00:00,513.7276224860242
2023-09-13 23:00:00+00:00,509.01974539800256
2023-09-14 08:00:00+00:00,507.1213901242061
2023-09-14 09:00:00+00:00,502.98074849985045
2023-09-14 10:00:00+00:00,497.96213639541264
2023-09-14 11:00:00+00:00,495.4581641584324
2023-09-14 12:00:00+00:00,498.98278337874547
2023-09-14 13:00:00+00:00,491.8108689917441
2023-09-14 13:30:00+00:00,491.0603180832711
2023-09-14 14:30:00+00:00,494.8886286980048
2023-09-14 15:30:00+00:00,492.0555834579468
2023-09-14 16:30:00+00:00,487.03154511681134
2023-09-14 17:30:00+00:00,490.06695895151756
2023-09-14 18:30:00+00:00,489.4474483413904
2023-09-14 19:30:00+00:00,486.1036685988147
2023-09-14 20:00:00+00:00,487.1483958715872
2023-09-14 21:00:00+00:00,474.09017312768145
2023-09-14 22:00:00+00:00,483.51563633934194
2023-09-14 23:00:00+00:00,485.75556446817984
2023-09-15 08:00:00+00:00,495.95827848829776
2023-09-15 09:00:00+00:00,500.0406638428882
2023-09-15 10:00:00+00:00,498.97176227302526
2023-09-15 11:00:00+00:00,494.3848233745444
2023-09-15 12:00:00+00:00,491.61572203377295
2023-09-15 13:00:00+00:00,489.34832336968236
2023-09-15 13:30:00+00:00,490.43242249860305
2023-09-15 14:30:00+00:00,489.95241875745984
2023-09-15 15:30:00+00:00,488.472949684275
2023-09-15 16:30:00+00:00,497.7742505584542
2023-09-15 17:30:00+00:00,487.76559441963303
2023-09-15 18:30:00+00:00,485.01698892639564
2023-09-15 19:30:00+00:00,483.124875319064
2023-09-15 20:00:00+00:00,485.38598680267216
2023-09-15 21:00:00+00:00,480.692711059322
2023-09-15 22:00:00+00:00,475.88062561309835
2023-09-15 23:00:00+00:00,474.48729941781824
2023-09-18 08:00:00+00:00,473.798628178145
2023-09-18 09:00:00+00:00,468.98332407671654
2023-09-18 10:00:00+00:00,462.7116586584913
2023-09-18 11:00:00+00:00,472.1673260578629
2023-09-18 12:00:00+00:00,473.04767029305077
2023-09-18 13:00:00+00:00,467.6990117243753
2023-09-18 13:30:00+00:00,469.29746848592913
2023-09-18 14:30:00+00:00,470.66792043230964
2023-09-18 15:30:00+00:00,464.10591416383164
2023-09-18 16:30:00+00:00,459.4264330425791
2023-09-18 17:30:00+00:00,465.191551251726
2023-09-18 18:30:00+00:00,474.72715133083176
2023-09-18 19:30:00+00:00,477.43319561278895
2023-09-18 20:00:00+00:00,477.26723737276774
2023-09-18 21:00:00+00:00,483.4074987778216
2023-09-18 22:00:00+00:00,478.02553767408784
2023-09-18 23:00:00+00:00,483.55074290434
2023-09-19 08:00:00+00:00,486.99626611866853
2023-09-19 09:00:00+00:00,485.8319176866945
2023-09-19 10:00:00+00:00,498.4540284289814
2023-09-19 11:00:00+00:00,505.2240453919585
2023-09-19 12:00:00+00:00,505.1683219331971
2023-09-19 13:00:00+00:00,503.9200046979076
2023-09-19 13:30:00+00:00,499.42668596762707
2023-09-19 14:30:00+00:00,495.8277015693685
2023-09-19 15:30:00+00:00,488.44185175596317
2023-09-19 16:30:00+00:00,499.3661134374925
2023-09-19 17:30:00+00:00,509.8599782319285
2023-09-19 18:30:00+00:00,514.8378875742135
2023-09-19 19:30:00+00:00,513.1167071593825
2023-09-19 20:00:00+00:00,511.1441833494093
2023-09-19 21:00:00+00:00,511.7914729772434
2023-09-19 22:00:00+00:00,512.9319087280803
2023-09-19 23:00:00+00:00,515.0831040740914
2023-09-20 08:00:00+00:00,509.66076999079337
2023-09-20 09:00:00+00:00,517.171978203056
2023-09-20 10:00:00+00:00,515.8387973577794
2023-09-20 11:00:00+00:00,515.0518757122154
2023-09-20 12:00:00+00:00,513.6288292404166
2023-09-20 13:00:00+00:00,507.50571691820977
2023-09-20 13:30:00+00:00,501.9798626009352
2023-09-20 14:30:00+00:00,503.60802813221176
2023-09-20 15:30:00+00:00,493.4432410285348
2023-09-20 16:30:00+00:00,500.510828523841
2023-09-20 17:30:00+00:00,496.3986798761806
2023-09-20 18:30:00+00:00,498.190695742643
2023-09-20 19:30:00+00:00,495.5329369694522
2023-09-20 20:00:00+00:00,492.4423967848912
2023-09-20 21:00:00+00:00,489.5814172672632
2023-09-20 22:00:00+00:00,491.2169673212583
2023-09-20 23:00:00+00:00,496.39226506039
2023-09-21 08:00:00+00:00,491.30254919590084
2023-09-21 09:00:00+00:00,498.75532464057216
2023-09-21 10:00:00+00:00,502.64625788076944
2023-09-21 11:00:00+00:00,508.56205443589636
2023-09-21 12:00:00+00:00,509.8320433415543
2023-09-21 13:00:00+00:00,513.6406214576615
2023-09-21 13:30:00+00:00,510.1773058311387
2023-09-21 14:30:00+00:00,511.4694722856138
2023-09-21 15:30:00+00:00,512.8499177241811
2023-09-21 16:30:00+00:00,516.7980989418922
2023-09-21 17:30:00+00:00,518.096196853632
2023-09-21 18:30:00+00:00,521.3087687128653
2023-09-21 19:30:00+00:00,529.7158502449989
2023-09-21 20:00:00+00:00,537.5574816618113
2023-09-21 21:00:00+00:00,533.1784675348043
2023-09-21 22:00:00+00:00,536.1932410093933
2023-09-21 23:00:00+00:00,545.7632064071126
2023-09-22 08:00:00+00:00,545.2067047753551
2023-09-22 09:00:00+00:00,540.9967820933267
2023-09-22 10:00:00+00:00,542.1040590196822
2023-09-22 11:00:00+00:00,542.8803895699365
2023-09-22 12:00:00+00:00,541.1869501384889
2023-09-22 13:00:00+00:00,542.2774496106833
2023-09-22 13:30:00+00:00,546.5339743675049
2023-09-22 14:30:00+00:00,543.4551753520958
2023-09-22 15:30:00+00:00,545.0931944969218
2023-09-22 16:30:00+00:00,535.1724017239563
2023-09-22 17:30:00+00:00,537.7884222245377
2023-09-22 18:30:00+00:00,548.500424362565
2023-09-22 19:30:00+00:00,547.1596506060052
2023-09-22 20:00:00+00:00,543.7654830730173
2023-09-22 21:00:00+00:00,551.6697813259924
2023-09-22 22:00:00+00:00,557.9244256598047
2023-09-22 23:00:00+00:00,550.8363741516432
2023-09-25 08:00:00+00:00,558.8504227261218
2023-09-25 09:00:00+00:00,559.6172178128668
2023-09-25 10:00:00+00:00,554.2723814409541
2023-09-25 11:00:00+00:00,545.284164656964
2023-09-25 12:00:00+00:00,545.4628159370633
2023-09-25 13:00:00+00:00,540.0185243800692
2023-09-25 13:30:00+00:00,538.5384591717669
2023-09-25 14:30:00+00:00,540.3753199164381
2023-09-25 15:30:00+00:00,546.547182411071
2023-09-25 16:30:00+00:00,539.6542795976762
2023-09-25 17:30:00+00:00,538.1996103081116
2023-09-25 18:30:00+00:00,541.0871457104988
2023-09-25 19:30:00+00:00,532.0754226897023
2023-09-25 20:00:00+00:00,530.162487136746
2023-09-25 21:00:00+00:00,529.5354473048446
2023-09-25 22:00:00+00:00,531.7030514164416
2023-09-25 23:00:00+00:00,532.5137832915543
2023-09-26 08:00:00+00:00,526.7527089408936
2023-09-26 09:00:00+00:00,540.0793495036822
2023-09-26 10:00:00+00:00,542.0676617313579
2023-09-26 11:00:00+00:00,542.7598235158073
2023-09-26 12:00:00+00:00,547.372990309153
2023-09-26 13:00:00+00:00,549.4302598697866
2023-09-26 13:30:00+00:00,553.847344510071
2023-09-26 14:30:00+00:00,560.1298438784544
2023-09-26 15:30:00+00:00,559.0628604080757
2023-09-26 16:30:00+00:00,553.8272459298335
2023-09-26 17:30:00+00:00,564.3778560935984
2023-09-26 18:30:00+00:00,564.8191493795838
2023-09-26 19:30:00+00:00,567.6927203340344
2023-09-26 20:00:00+00:00,569.5554894591161
2023-09-26 21:00:00+00:00,568.6307214080447
2023-09-26 22:00:00+00:00,575.785353565054
2023-09-26 23:00:00+00:00,575.53957553215
2023-09-27 08:00:00+00:00,578.5423570833053
2023-09-27 09:00:00+00:00,572.7422602877508
2023-09-27 10:00:00+00:00,574.9953819065116
2023-09-27 11:00:00+00:00,572.436056517696
2023-09-27 12:00:00+00:00,574.599714767841
2023-09-27 13:00:00+00:00,579.1686846005565
2023-09-27 13:30:00+00:00,582.9463190612529
2023-09-27 14:30:00+00:00,574.175095385078
2023-09-27 15:30:00+00:00,571.6439402250084
2023-09-27 16:30:00+00:00,577.8561390087322
2023-09-27 17:30:00+00:00,570.5390439499354
2023-09-27 18:30:00+00:00,573.7241058609239
2023-09-27 19:30:00+00:00,571.828962054325
2023-09-27 20:00:00+00:00,569.7464754696472
2023-09-27 21:00:00+00:00,574.3734537988429
2023-09-27 22:00:00+00:00,567.7239599581123
2023-09-27 23:00:00+00:00,576.6819501231885
2023-09-28 08:00:00+00:00,585.754779514246
2023-09-28 09:00:00+00:00,591.885863815787
2023-09-28 10:00:00+00:00,599.6859104981614
2023-09-28 11:00:00+00:00,605.300786099839
2023-09-28 12:00:00+00:00,602.4206888820344
2023-09-28 13:00:00+00:00,597.3794483843242
2023-09-28 13:30:00+00:00,600.0916294351098
2023-09-28 14:30:00+00:00,599.6907057446496
2023-09-28 15:30:00+00:00,606.8142220132753
2023-09-28 16:30:00+00:00,604.8317233893141
2023-09-28 17:30:00+00:00,602.019640048826
2023-09-28 18:30:00+00:00,596.6349383088284
2023-09-28 19:30:00+00:00,597.4005026156087
2023-09-28 20:00:00+00:00,589.0361137273118
2023-09-28 21:00:00+00:00,588.6333406223473
2023-09-28 22:00:00+00:00,580.9980176056441
2023-09-28 23:00:00+00:00,585.6702707809807
2023-09-29 08:00:00+00:00,577.1997821722828
2023-09-29 09:00:00+00:00,571.3896125686049
2023-09-29 10:00:00+00:00,567.2771079224362
2023-09-29 11:00:00+00:00,562.8370997079563
2023-09-29 12:00:00+00:00,566.1495334220948
2023-09-29 13:00:00+00:00,564.6949628321403
2023-09-29 13:30:00+00:00,562.7528578688446
2023-09-29 14:30:00+00:00,552.2655311108825
2023-09-29 15:30:00+00:00,546.4335602415256
2023-09-29 16:30:00+00:00,546.3962817086999
2023-09-29 17:30:00+00:00,546.2229748191485
2023-09-29 18:30:00+00:00,541.7040549121095
2023-09-29 19:30:00+00:00,543.4784045210907
2023-09-29 20:00:00+00:00,545.8776294680976
2023-09-29 21:00:00+00:00,538.854915508025
2023-09-29 22:00:00+00:00,534.5868341979285
2023-09-29 23:00:00+00:00,535.1277382545675
2023-10-02 08:00:00+00:00,539.0671517658199
2023-10-02 09:00:00+00:00,540.5088250919193
2023-10-02 10:00:00+00:00,531.0878742931417
2023-10-02 11:00:00+00:00,530.5738917995014
2023-10-02 12:00:00+00:00,535.7326820909561
2023-10-02 13:00:00+00:00,532.7597934684231
2023-10-02 13:30:00+00:00,529.6239788374046
2023-10-02 14:30:00+00:00,525.90619077048
2023-10-02 15:30:00+00:00,529.5660660575077
2023-10-02 16:30:00+00:00,529.1119817673142
2023-10-02 17:30:00+00:00,527.5997585585488
2023-10-02 18:30:00+00:00,519.9506481062517
2023-10-02 19:30:00+00:00,515.9723359427167
2023-10-02 20:00:00+00:00,520.7148079742175
2023-10-02 21:00:00+00:00,519.2258204089909
2023-10-02 22:00:00+00:00,523.4224125641961
2023-10-02 23:00:00+00:00,527.5467130065795
2023-10-03 08:00:00+00:00,528.9445685182026
2023-10-03 09:00:00+00:00,520.3936654816266
2023-10-03 10:00:00+00:00,518.5087326905441
2023-10-03 11:00:00+00:00,512.6725397827445
2023-10-03 12:00:00+00:00,504.19740703645164
2023-10-03 13:00:00+00:00,494.99902553716925
2023-10-03 13:30:00+00:00,494.0339975486106
2023-10-03 14:30:00+00:00,488.3650607657564
2023-10-03 15:30:00+00:00,495.3868159644793
2023-10-03 16:30:00+00:00,497.75118004349247
2023-10-03 17:30:00+00:00,497.0569482306721
2023-10-03 18:30:00+00:00,498.4055320090553
2023-10-03 19:30:00+00:00,500.00685587110803
2023-10-03 20:00:00+00:00,507.43761456363194
2023-10-03 21:00:00+00:00,512.4571069571829
2023-10-03 22:00:00+00:00,510.67628710766235
2023-10-03 23:00:00+00:00,521.0429310351195
2023-10-04 08:00:00+00:00,523.0177120147574
2023-10-04 09:00:00+00:00,524.0452086184193
2023-10-04 10:00:00+00:00,532.2491465475018
2023-10-04 11:00:00+00:00,537.5972998168525
2023-10-04 12:00:00+00:00,534.1538479235728
2023-10-04 13:00:00+00:00,536.8691880582711
2023-10-04 13:30:00+00:00,537.2459157304327
2023-10-04 14:30:00+00:00,541.4104437026698
2023-10-04 15:30:00+00:00,550.6435904153823
2023-10-04 16:30:00+00:00,546.7408933691665
2023-10-04 17:30:00+00:00,542.8112898999651
2023-10-04 18:30:00+00:00,539.5819676373302
2023-10-04 19:30:00+00:00,534.5219894601963
2023-10-04 20:00:00+00:00,525.8408949780932
2023-10-04 21:00:00+00:00,525.8926469524993
2023-10-04 22:00:00+00:00,529.6214750676091
2023-10-04 23:00:00+00:00,536.64392690043
2023-10-05 08:00:00+00:00,534.2086604823636
2023-10-05 09:00:00+00:00,537.9227218561856
2023-10-05 10:00:00+00:00,535.7540127444066
2023-10-05 11:00:00+00:00,540.8466028114448
2023-10-05 12:00:00+00:00,541.0566414803769
2023-10-05 13:00:00+00:00,543.9121725133951
2023-10-05 13:30:00+00:00,537.5021964931422
2023-10-05 14:30:00+00:00,536.155177536602
2023-10-05 15:30:00+00:00,536.9365808712716
2023-10-05 16:30:00+00:00,537.9626171499939
2023-10-05 17:30:00+00:00,533.1296466336082
2023-10-05 18:30:00+00:00,532.4252757086402
2023-10-05 19:30:00+00:00,532.4519710856232
2023-10-05 20:00:00+00:00,534.6590174757906
2023-10-05 21:00:00+00:00,534.4498109797125
2023-10-05 22:00:00+00:00,531.9953328941914
2023-10-05 23:00:00+00:00,537.8321821024585
2023-10-06 08:00:00+00:00,535.1102877578376
2023-10-06 09:00:00+00:00,536.026096123721
2023-10-06 10:00:00+00:00,538.8211542674671
2023-10-06 11:00:00+00:00,543.5708304150053
2023-10-06 12:00:00+00:00,541.6211390524056
2023-10-06 13:00:00+00:00,532.6835223847055
2023-10-06 13:30:00+00:00,531.24166259353
2023-10-06 14:30:00+00:00,543.3722122778481
2023-10-06 15:30:00+00:00,535.9355536863081
2023-10-06 16:30:00+00:00,528.032524731243
2023-10-06 17:30:00+00:00,520.9109330138444
2023-10-06 18:30:00+00:00,518.3616896575926
2023-10-06 19:30:00+00:00,512.8963137562112
2023-10-06 20:00:00+00:00,514.7013013947881
2023-10-06 21:00:00+00:00,513.2990155720641
2023-10-06 22:00:00+00:00,512.5492688551119
2023-10-06 23:00:00+00:00,502.6169377773267
2023-10-09 08:00:00+00:00,495.70012914498926
2023-10-09 09:00:00+00:00,494.8901032605525
2023-10-09 10:00:00+00:00,492.4389433515518
2023-10-09 11:00:00+00:00,492.395895282861
2023-10-09 12:00:00+00:00,484.43301151125
2023-10-09 13:00:00+00:00,492.92320646479374
2023-10-09 13:30:00+00:00,493.793756843916
2023-10-09 14:30:00+00:00,492.3262455686137
2023-10-09 15:30:00+00:00,492.6594845833894
2023-10-09 16:30:00+00:00,502.40136736670877
2023-10-09 17:30:00+00:00,498.8524493234854
2023-10-09 18:30:00+00:00,505.7393349774895
2023-10-09 19:30:00+00:00,511.86809803913116
2023-10-09 20:00:00+00:00,513.729346303327
2023-10-09 21:00:00+00:00,522.7617622971285
2023-10-09 22:00:00+00:00,524.4628835367067
2023-10-09 23:00:00+00:00,536.6950838726061
2023-10-10 08:00:00+00:00,544.7760510746873
2023-10-10 09:00:00+00:00,548.7373060183508
2023-10-10 10:00:00+00:00,544.8975949615925
2023-10-10 11:00:00+00:00,539.3850451626055
2023-10-10 12:00:00+00:00,532.0760523902692
2023-10-10 13:00:00+00:00,538.5205909156509
2023-10-10 13:30:00+00:00,530.9835300709941
2023-10-10 14:30:00+00:00,536.3988211549854
2023-10-10 15:30:00+00:00,544.5022457038708
2023-10-10 16:30:00+00:00,544.6762168112839
2023-10-10 17:30:00+00:00,540.178843928268
2023-10-10 18:30:00+00:00,540.5480227747089
2023-10-10 19:30:00+00:00,547.9867253210625
2023-10-10 20:00:00+00:00,549.5032988887992
2023-10-10 21:00:00+00:00,545.6711292819948
2023-10-10 22:00:00+00:00,561.3012410369455
2023-10-10 23:00:00+00:00,562.0045764940978
2023-10-11 08:00:00+00:00,560.0276285458577
2023-10-11 09:00:00+00:00,561.3049531633595
2023-10-11 10:00:00+00:00,565.0721678500523
2023-10-11 11:00:00+00:00,561.4406893585088
2023-10-11 12:00:00+00:00,559.8557189427825
2023-10-11 13:00:00+00:00,566.0045819404213
2023-10-11 13:30:00+00:00,560.3850952453104
2023-10-11 14:30:00+00:00,561.9168630168718
2023-10-11 15:30:00+00:00,572.8226004540365
2023-10-11 16:30:00+00:00,567.635606368245
2023-10-11 17:30:00+00:00,568.5594851216897
2023-10-11 18:30:00+00:00,563.930063804688
2023-10-11 19:30:00+00:00,566.8474534482651
2023-10-11 20:00:00+00:00,566.1162277266009
2023-10-11 21:00:00+00:00,557.3952204973741
2023-10-11 22:00:00+00:00,546.1553455833031
2023-10-11 23:00:00+00:00,543.9947144479199
2023-10-12 08:00:00+00:00,541.0854799796086
2023-10-12 09:00:00+00:00,547.3497369402272
2023-10-12 10:00:00+00:00,534.1224946594572
2023-10-12 11:00:00+00:00,533.9408867498407
2023-10-12 12:00:00+00:00,539.5789776449577
2023-10-12 13:00:00+00:00,544.2135600586804
2023-10-12 13:30:00+00:00,545.2756712136039
2023-10-12 14:30:00+00:00,542.8373771259314
2023-10-12 15:30:00+00:00,547.8364497841603
2023-10-12 16:30:00+00:00,553.4849239925412
2023-10-12 17:30:00+00:00,564.4287503302216
2023-10-12 18:30:00+00:00,565.8856772598979
2023-10-12 19:30:00+00:00,571.2301777785723
2023-10-12 20:00:00+00:00,577.4971500783533
2023-10-12 21:00:00+00:00,577.2281336501678
2023-10-12 22:00:00+00:00,577.6541430870519
2023-10-12 23:00:00+00:00,573.3987487903033
2023-10-13 08:00:00+00:00,580.2221338678362
2023-10-13 09:00:00+00:00,584.6697562131866
2023-10-13 10:00:00+00:00,585.6423052211818
2023-10-13 11:00:00+00:00,585.874408472784
2023-10-13 12:00:00+00:00,586.0119744266996
2023-10-13 13:00:00+00:00,589.8016700097182
2023-10-13 13:30:00+00:00,577.898562758371
2023-10-13 14:30:00+00:00,584.3103355122934
2023-10-13 15:30:00+00:00,581.7495833190692
2023-10-13 16:30:00+00:00,571.5454171487453
2023-10-13 17:30:00+00:00,573.4715299336705
2023-10-13 18:30:00+00:00,572.2877761589948
2023-10-13 19:30:00+00:00,567.1337914039464
2023-10-13 20:00:00+00:00,559.9507972780783
2023-10-13 21:00:00+00:00,559.8597694331005
2023-10-13 22:00:00+00:00,562.1655864619856
2023-10-13 23:00:00+00:00,557.5702890772976
2023-10-16 08:00:00+00:00,556.0822828545927
2023-10-16 09:00:00+00:00,553.8682222976217
2023-10-16 10:00:00+00:00,551.5254960869705
2023-10-16 11:00:00+00:00,546.8198342240738
2023-10-16 12:00:00+00:00,543.421059070956
2023-10-16 13:00:00+00:00,547.1593804744615
2023-10-16 13:30:00+00:00,555.7878049441987
2023-10-16 14:30:00+00:00,546.0948440055466
2023-10-16 15:30:00+00:00,544.2220586007493
2023-10-16 16:30:00+00:00,544.6061244002876
2023-10-16 17:30:00+00:00,540.6622526766599
2023-10-16 18:30:00+00:00,541.2841811744684
2023-10-16 19:30:00+00:00,540.3207301411755
2023-10-16 20:00:00+00:00,543.5784053839465
2023-10-16 21:00:00+00:00,536.148694772912
2023-10-16 22:00:00+00:00,531.3092561055796
2023-10-16 23:00:00+00:00,527.6988878254475
2023-10-17 08:00:00+00:00,525.7838227871856
2023-10-17 09:00:00+00:00,528.9456888928145
2023-10-17 10:00:00+00:00,527.2393670659574
2023-10-17 11:00:00+00:00,530.373469014654
2023-10-17 12:00:00+00:00,527.2323997743649
2023-10-17 13:00:00+00:00,521.2143738703869
2023-10-17 13:30:00+00:00,526.3855180829302
2023-10-17 14:30:00+00:00,535.2173186917861
2023-10-17 15:30:00+00:00,530.8164904576978
2023-10-17 16:30:00+00:00,537.1983482150191
2023-10-17 17:30:00+00:00,542.6001520458808
2023-10-17 18:30:00+00:00,546.3988127768032
2023-10-17 19:30:00+00:00,547.3828863226655
2023-10-17 20:00:00+00:00,545.9128043676305
2023-10-17 21:00:00+00:00,545.2634489363945
2023-10-17 22:00:00+00:00,545.0549331736077
2023-10-17 23:00:00+00:00,551.0160455828434
2023-10-18 08:00:00+00:00,554.4648688338906
2023-10-18 09:00:00+00:00,551.7781262725986
2023-10-18 10:00:00+00:00,554.6161116616864
2023-10-18 11:00:00+00:00,556.8171323946513
2023-10-18 12:00:00+00:00,552.1857773213237
2023-10-18 13:00:00+00:00,540.6815949271783
2023-10-18 13:30:00+00:00,542.5760619338444
2023-10-18 14:30:00+00:00,544.2883642233782
2023-10-18 15:30:00+00:00,545.0410055135735
2023-10-18 16:30:00+00:00,541.177750271623
2023-10-18 17:30:00+00:00,540.2470136466815
2023-10-18 18:30:00+00:00,550.7301418767727
2023-10-18 19:30:00+00:00,555.8491996666422
2023-10-18 20:00:00+00:00,554.2794391870792
2023-10-18 21:00:00+00:00,553.0788825635547
2023-10-18 22:00:00+00:00,552.7743362600175
2023-10-18 23:00:00+00:00,555.8327212065474
2023-10-19 08:00:00+00:00,552.5570484737018
2023-10-19 09:00:00+00:00,548.9245181707071
2023-10-19 10:00:00+00:00,555.8278850430736
2023-10-19 11:00:00+00:00,551.2113186012712
2023-10-19 12:00:00+00:00,563.3902464558212
2023-10-19 13:00:00+00:00,555.1808227630127
2023-10-19 13:30:00+00:00,556.3543973502481
2023-10-19 14:30:00+00:00,549.3745818382969
2023-10-19 15:30:00+00:00,558.6402508851188
2023-10-19 16:30:00+00:00,564.3674331163153
2023-10-19 17:30:00+00:00,569.5318154616291
2023-10-19 18:30:00+00:00,566.7776380917111
2023-10-19 19:30:00+00:00,574.3431146965117
2023-10-19 20:00:00+00:00,577.885834786102
2023-10-19 21:00:00+00:00,574.2903708201379
2023-10-19 22:00:00+00:00,578.4440113844659
2023-10-19 23:00:00+00:00,586.2702115151468
2023-10-20 08:00:00+00:00,582.6074402704146
2023-10-20 09:00:00+00:00,587.0893214113994
2023-10-20 10:00:00+00:00,594.6053583966046
2023-10-20 11:00:00+00:00,589.7493020051238
2023-10-20 12:00:00+00:00,586.193837048786
2023-10-20 13:00:00+00:00,581.7987286130559
2023-10-20 13:30:00+00:00,572.4508886889556
2023-10-20 14:30:00+00:00,565.7663583898017
2023-10-20 15:30:00+00:00,564.3933039637437
2023-10-20 16:30:00+00:00,560.5967858114861
2023-10-20 17:30:00+00:00,566.1088972708624
2023-10-20 18:30:00+00:00,564.7989924954535
2023-10-20 19:30:00+00:00,559.3271171395439
2023-10-20 20:00:00+00:00,556.6095750652369
2023-10-20 21:00:00+00:00,562.1458654405993
2023-10-20 22:00:00+00:00,557.9526097831359
2023-10-20 23:00:00+00:00,551.3903458341263
2023-10-23 08:00:00+00:00,551.1239855768486
2023-10-23 09:00:00+00:00,554.7889776827459
2023-10-23 10:00:00+00:00,549.8549076394661
2023-10-23 11:00:00+00:00,551.6823483429768
2023-10-23 12:00:00+00:00,558.1225200677222
2023-10-23 13:00:00+00:00,557.4871843893047
2023-10-23 13:30:00+00:00,565.0159371603015
2023-10-23 14:30:00+00:00,561.6094843558864
2023-10-23 15:30:00+00:00,550.2363368117028
2023-10-23 16:30:00+00:00,555.7313926393883
2023-10-23 17:30:00+00:00,564.7178704550241
2023-10-23 18:30:00+00:00,562.0367733868097
2023-10-23 19:30:00+00:00,568.5796230268304
2023-10-23 20:00:00+00:00,563.4908905458907
2023-10-23 21:00:00+00:00,573.2797856326458
2023-10-23 22:00:00+00:00,565.3989861406354
2023-10-23 23:00:00+00:00,575.4778479033987
2023-10-24 08:00:00+00:00,577.9152130166709
2023-10-24 09:00:00+00:00,580.8337797541016
2023-10-24 10:00:00+00:00,571.8179497736351
2023-10-24 11:00:00+00:00,570.5710023379135
2023-10-24 12:00:00+00:00,571.8763275542021
2023-10-24 13:00:00+00:00,585.0392099041866
2023-10-24 13:30:00+00:00,587.9086421932384
2023-10-24 14:30:00+00:00,583.0217807871107
2023-10-24 15:30:00+00:00,590.8338510494286
2023-10-24 16:30:00+00:00,585.8707692764127
2023-10-24 17:30:00+00:00,590.5487970812503
2023-10-24 18:30:00+00:00,588.0577648009601
2023-10-24 19:30:00+00:00,584.6504457662329
2023-10-24 20:00:00+00:00,582.0124609218457
2023-10-24 21:00:00+00:00,579.7105642273223
2023-10-24 22:00:00+00:00,565.8129138232609
2023-10-24 23:00:00+00:00,563.3163645916583
2023-10-25 08:00:00+00:00,565.2318741086978
2023-10-25 09:00:00+00:00,567.3224432977725
2023-10-25 10:00:00+00:00,577.6824131011088
2023-10-25 11:00:00+00:00,568.5020396619168
2023-10-25 12:00:00+00:00,568.520384562261
2023-10-25 13:00:00+00:00,568.1821812263521
2023-10-25 13:30:00+00:00,566.211227485449
2023-10-25 14:30:00+00:00,557.6076779380072
2023-10-25 15:30:00+00:00,565.5047879775088
2023-10-25 16:30:00+00:00,556.2428135158374
2023-10-25 17:30:00+00:00,550.8376696912395
2023-10-25 18:30:00+00:00,552.9005613472518
2023-10-25 19:30:00+00:00,552.6283450093404
2023-10-25 20:00:00+00:00,550.5215869754845
2023-10-25 21:00:00+00:00,544.9760825208515
2023-10-25 22:00:00+00:00,546.8482155759071
2023-10-25 23:00:00+00:00,547.2786833447283
2023-10-26 08:00:00+00:00,548.066852732254
2023-10-26 09:00:00+00:00,555.5278314717133
2023-10-26 10:00:00+00:00,565.1095888572496
2023-10-26 11:00:00+00:00,564.1436815748198
2023-10-26 12:00:00+00:00,564.2585509804109
2023-10-26 13:00:00+00:00,565.5041892942405
2023-10-26 13:30:00+00:00,561.6371326077449
2023-10-26 14:30:00+00:00,554.9840228764181
2023-10-26 15:30:00+00:00,551.7639241664755
2023-10-26 16:30:00+00:00,538.5574268421484
2023-10-26 17:30:00+00:00,540.9539323089652
2023-10-26 18:30:00+00:00,542.8599088738324
2023-10-26 19:30:00+00:00,544.4974097647607
2023-10-26 20:00:00+00:00,552.8832164798089
2023-10-26 21:00:00+00:00,557.1453184178722
2023-10-26 22:00:00+00:00,566.1135525540873
2023-10-26 23:00:00+00:00,574.831128750513
2023-10-27 08:00:00+00:00,568.7385905537001
2023-10-27 09:00:00+00:00,578.126403710193
2023-10-27 10:00:00+00:00,574.7578013642099
2023-10-27 11:00:00+00:00,568.0801847061268
2023-10-27 12:00:00+00:00,565.6787121939329
2023-10-27 13:00:00+00:00,563.1599801772333
2023-10-27 13:30:00+00:00,572.5275649648171
2023-10-27 14:30:00+00:00,571.9620847457013
2023-10-27 15:30:00+00:00,571.2382971166547
2023-10-27 16:30:00+00:00,563.3350632721788
2023-10-27 17:30:00+00:00,579.1151192157151
2023-10-27 18:30:00+00:00,576.3449391760537
2023-10-27 19:30:00+00:00,572.9449053296628
2023-10-27 20:00:00+00:00,574.624429143946
2023-10-27 21:00:00+00:00,580.9885590386
2023-10-27 22:00:00+00:00,579.2120034095949
2023-10-27 23:00:00+00:00,580.4945484036066
2023-10-30 08:00:00+00:00,573.9776462540235
2023-10-30 09:00:00+00:00,572.1327946513594
2023-10-30 10:00:00+00:00,577.2455340541048
2023-10-30 11:00:00+00:00,574.7769888976595
2023-10-30 12:00:00+00:00,578.4471213073261
2023-10-30 13:00:00+00:00,581.6619939538349
2023-10-30 13:30:00+00:00,581.8814600980098
2023-10-30 14:30:00+00:00,578.270435848559
2023-10-30 15:30:00+00:00,585.4813796531939
2023-10-30 16:30:00+00:00,576.3224309289046
2023-10-30 17:30:00+00:00,574.9056406729061
2023-10-30 18:30:00+00:00,574.3804857860046
2023-10-30 19:30:00+00:00,576.026427122302
2023-10-30 20:00:00+00:00,576.774850763939
2023-10-30 21:00:00+00:00,576.8484246198601
2023-10-30 22:00:00+00:00,571.1552952109754
2023-10-30 23:00:00+00:00,570.2885719528123
2023-10-31 08:00:00+00:00,564.4310308454994
2023-10-31 09:00:00+00:00,560.0456293495822
2023-10-31 10:00:00+00:00,555.7344949792556
2023-10-31 11:00:00+00:00,552.4188417772724
2023-10-31 12:00:00+00:00,552.6782289957296
2023-10-31 13:00:00+00:00,561.1667671292915
2023-10-31 13:30:00+00:00,564.2610374184945
2023-10-31 14:30:00+00:00,556.6262089078617
2023-10-31 15:30:00+00:00,559.3182769210613
2023-10-31 16:30:00+00:00,562.8934077921479
2023-10-31 17:30:00+00:00,575.064806948293
2023-10-31 18:30:00+00:00,583.9168541573449
2023-10-31 19:30:00+00:00,582.7672198797726
2023-10-31 20:00:00+00:00,577.1027532834302
2023-10-31 21:00:00+00:00,574.9902721091678
2023-10-31 22:00:00+00:00,572.6948310623046
2023-10-31 23:00:00+00:00,570.3256784366765
2023-11-01 08:00:00+00:00,566.0141118795275
2023-11-01 09:00:00+00:00,563.3331606149628
2023-11-01 10:00:00+00:00,569.2143077545287
2023-11-01 11:00:00+00:00,574.8680856996399
2023-11-01 12:00:00+00:00,568.2120679166826
2023-11-01 13:00:00+00:00,581.4785080384402
2023-11-01 13:30:00+00:00,587.238189002219
2023-11-01 14:30:00+00:00,579.2340797733491
2023-11-01 15:30:00+00:00,575.0186307346953
2023-11-01 16:30:00+00:00,585.8714042379927
2023-11-01 17:30:00+00:00,585.6050194456147
2023-11-01 18:30:00+00:00,584.693341699441
2023-11-01 19:30:00+00:00,576.5933944335649
2023-11-01 20:00:00+00:00,567.8972403733927
2023-11-01 21:00:00+00:00,568.823973604155
2023-11-01 22:00:00+00:00,573.229975486289
2023-11-01 23:00:00+00:00,573.6296529212823
2023-11-02 08:00:00+00:00,569.2644782445145
2023-11-02 09:00:00+00:00,566.6801588279571
2023-11-02 10:00:00+00:00,568.0495710419574
2023-11-02 11:00:00+00:00,574.4230217418898
2023-11-02 12:00:00+00:00,575.0205700503662
2023-11-02 13:00:00+00:00,573.0237818896937
2023-11-02 13:30:00+00:00,570.7084758088158
2023-11-02 14:30:00+00:00,576.8595907361415
2023-11-02 15:30:00+00:00,568.8995730320715
2023-11-02 16:30:00+00:00,567.7342037256716
2023-11-02 17:30:00+00:00,561.0275116911937
2023-11-02 18:30:00+00:00,546.2737953368863
2023-11-02 19:30:00+00:00,550.2472515609453
2023-11-02 20:00:00+00:00,543.7102479399168
2023-11-02 21:00:00+00:00,545.439150948144
2023-11-02 22:00:00+00:00,550.8813867276505
2023-11-02 23:00:00+00:00,563.1792617797448
2023-11-03 08:00:00+00:00,558.6164941949904
2023-11-03 09:00:00+00:00,559.9970081966925
2023-11-03 10:00:00+00:00,554.5559104646735
2023-11-03 11:00:00+00:00,548.740530216496
2023-11-03 12:00:00+00:00,542.9110790782712
2023-11-03 13:00:00+00:00,549.0397530105912
2023-11-03 13:30:00+00:00,542.5417736554717
2023-11-03 14:30:00+00:00,542.5385659642278
2023-11-03 15:30:00+00:00,550.082645837484
2023-11-03 16:30:00+00:00,545.2726870094683
2023-11-03 17:30:00+00:00,553.791450797987
2023-11-03 18:30:00+00:00,561.1896065918218
2023-11-03 19:30:00+00:00,566.373344250773
2023-11-03 20:00:00+00:00,562.6202919006101
2023-11-03 21:00:00+00:00,566.9261982029442
2023-11-03 22:00:00+00:00,566.2823360923095
2023-11-03 23:00:00+00:00,570.5863327265
2023-11-06 09:00:00+00:00,574.9797119750804
2023-11-06 10:00:00+00:00,569.9257791700517
2023-11-06 11:00:00+00:00,568.0153497327419
2023-11-06 12:00:00+00:00,581.6242371772379
2023-11-06 13:00:00+00:00,585.3368198270692
2023-11-06 14:00:00+00:00,592.061866947231
2023-11-06 14:30:00+00:00,589.6157021655885
2023-11-06 15:30:00+00:00,589.5614588380795
2023-11-06 16:30:00+00:00,589.6249321205242
2023-11-06 17:30:00+00:00,589.5341189336327
2023-11-06 18:30:00+00:00,594.9509929893375
2023-11-06 19:30:00+00:00,602.0860831700107
2023-11-06 20:30:00+00:00,612.118406251641
2023-11-06 21:00:00+00:00,604.0109018256624
2023-11-06 22:00:00+00:00,601.8280229907564
2023-11-06 23:00:00+00:00,614.8500145122587
2023-11-07 09:00:00+00:00,612.3087153977814
2023-11-07 10:00:00+00:00,611.2124854890775
2023-11-07 11:00:00+00:00,621.5724785570377
2023-11-07 12:00:00+00:00,619.685443510232
2023-11-07 13:00:00+00:00,618.9818022083272
2023-11-07 14:00:00+00:00,621.9202174527124
2023-11-07 14:30:00+00:00,616.4952425914314
2023-11-07 15:30:00+00:00,615.3992412642269
2023-11-07 16:30:00+00:00,627.8998558740025
2023-11-07 17:30:00+00:00,626.69516269265
2023-11-07 18:30:00+00:00,629.664787959526
2023-11-07 19:30:00+00:00,632.4270516584537
2023-11-07 20:30:00+00:00,626.2548861581378
2023-11-07 21:00:00+00:00,619.9077446421306
2023-11-07 22:00:00+00:00,613.4706589831831
2023-11-07 23:00:00+00:00,601.260368695426
2023-11-08 09:00:00+00:00,602.568742250707
2023-11-08 10:00:00+00:00,602.3637798903153
2023-11-08 11:00:00+00:00,603.2545692459981
2023-11-08 12:00:00+00:00,598.1769709727434
2023-11-08 13:00:00+00:00,599.985462716018
2023-11-08 14:00:00+00:00,601.6787595387519
2023-11-08 14:30:00+00:00,615.9974933379742
2023-11-08 15:30:00+00:00,613.4094974405018
2023-11-08 16:30:00+00:00,601.2903016226435
2023-11-08 17:30:00+00:00,612.7549830724814
2023-11-08 18:30:00+00:00,620.5218719081968
2023-11-08 19:30:00+00:00,624.4720029522192
2023-11-08 20:30:00+00:00,624.8460531764981
2023-11-08 21:00:00+00:00,619.6080244862897
2023-11-08 22:00:00+00:00,612.8580805242457
2023-11-08 23:00:00+00:00,608.167347437722
2023-11-09 09:00:00+00:00,602.9230125951275
2023-11-09 10:00:00+00:00,602.2052489477547
2023-11-09 11:00:00+00:00,601.1713228341295
2023-11-09 12:00:00+00:00,603.1685932593374
2023-11-09 13:00:00+00:00,611.4063774796958
2023-11-09 14:00:00+00:00,610.3535712886945
2023-11-09 14:30:00+00:00,601.2595566007442
2023-11-09 15:30:00+00:00,609.4663863198598
2023-11-09 16:30:00+00:00,616.9487935350727
2023-11-09 17:30:00+00:00,622.3581629240924
2023-11-09 18:30:00+00:00,618.6456651177999
2023-11-09 19:30:00+00:00,621.0966513570208
2023-11-09 20:30:00+00:00,628.6062262340826
2023-11-09 21:00:00+00:00,624.0765349751332
2023-11-09 22:00:00+00:00,626.2150390309976
2023-11-09 23:00:00+00:00,625.1819585914559
2023-11-10 09:00:00+00:00,623.341064868634
2023-11-10 10:00:00+00:00,623.4116726657236
2023-11-10 11:00:00+00:00,622.1634522716295
2023-11-10 12:00:00+00:00,628.4177658349578
2023-11-10 13:00:00+00:00,633.2930446813526
2023-11-10 14:00:00+00:00,633.8235607976725
2023-11-10 14:30:00+00:00,630.2131241010162
2023-11-10 15:30:00+00:00,634.1152911549365
2023-11-10 16:30:00+00:00,631.5509412286344
2023-11-10 17:30:00+00:00,630.9316872025489
2023-11-10 18:30:00+00:00,624.7850068690011
2023-11-10 19:30:00+00:00,622.3672137178716
2023-11-10 20:30:00+00:00,619.0272283095973
2023-11-10 21:00:00+00:00,613.1747895344354
2023-11-10 22:00:00+00:00,622.5411113263557
2023-11-10 23:00:00+00:00,618.6162439416332
2023-11-13 09:00:00+00:00,628.8838642249611
2023-11-13 10:00:00+00:00,641.605865869988
2023-11-13 11:00:00+00:00,648.6978672719455
2023-11-13 12:00:00+00:00,641.949185594774
2023-11-13 13:00:00+00:00,640.7897213944402
2023-11-13 14:00:00+00:00,637.7300118877173
2023-11-13 14:30:00+00:00,630.4337643909336
2023-11-13 15:30:00+00:00,626.5640754414246
2023-11-13 16:30:00+00:00,630.863406129834
2023-11-13 17:30:00+00:00,627.3917975874939
2023-11-13 18:30:00+00:00,623.9229972577461
2023-11-13 19:30:00+00:00,620.0183479047543
2023-11-13 20:30:00+00:00,626.6492607635008
2023-11-13 21:00:00+00:00,630.7400158916288
2023-11-13 22:00:00+00:00,627.7546523042738
2023-11-13 23:00:00+00:00,624.5090877522787
2023-11-14 09:00:00+00:00,622.5780835242056
2023-11-14 10:00:00+00:00,628.7576210081049
2023-11-14 11:00:00+00:00,629.6927824369969
2023-11-14 12:00:00+00:00,640.8724043457639
2023-11-14 13:00:00+00:00,643.4252109625409
2023-11-14 14:00:00+00:00,649.7016409307475
2023-11-14 14:30:00+00:00,656.8299628495272
2023-11-14 15:30:00+00:00,657.9324870272667
2023-11-14 16:30:00+00:00,658.7566377399306
2023-11-14 17:30:00+00:00,661.7388826503241
2023-11-14 18:30:00+00:00,662.7507601228009
2023-11-14 19:30:00+00:00,661.4874439870823
2023-11-14 20:30:00+00:00,651.6558110522435
2023-11-14 21:00:00+00:00,647.746905559728
2023-11-14 22:00:00+00:00,658.645559426469
2023-11-14 23:00:00+00:00,657.997215914579
2023-11-15 09:00:00+00:00,654.5902662016285
2023-11-15 10:00:00+00:00,663.2190904694778
2023-11-15 11:00:00+00:00,668.3669307663702
2023-11-15 12:00:00+00:00,676.4697850478333
2023-11-15 13:00:00+00:00,670.165648212386
2023-11-15 14:00:00+00:00,675.01280304587
2023-11-15 14:30:00+00:00,676.1893461665571
2023-11-15 15:30:00+00:00,676.766818735428
2023-11-15 16:30:00+00:00,669.0442685900686
2023-11-15 17:30:00+00:00,660.2657024954883
2023-11-15 18:30:00+00:00,653.5894030439905
2023-11-15 19:30:00+00:00,657.9771338063352
2023-11-15 20:30:00+00:00,653.0110889154693
2023-11-15 21:00:00+00:00,659.969891148663
2023-11-15 22:00:00+00:00,656.5486712910279
2023-11-15 23:00:00+00:00,662.9637346179846
2023-11-16 09:00:00+00:00,666.3223363794702
2023-11-16 10:00:00+00:00,668.1987847601359
2023-11-16 11:00:00+00:00,671.4521009416434
2023-11-16 12:00:00+00:00,666.5452874776294
2023-11-16 13:00:00+00:00,659.5512786842564
2023-11-16 14:00:00+00:00,664.1809405640792
2023-11-16 14:30:00+00:00,670.4187034249406
2023-11-16 15:30:00+00:00,662.9293693891035
2023-11-16 16:30:00+00:00,654.5551346103662
2023-11-16 17:30:00+00:00,652.9966776997442
2023-11-16 18:30:00+00:00,647.8402279873744
2023-11-16 19:30:00+00:00,649.4606691076984
2023-11-16 20:30:00+00:00,630.4868640270286
2023-11-16 21:00:00+00:00,629.9557757241432
2023-11-16 22:00:00+00:00,628.085716503604
2023-11-16 23:00:00+00:00,629.2085787583038
2023-11-17 09:00:00+00:00,631.8607265255429
2023-11-17 10:00:00+00:00,636.7885869398468
2023-11-17 11:00:00+00:00,633.7768532019439
2023-11-17 12:00:00+00:00,646.64580848377
2023-11-17 13:00:00+00:00,636.6909078215596
2023-11-17 14:00:00+00:00,635.3610684998741
2023-11-17 14:30:00+00:00,640.7094418380564
2023-11-17 15:30:00+00:00,636.701983229682
2023-11-17 16:30:00+00:00,647.0778029592406
2023-11-17 17:30:00+00:00,643.4004684424548
2023-11-17 18:30:00+00:00,638.3604669077841
2023-11-17 19:30:00+00:00,645.1054493913346
2023-11-17 20:30:00+00:00,645.319787824199
2023-11-17 21:00:00+00:00,642.7519494146795
2023-11-17 22:00:00+00:00,646.3387631436085
2023-11-17 23:00:00+00:00,655.8915841374685
2023-11-20 09:00:00+00:00,651.9710421315488
2023-11-20 10:00:00+00:00,640.968656910589
2023-11-20 11:00:00+00:00,650.4005110568623
2023-11-20 12:00:00+00:00,650.7278064619788
2023-11-20 13:00:00+00:00,642.8915038547682
2023-11-20 14:00:00+00:00,640.050757909851
2023-11-20 14:30:00+00:00,637.786524265722
2023-11-20 15:30:00+00:00,634.3410557912451
2023-11-20 16:30:00+00:00,638.989176958158
2023-11-20 17:30:00+00:00,647.1071628438627
2023-11-20 18:30:00+00:00,643.6295584560863
2023-11-20 19:30:00+00:00,640.359468846234
2023-11-20 20:30:00+00:00,640.9165827236161
2023-11-20 21:00:00+00:00,636.5012299433765
2023-11-20 22:00:00+00:00,624.9645638772358
2023-11-20 23:00:00+00:00,623.3186438028622
2023-11-21 09:00:00+00:00,625.3449696974185
2023-11-21 10:00:00+00:00,615.9208974514778
2023-11-21 11:00:00+00:00,617.0861066329322
2023-11-21 12:00:00+00:00,617.3157473359445
2023-11-21 13:00:00+00:00,620.9273755820486
2023-11-21 14:00:00+00:00,622.2102611840612
2023-11-21 14:30:00+00:00,620.143630034646
2023-11-21 15:30:00+00:00,631.053112330258
2023-11-21 16:30:00+00:00,629.2446058726425
2023-11-21 17:30:00+00:00,629.0161893721377
2023-11-21 18:30:00+00:00,623.5485828581377
2023-11-21 19:30:00+00:00,630.060955470928
2023-11-21 20:30:00+00:00,630.631853204033
2023-11-21 21:00:00+00:00,625.2470055738596
2023-11-21 22:00:00+00:00,631.0987303204071
2023-11-21 23:00:00+00:00,621.0697212028689
2023-11-22 09:00:00+00:00,635.9577617386495
2023-11-22 10:00:00+00:00,639.8513287590495
2023-11-22 11:00:00+00:00,645.3718357085015
2023-11-22 12:00:00+00:00,652.6825219829119
2023-11-22 13:00:00+00:00,659.815781349794
2023-11-22 14:00:00+00:00,656.125103619779
2023-11-22 14:30:00+00:00,657.4768435591508
2023-11-22 15:30:00+00:00,652.0163192201315
2023-11-22 16:30:00+00:00,657.5009599093257
2023-11-22 17:30:00+00:00,650.8021400843568
2023-11-22 18:30:00+00:00,660.821408030028
2023-11-22 19:30:00+00:00,663.3011352380497
2023-11-22 20:30:00+00:00,655.610259029966
2023-11-22 21:00:00+00:00,659.6326387063287
2023-11-22 22:00:00+00:00,661.0334555210878
2023-11-22 23:00:00+00:00,652.1814670754729
2023-11-24 09:00:00+00:00,654.7681585480935
2023-11-24 10:00:00+00:00,651.330614383503
2023-11-24 11:00:00+00:00,646.019245077378
2023-11-24 12:00:00+00:00,637.9683926444156
2023-11-24 13:00:00+00:00,639.3658645723385
2023-11-24 14:00:00+00:00,637.5586665393885
2023-11-24 14:30:00+00:00,647.6808754712666
2023-11-24 15:30:00+00:00,649.089860152185
2023-11-24 16:30:00+00:00,645.0433860363158
2023-11-24 18:00:00+00:00,652.6823294394907
2023-11-24 19:00:00+00:00,653.467663394456
2023-11-24 20:00:00+00:00,646.3267780890023
2023-11-24 21:00:00+00:00,645.4117411536081
2023-11-27 09:00:00+00:00,636.9155773610595
2023-11-27 10:00:00+00:00,633.7432540789309
2023-11-27 11:00:00+00:00,639.8655356350754
2023-11-27 12:00:00+00:00,646.9530079612006
2023-11-27 13:00:00+00:00,641.1650576491695
2023-11-27 14:00:00+00:00,636.1566697818594
2023-11-27 14:30:00+00:00,633.7554628174422
2023-11-27 15:30:00+00:00,627.2941285029874
2023-11-27 16:30:00+00:00,621.0357526392073
2023-11-27 17:30:00+00:00,626.8024271445696
2023-11-27 18:30:00+00:00,630.3177862056141
2023-11-27 19:30:00+00:00,633.766091590744
2023-11-27 20:30:00+00:00,634.0801997070071
2023-11-27 21:00:00+00:00,639.212241398872
2023-11-27 22:00:00+00:00,642.740498009949
2023-11-27 23:00:00+00:00,655.1639589848668
2023-11-28 09:00:00+00:00,654.551904800738
2023-11-28 10:00:00+00:00,658.4728325867545
2023-11-28 11:00:00+00:00,654.3344633275332
2023-11-28 12:00:00+00:00,657.1946106574842
2023-11-28 13:00:00+00:00,653.0921504922395
2023-11-28 14:00:00+00:00,666.374395072777
2023-11-28 14:30:00+00:00,655.8072145153203
2023-11-28 15:30:00+00:00,642.9562390117208
2023-11-28 16:30:00+00:00,645.6240858001868
2023-11-28 17:30:00+00:00,650.3218594864333
2023-11-28 18:30:00+00:00,655.6201326793432
2023-11-28 19:30:00+00:00,666.3972662041898
2023-11-28 20:30:00+00:00,656.520358787084
2023-11-28 21:00:00+00:00,645.0744613105143
2023-11-28 22:00:00+00:00,655.1892785395074
2023-11-28 23:00:00+00:00,643.6410274336663
2023-11-29 09:00:00+00:00,641.1289185865799
2023-11-29 10:00:00+00:00,638.3107005996821
2023-11-29 11:00:00+00:00,646.4398665745309
2023-11-29 12:00:00+00:00,642.4724917743666
2023-11-29 13:00:00+00:00,646.8701471298123
2023-11-29 14:00:00+00:00,656.903692083637
2023-11-29 14:30:00+00:00,658.624011071021
2023-11-29 15:30:00+00:00,659.3208959593724
2023-11-29 16:30:00+00:00,652.8197424295381
2023-11-29 17:30:00+00:00,658.1951484053016
2023-11-29 18:30:00+00:00,658.1496035026371
2023-11-29 19:30:00+00:00,663.4738984667866
2023-11-29 20:30:00+00:00,670.1966625515479
2023-11-29 21:00:00+00:00,665.7783664308394
2023-11-29 22:00:00+00:00,654.8812216976819
2023-11-29 23:00:00+00:00,654.6661860386816
2023-11-30 09:00:00+00:00,660.6292757396889
2023-11-30 10:00:00+00:00,651.6754345288259
2023-11-30 11:00:00+00:00,654.3640783358132
2023-11-30 12:00:00+00:00,654.107113791788
2023-11-30 13:00:00+00:00,663.9569388040763
2023-11-30 14:00:00+00:00,665.1799044646851
2023-11-30 14:30:00+00:00,656.033095270687
2023-11-30 15:30:00+00:00,657.704270967725
2023-11-30 16:30:00+00:00,663.0069653278341
2023-11-30 17:30:00+00:00,663.1046123707185
2023-11-30 18:30:00+00:00,662.4485860577087
2023-11-30 19:30:00+00:00,667.4361737791905
2023-11-30 20:30:00+00:00,662.3314596444056
2023-11-30 21:00:00+00:00,656.6477776647192
2023-11-30 22:00:00+00:00,655.1853187830548
2023-11-30 23:00:00+00:00,646.1795552546988
2023-12-01 09:00:00+00:00,640.8059509314901
2023-12-01 10:00:00+00:00,636.434381221124
2023-12-01 11:00:00+00:00,632.1231725480847
2023-12-01 12:00:00+00:00,637.4504985715316
2023-12-01 13:00:00+00:00,633.80152985885
2023-12-01 14:00:00+00:00,640.1945856738757
2023-12-01 14:30:00+00:00,643.7414770307158
2023-12-01 15:30:00+00:00,646.820125344923
2023-12-01 16:30:00+00:00,651.6599136003399
2023-12-01 17:30:00+00:00,651.4884295881296
2023-12-01 18:30:00+00:00,645.0940335505636
2023-12-01 19:30:00+00:00,648.1559542851372
2023-12-01 20:30:00+00:00,646.2325880572405
2023-12-01 21:00:00+00:00,644.8778016839143
2023-12-01 22:00:00+00:00,643.3561222059858
2023-12-01 23:00:00+00:00,647.1312897166742
2023-12-04 09:00:00+00:00,638.5569952294302
2023-12-04 10:00:00+00:00,646.1913269028532
2023-12-04 11:00:00+00:00,643.8892878279404
2023-12-04 12:00:00+00:00,656.3509280554777
2023-12-04 13:00:00+00:00,657.305958050454
2023-12-04 14:00:00+00:00,652.9803472020017
2023-12-04 14:30:00+00:00,653.577617517147
2023-12-04 15:30:00+00:00,651.961893349901
2023-12-04 16:30:00+00:00,665.263945720114
2023-12-04 17:30:00+00:00,667.9681167289518
2023-12-04 18:30:00+00:00,679.9799580096712
2023-12-04 19:30:00+00:00,679.0396359869413
2023-12-04 20:30:00+00:00,681.2086502602426
2023-12-04 21:00:00+00:00,675.0634990603422
2023-12-04 22:00:00+00:00,683.9930666136552
2023-12-04 23:00:00+00:00,683.2922078970217
2023-12-05 09:00:00+00:00,696.1015844270423
2023-12-05 10:00:00+00:00,688.4221326830951
2023-12-05 11:00:00+00:00,699.6227974465012
2023-12-05 12:00:00+00:00,694.2169478214888
2023-12-05 13:00:00+00:00,693.6546102518704
2023-12-05 14:00:00+00:00,707.8491399447346
2023-12-05 14:30:00+00:00,699.8749950187471
2023-12-05 15:30:00+00:00,699.5715575003032
2023-12-05 16:30:00+00:00,707.8887080467048
2023-12-05 17:30:00+00:00,709.1942469500588
2023-12-05 18:30:00+00:00,712.8051187013057
2023-12-05 19:30:00+00:00,716.0712685783858
2023-12-05 20:30:00+00:00,712.2087454795952
2023-12-05 21:00:00+00:00,704.6574849149705
2023-12-05 22:00:00+00:00,709.57631296849
2023-12-05 23:00:00+00:00,702.5548976497629
2023-12-06 09:00:00+00:00,686.6050938041933
2023-12-06 10:00:00+00:00,690.5977352088012
2023-12-06 11:00:00+00:00,683.4190718662637
2023-12-06 12:00:00+00:00,679.7021777579539
2023-12-06 13:00:00+00:00,691.2803322209232
2023-12-06 14:00:00+00:00,689.2607262092414
2023-12-06 14:30:00+00:00,686.9072358848315
2023-12-06 15:30:00+00:00,694.23588264455
2023-12-06 16:30:00+00:00,689.381644765714
2023-12-06 17:30:00+00:00,684.900882990605
2023-12-06 18:30:00+00:00,683.4928052283852
2023-12-06 19:30:00+00:00,678.258083136115
2023-12-06 20:30:00+00:00,683.1112351566233
2023-12-06 21:00:00+00:00,687.1824577608593
2023-12-06 22:00:00+00:00,684.2971175601356
2023-12-06 23:00:00+00:00,692.2603495852724
2023-12-07 09:00:00+00:00,706.8765261924203
2023-12-07 10:00:00+00:00,708.656071637481
2023-12-07 11:00:00+00:00,707.9387550521315
2023-12-07 12:00:00+00:00,709.6878467438235
2023-12-07 13:00:00+00:00,710.8766111840999
2023-12-07 14:00:00+00:00,705.1255833393079
2023-12-07 14:30:00+00:00,710.3074716798681
2023-12-07 15:30:00+00:00,712.9735470043238
2023-12-07 16:30:00+00:00,721.5813126305125
2023-12-07 17:30:00+00:00,725.9673991628234
2023-12-07 18:30:00+00:00,714.4440139209156
2023-12-07 19:30:00+00:00,704.2244126281774
2023-12-07 20:30:00+00:00,702.8657599457614
2023-12-07 21:00:00+00:00,705.7599544654154
2023-12-07 22:00:00+00:00,694.072129345423
2023-12-07 23:00:00+00:00,690.8708674000069
2023-12-08 09:00:00+00:00,691.1305393056914
2023-12-08 10:00:00+00:00,692.2077916875872
2023-12-08 11:00:00+00:00,686.1429537078411
2023-12-08 12:00:00+00:00,682.3399538543619
2023-12-08 13:00:00+00:00,687.0532827160268
2023-12-08 14:00:00+00:00,688.8871983628056
2023-12-08 14:30:00+00:00,691.258130475153
2023-12-08 15:30:00+00:00,688.6392751474649
2023-12-08 16:30:00+00:00,693.7923224241251
2023-12-08 17:30:00+00:00,687.8558874000761
2023-12-08 18:30:00+00:00,678.5260507467821
2023-12-08 19:30:00+00:00,669.4106259900191
2023-12-08 20:30:00+00:00,668.9629252916811
2023-12-08 21:00:00+00:00,666.3055432137503
2023-12-08 22:00:00+00:00,652.260559917752
2023-12-08 23:00:00+00:00,637.830365560492
2023-12-11 09:00:00+00:00,632.6748532586474
2023-12-11 10:00:00+00:00,626.6584705100647
2023-12-11 11:00:00+00:00,623.933114382177
2023-12-11 12:00:00+00:00,616.9937964162601
2023-12-11 13:00:00+00:00,620.5633187905848
2023-12-11 14:00:00+00:00,625.209085483004
2023-12-11 14:30:00+00:00,622.180687534242
2023-12-11 15:30:00+00:00,626.4488205236735
2023-12-11 16:30:00+00:00,645.2541508669941
2023-12-11 17:30:00+00:00,663.172016360672
2023-12-11 18:30:00+00:00,664.5913352533819
2023-12-11 19:30:00+00:00,664.0613354030645
2023-12-11 20:30:00+00:00,666.2295304051734
2023-12-11 21:00:00+00:00,661.22427994023
2023-12-11 22:00:00+00:00,664.7354397954168
2023-12-11 23:00:00+00:00,670.0213875364616
2023-12-12 09:00:00+00:00,673.6434841243897
2023-12-12 10:00:00+00:00,675.3458912241288
2023-12-12 11:00:00+00:00,679.6610773418344
2023-12-12 12:00:00+00:00,685.2925680765187
2023-12-12 13:00:00+00:00,703.3346402381683
2023-12-12 14:00:00+00:00,703.0754623098909
2023-12-12 14:30:00+00:00,703.9455126127283
2023-12-12 15:30:00+00:00,708.4333772490153
2023-12-12 16:30:00+00:00,715.1350638152338
2023-12-12 17:30:00+00:00,715.9864104837433
2023-12-12 18:30:00+00:00,712.8503346581019
2023-12-12 19:30:00+00:00,707.8423068855508
2023-12-12 20:30:00+00:00,701.9256070993777
2023-12-12 21:00:00+00:00,703.5814742720893
2023-12-12 22:00:00+00:00,711.4322578661648
2023-12-12 23:00:00+00:00,712.0137790880384
2023-12-13 09:00:00+00:00,706.906773636579
2023-12-13 10:00:00+00:00,703.8076990679082
2023-12-13 11:00:00+00:00,705.5871029062307
2023-12-13 12:00:00+00:00,708.3259803650326
2023-12-13 13:00:00+00:00,709.2190963865669
2023-12-13 14:00:00+00:00,717.4827770072549
2023-12-13 14:30:00+00:00,711.228678949273
2023-12-13 15:30:00+00:00,720.4959967444255
2023-12-13 16:30:00+00:00,718.8366257204328
2023-12-13 17:30:00+00:00,722.9696411293373
2023-12-13 18:30:00+00:00,719.9780185040481
2023-12-13 19:30:00+00:00,728.9788178491134
2023-12-13 20:30:00+00:00,727.0564852974172
2023-12-13 21:00:00+00:00,710.7575214564463
2023-12-13 22:00:00+00:00,702.1512768484203
2023-12-13 23:00:00+00:00,705.4901124081523
2023-12-14 09:00:00+00:00,708.9751201811275
2023-12-14 10:00:00+00:00,716.8331795902661
2023-12-14 11:00:00+00:00,724.7297647843827
2023-12-14 12:00:00+00:00,736.311359643855
2023-12-14 13:00:00+00:00,736.6292670946459
2023-12-14 14:00:00+00:00,742.0225001735279
2023-12-14 14:30:00+00:00,736.3225108339828
2023-12-14 15:30:00+00:00,748.133630864657
2023-12-14 16:30:00+00:00,749.4188192761973
2023-12-14 17:30:00+00:00,746.7304177307219
2023-12-14 18:30:00+00:00,735.8834855390237
2023-12-14 19:30:00+00:00,729.335181535908
2023-12-14 20:30:00+00:00,739.8895010215662
2023-12-14 21:00:00+00:00,749.6570592606824
2023-12-14 22:00:00+00:00,761.2624702499454
2023-12-14 23:00:00+00:00,753.9691548745776
2023-12-15 09:00:00+00:00,753.4823247326078
2023-12-15 10:00:00+00:00,766.9877348150192
2023-12-15 11:00:00+00:00,769.0845686840955
2023-12-15 12:00:00+00:00,775.7134104359925
2023-12-15 13:00:00+00:00,773.5845257942328
2023-12-15 14:00:00+00:00,765.069030619274
2023-12-15 14:30:00+00:00,768.0853501455641
2023-12-15 15:30:00+00:00,777.1639769971514
2023-12-15 16:30:00+00:00,783.0488245554707
2023-12-15 17:30:00+00:00,792.0629941237037
2023-12-15 18:30:00+00:00,810.8945929680059
2023-12-15 19:30:00+00:00,818.5949977967894
2023-12-15 20:30:00+00:00,809.5792022299566
2023-12-15 21:00:00+00:00,818.9292251690902
2023-12-15 22:00:00+00:00,832.8112842527449
2023-12-15 23:00:00+00:00,847.9457437833672
2023-12-18 09:00:00+00:00,862.2769439923046
2023-12-18 10:00:00+00:00,869.3535769482799
2023-12-18 11:00:00+00:00,858.8233562979744
2023-12-18 12:00:00+00:00,861.0722497460554
2023-12-18 13:00:00+00:00,852.6966835247104
2023-12-18 14:00:00+00:00,839.1672106722418
2023-12-18 14:30:00+00:00,833.3066626175054
2023-12-18 15:30:00+00:00,837.4536301050955
2023-12-18 16:30:00+00:00,843.7434751982322
2023-12-18 17:30:00+00:00,838.7907600814217
2023-12-18 18:30:00+00:00,841.2562542880027
2023-12-18 19:30:00+00:00,841.0906996597282
2023-12-18 20:30:00+00:00,861.260498085392
2023-12-18 21:00:00+00:00,854.2693779331803
2023-12-18 22:00:00+00:00,855.834641627296
2023-12-18 23:00:00+00:00,860.1255302217072
2023-12-19 09:00:00+00:00,855.1242229570439
2023-12-19 10:00:00+00:00,852.6914098097855
2023-12-19 11:00:00+00:00,848.1760636986961
2023-12-19 12:00:00+00:00,843.2117711174448
2023-12-19 13:00:00+00:00,852.2247229263075
2023-12-19 14:00:00+00:00,845.6080419368931
2023-12-19 14:30:00+00:00,836.9487981570013
2023-12-19 15:30:00+00:00,831.4244870749005
2023-12-19 16:30:00+00:00,835.1314960332991
2023-12-19 17:30:00+00:00,829.970147599611
2023-12-19 18:30:00+00:00,821.5379258204883
2023-12-19 19:30:00+00:00,826.5059658688449
2023-12-19 20:30:00+00:00,839.398840437659
2023-12-19 21:00:00+00:00,838.560589830423
2023-12-19 22:00:00+00:00,847.2679453630557
2023-12-19 23:00:00+00:00,847.9152766430295
2023-12-20 09:00:00+00:00,859.720921990589
2023-12-20 10:00:00+00:00,860.8755237983139
2023-12-20 11:00:00+00:00,862.2422374707165
2023-12-20 12:00:00+00:00,854.8431300511771
2023-12-20 13:00:00+00:00,847.963696312658
2023-12-20 14:00:00+00:00,853.905323136133
2023-12-20 14:30:00+00:00,852.3442951065388
2023-12-20 15:30:00+00:00,835.9754997143012
2023-12-20 16:30:00+00:00,838.3649910547467
2023-12-20 17:30:00+00:00,833.0123908133337
2023-12-20 18:30:00+00:00,831.2665656491471
2023-12-20 19:30:00+00:00,827.2510268080455
2023-12-20 20:30:00+00:00,827.5477011413108
2023-12-20 21:00:00+00:00,823.3177319500296
2023-12-20 22:00:00+00:00,816.3747158934477
2023-12-20 23:00:00+00:00,815.4272029468025
2023-12-21 09:00:00+00:00,815.685476930553
2023-12-21 10:00:00+00:00,819.3565959528593
2023-12-21 11:00:00+00:00,794.7517163354909
2023-12-21 12:00:00+00:00,798.6062733328049
2023-12-21 13:00:00+00:00,807.9847107295448
2023-12-21 14:00:00+00:00,808.2052751344281
2023-12-21 14:30:00+00:00,814.8258624793913
2023-12-21 15:30:00+00:00,816.2437647180644
2023-12-21 16:30:00+00:00,803.7206671546502
2023-12-21 17:30:00+00:00,803.9674554439564
2023-12-21 18:30:00+00:00,810.4878198555381
2023-12-21 19:30:00+00:00,814.8192908967278
2023-12-21 20:30:00+00:00,812.6689425614376
2023-12-21 21:00:00+00:00,813.2320586790379
2023-12-21 22:00:00+00:00,814.3793213948932
2023-12-21 23:00:00+00:00,811.5098209766813
2023-12-22 09:00:00+00:00,812.8067042677213
2023-12-22 10:00:00+00:00,819.7148057694917
2023-12-22 11:00:00+00:00,824.7889037405013
2023-12-22 12:00:00+00:00,806.3216388745101
2023-12-22 13:00:00+00:00,798.3656428717626
2023-12-22 14:00:00+00:00,794.516658146368
2023-12-22 14:30:00+00:00,789.8334554078446
2023-12-22 15:30:00+00:00,788.1975753669791
2023-12-22 16:30:00+00:00,793.042857722093
2023-12-22 17:30:00+00:00,794.4195296036632
2023-12-22 18:30:00+00:00,791.3717278586126
2023-12-22 19:30:00+00:00,780.9692288426531
2023-12-22 20:30:00+00:00,777.0255007986433
2023-12-22 21:00:00+00:00,772.5485341219432
2023-12-22 22:00:00+00:00,768.9859136817975
2023-12-22 23:00:00+00:00,770.8642098305652
2023-12-26 09:00:00+00:00,765.8795957598476
2023-12-26 10:00:00+00:00,760.5274918513419
2023-12-26 11:00:00+00:00,768.067244276541
2023-12-26 12:00:00+00:00,761.5214828402129
2023-12-26 13:00:00+00:00,762.5701861238371
2023-12-26 14:00:00+00:00,747.1231710314271
2023-12-26 14:30:00+00:00,751.9324144807995
2023-12-26 15:30:00+00:00,747.1617635859694
2023-12-26 16:30:00+00:00,749.1882743411138
2023-12-26 17:30:00+00:00,733.9662414436584
2023-12-26 18:30:00+00:00,734.7453839045157
2023-12-26 19:30:00+00:00,736.3764463493247
2023-12-26 20:30:00+00:00,740.6801510954018
2023-12-26 21:00:00+00:00,747.0937218307716
2023-12-26 22:00:00+00:00,740.6251820604323
2023-12-26 23:00:00+00:00,750.8729630932886
2023-12-27 09:00:00+00:00,744.6936701517014
2023-12-27 10:00:00+00:00,747.3710649286238
2023-12-27 11:00:00+00:00,731.4671325995657
2023-12-27 12:00:00+00:00,733.4334334327133
2023-12-27 13:00:00+00:00,735.845326267455
2023-12-27 14:00:00+00:00,734.6723883511726
2023-12-27 14:30:00+00:00,734.1631652598242
2023-12-27 15:30:00+00:00,730.6215698078639
2023-12-27 16:30:00+00:00,738.728693426576
2023-12-27 17:30:00+00:00,724.2961365325759
2023-12-27 18:30:00+00:00,728.2181259549386
2023-12-27 19:30:00+00:00,728.1933623498858
2023-12-27 20:30:00+00:00,738.3588517269703
2023-12-27 21:00:00+00:00,738.2583056183149
2023-12-27 22:00:00+00:00,749.6399205181831
2023-12-27 23:00:00+00:00,740.8516320271324
2023-12-28 09:00:00+00:00,737.6337613960484
2023-12-28 10:00:00+00:00,728.1659100753174
2023-12-28 11:00:00+00:00,723.6659885347663
2023-12-28 12:00:00+00:00,713.7052686063354
2023-12-28 13:00:00+00:00,721.2375377381674
2023-12-28 14:00:00+00:00,719.482670445112
2023-12-28 14:30:00+00:00,708.9787283784606
2023-12-28 15:30:00+00:00,709.7107487828891
2023-12-28 16:30:00+00:00,710.0105606168552
2023-12-28 17:30:00+00:00,709.0661945871033
2023-12-28 18:30:00+00:00,713.1080445688133
2023-12-28 19:30:00+00:00,720.3957555691402
2023-12-28 20:30:00+00:00,715.5622340896972
2023-12-28 21:00:00+00:00,714.5470003002807
2023-12-28 22:00:00+00:00,712.6014338082949
2023-12-28 23:00:00+00:00,727.410928556992
2023-12-29 09:00:00+00:00,730.2663222548779
2023-12-29 10:00:00+00:00,739.1707706713727
2023-12-29 11:00:00+00:00,741.0975608286044
2023-12-29 12:00:00+00:00,732.0730912395915
2023-12-29 13:00:00+00:00,731.3508173245735
2023-12-29 14:00:00+00:00,740.2258889410092
2023-12-29 14:30:00+00:00,742.1874976152534
2023-12-29 15:30:00+00:00,743.4348332760388
2023-12-29 16:30:00+00:00,738.431869669238
2023-12-29 17:30:00+00:00,734.9879735484984
2023-12-29 18:30:00+00:00,737.4048866562723
2023-12-29 19:30:00+00:00,742.8014851081438
2023-12-29 20:30:00+00:00,742.8335706369638
2023-12-29 21:00:00+00:00,742.4398223842627
2023-12-29 22:00:00+00:00,747.9746899954145
2023-12-29 23:00:00+00:00,743.4657769677783
2024-01-02 09:00:00+00:00,742.2646029990455
2024-01-02 10:00:00+00:00,742.0404236191004
2024-01-02 11:00:00+00:00,741.4384273267693
2024-01-02 12:00:00+00:00,732.1184069715835
2024-01-02 13:00:00+00:00,721.0141165920403
2024-01-02 14:00:00+00:00,721.043749528375
2024-01-02 14:30:00+00:00,719.4011905609575
2024-01-02 15:30:00+00:00,715.97440989837
2024-01-02 16:30:00+00:00,714.4629371757858
2024-01-02 17:30:00+00:00,713.9195380121387
2024-01-02 18:30:00+00:00,715.160641426244
2024-01-02 19:30:00+00:00,715.4735872092124
2024-01-02 20:30:00+00:00,723.5051191634027
2024-01-02 21:00:00+00:00,713.2756934053253
2024-01-02 22:00:00+00:00,712.3388297043368
2024-01-02 23:00:00+00:00,711.6050340177497
2024-01-03 09:00:00+00:00,706.6621560143049
2024-01-03 10:00:00+00:00,706.2028633483578
2024-01-03 11:00:00+00:00,710.0875320394151
2024-01-03 12:00:00+00:00,703.0571789135571
2024-01-03 13:00:00+00:00,708.5710013712608
2024-01-03 14:00:00+00:00,719.2070619091875
2024-01-03 14:30:00+00:00,717.0228134328933
2024-01-03 15:30:00+00:00,710.2272586473479
2024-01-03 16:30:00+00:00,713.9317652859608
2024-01-03 17:30:00+00:00,700.0496371737534
2024-01-03 18:30:00+00:00,688.72529656379
2024-01-03 19:30:00+00:00,693.2367049359756
2024-01-03 20:30:00+00:00,697.6072828939272
2024-01-03 21:00:00+00:00,695.9412619344473
2024-01-03 22:00:00+00:00,685.7678136217909
2024-01-03 23:00:00+00:00,676.50528883121
2024-01-04 09:00:00+00:00,680.8052997051379
2024-01-04 10:00:00+00:00,678.096732973449
2024-01-04 11:00:00+00:00,678.8952890188954
2024-01-04 12:00:00+00:00,677.4418037616813
2024-01-04 13:00:00+00:00,677.9179031447177
2024-01-04 14:00:00+00:00,693.8631412212924
2024-01-04 14:30:00+00:00,700.7250337087241
2024-01-04 15:30:00+00:00,695.1526855744999
2024-01-04 16:30:00+00:00,688.0084036377873
2024-01-04 17:30:00+00:00,689.3973546363172
2024-01-04 18:30:00+00:00,699.2934847100857
2024-01-04 19:30:00+00:00,697.7884542493865
2024-01-04 20:30:00+00:00,686.9254384294688
2024-01-04 21:00:00+00:00,698.860391188162
2024-01-04 22:00:00+00:00,701.9735872152986
2024-01-04 23:00:00+00:00,702.2716501295333
2024-01-05 09:00:00+00:00,698.4714609271173
2024-01-05 10:00:00+00:00,690.9309563083294
2024-01-05 11:00:00+00:00,701.3146785400627
2024-01-05 12:00:00+00:00,703.77360912355
2024-01-05 13:00:00+00:00,698.7957490544497
2024-01-05 14:00:00+00:00,701.4044365162474
2024-01-05 14:30:00+00:00,703.9360558770829
2024-01-05 15:30:00+00:00,722.0859844774582
2024-01-05 16:30:00+00:00,721.2270767368847
2024-01-05 17:30:00+00:00,724.8670859548814
2024-01-05 18:30:00+00:00,726.6552836701399
2024-01-05 19:30:00+00:00,729.6072643112675
2024-01-05 20:30:00+00:00,732.3167878595701
2024-01-05 21:00:00+00:00,739.8608233738108
2024-01-05 22:00:00+00:00,742.0527562612575
2024-01-05 23:00:00+00:00,746.6096354593213
2024-01-08 09:00:00+00:00,743.2259139179272
2024-01-08 10:00:00+00:00,745.5429364971736
2024-01-08 11:00:00+00:00,751.7566152893124
2024-01-08 12:00:00+00:00,757.5752828479297
2024-01-08 13:00:00+00:00,763.4748029544376
2024-01-08 14:00:00+00:00,756.687656259982
2024-01-08 14:30:00+00:00,751.1405469019794
2024-01-08 15:30:00+00:00,736.1039760097959
2024-01-08 16:30:00+00:00,725.4394632258842
2024-01-08 17:30:00+00:00,724.5645733330633
2024-01-08 18:30:00+00:00,710.2968572902189
2024-01-08 19:30:00+00:00,713.0059454448643
2024-01-08 20:30:00+00:00,716.1655019985061
2024-01-08 21:00:00+00:00,733.2399738491969
2024-01-08 22:00:00+00:00,723.1545837039129
2024-01-08 23:00:00+00:00,717.8167521158368
2024-01-09 09:00:00+00:00,712.9826773815428
2024-01-09 10:00:00+00:00,708.0364154186167
2024-01-09 11:00:00+00:00,707.0817465895262
2024-01-09 12:00:00+00:00,709.1823558559989
2024-01-09 13:00:00+00:00,703.8045605135422
2024-01-09 14:00:00+00:00,713.2751857185322
2024-01-09 14:30:00+00:00,710.6565711086205
2024-01-09 15:30:00+00:00,707.0019970536497
2024-01-09 16:30:00+00:00,706.2498745180053
2024-01-09 17:30:00+00:00,717.5213412219873
2024-01-09 18:30:00+00:00,704.8012134961843
2024-01-09 19:30:00+00:00,714.7573555685303
2024-01-09 20:30:00+00:00,714.518163106437
2024-01-09 21:00:00+00:00,703.230201048383
2024-01-09 22:00:00+00:00,707.629839218577
2024-01-09 23:00:00+00:00,704.1122723126667
2024-01-10 09:00:00+00:00,701.2419337882338
2024-01-10 10:00:00+00:00,708.3152048370755
2024-01-10 11:00:00+00:00,708.3581564427568
2024-01-10 12:00:00+00:00,701.8735821845709
2024-01-10 13:00:00+00:00,700.2863786867133
2024-01-10 14:00:00+00:00,704.8861428377801
2024-01-10 14:30:00+00:00,697.4498692100451
2024-01-10 15:30:00+00:00,705.3926078415637
2024-01-10 16:30:00+00:00,707.2705950433923
2024-01-10 17:30:00+00:00,695.6622532929908
2024-01-10 18:30:00+00:00,686.9087947811196
2024-01-10 19:30:00+00:00,685.857956715956
2024-01-10 20:30:00+00:00,686.4702828234775
2024-01-10 21:00:00+00:00,687.5457511603004
2024-01-10 22:00:00+00:00,704.8671013069078
2024-01-10 23:00:00+00:00,716.9043760358013
2024-01-11 09:00:00+00:00,719.1687827630883
2024-01-11 10:00:00+00:00,720.9501230166691
2024-01-11 11:00:00+00:00,721.2788710500618
2024-01-11 12:00:00+00:00,725.4847240928538
2024-01-11 13:00:00+00:00,733.3472144494142
2024-01-11 14:00:00+00:00,730.8607799301947
2024-01-11 14:30:00+00:00,737.6447041488104
2024-01-11 15:30:00+00:00,750.7538589355561
2024-01-11 16:30:00+00:00,749.4198579281314
2024-01-11 17:30:00+00:00,763.5843174014551
2024-01-11 18:30:00+00:00,755.4679203050175
2024-01-11 19:30:00+00:00,766.2243123341256
2024-01-11 20:30:00+00:00,758.9887111232139
2024-01-11 21:00:00+00:00,761.262470852354
2024-01-11 22:00:00+00:00,763.5392422678024
2024-01-11 23:00:00+00:00,762.156739466107
2024-01-12 09:00:00+00:00,757.9115840040128
2024-01-12 10:00:00+00:00,762.7123177521534
2024-01-12 11:00:00+00:00,754.1939243619757
2024-01-12 12:00:00+00:00,748.1689734528018
2024-01-12 13:00:00+00:00,742.8853212849087
2024-01-12 14:00:00+00:00,742.9144073056926
2024-01-12 14:30:00+00:00,746.321462650049
2024-01-12 15:30:00+00:00,746.1828365734663
2024-01-12 16:30:00+00:00,747.4059516979348
2024-01-12 17:30:00+00:00,749.5858867099179
2024-01-12 18:30:00+00:00,747.426053482921
2024-01-12 19:30:00+00:00,753.0374718090916
2024-01-12 20:30:00+00:00,752.5405841443938
2024-01-12 21:00:00+00:00,749.2510460603982
2024-01-12 22:00:00+00:00,750.2103135883409
2024-01-12 23:00:00+00:00,759.4850787966319
2024-01-16 09:00:00+00:00,759.2022057866975
2024-01-16 10:00:00+00:00,754.3754134144359
2024-01-16 11:00:00+00:00,757.4762816829367
2024-01-16 12:00:00+00:00,757.49741303396
2024-01-16 13:00:00+00:00,760.5153928374779
2024-01-16 14:00:00+00:00,751.5897887372467
2024-01-16 14:30:00+00:00,751.3167319202327
2024-01-16 15:30:00+00:00,747.1821095136645
2024-01-16 16:30:00+00:00,734.5015348308655
2024-01-16 17:30:00+00:00,732.448136219398
2024-01-16 18:30:00+00:00,741.6235217024355
2024-01-16 19:30:00+00:00,750.3692121146875
2024-01-16 20:30:00+00:00,743.8514892701209
2024-01-16 21:00:00+00:00,746.1154000831872
2024-01-16 22:00:00+00:00,762.3602091736193
2024-01-16 23:00:00+00:00,759.3681009986615
2024-01-17 09:00:00+00:00,763.0439728571046
2024-01-17 10:00:00+00:00,767.0631334190031
2024-01-17 11:00:00+00:00,764.585492359385
2024-01-17 12:00:00+00:00,767.9599444638935
2024-01-17 13:00:00+00:00,770.18030103523
2024-01-17 14:00:00+00:00,781.8180174984323
2024-01-17 14:30:00+00:00,779.8326351522851
2024-01-17 15:30:00+00:00,783.5953379780744
2024-01-17 16:30:00+00:00,784.247362214163
2024-01-17 17:30:00+00:00,793.8721895784496
2024-01-17 18:30:00+00:00,783.3905680141518
2024-01-17 19:30:00+00:00,785.8842031537844
2024-01-17 20:30:00+00:00,787.4729561442695
2024-01-17 21:00:00+00:00,783.5317433331062
2024-01-17 22:00:00+00:00,782.5630912920808
2024-01-17 23:00:00+00:00,772.4594343530019
2024-01-18 09:00:00+00:00,775.157921701091
2024-01-18 10:00:00+00:00,772.5562109780644
2024-01-18 11:00:00+00:00,778.3907790594046
2024-01-18 12:00:00+00:00,774.3366351597141
2024-01-18 13:00:00+00:00,777.503383500039
2024-01-18 14:00:00+00:00,777.6203840326784
2024-01-18 14:30:00+00:00,782.7525214750245
2024-01-18 15:30:00+00:00,783.4341312140454
2024-01-18 16:30:00+00:00,786.8298316988253
2024-01-18 17:30:00+00:00,786.2937857257493
2024-01-18 18:30:00+00:00,779.6692823996607
2024-01-18 19:30:00+00:00,773.8590777619629
2024-01-18 20:30:00+00:00,780.573142921038
2024-01-18 21:00:00+00:00,773.0162254138359
2024-01-18 22:00:00+00:00,779.7980558521892
2024-01-18 23:00:00+00:00,781.1019779961717
2024-01-19 09:00:00+00:00,777.2073626699495
2024-01-19 10:00:00+00:00,781.0079715741051
2024-01-19 11:00:00+00:00,788.4790458834076
2024-01-19 12:00:00+00:00,790.9264175396609
2024-01-19 13:00:00+00:00,782.6013321427114
2024-01-19 14:00:00+00:00,765.7100135773336
2024-01-19 14:30:00+00:00,770.0864444049313
2024-01-19 15:30:00+00:00,771.0458647234569
2024-01-19 16:30:00+00:00,772.0139728999977
2024-01-19 17:30:00+00:00,762.2475611416465
2024-01-19 18:30:00+00:00,777.2263802589044
2024-01-19 19:30:00+00:00,773.5242401607458
2024-01-19 20:30:00+00:00,771.8065941559953
2024-01-19 21:00:00+00:00,767.5989854204212
2024-01-19 22:00:00+00:00,761.093510840161
2024-01-19 23:00:00+00:00,765.2520922165054
2024-01-22 09:00:00+00:00,774.9234842345496
2024-01-22 10:00:00+00:00,769.6935035459907
2024-01-22 11:00:00+00:00,770.6411697085183
2024-01-22 12:00:00+00:00,778.6358544445474
2024-01-22 13:00:00+00:00,768.4685837478406
2024-01-22 14:00:00+00:00,773.1783912486109
2024-01-22 14:30:00+00:00,779.3768353652986
2024-01-22 15:30:00+00:00,772.851901660825
2024-01-22 16:30:00+00:00,769.0078547716707
2024-01-22 17:30:00+00:00,757.5659397949328
2024-01-22 18:30:00+00:00,757.0372268514225
2024-01-22 19:30:00+00:00,758.2319892264292
2024-01-22 20:30:00+00:00,765.0521482927437
2024-01-22 21:00:00+00:00,764.6291093336545
2024-01-22 22:00:00+00:00,764.5361942728794
2024-01-22 23:00:00+00:00,769.6462047054047
2024-01-23 09:00:00+00:00,781.3221274459559
2024-01-23 10:00:00+00:00,785.1046218198412
2024-01-23 11:00:00+00:00,788.9982244269304
2024-01-23 12:00:00+00:00,794.4909455394104
2024-01-23 13:00:00+00:00,795.3012949252134
2024-01-23 14:00:00+00:00,804.9090527782375
2024-01-23 14:30:00+00:00,799.6706751149264
2024-01-23 15:30:00+00:00,801.8634151610341
2024-01-23 16:30:00+00:00,799.6446484898112
2024-01-23 17:30:00+00:00,802.6261487090459
2024-01-23 18:30:00+00:00,806.5067972621915
2024-01-23 19:30:00+00:00,824.2507746805343
2024-01-23 20:30:00+00:00,812.9914738891056
2024-01-23 21:00:00+00:00,808.1077218129639
2024-01-23 22:00:00+00:00,807.3486789128635
2024-01-23 23:00:00+00:00,801.749474777746
2024-01-24 09:00:00+00:00,804.9892982383616
2024-01-24 10:00:00+00:00,819.7481583894127
2024-01-24 11:00:00+00:00,822.8879899932234
2024-01-24 12:00:00+00:00,816.9516527048876
2024-01-24 13:00:00+00:00,810.8992992577402
2024-01-24 14:00:00+00:00,803.2707639875892
2024-01-24 14:30:00+00:00,793.209697260338
2024-01-24 15:30:00+00:00,797.263063655449
2024-01-24 16:30:00+00:00,797.1198694682232
2024-01-24 17:30:00+00:00,801.5338208449484
2024-01-24 18:30:00+00:00,792.5362140688691
2024-01-24 19:30:00+00:00,806.4075574315051
2024-01-24 20:30:00+00:00,818.852522496915
2024-01-24 21:00:00+00:00,825.3299971130709
2024-01-24 22:00:00+00:00,823.3185389731188
2024-01-24 23:00:00+00:00,817.9027176904298
2024-01-25 09:00:00+00:00,803.555044780732
2024-01-25 10:00:00+00:00,790.5483725665317
2024-01-25 11:00:00+00:00,788.74835986104
2024-01-25 12:00:00+00:00,788.1973567349957
2024-01-25 13:00:00+00:00,790.5761391759548
2024-01-25 14:00:00+00:00,786.6547383837458
2024-01-25 14:30:00+00:00,792.2398862631101
2024-01-25 15:30:00+00:00,789.2395415022537
2024-01-25 16:30:00+00:00,798.1751172650384
2024-01-25 17:30:00+00:00,806.5870883197515
2024-01-25 18:30:00+00:00,812.4596451420305
2024-01-25 19:30:00+00:00,805.9096013970893
2024-01-25 20:30:00+00:00,796.0537383654151
2024-01-25 21:00:00+00:00,802.5998832708171
2024-01-25 22:00:00+00:00,798.236899787712
2024-01-25 23:00:00+00:00,797.0362921012763
2024-01-26 09:00:00+00:00,789.8910217525648
2024-01-26 10:00:00+00:00,787.6288360950864
2024-01-26 11:00:00+00:00,797.2932483924678
2024-01-26 12:00:00+00:00,797.2199702285392
2024-01-26 13:00:00+00:00,807.7155940292719
2024-01-26 14:00:00+00:00,796.5369226942659
2024-01-26 14:30:00+00:00,794.3555740394113
2024-01-26 15:30:00+00:00,790.9905767269606
2024-01-26 16:30:00+00:00,785.356588072624
2024-01-26 17:30:00+00:00,776.6599645760602
2024-01-26 18:30:00+00:00,772.1512279723966
2024-01-26 19:30:00+00:00,779.5349015046671
2024-01-26 20:30:00+00:00,793.5616616832901
2024-01-26 21:00:00+00:00,809.148053653251
2024-01-26 22:00:00+00:00,801.5118101052799
2024-01-26 23:00:00+00:00,801.6803866672426
2024-01-29 09:00:00+00:00,800.9411156777102
2024-01-29 10:00:00+00:00,811.5348450624402
2024-01-29 11:00:00+00:00,812.8560772208324
2024-01-29 12:00:00+00:00,820.1478087159279
2024-01-29 13:00:00+00:00,824.3106137188745
2024-01-29 14:00:00+00:00,828.5205148443299
2024-01-29 14:30:00+00:00,837.1417481992662
2024-01-29 15:30:00+00:00,839.9032761901772
2024-01-29 16:30:00+00:00,833.9053878099488
2024-01-29 17:30:00+00:00,828.2690938417842
2024-01-29 18:30:00+00:00,826.4255808521204
2024-01-29 19:30:00+00:00,829.756118260834
2024-01-29 20:30:00+00:00,843.0251468273074
2024-01-29 21:00:00+00:00,832.0232274126668
2024-01-29 22:00:00+00:00,818.3617045895949
2024-01-29 23:00:00+00:00,838.9995476936742
2024-01-30 09:00:00+00:00,841.9352192718513
2024-01-30 10:00:00+00:00,834.8455512626699
2024-01-30 11:00:00+00:00,826.541451974891
2024-01-30 12:00:00+00:00,829.1350409175462
2024-01-30 13:00:00+00:00,823.1780565357516
2024-01-30 14:00:00+00:00,824.8302783998369
2024-01-30 14:30:00+00:00,830.1591856416313
2024-01-30 15:30:00+00:00,837.2641904600931
2024-01-30 16:30:00+00:00,837.7895510665523
2024-01-30 17:30:00+00:00,828.3318126996912
2024-01-30 18:30:00+00:00,833.9662639814308
2024-01-30 19:30:00+00:00,842.7246994986508
2024-01-30 20:30:00+00:00,845.3949618545159
2024-01-30 21:00:00+00:00,834.7152568234312
2024-01-30 22:00:00+00:00,827.8831762260626
2024-01-30 23:00:00+00:00,827.0456920763387
2024-01-31 09:00:00+00:00,822.8141911305031
2024-01-31 10:00:00+00:00,833.344745996027
2024-01-31 11:00:00+00:00,831.8699888238147
2024-01-31 12:00:00+00:00,820.6576020423106
2024-01-31 13:00:00+00:00,806.097136033065
2024-01-31 14:00:00+00:00,799.3175950045412
2024-01-31 14:30:00+00:00,794.8864845416648
2024-01-31 15:30:00+00:00,805.627240443325
2024-01-31 16:30:00+00:00,802.4985745120376
2024-01-31 17:30:00+00:00,807.0250514606757
2024-01-31 18:30:00+00:00,799.0432595587862
2024-01-31 19:30:00+00:00,798.1958076949676
2024-01-31 20:30:00+00:00,792.7149007142584
2024-01-31 21:00:00+00:00,785.6205731181077
2024-01-31 22:00:00+00:00,790.2691218950698
2024-01-31 23:00:00+00:00,785.0463783096275
2024-02-01 09:00:00+00:00,797.9167684321837
2024-02-01 10:00:00+00:00,801.2600859443561
2024-02-01 11:00:00+00:00,809.3506340155135
2024-02-01 12:00:00+00:00,804.2953959742808
2024-02-01 13:00:00+00:00,804.9286703610684
2024-02-01 14:00:00+00:00,806.5687320013119
2024-02-01 14:30:00+00:00,806.1218919789324
2024-02-01 15:30:00+00:00,800.5871895036663
2024-02-01 16:30:00+00:00,808.6604614944702
2024-02-01 17:30:00+00:00,804.9257075233637
2024-02-01 18:30:00+00:00,810.5525005710961
2024-02-01 19:30:00+00:00,811.968214254067
2024-02-01 20:30:00+00:00,825.5104774991776
2024-02-01 21:00:00+00:00,818.4006992654249
2024-02-01 22:00:00+00:00,807.6751034667329
2024-02-01 23:00:00+00:00,815.0561664855825
2024-02-02 09:00:00+00:00,801.2729426753336
2024-02-02 10:00:00+00:00,804.8007137101404
2024-02-02 11:00:00+00:00,805.4291919633939
2024-02-02 12:00:00+00:00,802.6544723316167
2024-02-02 13:00:00+00:00,806.7289341338311
2024-02-02 14:00:00+00:00,800.5582412794087
2024-02-02 14:30:00+00:00,798.6712474983251
2024-02-02 15:30:00+00:00,805.2538106855646
2024-02-02 16:30:00+00:00,803.6640929053145
2024-02-02 17:30:00+00:00,793.8021942812142
2024-02-02 18:30:00+00:00,798.576077149993
2024-02-02 19:30:00+00:00,820.9586654356505
2024-02-02 20:30:00+00:00,824.0378150210744
2024-02-02 21:00:00+00:00,826.8634432354982
2024-02-02 22:00:00+00:00,846.1746634935404
2024-02-02 23:00:00+00:00,848.8491360510055
2024-02-05 09:00:00+00:00,840.5715562012521
2024-02-05 10:00:00+00:00,836.373777345459
2024-02-05 11:00:00+00:00,851.1946960881098
2024-02-05 12:00:00+00:00,851.1689258165117
2024-02-05 13:00:00+00:00,848.7829828309306
2024-02-05 14:00:00+00:00,862.131752352547
2024-02-05 14:30:00+00:00,861.8598662067545
2024-02-05 15:30:00+00:00,865.5208491303658
2024-02-05 16:30:00+00:00,863.8327164001183
2024-02-05 17:30:00+00:00,870.9973251397075
2024-02-05 18:30:00+00:00,882.8537512051489
2024-02-05 19:30:00+00:00,877.4061668929388
2024-02-05 20:30:00+00:00,860.4547843957436
2024-02-05 21:00:00+00:00,861.299192384799
2024-02-05 22:00:00+00:00,851.6522240924353
2024-02-05 23:00:00+00:00,851.1119610276188
2024-02-06 09:00:00+00:00,854.4394017773501
2024-02-06 10:00:00+00:00,847.4988168169572
2024-02-06 11:00:00+00:00,858.4227887207886
2024-02-06 12:00:00+00:00,844.0245210363172
2024-02-06 13:00:00+00:00,847.2277162509124
2024-02-06 14:00:00+00:00,853.8313212579977
2024-02-06 14:30:00+00:00,871.271625058413
2024-02-06 15:30:00+00:00,882.1667579364441
2024-02-06 16:30:00+00:00,883.538421738545
2024-02-06 17:30:00+00:00,894.284621295608
2024-02-06 18:30:00+00:00,909.1404843583541
2024-02-06 19:30:00+00:00,902.287437674794
2024-02-06 20:30:00+00:00,901.4279283275949
2024-02-06 21:00:00+00:00,895.7335500519883
2024-02-06 22:00:00+00:00,906.5853144233882
2024-02-06 23:00:00+00:00,909.4555499623582
2024-02-07 09:00:00+00:00,910.3866925132909
2024-02-07 10:00:00+00:00,919.1502236219336
2024-02-07 11:00:00+00:00,918.4234869748857
2024-02-07 12:00:00+00:00,927.3211747683373
2024-02-07 13:00:00+00:00,913.771058631247
2024-02-07 14:00:00+00:00,921.9529912959293
2024-02-07 14:30:00+00:00,921.7119497583186
2024-02-07 15:30:00+00:00,914.1162418867557
2024-02-07 16:30:00+00:00,918.4865435971564
2024-02-07 17:30:00+00:00,910.7808318294594
2024-02-07 18:30:00+00:00,911.2773186448761
2024-02-07 19:30:00+00:00,926.1138535334409
2024-02-07 20:30:00+00:00,918.0436826606192
2024-02-07 21:00:00+00:00,920.7630225964645
2024-02-07 22:00:00+00:00,919.096033109546
2024-02-07 23:00:00+00:00,922.0854743696443
2024-02-08 09:00:00+00:00,925.8870471958099
2024-02-08 10:00:00+00:00,931.6593802404583
2024-02-08 11:00:00+00:00,926.4722524602904
2024-02-08 12:00:00+00:00,911.2490416324107
2024-02-08 13:00:00+00:00,908.727052553401
2024-02-08 14:00:00+00:00,915.0162796342971
2024-02-08 14:30:00+00:00,923.2902734058597
2024-02-08 15:30:00+00:00,911.2803891470746
2024-02-08 16:30:00+00:00,904.5935365917354
2024-02-08 17:30:00+00:00,908.4810436615317
2024-02-08 18:30:00+00:00,896.5016716804587
2024-02-08 19:30:00+00:00,912.2221662125141
2024-02-08 20:30:00+00:00,905.3186896789844
2024-02-08 21:00:00+00:00,890.2946721421235
2024-02-08 22:00:00+00:00,898.8500889524271
2024-02-08 23:00:00+00:00,899.6261396629549
2024-02-09 09:00:00+00:00,896.1035562715039
2024-02-09 10:00:00+00:00,897.3070332828064
2024-02-09 11:00:00+00:00,895.1991415782172
2024-02-09 12:00:00+00:00,891.5331428705637
2024-02-09 13:00:00+00:00,900.8037145407507
2024-02-09 14:00:00+00:00,900.4850211522504
2024-02-09 14:30:00+00:00,893.1816476169025
2024-02-09 15:30:00+00:00,888.6431442670021
2024-02-09 16:30:00+00:00,864.5236025355193
2024-02-09 17:30:00+00:00,860.3879212502596
2024-02-09 18:30:00+00:00,864.2275567514001
2024-02-09 19:30:00+00:00,867.1538801153786
2024-02-09 20:30:00+00:00,879.7965721717371
2024-02-09 21:00:00+00:00,876.0313339847385
2024-02-09 22:00:00+00:00,887.1343107262809
2024-02-09 23:00:00+00:00,889.5531812754095
2024-02-12 09:00:00+00:00,894.6841540317301
2024-02-12 10:00:00+00:00,892.0192008235409
2024-02-12 11:00:00+00:00,892.2330580075949
2024-02-12 12:00:00+00:00,889.574181409463
2024-02-12 13:00:00+00:00,910.1285466287933
2024-02-12 14:00:00+00:00,905.2727780093146
2024-02-12 14:30:00+00:00,896.6969371148812
2024-02-12 15:30:00+00:00,882.534663658381
2024-02-12 16:30:00+00:00,883.700935070291
2024-02-12 17:30:00+00:00,882.4135582496771
2024-02-12 18:30:00+00:00,886.5396005593036
2024-02-12 19:30:00+00:00,882.8199924039035
2024-02-12 20:30:00+00:00,888.8120321858082
2024-02-12 21:00:00+00:00,881.5772333422632
2024-02-12 22:00:00+00:00,883.2893847767588
2024-02-12 23:00:00+00:00,895.4735043239912
2024-02-13 09:00:00+00:00,890.1687823877921
2024-02-13 10:00:00+00:00,916.7533048719129
2024-02-13 11:00:00+00:00,902.487138515153
2024-02-13 12:00:00+00:00,901.4597929916334
2024-02-13 13:00:00+00:00,902.2192633839667
2024-02-13 14:00:00+00:00,903.7335884278037
2024-02-13 14:30:00+00:00,902.8171000111051
2024-02-13 15:30:00+00:00,906.8761272184495
2024-02-13 16:30:00+00:00,899.2967698542246
2024-02-13 17:30:00+00:00,880.3905139567065
2024-02-13 18:30:00+00:00,881.8472850635903
2024-02-13 19:30:00+00:00,884.2997798687962
2024-02-13 20:30:00+00:00,890.8227775011061
2024-02-13 21:00:00+00:00,890.8570851189145
2024-02-13 22:00:00+00:00,882.5315367803901
2024-02-13 23:00:00+00:00,877.3446124308903
2024-02-14 09:00:00+00:00,873.8863867501084
2024-02-14 10:00:00+00:00,870.0175878237651
2024-02-14 11:00:00+00:00,873.2691097868673
2024-02-14 12:00:00+00:00,890.2261546732209
2024-02-14 13:00:00+00:00,869.9849557826122
2024-02-14 14:00:00+00:00,878.2290048662875
2024-02-14 14:30:00+00:00,873.6509472380927
2024-02-14 15:30:00+00:00,868.5507399516582
2024-02-14 16:30:00+00:00,863.8121980092722
2024-02-14 17:30:00+00:00,856.0817873324766
2024-02-14 18:30:00+00:00,855.460846592965
2024-02-14 19:30:00+00:00,863.3827883986658
2024-02-14 20:30:00+00:00,868.1105019748956
2024-02-14 21:00:00+00:00,859.1314678265938
2024-02-14 22:00:00+00:00,876.3615891415618
2024-02-14 23:00:00+00:00,885.2805310087156
2024-02-15 09:00:00+00:00,893.2541677674329
2024-02-15 10:00:00+00:00,905.636484327657
2024-02-15 11:00:00+00:00,891.888246743361
2024-02-15 12:00:00+00:00,887.6768833215801
2024-02-15 13:00:00+00:00,858.43654175422
2024-02-15 14:00:00+00:00,875.7464015788169
2024-02-15 14:30:00+00:00,875.7356767141275
2024-02-15 15:30:00+00:00,881.7442632906364
2024-02-15 16:30:00+00:00,895.3382901599318
2024-02-15 17:30:00+00:00,902.4656261742759
2024-02-15 18:30:00+00:00,909.5797717260184
2024-02-15 19:30:00+00:00,913.8174120900367
2024-02-15 20:30:00+00:00,921.8756612907284
2024-02-15 21:00:00+00:00,937.2989157317486
2024-02-15 22:00:00+00:00,943.1665382316841
2024-02-15 23:00:00+00:00,935.2376768139486
2024-02-16 09:00:00+00:00,925.1407720349059
2024-02-16 10:00:00+00:00,923.0286000183138
2024-02-16 11:00:00+00:00,917.8680455219971
2024-02-16 12:00:00+00:00,900.411169143892
2024-02-16 13:00:00+00:00,896.7338229636842
2024-02-16 14:00:00+00:00,889.0566679475135
2024-02-16 14:30:00+00:00,888.631299060897
2024-02-16 15:30:00+00:00,889.9591710997094
2024-02-16 16:30:00+00:00,897.5204635237864
2024-02-16 17:30:00+00:00,914.4196789908927
2024-02-16 18:30:00+00:00,920.2103925459486
2024-02-16 19:30:00+00:00,915.0497272750598
2024-02-16 20:30:00+00:00,925.1003409463411
2024-02-16 21:00:00+00:00,923.460809383489
2024-02-16 22:00:00+00:00,917.8324306989107
2024-02-16 23:00:00+00:00,913.390861418566
2024-02-20 09:00:00+00:00,916.1224297643962
2024-02-20 10:00:00+00:00,919.8064353248158
2024-02-20 11:00:00+00:00,929.9648776471444
2024-02-20 12:00:00+00:00,944.9808769957051
2024-02-20 13:00:00+00:00,946.699048635213
2024-02-20 14:00:00+00:00,940.5238433440098
2024-02-20 14:30:00+00:00,934.0080973620031
2024-02-20 15:30:00+00:00,912.4188222427545
2024-02-20 16:30:00+00:00,927.4742499832324
2024-02-20 17:30:00+00:00,920.6822239754515
2024-02-20 18:30:00+00:00,935.7021127417196
2024-02-20 19:30:00+00:00,938.2155943111171
2024-02-20 20:30:00+00:00,941.3569126629806
2024-02-20 21:00:00+00:00,919.7442429878647
2024-02-20 22:00:00+00:00,917.1890121246411
2024-02-20 23:00:00+00:00,918.1642454890309
2024-02-21 09:00:00+00:00,927.7110738639294
2024-02-21 10:00:00+00:00,927.8685328523135
2024-02-21 11:00:00+00:00,932.6181275616366
2024-02-21 12:00:00+00:00,938.7216861233949
2024-02-21 13:00:00+00:00,941.4305415148344
2024-02-21 14:00:00+00:00,934.2554928937152
2024-02-21 14:30:00+00:00,947.8744651505234
2024-02-21 15:30:00+00:00,949.4690005692969
2024-02-21 16:30:00+00:00,946.8734714149506
2024-02-21 17:30:00+00:00,960.2324969583218
2024-02-21 18:30:00+00:00,965.0842486999368
2024-02-21 19:30:00+00:00,960.7795213867455
2024-02-21 20:30:00+00:00,956.7809076675748
2024-02-21 21:00:00+00:00,955.510143995898
2024-02-21 22:00:00+00:00,954.3303408554862
2024-02-21 23:00:00+00:00,957.6563716783353
2024-02-22 09:00:00+00:00,960.5876569162754
2024-02-22 10:00:00+00:00,970.1897482597059
2024-02-22 11:00:00+00:00,971.6953566910004
2024-02-22 12:00:00+00:00,970.1886565247122
2024-02-22 13:00:00+00:00,958.7922587851515
2024-02-22 14:00:00+00:00,950.418412275077
2024-02-22 14:30:00+00:00,933.062088815584
2024-02-22 15:30:00+00:00,928.9359207782455
2024-02-22 16:30:00+00:00,919.5741089659937
2024-02-22 17:30:00+00:00,921.409473284232
2024-02-22 18:30:00+00:00,922.5339484555519
2024-02-22 19:30:00+00:00,916.562475457754
2024-02-22 20:30:00+00:00,911.938463497714
2024-02-22 21:00:00+00:00,914.6981827723025
2024-02-22 22:00:00+00:00,905.1981825563985
2024-02-22 23:00:00+00:00,903.3644590826423
2024-02-23 09:00:00+00:00,899.7568496796387
2024-02-23 10:00:00+00:00,902.8590367090509
2024-02-23 11:00:00+00:00,906.6465887215649
2024-02-23 12:00:00+00:00,907.1878185081438
2024-02-23 13:00:00+00:00,898.5236597268955
2024-02-23 14:00:00+00:00,906.6648913639847
2024-02-23 14:30:00+00:00,905.2281388631651
2024-02-23 15:30:00+00:00,903.2909459685256
2024-02-23 16:30:00+00:00,912.2856290147408
2024-02-23 17:30:00+00:00,908.3257022574724
2024-02-23 18:30:00+00:00,906.8554905094425
2024-02-23 19:30:00+00:00,914.8085907355928
2024-02-23 20:30:00+00:00,923.0231249429145
2024-02-23 21:00:00+00:00,937.6578945225782
2024-02-23 22:00:00+00:00,946.2063224013673
2024-02-23 23:00:00+00:00,946.5323143303079
2024-02-26 09:00:00+00:00,951.4950369440402
2024-02-26 10:00:00+00:00,952.5503201855153
2024-02-26 11:00:00+00:00,969.4210633290933
2024-02-26 12:00:00+00:00,975.7033701876422
2024-02-26 13:00:00+00:00,978.6046584083566
2024-02-26 14:00:00+00:00,971.5591178981834
2024-02-26 14:30:00+00:00,962.1809910129581
2024-02-26 15:30:00+00:00,977.1768392880045
2024-02-26 16:30:00+00:00,983.2673894951316
2024-02-26 17:30:00+00:00,985.6725230078487
2024-02-26 18:30:00+00:00,965.2665174869868
2024-02-26 19:30:00+00:00,971.0198853225938
2024-02-26 20:30:00+00:00,977.4939861535219
2024-02-26 21:00:00+00:00,985.7214101530109
2024-02-26 22:00:00+00:00,999.2512999942038
2024-02-26 23:00:00+00:00,997.9437536309358
2024-02-27 09:00:00+00:00,991.2128694826373
2024-02-27 10:00:00+00:00,986.9149167332458
2024-02-27 11:00:00+00:00,998.9259040650827
2024-02-27 12:00:00+00:00,989.7575012602335
2024-02-27 13:00:00+00:00,987.5424356233381
2024-02-27 14:00:00+00:00,988.2315338768324
2024-02-27 14:30:00+00:00,984.1108746347576
2024-02-27 15:30:00+00:00,989.942258756347
2024-02-27 16:30:00+00:00,989.1118171067639
2024-02-27 17:30:00+00:00,987.7775741302643
2024-02-27 18:30:00+00:00,986.464556488106
2024-02-27 19:30:00+00:00,980.9096674989224
2024-02-27 20:30:00+00:00,989.6063874571962
2024-02-27 21:00:00+00:00,988.6383021006714
2024-02-27 22:00:00+00:00,992.1400515460468
2024-02-27 23:00:00+00:00,998.6697054883293
2024-02-28 09:00:00+00:00,1007.7648492610101
2024-02-28 10:00:00+00:00,1017.7804930345375
2024-02-28 11:00:00+00:00,1024.4165033132415
2024-02-28 12:00:00+00:00,1013.9416495309121
2024-02-28 13:00:00+00:00,1014.1844064241111
2024-02-28 14:00:00+00:00,1016.8687463925443
2024-02-28 14:30:00+00:00,1012.4231420089484
2024-02-28 15:30:00+00:00,1016.17181619944
2024-02-28 16:30:00+00:00,1026.4894287657808
2024-02-28 17:30:00+00:00,1027.6563197185794
2024-02-28 18:30:00+00:00,1034.846532795348
2024-02-28 19:30:00+00:00,1031.1573831210198
2024-02-28 20:30:00+00:00,1025.12945391231
2024-02-28 21:00:00+00:00,1033.8431534339363
2024-02-28 22:00:00+00:00,1040.993568505412
2024-02-28 23:00:00+00:00,1036.984274387018
2024-02-29 09:00:00+00:00,1044.5867080595594
2024-02-29 10:00:00+00:00,1041.8041613929122
2024-02-29 11:00:00+00:00,1022.2671578981957
2024-02-29 12:00:00+00:00,1011.564669610839
2024-02-29 13:00:00+00:00,1013.8427189172853
2024-02-29 14:00:00+00:00,1010.2628673031483
2024-02-29 14:30:00+00:00,1013.6572569068408
2024-02-29 15:30:00+00:00,1023.5042932109737
2024-02-29 16:30:00+00:00,1013.9736511484839
2024-02-29 17:30:00+00:00,1015.2471636613807
2024-02-29 18:30:00+00:00,1019.6605296110338
2024-02-29 19:30:00+00:00,1039.4296665458112
2024-02-29 20:30:00+00:00,1018.09940747216
2024-02-29 21:00:00+00:00,1005.3057440891927
2024-02-29 22:00:00+00:00,1013.5760112686412
2024-02-29 23:00:00+00:00,1014.4716263018747
2024-03-01 09:00:00+00:00,1028.6431586499737
2024-03-01 10:00:00+00:00,997.9560779474735
2024-03-01 11:00:00+00:00,1013.3707909021954
2024-03-01 12:00:00+00:00,1010.3023735934835
2024-03-01 13:00:00+00:00,1014.292143393902
2024-03-01 14:00:00+00:00,1021.0823657512863
2024-03-01 14:30:00+00:00,1032.9054011661171
2024-03-01 15:30:00+00:00,1030.7804515027476
2024-03-01 16:30:00+00:00,1029.020616006005
2024-03-01 17:30:00+00:00,1021.1494502081471
2024-03-01 18:30:00+00:00,1036.5209932776665
2024-03-01 19:30:00+00:00,1041.0409981859573
2024-03-01 20:30:00+00:00,1056.703284232187
2024-03-01 21:00:00+00:00,1039.0851573851733
2024-03-01 22:00:00+00:00,1038.817632843051
2024-03-01 23:00:00+00:00,1038.2027714944547
2024-03-04 09:00:00+00:00,1048.1383721549912
2024-03-04 10:00:00+00:00,1052.3404183419825
2024-03-04 11:00:00+00:00,1073.5735601067045
2024-03-04 12:00:00+00:00,1063.9604523601736
2024-03-04 13:00:00+00:00,1074.6141773937163
2024-03-04 14:00:00+00:00,1052.3162592167696
2024-03-04 14:30:00+00:00,1055.9353310034642
2024-03-04 15:30:00+00:00,1053.1695959383517
2024-03-04 16:30:00+00:00,1050.8945735085997
2024-03-04 17:30:00+00:00,1044.2394251476258
2024-03-04 18:30:00+00:00,1030.4261547491178
2024-03-04 19:30:00+00:00,1042.979958574874
2024-03-04 20:30:00+00:00,1053.7200438509208
2024-03-04 21:00:00+00:00,1049.4365638618788
2024-03-04 22:00:00+00:00,1031.6400888703872
2024-03-04 23:00:00+00:00,1052.7455467594448
2024-03-05 09:00:00+00:00,1055.1233797888049
2024-03-05 10:00:00+00:00,1041.280737520616
2024-03-05 11:00:00+00:00,1044.74412017817
2024-03-05 12:00:00+00:00,1048.261106365834
2024-03-05 13:00:00+00:00,1049.260708420165
2024-03-05 14:00:00+00:00,1061.4624123923547
2024-03-05 14:30:00+00:00,1056.9241401674612
2024-03-05 15:30:00+00:00,1053.507241100605
2024-03-05 16:30:00+00:00,1063.9321320495037
2024-03-05 17:30:00+00:00,1055.71273351257
2024-03-05 18:30:00+00:00,1066.1029645165208
2024-03-05 19:30:00+00:00,1077.8817668716501
2024-03-05 20:30:00+00:00,1098.3288612110086
2024-03-05 21:00:00+00:00,1117.4314891391086
2024-03-05 22:00:00+00:00,1116.8519885246646
2024-03-05 23:00:00+00:00,1108.5015253769866
2024-03-06 09:00:00+00:00,1107.7284987311664
2024-03-06 10:00:00+00:00,1117.602863712239
2024-03-06 11:00:00+00:00,1127.3776772311858
2024-03-06 12:00:00+00:00,1132.0181878850738
2024-03-06 13:00:00+00:00,1109.358855783632
2024-03-06 14:00:00+00:00,1094.5301899823605
2024-03-06 14:30:00+00:00,1099.003424801737
2024-03-06 15:30:00+00:00,1092.2072793064283
2024-03-06 16:30:00+00:00,1113.1130792473873
2024-03-06 17:30:00+00:00,1122.6298723453287
2024-03-06 18:30:00+00:00,1146.6206151878332
2024-03-06 19:30:00+00:00,1138.2837584025915
2024-03-06 20:30:00+00:00,1150.8487762829602
2024-03-06 21:00:00+00:00,1124.69785076666
2024-03-06 22:00:00+00:00,1137.1410123585579
2024-03-06 23:00:00+00:00,1138.2727320571878
2024-03-07 09:00:00+00:00,1137.6743329788324
2024-03-07 10:00:00+00:00,1159.4357959333029
2024-03-07 11:00:00+00:00,1149.5292760876835
2024-03-07 12:00:00+00:00,1130.207438462498
2024-03-07 13:00:00+00:00,1122.641278376308
2024-03-07 14:00:00+00:00,1109.7647380418273
2024-03-07 14:30:00+00:00,1117.0475332469018
2024-03-07 15:30:00+00:00,1116.2378174341356
2024-03-07 16:30:00+00:00,1104.7499603077379
2024-03-07 17:30:00+00:00,1102.6883971347445
2024-03-07 18:30:00+00:00,1085.6827543964184
2024-03-07 19:30:00+00:00,1082.2591337186348
2024-03-07 20:30:00+00:00,1076.9471566265854
2024-03-07 21:00:00+00:00,1110.0720711428128
2024-03-07 22:00:00+00:00,1095.9577496569946
2024-03-07 23:00:00+00:00,1101.3485469717923
2024-03-08 09:00:00+00:00,1113.1593110318577
2024-03-08 10:00:00+00:00,1127.7684809740435
2024-03-08 11:00:00+00:00,1128.6803449111028
2024-03-08 12:00:00+00:00,1126.558076719403
2024-03-08 13:00:00+00:00,1117.8083765054434
2024-03-08 14:00:00+00:00,1121.5619957029282
2024-03-08 14:30:00+00:00,1123.9479802632623
2024-03-08 15:30:00+00:00,1124.434164687957
2024-03-08 16:30:00+00:00,1127.9069534447951
2024-03-08 17:30:00+00:00,1137.4303223759089
2024-03-08 18:30:00+00:00,1132.8876352991265
2024-03-08 19:30:00+00:00,1128.0786473044873
2024-03-08 20:30:00+00:00,1135.3474176414427
2024-03-08 21:00:00+00:00,1138.5728528648388
2024-03-08 22:00:00+00:00,1156.7237171939096
2024-03-08 23:00:00+00:00,1174.4182641400855
2024-03-11 08:00:00+00:00,1182.3909779256003
2024-03-11 09:00:00+00:00,1177.5784748376652
2024-03-11 10:00:00+00:00,1181.5462302822223
2024-03-11 11:00:00+00:00,1191.6352810659325
2024-03-11 12:00:00+00:00,1199.2795296681365
2024-03-11 13:00:00+00:00,1181.5055422131109
2024-03-11 13:30:00+00:00,1177.7975088434623
2024-03-11 14:30:00+00:00,1186.3027207073699
2024-03-11 15:30:00+00:00,1186.897605129771
2024-03-11 16:30:00+00:00,1193.8730162379004
2024-03-11 17:30:00+00:00,1191.6889564403884
2024-03-11 18:30:00+00:00,1200.2946620573387
2024-03-11 19:30:00+00:00,1205.4560733520327
2024-03-11 20:00:00+00:00,1217.1471585893917
2024-03-11 21:00:00+00:00,1220.4866632935161
2024-03-11 22:00:00+00:00,1200.7845256808607
2024-03-11 23:00:00+00:00,1182.1140039828372
2024-03-12 08:00:00+00:00,1209.4506733112162
2024-03-12 09:00:00+00:00,1205.8827585656252
2024-03-12 10:00:00+00:00,1211.2492646719347
2024-03-12 11:00:00+00:00,1232.7868415115695
2024-03-12 12:00:00+00:00,1214.7262169487494
2024-03-12 13:00:00+00:00,1203.0351062148616
2024-03-12 13:30:00+00:00,1219.0579110082147
2024-03-12 14:30:00+00:00,1221.3139002988498
2024-03-12 15:30:00+00:00,1226.4743835687173
2024-03-12 16:30:00+00:00,1244.747675340607
2024-03-12 17:30:00+00:00,1224.568874520407
2024-03-12 18:30:00+00:00,1217.2836581567053
2024-03-12 19:30:00+00:00,1220.5837642970594
2024-03-12 20:00:00+00:00,1237.2546591398714
2024-03-12 21:00:00+00:00,1240.1856710470831
2024-03-12 22:00:00+00:00,1253.4499580148483
2024-03-12 23:00:00+00:00,1262.578085417606
2024-03-13 08:00:00+00:00,1292.0265183428646
2024-03-13 09:00:00+00:00,1306.9579824233226
2024-03-13 10:00:00+00:00,1309.0635446072251
2024-03-13 11:00:00+00:00,1312.1693455895945
2024-03-13 12:00:00+00:00,1320.626763302289
2024-03-13 13:00:00+00:00,1336.6053746578311
2024-03-13 13:30:00+00:00,1340.3234065890758
2024-03-13 14:30:00+00:00,1340.834031802251
2024-03-13 15:30:00+00:00,1352.964673094424
2024-03-13 16:30:00+00:00,1347.6345585137287
2024-03-13 17:30:00+00:00,1346.265425150718
2024-03-13 18:30:00+00:00,1348.0747717102458
2024-03-13 19:30:00+00:00,1343.7450415414726
2024-03-13 20:00:00+00:00,1368.523938020258
2024-03-13 21:00:00+00:00,1385.6932389321178
2024-03-13 22:00:00+00:00,1404.2750405031913
2024-03-13 23:00:00+00:00,1407.9879336214235
2024-03-14 08:00:00+00:00,1412.0228785915635
2024-03-14 09:00:00+00:00,1411.3719016350196
2024-03-14 10:00:00+00:00,1404.6743235561116
2024-03-14 11:00:00+00:00,1393.4369231175776
2024-03-14 12:00:00+00:00,1397.2419734876028
2024-03-14 13:00:00+00:00,1380.159437775897
2024-03-14 13:30:00+00:00,1377.2270061852303
2024-03-14 14:30:00+00:00,1385.7683860775264
2024-03-14 15:30:00+00:00,1375.8709477518867
2024-03-14 16:30:00+00:00,1362.417594368911
2024-03-14 17:30:00+00:00,1389.251411850475
2024-03-14 18:30:00+00:00,1404.016175007526
2024-03-14 19:30:00+00:00,1379.7141511429536
2024-03-14 20:00:00+00:00,1396.500093692145
2024-03-14 21:00:00+00:00,1390.372465965001
2024-03-15 13:30:00+00:00,1394.5865712533548
2024-03-15 14:30:00+00:00,1390.6483580297354
2024-03-15 15:30:00+00:00,1378.8059476264584
2024-03-15 16:30:00+00:00,1387.153681256264
2024-03-15 17:30:00+00:00,1365.9762781612133
2024-03-15 18:30:00+00:00,1375.1263542679412
2024-03-15 19:30:00+00:00,1368.7581056398712
2024-03-15 20:00:00+00:00,1386.7040491092678
2024-03-15 21:00:00+00:00,1370.9961464495368
2024-03-15 22:00:00+00:00,1373.1519970084746
2024-03-15 23:00:00+00:00,1372.937353579005
2024-03-18 08:00:00+00:00,1366.7959425928047
2024-03-18 11:00:00+00:00,1356.0292381872086
2024-03-18 12:00:00+00:00,1383.8366548753488
2024-03-18 13:00:00+00:00,1379.3992557107406
2024-03-18 13:30:00+00:00,1370.823953657909
2024-03-18 14:30:00+00:00,1377.468334662915
2024-03-18 15:30:00+00:00,1366.612428004873
2024-03-18 16:30:00+00:00,1351.630097442769
2024-03-18 17:30:00+00:00,1324.8198169681054
2024-03-18 18:30:00+00:00,1300.1840902066424
2024-03-18 19:30:00+00:00,1311.4292705207797
2024-03-18 20:00:00+00:00,1306.86130478996
2024-03-18 21:00:00+00:00,1286.9414834052532
2024-03-18 22:00:00+00:00,1270.6882559180567
2024-03-18 23:00:00+00:00,1262.2999154042745
2024-03-19 08:00:00+00:00,1268.2420000625486
2024-03-19 09:00:00+00:00,1271.9431480797075
2024-03-19 10:00:00+00:00,1275.3480633717136
2024-03-19 11:00:00+00:00,1265.1018197631513
2024-03-19 12:00:00+00:00,1263.217083247141
2024-03-19 13:00:00+00:00,1259.2945982547888
2024-03-19 13:30:00+00:00,1250.4720306813201
2024-03-19 14:30:00+00:00,1244.1910284713972
2024-03-19 15:30:00+00:00,1250.8192721734165
2024-03-19 16:30:00+00:00,1261.7098415755047
2024-03-19 17:30:00+00:00,1262.7168263967635
2024-03-19 18:30:00+00:00,1280.9252372191168
2024-03-19 19:30:00+00:00,1264.656241478866
2024-03-19 20:00:00+00:00,1262.8846192556132
2024-03-19 21:00:00+00:00,1252.2622879151907
2024-03-19 22:00:00+00:00,1245.1352514785417
2024-03-19 23:00:00+00:00,1226.4663511079843
2024-03-20 08:00:00+00:00,1232.003758622327
2024-03-20 09:00:00+00:00,1226.3820513911746
2024-03-20 10:00:00+00:00,1230.3421445662432
2024-03-20 11:00:00+00:00,1231.396947395187
2024-03-20 12:00:00+00:00,1237.8337909276227
2024-03-20 13:00:00+00:00,1225.91002494388
2024-03-20 13:30:00+00:00,1205.463100957734
2024-03-20 14:30:00+00:00,1224.4076352778868
2024-03-20 15:30:00+00:00,1222.5612979436946
2024-03-20 16:30:00+00:00,1228.1125282616879
2024-03-20 17:30:00+00:00,1228.9566192567806
2024-03-20 18:30:00+00:00,1221.973824537019
2024-03-20 19:30:00+00:00,1223.8559529017696
2024-03-20 20:00:00+00:00,1245.4994314149444
2024-03-20 21:00:00+00:00,1242.7287171430246
2024-03-20 22:00:00+00:00,1240.4129474755052
2024-03-20 23:00:00+00:00,1222.9673191823551
2024-03-21 08:00:00+00:00,1239.4035772427583
2024-03-21 09:00:00+00:00,1245.883269272061
2024-03-21 10:00:00+00:00,1238.3657133484064
2024-03-21 11:00:00+00:00,1243.9541061273067
2024-03-21 12:00:00+00:00,1235.7404792470454
2024-03-21 13:00:00+00:00,1224.6676613896182
2024-03-21 13:30:00+00:00,1229.1209025564247
2024-03-21 14:30:00+00:00,1223.5372374757887
2024-03-21 15:30:00+00:00,1217.051884388608
2024-03-21 16:30:00+00:00,1207.8424129637606
2024-03-21 17:30:00+00:00,1210.6671725937144
2024-03-21 18:30:00+00:00,1217.1681568406689
2024-03-21 19:30:00+00:00,1208.7893767034589
2024-03-21 20:00:00+00:00,1195.8035546103995
2024-03-21 21:00:00+00:00,1218.4787982078842
2024-03-21 22:00:00+00:00,1205.74651378683
2024-03-21 23:00:00+00:00,1187.726912355997
2024-03-22 08:00:00+00:00,1177.2562242332428
2024-03-22 09:00:00+00:00,1172.4331292030724
2024-03-22 10:00:00+00:00,1165.3859070196424
2024-03-22 11:00:00+00:00,1157.1674431916085
2024-03-22 12:00:00+00:00,1156.532246961346
2024-03-22 13:00:00+00:00,1158.638139351918
2024-03-22 13:30:00+00:00,1174.421946396564
2024-03-22 14:30:00+00:00,1158.8286021156277
2024-03-22 15:30:00+00:00,1149.8437852013128
2024-03-22 16:30:00+00:00,1128.6296853804467
2024-03-22 17:30:00+00:00,1127.8949145010045
2024-03-22 18:30:00+00:00,1134.032879403862
2024-03-22 19:30:00+00:00,1127.9187308920712
2024-03-22 20:00:00+00:00,1133.757471165924
2024-03-22 21:00:00+00:00,1141.173172028532
2024-03-22 22:00:00+00:00,1127.3293891156925
2024-03-22 23:00:00+00:00,1148.9544227383694
2024-03-25 08:00:00+00:00,1141.7135561138239
2024-03-25 09:00:00+00:00,1155.1063136283149
2024-03-25 10:00:00+00:00,1141.0770986807584
2024-03-25 11:00:00+00:00,1140.102249172616
2024-03-25 12:00:00+00:00,1143.5217163770976
2024-03-25 13:00:00+00:00,1148.5252644062418
2024-03-25 13:30:00+00:00,1158.0371831112816
2024-03-25 14:30:00+00:00,1169.4090820561794
2024-03-25 15:30:00+00:00,1149.814570651484
2024-03-25 16:30:00+00:00,1149.6654569772363
2024-03-25 17:30:00+00:00,1163.033738262919
2024-03-25 18:30:00+00:00,1153.8775153320069
2024-03-25 19:30:00+00:00,1165.7911101323677
2024-03-25 20:00:00+00:00,1170.6955128226675
2024-03-25 21:00:00+00:00,1177.6371605238262
2024-03-25 22:00:00+00:00,1177.847356630881
2024-03-25 23:00:00+00:00,1162.281610285675
2024-03-26 08:00:00+00:00,1169.8754808586436
2024-03-26 09:00:00+00:00,1179.429424365101
2024-03-26 10:00:00+00:00,1179.2743890605502
2024-03-26 11:00:00+00:00,1178.6133568566934
2024-03-26 12:00:00+00:00,1192.9641466750918
2024-03-26 13:00:00+00:00,1203.9057670720629
2024-03-26 13:30:00+00:00,1194.6085783647761
2024-03-26 14:30:00+00:00,1204.7127586506558
2024-03-26 15:30:00+00:00,1206.0061207119945
2024-03-26 16:30:00+00:00,1189.2027467823434
2024-03-26 17:30:00+00:00,1193.28680034228
2024-03-26 18:30:00+00:00,1188.198329123263
2024-03-26 19:30:00+00:00,1175.8947868354066
2024-03-26 20:00:00+00:00,1158.5960436732903
2024-03-26 21:00:00+00:00,1154.6145570852277
2024-03-26 22:00:00+00:00,1160.8835916830187
2024-03-26 23:00:00+00:00,1141.4493002196932
2024-03-27 08:00:00+00:00,1147.9366581336312
2024-03-27 09:00:00+00:00,1156.0180408526614
2024-03-27 10:00:00+00:00,1157.0068126677875
2024-03-27 11:00:00+00:00,1148.3124447572218
2024-03-27 12:00:00+00:00,1164.818144405422
2024-03-27 13:00:00+00:00,1174.6517319507288
2024-03-27 13:30:00+00:00,1194.1400976124964
2024-03-27 14:30:00+00:00,1176.6590951836129
2024-03-27 15:30:00+00:00,1184.812141224595
2024-03-27 16:30:00+00:00,1184.405704102317
2024-03-27 17:30:00+00:00,1182.2544126244093
2024-03-27 18:30:00+00:00,1191.787876564533
2024-03-27 19:30:00+00:00,1197.3291854513711
2024-03-27 20:00:00+00:00,1193.209601879721
2024-03-27 21:00:00+00:00,1176.0017180190757
2024-03-27 22:00:00+00:00,1167.4033306333479
2024-03-27 23:00:00+00:00,1184.9410280980926
2024-03-28 08:00:00+00:00,1189.650848451467
2024-03-28 09:00:00+00:00,1184.7469010038342
2024-03-28 10:00:00+00:00,1158.6121165325112
2024-03-28 11:00:00+00:00,1164.7468191352425
2024-03-28 12:00:00+00:00,1167.7261269970043
2024-03-28 13:00:00+00:00,1150.448864750867
2024-03-28 13:30:00+00:00,1145.4507567860817
2024-03-28 14:30:00+00:00,1138.537308499924
2024-03-28 15:30:00+00:00,1150.0142720737563
2024-03-28 16:30:00+00:00,1159.6838060985076
2024-03-28 17:30:00+00:00,1160.5366451570965
2024-03-28 18:30:00+00:00,1169.9208285471154
2024-03-28 19:30:00+00:00,1166.9795829136735
2024-03-28 20:00:00+00:00,1170.6982549624618
2024-03-28 21:00:00+00:00,1179.47559468927
2024-03-28 22:00:00+00:00,1188.2558168600558
2024-03-28 23:00:00+00:00,1164.2241821208079
2024-04-01 08:00:00+00:00,1170.4436413798192
2024-04-01 09:00:00+00:00,1177.0716601923466
2024-04-01 10:00:00+00:00,1168.5800580631626
2024-04-01 11:00:00+00:00,1153.6995162139228
2024-04-01 12:00:00+00:00,1152.9515399142053
2024-04-01 13:00:00+00:00,1153.981646220042
2024-04-01 13:30:00+00:00,1157.2622723252182
2024-04-01 14:30:00+00:00,1153.3639193524425
2024-04-01 15:30:00+00:00,1138.3993705546147
2024-04-01 16:30:00+00:00,1118.174332365925
2024-04-01 17:30:00+00:00,1115.8749987381511
2024-04-01 18:30:00+00:00,1119.6585158034684
2024-04-01 19:30:00+00:00,1105.8193829155898
2024-04-01 20:00:00+00:00,1115.2871619685147
2024-04-01 21:00:00+00:00,1116.5651286245277
2024-04-01 22:00:00+00:00,1103.2550799335272
2024-04-01 23:00:00+00:00,1094.0788705623534
2024-04-02 08:00:00+00:00,1078.7681894803911
2024-04-02 09:00:00+00:00,1068.3107611364753
2024-04-02 10:00:00+00:00,1065.0586544455598
2024-04-02 11:00:00+00:00,1045.9626480193501
2024-04-02 12:00:00+00:00,1041.7826907897415
2024-04-02 13:00:00+00:00,1044.5878758484105
2024-04-02 13:30:00+00:00,1036.831552439776
2024-04-02 14:30:00+00:00,1025.2202373637165
2024-04-02 15:30:00+00:00,1024.501417590658
2024-04-02 16:30:00+00:00,1011.3652997216408
2024-04-02 17:30:00+00:00,1017.3102363628262
2024-04-02 18:30:00+00:00,1027.654242961906
2024-04-02 19:30:00+00:00,1030.3189193610513
2024-04-02 20:00:00+00:00,1018.9705491114122
2024-04-02 21:00:00+00:00,1029.7933563641345
2024-04-02 22:00:00+00:00,1013.2510141028638
2024-04-02 23:00:00+00:00,1009.1575645521227
2024-04-03 08:00:00+00:00,1008.4850026975894
2024-04-03 09:00:00+00:00,1020.8813358774155
2024-04-03 10:00:00+00:00,1018.9994708706785
2024-04-03 11:00:00+00:00,1027.2953063683153
2024-04-03 12:00:00+00:00,1024.5924816819906
2024-04-03 13:00:00+00:00,1030.1277396564583
2024-04-03 13:30:00+00:00,1023.3555548898661
2024-04-03 14:30:00+00:00,1017.3564718342185
2024-04-03 15:30:00+00:00,1005.9595240147198
2024-04-03 16:30:00+00:00,997.8363872778025
2024-04-03 17:30:00+00:00,997.5048220935333
2024-04-03 18:30:00+00:00,1013.0924214694509
2024-04-03 19:30:00+00:00,1002.7271747367055
2024-04-03 20:00:00+00:00,992.0239245338717
2024-04-03 21:00:00+00:00,997.7443513377236
2024-04-03 22:00:00+00:00,1000.4092774618737
2024-04-03 23:00:00+00:00,997.2599627435975
2024-04-04 08:00:00+00:00,1011.358679914613
2024-04-04 09:00:00+00:00,1010.6246038330969
2024-04-04 10:00:00+00:00,997.8671632588073
2024-04-04 11:00:00+00:00,997.1435635344332
2024-04-04 12:00:00+00:00,1005.7745955467808
2024-04-04 13:00:00+00:00,999.0151002632588
2024-04-04 13:30:00+00:00,991.413038211329
2024-04-04 14:30:00+00:00,992.1843059046838
2024-04-04 15:30:00+00:00,985.6756131627192
2024-04-04 16:30:00+00:00,974.5743281599067
2024-04-04 17:30:00+00:00,988.0314106753548
2024-04-04 18:30:00+00:00,973.0275829297909
2024-04-04 19:30:00+00:00,960.8389279421059
2024-04-04 20:00:00+00:00,968.0821315080424
2024-04-04 21:00:00+00:00,977.1207426648338
2024-04-04 22:00:00+00:00,974.3180438226176
2024-04-04 23:00:00+00:00,971.6027026639879
2024-04-05 08:00:00+00:00,963.2558389260284
2024-04-05 09:00:00+00:00,940.8863363958285
2024-04-05 10:00:00+00:00,943.9734673217918
2024-04-05 11:00:00+00:00,946.2520946793843
2024-04-05 12:00:00+00:00,940.8955467838442
2024-04-05 13:00:00+00:00,946.5890736054844
2024-04-05 13:30:00+00:00,943.0777610108918
2024-04-05 14:30:00+00:00,949.0126418533174
2024-04-05 15:30:00+00:00,966.1957980857799
2024-04-05 16:30:00+00:00,971.2907396895675
2024-04-05 17:30:00+00:00,974.5188348405914
2024-04-05 18:30:00+00:00,987.2230374991547
2024-04-05 19:30:00+00:00,986.6196290813571
2024-04-05 20:00:00+00:00,996.6734365213978
2024-04-05 21:00:00+00:00,1001.3923267226937
2024-04-05 22:00:00+00:00,1009.4889916421456
2024-04-05 23:00:00+00:00,1018.0488287452214
2024-04-08 08:00:00+00:00,1032.6311472036473
2024-04-08 09:00:00+00:00,1035.7986079044726
2024-04-08 10:00:00+00:00,1038.7938323496946
2024-04-08 11:00:00+00:00,1045.888135660681
2024-04-08 12:00:00+00:00,1041.0697165394795
2024-04-08 13:00:00+00:00,1045.5123627045978
2024-04-08 13:30:00+00:00,1011.9789304650606
2024-04-08 14:30:00+00:00,1001.1815009749583
2024-04-08 15:30:00+00:00,994.6470389470735
2024-04-08 16:30:00+00:00,1002.3200930561371
2024-04-08 17:30:00+00:00,998.7512777092936
2024-04-08 18:30:00+00:00,1011.1118505179894
2024-04-08 19:30:00+00:00,1018.1148560263921
2024-04-08 20:00:00+00:00,1005.3836115786854
2024-04-08 21:00:00+00:00,1006.8140769051939
2024-04-08 22:00:00+00:00,1007.4829157582712
2024-04-08 23:00:00+00:00,1011.2848169629509
2024-04-09 08:00:00+00:00,1005.224465925798
2024-04-09 09:00:00+00:00,997.1050244283655
2024-04-09 10:00:00+00:00,992.6920976182561
2024-04-09 11:00:00+00:00,1004.6679079533725
2024-04-09 12:00:00+00:00,1010.8311929246096
2024-04-09 13:00:00+00:00,995.9610428612027
2024-04-09 13:30:00+00:00,998.7453601239517
2024-04-09 14:30:00+00:00,993.8721459343142
2024-04-09 15:30:00+00:00,991.4862016997947
2024-04-09 16:30:00+00:00,990.9807452610415
2024-04-09 17:30:00+00:00,996.2364204176506
2024-04-09 18:30:00+00:00,986.814808385898
2024-04-09 19:30:00+00:00,1010.8533282823793
2024-04-09 20:00:00+00:00,1020.2038223051582
2024-04-09 21:00:00+00:00,1005.3238423567396
2024-04-09 22:00:00+00:00,1020.2574409115451
2024-04-09 23:00:00+00:00,1020.9735679477225
2024-04-10 08:00:00+00:00,1020.5995061500397
2024-04-10 09:00:00+00:00,1022.0471594796193
2024-04-10 10:00:00+00:00,1018.8228284298225
2024-04-10 11:00:00+00:00,1019.6761056500269
2024-04-10 12:00:00+00:00,1025.119272908051
2024-04-10 13:00:00+00:00,1031.6336922480677
2024-04-10 13:30:00+00:00,1021.5714857047531
2024-04-10 14:30:00+00:00,1029.3201986073707
2024-04-10 15:30:00+00:00,1062.8470605654388
2024-04-10 16:30:00+00:00,1055.1404130494707
2024-04-10 17:30:00+00:00,1038.1906540935263
2024-04-10 18:30:00+00:00,1041.982829335481
2024-04-10 19:30:00+00:00,1032.1673449133375
2024-04-10 20:00:00+00:00,1033.6572203386013
2024-04-10 21:00:00+00:00,1032.543036678491
2024-04-10 22:00:00+00:00,1017.6602928501843
2024-04-10 23:00:00+00:00,1008.75506620451
2024-04-11 08:00:00+00:00,1016.0212435957573
2024-04-11 09:00:00+00:00,1011.4413642081358
2024-04-11 10:00:00+00:00,1029.405105391591
2024-04-11 11:00:00+00:00,1027.1305108976967
2024-04-11 12:00:00+00:00,1027.3544992234322
2024-04-11 13:00:00+00:00,1021.2852815656095
2024-04-11 13:30:00+00:00,1015.6735096090276
2024-04-11 14:30:00+00:00,1017.402613469934
2024-04-11 15:30:00+00:00,1021.0140122898039
2024-04-11 16:30:00+00:00,1032.0097739631617
2024-04-11 17:30:00+00:00,1033.3074402214186
2024-04-11 18:30:00+00:00,1040.0504167173583
2024-04-11 19:30:00+00:00,1029.607059791202
2024-04-11 20:00:00+00:00,1041.5450106830137
2024-04-11 21:00:00+00:00,1029.6411448597003
2024-04-11 22:00:00+00:00,1038.002818163741
2024-04-11 23:00:00+00:00,1057.1904532069207
2024-04-12 08:00:00+00:00,1032.5102026414356
2024-04-12 09:00:00+00:00,1026.8528803678048
2024-04-12 10:00:00+00:00,1034.383529877692
2024-04-12 11:00:00+00:00,1047.5920432337748
2024-04-12 12:00:00+00:00,1030.3748463085656
2024-04-12 13:00:00+00:00,1025.8071886256323
2024-04-12 13:30:00+00:00,1015.4987864701311
2024-04-12 14:30:00+00:00,1029.794111166134
2024-04-12 15:30:00+00:00,1037.1792877904584
2024-04-12 16:30:00+00:00,1035.9925959899579
2024-04-12 17:30:00+00:00,1040.9499931749224
2024-04-12 18:30:00+00:00,1028.5110472159693
2024-04-12 19:30:00+00:00,1031.664418129517
2024-04-12 20:00:00+00:00,1033.7682251657964
2024-04-12 21:00:00+00:00,1039.5528241803213
2024-04-12 22:00:00+00:00,1031.080110934251
2024-04-12 23:00:00+00:00,1026.7664999973747
2024-04-15 08:00:00+00:00,1048.2213890282549
2024-04-15 09:00:00+00:00,1050.8226897060608
2024-04-15 10:00:00+00:00,1048.8922662715977
2024-04-15 11:00:00+00:00,1045.5334130280028
2024-04-15 12:00:00+00:00,1041.1316682309223
2024-04-15 13:00:00+00:00,1035.636157420983
2024-04-15 13:30:00+00:00,1026.7724074598375
2024-04-15 14:30:00+00:00,1018.8385386954498
2024-04-15 15:30:00+00:00,1013.0945788436434
2024-04-15 16:30:00+00:00,997.1793619314677
2024-04-15 17:30:00+00:00,989.5236781560961
2024-04-15 18:30:00+00:00,994.1495522165517
2024-04-15 19:30:00+00:00,986.3423873845492
2024-04-15 20:00:00+00:00,978.4001415432336
2024-04-15 21:00:00+00:00,981.3245634465239
2024-04-15 22:00:00+00:00,966.258402644756
2024-04-15 23:00:00+00:00,964.8163815959272
2024-04-16 08:00:00+00:00,962.1859482186275
2024-04-16 09:00:00+00:00,969.6970978758645
2024-04-16 10:00:00+00:00,976.9972259634906
2024-04-16 11:00:00+00:00,964.980752256688
2024-04-16 12:00:00+00:00,965.6052838726741
2024-04-16 13:00:00+00:00,949.5730135323785
2024-04-16 13:30:00+00:00,953.6528414940145
2024-04-16 14:30:00+00:00,948.4862934869989
2024-04-16 15:30:00+00:00,935.7184451258894
2024-04-16 16:30:00+00:00,941.6563694776399
2024-04-16 17:30:00+00:00,956.3067057338793
2024-04-16 18:30:00+00:00,952.5733010891034
2024-04-16 19:30:00+00:00,953.6195223396611
2024-04-16 20:00:00+00:00,956.5378320211718
2024-04-16 21:00:00+00:00,951.4224348962388
2024-04-16 22:00:00+00:00,959.6137429183274
2024-04-16 23:00:00+00:00,945.7806280140583
2024-04-17 08:00:00+00:00,943.4245704428245
2024-04-17 09:00:00+00:00,954.4614745286384
2024-04-17 10:00:00+00:00,951.3579645052826
2024-04-17 11:00:00+00:00,952.725109088169
2024-04-17 12:00:00+00:00,951.3899846189264
2024-04-17 13:00:00+00:00,971.184423585803
2024-04-17 13:30:00+00:00,975.0582980585947
2024-04-17 14:30:00+00:00,974.6361668165441
2024-04-17 15:30:00+00:00,983.823767774363
2024-04-17 16:30:00+00:00,977.7770322822333
2024-04-17 17:30:00+00:00,983.8888499442916
2024-04-17 18:30:00+00:00,983.5378177249235
2024-04-17 19:30:00+00:00,964.4834060176037
2024-04-17 20:00:00+00:00,965.667359683589
2024-04-17 21:00:00+00:00,958.812133588918
2024-04-17 22:00:00+00:00,974.7577912968296
2024-04-17 23:00:00+00:00,970.5429794362309
2024-04-18 08:00:00+00:00,963.0775292484442
2024-04-18 09:00:00+00:00,962.3124662719968
2024-04-18 10:00:00+00:00,973.9681024138409
2024-04-18 11:00:00+00:00,974.7637132031052
2024-04-18 12:00:00+00:00,983.5398716198906
2024-04-18 13:00:00+00:00,983.318607764088
2024-04-18 13:30:00+00:00,981.4028933492314
2024-04-18 14:30:00+00:00,984.5762692196508
2024-04-18 15:30:00+00:00,982.4580461361307
2024-04-18 16:30:00+00:00,981.0027820031446
2024-04-18 17:30:00+00:00,983.455249227425
2024-04-18 18:30:00+00:00,972.2993201531084
2024-04-18 19:30:00+00:00,973.3963028934817
2024-04-18 20:00:00+00:00,976.5940019247666
2024-04-18 21:00:00+00:00,967.2927923052316
2024-04-18 22:00:00+00:00,961.6330900676234
2024-04-18 23:00:00+00:00,978.738827409178
2024-04-19 08:00:00+00:00,980.6214455306992
2024-04-19 09:00:00+00:00,974.1648597278034
2024-04-19 10:00:00+00:00,968.0432062972175
2024-04-19 11:00:00+00:00,963.2452041508772
2024-04-19 12:00:00+00:00,966.2950144156621
2024-04-19 13:00:00+00:00,978.8868225992713
2024-04-19 13:30:00+00:00,968.5264061432565
2024-04-19 14:30:00+00:00,968.8594518677409
2024-04-19 15:30:00+00:00,966.2688346439135
2024-04-19 16:30:00+00:00,975.612720046595
2024-04-19 17:30:00+00:00,975.9129948206605
2024-04-19 18:30:00+00:00,980.9026803310328
2024-04-19 19:30:00+00:00,961.7305083052033
2024-04-19 20:00:00+00:00,941.0261848662819
2024-04-19 21:00:00+00:00,947.1659368887935
2024-04-19 22:00:00+00:00,939.4672344814162
2024-04-19 23:00:00+00:00,948.7283101040927
2024-04-22 08:00:00+00:00,934.5482793887162
2024-04-22 09:00:00+00:00,927.2365200775837
2024-04-22 10:00:00+00:00,938.1374029215525
2024-04-22 11:00:00+00:00,933.4135265832494
2024-04-22 12:00:00+00:00,930.1057969647251
2024-04-22 13:00:00+00:00,929.891313651998
2024-04-22 13:30:00+00:00,938.2668854880278
2024-04-22 14:30:00+00:00,939.3918082763304
2024-04-22 15:30:00+00:00,936.1834913275591
2024-04-22 16:30:00+00:00,939.2857681834909
2024-04-22 17:30:00+00:00,934.0124187869977
2024-04-22 18:30:00+00:00,938.952963764398
2024-04-22 19:30:00+00:00,934.102711260469
2024-04-22 20:00:00+00:00,921.6324301643109
2024-04-22 21:00:00+00:00,920.1671708287455
2024-04-22 22:00:00+00:00,923.9842210923805
2024-04-22 23:00:00+00:00,922.8719610940201
2024-04-23 08:00:00+00:00,914.3071995675965
2024-04-23 09:00:00+00:00,933.8235001423691
2024-04-23 10:00:00+00:00,945.057377383933
2024-04-23 11:00:00+00:00,947.7070077048614
2024-04-23 12:00:00+00:00,952.4328555982976
2024-04-23 13:00:00+00:00,945.5333105508442
2024-04-23 13:30:00+00:00,958.6347681867484
2024-04-23 14:30:00+00:00,966.5224953803009
2024-04-23 15:30:00+00:00,959.0438712981711
2024-04-23 16:30:00+00:00,945.1528934185125
2024-04-23 17:30:00+00:00,950.138831503051
2024-04-23 18:30:00+00:00,954.0526609021307
2024-04-23 19:30:00+00:00,941.7468656816175
2024-04-23 20:00:00+00:00,944.0103586186514
2024-04-23 21:00:00+00:00,941.5695930636161
2024-04-23 22:00:00+00:00,940.379021849002
2024-04-23 23:00:00+00:00,935.2777662270549
2024-04-24 08:00:00+00:00,934.3832740538112
2024-04-24 09:00:00+00:00,935.4668296550389
2024-04-24 10:00:00+00:00,923.6564622701533
2024-04-24 11:00:00+00:00,913.6974270557384
2024-04-24 12:00:00+00:00,929.5319356262822
2024-04-24 13:00:00+00:00,937.4168967473324
2024-04-24 13:30:00+00:00,934.059565129305
2024-04-24 14:30:00+00:00,942.8060021596239
2024-04-24 15:30:00+00:00,936.6656511370793
2024-04-24 16:30:00+00:00,918.8108193784931
2024-04-24 17:30:00+00:00,928.7440962549512
2024-04-24 18:30:00+00:00,946.2459450263535
2024-04-24 19:30:00+00:00,942.6032104024555
2024-04-24 20:00:00+00:00,945.7013213330938
2024-04-24 21:00:00+00:00,945.4711726432391
2024-04-24 22:00:00+00:00,944.640973480112
2024-04-24 23:00:00+00:00,958.9008487061426
2024-04-25 08:00:00+00:00,955.1309869715294
2024-04-25 09:00:00+00:00,967.642410449576
2024-04-25 10:00:00+00:00,970.3789586488966
2024-04-25 11:00:00+00:00,990.4186462072485
2024-04-25 12:00:00+00:00,997.6125408010466
2024-04-25 13:00:00+00:00,1005.9789700936477
2024-04-25 13:30:00+00:00,998.0762722066013
2024-04-25 14:30:00+00:00,1010.0846913602315
2024-04-25 15:30:00+00:00,1001.0344624593928
2024-04-25 16:30:00+00:00,1008.0026688918658
2024-04-25 17:30:00+00:00,1010.5305935094071
2024-04-25 18:30:00+00:00,1017.0919933126714
2024-04-25 19:30:00+00:00,1021.3764386239226
2024-04-25 20:00:00+00:00,1019.5789345856666
2024-04-25 21:00:00+00:00,1013.1313178195165
2024-04-25 22:00:00+00:00,1001.7037994119142
2024-04-25 23:00:00+00:00,1024.748292176354
2024-04-26 08:00:00+00:00,1028.5032826785468
2024-04-26 09:00:00+00:00,1030.7117124351391
2024-04-26 10:00:00+00:00,1042.4247547913453
2024-04-26 11:00:00+00:00,1055.3595068255509
2024-04-26 12:00:00+00:00,1056.877641149435
2024-04-26 13:00:00+00:00,1050.3747945940513
2024-04-26 13:30:00+00:00,1054.5419373754366
2024-04-26 14:30:00+00:00,1053.6664118971776
2024-04-26 15:30:00+00:00,1051.6127687485784
2024-04-26 16:30:00+00:00,1063.1712654312653
2024-04-26 17:30:00+00:00,1055.638854567446
2024-04-26 18:30:00+00:00,1063.3430737762062
2024-04-26 19:30:00+00:00,1062.2984659752906
2024-04-26 20:00:00+00:00,1068.9998334123984
2024-04-26 21:00:00+00:00,1055.0186375028993
2024-04-26 22:00:00+00:00,1059.1408906605595
2024-04-26 23:00:00+00:00,1049.5921597021447
2024-04-29 08:00:00+00:00,1048.621551743381
2024-04-29 09:00:00+00:00,1040.025238343484
2024-04-29 10:00:00+00:00,1046.634490933902
2024-04-29 11:00:00+00:00,1056.1768767311548
2024-04-29 12:00:00+00:00,1041.414558575646
2024-04-29 13:00:00+00:00,1026.542687620049
2024-04-29 13:30:00+00:00,1028.3271660118476
2024-04-29 14:30:00+00:00,1032.8634718874487
2024-04-29 15:30:00+00:00,1042.6657938939452
2024-04-29 16:30:00+00:00,1038.9050892228195
2024-04-29 17:30:00+00:00,1021.2840356107778
2024-04-29 18:30:00+00:00,1018.956089272137
2024-04-29 19:30:00+00:00,1019.8577445938256
2024-04-29 20:00:00+00:00,1005.335357292543
2024-04-29 21:00:00+00:00,1000.3655107351078
2024-04-29 22:00:00+00:00,1009.377558626185
2024-04-29 23:00:00+00:00,1007.8753461982114
2024-04-30 08:00:00+00:00,1012.9993059823556
2024-04-30 09:00:00+00:00,1018.4475742557629
2024-04-30 10:00:00+00:00,1013.6899700730187
2024-04-30 11:00:00+00:00,1020.4101166546587
2024-04-30 12:00:00+00:00,1017.9131414660774
2024-04-30 13:00:00+00:00,1009.5717119341837
2024-04-30 13:30:00+00:00,1012.4279373268728
2024-04-30 14:30:00+00:00,1006.8873554965511
2024-04-30 15:30:00+00:00,1005.0460878558845
2024-04-30 16:30:00+00:00,995.7068097979771
2024-04-30 17:30:00+00:00,984.9208912824979
2024-04-30 18:30:00+00:00,998.7560374055556
2024-04-30 19:30:00+00:00,1001.5953155492315
2024-04-30 20:00:00+00:00,991.4744743718811
2024-04-30 21:00:00+00:00,1001.5587553140144
2024-04-30 22:00:00+00:00,1006.1507549710788
2024-04-30 23:00:00+00:00,1004.151409022224
2024-05-01 08:00:00+00:00,1006.1317950200461
2024-05-01 09:00:00+00:00,1021.8557921220178
2024-05-01 10:00:00+00:00,1003.0678652362931
2024-05-01 11:00:00+00:00,995.4240917611871
2024-05-01 12:00:00+00:00,1002.2166775184899
2024-05-01 13:00:00+00:00,1004.9991599516521
2024-05-01 13:30:00+00:00,1004.9174362538176
2024-05-01 14:30:00+00:00,1007.7945746723595
2024-05-01 15:30:00+00:00,1004.220603031786
2024-05-01 16:30:00+00:00,1001.4596242418314
2024-05-01 17:30:00+00:00,1010.0258515211833
2024-05-01 18:30:00+00:00,1000.8805206504189
2024-05-01 19:30:00+00:00,1022.3449872540548
2024-05-01 20:00:00+00:00,1008.7964355873795
2024-05-01 21:00:00+00:00,1020.4276241153466
2024-05-01 22:00:00+00:00,1009.3323643990578
2024-05-01 23:00:00+00:00,1022.0608118776073
2024-05-02 08:00:00+00:00,1037.1565870939905
2024-05-02 09:00:00+00:00,1037.500221088741
2024-05-02 10:00:00+00:00,1033.8238962470507
2024-05-02 11:00:00+00:00,1029.013431232237
2024-05-02 12:00:00+00:00,1048.049600477349
2024-05-02 13:00:00+00:00,1042.9919622242253
2024-05-02 13:30:00+00:00,1033.0932969342384
2024-05-02 14:30:00+00:00,1041.0963507361046
2024-05-02 15:30:00+00:00,1045.3532397908216
2024-05-02 16:30:00+00:00,1045.1683152642727
2024-05-02 17:30:00+00:00,1050.4301682277096
2024-05-02 18:30:00+00:00,1058.5574125379594
2024-05-02 19:30:00+00:00,1044.208638198522
2024-05-02 20:00:00+00:00,1039.0444063370403
2024-05-02 21:00:00+00:00,1056.4782481910377
2024-05-02 22:00:00+00:00,1072.4410281066089
2024-05-02 23:00:00+00:00,1070.2855005339165
2024-05-03 08:00:00+00:00,1073.1876320163424
2024-05-03 09:00:00+00:00,1072.0255643667704
2024-05-03 10:00:00+00:00,1070.2040824343683
2024-05-03 11:00:00+00:00,1058.169984342115
2024-05-03 12:00:00+00:00,1057.2923983195647
2024-05-03 13:00:00+00:00,1068.333847184946
2024-05-03 13:30:00+00:00,1062.653151103629
2024-05-03 14:30:00+00:00,1064.8253990634141
2024-05-03 15:30:00+00:00,1058.6287603324947
2024-05-03 16:30:00+00:00,1036.3205790975558
2024-05-03 17:30:00+00:00,1029.4821340990547
2024-05-03 18:30:00+00:00,1037.8789562054635
2024-05-03 19:30:00+00:00,1050.2666238924478
2024-05-03 20:00:00+00:00,1050.3628553365802
2024-05-03 21:00:00+00:00,1059.1761276936659
2024-05-03 22:00:00+00:00,1067.992958249489
2024-05-03 23:00:00+00:00,1074.2546858478352
2024-05-06 08:00:00+00:00,1069.6292597871761
2024-05-06 09:00:00+00:00,1045.3018450078941
2024-05-06 10:00:00+00:00,1048.4554044043182
2024-05-06 11:00:00+00:00,1049.6029139679874
2024-05-06 12:00:00+00:00,1049.51039518772
2024-05-06 13:00:00+00:00,1036.2764055429247
2024-05-06 13:30:00+00:00,1042.3507893700512
2024-05-06 14:30:00+00:00,1044.0809676197348
2024-05-06 15:30:00+00:00,1052.6963006808637
2024-05-06 16:30:00+00:00,1041.6845854632322
2024-05-06 17:30:00+00:00,1033.4589218619174
2024-05-06 18:30:00+00:00,1044.787054735766
2024-05-06 19:30:00+00:00,1036.3545091024696
2024-05-06 20:00:00+00:00,1026.1078308751057
2024-05-06 21:00:00+00:00,1034.891404094929
2024-05-06 22:00:00+00:00,1029.3244283708425
2024-05-06 23:00:00+00:00,1031.8014721285356
2024-05-07 08:00:00+00:00,1035.9080394369594
2024-05-07 09:00:00+00:00,1032.1759545068294
2024-05-07 10:00:00+00:00,1045.7594701633702
2024-05-07 11:00:00+00:00,1039.4319187899307
2024-05-07 12:00:00+00:00,1052.6884763914593
2024-05-07 13:00:00+00:00,1048.268565597649
2024-05-07 13:30:00+00:00,1059.4675790450656
2024-05-07 14:30:00+00:00,1047.495223759095
2024-05-07 15:30:00+00:00,1044.8235932481784
2024-05-07 16:30:00+00:00,1016.3703904063067
2024-05-07 17:30:00+00:00,999.7793756594943
2024-05-07 18:30:00+00:00,998.6986209852304
2024-05-07 19:30:00+00:00,1019.0797324840886
2024-05-07 20:00:00+00:00,1010.4836578575006
2024-05-07 21:00:00+00:00,1016.292110334559
2024-05-07 22:00:00+00:00,984.6760430374216
2024-05-07 23:00:00+00:00,986.9920107219441
2024-05-08 08:00:00+00:00,991.279139843855
2024-05-08 09:00:00+00:00,996.3192093269743
2024-05-08 10:00:00+00:00,987.2705555089989
2024-05-08 11:00:00+00:00,994.6974571265965
2024-05-08 12:00:00+00:00,994.6089203879684
2024-05-08 13:00:00+00:00,978.0379246867159
2024-05-08 13:30:00+00:00,979.8192193905109
2024-05-08 14:30:00+00:00,962.311632037351
2024-05-08 15:30:00+00:00,962.3509547328837
2024-05-08 16:30:00+00:00,949.4090062199477
2024-05-08 17:30:00+00:00,955.9003154800679
2024-05-08 18:30:00+00:00,974.5410330294262
2024-05-08 19:30:00+00:00,969.7582264417981
2024-05-08 20:00:00+00:00,969.4981518948357
2024-05-08 21:00:00+00:00,963.3053145925234
2024-05-08 22:00:00+00:00,967.3584728886284
2024-05-08 23:00:00+00:00,973.5071438907303
2024-05-09 08:00:00+00:00,981.0428612686424
2024-05-09 09:00:00+00:00,980.8430652050795
2024-05-09 10:00:00+00:00,981.3381236837397
2024-05-09 11:00:00+00:00,966.974462440554
2024-05-09 12:00:00+00:00,971.8098265788954
2024-05-09 13:00:00+00:00,971.3959791034249
2024-05-09 13:30:00+00:00,958.2525129524438
2024-05-09 14:30:00+00:00,936.2197899211023
2024-05-09 15:30:00+00:00,936.0954157928554
2024-05-09 16:30:00+00:00,941.7474317771422
2024-05-09 17:30:00+00:00,962.4092367161057
2024-05-09 18:30:00+00:00,956.8518545543621
2024-05-09 19:30:00+00:00,954.9950571074027
2024-05-09 20:00:00+00:00,964.8508821482086
2024-05-09 21:00:00+00:00,972.3209681321916
2024-05-09 22:00:00+00:00,977.8577605970097
2024-05-09 23:00:00+00:00,986.801293615799
2024-05-10 08:00:00+00:00,976.616728931621
2024-05-10 09:00:00+00:00,969.4045826679032
2024-05-10 10:00:00+00:00,961.6659697173632
2024-05-10 11:00:00+00:00,956.027666469045
2024-05-10 12:00:00+00:00,944.0908590716909
2024-05-10 13:00:00+00:00,941.2110092843487
2024-05-10 13:30:00+00:00,931.9663210065064
2024-05-10 14:30:00+00:00,922.6155327097335
2024-05-10 15:30:00+00:00,922.0019483841178
2024-05-10 16:30:00+00:00,910.992096642907
2024-05-10 17:30:00+00:00,915.6093108674559
2024-05-10 18:30:00+00:00,918.8383471036575
2024-05-10 19:30:00+00:00,919.3025664908624
2024-05-10 20:00:00+00:00,924.5201871926728
2024-05-10 21:00:00+00:00,927.299358604536
2024-05-10 22:00:00+00:00,916.7215006708104
2024-05-10 23:00:00+00:00,910.6585466036352
2024-05-13 08:00:00+00:00,909.1219333341617
2024-05-13 09:00:00+00:00,903.2654058869134
2024-05-13 10:00:00+00:00,896.1271090473397
2024-05-13 11:00:00+00:00,879.4157271011289
2024-05-13 12:00:00+00:00,874.2734260851389
2024-05-13 13:00:00+00:00,875.0444378883917
2024-05-13 13:30:00+00:00,861.6479372574179
2024-05-13 14:30:00+00:00,862.183921197138
2024-05-13 15:30:00+00:00,863.8933785001484
2024-05-13 16:30:00+00:00,861.1530123199368
2024-05-13 17:30:00+00:00,866.0323546708544
2024-05-13 18:30:00+00:00,866.9761139381754
2024-05-13 19:30:00+00:00,870.6547780022288
2024-05-13 20:00:00+00:00,872.442389137196
2024-05-13 21:00:00+00:00,858.6793083645474
2024-05-13 22:00:00+00:00,857.061481777684
2024-05-13 23:00:00+00:00,870.4384068222913
2024-05-14 08:00:00+00:00,873.0340890107318
2024-05-14 09:00:00+00:00,864.6349781629101
2024-05-14 10:00:00+00:00,842.6873323435229
2024-05-14 11:00:00+00:00,836.981801567357
2024-05-14 12:00:00+00:00,833.2804761019602
2024-05-14 13:00:00+00:00,842.6040395996466
2024-05-14 13:30:00+00:00,840.1556912867013
2024-05-14 14:30:00+00:00,849.4891390929205
2024-05-14 15:30:00+00:00,834.9174383977924
2024-05-14 16:30:00+00:00,823.8970796516965
2024-05-14 17:30:00+00:00,818.3714866818075
2024-05-14 18:30:00+00:00,813.0824290735497
2024-05-14 19:30:00+00:00,822.3213361759578
2024-05-14 20:00:00+00:00,820.5390573646956
2024-05-14 21:00:00+00:00,815.4508654183301
2024-05-14 22:00:00+00:00,813.5287196291625
2024-05-14 23:00:00+00:00,810.772746335116
2024-05-15 08:00:00+00:00,801.8052946612329
2024-05-15 09:00:00+00:00,795.4505690003073
2024-05-15 10:00:00+00:00,793.1400562028886
2024-05-15 11:00:00+00:00,789.2939477644833
2024-05-15 12:00:00+00:00,787.0025322699853
2024-05-15 13:00:00+00:00,792.7427093105496
2024-05-15 13:30:00+00:00,801.2806268550203
2024-05-15 14:30:00+00:00,784.9278174922674
2024-05-15 15:30:00+00:00,790.4754266308465
2024-05-15 16:30:00+00:00,764.2410741398357
2024-05-15 17:30:00+00:00,762.3198124115299
2024-05-15 18:30:00+00:00,768.5875105994437
2024-05-15 19:30:00+00:00,764.0860722629249
2024-05-15 20:00:00+00:00,782.545766679798
2024-05-15 21:00:00+00:00,771.2378142709327
2024-05-15 22:00:00+00:00,776.081651806706
2024-05-15 23:00:00+00:00,773.4994259069906
2024-05-16 08:00:00+00:00,775.9125330131633
2024-05-16 09:00:00+00:00,782.1610482944835
2024-05-16 10:00:00+00:00,780.989798160191
2024-05-16 11:00:00+00:00,780.7096172483723
2024-05-16 12:00:00+00:00,769.1642438168337
2024-05-16 13:00:00+00:00,769.3721808557491
2024-05-16 13:30:00+00:00,780.4854504294806
2024-05-16 14:30:00+00:00,766.1959991935162
2024-05-16 15:30:00+00:00,774.4907822604779
2024-05-16 16:30:00+00:00,782.7608555576705
2024-05-16 17:30:00+00:00,767.9713316717947
2024-05-16 18:30:00+00:00,777.4561232361395
2024-05-16 19:30:00+00:00,766.350010633796
2024-05-16 20:00:00+00:00,754.957146148029
2024-05-16 21:00:00+00:00,764.2880538474351
2024-05-16 22:00:00+00:00,767.440026238555
2024-05-16 23:00:00+00:00,766.1081009236287
2024-05-17 08:00:00+00:00,772.7738770939746
2024-05-17 09:00:00+00:00,778.9903582250523
2024-05-17 10:00:00+00:00,793.0290133499215
2024-05-17 11:00:00+00:00,803.9410698981933
2024-05-17 12:00:00+00:00,799.8965029334145
2024-05-17 13:00:00+00:00,798.2722980324812
2024-05-17 13:30:00+00:00,802.0595963687424
2024-05-17 14:30:00+00:00,788.0838476969905
2024-05-17 15:30:00+00:00,783.5020235927476
2024-05-17 16:30:00+00:00,792.9414510954116
2024-05-17 17:30:00+00:00,804.9076751674099
2024-05-17 18:30:00+00:00,812.140227986445
2024-05-17 19:30:00+00:00,817.05899267382
2024-05-17 20:00:00+00:00,809.3026334249188
2024-05-17 21:00:00+00:00,801.8775950930037
2024-05-17 22:00:00+00:00,801.6090062411963
2024-05-17 23:00:00+00:00,793.0140797959631
2024-05-20 08:00:00+00:00,795.7536239769365
2024-05-20 09:00:00+00:00,794.1077261932668
2024-05-20 10:00:00+00:00,777.2662079924456
2024-05-20 11:00:00+00:00,792.7123946952885
2024-05-20 12:00:00+00:00,790.4711703652596
2024-05-20 13:00:00+00:00,793.4937610478446
2024-05-20 13:30:00+00:00,789.4174602327898
2024-05-20 14:30:00+00:00,789.3607766429103
2024-05-20 15:30:00+00:00,794.1557878337906
2024-05-20 16:30:00+00:00,806.4176876124574
2024-05-20 17:30:00+00:00,816.5203594340917
2024-05-20 18:30:00+00:00,817.9607085035703
2024-05-20 19:30:00+00:00,823.1358428655163
2024-05-20 20:00:00+00:00,829.7641996466249
2024-05-20 21:00:00+00:00,823.6450819280376
2024-05-20 22:00:00+00:00,830.4414179543181
2024-05-20 23:00:00+00:00,831.6019861359374
2024-05-21 08:00:00+00:00,843.2785039392587
2024-05-21 09:00:00+00:00,827.6516379873875
2024-05-21 10:00:00+00:00,828.0791943178789
2024-05-21 11:00:00+00:00,837.2268547709474
2024-05-21 12:00:00+00:00,848.0338387495674
2024-05-21 13:00:00+00:00,863.0427897144339
2024-05-21 13:30:00+00:00,867.1039214070777
2024-05-21 14:30:00+00:00,863.9266571511693
2024-05-21 15:30:00+00:00,846.9435765522247
2024-05-21 16:30:00+00:00,851.4677864127366
2024-05-21 17:30:00+00:00,855.6919647660329
2024-05-21 18:30:00+00:00,871.7049927137315
2024-05-21 19:30:00+00:00,877.7500353162254
2024-05-21 20:00:00+00:00,881.6598876041003
2024-05-21 21:00:00+00:00,873.411277036427
2024-05-21 22:00:00+00:00,885.8229914524085
2024-05-21 23:00:00+00:00,870.1123786396488
2024-05-22 08:00:00+00:00,872.1947417946126
2024-05-22 09:00:00+00:00,861.1986589722799
2024-05-22 10:00:00+00:00,860.2786453062314
2024-05-22 11:00:00+00:00,877.4372248625631
2024-05-22 12:00:00+00:00,875.1929576944322
2024-05-22 13:00:00+00:00,877.2536135376972
2024-05-22 13:30:00+00:00,876.6661154910641
2024-05-22 14:30:00+00:00,862.0769127674054
2024-05-22 15:30:00+00:00,848.8784124109295
2024-05-22 16:30:00+00:00,846.1838053174253
2024-05-22 17:30:00+00:00,824.5470056905809
2024-05-22 18:30:00+00:00,835.3111565645257
2024-05-22 19:30:00+00:00,846.0117801341279
2024-05-22 20:00:00+00:00,843.2254661653565
2024-05-22 21:00:00+00:00,826.4520959807049
2024-05-22 22:00:00+00:00,816.8002503958946
2024-05-22 23:00:00+00:00,810.0718104446947
2024-05-23 08:00:00+00:00,812.8842665708921
2024-05-23 09:00:00+00:00,797.8069446015942
2024-05-23 10:00:00+00:00,798.8367277790034
2024-05-23 11:00:00+00:00,804.2592858049101
2024-05-23 12:00:00+00:00,808.6859057342749
2024-05-23 13:00:00+00:00,795.0789083160473
2024-05-23 13:30:00+00:00,781.065793060961
2024-05-23 14:30:00+00:00,787.0699094135371
2024-05-23 15:30:00+00:00,806.9369785313937
2024-05-23 16:30:00+00:00,801.8724079894022
2024-05-23 17:30:00+00:00,799.3113992123524
2024-05-23 18:30:00+00:00,804.7102482624749
2024-05-23 19:30:00+00:00,797.9038406022935
2024-05-23 20:00:00+00:00,806.9506928295234
2024-05-23 21:00:00+00:00,793.2100116910296
2024-05-23 22:00:00+00:00,787.2927464137474
2024-05-23 23:00:00+00:00,794.9446028333747
2024-05-24 08:00:00+00:00,788.3482790351663
2024-05-24 09:00:00+00:00,785.9194747031505
2024-05-24 10:00:00+00:00,787.2984412146631
2024-05-24 11:00:00+00:00,784.2049712056629
2024-05-24 12:00:00+00:00,787.1396057439513
2024-05-24 13:00:00+00:00,768.6086975099543
2024-05-24 13:30:00+00:00,770.3744303611898
2024-05-24 14:30:00+00:00,770.0706388981093
2024-05-24 15:30:00+00:00,762.9192988710836
2024-05-24 16:30:00+00:00,754.4637632489619
2024-05-24 17:30:00+00:00,754.2690472000653
2024-05-24 18:30:00+00:00,758.9571553211808
2024-05-24 19:30:00+00:00,748.1478726310196
2024-05-24 20:00:00+00:00,746.7345062968747
2024-05-24 21:00:00+00:00,745.4427796203331
2024-05-24 22:00:00+00:00,738.3407112299737
2024-05-24 23:00:00+00:00,738.700060931551
2024-05-28 08:00:00+00:00,736.58585634427
2024-05-28 09:00:00+00:00,733.1425049856657
2024-05-28 10:00:00+00:00,735.7629515787382
2024-05-28 11:00:00+00:00,733.5982505334828
2024-05-28 12:00:00+00:00,735.4160303334453
2024-05-28 13:00:00+00:00,734.8527150563824
2024-05-28 13:30:00+00:00,740.7085536877444
2024-05-28 14:30:00+00:00,733.8294712706976
2024-05-28 15:30:00+00:00,742.4908889701336
2024-05-28 16:30:00+00:00,744.8812237507456
2024-05-28 17:30:00+00:00,745.8863870192163
2024-05-28 18:30:00+00:00,751.2106295461241
2024-05-28 19:30:00+00:00,756.0812519414261
2024-05-28 20:00:00+00:00,759.0844453701193
2024-05-28 21:00:00+00:00,747.7227103230056
2024-05-28 22:00:00+00:00,750.2162386402135
2024-05-28 23:00:00+00:00,740.8415897103943
2024-05-29 08:00:00+00:00,736.0721409371578
2024-05-29 09:00:00+00:00,731.0437466265389
2024-05-29 10:00:00+00:00,731.566551278335
2024-05-29 11:00:00+00:00,721.7660490263389
2024-05-29 12:00:00+00:00,710.106969705713
2024-05-29 13:00:00+00:00,709.9487604753875
2024-05-29 13:30:00+00:00,711.6549813446966
2024-05-29 14:30:00+00:00,704.4271194136514
2024-05-29 15:30:00+00:00,705.1890342155399
2024-05-29 16:30:00+00:00,701.3778031183737
2024-05-29 17:30:00+00:00,702.1507414912827
2024-05-29 18:30:00+00:00,704.160886166702
2024-05-29 19:30:00+00:00,705.762469116508
2024-05-29 20:00:00+00:00,713.6443470290752
2024-05-29 21:00:00+00:00,716.8403697934147
2024-05-29 22:00:00+00:00,729.0417860817519
2024-05-29 23:00:00+00:00,724.5800247550578
2024-05-30 08:00:00+00:00,727.2505406605167
2024-05-30 09:00:00+00:00,725.7626063099233
2024-05-30 10:00:00+00:00,725.0031455914368
2024-05-30 11:00:00+00:00,718.8617214586168
2024-05-30 12:00:00+00:00,706.1932872829423
2024-05-30 13:00:00+00:00,702.7983962743448
2024-05-30 13:30:00+00:00,702.4420913824871
2024-05-30 14:30:00+00:00,701.0488459849622
2024-05-30 15:30:00+00:00,696.7955939733951
2024-05-30 16:30:00+00:00,696.1328749465388
2024-05-30 17:30:00+00:00,694.9748464092263
2024-05-30 18:30:00+00:00,690.6475728039212
2024-05-30 19:30:00+00:00,697.6485083245207
2024-05-30 20:00:00+00:00,698.6137873109833
2024-05-30 21:00:00+00:00,699.1774444154438
2024-05-30 22:00:00+00:00,686.9412582320144
2024-05-30 23:00:00+00:00,683.783375627335
2024-05-31 08:00:00+00:00,684.8610256284034
2024-05-31 09:00:00+00:00,682.9524013448951
2024-05-31 10:00:00+00:00,680.2635257651816
2024-05-31 11:00:00+00:00,681.3783270585851
2024-05-31 12:00:00+00:00,676.795257703956
2024-05-31 13:00:00+00:00,678.1035803111083
2024-05-31 13:30:00+00:00,685.2372237426564
2024-05-31 14:30:00+00:00,680.3100238740277
2024-05-31 15:30:00+00:00,675.642640596613
2024-05-31 16:30:00+00:00,675.0959401723942
2024-05-31 17:30:00+00:00,666.3030994907216
2024-05-31 18:30:00+00:00,660.7315677470535
2024-05-31 19:30:00+00:00,653.4898826221824
2024-05-31 20:00:00+00:00,643.2362239008885
2024-05-31 21:00:00+00:00,653.7026019365456
2024-05-31 22:00:00+00:00,651.7829780062372
2024-05-31 23:00:00+00:00,654.4638070996596
2024-06-03 08:00:00+00:00,651.1894179989329
2024-06-03 09:00:00+00:00,665.1440895267547
2024-06-03 10:00:00+00:00,670.5381719836176
2024-06-03 11:00:00+00:00,669.6200929241169
2024-06-03 12:00:00+00:00,671.5249590844779
2024-06-03 13:00:00+00:00,676.1925968033695
2024-06-03 13:30:00+00:00,675.5308984678942
2024-06-03 14:30:00+00:00,666.244078021473
2024-06-03 15:30:00+00:00,658.6960180660185
2024-06-03 16:30:00+00:00,661.9408539552911
2024-06-03 17:30:00+00:00,653.0207365108183
2024-06-03 18:30:00+00:00,655.0087554815669
2024-06-03 19:30:00+00:00,652.3168325523229
2024-06-03 20:00:00+00:00,664.1646462692795
2024-06-03 21:00:00+00:00,660.7237776285864
2024-06-03 22:00:00+00:00,655.0443114356043
2024-06-03 23:00:00+00:00,653.2684338005296
2024-06-04 08:00:00+00:00,651.4231157853949
2024-06-04 09:00:00+00:00,652.1117531876195
2024-06-04 10:00:00+00:00,653.2557383346042
2024-06-04 11:00:00+00:00,657.1293551796803
2024-06-04 12:00:00+00:00,647.2745816603325
2024-06-04 13:00:00+00:00,652.4864226354402
2024-06-04 13:30:00+00:00,650.9007312152247
2024-06-04 14:30:00+00:00,646.3857997700973
2024-06-04 15:30:00+00:00,634.5916703294713
2024-06-04 16:30:00+00:00,630.7535220694215
2024-06-04 17:30:00+00:00,629.4993952426405
2024-06-04 18:30:00+00:00,623.85820291838
2024-06-04 19:30:00+00:00,625.9456309664353
2024-06-04 20:00:00+00:00,619.9188241060573
2024-06-04 21:00:00+00:00,616.1298086710007
2024-06-04 22:00:00+00:00,618.4845034154902
2024-06-04 23:00:00+00:00,614.7144755348406
2024-06-05 08:00:00+00:00,606.6015248898791
2024-06-05 09:00:00+00:00,606.2937517071333
2024-06-05 10:00:00+00:00,597.2074518347741
2024-06-05 11:00:00+00:00,607.3574995939842
2024-06-05 12:00:00+00:00,614.9893785806519
2024-06-05 13:00:00+00:00,610.435344287754
2024-06-05 13:30:00+00:00,610.7300061232522
2024-06-05 14:30:00+00:00,615.0756834988752
2024-06-05 15:30:00+00:00,626.554706875984
2024-06-05 16:30:00+00:00,630.0082794695942
2024-06-05 17:30:00+00:00,627.6544739412776
2024-06-05 18:30:00+00:00,622.932595723482
2024-06-05 19:30:00+00:00,626.7896099076096
2024-06-05 20:00:00+00:00,630.0519411462955
2024-06-05 21:00:00+00:00,627.2893513638562
2024-06-05 22:00:00+00:00,618.5747971266937
2024-06-05 23:00:00+00:00,626.6855005638101
2024-06-06 08:00:00+00:00,621.9590321201969
2024-06-06 09:00:00+00:00,625.6130076937612
2024-06-06 10:00:00+00:00,627.5940040211832
2024-06-06 11:00:00+00:00,624.0932929048153
2024-06-06 12:00:00+00:00,621.4312651754833
2024-06-06 13:00:00+00:00,615.0507426261304
2024-06-06 13:30:00+00:00,619.8830537554721
2024-06-06 14:30:00+00:00,624.3096184128885
2024-06-06 15:30:00+00:00,626.4464551110569
2024-06-06 16:30:00+00:00,627.3190446714983
2024-06-06 17:30:00+00:00,621.7183070515241
2024-06-06 18:30:00+00:00,619.9495653172147
2024-06-06 19:30:00+00:00,620.9328053941006
2024-06-06 20:00:00+00:00,615.7682422129552
2024-06-06 21:00:00+00:00,607.627796063462
2024-06-06 22:00:00+00:00,603.16363514112
2024-06-06 23:00:00+00:00,602.0853872335647
2024-06-07 08:00:00+00:00,596.7429446845061
2024-06-07 09:00:00+00:00,601.8877224332819
2024-06-07 10:00:00+00:00,597.2923519655901
2024-06-07 11:00:00+00:00,599.6708723352954
2024-06-07 12:00:00+00:00,603.9239595679961
2024-06-07 13:00:00+00:00,612.5895000176416
2024-06-07 13:30:00+00:00,614.2780413267911
2024-06-07 14:30:00+00:00,611.4747526462309
2024-06-07 15:30:00+00:00,607.9141109167014
2024-06-07 16:30:00+00:00,616.080209732038
2024-06-07 17:30:00+00:00,609.3328741224655
2024-06-07 18:30:00+00:00,612.2337124387155
2024-06-07 19:30:00+00:00,623.2196495704113
2024-06-07 20:00:00+00:00,623.3085795105097
2024-06-07 21:00:00+00:00,626.0063043008128
2024-06-07 22:00:00+00:00,624.382763386417
2024-06-07 23:00:00+00:00,623.9606370515532
2024-06-10 08:00:00+00:00,620.4149654793897
2024-06-10 09:00:00+00:00,621.5592604979865
2024-06-10 10:00:00+00:00,609.3035506286434
2024-06-10 11:00:00+00:00,606.7979213613579
2024-06-10 12:00:00+00:00,610.130948637891
2024-06-10 13:00:00+00:00,617.2602707544654
2024-06-10 13:30:00+00:00,603.8855238298321
2024-06-10 14:30:00+00:00,605.2939047711769
2024-06-10 15:30:00+00:00,596.1370666823715
2024-06-10 16:30:00+00:00,601.3481129379209
2024-06-10 17:30:00+00:00,605.7264750517305
2024-06-10 18:30:00+00:00,604.3923516278617
2024-06-10 19:30:00+00:00,605.4991297279532
2024-06-10 20:00:00+00:00,612.8746480148914
2024-06-10 21:00:00+00:00,607.6903501225286
2024-06-10 22:00:00+00:00,616.1566415684543
2024-06-10 23:00:00+00:00,620.5530509836195
2024-06-11 08:00:00+00:00,617.6743060826285
2024-06-11 09:00:00+00:00,609.623599723966
2024-06-11 10:00:00+00:00,607.1402799470297
2024-06-11 11:00:00+00:00,601.7269878898651
2024-06-11 12:00:00+00:00,609.9819435943504
2024-06-11 13:00:00+00:00,598.4597587782544
2024-06-11 13:30:00+00:00,604.0562494443395
2024-06-11 14:30:00+00:00,610.4268017087999
2024-06-11 15:30:00+00:00,607.7425102537374
2024-06-11 16:30:00+00:00,617.8724582443559
2024-06-11 17:30:00+00:00,606.9169825865073
2024-06-11 18:30:00+00:00,618.7523532118184
2024-06-11 19:30:00+00:00,610.3043018961496
2024-06-11 20:00:00+00:00,602.973923430907
2024-06-11 21:00:00+00:00,607.3232523102791
2024-06-11 22:00:00+00:00,598.0288384031243
2024-06-11 23:00:00+00:00,602.4364283739823
2024-06-12 08:00:00+00:00,601.3843532762518
2024-06-12 09:00:00+00:00,611.6532196151537
2024-06-12 10:00:00+00:00,603.9073336258178
2024-06-12 11:00:00+00:00,602.9665935781342
2024-06-12 12:00:00+00:00,594.7875613800923
2024-06-12 13:00:00+00:00,596.9367502986103
2024-06-12 13:30:00+00:00,600.7448508877459
2024-06-12 14:30:00+00:00,607.8243177957705
2024-06-12 15:30:00+00:00,598.673152477072
2024-06-12 16:30:00+00:00,602.8669808998704
2024-06-12 17:30:00+00:00,596.6490832586859
2024-06-12 18:30:00+00:00,597.5729633841453
2024-06-12 19:30:00+00:00,599.2787330754153
2024-06-12 20:00:00+00:00,597.3531543412937
2024-06-12 21:00:00+00:00,592.6226424780067
2024-06-12 22:00:00+00:00,599.4000765042401
2024-06-12 23:00:00+00:00,606.6647446139141
2024-06-13 08:00:00+00:00,608.406063822464
2024-06-13 09:00:00+00:00,606.5417863554742
2024-06-13 10:00:00+00:00,602.7191017053842
2024-06-13 11:00:00+00:00,600.5965961540484
2024-06-13 12:00:00+00:00,605.0962202233001
2024-06-13 13:00:00+00:00,610.4895232105526
2024-06-13 13:30:00+00:00,611.6255227079031
2024-06-13 14:30:00+00:00,614.1086861773204
2024-06-13 15:30:00+00:00,606.8173515338873
2024-06-13 16:30:00+00:00,593.300695184553
2024-06-13 17:30:00+00:00,587.1570693487016
2024-06-13 18:30:00+00:00,593.5195697069873
2024-06-13 19:30:00+00:00,593.3102461590993
2024-06-13 20:00:00+00:00,599.3674858267226
2024-06-13 21:00:00+00:00,593.8895762506261
2024-06-13 22:00:00+00:00,583.6965948693684
2024-06-13 23:00:00+00:00,579.1894626622776
2024-06-14 08:00:00+00:00,589.3527154245256
2024-06-14 09:00:00+00:00,586.0724309882039
2024-06-14 10:00:00+00:00,588.7825772671754
2024-06-14 11:00:00+00:00,595.1211527599949
2024-06-14 12:00:00+00:00,601.1086182908444
2024-06-14 13:00:00+00:00,596.307319958533
2024-06-14 13:30:00+00:00,603.9062678639518
2024-06-14 14:30:00+00:00,602.7284317647546
2024-06-14 15:30:00+00:00,608.8924714140364
2024-06-14 16:30:00+00:00,605.5500107015158
2024-06-14 17:30:00+00:00,616.3424118952944
2024-06-14 18:30:00+00:00,613.8324153579374
2024-06-14 19:30:00+00:00,615.0638354200745
2024-06-14 20:00:00+00:00,609.7610570919097
2024-06-14 21:00:00+00:00,607.3249052918112
2024-06-14 22:00:00+00:00,611.8554329494472
2024-06-14 23:00:00+00:00,613.658092613583
2024-06-17 08:00:00+00:00,627.3258077232708
2024-06-17 09:00:00+00:00,639.0582037593501
2024-06-17 10:00:00+00:00,633.3291641254225
2024-06-17 11:00:00+00:00,642.6180451063623
2024-06-17 12:00:00+00:00,636.8340483129489
2024-06-17 13:00:00+00:00,636.9789012204232
2024-06-17 13:30:00+00:00,632.3673292745519
2024-06-17 14:30:00+00:00,626.1152790145788
2024-06-17 15:30:00+00:00,622.2318926556171
2024-06-17 16:30:00+00:00,623.5363699010322
2024-06-17 17:30:00+00:00,626.8831530246499
2024-06-17 18:30:00+00:00,634.0233827897324
2024-06-17 19:30:00+00:00,631.060520967367
2024-06-17 20:00:00+00:00,633.8955341537483
2024-06-17 21:00:00+00:00,637.4421395122913
2024-06-17 22:00:00+00:00,646.4803446391708
2024-06-17 23:00:00+00:00,645.1376728547308
2024-06-18 08:00:00+00:00,650.4111939129176
2024-06-18 09:00:00+00:00,644.5169324581046
2024-06-18 10:00:00+00:00,648.9706149347646
2024-06-18 11:00:00+00:00,640.548612353975
2024-06-18 12:00:00+00:00,628.9450241436991
2024-06-18 13:00:00+00:00,631.6376307893994
2024-06-18 13:30:00+00:00,619.5713227795541
2024-06-18 14:30:00+00:00,616.2837370674514
2024-06-18 15:30:00+00:00,613.0491946868895
2024-06-18 16:30:00+00:00,616.1860787558468
2024-06-18 17:30:00+00:00,618.5557693745637
2024-06-18 18:30:00+00:00,613.9268601051024
2024-06-18 19:30:00+00:00,614.1937998863459
2024-06-18 20:00:00+00:00,608.2412193521394
2024-06-18 21:00:00+00:00,614.8213473746296
2024-06-18 22:00:00+00:00,630.0443074204541
2024-06-18 23:00:00+00:00,627.7495112696398
2024-06-20 08:00:00+00:00,623.8525656932901
2024-06-20 09:00:00+00:00,628.6948043472705
2024-06-20 10:00:00+00:00,628.6573643255836
2024-06-20 11:00:00+00:00,619.9102255535823
2024-06-20 12:00:00+00:00,617.599217773724
2024-06-20 13:00:00+00:00,619.5951504102752
2024-06-20 13:30:00+00:00,634.6511236080688
2024-06-20 14:30:00+00:00,630.6892133466715
2024-06-20 15:30:00+00:00,639.0132547318522
2024-06-20 16:30:00+00:00,643.0666815887485
2024-06-20 17:30:00+00:00,654.6291161539522
2024-06-20 18:30:00+00:00,662.958292812137
2024-06-20 19:30:00+00:00,677.3210723029616
2024-06-20 20:00:00+00:00,686.3576409241884
2024-06-20 21:00:00+00:00,699.0299601133081
2024-06-20 22:00:00+00:00,699.187345091032
2024-06-20 23:00:00+00:00,692.4954871706517
2024-06-21 08:00:00+00:00,699.1225853431911
2024-06-21 09:00:00+00:00,699.5588876292896
2024-06-21 10:00:00+00:00,698.4105415031598
2024-06-21 11:00:00+00:00,699.7292607779916
2024-06-21 12:00:00+00:00,700.586314375106
2024-06-21 13:00:00+00:00,705.5470678954953
2024-06-21 13:30:00+00:00,702.5760010366647
2024-06-21 14:30:00+00:00,711.7967624751353
2024-06-21 15:30:00+00:00,706.4808400746236
2024-06-21 16:30:00+00:00,702.1286973444011
2024-06-21 17:30:00+00:00,702.9407982222449
2024-06-21 18:30:00+00:00,690.3979660045674
2024-06-21 19:30:00+00:00,683.6440649838123
2024-06-21 20:00:00+00:00,690.0442792805014
2024-06-21 21:00:00+00:00,692.1561733385425
2024-06-21 22:00:00+00:00,697.5708753299658
2024-06-21 23:00:00+00:00,696.409535646371
2024-06-24 08:00:00+00:00,689.5817276125019
2024-06-24 09:00:00+00:00,686.8250497213845
2024-06-24 10:00:00+00:00,686.7687529167439
2024-06-24 11:00:00+00:00,684.8345151813261
2024-06-24 12:00:00+00:00,674.9213706678908
2024-06-24 13:00:00+00:00,689.8171825267825
2024-06-24 13:30:00+00:00,685.5874561550236
2024-06-24 14:30:00+00:00,673.8593555163487
2024-06-24 15:30:00+00:00,669.9339528893938
2024-06-24 16:30:00+00:00,671.8724664320415
2024-06-24 17:30:00+00:00,668.398326892481
2024-06-24 18:30:00+00:00,667.3873224006353
2024-06-24 19:30:00+00:00,666.2559916656905
2024-06-24 20:00:00+00:00,667.4526008852104
2024-06-24 21:00:00+00:00,655.0945772539625
2024-06-24 22:00:00+00:00,661.2482021808001
2024-06-24 23:00:00+00:00,655.8352535485337
2024-06-25 08:00:00+00:00,661.1599925097969
2024-06-25 09:00:00+00:00,671.7156096753738
2024-06-25 10:00:00+00:00,672.0200062892461
2024-06-25 11:00:00+00:00,675.5533618482597
2024-06-25 12:00:00+00:00,664.2554402461471
2024-06-25 13:00:00+00:00,649.7038005043081
2024-06-25 13:30:00+00:00,652.6226561509301
2024-06-25 14:30:00+00:00,655.3933272262223
2024-06-25 15:30:00+00:00,648.6305816125374
2024-06-25 16:30:00+00:00,662.3377581822493
2024-06-25 17:30:00+00:00,664.4495144055987
2024-06-25 18:30:00+00:00,668.579916954631
2024-06-25 19:30:00+00:00,660.3684461869395
2024-06-25 20:00:00+00:00,661.6608395512953
2024-06-25 21:00:00+00:00,666.6150796968731
2024-06-25 22:00:00+00:00,662.7220911007956
2024-06-25 23:00:00+00:00,666.1685498559353
2024-06-26 08:00:00+00:00,668.4673740740617
2024-06-26 09:00:00+00:00,660.3924226096353
2024-06-26 10:00:00+00:00,660.3734385685694
2024-06-26 11:00:00+00:00,663.3805456542176
2024-06-26 12:00:00+00:00,657.5061035365702
2024-06-26 13:00:00+00:00,655.0567434138408
2024-06-26 13:30:00+00:00,656.3672247351603
2024-06-26 14:30:00+00:00,666.5613144388999
2024-06-26 15:30:00+00:00,661.8327789352602
2024-06-26 16:30:00+00:00,663.1148179656842
2024-06-26 17:30:00+00:00,663.6825738917295
2024-06-26 18:30:00+00:00,671.1575763644903
2024-06-26 19:30:00+00:00,656.5460340462427
2024-06-26 20:00:00+00:00,654.0129121583512
2024-06-26 21:00:00+00:00,657.7989819283265
2024-06-26 22:00:00+00:00,650.151502835394
2024-06-26 23:00:00+00:00,647.5162151739645
2024-06-27 08:00:00+00:00,652.2948153798546
2024-06-27 09:00:00+00:00,651.5783729471694
2024-06-27 10:00:00+00:00,658.7925839744613
2024-06-27 11:00:00+00:00,656.4327312577566
2024-06-27 12:00:00+00:00,647.4581474835215
2024-06-27 13:00:00+00:00,648.4186780980017
2024-06-27 13:30:00+00:00,643.7897686560298
2024-06-27 14:30:00+00:00,657.3640233794655
2024-06-27 15:30:00+00:00,654.8198340593333
2024-06-27 16:30:00+00:00,655.2767800071384
2024-06-27 17:30:00+00:00,651.2225429903577
2024-06-27 18:30:00+00:00,645.6419123538637
2024-06-27 19:30:00+00:00,646.4911203551943
2024-06-27 20:00:00+00:00,654.1959434069735
2024-06-27 21:00:00+00:00,655.5249440967694
2024-06-27 22:00:00+00:00,666.2681687881797
2024-06-27 23:00:00+00:00,665.4995684708969
2024-06-28 08:00:00+00:00,644.043866521598
2024-06-28 09:00:00+00:00,634.2855567020673
2024-06-28 10:00:00+00:00,634.0506130727954
2024-06-28 11:00:00+00:00,639.7415530118503
2024-06-28 12:00:00+00:00,640.7751687064768
2024-06-28 13:00:00+00:00,639.5277775763943
2024-06-28 13:30:00+00:00,644.7785079871333
2024-06-28 14:30:00+00:00,637.1507021155593
2024-06-28 15:30:00+00:00,634.4275564693013
2024-06-28 16:30:00+00:00,627.0979667786233
2024-06-28 17:30:00+00:00,628.3707246396448
2024-06-28 18:30:00+00:00,626.8276440182061
2024-06-28 19:30:00+00:00,623.9900507082831
2024-06-28 20:00:00+00:00,626.9883921089294
2024-06-28 21:00:00+00:00,633.5507896598159
2024-06-28 22:00:00+00:00,630.884534857319
2024-06-28 23:00:00+00:00,637.8689424325361
2024-07-01 08:00:00+00:00,637.9482765621835
2024-07-01 09:00:00+00:00,637.9330837313925
2024-07-01 10:00:00+00:00,633.6901331346766
2024-07-01 11:00:00+00:00,634.324813148026
2024-07-01 12:00:00+00:00,622.7482228619529
2024-07-01 13:00:00+00:00,617.624191088489
2024-07-01 13:30:00+00:00,611.5815663867982
2024-07-01 14:30:00+00:00,608.0032404795501
2024-07-01 15:30:00+00:00,600.5266524142409
2024-07-01 16:30:00+00:00,598.3944262407687
2024-07-01 17:30:00+00:00,603.4934147629106
2024-07-01 18:30:00+00:00,604.1233492429928
2024-07-01 19:30:00+00:00,601.0309092592853
2024-07-01 20:00:00+00:00,604.7277340362558
2024-07-01 21:00:00+00:00,606.2639863446544
2024-07-01 22:00:00+00:00,610.0455808469644
2024-07-01 23:00:00+00:00,607.560853159957
2024-07-02 08:00:00+00:00,603.8331144907374
2024-07-02 09:00:00+00:00,605.6067806540752
2024-07-02 10:00:00+00:00,604.2855034116035
2024-07-02 11:00:00+00:00,609.2271989315991
2024-07-02 12:00:00+00:00,610.3978854507212
2024-07-02 13:00:00+00:00,608.0822658371471
2024-07-02 13:30:00+00:00,619.1181533446398
2024-07-02 14:30:00+00:00,622.6515968499803
2024-07-02 15:30:00+00:00,621.2878629865683
2024-07-02 16:30:00+00:00,627.9810446385139
2024-07-02 17:30:00+00:00,626.0392334263117
2024-07-02 18:30:00+00:00,632.8054154944567
2024-07-02 19:30:00+00:00,623.2712299274336
2024-07-02 20:00:00+00:00,623.1319719222666
2024-07-02 21:00:00+00:00,622.9990803891475
2024-07-02 22:00:00+00:00,623.1096958282467
2024-07-02 23:00:00+00:00,624.9252272667936
2024-07-03 08:00:00+00:00,624.6541296390402
2024-07-03 09:00:00+00:00,628.8364028777349
2024-07-03 10:00:00+00:00,629.4389067105824
2024-07-03 11:00:00+00:00,616.2899412985387
2024-07-03 12:00:00+00:00,621.4987323905129
2024-07-03 13:00:00+00:00,619.2342668273001
2024-07-03 13:30:00+00:00,624.1572171742275
2024-07-03 14:30:00+00:00,625.8434908531707
2024-07-03 15:30:00+00:00,635.8252558010012
2024-07-03 17:00:00+00:00,645.0505130847419
2024-07-03 18:00:00+00:00,643.6808798953371
2024-07-03 19:00:00+00:00,640.1512874761169
2024-07-03 20:00:00+00:00,646.8823094388724
2024-07-05 08:00:00+00:00,650.8113416560325
2024-07-05 09:00:00+00:00,655.2466250049723
2024-07-05 10:00:00+00:00,652.3175556196477
2024-07-05 11:00:00+00:00,646.137963600534
2024-07-05 12:00:00+00:00,634.5422452206661
2024-07-05 13:00:00+00:00,639.0466057615158
2024-07-05 13:30:00+00:00,638.2559873982872
2024-07-05 14:30:00+00:00,637.1424316337805
2024-07-05 15:30:00+00:00,637.4655094200157
2024-07-05 16:30:00+00:00,632.0268106555228
2024-07-05 17:30:00+00:00,632.1490219700895
2024-07-05 18:30:00+00:00,626.3178095176347
2024-07-05 19:30:00+00:00,614.0091702654479
2024-07-05 20:00:00+00:00,616.3504217562078
2024-07-05 21:00:00+00:00,615.870137189027
2024-07-05 22:00:00+00:00,614.5692939552545
2024-07-05 23:00:00+00:00,610.6459506833103
2024-07-08 08:00:00+00:00,606.4379880624185
2024-07-08 09:00:00+00:00,587.8708901337493
2024-07-08 10:00:00+00:00,586.7624107921296
2024-07-08 11:00:00+00:00,593.5156118245302
2024-07-08 12:00:00+00:00,599.6692082838671
2024-07-08 13:00:00+00:00,597.5921932579455
2024-07-08 13:30:00+00:00,606.0537560491942
2024-07-08 14:30:00+00:00,602.1756048749219
2024-07-08 15:30:00+00:00,608.5854945908634
2024-07-08 16:30:00+00:00,607.2140326553965
2024-07-08 17:30:00+00:00,607.8091217982059
2024-07-08 18:30:00+00:00,614.0005298256063
2024-07-08 19:30:00+00:00,620.5675791509188
2024-07-08 20:00:00+00:00,614.9407793305768
2024-07-08 21:00:00+00:00,620.446035618936
2024-07-08 22:00:00+00:00,623.3920697411269
2024-07-08 23:00:00+00:00,627.883026434482
2024-07-09 08:00:00+00:00,626.9072964338944
2024-07-09 09:00:00+00:00,630.5566582897555
2024-07-09 10:00:00+00:00,634.2127861465456
2024-07-09 11:00:00+00:00,629.0470693377549
2024-07-09 12:00:00+00:00,623.7122689975731
2024-07-09 13:00:00+00:00,621.9866544127991
2024-07-09 13:30:00+00:00,629.0050984872611
2024-07-09 14:30:00+00:00,633.9216950246057
2024-07-09 15:30:00+00:00,638.80130311681
2024-07-09 16:30:00+00:00,638.2403919754915
2024-07-09 17:30:00+00:00,639.5421037114536
2024-07-09 18:30:00+00:00,633.413063642589
2024-07-09 19:30:00+00:00,638.7175490951179
2024-07-09 20:00:00+00:00,643.622351438403
2024-07-09 21:00:00+00:00,652.4875779952529
2024-07-09 22:00:00+00:00,642.2321101856455
2024-07-09 23:00:00+00:00,646.3383068668512
2024-07-10 08:00:00+00:00,647.6060310627242
2024-07-10 09:00:00+00:00,636.3136649242556
2024-07-10 10:00:00+00:00,627.7319689315384
2024-07-10 11:00:00+00:00,636.4021079877562
2024-07-10 12:00:00+00:00,651.0741721971706
2024-07-10 13:00:00+00:00,659.0462914537604
2024-07-10 13:30:00+00:00,659.9038295853397
2024-07-10 14:30:00+00:00,662.6482672102213
2024-07-10 15:30:00+00:00,663.8150488271483
2024-07-10 16:30:00+00:00,661.3120277835943
2024-07-10 17:30:00+00:00,672.8005754763819
2024-07-10 18:30:00+00:00,682.2770755254262
2024-07-10 19:30:00+00:00,692.7111881680011
2024-07-10 20:00:00+00:00,688.4995815249314
2024-07-10 21:00:00+00:00,684.5934427548568
2024-07-10 22:00:00+00:00,683.4884267730336
2024-07-10 23:00:00+00:00,681.4068467358013
2024-07-11 08:00:00+00:00,685.6976522486624
2024-07-11 09:00:00+00:00,666.1530810368089
2024-07-11 10:00:00+00:00,660.6413847010074
2024-07-11 11:00:00+00:00,655.0998282825341
2024-07-11 12:00:00+00:00,653.3445037373286
2024-07-11 13:00:00+00:00,644.7171314448487
2024-07-11 13:30:00+00:00,649.016694059717
2024-07-11 14:30:00+00:00,653.5536167605414
2024-07-11 15:30:00+00:00,657.0561041266363
2024-07-11 16:30:00+00:00,653.6441241476908
2024-07-11 17:30:00+00:00,656.4714375793797
2024-07-11 18:30:00+00:00,652.8388828022564
2024-07-11 19:30:00+00:00,644.9333340602795
2024-07-11 20:00:00+00:00,643.5968521939648
2024-07-11 21:00:00+00:00,636.4901905889895
2024-07-11 22:00:00+00:00,636.2536652030739
2024-07-11 23:00:00+00:00,641.8428010511803
2024-07-12 08:00:00+00:00,635.4951977815715
2024-07-12 09:00:00+00:00,640.7854449364668
2024-07-12 10:00:00+00:00,636.676850300267
2024-07-12 11:00:00+00:00,638.651886549468
2024-07-12 12:00:00+00:00,641.261814251509
2024-07-12 13:00:00+00:00,636.0419369665117
2024-07-12 13:30:00+00:00,640.5396607830792
2024-07-12 14:30:00+00:00,641.2037088610872
2024-07-12 15:30:00+00:00,647.0373324116537
2024-07-12 16:30:00+00:00,646.2776693246918
2024-07-12 17:30:00+00:00,648.5949578279711
2024-07-12 18:30:00+00:00,646.4605126571423
2024-07-12 19:30:00+00:00,646.3127229951629
2024-07-12 20:00:00+00:00,645.6318124758749
2024-07-12 21:00:00+00:00,647.5096723663763
2024-07-12 22:00:00+00:00,645.0836155124236
2024-07-12 23:00:00+00:00,652.1179249576159
2024-07-15 09:00:00+00:00,656.4665358898302
2024-07-15 10:00:00+00:00,664.5448571607212
2024-07-15 11:00:00+00:00,663.4168071975084
2024-07-15 12:00:00+00:00,658.7592101936928
2024-07-15 13:00:00+00:00,656.4746224135287
2024-07-15 13:30:00+00:00,676.5736744714812
2024-07-15 14:30:00+00:00,669.3786996391619
2024-07-15 15:30:00+00:00,663.1154157120309
2024-07-15 16:30:00+00:00,673.0214540632805
2024-07-15 17:30:00+00:00,683.6025778144996
2024-07-15 18:30:00+00:00,666.6685623874138
2024-07-15 19:30:00+00:00,683.9118196053422
2024-07-15 20:00:00+00:00,685.5976930998894
2024-07-15 21:00:00+00:00,687.0676501447358
2024-07-15 22:00:00+00:00,688.0695138915038
2024-07-15 23:00:00+00:00,689.8530099201207
2024-07-16 08:00:00+00:00,682.7082835272151
2024-07-16 09:00:00+00:00,684.5654109652598
2024-07-16 10:00:00+00:00,692.6254107612007
2024-07-16 11:00:00+00:00,685.4310090068875
2024-07-16 12:00:00+00:00,689.0589663653616
2024-07-16 13:00:00+00:00,694.2255310860478
2024-07-16 13:30:00+00:00,701.9037925829779
2024-07-16 14:30:00+00:00,708.1551308205642
2024-07-16 15:30:00+00:00,703.1717892877608
2024-07-16 16:30:00+00:00,703.5564202066425
2024-07-16 17:30:00+00:00,703.3073498513464
2024-07-16 18:30:00+00:00,693.9632666906368
2024-07-16 19:30:00+00:00,701.5242090082568
2024-07-16 20:00:00+00:00,700.0198040273207
2024-07-16 21:00:00+00:00,713.0134585694373
2024-07-16 22:00:00+00:00,711.5424065721943
2024-07-16 23:00:00+00:00,703.635790705902
2024-07-17 08:00:00+00:00,696.865612771015
2024-07-17 09:00:00+00:00,707.7421405476346
2024-07-17 10:00:00+00:00,704.6575126651139
2024-07-17 11:00:00+00:00,714.1293720801502
2024-07-17 12:00:00+00:00,720.7978880759141
2024-07-17 13:00:00+00:00,717.0604379106015
2024-07-17 13:30:00+00:00,719.1976113286574
2024-07-17 14:30:00+00:00,720.5246987040658
2024-07-17 15:30:00+00:00,719.1992105971353
2024-07-17 16:30:00+00:00,715.9122703412023
2024-07-17 17:30:00+00:00,713.6216396744759
2024-07-17 18:30:00+00:00,708.9151219400114
2024-07-17 19:30:00+00:00,718.9069458341971
2024-07-17 20:00:00+00:00,722.7473160993873
2024-07-17 21:00:00+00:00,722.7615210215918
2024-07-17 22:00:00+00:00,715.4946611479176
2024-07-17 23:00:00+00:00,718.4551833481944
2024-07-18 08:00:00+00:00,721.3837081086251
2024-07-18 09:00:00+00:00,722.8366018105697
2024-07-18 10:00:00+00:00,725.9054704732782
2024-07-18 11:00:00+00:00,728.4373146932251
2024-07-18 12:00:00+00:00,739.3356722988486
2024-07-18 13:00:00+00:00,753.5935669066897
2024-07-18 13:30:00+00:00,756.3174026210463
2024-07-18 14:30:00+00:00,772.1827656789774
2024-07-18 15:30:00+00:00,782.1368065220634
2024-07-18 16:30:00+00:00,786.3525274014723
2024-07-18 17:30:00+00:00,783.2598275864119
2024-07-18 18:30:00+00:00,779.2248032823317
2024-07-18 19:30:00+00:00,770.6049314489665
2024-07-18 20:00:00+00:00,770.402422234654
2024-07-18 21:00:00+00:00,776.7038580357796
2024-07-18 22:00:00+00:00,786.5861282309098
2024-07-18 23:00:00+00:00,788.6525124952688
2024-07-19 08:00:00+00:00,783.9003835873013
2024-07-19 09:00:00+00:00,779.5489383006043
2024-07-19 10:00:00+00:00,777.6259609715879
2024-07-19 11:00:00+00:00,771.7961624134085
2024-07-19 12:00:00+00:00,776.3095815293734
2024-07-19 13:00:00+00:00,776.7476900026627
2024-07-19 13:30:00+00:00,795.0542390477166
2024-07-19 14:30:00+00:00,808.0420563605454
2024-07-19 15:30:00+00:00,809.74778287581
2024-07-19 16:30:00+00:00,806.9207782955106
2024-07-19 17:30:00+00:00,810.859603276812
2024-07-19 18:30:00+00:00,819.0688667553114
2024-07-19 19:30:00+00:00,831.6565567778625
2024-07-19 20:00:00+00:00,827.3274460819067
2024-07-19 21:00:00+00:00,818.247729722608
2024-07-19 22:00:00+00:00,828.2865225354886
2024-07-19 23:00:00+00:00,831.3468925319766
2024-07-22 08:00:00+00:00,828.2698773656147
2024-07-22 09:00:00+00:00,832.5336833700209
2024-07-22 10:00:00+00:00,835.0044605379283
2024-07-22 11:00:00+00:00,841.3711243170965
2024-07-22 12:00:00+00:00,831.9605161664684
2024-07-22 13:00:00+00:00,838.9819338898193
2024-07-22 13:30:00+00:00,832.3549107339113
2024-07-22 14:30:00+00:00,844.9404982128651
2024-07-22 15:30:00+00:00,852.1017787473198
2024-07-22 16:30:00+00:00,852.3380342397303
2024-07-22 17:30:00+00:00,860.9246979789926
2024-07-22 18:30:00+00:00,854.4273609568158
2024-07-22 19:30:00+00:00,841.539799558515
2024-07-22 20:00:00+00:00,818.0841642139281
2024-07-22 21:00:00+00:00,809.47176406902
2024-07-22 22:00:00+00:00,808.2261778445895
2024-07-22 23:00:00+00:00,800.4964276439736
2024-07-23 08:00:00+00:00,805.8410265324596
2024-07-23 09:00:00+00:00,818.5342791598611
2024-07-23 10:00:00+00:00,817.6345673217315
2024-07-23 11:00:00+00:00,816.095450317291
2024-07-23 12:00:00+00:00,828.2421943461237
2024-07-23 13:00:00+00:00,827.4260532290648
2024-07-23 13:30:00+00:00,830.5976978396294
2024-07-23 14:30:00+00:00,836.5576149091585
2024-07-23 15:30:00+00:00,836.5122574970972
2024-07-23 16:30:00+00:00,835.6457553764443
2024-07-23 17:30:00+00:00,850.0090904529259
2024-07-23 18:30:00+00:00,848.2059048251607
2024-07-23 19:30:00+00:00,847.1644275973177
2024-07-23 20:00:00+00:00,841.9910243426958
2024-07-23 21:00:00+00:00,842.9743995592992
2024-07-23 22:00:00+00:00,836.7552558096954
2024-07-23 23:00:00+00:00,843.5671625029181
2024-07-24 08:00:00+00:00,838.1737549016331
2024-07-24 09:00:00+00:00,838.2484024457585
2024-07-24 10:00:00+00:00,837.0554473980038
2024-07-24 11:00:00+00:00,837.2405991944956
2024-07-24 12:00:00+00:00,840.6188793058305
2024-07-24 13:00:00+00:00,848.2320945616123
2024-07-24 13:30:00+00:00,842.6826543673952
2024-07-24 14:30:00+00:00,845.0127686008369
2024-07-24 15:30:00+00:00,852.211334229561
2024-07-24 16:30:00+00:00,847.7263842963122
2024-07-24 17:30:00+00:00,839.4347241322995
2024-07-24 18:30:00+00:00,834.8335608312034
2024-07-24 19:30:00+00:00,835.6483620764313
2024-07-24 20:00:00+00:00,839.2674304195883
2024-07-24 21:00:00+00:00,841.1921229343864
2024-07-24 22:00:00+00:00,841.733489309194
2024-07-24 23:00:00+00:00,834.0766987356955
2024-07-25 08:00:00+00:00,833.3756020467455
2024-07-25 09:00:00+00:00,841.1793218733345
2024-07-25 10:00:00+00:00,833.4960446805839
2024-07-25 11:00:00+00:00,838.2757816439864
2024-07-25 12:00:00+00:00,840.7402332351662
2024-07-25 13:00:00+00:00,837.7591429844852
2024-07-25 13:30:00+00:00,829.5491260944764
2024-07-25 14:30:00+00:00,837.8309148166697
2024-07-25 15:30:00+00:00,844.6822890766069
2024-07-25 16:30:00+00:00,837.8373844042518
2024-07-25 17:30:00+00:00,826.1219881728678
2024-07-25 18:30:00+00:00,816.9562489551389
2024-07-25 19:30:00+00:00,818.0940128964957
2024-07-25 20:00:00+00:00,806.2030342661355
2024-07-25 21:00:00+00:00,794.9157251132397
2024-07-25 22:00:00+00:00,784.4944615792347
2024-07-25 23:00:00+00:00,788.1697709625012
2024-07-26 08:00:00+00:00,787.4883562399584
2024-07-26 09:00:00+00:00,770.9871958389504
2024-07-26 10:00:00+00:00,775.0357101571626
2024-07-26 11:00:00+00:00,780.8868237326712
2024-07-26 12:00:00+00:00,789.3759780118693
2024-07-26 13:00:00+00:00,787.163917904393
2024-07-26 13:30:00+00:00,792.7009759326808
2024-07-26 14:30:00+00:00,789.6208689852789
2024-07-26 15:30:00+00:00,765.6285020141469
2024-07-26 16:30:00+00:00,762.5910905226938
2024-07-26 17:30:00+00:00,753.3606470093565
2024-07-26 18:30:00+00:00,764.6388173271633
2024-07-26 19:30:00+00:00,761.4116999588183
2024-07-26 20:00:00+00:00,761.5819647698959
2024-07-26 21:00:00+00:00,762.3311643521077
2024-07-26 22:00:00+00:00,760.2518049090774
2024-07-26 23:00:00+00:00,757.234979229406
2024-07-29 08:00:00+00:00,748.2116965721921
2024-07-29 09:00:00+00:00,751.4633076991491
2024-07-29 10:00:00+00:00,757.2823256229261
2024-07-29 11:00:00+00:00,767.5841047182125
2024-07-29 12:00:00+00:00,765.5189600932708
2024-07-29 13:00:00+00:00,769.0727348846151
2024-07-29 13:30:00+00:00,761.6785281845413
2024-07-29 14:30:00+00:00,769.8060443931015
2024-07-29 15:30:00+00:00,772.8138204593536
2024-07-29 16:30:00+00:00,771.8268550093818
2024-07-29 17:30:00+00:00,790.6158219365551
2024-07-29 18:30:00+00:00,791.7503853814743
2024-07-29 19:30:00+00:00,800.5411348475883
2024-07-29 20:00:00+00:00,809.4004839349387
2024-07-29 21:00:00+00:00,802.143580029984
2024-07-29 22:00:00+00:00,811.2077823726858
2024-07-29 23:00:00+00:00,815.9526704905365
2024-07-30 08:00:00+00:00,817.0419595970059
2024-07-30 09:00:00+00:00,817.0866108612942
2024-07-30 10:00:00+00:00,818.8500556852881
2024-07-30 11:00:00+00:00,819.1041940038547
2024-07-30 12:00:00+00:00,830.5450978198912
2024-07-30 13:00:00+00:00,833.64018492399
2024-07-30 13:30:00+00:00,843.3934549895528
2024-07-30 14:30:00+00:00,842.2498965563486
2024-07-30 15:30:00+00:00,818.6439962631061
2024-07-30 16:30:00+00:00,810.1758071456579
2024-07-30 17:30:00+00:00,807.3837162883916
2024-07-30 18:30:00+00:00,796.9965825288091
2024-07-30 19:30:00+00:00,804.750682921672
2024-07-30 20:00:00+00:00,813.1407331615278
2024-07-30 21:00:00+00:00,811.2534676974213
2024-07-30 22:00:00+00:00,823.8641116321052
2024-07-30 23:00:00+00:00,812.4103435028636
2024-07-31 08:00:00+00:00,812.6086054282412
2024-07-31 09:00:00+00:00,822.077935297673
2024-07-31 10:00:00+00:00,813.6206621806101
2024-07-31 11:00:00+00:00,804.5701923703323
2024-07-31 12:00:00+00:00,795.6737922183856
2024-07-31 13:00:00+00:00,790.9335726132491
2024-07-31 13:30:00+00:00,795.4245738436415
2024-07-31 14:30:00+00:00,799.4003765460518
2024-07-31 15:30:00+00:00,809.1761500452494
2024-07-31 16:30:00+00:00,809.3593705603527
2024-07-31 17:30:00+00:00,811.8418742171755
2024-07-31 18:30:00+00:00,802.3509611334364
2024-07-31 19:30:00+00:00,803.2956691591497
2024-07-31 20:00:00+00:00,805.73537771633
2024-07-31 21:00:00+00:00,807.5207325814439
2024-07-31 22:00:00+00:00,808.3890945794827
2024-07-31 23:00:00+00:00,806.1452799189525
2024-08-01 08:00:00+00:00,800.5198365349667
2024-08-01 09:00:00+00:00,802.1422089459891
2024-08-01 10:00:00+00:00,790.7893202593249
2024-08-01 11:00:00+00:00,781.5644412642168
2024-08-01 12:00:00+00:00,783.348199504651
2024-08-01 13:00:00+00:00,780.7244360923925
2024-08-01 13:30:00+00:00,784.8396522129663
2024-08-01 14:30:00+00:00,783.7164486625056
2024-08-01 15:30:00+00:00,777.6485494591502
2024-08-01 16:30:00+00:00,779.9920990485456
2024-08-01 17:30:00+00:00,789.6568415225842
2024-08-01 18:30:00+00:00,785.6610857098268
2024-08-01 19:30:00+00:00,785.0854088569763
2024-08-01 20:00:00+00:00,785.8280279640272
2024-08-01 21:00:00+00:00,771.8696788760698
2024-08-01 22:00:00+00:00,764.9225085659594
2024-08-01 23:00:00+00:00,757.6915287994079
2024-08-02 08:00:00+00:00,758.3614062893844
2024-08-02 09:00:00+00:00,760.5419241332311
2024-08-02 10:00:00+00:00,768.0901072236319
2024-08-02 11:00:00+00:00,767.1228218307136
2024-08-02 12:00:00+00:00,771.9905904804616
2024-08-02 13:00:00+00:00,782.1746216833153
2024-08-02 13:30:00+00:00,779.3320319451816
2024-08-02 14:30:00+00:00,772.6865578561902
2024-08-02 15:30:00+00:00,780.38583583455
2024-08-02 16:30:00+00:00,778.7561347788115
2024-08-02 17:30:00+00:00,773.1360458466389
2024-08-02 18:30:00+00:00,760.2102147747651
2024-08-02 19:30:00+00:00,756.5842408753575
2024-08-02 20:00:00+00:00,754.5008185884509
2024-08-02 21:00:00+00:00,758.9535202181289
2024-08-02 22:00:00+00:00,766.1783205725002
2024-08-02 23:00:00+00:00,767.9033937487319
2024-08-05 08:00:00+00:00,764.6981808489601
2024-08-05 09:00:00+00:00,761.8424483275646
2024-08-05 10:00:00+00:00,759.806190810871
2024-08-05 11:00:00+00:00,752.6493465148754
2024-08-05 12:00:00+00:00,754.5586997055092
2024-08-05 13:00:00+00:00,758.3946626924893
2024-08-05 13:30:00+00:00,756.7051785082548
2024-08-05 14:30:00+00:00,747.0597594630652
2024-08-05 15:30:00+00:00,750.3173066379356
2024-08-05 16:30:00+00:00,761.1712121395058
2024-08-05 17:30:00+00:00,753.1950621400924
2024-08-05 18:30:00+00:00,750.7733771243406
2024-08-05 19:30:00+00:00,759.2719378571937
2024-08-05 20:00:00+00:00,746.3193536859875
2024-08-05 21:00:00+00:00,737.8567683955473
2024-08-05 22:00:00+00:00,732.3981682506152
2024-08-05 23:00:00+00:00,737.2463414044583
2024-08-06 08:00:00+00:00,727.5305964981342
2024-08-06 09:00:00+00:00,722.8683769046312
2024-08-06 10:00:00+00:00,704.987295207197
2024-08-06 11:00:00+00:00,705.1834770306708
2024-08-06 12:00:00+00:00,711.9809820152967
2024-08-06 13:00:00+00:00,728.1711191336975
2024-08-06 13:30:00+00:00,729.2042182321012
2024-08-06 14:30:00+00:00,733.2949900224581
2024-08-06 15:30:00+00:00,733.0798083115009
2024-08-06 16:30:00+00:00,740.2770749019294
2024-08-06 17:30:00+00:00,750.46760382165
2024-08-06 18:30:00+00:00,747.4760292349246
2024-08-06 19:30:00+00:00,742.7796252430273
2024-08-06 20:00:00+00:00,743.0269135835018
2024-08-06 21:00:00+00:00,738.5558141242225
2024-08-06 22:00:00+00:00,731.5965146295563
2024-08-06 23:00:00+00:00,722.0689534185009
2024-08-07 08:00:00+00:00,722.4493211089332
2024-08-07 09:00:00+00:00,719.1126813144377
2024-08-07 10:00:00+00:00,720.5153512288609
2024-08-07 11:00:00+00:00,717.2118332258518
2024-08-07 12:00:00+00:00,710.9770595974909
2024-08-07 13:00:00+00:00,709.9231645139236
2024-08-07 13:30:00+00:00,720.9429574277688
2024-08-07 14:30:00+00:00,727.9260444637601
2024-08-07 15:30:00+00:00,724.9964143608651
2024-08-07 16:30:00+00:00,725.1678962325307
2024-08-07 17:30:00+00:00,714.3191010516091
2024-08-07 18:30:00+00:00,718.310162361098
2024-08-07 19:30:00+00:00,715.417482675349
2024-08-07 20:00:00+00:00,728.4288157149654
2024-08-07 21:00:00+00:00,712.71138033768
2024-08-07 22:00:00+00:00,721.3026732032549
2024-08-07 23:00:00+00:00,716.6340843528808
2024-08-08 08:00:00+00:00,717.6557288683395
2024-08-08 09:00:00+00:00,721.3639995165215
2024-08-08 10:00:00+00:00,722.7386730200321
2024-08-08 11:00:00+00:00,717.9821636036027
2024-08-08 12:00:00+00:00,710.1597289873403
2024-08-08 13:00:00+00:00,711.0068533570627
2024-08-08 13:30:00+00:00,710.8602650065183
2024-08-08 14:30:00+00:00,706.1535385779886
2024-08-08 15:30:00+00:00,706.7439987230596
2024-08-08 16:30:00+00:00,717.6330472865993
2024-08-08 17:30:00+00:00,709.5647812768599
2024-08-08 18:30:00+00:00,714.1066866443499
2024-08-08 19:30:00+00:00,716.1224047170572
2024-08-08 20:00:00+00:00,708.4965894188024
2024-08-08 21:00:00+00:00,698.4699528125075
2024-08-08 22:00:00+00:00,698.5244337946157
2024-08-08 23:00:00+00:00,700.8337426574898
2024-08-09 08:00:00+00:00,701.4454166861648
2024-08-09 09:00:00+00:00,702.8192646269938
2024-08-09 10:00:00+00:00,711.0662321278918
2024-08-09 11:00:00+00:00,720.9219818216317
2024-08-09 12:00:00+00:00,718.0661192639205
2024-08-09 13:00:00+00:00,715.7223091428215
2024-08-09 13:30:00+00:00,709.5552057724078
2024-08-09 14:30:00+00:00,699.8610870251367
2024-08-09 15:30:00+00:00,701.9532026105514
2024-08-09 16:30:00+00:00,702.3386208004237
2024-08-09 17:30:00+00:00,711.504050312893
2024-08-09 18:30:00+00:00,706.1494766210654
2024-08-09 19:30:00+00:00,706.4324341613992
2024-08-09 20:00:00+00:00,721.9457346155157
2024-08-09 21:00:00+00:00,715.3296026896655
2024-08-09 22:00:00+00:00,717.850885499072
2024-08-09 23:00:00+00:00,722.6478039602156
2024-08-12 08:00:00+00:00,730.3088623743378
2024-08-12 09:00:00+00:00,731.5159485394894
2024-08-12 10:00:00+00:00,731.8708790288554
2024-08-12 11:00:00+00:00,723.416994912219
2024-08-12 12:00:00+00:00,727.9928656356545
2024-08-12 13:00:00+00:00,733.6637433691359
2024-08-12 13:30:00+00:00,732.6052308376348
2024-08-12 14:30:00+00:00,729.8136898368905
2024-08-12 15:30:00+00:00,735.1606341066915
2024-08-12 16:30:00+00:00,735.4611445945856
2024-08-12 17:30:00+00:00,726.116131889086
2024-08-12 18:30:00+00:00,721.9240773217393
2024-08-12 19:30:00+00:00,722.8350393778411
2024-08-12 20:00:00+00:00,709.8150406878975
2024-08-12 21:00:00+00:00,706.3435414707656
2024-08-12 22:00:00+00:00,698.5418098971318
2024-08-12 23:00:00+00:00,702.4312679890459
2024-08-13 08:00:00+00:00,697.1093307522733
2024-08-13 09:00:00+00:00,707.3135475333448
2024-08-13 10:00:00+00:00,720.3624168871029
2024-08-13 11:00:00+00:00,714.4612751615009
2024-08-13 12:00:00+00:00,719.8524941166801
2024-08-13 13:00:00+00:00,724.049978197606
2024-08-13 13:30:00+00:00,725.5293285572466
2024-08-13 14:30:00+00:00,722.634933684124
2024-08-13 15:30:00+00:00,727.5248022113872
2024-08-13 16:30:00+00:00,708.6277080627707
2024-08-13 17:30:00+00:00,714.5187917969367
2024-08-13 18:30:00+00:00,716.7347596716124
2024-08-13 19:30:00+00:00,715.6353647334859
2024-08-13 20:00:00+00:00,716.2851403122824
2024-08-13 21:00:00+00:00,713.9883549973897
2024-08-13 22:00:00+00:00,716.3295099149323
2024-08-13 23:00:00+00:00,714.7976611014678
2024-08-14 08:00:00+00:00,704.255094557902
2024-08-14 09:00:00+00:00,709.3865547438602
2024-08-14 10:00:00+00:00,713.127485106213
2024-08-14 11:00:00+00:00,713.3055015973682
2024-08-14 12:00:00+00:00,720.186032015924
2024-08-14 13:00:00+00:00,720.1982380512517
2024-08-14 13:30:00+00:00,724.6811924485904
2024-08-14 14:30:00+00:00,722.5977664227107
2024-08-14 15:30:00+00:00,713.6181786779796
2024-08-14 16:30:00+00:00,715.1142856422314
2024-08-14 17:30:00+00:00,706.3305657036624
2024-08-14 18:30:00+00:00,716.858246417886
2024-08-14 19:30:00+00:00,707.9879285697081
2024-08-14 20:00:00+00:00,713.9274806117721
2024-08-14 21:00:00+00:00,719.8914371924917
2024-08-14 22:00:00+00:00,721.3987551786327
2024-08-14 23:00:00+00:00,715.9388499775874
2024-08-15 08:00:00+00:00,726.1272600054835
2024-08-15 09:00:00+00:00,720.5386759856428
2024-08-15 10:00:00+00:00,714.0784670024985
2024-08-15 11:00:00+00:00,715.8588378529594
2024-08-15 12:00:00+00:00,712.5131824139302
2024-08-15 13:00:00+00:00,719.9095164771293
2024-08-15 13:30:00+00:00,718.0755183115107
2024-08-15 14:30:00+00:00,713.272733117503
2024-08-15 15:30:00+00:00,719.1587843621941
2024-08-15 16:30:00+00:00,714.3368227551341
2024-08-15 17:30:00+00:00,712.5150049987018
2024-08-15 18:30:00+00:00,703.4165907697121
2024-08-15 19:30:00+00:00,701.1613045069757
2024-08-15 20:00:00+00:00,714.3726996678032
2024-08-15 21:00:00+00:00,720.7272989680921
2024-08-15 22:00:00+00:00,728.538209022163
2024-08-15 23:00:00+00:00,719.2143368636631
2024-08-16 08:00:00+00:00,718.6932663900196
2024-08-16 09:00:00+00:00,715.0275795859166
2024-08-16 10:00:00+00:00,721.5274196520215
2024-08-16 11:00:00+00:00,703.9774722818108
2024-08-16 12:00:00+00:00,693.5654280218406
2024-08-16 13:00:00+00:00,687.9334087102297
2024-08-16 13:30:00+00:00,681.4030426647074
2024-08-16 14:30:00+00:00,677.859372160601
2024-08-16 15:30:00+00:00,679.3174572062367
2024-08-16 16:30:00+00:00,680.3856370516528
2024-08-16 17:30:00+00:00,683.8986452737836
2024-08-16 18:30:00+00:00,676.6358823510552
2024-08-16 19:30:00+00:00,680.9353696048556
2024-08-16 20:00:00+00:00,677.0790071347197
2024-08-16 21:00:00+00:00,671.5424751120021
2024-08-16 22:00:00+00:00,671.0568772398025
2024-08-16 23:00:00+00:00,667.4898342915166
2024-08-19 08:00:00+00:00,664.3673517675304
2024-08-19 09:00:00+00:00,671.6084692137739
2024-08-19 10:00:00+00:00,673.3197167833761
2024-08-19 11:00:00+00:00,671.7460649593966
2024-08-19 12:00:00+00:00,673.1319773080097
2024-08-19 13:00:00+00:00,669.6144619292115
2024-08-19 13:30:00+00:00,669.952362755494
2024-08-19 14:30:00+00:00,666.3685422404918
2024-08-19 15:30:00+00:00,666.1508476037975
2024-08-19 16:30:00+00:00,669.8173704733271
2024-08-19 17:30:00+00:00,664.3088488106206
2024-08-19 18:30:00+00:00,661.0374562049333
2024-08-19 19:30:00+00:00,670.3458126901018
2024-08-19 20:00:00+00:00,674.928294338759
2024-08-19 21:00:00+00:00,678.2857208986942
2024-08-19 22:00:00+00:00,674.4148318147782
2024-08-19 23:00:00+00:00,679.8412915324355
2024-08-20 08:00:00+00:00,671.2640476802038
2024-08-20 09:00:00+00:00,673.3220989853598
2024-08-20 10:00:00+00:00,659.4752150710052
2024-08-20 11:00:00+00:00,667.9319971128436
2024-08-20 12:00:00+00:00,674.6767805455065
2024-08-20 13:00:00+00:00,674.6499295972785
2024-08-20 13:30:00+00:00,673.9217972441818
2024-08-20 14:30:00+00:00,670.3290062797647
2024-08-20 15:30:00+00:00,677.0774025894946
2024-08-20 16:30:00+00:00,679.1200197216272
2024-08-20 17:30:00+00:00,681.1674387811621
2024-08-20 18:30:00+00:00,683.3642520532699
2024-08-20 19:30:00+00:00,686.3333938090868
2024-08-20 20:00:00+00:00,688.1425213416129
2024-08-20 21:00:00+00:00,692.0397992989474
2024-08-20 22:00:00+00:00,700.5023519557686
2024-08-20 23:00:00+00:00,696.2386605205245
2024-08-21 08:00:00+00:00,700.4977997371196
2024-08-21 09:00:00+00:00,700.7809285746179
2024-08-21 10:00:00+00:00,704.2000963355299
2024-08-21 11:00:00+00:00,702.6680253787825
2024-08-21 12:00:00+00:00,701.722302508065
2024-08-21 13:00:00+00:00,709.4569801264171
2024-08-21 13:30:00+00:00,716.0786040381873
2024-08-21 14:30:00+00:00,714.9963464658733
2024-08-21 15:30:00+00:00,721.5374288896385
2024-08-21 16:30:00+00:00,730.2683236126923
2024-08-21 17:30:00+00:00,725.5309298645064
2024-08-21 18:30:00+00:00,723.5613744667622
2024-08-21 19:30:00+00:00,728.5770286772238
2024-08-21 20:00:00+00:00,727.9592020841408
2024-08-21 21:00:00+00:00,725.6078265600197
2024-08-21 22:00:00+00:00,726.3006431232471
2024-08-21 23:00:00+00:00,723.3912043266716
2024-08-22 08:00:00+00:00,718.3916575015891
2024-08-22 09:00:00+00:00,719.794884235718
2024-08-22 10:00:00+00:00,724.5189552639032
2024-08-22 11:00:00+00:00,726.1077700272914
2024-08-22 12:00:00+00:00,724.1816017323341
2024-08-22 13:00:00+00:00,720.8388007791152
2024-08-22 13:30:00+00:00,728.1825852872229
2024-08-22 14:30:00+00:00,717.1144225689385
2024-08-22 15:30:00+00:00,720.7884301658545
2024-08-22 16:30:00+00:00,725.4801692175924
2024-08-22 17:30:00+00:00,721.2976947960075
2024-08-22 18:30:00+00:00,736.8721342985406
2024-08-22 19:30:00+00:00,731.7838080031968
2024-08-22 20:00:00+00:00,727.5554420712415
2024-08-22 21:00:00+00:00,730.0294030251428
2024-08-22 22:00:00+00:00,726.4635323117558
2024-08-22 23:00:00+00:00,732.9530443399617
2024-08-23 08:00:00+00:00,728.4483042691651
2024-08-23 09:00:00+00:00,733.0482140806021
2024-08-23 10:00:00+00:00,733.1770742701711
2024-08-23 11:00:00+00:00,734.303361724374
2024-08-23 12:00:00+00:00,730.6390224607246
2024-08-23 13:00:00+00:00,724.8270221464994
2024-08-23 13:30:00+00:00,723.3247466711663
2024-08-23 14:30:00+00:00,718.3242435538788
2024-08-23 15:30:00+00:00,715.1134665928794
2024-08-23 16:30:00+00:00,707.1398562186388
2024-08-23 17:30:00+00:00,709.8261014537289
2024-08-23 18:30:00+00:00,722.630293541266
2024-08-23 19:30:00+00:00,723.7054093554361
2024-08-23 20:00:00+00:00,718.4407611062694
2024-08-23 21:00:00+00:00,739.7766037271323
2024-08-23 22:00:00+00:00,735.8378763574439
2024-08-23 23:00:00+00:00,736.5738404531941
2024-08-26 08:00:00+00:00,735.6925852231011
2024-08-26 09:00:00+00:00,732.7811440799464
2024-08-26 10:00:00+00:00,727.9347215783724
2024-08-26 11:00:00+00:00,717.1598209083191
2024-08-26 12:00:00+00:00,713.3197102214882
2024-08-26 13:00:00+00:00,709.4039242286306
2024-08-26 13:30:00+00:00,710.0836822586028
2024-08-26 14:30:00+00:00,710.6693866314212
2024-08-26 15:30:00+00:00,708.6248134972313
2024-08-26 16:30:00+00:00,711.0225074847465
2024-08-26 17:30:00+00:00,704.5803583092797
2024-08-26 18:30:00+00:00,712.5092573573133
2024-08-26 19:30:00+00:00,715.688347810959
2024-08-26 20:00:00+00:00,715.7507686055797
2024-08-26 21:00:00+00:00,709.1816014756175
2024-08-26 22:00:00+00:00,711.6486871707866
2024-08-26 23:00:00+00:00,713.9817595177971
2024-08-27 08:00:00+00:00,706.4582536508958
2024-08-27 09:00:00+00:00,701.2899656408931
2024-08-27 10:00:00+00:00,706.8288745558381
2024-08-27 11:00:00+00:00,712.5123445785345
2024-08-27 12:00:00+00:00,721.7512599148913
2024-08-27 13:00:00+00:00,724.4973427647275
2024-08-27 13:30:00+00:00,714.4149703103078
2024-08-27 14:30:00+00:00,721.2009753464889
2024-08-27 15:30:00+00:00,706.1482430037179
2024-08-27 16:30:00+00:00,702.5368311648913
2024-08-27 17:30:00+00:00,700.3327745799317
2024-08-27 18:30:00+00:00,714.0064968219513
2024-08-27 19:30:00+00:00,720.0452991833342
2024-08-27 20:00:00+00:00,718.694649041279
2024-08-27 21:00:00+00:00,730.222565898882
2024-08-27 22:00:00+00:00,729.6978428152895
2024-08-27 23:00:00+00:00,731.601147073747
2024-08-28 08:00:00+00:00,728.4495605886118
2024-08-28 09:00:00+00:00,740.6153615506258
2024-08-28 10:00:00+00:00,740.1964997133316
2024-08-28 11:00:00+00:00,736.0956382254692
2024-08-28 12:00:00+00:00,730.4413107551621
2024-08-28 13:00:00+00:00,743.144522989651
2024-08-28 13:30:00+00:00,751.7754908482506
2024-08-28 14:30:00+00:00,753.7554128071719
2024-08-28 15:30:00+00:00,741.9848329493609
2024-08-28 16:30:00+00:00,749.9815114434691
2024-08-28 17:30:00+00:00,752.4995948386613
2024-08-28 18:30:00+00:00,757.3110233821579
2024-08-28 19:30:00+00:00,765.8125563197461
2024-08-28 20:00:00+00:00,750.9691886045011
2024-08-28 21:00:00+00:00,747.3104965406984
2024-08-28 22:00:00+00:00,749.5278272254351
2024-08-28 23:00:00+00:00,743.1374029753418
2024-08-29 08:00:00+00:00,751.3943317921827
2024-08-29 09:00:00+00:00,747.786524530269
2024-08-29 10:00:00+00:00,751.4722078470573
2024-08-29 11:00:00+00:00,748.0269265514372
2024-08-29 12:00:00+00:00,747.9555150517831
2024-08-29 13:00:00+00:00,740.4741951299384
2024-08-29 13:30:00+00:00,751.6293862791734
2024-08-29 14:30:00+00:00,760.0542080083658
2024-08-29 15:30:00+00:00,754.736824730214
2024-08-29 16:30:00+00:00,740.6890522267558
2024-08-29 17:30:00+00:00,741.8657654286561
2024-08-29 18:30:00+00:00,733.3325683227512
2024-08-29 19:30:00+00:00,743.1584562330185
2024-08-29 20:00:00+00:00,742.7234415846236
2024-08-29 21:00:00+00:00,741.2551166019491
2024-08-29 22:00:00+00:00,725.6967356638297
2024-08-29 23:00:00+00:00,720.3083290841092
2024-08-30 08:00:00+00:00,721.0833876430494
2024-08-30 09:00:00+00:00,728.3879390833623
2024-08-30 10:00:00+00:00,721.4437657887352
2024-08-30 11:00:00+00:00,723.2604029998274
2024-08-30 12:00:00+00:00,729.4379545681608
2024-08-30 13:00:00+00:00,730.5404288445039
2024-08-30 13:30:00+00:00,746.0077377764237
2024-08-30 14:30:00+00:00,745.6291262572394
2024-08-30 15:30:00+00:00,746.6543694545749
2024-08-30 16:30:00+00:00,746.6856824179112
2024-08-30 17:30:00+00:00,746.0053734617319
2024-08-30 18:30:00+00:00,762.7703388955731
2024-08-30 19:30:00+00:00,764.5556959632696
2024-08-30 20:00:00+00:00,775.0717111965012
2024-08-30 21:00:00+00:00,765.6146245165592
2024-08-30 22:00:00+00:00,764.5789838143332
2024-08-30 23:00:00+00:00,778.1172777991006
2024-09-03 08:00:00+00:00,780.472273433881
2024-09-03 09:00:00+00:00,775.6770834170102
2024-09-03 10:00:00+00:00,774.6155918478548
2024-09-03 11:00:00+00:00,774.7326411381806
2024-09-03 12:00:00+00:00,783.0252986466021
2024-09-03 13:00:00+00:00,768.6734378678075
2024-09-03 13:30:00+00:00,768.6914949762055
2024-09-03 14:30:00+00:00,760.8350143818674
2024-09-03 15:30:00+00:00,739.9184470486072
2024-09-03 16:30:00+00:00,736.6973491899794
2024-09-03 17:30:00+00:00,736.4948280583517
2024-09-03 18:30:00+00:00,734.4785972259829
2024-09-03 19:30:00+00:00,714.8738787817958
2024-09-03 20:00:00+00:00,704.499549034876
2024-09-03 21:00:00+00:00,709.2510916988452
2024-09-03 22:00:00+00:00,703.4305076528451
2024-09-03 23:00:00+00:00,696.5874416993452
2024-09-04 08:00:00+00:00,694.6218266281107
2024-09-04 09:00:00+00:00,698.6166339564905
2024-09-04 10:00:00+00:00,685.4316920607661
2024-09-04 11:00:00+00:00,686.8802622578878
2024-09-04 12:00:00+00:00,687.7251459854991
2024-09-04 13:00:00+00:00,677.295212670589
2024-09-04 13:30:00+00:00,677.6166507573325
2024-09-04 14:30:00+00:00,687.3926601560393
2024-09-04 15:30:00+00:00,684.5542482851256
2024-09-04 16:30:00+00:00,681.1330364801875
2024-09-04 17:30:00+00:00,678.5873826753148
2024-09-04 18:30:00+00:00,686.949565571545
2024-09-04 19:30:00+00:00,694.6949123566885
2024-09-04 20:00:00+00:00,687.4051705085094
2024-09-04 21:00:00+00:00,684.2175778747202
2024-09-04 22:00:00+00:00,676.5100171872043
2024-09-04 23:00:00+00:00,673.4711697443819
2024-09-05 08:00:00+00:00,676.9136443383553
2024-09-05 09:00:00+00:00,672.1289932900116
2024-09-05 10:00:00+00:00,662.3436371714575
2024-09-05 11:00:00+00:00,658.5010869345213
2024-09-05 12:00:00+00:00,659.5731625878113
2024-09-05 13:00:00+00:00,659.9094110358527
2024-09-05 13:30:00+00:00,659.9022936646959
2024-09-05 14:30:00+00:00,658.5595944078516
2024-09-05 15:30:00+00:00,675.3329688730231
2024-09-05 16:30:00+00:00,676.4305250892008
2024-09-05 17:30:00+00:00,681.2222505944126
2024-09-05 18:30:00+00:00,673.3782476441833
2024-09-05 19:30:00+00:00,662.4704399438134
2024-09-05 20:00:00+00:00,671.4367385462723
2024-09-05 21:00:00+00:00,659.5894840520288
2024-09-05 22:00:00+00:00,663.8598966849308
2024-09-05 23:00:00+00:00,659.6652685228466
2024-09-06 08:00:00+00:00,658.9373097296778
2024-09-06 09:00:00+00:00,659.8127597557992
2024-09-06 10:00:00+00:00,662.8200276212283
2024-09-06 11:00:00+00:00,660.8915818152936
2024-09-06 12:00:00+00:00,669.4784967800911
2024-09-06 13:00:00+00:00,673.7397690692901
2024-09-06 13:30:00+00:00,665.0070478019172
2024-09-06 14:30:00+00:00,661.4454482043471
2024-09-06 15:30:00+00:00,658.7117881822322
2024-09-06 16:30:00+00:00,661.0432763675004
2024-09-06 17:30:00+00:00,657.0794362300687
2024-09-06 18:30:00+00:00,663.7655426034285
2024-09-06 19:30:00+00:00,656.4656886310537
2024-09-06 20:00:00+00:00,662.4232323390884
2024-09-06 21:00:00+00:00,658.1750174634815
2024-09-06 22:00:00+00:00,645.7067340384367
2024-09-06 23:00:00+00:00,649.219750980357
2024-09-09 08:00:00+00:00,652.3565530284494
2024-09-09 09:00:00+00:00,649.7856324821289
2024-09-09 10:00:00+00:00,642.6719503936447
2024-09-09 11:00:00+00:00,639.5489107766598
2024-09-09 12:00:00+00:00,643.3092299487704
2024-09-09 13:00:00+00:00,647.3710366997398
2024-09-09 13:30:00+00:00,654.6199180935866
2024-09-09 14:30:00+00:00,662.6492917239136
2024-09-09 15:30:00+00:00,656.0782158032275
2024-09-09 16:30:00+00:00,651.5601613891236
2024-09-09 17:30:00+00:00,641.7300594623364
2024-09-09 18:30:00+00:00,639.9958481457793
2024-09-09 19:30:00+00:00,651.9460428816241
2024-09-09 20:00:00+00:00,650.822323640869
2024-09-09 21:00:00+00:00,644.4936447721321
2024-09-09 22:00:00+00:00,644.1034962467179
2024-09-09 23:00:00+00:00,645.2571733327828
2024-09-10 08:00:00+00:00,642.3422273446786
2024-09-10 09:00:00+00:00,643.3853310497549
2024-09-10 10:00:00+00:00,649.0373377900293
2024-09-10 11:00:00+00:00,657.3005660625597
2024-09-10 12:00:00+00:00,664.5975710802816
2024-09-10 13:00:00+00:00,664.5328982824319
2024-09-10 13:30:00+00:00,671.1014361121842
2024-09-10 14:30:00+00:00,668.7936009357131
2024-09-10 15:30:00+00:00,669.2261474703013
2024-09-10 16:30:00+00:00,677.9803756383403
2024-09-10 17:30:00+00:00,678.7408410025828
2024-09-10 18:30:00+00:00,672.6559272351528
2024-09-10 19:30:00+00:00,667.6459830418604
2024-09-10 20:00:00+00:00,660.1537521140142
2024-09-10 21:00:00+00:00,665.7108467898986
2024-09-10 22:00:00+00:00,666.8784576256738
2024-09-10 23:00:00+00:00,663.1689318967315
2024-09-11 08:00:00+00:00,666.0701152885666
2024-09-11 09:00:00+00:00,675.6007615685311
2024-09-11 10:00:00+00:00,682.1051953716017
2024-09-11 11:00:00+00:00,675.4048971898944
2024-09-11 12:00:00+00:00,672.2880741927108
2024-09-11 13:00:00+00:00,672.0982430039047
2024-09-11 13:30:00+00:00,666.8452955115765
2024-09-11 14:30:00+00:00,650.3884937800726
2024-09-11 15:30:00+00:00,646.9370569667159
2024-09-11 16:30:00+00:00,644.2647337838466
2024-09-11 17:30:00+00:00,640.4178114207698
2024-09-11 18:30:00+00:00,641.0969777058054
2024-09-11 19:30:00+00:00,639.366380673748
2024-09-11 20:00:00+00:00,638.6428933681625
2024-09-11 21:00:00+00:00,646.9843098331611
2024-09-11 22:00:00+00:00,649.9704594335375
2024-09-11 23:00:00+00:00,652.446737410969
2024-09-12 08:00:00+00:00,663.0329569981576
2024-09-12 09:00:00+00:00,665.2453664186102
2024-09-12 10:00:00+00:00,668.9980003042016
2024-09-12 11:00:00+00:00,668.9577299949381
2024-09-12 12:00:00+00:00,666.3992633432367
2024-09-12 13:00:00+00:00,661.4227698190477
2024-09-12 13:30:00+00:00,657.5788931020578
2024-09-12 14:30:00+00:00,656.2289823192827
2024-09-12 15:30:00+00:00,654.2584537067636
2024-09-12 16:30:00+00:00,656.0683910550815
2024-09-12 17:30:00+00:00,655.0572983018354
2024-09-12 18:30:00+00:00,647.278225259497
2024-09-12 19:30:00+00:00,642.1783860254359
2024-09-12 20:00:00+00:00,639.5457391679791
2024-09-12 21:00:00+00:00,649.0640557662931
2024-09-12 22:00:00+00:00,647.4989402137115
2024-09-12 23:00:00+00:00,662.3833939906661
2024-09-13 08:00:00+00:00,656.605290986744
2024-09-13 09:00:00+00:00,661.9113994139929
2024-09-13 10:00:00+00:00,666.3082788780032
2024-09-13 11:00:00+00:00,671.7830024713061
2024-09-13 12:00:00+00:00,670.1214012087357
2024-09-13 13:00:00+00:00,665.4059068554083
2024-09-13 13:30:00+00:00,667.9097573535017
2024-09-13 14:30:00+00:00,670.8021671532804
2024-09-13 15:30:00+00:00,662.6370787194705
2024-09-13 16:30:00+00:00,658.5036240131255
2024-09-13 17:30:00+00:00,661.3451101191033
2024-09-13 18:30:00+00:00,658.662918686264
2024-09-13 19:30:00+00:00,649.6375700107059
2024-09-13 20:00:00+00:00,643.3066516777585
2024-09-13 21:00:00+00:00,641.3482369023016
2024-09-13 22:00:00+00:00,638.8058836029722
2024-09-13 23:00:00+00:00,645.9574290206016
2024-09-16 08:00:00+00:00,645.4300532022318
2024-09-16 09:00:00+00:00,647.5911431969038
2024-09-16 10:00:00+00:00,649.1717676271661
2024-09-16 11:00:00+00:00,637.8803752300007
2024-09-16 12:00:00+00:00,642.4426657809078
2024-09-16 13:00:00+00:00,636.9276729658078
2024-09-16 13:30:00+00:00,636.0425018550304
2024-09-16 14:30:00+00:00,642.7697285700069
2024-09-16 15:30:00+00:00,644.9226906948494
2024-09-16 16:30:00+00:00,652.548596460431
2024-09-16 17:30:00+00:00,647.0568705760797
2024-09-16 18:30:00+00:00,649.6868335468514
2024-09-16 19:30:00+00:00,641.4997378819758
2024-09-16 20:00:00+00:00,641.1197012332965
2024-09-16 21:00:00+00:00,637.9096062521039
2024-09-16 22:00:00+00:00,640.84467904828
2024-09-16 23:00:00+00:00,644.9968269018696
2024-09-17 08:00:00+00:00,636.900205838311
2024-09-17 09:00:00+00:00,640.3618837215874
2024-09-17 10:00:00+00:00,640.2773308965982
2024-09-17 11:00:00+00:00,636.6239301223387
2024-09-17 12:00:00+00:00,622.3161616610219
2024-09-17 13:00:00+00:00,618.6601756402406
2024-09-17 13:30:00+00:00,618.6709726916706
2024-09-17 14:30:00+00:00,626.6202276579078
2024-09-17 15:30:00+00:00,621.0278642497707
2024-09-17 16:30:00+00:00,616.0813597678132
2024-09-17 17:30:00+00:00,606.5782657802138
2024-09-17 18:30:00+00:00,600.2657751514236
2024-09-17 19:30:00+00:00,593.4829630666269
2024-09-17 20:00:00+00:00,589.1678912511106
2024-09-17 21:00:00+00:00,598.378786842764
2024-09-17 22:00:00+00:00,599.5082217777511
2024-09-17 23:00:00+00:00,601.9404457143056
2024-09-18 08:00:00+00:00,602.8643200617264
2024-09-18 09:00:00+00:00,603.7395258813881
2024-09-18 10:00:00+00:00,603.1206532649243
2024-09-18 11:00:00+00:00,595.711111691751
2024-09-18 12:00:00+00:00,589.2895604233354
2024-09-18 13:00:00+00:00,591.721005356202
2024-09-18 13:30:00+00:00,601.3314186317622
2024-09-18 14:30:00+00:00,598.106774565601
2024-09-18 15:30:00+00:00,590.7710088165119
2024-09-18 16:30:00+00:00,591.2782374695729
2024-09-18 17:30:00+00:00,596.0139097454052
2024-09-18 18:30:00+00:00,592.7937194871648
2024-09-18 19:30:00+00:00,591.6768372122413
2024-09-18 20:00:00+00:00,592.4312521501764
2024-09-18 21:00:00+00:00,589.5095435071728
2024-09-18 22:00:00+00:00,589.1726187670321
2024-09-18 23:00:00+00:00,582.5628673487646
2024-09-19 08:00:00+00:00,584.3155501750716
2024-09-19 09:00:00+00:00,581.85675299393
2024-09-19 10:00:00+00:00,588.3543658739312
2024-09-19 11:00:00+00:00,588.682867224534
2024-09-19 12:00:00+00:00,592.6071441401605
2024-09-19 13:00:00+00:00,595.5201513903902
2024-09-19 13:30:00+00:00,595.5752057987278
2024-09-19 14:30:00+00:00,593.6375789939004
2024-09-19 15:30:00+00:00,589.1410224359456
2024-09-19 16:30:00+00:00,590.0765889341222
2024-09-19 17:30:00+00:00,585.6570633270804
2024-09-19 18:30:00+00:00,570.6661992960726
2024-09-19 19:30:00+00:00,573.9262574398077
2024-09-19 20:00:00+00:00,572.3989208861369
2024-09-19 21:00:00+00:00,575.9005697186989
2024-09-19 22:00:00+00:00,574.5582055847494
2024-09-19 23:00:00+00:00,577.5047471404696
2024-09-20 08:00:00+00:00,577.3140062337802
2024-09-20 09:00:00+00:00,581.7622986908942
2024-09-20 10:00:00+00:00,577.8581361596741
2024-09-20 11:00:00+00:00,589.744292796043
2024-09-20 12:00:00+00:00,592.16180619926
2024-09-20 13:00:00+00:00,593.0553835140062
2024-09-20 13:30:00+00:00,586.0245887739036
2024-09-20 14:30:00+00:00,577.2809875652458
2024-09-20 15:30:00+00:00,580.0986681578906
2024-09-20 16:30:00+00:00,585.8799036448025
2024-09-20 17:30:00+00:00,579.7682031021186
2024-09-20 18:30:00+00:00,582.6558554178408
2024-09-20 19:30:00+00:00,581.0181229102252
2024-09-20 20:00:00+00:00,583.2903081322285
2024-09-20 21:00:00+00:00,583.1607649955703
2024-09-20 22:00:00+00:00,595.1285131937777
2024-09-20 23:00:00+00:00,589.3276813195221
2024-09-23 08:00:00+00:00,581.8335951976234
2024-09-23 09:00:00+00:00,584.8535853062851
2024-09-23 10:00:00+00:00,588.276802621955
2024-09-23 11:00:00+00:00,590.7292403417135
2024-09-23 12:00:00+00:00,584.4410272407658
2024-09-23 13:00:00+00:00,580.9029449456286
2024-09-23 13:30:00+00:00,582.6771760325117
2024-09-23 14:30:00+00:00,589.0758268911003
2024-09-23 15:30:00+00:00,598.9713775526884
2024-09-23 16:30:00+00:00,604.1312893489147
2024-09-23 17:30:00+00:00,604.3528369509866
2024-09-23 18:30:00+00:00,600.4722903913008
2024-09-23 19:30:00+00:00,600.4844570569074
2024-09-23 20:00:00+00:00,591.8754883152548
2024-09-23 21:00:00+00:00,591.9072554509917
2024-09-23 22:00:00+00:00,589.8713643323902
2024-09-23 23:00:00+00:00,596.594764804532
2024-09-24 08:00:00+00:00,599.852460317078
2024-09-24 09:00:00+00:00,590.5346752869756
2024-09-24 10:00:00+00:00,593.0896522052828
2024-09-24 11:00:00+00:00,585.2411145324663
2024-09-24 12:00:00+00:00,579.1549303405169
2024-09-24 13:00:00+00:00,582.3418220569657
2024-09-24 13:30:00+00:00,590.4709403050862
2024-09-24 14:30:00+00:00,595.4050697010028
2024-09-24 15:30:00+00:00,591.0552194126813
2024-09-24 16:30:00+00:00,586.8244701217479
2024-09-24 17:30:00+00:00,595.0648856444743
2024-09-24 18:30:00+00:00,589.0803143112677
2024-09-24 19:30:00+00:00,595.4687448024991
2024-09-24 20:00:00+00:00,599.7244496003538
2024-09-24 21:00:00+00:00,589.051593912544
2024-09-24 22:00:00+00:00,592.4649643660782
2024-09-24 23:00:00+00:00,599.8864602245167
2024-09-25 08:00:00+00:00,597.3328354233984
2024-09-25 09:00:00+00:00,601.2783902013753
2024-09-25 10:00:00+00:00,599.3060976247568
2024-09-25 11:00:00+00:00,607.5407093337918
2024-09-25 12:00:00+00:00,613.5692415769514
2024-09-25 13:00:00+00:00,616.2001969079399
2024-09-25 13:30:00+00:00,617.1493495509623
2024-09-25 14:30:00+00:00,617.590009536559
2024-09-25 15:30:00+00:00,621.9643233904537
2024-09-25 16:30:00+00:00,625.5357157796022
2024-09-25 17:30:00+00:00,628.2075572934184
2024-09-25 18:30:00+00:00,622.23899852093
2024-09-25 19:30:00+00:00,619.7884629008599
2024-09-25 20:00:00+00:00,610.8778926746825
2024-09-25 21:00:00+00:00,610.7374018948734
2024-09-25 22:00:00+00:00,608.0796734246059
2024-09-25 23:00:00+00:00,613.2014342461157
2024-09-26 08:00:00+00:00,613.5490088650207
2024-09-26 09:00:00+00:00,607.8111642609201
2024-09-26 10:00:00+00:00,607.3982679392176
2024-09-26 11:00:00+00:00,596.2863824032748
2024-09-26 12:00:00+00:00,591.5769933337574
2024-09-26 13:00:00+00:00,588.0009044030066
2024-09-26 13:30:00+00:00,601.7198462055075
2024-09-26 14:30:00+00:00,600.4544407466752
2024-09-26 15:30:00+00:00,597.5924604566742
2024-09-26 16:30:00+00:00,603.7251357786278
2024-09-26 17:30:00+00:00,609.6303295662976
2024-09-26 18:30:00+00:00,609.5093894124211
2024-09-26 19:30:00+00:00,608.2014519362334
2024-09-26 20:00:00+00:00,608.8658456940044
2024-09-26 21:00:00+00:00,611.9559471867068
2024-09-26 22:00:00+00:00,606.3785537254072
2024-09-26 23:00:00+00:00,605.2585225794994
2024-09-27 08:00:00+00:00,598.6051815200557
2024-09-27 09:00:00+00:00,604.7020071869936
2024-09-27 10:00:00+00:00,612.4954697537753
2024-09-27 11:00:00+00:00,613.5854411311813
2024-09-27 12:00:00+00:00,603.9656143718441
2024-09-27 13:00:00+00:00,600.5272378194002
2024-09-27 13:30:00+00:00,598.3922614483041
2024-09-27 14:30:00+00:00,587.4550101192775
2024-09-27 15:30:00+00:00,590.7584499517867
2024-09-27 16:30:00+00:00,596.2178561440297
2024-09-27 17:30:00+00:00,592.2834627081892
2024-09-27 18:30:00+00:00,592.742469257844
2024-09-27 19:30:00+00:00,586.8934398476094
2024-09-27 20:00:00+00:00,592.2981633184127
2024-09-27 21:00:00+00:00,594.1826943158574
2024-09-27 22:00:00+00:00,599.3466394290017
2024-09-27 23:00:00+00:00,597.4762137503931
2024-09-30 08:00:00+00:00,606.3690254611743
2024-09-30 09:00:00+00:00,606.7577771027999
2024-09-30 10:00:00+00:00,604.4132710847853
2024-09-30 11:00:00+00:00,609.2459461047848
2024-09-30 12:00:00+00:00,606.3951364647893
2024-09-30 13:00:00+00:00,600.878733451774
2024-09-30 13:30:00+00:00,604.0598891587487
2024-09-30 14:30:00+00:00,604.8351271158227
2024-09-30 15:30:00+00:00,619.2766741416735
2024-09-30 16:30:00+00:00,620.744922807556
2024-09-30 17:30:00+00:00,624.5743029820053
2024-09-30 18:30:00+00:00,627.1965556454162
2024-09-30 19:30:00+00:00,627.0248374367759
2024-09-30 20:00:00+00:00,623.2580813705796
2024-09-30 21:00:00+00:00,623.4163959890476
2024-09-30 22:00:00+00:00,624.912868484354
2024-09-30 23:00:00+00:00,628.7517891288508
2024-10-01 08:00:00+00:00,620.3899155321768
2024-10-01 09:00:00+00:00,619.4137866358582
2024-10-01 10:00:00+00:00,621.8052491847371
2024-10-01 11:00:00+00:00,618.355324599231
2024-10-01 12:00:00+00:00,613.8787977330118
2024-10-01 13:00:00+00:00,617.5504805036013
2024-10-01 13:30:00+00:00,624.1438059952101
2024-10-01 14:30:00+00:00,626.7120022498082
2024-10-01 15:30:00+00:00,622.7530553799803
2024-10-01 16:30:00+00:00,632.919916198486
2024-10-01 17:30:00+00:00,630.278452007763
2024-10-01 18:30:00+00:00,630.4517490160828
2024-10-01 19:30:00+00:00,630.5802566672984
2024-10-01 20:00:00+00:00,621.4702674966114
2024-10-01 21:00:00+00:00,623.5390557788686
2024-10-01 22:00:00+00:00,627.3017050274209
2024-10-01 23:00:00+00:00,628.6043123989942
2024-10-02 08:00:00+00:00,628.6239745214602
2024-10-02 09:00:00+00:00,632.8618742288207
2024-10-02 10:00:00+00:00,630.2530947200034
2024-10-02 11:00:00+00:00,629.1399203597682
2024-10-02 12:00:00+00:00,626.9051470758459
2024-10-02 13:00:00+00:00,632.706783481087
2024-10-02 13:30:00+00:00,636.5354282192644
2024-10-02 14:30:00+00:00,638.4154608275315
2024-10-02 15:30:00+00:00,645.2714215562185
2024-10-02 16:30:00+00:00,644.1093565691721
2024-10-02 17:30:00+00:00,660.6084238423995
2024-10-02 18:30:00+00:00,657.6849053864557
2024-10-02 19:30:00+00:00,663.4730652990281
2024-10-02 20:00:00+00:00,666.9713267889093
2024-10-02 21:00:00+00:00,668.1416031857722
2024-10-02 22:00:00+00:00,653.0431644942744
2024-10-02 23:00:00+00:00,646.3830566764817
2024-10-03 08:00:00+00:00,640.7812752473309
2024-10-03 09:00:00+00:00,645.2799061143764
2024-10-03 10:00:00+00:00,654.9111167033846
2024-10-03 11:00:00+00:00,658.2118027032644
2024-10-03 12:00:00+00:00,653.4133341427249
2024-10-03 13:00:00+00:00,664.0812972822288
2024-10-03 13:30:00+00:00,677.1456076530193
2024-10-03 14:30:00+00:00,671.9856563711047
2024-10-03 15:30:00+00:00,676.0781409219045
2024-10-03 16:30:00+00:00,671.9915484969996
2024-10-03 17:30:00+00:00,677.0369193333499
2024-10-03 18:30:00+00:00,663.641099311743
2024-10-03 19:30:00+00:00,661.186299470252
2024-10-03 20:00:00+00:00,667.5608774589859
2024-10-03 21:00:00+00:00,664.1923469253163
2024-10-03 22:00:00+00:00,662.8209745057867
2024-10-03 23:00:00+00:00,667.3762234173616
2024-10-04 08:00:00+00:00,677.0232170257476
2024-10-04 09:00:00+00:00,681.9144917380829
2024-10-04 10:00:00+00:00,682.6898327021714
2024-10-04 11:00:00+00:00,696.0023455974916
2024-10-04 12:00:00+00:00,693.815890272166
2024-10-04 13:00:00+00:00,687.2761134175835
2024-10-04 13:30:00+00:00,700.9530469684532
2024-10-04 14:30:00+00:00,697.083856851303
2024-10-04 15:30:00+00:00,700.9530645604344
2024-10-04 16:30:00+00:00,704.6854833326237
2024-10-04 17:30:00+00:00,702.7430848835115
2024-10-04 18:30:00+00:00,697.8295411547906
2024-10-04 19:30:00+00:00,711.3507655285799
2024-10-04 20:00:00+00:00,701.8435233888655
2024-10-04 21:00:00+00:00,712.0937146775938
2024-10-04 22:00:00+00:00,718.7618051218965
2024-10-04 23:00:00+00:00,722.8116364733885
2024-10-07 08:00:00+00:00,718.6205141505254
2024-10-07 09:00:00+00:00,713.0527321842343
2024-10-07 10:00:00+00:00,722.1291087553486
2024-10-07 11:00:00+00:00,716.7017393428888
2024-10-07 12:00:00+00:00,723.9597323511928
2024-10-07 13:00:00+00:00,730.8940122906193
2024-10-07 13:30:00+00:00,725.1028365762006
2024-10-07 14:30:00+00:00,738.4989275517736
2024-10-07 15:30:00+00:00,746.5602892121925
2024-10-07 16:30:00+00:00,740.7358120992881
2024-10-07 17:30:00+00:00,739.109127168967
2024-10-07 18:30:00+00:00,740.5114022292603
2024-10-07 19:30:00+00:00,738.908639911656
2024-10-07 20:00:00+00:00,733.416031171122
2024-10-07 21:00:00+00:00,737.307515245053
2024-10-07 22:00:00+00:00,734.6446739322798
2024-10-07 23:00:00+00:00,737.4720500013598
2024-10-08 08:00:00+00:00,731.6484235608244
2024-10-08 09:00:00+00:00,733.7937986796409
2024-10-08 10:00:00+00:00,747.0797719423726
2024-10-08 11:00:00+00:00,740.5697657391283
2024-10-08 12:00:00+00:00,754.7940256963177
2024-10-08 13:00:00+00:00,756.432890373873
2024-10-08 13:30:00+00:00,751.867130637954
2024-10-08 14:30:00+00:00,757.309419460509
2024-10-08 15:30:00+00:00,765.7572664519694
2024-10-08 16:30:00+00:00,767.4942128043665
2024-10-08 17:30:00+00:00,760.1431342273684
2024-10-08 18:30:00+00:00,756.0807015631926
2024-10-08 19:30:00+00:00,746.4965798958688
2024-10-08 20:00:00+00:00,754.7334911000108
2024-10-08 21:00:00+00:00,757.6566272481681
2024-10-08 22:00:00+00:00,768.1269328026043
2024-10-08 23:00:00+00:00,754.9866520723749
2024-10-09 08:00:00+00:00,748.6157072307875
2024-10-09 09:00:00+00:00,750.5370278187363
2024-10-09 10:00:00+00:00,754.8940065467838
2024-10-09 11:00:00+00:00,753.9634260780805
2024-10-09 12:00:00+00:00,744.2075588867127
2024-10-09 13:00:00+00:00,755.583706594748
2024-10-09 13:30:00+00:00,768.4406274863671
2024-10-09 14:30:00+00:00,771.5167203950319
2024-10-09 15:30:00+00:00,777.8645865173173
2024-10-09 16:30:00+00:00,766.0031130195686
2024-10-09 17:30:00+00:00,763.2831781151667
2024-10-09 18:30:00+00:00,767.2418461677995
2024-10-09 19:30:00+00:00,774.0431166544962
2024-10-09 20:00:00+00:00,783.0214697921336
2024-10-09 21:00:00+00:00,766.6643972621318
2024-10-09 22:00:00+00:00,769.0360915816815
2024-10-09 23:00:00+00:00,776.011291698575
2024-10-10 08:00:00+00:00,780.2057619259928
2024-10-10 09:00:00+00:00,787.4295804282459
2024-10-10 10:00:00+00:00,780.9512274752417
2024-10-10 11:00:00+00:00,764.0989559979421
2024-10-10 12:00:00+00:00,753.7246629772262
2024-10-10 13:00:00+00:00,759.3012225671591
2024-10-10 13:30:00+00:00,756.180811860111
2024-10-10 14:30:00+00:00,767.8001094714988
2024-10-10 15:30:00+00:00,765.6766927493858
2024-10-10 16:30:00+00:00,776.4519878884096
2024-10-10 17:30:00+00:00,758.1988900220667
2024-10-10 18:30:00+00:00,756.4850038803451
2024-10-10 19:30:00+00:00,756.6795207461632
2024-10-10 20:00:00+00:00,747.7815876424492
2024-10-10 21:00:00+00:00,747.5325148345634
2024-10-10 22:00:00+00:00,751.9282071118047
2024-10-10 23:00:00+00:00,747.07250399055
2024-10-11 08:00:00+00:00,744.6590886642804
2024-10-11 09:00:00+00:00,747.023714048775
2024-10-11 10:00:00+00:00,744.1919122112836
2024-10-11 11:00:00+00:00,744.9797314130335
2024-10-11 12:00:00+00:00,729.2262193177179
2024-10-11 13:00:00+00:00,737.1237376002947
2024-10-11 13:30:00+00:00,739.6281678570631
2024-10-11 14:30:00+00:00,732.0354128274971
2024-10-11 15:30:00+00:00,741.9756358232
2024-10-11 16:30:00+00:00,746.0809165243809
2024-10-11 17:30:00+00:00,753.8846219844113
2024-10-11 18:30:00+00:00,770.0876046663566
2024-10-11 19:30:00+00:00,773.6371879597101
2024-10-11 20:00:00+00:00,768.7741577446271
2024-10-11 21:00:00+00:00,771.9053967349226
2024-10-11 22:00:00+00:00,773.6065597850834
2024-10-11 23:00:00+00:00,780.6582314663208
2024-10-14 08:00:00+00:00,792.8755085405661
2024-10-14 09:00:00+00:00,780.5935684953857
2024-10-14 10:00:00+00:00,777.6071734975171
2024-10-14 11:00:00+00:00,776.6853105812027
2024-10-14 12:00:00+00:00,773.7370055484985
2024-10-14 13:00:00+00:00,778.743211906328
2024-10-14 13:30:00+00:00,778.5447889200433
2024-10-14 14:30:00+00:00,779.8582867938919
2024-10-14 15:30:00+00:00,786.1006870211463
2024-10-14 16:30:00+00:00,788.5302505794739
2024-10-14 17:30:00+00:00,790.2468258985588
2024-10-14 18:30:00+00:00,800.3668140303424
2024-10-14 19:30:00+00:00,812.7856475444449
2024-10-14 20:00:00+00:00,834.2783684223884
2024-10-14 21:00:00+00:00,834.5743561597739
2024-10-14 22:00:00+00:00,830.540832999117
2024-10-14 23:00:00+00:00,836.1268054765393
2024-10-15 08:00:00+00:00,832.4440555504361
2024-10-15 09:00:00+00:00,836.6505679179083
2024-10-15 10:00:00+00:00,833.4923110022696
2024-10-15 11:00:00+00:00,844.1409172280879
2024-10-15 12:00:00+00:00,844.7642531919241
2024-10-15 13:00:00+00:00,841.441939778126
2024-10-15 13:30:00+00:00,847.468072393056
2024-10-15 14:30:00+00:00,846.7934026290488
2024-10-15 15:30:00+00:00,845.3259640255494
2024-10-15 16:30:00+00:00,841.8305891658251
2024-10-15 17:30:00+00:00,837.5742118078618
2024-10-15 18:30:00+00:00,836.1469470010595
2024-10-15 19:30:00+00:00,829.4805747879245
2024-10-15 20:00:00+00:00,827.1171790854787
2024-10-15 21:00:00+00:00,816.8415597315188
2024-10-15 22:00:00+00:00,816.2640118208931
2024-10-15 23:00:00+00:00,813.0502823123093
2024-10-16 08:00:00+00:00,825.4732185177927
2024-10-16 09:00:00+00:00,820.0888102988313
2024-10-16 10:00:00+00:00,813.0539719735876
2024-10-16 11:00:00+00:00,824.9389857750939
2024-10-16 12:00:00+00:00,821.7940675350909
2024-10-16 13:00:00+00:00,827.1854357147475
2024-10-16 13:30:00+00:00,825.092185549174
2024-10-16 14:30:00+00:00,817.3827189512796
2024-10-16 15:30:00+00:00,827.5208974167851
2024-10-16 16:30:00+00:00,839.3018263171684
2024-10-16 17:30:00+00:00,834.8411800860518
2024-10-16 18:30:00+00:00,848.2062593859001
2024-10-16 19:30:00+00:00,845.0354723047918
2024-10-16 20:00:00+00:00,836.1267229911524
2024-10-16 21:00:00+00:00,829.1330944286678
2024-10-16 22:00:00+00:00,832.6090285107888
2024-10-16 23:00:00+00:00,845.5489811535375
2024-10-17 08:00:00+00:00,843.0256185468482
2024-10-17 09:00:00+00:00,840.9582087048043
2024-10-17 10:00:00+00:00,846.6782493007366
2024-10-17 11:00:00+00:00,839.8589848267897
2024-10-17 12:00:00+00:00,848.8525394414102
2024-10-17 13:00:00+00:00,853.1133561232201
2024-10-17 13:30:00+00:00,862.8337255221165
2024-10-17 14:30:00+00:00,865.7508074033738
2024-10-17 15:30:00+00:00,874.7549731309075
2024-10-17 16:30:00+00:00,865.1624429915795
2024-10-17 17:30:00+00:00,860.8275465810453
2024-10-17 18:30:00+00:00,854.2298705318741
2024-10-17 19:30:00+00:00,854.2558114767762
2024-10-17 20:00:00+00:00,855.8491283762131
2024-10-17 21:00:00+00:00,851.2273443936075
2024-10-17 22:00:00+00:00,868.9685283330789
2024-10-17 23:00:00+00:00,860.1306114769615
2024-10-18 08:00:00+00:00,856.2102841349762
2024-10-18 09:00:00+00:00,856.3531083358305
2024-10-18 10:00:00+00:00,852.453996562018
2024-10-18 11:00:00+00:00,841.8818257539283
2024-10-18 12:00:00+00:00,839.7806265514416
2024-10-18 13:00:00+00:00,861.0439954119281
2024-10-18 13:30:00+00:00,864.8697647068112
2024-10-18 14:30:00+00:00,858.6848033693692
2024-10-18 15:30:00+00:00,849.1701611922254
2024-10-18 16:30:00+00:00,852.0061917655884
2024-10-18 17:30:00+00:00,846.0481109090919
2024-10-18 18:30:00+00:00,839.3523387264005
2024-10-18 19:30:00+00:00,840.6262958806667
2024-10-18 20:00:00+00:00,829.2234624588876
2024-10-18 21:00:00+00:00,826.3039223786042
2024-10-18 22:00:00+00:00,810.0311321678184
2024-10-18 23:00:00+00:00,814.1059616669287
2024-10-21 08:00:00+00:00,816.678922188767
2024-10-21 09:00:00+00:00,818.3473509452781
2024-10-21 10:00:00+00:00,816.2216189084544
2024-10-21 11:00:00+00:00,823.0963778326765
2024-10-21 12:00:00+00:00,811.9530448289166
2024-10-21 13:00:00+00:00,807.4358299356147
2024-10-21 13:30:00+00:00,813.7037419933439
2024-10-21 14:30:00+00:00,806.2545600354473
2024-10-21 15:30:00+00:00,826.0017099637121
2024-10-21 16:30:00+00:00,831.0312799943266
2024-10-21 17:30:00+00:00,845.3198869476677
2024-10-21 18:30:00+00:00,849.707079243103
2024-10-21 19:30:00+00:00,873.1734936908734
2024-10-21 20:00:00+00:00,883.7397394273872
2024-10-21 21:00:00+00:00,890.3440189260318
2024-10-21 22:00:00+00:00,897.2708452152503
2024-10-21 23:00:00+00:00,887.2452238371648
2024-10-22 08:00:00+00:00,891.8879082312586
2024-10-22 09:00:00+00:00,893.5136224471471
2024-10-22 10:00:00+00:00,904.2552556087031
2024-10-22 11:00:00+00:00,910.6485977361184
2024-10-22 12:00:00+00:00,912.1613669132113
2024-10-22 13:00:00+00:00,914.5590648666229
2024-10-22 13:30:00+00:00,930.1454269566545
2024-10-22 14:30:00+00:00,912.8017737327449
2024-10-22 15:30:00+00:00,916.7961995982081
2024-10-22 16:30:00+00:00,933.2054087974683
2024-10-22 17:30:00+00:00,929.7025977358775
2024-10-22 18:30:00+00:00,914.052962009136
2024-10-22 19:30:00+00:00,902.5890959661959
2024-10-22 20:00:00+00:00,914.434480054248
2024-10-22 21:00:00+00:00,921.6161500907212
2024-10-22 22:00:00+00:00,909.1954418988042
2024-10-22 23:00:00+00:00,907.4258174485484
2024-10-23 08:00:00+00:00,908.8610837514767
2024-10-23 09:00:00+00:00,919.9419166111892
2024-10-23 10:00:00+00:00,908.5809171341905
2024-10-23 11:00:00+00:00,898.3721158891371
2024-10-23 12:00:00+00:00,907.2999008341224
2024-10-23 13:00:00+00:00,880.9038461317477
2024-10-23 13:30:00+00:00,890.7268940983887
2024-10-23 14:30:00+00:00,892.6243521843253
2024-10-23 15:30:00+00:00,898.0108274495203
2024-10-23 16:30:00+00:00,880.3688759024973
2024-10-23 17:30:00+00:00,883.2266483206946
2024-10-23 18:30:00+00:00,879.5017486866774
2024-10-23 19:30:00+00:00,884.0861602540128
2024-10-23 20:00:00+00:00,876.1005804123571
2024-10-23 21:00:00+00:00,877.7168431600289
2024-10-23 22:00:00+00:00,888.267288495252
2024-10-23 23:00:00+00:00,890.9614599638514
2024-10-24 08:00:00+00:00,878.9227520751225
2024-10-24 09:00:00+00:00,859.7582036864608
2024-10-24 10:00:00+00:00,852.0547408981128
2024-10-24 11:00:00+00:00,849.0394011919885
2024-10-24 12:00:00+00:00,858.583733697272
2024-10-24 13:00:00+00:00,848.6494962252423
2024-10-24 13:30:00+00:00,841.8590431686757
2024-10-24 14:30:00+00:00,842.7601621316634
2024-10-24 15:30:00+00:00,857.3771020853129
2024-10-24 16:30:00+00:00,858.589356483255
2024-10-24 17:30:00+00:00,854.0325755616316
2024-10-24 18:30:00+00:00,841.9944155606389
2024-10-24 19:30:00+00:00,830.4015395800626
2024-10-24 20:00:00+00:00,828.3041602307076
2024-10-24 21:00:00+00:00,829.8174140900737
2024-10-24 22:00:00+00:00,837.6654857914259
2024-10-24 23:00:00+00:00,830.1032386696376
2024-10-25 08:00:00+00:00,827.6377597482772
2024-10-25 09:00:00+00:00,837.636274504865
2024-10-25 10:00:00+00:00,842.4765234767216
2024-10-25 11:00:00+00:00,843.0422671484163
2024-10-25 12:00:00+00:00,845.5203034658432
2024-10-25 13:00:00+00:00,853.4494519839217
2024-10-25 13:30:00+00:00,848.2576786509792
2024-10-25 14:30:00+00:00,845.2362938984325
2024-10-25 15:30:00+00:00,864.8030155159956
2024-10-25 16:30:00+00:00,847.7243509943166
2024-10-25 17:30:00+00:00,853.6219320691516
2024-10-25 18:30:00+00:00,854.8844645596863
2024-10-25 19:30:00+00:00,870.1215340972643
2024-10-25 20:00:00+00:00,868.5636714308819
2024-10-25 21:00:00+00:00,856.8478525774636
2024-10-25 22:00:00+00:00,854.4142514031643
2024-10-25 23:00:00+00:00,855.0938657966999
2024-10-28 08:00:00+00:00,856.0306034402586
2024-10-28 09:00:00+00:00,872.5095568550835
2024-10-28 10:00:00+00:00,879.0947983912316
2024-10-28 11:00:00+00:00,886.6789130539289
2024-10-28 12:00:00+00:00,889.7586838414416
2024-10-28 13:00:00+00:00,892.9648567327902
2024-10-28 13:30:00+00:00,903.6765173608587
2024-10-28 14:30:00+00:00,912.2441571402333
2024-10-28 15:30:00+00:00,899.6470071209785
2024-10-28 16:30:00+00:00,892.9352131033851
2024-10-28 17:30:00+00:00,898.055250695045
2024-10-28 18:30:00+00:00,912.5058072095123
2024-10-28 19:30:00+00:00,912.1243084012485
2024-10-28 20:00:00+00:00,913.1163571656022
2024-10-28 21:00:00+00:00,921.9871332760627
2024-10-28 22:00:00+00:00,930.0604377146794
2024-10-28 23:00:00+00:00,940.0646020417464
2024-10-29 08:00:00+00:00,947.0883851969536
2024-10-29 09:00:00+00:00,930.708526728769
2024-10-29 10:00:00+00:00,935.1546060960819
2024-10-29 11:00:00+00:00,926.3634267957851
2024-10-29 12:00:00+00:00,928.3938510075743
2024-10-29 13:00:00+00:00,925.3247844675092
2024-10-29 13:30:00+00:00,916.8443533110963
2024-10-29 14:30:00+00:00,901.852103065178
2024-10-29 15:30:00+00:00,907.430412387621
2024-10-29 16:30:00+00:00,923.4701756253604
2024-10-29 17:30:00+00:00,926.2933710252014
2024-10-29 18:30:00+00:00,940.542923746518
2024-10-29 19:30:00+00:00,933.6993886374822
2024-10-29 20:00:00+00:00,913.0491476031423
2024-10-29 21:00:00+00:00,913.6805271829735
2024-10-29 22:00:00+00:00,913.9445447539232
2024-10-29 23:00:00+00:00,912.7480723981063
2024-10-30 08:00:00+00:00,909.8216980840502
2024-10-30 09:00:00+00:00,897.0949924418151
2024-10-30 10:00:00+00:00,897.9701682141202
2024-10-30 11:00:00+00:00,890.9611911147091
2024-10-30 12:00:00+00:00,887.1583033866704
2024-10-30 13:00:00+00:00,877.2735940768963
2024-10-30 13:30:00+00:00,892.5065969743703
2024-10-30 14:30:00+00:00,882.6617264911469
2024-10-30 15:30:00+00:00,875.3215589571681
2024-10-30 16:30:00+00:00,880.559185719201
2024-10-30 17:30:00+00:00,887.499521165655
2024-10-30 18:30:00+00:00,893.0008443748002
2024-10-30 19:30:00+00:00,891.408151641753
2024-10-30 20:00:00+00:00,893.3705709580443
2024-10-30 21:00:00+00:00,898.6664268812652
2024-10-30 22:00:00+00:00,897.8278324669593
2024-10-30 23:00:00+00:00,886.624055896855
2024-10-31 08:00:00+00:00,898.117380913329
2024-10-31 09:00:00+00:00,899.6735466648003
2024-10-31 10:00:00+00:00,887.1097690280105
2024-10-31 11:00:00+00:00,898.1177216346628
2024-10-31 12:00:00+00:00,904.3283839285966
2024-10-31 13:00:00+00:00,906.8289481364368
2024-10-31 13:30:00+00:00,897.6784316575583
2024-10-31 14:30:00+00:00,894.5601894462482
2024-10-31 15:30:00+00:00,876.8459958319611
2024-10-31 16:30:00+00:00,871.321176100398
2024-10-31 17:30:00+00:00,875.6312348608596
2024-10-31 18:30:00+00:00,887.4061904871489
2024-10-31 19:30:00+00:00,869.4655619066084
2024-10-31 20:00:00+00:00,867.6983119278649
2024-10-31 21:00:00+00:00,862.5141691088487
2024-10-31 22:00:00+00:00,857.3716491571381
2024-10-31 23:00:00+00:00,859.3704486608577
2024-11-01 08:00:00+00:00,864.1002171821187
2024-11-01 09:00:00+00:00,860.7727603770318
2024-11-01 10:00:00+00:00,855.3467399381999
2024-11-01 11:00:00+00:00,844.6464118228819
2024-11-01 12:00:00+00:00,841.4433383692245
2024-11-01 13:00:00+00:00,840.9028572547701
2024-11-01 13:30:00+00:00,830.0437879451713
2024-11-01 14:30:00+00:00,837.4240909887282
2024-11-01 15:30:00+00:00,836.0686689456545
2024-11-01 16:30:00+00:00,852.3855000667199
2024-11-01 17:30:00+00:00,853.0435064974679
2024-11-01 18:30:00+00:00,852.7828481132173
2024-11-01 19:30:00+00:00,849.7999652721138
2024-11-01 20:00:00+00:00,850.7749479798373
2024-11-01 21:00:00+00:00,850.8740202622286
2024-11-01 22:00:00+00:00,851.8328082253239
2024-11-01 23:00:00+00:00,839.3836081830192
2024-11-04 09:00:00+00:00,849.5930635611533
2024-11-04 10:00:00+00:00,845.0150559766295
2024-11-04 11:00:00+00:00,847.3169774075908
2024-11-04 12:00:00+00:00,851.2326823447486
2024-11-04 13:00:00+00:00,844.3324778992745
2024-11-04 14:00:00+00:00,850.1232891081352
2024-11-04 14:30:00+00:00,852.6712179374935
2024-11-04 15:30:00+00:00,857.5313267242823
2024-11-04 16:30:00+00:00,841.1243638231584
2024-11-04 17:30:00+00:00,843.6073980648977
2024-11-04 18:30:00+00:00,849.6021732369613
2024-11-04 19:30:00+00:00,860.2940182327092
2024-11-04 20:30:00+00:00,864.6643161247284
2024-11-04 21:00:00+00:00,870.3605422237983
2024-11-04 22:00:00+00:00,875.558301170095
2024-11-04 23:00:00+00:00,871.2317016503163
2024-11-05 09:00:00+00:00,869.1406187076973
2024-11-05 10:00:00+00:00,868.4615192765567
2024-11-05 11:00:00+00:00,878.6892064556449
2024-11-05 12:00:00+00:00,869.7358886692364
2024-11-05 13:00:00+00:00,871.9546018288451
2024-11-05 14:00:00+00:00,867.1910050375735
2024-11-05 14:30:00+00:00,859.6830163881931
2024-11-05 15:30:00+00:00,849.8906474495018
2024-11-05 16:30:00+00:00,843.0389290534763
2024-11-05 17:30:00+00:00,840.2946339235461
2024-11-05 18:30:00+00:00,838.3662414580727
2024-11-05 19:30:00+00:00,837.3524077596313
2024-11-05 20:30:00+00:00,845.317316381718
2024-11-05 21:00:00+00:00,846.1059766110307
2024-11-05 22:00:00+00:00,853.6780814510568
2024-11-05 23:00:00+00:00,856.8533319012145
2024-11-06 09:00:00+00:00,852.7830794242216
2024-11-06 10:00:00+00:00,846.3917972909484
2024-11-06 11:00:00+00:00,852.876957256213
2024-11-06 12:00:00+00:00,842.1041027551684
2024-11-06 13:00:00+00:00,844.9398207180816
2024-11-06 14:00:00+00:00,837.6460344318266
2024-11-06 14:30:00+00:00,836.2596289473055
2024-11-06 15:30:00+00:00,847.4502560082353
2024-11-06 16:30:00+00:00,843.0259185977956
2024-11-06 17:30:00+00:00,846.2211369778477
2024-11-06 18:30:00+00:00,837.7199409853715
2024-11-06 19:30:00+00:00,830.6643010277652
2024-11-06 20:30:00+00:00,826.6308051460015
2024-11-06 21:00:00+00:00,827.5719665861077
2024-11-06 22:00:00+00:00,829.7671963335923
2024-11-06 23:00:00+00:00,834.3234641152653
2024-11-07 09:00:00+00:00,810.3672246567692
2024-11-07 10:00:00+00:00,796.4161607791547
2024-11-07 11:00:00+00:00,797.8476926615077
2024-11-07 12:00:00+00:00,801.7694281955955
2024-11-07 13:00:00+00:00,795.2136756169546
2024-11-07 14:00:00+00:00,796.6460862008303
2024-11-07 14:30:00+00:00,816.2833372229561
2024-11-07 15:30:00+00:00,813.9493837333114
2024-11-07 16:30:00+00:00,815.5630234958504
2024-11-07 17:30:00+00:00,814.8985582309377
2024-11-07 18:30:00+00:00,822.0246886782081
2024-11-07 19:30:00+00:00,831.4529107741753
2024-11-07 20:30:00+00:00,828.7539252364153
2024-11-07 21:00:00+00:00,824.2425983161703
2024-11-07 22:00:00+00:00,817.8560917659203
2024-11-07 23:00:00+00:00,814.8351217162922
2024-11-08 09:00:00+00:00,813.5063037145859
2024-11-08 10:00:00+00:00,813.4631926396124
2024-11-08 11:00:00+00:00,821.059095917506
2024-11-08 12:00:00+00:00,807.8677706548877
2024-11-08 13:00:00+00:00,809.3985143571753
2024-11-08 14:00:00+00:00,812.391407661679
2024-11-08 14:30:00+00:00,814.6670024692097
2024-11-08 15:30:00+00:00,830.4149940467389
2024-11-08 16:30:00+00:00,833.4227728199155
2024-11-08 17:30:00+00:00,829.6390649938429
2024-11-08 18:30:00+00:00,831.5819766840127
2024-11-08 19:30:00+00:00,839.1105406000597
2024-11-08 20:30:00+00:00,834.2274397766292
2024-11-08 21:00:00+00:00,831.3561085730739
2024-11-08 22:00:00+00:00,835.5101632049721
2024-11-08 23:00:00+00:00,817.4474032005505
2024-11-11 09:00:00+00:00,817.4431459399979
2024-11-11 10:00:00+00:00,819.1156328245474
2024-11-11 11:00:00+00:00,816.1225782608948
2024-11-11 12:00:00+00:00,809.9049526747169
2024-11-11 13:00:00+00:00,811.7354090155827
2024-11-11 14:00:00+00:00,808.466112268485
2024-11-11 14:30:00+00:00,804.4745586209363
2024-11-11 15:30:00+00:00,804.2988564926361
2024-11-11 16:30:00+00:00,796.3678111088703
2024-11-11 17:30:00+00:00,805.1851022629554
2024-11-11 18:30:00+00:00,821.8133509307133
2024-11-11 19:30:00+00:00,831.3964101348464
2024-11-11 20:30:00+00:00,829.878111932857
2024-11-11 21:00:00+00:00,839.2067768266469
2024-11-11 22:00:00+00:00,838.2118147032966
2024-11-11 23:00:00+00:00,833.6106244666585
2024-11-12 09:00:00+00:00,829.586204102889
2024-11-12 10:00:00+00:00,831.3654009107114
2024-11-12 11:00:00+00:00,832.1665566808257
2024-11-12 12:00:00+00:00,834.9065092289953
2024-11-12 13:00:00+00:00,821.2250806119603
2024-11-12 14:00:00+00:00,821.1883833921534
2024-11-12 14:30:00+00:00,831.2933533619629
2024-11-12 15:30:00+00:00,831.8093793324572
2024-11-12 16:30:00+00:00,835.3604927703142
2024-11-12 17:30:00+00:00,847.2004506219306
2024-11-12 18:30:00+00:00,852.6636497877299
2024-11-12 19:30:00+00:00,858.0084680307051
2024-11-12 20:30:00+00:00,844.3671748569078
2024-11-12 21:00:00+00:00,845.6250524376117
2024-11-12 22:00:00+00:00,849.8167252686508
2024-11-12 23:00:00+00:00,851.8892261005625
2024-11-13 09:00:00+00:00,852.6407599667522
2024-11-13 10:00:00+00:00,856.3705243709559
2024-11-13 11:00:00+00:00,869.973615862316
2024-11-13 12:00:00+00:00,866.6911878692882
2024-11-13 13:00:00+00:00,870.6533441544152
2024-11-13 14:00:00+00:00,863.9035348937407
2024-11-13 14:30:00+00:00,850.7555336602927
2024-11-13 15:30:00+00:00,852.4547779131863
2024-11-13 16:30:00+00:00,878.9550206053884
2024-11-13 17:30:00+00:00,870.9888113894601
2024-11-13 18:30:00+00:00,877.8190689928024
2024-11-13 19:30:00+00:00,879.8286867295036
2024-11-13 20:30:00+00:00,865.1026124994074
2024-11-13 21:00:00+00:00,858.2714545407787
2024-11-13 22:00:00+00:00,871.2625909622452
2024-11-13 23:00:00+00:00,862.3937310704877
2024-11-14 09:00:00+00:00,859.6260926390755
2024-11-14 10:00:00+00:00,868.4649593627865
2024-11-14 11:00:00+00:00,859.5409198698413
2024-11-14 12:00:00+00:00,864.7342679937955
2024-11-14 13:00:00+00:00,861.8490550935455
2024-11-14 14:00:00+00:00,856.7021914140138
2024-11-14 14:30:00+00:00,859.1537829876877
2024-11-14 15:30:00+00:00,858.8993544768391
2024-11-14 16:30:00+00:00,860.4919383386793
2024-11-14 17:30:00+00:00,868.7164998586283
2024-11-14 18:30:00+00:00,869.8573323276286
2024-11-14 19:30:00+00:00,870.7115110443062
2024-11-14 20:30:00+00:00,857.1275216148682
2024-11-14 21:00:00+00:00,846.7561512150352
2024-11-14 22:00:00+00:00,833.3094034883794
2024-11-14 23:00:00+00:00,829.2064883017265
2024-11-15 09:00:00+00:00,826.178653041836
2024-11-15 10:00:00+00:00,823.2380569065082
2024-11-15 11:00:00+00:00,817.440720401058
2024-11-15 12:00:00+00:00,820.0985686992021
2024-11-15 13:00:00+00:00,815.5324752102664
2024-11-15 14:00:00+00:00,814.7611272935364
2024-11-15 14:30:00+00:00,811.9018124002092
2024-11-15 15:30:00+00:00,815.3341420134991
2024-11-15 16:30:00+00:00,813.5436568453113
2024-11-15 17:30:00+00:00,824.0195832449494
2024-11-15 18:30:00+00:00,818.0892363439914
2024-11-15 19:30:00+00:00,824.9863975283818
2024-11-15 20:30:00+00:00,823.7564785847102
2024-11-15 21:00:00+00:00,827.4373003649716
2024-11-15 22:00:00+00:00,837.5495653293526
2024-11-15 23:00:00+00:00,828.85290688429
2024-11-18 09:00:00+00:00,831.022870424236
2024-11-18 10:00:00+00:00,827.2925198116736
2024-11-18 11:00:00+00:00,834.832361015459
2024-11-18 12:00:00+00:00,833.7876294923071
2024-11-18 13:00:00+00:00,838.036221601681
2024-11-18 14:00:00+00:00,836.952825598437
2024-11-18 14:30:00+00:00,826.0783431060609
2024-11-18 15:30:00+00:00,821.0725329422512
2024-11-18 16:30:00+00:00,833.8966690851095
2024-11-18 17:30:00+00:00,826.9419301396161
2024-11-18 18:30:00+00:00,834.8429560683179
2024-11-18 19:30:00+00:00,838.6719387667819
2024-11-18 20:30:00+00:00,843.9451487764691
2024-11-18 21:00:00+00:00,849.3709482823889
2024-11-18 22:00:00+00:00,849.3528990543396
2024-11-18 23:00:00+00:00,841.3149353868585
2024-11-19 09:00:00+00:00,849.1348341435089
2024-11-19 10:00:00+00:00,857.6115023948084
2024-11-19 11:00:00+00:00,862.1443905075109
2024-11-19 12:00:00+00:00,873.0595956086552
2024-11-19 13:00:00+00:00,872.871224572297
2024-11-19 14:00:00+00:00,861.5135240535863
2024-11-19 14:30:00+00:00,865.2216664149043
2024-11-19 15:30:00+00:00,870.1109043120437
2024-11-19 16:30:00+00:00,861.327291719977
2024-11-19 17:30:00+00:00,857.5458219271246
2024-11-19 18:30:00+00:00,873.2801437022463
2024-11-19 19:30:00+00:00,865.4727003066058
2024-11-19 20:30:00+00:00,859.6223792845029
2024-11-19 21:00:00+00:00,867.7633134228018
2024-11-19 22:00:00+00:00,862.8666482198039
2024-11-19 23:00:00+00:00,859.2940110711995
2024-11-20 09:00:00+00:00,867.1989555780784
2024-11-20 10:00:00+00:00,862.8468337337933
2024-11-20 11:00:00+00:00,868.2712664347816
2024-11-20 12:00:00+00:00,884.331108718736
2024-11-20 13:00:00+00:00,885.0576912200854
2024-11-20 14:00:00+00:00,883.3806126704114
2024-11-20 14:30:00+00:00,896.6263652990706
2024-11-20 15:30:00+00:00,886.5804826410649
2024-11-20 16:30:00+00:00,877.2059829784671
2024-11-20 17:30:00+00:00,883.7525985025916
2024-11-20 18:30:00+00:00,876.2373730357862
2024-11-20 19:30:00+00:00,881.3002967558718
2024-11-20 20:30:00+00:00,865.8261366106942
2024-11-20 21:00:00+00:00,864.5216499430394
2024-11-20 22:00:00+00:00,877.2815461817809
2024-11-20 23:00:00+00:00,871.4448647362923
2024-11-21 09:00:00+00:00,875.5015794589345
2024-11-21 10:00:00+00:00,873.7355370967754
2024-11-21 11:00:00+00:00,881.9010638428224
2024-11-21 12:00:00+00:00,887.9812271031194
2024-11-21 13:00:00+00:00,876.0273321437328
2024-11-21 14:00:00+00:00,874.1288692377071
2024-11-21 14:30:00+00:00,866.3665454532235
2024-11-21 15:30:00+00:00,854.5378817197568
2024-11-21 16:30:00+00:00,848.2053272499887
2024-11-21 17:30:00+00:00,840.4807057268737
2024-11-21 18:30:00+00:00,831.1592905073135
2024-11-21 19:30:00+00:00,825.1157097474169
2024-11-21 20:30:00+00:00,835.6995829631495
2024-11-21 21:00:00+00:00,836.2818596991121
2024-11-21 22:00:00+00:00,831.0193893262843
2024-11-21 23:00:00+00:00,813.8939728920717
2024-11-22 09:00:00+00:00,810.7379554365542
2024-11-22 10:00:00+00:00,820.7062569824525
2024-11-22 11:00:00+00:00,813.7302081200063
2024-11-22 12:00:00+00:00,820.228170794697
2024-11-22 13:00:00+00:00,818.0089758647641
2024-11-22 14:00:00+00:00,813.4952113258543
2024-11-22 14:30:00+00:00,810.3912764139938
2024-11-22 15:30:00+00:00,803.6248113124173
2024-11-22 16:30:00+00:00,796.328646742054
2024-11-22 17:30:00+00:00,790.0285445463862
2024-11-22 18:30:00+00:00,789.9122106903123
2024-11-22 19:30:00+00:00,774.104321335185
2024-11-22 20:30:00+00:00,774.6971761797313
2024-11-22 21:00:00+00:00,777.5456598579636
2024-11-22 22:00:00+00:00,789.0121302284614
2024-11-22 23:00:00+00:00,787.6189828139982
2024-11-25 09:00:00+00:00,794.643664171989
2024-11-25 10:00:00+00:00,783.3050119010566
2024-11-25 11:00:00+00:00,779.7683104407589
2024-11-25 12:00:00+00:00,772.8584225669074
2024-11-25 13:00:00+00:00,766.2109257859772
2024-11-25 14:00:00+00:00,766.206216824524
2024-11-25 14:30:00+00:00,760.9552267906574
2024-11-25 15:30:00+00:00,763.3575646059717
2024-11-25 16:30:00+00:00,775.6315671130355
2024-11-25 17:30:00+00:00,778.4378508363957
2024-11-25 18:30:00+00:00,773.3105652457097
2024-11-25 19:30:00+00:00,773.5326778183875
2024-11-25 20:30:00+00:00,780.3920232618384
2024-11-25 21:00:00+00:00,775.8343575987066
2024-11-25 22:00:00+00:00,771.7462571096679
2024-11-25 23:00:00+00:00,766.1594057247067
2024-11-26 09:00:00+00:00,770.1962272653166
2024-11-26 10:00:00+00:00,782.7878671453645
2024-11-26 11:00:00+00:00,763.4055216436007
2024-11-26 12:00:00+00:00,766.9487491763341
2024-11-26 13:00:00+00:00,771.3280481295528
2024-11-26 14:00:00+00:00,765.4795013767629
2024-11-26 14:30:00+00:00,753.5576289032573
2024-11-26 15:30:00+00:00,755.2450866496154
2024-11-26 16:30:00+00:00,757.580307003008
2024-11-26 17:30:00+00:00,758.5717617514188
2024-11-26 18:30:00+00:00,763.4572938785984
2024-11-26 19:30:00+00:00,768.3634490981224
2024-11-26 20:30:00+00:00,773.6380156975223
2024-11-26 21:00:00+00:00,783.0323148287216
2024-11-26 22:00:00+00:00,784.5486357846896
2024-11-26 23:00:00+00:00,782.5455283228655
2024-11-27 09:00:00+00:00,778.3251051105082
2024-11-27 10:00:00+00:00,768.9012110425168
2024-11-27 11:00:00+00:00,768.8561641020707
2024-11-27 12:00:00+00:00,770.0722031569394
2024-11-27 13:00:00+00:00,773.8002176199262
2024-11-27 14:00:00+00:00,768.7379764255514
2024-11-27 14:30:00+00:00,780.2965521244108
2024-11-27 15:30:00+00:00,774.167083029341
2024-11-27 16:30:00+00:00,775.9923975346179
2024-11-27 17:30:00+00:00,768.7620286178561
2024-11-27 18:30:00+00:00,767.000743532189
2024-11-27 19:30:00+00:00,766.5869496519451
2024-11-27 20:30:00+00:00,770.4602210061344
2024-11-27 21:00:00+00:00,770.9012848213654
2024-11-27 22:00:00+00:00,771.6620775203146
2024-11-27 23:00:00+00:00,780.497224562252
2024-11-29 09:00:00+00:00,778.185408951883
2024-11-29 10:00:00+00:00,760.7291974660063
2024-11-29 11:00:00+00:00,755.7312812176785
2024-11-29 12:00:00+00:00,756.2804315703848
2024-11-29 13:00:00+00:00,762.5703932419187
2024-11-29 14:00:00+00:00,765.0844274470227
2024-11-29 14:30:00+00:00,757.4882308692144
2024-11-29 15:30:00+00:00,747.3835481393829
2024-11-29 16:30:00+00:00,742.8508969025983
2024-11-29 18:00:00+00:00,739.9709580298269
2024-11-29 19:00:00+00:00,734.4362793008389
2024-11-29 20:00:00+00:00,728.3149818350314
2024-11-29 21:00:00+00:00,736.3269738302392
2024-12-02 09:00:00+00:00,720.5415653925448
2024-12-02 10:00:00+00:00,727.3802546014804
2024-12-02 11:00:00+00:00,717.2159724697977
2024-12-02 12:00:00+00:00,718.0029947428693
2024-12-02 13:00:00+00:00,719.896610121997
2024-12-02 14:00:00+00:00,715.9556104389654
2024-12-02 14:30:00+00:00,716.0797534230346
2024-12-02 15:30:00+00:00,716.4011950584458
2024-12-02 16:30:00+00:00,713.1953885880174
2024-12-02 17:30:00+00:00,712.389051692916
2024-12-02 18:30:00+00:00,704.8542408690543
2024-12-02 19:30:00+00:00,694.6704214833927
2024-12-02 20:30:00+00:00,693.903121016078
2024-12-02 21:00:00+00:00,698.0901284676027
2024-12-02 22:00:00+00:00,699.8257781685581
2024-12-02 23:00:00+00:00,715.8045372056358
2024-12-03 09:00:00+00:00,728.3845164612624
2024-12-03 10:00:00+00:00,727.4838869179612
2024-12-03 11:00:00+00:00,723.1916334690764
2024-12-03 12:00:00+00:00,730.6239391719901
2024-12-03 13:00:00+00:00,728.0007607469761
2024-12-03 14:00:00+00:00,733.7422951870691
2024-12-03 14:30:00+00:00,737.9517392189767
2024-12-03 15:30:00+00:00,731.7741607089062
2024-12-03 16:30:00+00:00,729.8747291019017
2024-12-03 17:30:00+00:00,739.489474606261
2024-12-03 18:30:00+00:00,741.1727683393794
2024-12-03 19:30:00+00:00,743.2867552382975
2024-12-03 20:30:00+00:00,733.3698628409367
2024-12-03 21:00:00+00:00,720.3307315576131
2024-12-03 22:00:00+00:00,719.5844586934845
2024-12-03 23:00:00+00:00,713.2889777817454
2024-12-04 09:00:00+00:00,712.1251210182974
2024-12-04 10:00:00+00:00,714.2346579873869
2024-12-04 11:00:00+00:00,718.5354908098727
2024-12-04 12:00:00+00:00,713.4593578587742
2024-12-04 13:00:00+00:00,692.9852019546481
2024-12-04 14:00:00+00:00,688.6672109937106
2024-12-04 14:30:00+00:00,690.3847000800866
2024-12-04 15:30:00+00:00,688.4620702876986
2024-12-04 16:30:00+00:00,692.9516577380939
2024-12-04 17:30:00+00:00,700.3967542828738
2024-12-04 18:30:00+00:00,702.2984087553498
2024-12-04 19:30:00+00:00,718.1679722303575
2024-12-04 20:30:00+00:00,718.2249436224129
2024-12-04 21:00:00+00:00,716.1257395043641
2024-12-04 22:00:00+00:00,715.0631635195074
2024-12-04 23:00:00+00:00,710.3465596300197
2024-12-05 09:00:00+00:00,716.3477124628619
2024-12-05 10:00:00+00:00,713.9904210609762
2024-12-05 11:00:00+00:00,722.7242865037962
2024-12-05 12:00:00+00:00,719.8465905438491
2024-12-05 13:00:00+00:00,720.4738612518379
2024-12-05 14:00:00+00:00,719.0997999604771
2024-12-05 14:30:00+00:00,721.29383036322
2024-12-05 15:30:00+00:00,727.6653032092588
2024-12-05 16:30:00+00:00,737.8976507310105
2024-12-05 17:30:00+00:00,734.0853241750472
2024-12-05 18:30:00+00:00,727.0748689157019
2024-12-05 19:30:00+00:00,725.6719087620115
2024-12-05 20:30:00+00:00,719.9839573022418
2024-12-05 21:00:00+00:00,714.9721425406572
2024-12-05 22:00:00+00:00,705.3964578773698
2024-12-05 23:00:00+00:00,695.8169705082115
2024-12-06 09:00:00+00:00,695.4322606114241
2024-12-06 10:00:00+00:00,689.651446460403
2024-12-06 11:00:00+00:00,685.1297961951135
2024-12-06 12:00:00+00:00,676.9236064029861
2024-12-06 13:00:00+00:00,672.9964373408037
2024-12-06 14:00:00+00:00,675.8928881678613
2024-12-06 14:30:00+00:00,678.2762286118092
2024-12-06 15:30:00+00:00,683.8542761193088
2024-12-06 16:30:00+00:00,688.9807645074834
2024-12-06 17:30:00+00:00,696.6459639248803
2024-12-06 18:30:00+00:00,701.7295763817871
2024-12-06 19:30:00+00:00,699.1350026207208
2024-12-06 20:30:00+00:00,701.8582554999322
2024-12-06 21:00:00+00:00,705.130724908076
2024-12-06 22:00:00+00:00,697.2498248140704
2024-12-06 23:00:00+00:00,698.6575244246484
2024-12-09 09:00:00+00:00,687.8629351163572
2024-12-09 10:00:00+00:00,699.5443205358602
2024-12-09 11:00:00+00:00,702.2639520216854
2024-12-09 12:00:00+00:00,693.167755553367
2024-12-09 13:00:00+00:00,693.6423427590553
2024-12-09 14:00:00+00:00,689.6566168035955
2024-12-09 14:30:00+00:00,693.0178805831885
2024-12-09 15:30:00+00:00,695.4084795013741
2024-12-09 16:30:00+00:00,683.9337749594804
2024-12-09 17:30:00+00:00,683.1963035986774
2024-12-09 18:30:00+00:00,688.1399066809919
2024-12-09 19:30:00+00:00,698.299526546814
2024-12-09 20:30:00+00:00,693.1078522276865
2024-12-09 21:00:00+00:00,686.3927772301383
2024-12-09 22:00:00+00:00,694.0649126594261
2024-12-09 23:00:00+00:00,687.3104228749846
2024-12-10 09:00:00+00:00,686.7066938322215
2024-12-10 10:00:00+00:00,694.5270940870464
2024-12-10 11:00:00+00:00,692.9191974656683
2024-12-10 12:00:00+00:00,692.953361632433
2024-12-10 13:00:00+00:00,706.2493746341647
2024-12-10 14:00:00+00:00,692.0203036177063
2024-12-10 14:30:00+00:00,701.0849757603579
2024-12-10 15:30:00+00:00,699.9211747405376
2024-12-10 16:30:00+00:00,692.7128848372367
2024-12-10 17:30:00+00:00,702.2693388999738
2024-12-10 18:30:00+00:00,706.8868604681348
2024-12-10 19:30:00+00:00,713.2448376973276
2024-12-10 20:30:00+00:00,705.1476071252825
2024-12-10 21:00:00+00:00,700.2170842786259
2024-12-10 22:00:00+00:00,703.342005783064
2024-12-10 23:00:00+00:00,692.9522707908869
2024-12-11 09:00:00+00:00,690.6167427207411
2024-12-11 10:00:00+00:00,696.7970915440757
2024-12-11 11:00:00+00:00,692.5154788682971
2024-12-11 12:00:00+00:00,692.0965882389224
2024-12-11 13:00:00+00:00,690.5964399264653
2024-12-11 14:00:00+00:00,698.6010030951456
2024-12-11 14:30:00+00:00,701.8385304548807
2024-12-11 15:30:00+00:00,704.8510903066134
2024-12-11 16:30:00+00:00,699.4061558645797
2024-12-11 17:30:00+00:00,705.156210124472
2024-12-11 18:30:00+00:00,710.9438857398449
2024-12-11 19:30:00+00:00,709.4522429174087
2024-12-11 20:30:00+00:00,713.4848949297312
2024-12-11 21:00:00+00:00,713.6282155937815
2024-12-11 22:00:00+00:00,716.3151942677675
2024-12-11 23:00:00+00:00,716.5792890597564
2024-12-12 09:00:00+00:00,707.8415566960072
2024-12-12 10:00:00+00:00,708.7530414080007
2024-12-12 11:00:00+00:00,714.2023506242615
2024-12-12 12:00:00+00:00,715.8242932067757
2024-12-12 13:00:00+00:00,716.0825940355594
2024-12-12 14:00:00+00:00,696.2525126995857
2024-12-12 14:30:00+00:00,699.17539104699
2024-12-12 15:30:00+00:00,699.6926767713916
2024-12-12 16:30:00+00:00,701.3712077715983
2024-12-12 17:30:00+00:00,704.0554852146103
2024-12-12 18:30:00+00:00,703.1389693559477
2024-12-12 19:30:00+00:00,713.4194099604152
2024-12-12 20:30:00+00:00,722.2797764676274
2024-12-12 21:00:00+00:00,712.9111049850485
2024-12-12 22:00:00+00:00,713.2339294175484
2024-12-12 23:00:00+00:00,715.2744271745954
2024-12-13 09:00:00+00:00,706.7212851617279
2024-12-13 10:00:00+00:00,704.3647341325477
2024-12-13 11:00:00+00:00,719.1528647950817
2024-12-13 12:00:00+00:00,731.6933345408531
2024-12-13 13:00:00+00:00,731.2534075240495
2024-12-13 14:00:00+00:00,724.9290213418118
2024-12-13 14:30:00+00:00,727.3334951652528
2024-12-13 15:30:00+00:00,732.2785949889642
2024-12-13 16:30:00+00:00,730.8904117629992
2024-12-13 17:30:00+00:00,727.459638379175
2024-12-13 18:30:00+00:00,722.9894820881442
2024-12-13 19:30:00+00:00,726.9659272090433
2024-12-13 20:30:00+00:00,732.7069372206954
2024-12-13 21:00:00+00:00,742.9109532346922
2024-12-13 22:00:00+00:00,739.0293725884569
2024-12-13 23:00:00+00:00,746.6895072258995
2024-12-16 09:00:00+00:00,741.9892202529834
2024-12-16 10:00:00+00:00,741.9315280644452
2024-12-16 11:00:00+00:00,726.0659562471137
2024-12-16 12:00:00+00:00,724.4944066512567
2024-12-16 13:00:00+00:00,722.8941044172699
2024-12-16 14:00:00+00:00,723.7965012810539
2024-12-16 14:30:00+00:00,730.9639614084792
2024-12-16 15:30:00+00:00,727.5495965875788
2024-12-16 16:30:00+00:00,727.827185126227
2024-12-16 17:30:00+00:00,733.5161942320225
2024-12-16 18:30:00+00:00,733.055304639758
2024-12-16 19:30:00+00:00,736.1390005655951
2024-12-16 20:30:00+00:00,744.9061701679832
2024-12-16 21:00:00+00:00,746.7500790232258
2024-12-16 22:00:00+00:00,741.964132964983
2024-12-16 23:00:00+00:00,739.2078353595763
2024-12-17 09:00:00+00:00,743.9426944286091
2024-12-17 10:00:00+00:00,739.6609554669237
2024-12-17 11:00:00+00:00,744.6509775522746
2024-12-17 12:00:00+00:00,749.2623300983448
2024-12-17 13:00:00+00:00,745.4296866919487
2024-12-17 14:00:00+00:00,754.4933021028468
2024-12-17 14:30:00+00:00,766.2695809388865
2024-12-17 15:30:00+00:00,774.9845385714477
2024-12-17 16:30:00+00:00,769.7524700919148
2024-12-17 17:30:00+00:00,776.689266217084
2024-12-17 18:30:00+00:00,767.0431009607419
2024-12-17 19:30:00+00:00,765.3977333650248
2024-12-17 20:30:00+00:00,759.8398899701886
2024-12-17 21:00:00+00:00,751.9528856167195
2024-12-17 22:00:00+00:00,740.3524305834134
2024-12-17 23:00:00+00:00,731.1781758700813
2024-12-18 09:00:00+00:00,737.5446731853083
2024-12-18 10:00:00+00:00,730.7178869455315
2024-12-18 11:00:00+00:00,723.7161786006376
2024-12-18 12:00:00+00:00,713.2693214982318
2024-12-18 13:00:00+00:00,707.7958340482902
2024-12-18 14:00:00+00:00,715.5334490923805
2024-12-18 14:30:00+00:00,714.3208678450474
2024-12-18 15:30:00+00:00,706.6138043500828
2024-12-18 16:30:00+00:00,706.7121063000055
2024-12-18 17:30:00+00:00,697.3634338902332
2024-12-18 18:30:00+00:00,686.1667768264729
2024-12-18 19:30:00+00:00,687.022720558257
2024-12-18 20:30:00+00:00,682.6616961430219
2024-12-18 21:00:00+00:00,683.7209916620089
2024-12-18 22:00:00+00:00,687.0225961012155
2024-12-18 23:00:00+00:00,683.8041942119852
2024-12-19 09:00:00+00:00,684.6059137924503
2024-12-19 10:00:00+00:00,674.4182207278031
2024-12-19 11:00:00+00:00,679.5681494219656
2024-12-19 12:00:00+00:00,669.6190425710972
2024-12-19 13:00:00+00:00,668.8899256981554
2024-12-19 14:00:00+00:00,670.5934529658144
2024-12-19 14:30:00+00:00,674.7641304180621
2024-12-19 15:30:00+00:00,671.8593270760076
2024-12-19 16:30:00+00:00,665.5038902883606
2024-12-19 17:30:00+00:00,684.1405955283522
2024-12-19 18:30:00+00:00,675.0461014350475
2024-12-19 19:30:00+00:00,670.5042929780266
2024-12-19 20:30:00+00:00,672.78127941764
2024-12-19 21:00:00+00:00,665.8231689884835
2024-12-19 22:00:00+00:00,655.5679386723857
2024-12-19 23:00:00+00:00,645.4172764483545
2024-12-20 09:00:00+00:00,640.9126522476431
2024-12-20 10:00:00+00:00,650.4807308125135
2024-12-20 11:00:00+00:00,653.0298703092376
2024-12-20 12:00:00+00:00,650.3351531909701
2024-12-20 13:00:00+00:00,650.6786365604411
2024-12-20 14:00:00+00:00,651.5351702235732
2024-12-20 14:30:00+00:00,654.1933220245678
2024-12-20 15:30:00+00:00,647.4663980488814
2024-12-20 16:30:00+00:00,654.6954183480593
2024-12-20 17:30:00+00:00,652.5278577352617
2024-12-20 18:30:00+00:00,642.5753655490073
2024-12-20 19:30:00+00:00,634.5295699908564
2024-12-20 20:30:00+00:00,631.6199462311904
2024-12-20 21:00:00+00:00,626.6143660842574
2024-12-20 22:00:00+00:00,625.5685130193472
2024-12-20 23:00:00+00:00,614.7415605046141
2024-12-23 09:00:00+00:00,607.2815173084961
2024-12-23 10:00:00+00:00,612.1010399608655
2024-12-23 11:00:00+00:00,614.8735650506367
2024-12-23 12:00:00+00:00,627.2915777636671
2024-12-23 13:00:00+00:00,632.4016762247564
2024-12-23 14:00:00+00:00,634.3890602895574
2024-12-23 14:30:00+00:00,629.975937966119
2024-12-23 15:30:00+00:00,630.721679500819
2024-12-23 16:30:00+00:00,622.2139206051428
2024-12-23 17:30:00+00:00,618.7429425830209
2024-12-23 18:30:00+00:00,610.5699382255602
2024-12-23 19:30:00+00:00,620.8646252610109
2024-12-23 20:30:00+00:00,628.2427380819104
2024-12-23 21:00:00+00:00,618.7320259043875
2024-12-23 22:00:00+00:00,621.4197611852037
2024-12-23 23:00:00+00:00,610.5426567237485
2024-12-24 09:00:00+00:00,600.9583255820532
2024-12-24 10:00:00+00:00,600.9820583197748
2024-12-24 11:00:00+00:00,603.0409102292581
2024-12-24 12:00:00+00:00,605.6209275147484
2024-12-24 13:00:00+00:00,598.7373624080233
2024-12-24 14:00:00+00:00,597.3766816648906
2024-12-24 14:30:00+00:00,606.8603993722858
2024-12-24 15:30:00+00:00,612.6266452290888
2024-12-24 16:30:00+00:00,607.5986717603108
2024-12-24 18:00:00+00:00,606.0293388087852
2024-12-24 19:00:00+00:00,595.3909014888392
2024-12-24 20:00:00+00:00,602.0550747344868
2024-12-24 21:00:00+00:00,595.0020717554465
2024-12-26 09:00:00+00:00,589.9904111500189
2024-12-26 10:00:00+00:00,600.8034930053275
2024-12-26 11:00:00+00:00,611.8358661660583
2024-12-26 12:00:00+00:00,606.233931931004
2024-12-26 13:00:00+00:00,611.2133733826116
2024-12-26 14:00:00+00:00,616.3955379860498
2024-12-26 14:30:00+00:00,620.6062724841684
2024-12-26 15:30:00+00:00,618.3547378247267
2024-12-26 16:30:00+00:00,614.4170045532728
2024-12-26 17:30:00+00:00,624.7016273258547
2024-12-26 18:30:00+00:00,623.570256637576
2024-12-26 19:30:00+00:00,625.6954311988106
2024-12-26 20:30:00+00:00,633.3338459079464
2024-12-26 21:00:00+00:00,627.2649818203538
2024-12-26 22:00:00+00:00,627.6756671644935
2024-12-26 23:00:00+00:00,625.3637678732053
2024-12-27 09:00:00+00:00,625.6566649919348
2024-12-27 10:00:00+00:00,617.5443647770724
2024-12-27 11:00:00+00:00,622.8275119499593
2024-12-27 12:00:00+00:00,632.5234412449488
2024-12-27 13:00:00+00:00,629.5540894650632
2024-12-27 14:00:00+00:00,620.486728112801
2024-12-27 14:30:00+00:00,640.3646224537581
2024-12-27 15:30:00+00:00,631.8274155833269
2024-12-27 16:30:00+00:00,634.1171810218874
2024-12-27 17:30:00+00:00,634.0427810338416
2024-12-27 18:30:00+00:00,629.201194928365
2024-12-27 19:30:00+00:00,628.7310359016057
2024-12-27 20:30:00+00:00,632.3248706068431
2024-12-27 21:00:00+00:00,631.7124852317326
2024-12-27 22:00:00+00:00,626.5593841821691
2024-12-27 23:00:00+00:00,630.0520296922706
2024-12-30 09:00:00+00:00,636.7738754130623
2024-12-30 10:00:00+00:00,636.139870374825
2024-12-30 11:00:00+00:00,638.4400819473547
2024-12-30 12:00:00+00:00,647.3918019139503
2024-12-30 13:00:00+00:00,650.9507216006466
2024-12-30 14:00:00+00:00,654.8642254122595
2024-12-30 14:30:00+00:00,656.4557351550743
2024-12-30 15:30:00+00:00,659.884334033496
2024-12-30 16:30:00+00:00,665.6175756149597
2024-12-30 17:30:00+00:00,653.6083625654269
2024-12-30 18:30:00+00:00,659.650632082273
2024-12-30 19:30:00+00:00,657.364066747102
2024-12-30 20:30:00+00:00,660.4943276316703
2024-12-30 21:00:00+00:00,657.0961693054827
2024-12-30 22:00:00+00:00,659.132209987903
2024-12-30 23:00:00+00:00,644.2225187929205
2024-12-31 09:00:00+00:00,642.058372368114
2024-12-31 10:00:00+00:00,645.9996523937656
2024-12-31 11:00:00+00:00,643.5597958777391
2024-12-31 12:00:00+00:00,638.3026647199983
2024-12-31 13:00:00+00:00,628.1709119394153
2024-12-31 14:00:00+00:00,628.851330840894
2024-12-31 14:30:00+00:00,637.5481072528942
2024-12-31 15:30:00+00:00,633.8875770884948
2024-12-31 16:30:00+00:00,632.3534335085786
2024-12-31 17:30:00+00:00,635.8130928466226
2024-12-31 18:30:00+00:00,633.6928596200572
2024-12-31 19:30:00+00:00,638.8479493978572
2024-12-31 20:30:00+00:00,631.5302051381453
2024-12-31 21:00:00+00:00,629.898025008405
2024-12-31 22:00:00+00:00,619.4744035169741
2024-12-31 23:00:00+00:00,611.4047319571944
2025-01-02 09:00:00+00:00,620.0853857552595
2025-01-02 10:00:00+00:00,624.0889015422517
2025-01-02 11:00:00+00:00,621.7148732278787
2025-01-02 12:00:00+00:00,634.1093315320157
2025-01-02 13:00:00+00:00,621.3012617217214
2025-01-02 14:00:00+00:00,632.7892561432266
2025-01-02 14:30:00+00:00,623.1996922146991
2025-01-02 15:30:00+00:00,623.6713734682583
2025-01-02 16:30:00+00:00,631.592701785785
2025-01-02 17:30:00+00:00,629.8735412442984
2025-01-02 18:30:00+00:00,632.6961691297837
2025-01-02 19:30:00+00:00,624.9320586853279
2025-01-02 20:30:00+00:00,624.7412497519936
2025-01-02 21:00:00+00:00,625.5381728739737
2025-01-02 22:00:00+00:00,627.8146798222169
2025-01-02 23:00:00+00:00,632.9074202677153
2025-01-03 09:00:00+00:00,628.1861498306794
2025-01-03 10:00:00+00:00,627.6284954289102
2025-01-03 11:00:00+00:00,625.9214683982281
2025-01-03 12:00:00+00:00,623.6955538760216
2025-01-03 13:00:00+00:00,634.0408490551665
2025-01-03 14:00:00+00:00,630.5667342935888
2025-01-03 14:30:00+00:00,634.1272111185127
2025-01-03 15:30:00+00:00,630.4631921621365
2025-01-03 16:30:00+00:00,638.7029046634383
2025-01-03 17:30:00+00:00,639.6278510974597
2025-01-03 18:30:00+00:00,654.2721359021953
2025-01-03 19:30:00+00:00,655.1524322499521
2025-01-03 20:30:00+00:00,665.3871554276152
2025-01-03 21:00:00+00:00,667.3248572548388
2025-01-03 22:00:00+00:00,663.4606506366979
2025-01-03 23:00:00+00:00,664.1124050842633
2025-01-06 09:00:00+00:00,660.3591959512444
2025-01-06 10:00:00+00:00,656.1525726662588
2025-01-06 11:00:00+00:00,657.406343948171
2025-01-06 12:00:00+00:00,651.6396275885221
2025-01-06 13:00:00+00:00,652.1516407032625
2025-01-06 14:00:00+00:00,660.5798930319792
2025-01-06 14:30:00+00:00,669.0374479875359
2025-01-06 15:30:00+00:00,671.1021956154034
2025-01-06 16:30:00+00:00,678.6438953699997
2025-01-06 17:30:00+00:00,678.5830125407706
2025-01-06 18:30:00+00:00,678.519176998169
2025-01-06 19:30:00+00:00,678.0014515086306
2025-01-06 20:30:00+00:00,672.8736531639813
2025-01-06 21:00:00+00:00,673.4740891170861
2025-01-06 22:00:00+00:00,664.7118542842638
2025-01-06 23:00:00+00:00,660.6052208321148
2025-01-07 09:00:00+00:00,656.6250409899109
2025-01-07 10:00:00+00:00,658.9009213628924
2025-01-07 11:00:00+00:00,650.0763956992076
2025-01-07 12:00:00+00:00,641.6761062743851
2025-01-07 13:00:00+00:00,642.3564249945609
2025-01-07 14:00:00+00:00,643.6641273961781
2025-01-07 14:30:00+00:00,646.4896178605184
2025-01-07 15:30:00+00:00,651.4564517559393
2025-01-07 16:30:00+00:00,665.4355409668387
2025-01-07 17:30:00+00:00,676.3375172607244
2025-01-07 18:30:00+00:00,688.4639128461372
2025-01-07 19:30:00+00:00,681.3411379538775
2025-01-07 20:30:00+00:00,685.1658842893056
2025-01-07 21:00:00+00:00,675.1066263554674
2025-01-07 22:00:00+00:00,667.1587363929343
2025-01-07 23:00:00+00:00,673.013919013171
2025-01-08 09:00:00+00:00,669.3258669918738
2025-01-08 10:00:00+00:00,674.0038115095009
2025-01-08 11:00:00+00:00,661.6521249185477
2025-01-08 12:00:00+00:00,667.0299573433244
2025-01-08 13:00:00+00:00,668.3937204594864
2025-01-08 14:00:00+00:00,677.0597547315245
2025-01-08 14:30:00+00:00,677.0635923948723
2025-01-08 15:30:00+00:00,670.0090471119833
2025-01-08 16:30:00+00:00,686.3082203772194
2025-01-08 17:30:00+00:00,689.5678310935376
2025-01-08 18:30:00+00:00,698.3741404997126
2025-01-08 19:30:00+00:00,701.4106209885217
2025-01-08 20:30:00+00:00,693.4286998848063
2025-01-08 21:00:00+00:00,696.0808793624186
2025-01-08 22:00:00+00:00,692.1744266804916
2025-01-08 23:00:00+00:00,698.2649567787878
2025-01-10 09:00:00+00:00,697.2457147283269
2025-01-10 10:00:00+00:00,702.9588933595918
2025-01-10 11:00:00+00:00,703.8512985205492
2025-01-10 12:00:00+00:00,704.217112373796
2025-01-10 13:00:00+00:00,700.0154447614426
2025-01-10 14:00:00+00:00,689.230326658498
2025-01-10 14:30:00+00:00,685.432797796468
2025-01-10 15:30:00+00:00,684.9384567838171
2025-01-10 16:30:00+00:00,688.1690252330384
2025-01-10 17:30:00+00:00,692.4527219157309
2025-01-10 18:30:00+00:00,682.8357354526811
2025-01-10 19:30:00+00:00,683.5462288831409
2025-01-10 20:30:00+00:00,686.543082894523
2025-01-10 21:00:00+00:00,680.4381562915734
2025-01-10 22:00:00+00:00,685.0892842287299
2025-01-10 23:00:00+00:00,686.315459823526
2025-01-13 09:00:00+00:00,690.0274079856216
2025-01-13 10:00:00+00:00,700.4257128263506
2025-01-13 11:00:00+00:00,697.9789876271158
2025-01-13 12:00:00+00:00,699.8737410860188
2025-01-13 13:00:00+00:00,700.74869939022
2025-01-13 14:00:00+00:00,704.9738796849815
2025-01-13 14:30:00+00:00,703.1170914209124
2025-01-13 15:30:00+00:00,700.7676247205741
2025-01-13 16:30:00+00:00,693.3608999084561
2025-01-13 17:30:00+00:00,679.9044065080058
2025-01-13 18:30:00+00:00,674.6992592679816
2025-01-13 19:30:00+00:00,671.500059675087
2025-01-13 20:30:00+00:00,659.778220408301
2025-01-13 21:00:00+00:00,666.2743033095966
2025-01-13 22:00:00+00:00,669.8941119502055
2025-01-13 23:00:00+00:00,671.9810849846485
2025-01-14 09:00:00+00:00,676.1858820183772
2025-01-14 10:00:00+00:00,674.468219177556
2025-01-14 11:00:00+00:00,672.735529568091
2025-01-14 12:00:00+00:00,682.279971765978
2025-01-14 13:00:00+00:00,674.3060793690587
2025-01-14 14:00:00+00:00,682.567020039422
2025-01-14 14:30:00+00:00,693.5846926099476
2025-01-14 15:30:00+00:00,707.3738938222284
2025-01-14 16:30:00+00:00,713.285831855883
2025-01-14 17:30:00+00:00,718.6767701176306
2025-01-14 18:30:00+00:00,715.0787089608017
2025-01-14 19:30:00+00:00,711.8296946607102
2025-01-14 20:30:00+00:00,707.76327737325
2025-01-14 21:00:00+00:00,714.9841799430072
2025-01-14 22:00:00+00:00,722.5572382310307
2025-01-14 23:00:00+00:00,734.1993378579348
2025-01-15 09:00:00+00:00,732.7384827091231
2025-01-15 10:00:00+00:00,736.9025511267334
2025-01-15 11:00:00+00:00,734.0437482443886
2025-01-15 12:00:00+00:00,726.2278036127221
2025-01-15 13:00:00+00:00,738.3098352046133
2025-01-15 14:00:00+00:00,741.6959418794873
2025-01-15 14:30:00+00:00,751.8796017286853
2025-01-15 15:30:00+00:00,749.0480095708115
2025-01-15 16:30:00+00:00,741.8313154005622
2025-01-15 17:30:00+00:00,739.594351331415
2025-01-15 18:30:00+00:00,738.5964366579074
2025-01-15 19:30:00+00:00,736.889421996933
2025-01-15 20:30:00+00:00,731.7336545549787
2025-01-15 21:00:00+00:00,734.1391542536041
2025-01-15 22:00:00+00:00,739.5990479602389
2025-01-15 23:00:00+00:00,734.7404701076404
2025-01-16 09:00:00+00:00,734.5193068814249
2025-01-16 10:00:00+00:00,730.3086181601872
2025-01-16 11:00:00+00:00,732.6948979091042
2025-01-16 12:00:00+00:00,722.3162153559311
2025-01-16 13:00:00+00:00,735.6868616768392
2025-01-16 14:00:00+00:00,739.1979318925551
2025-01-16 14:30:00+00:00,740.278417403647
2025-01-16 15:30:00+00:00,734.5927045179178
2025-01-16 16:30:00+00:00,724.5220884977226
2025-01-16 17:30:00+00:00,718.0519800789449
2025-01-16 18:30:00+00:00,718.2805607564544
2025-01-16 19:30:00+00:00,718.6592934189681
2025-01-16 20:30:00+00:00,722.2487334631965
2025-01-16 21:00:00+00:00,724.4189524114954
2025-01-16 22:00:00+00:00,720.1428342291011
2025-01-16 23:00:00+00:00,724.0040360654965
2025-01-17 09:00:00+00:00,724.4805448230338
2025-01-17 10:00:00+00:00,724.6481417093157
2025-01-17 11:00:00+00:00,714.2485163214958
2025-01-17 12:00:00+00:00,718.7486699158395
2025-01-17 13:00:00+00:00,723.093540426357
2025-01-17 14:00:00+00:00,722.4637309295487
2025-01-17 14:30:00+00:00,716.5893899205596
2025-01-17 15:30:00+00:00,716.9160663354182
2025-01-17 16:30:00+00:00,710.1271993573083
2025-01-17 17:30:00+00:00,715.7460238519592
2025-01-17 18:30:00+00:00,709.9085101788024
2025-01-17 19:30:00+00:00,711.1760185184568
2025-01-17 20:30:00+00:00,712.2262573245671
2025-01-17 21:00:00+00:00,709.0156705561445
2025-01-17 22:00:00+00:00,706.5616617639826
2025-01-17 23:00:00+00:00,714.9632383169417
2025-01-21 09:00:00+00:00,727.674072783539
2025-01-21 10:00:00+00:00,725.9810215820398
2025-01-21 11:00:00+00:00,717.4776925313204
2025-01-21 12:00:00+00:00,713.0012124273692
2025-01-21 13:00:00+00:00,713.3759718821346
2025-01-21 14:00:00+00:00,705.4466402259668
2025-01-21 14:30:00+00:00,703.3123427215886
2025-01-21 15:30:00+00:00,711.4720023991154
2025-01-21 16:30:00+00:00,698.0328582201696
2025-01-21 17:30:00+00:00,692.2149296706964
2025-01-21 18:30:00+00:00,700.3487967077847
2025-01-21 19:30:00+00:00,688.2819289383161
2025-01-21 20:30:00+00:00,692.3044409993308
2025-01-21 21:00:00+00:00,702.9955745786647
2025-01-21 22:00:00+00:00,694.8693433795978
2025-01-21 23:00:00+00:00,716.507025440795
2025-01-22 09:00:00+00:00,727.2705524532151
2025-01-22 10:00:00+00:00,734.0903353168287
2025-01-22 11:00:00+00:00,722.9180094245412
2025-01-22 12:00:00+00:00,736.2948029410851
2025-01-22 13:00:00+00:00,729.5020631884785
2025-01-22 14:00:00+00:00,726.1603584234817
2025-01-22 14:30:00+00:00,728.4064299654469
2025-01-22 15:30:00+00:00,715.2387712021634
2025-01-22 16:30:00+00:00,703.3472525730737
2025-01-22 17:30:00+00:00,711.1523041572218
2025-01-22 18:30:00+00:00,714.1738347337863
2025-01-22 19:30:00+00:00,717.2027113412438
2025-01-22 20:30:00+00:00,709.2618777519433
2025-01-22 21:00:00+00:00,720.969982445027
2025-01-22 22:00:00+00:00,721.1718884838796
2025-01-22 23:00:00+00:00,718.6896277158919
2025-01-23 09:00:00+00:00,724.3501094432872
2025-01-23 10:00:00+00:00,722.7916352491143
2025-01-23 11:00:00+00:00,713.8423844242785
2025-01-23 12:00:00+00:00,712.5744511486477
2025-01-23 13:00:00+00:00,712.9138467939832
2025-01-23 14:00:00+00:00,708.1177975831492
2025-01-23 14:30:00+00:00,712.6760417308793
2025-01-23 15:30:00+00:00,706.3324659960019
2025-01-23 16:30:00+00:00,715.3587884026434
2025-01-23 17:30:00+00:00,720.3153779866348
2025-01-23 18:30:00+00:00,737.534913802809
2025-01-23 19:30:00+00:00,745.2306094757413
2025-01-23 20:30:00+00:00,757.1576094034654
2025-01-23 21:00:00+00:00,755.801616342903
2025-01-23 22:00:00+00:00,746.3026900121307
2025-01-23 23:00:00+00:00,752.1498215979401
2025-01-24 09:00:00+00:00,743.1694221587042
2025-01-24 10:00:00+00:00,742.9610333095361
2025-01-24 11:00:00+00:00,738.1293650363937
2025-01-24 12:00:00+00:00,739.4813973208162
2025-01-24 13:00:00+00:00,751.0733151523774
2025-01-24 14:00:00+00:00,738.4249433844424
2025-01-24 14:30:00+00:00,738.1727211197478
2025-01-24 15:30:00+00:00,747.7480318240423
2025-01-24 16:30:00+00:00,755.8906433572803
2025-01-24 17:30:00+00:00,768.390489002727
2025-01-24 18:30:00+00:00,772.4170232968958
2025-01-24 19:30:00+00:00,772.2620929391358
2025-01-24 20:30:00+00:00,774.3999820204334
2025-01-24 21:00:00+00:00,766.3781903711857
2025-01-24 22:00:00+00:00,767.2781337048729
2025-01-24 23:00:00+00:00,781.6405205647204
2025-01-27 09:00:00+00:00,790.5291317924883
2025-01-27 10:00:00+00:00,782.9205439054441
2025-01-27 11:00:00+00:00,769.7176408594947
2025-01-27 12:00:00+00:00,768.7549714465646
2025-01-27 13:00:00+00:00,775.7634665998229
2025-01-27 14:00:00+00:00,781.3428808208286
2025-01-27 14:30:00+00:00,776.1935078091506
2025-01-27 15:30:00+00:00,766.5203553012732
2025-01-27 16:30:00+00:00,759.9678650828565
2025-01-27 17:30:00+00:00,767.1994097635595
2025-01-27 18:30:00+00:00,760.41474976684
2025-01-27 19:30:00+00:00,768.6508936144639
2025-01-27 20:30:00+00:00,773.6521585606381
2025-01-27 21:00:00+00:00,770.0621376166549
2025-01-27 22:00:00+00:00,768.2205793321352
2025-01-27 23:00:00+00:00,759.0980614310317
2025-01-28 09:00:00+00:00,763.8213721559175
2025-01-28 10:00:00+00:00,764.1248436859839
2025-01-28 11:00:00+00:00,762.2669634030784
2025-01-28 12:00:00+00:00,753.1280407607034
2025-01-28 13:00:00+00:00,753.9501007384146
2025-01-28 14:00:00+00:00,775.7846405250791
2025-01-28 14:30:00+00:00,759.0555249297072
2025-01-28 15:30:00+00:00,760.864740284401
2025-01-28 16:30:00+00:00,754.0362971295785
2025-01-28 17:30:00+00:00,743.2390012401378
2025-01-28 18:30:00+00:00,736.1439468997328
2025-01-28 19:30:00+00:00,734.3648808859085
2025-01-28 20:30:00+00:00,726.2009689506176
2025-01-28 21:00:00+00:00,723.8907186459367
2025-01-28 22:00:00+00:00,718.884195113138
2025-01-28 23:00:00+00:00,722.4593787668272
2025-01-29 09:00:00+00:00,724.7269574719967
2025-01-29 10:00:00+00:00,733.7709268603569
2025-01-29 11:00:00+00:00,736.2536547937697
2025-01-29 12:00:00+00:00,732.132413644898
2025-01-29 13:00:00+00:00,728.9584541141129
2025-01-29 14:00:00+00:00,719.5101364887621
2025-01-29 14:30:00+00:00,718.4793606410847
2025-01-29 15:30:00+00:00,707.9635649309101
2025-01-29 16:30:00+00:00,707.1510611166271
2025-01-29 17:30:00+00:00,717.4810087579217
2025-01-29 18:30:00+00:00,706.7533505070604
2025-01-29 19:30:00+00:00,700.4944752795769
2025-01-29 20:30:00+00:00,701.0912735802094
2025-01-29 21:00:00+00:00,708.3473377984503
2025-01-29 22:00:00+00:00,707.8159864436906
2025-01-29 23:00:00+00:00,705.6868564022361
2025-01-30 09:00:00+00:00,704.3299226565856
2025-01-30 10:00:00+00:00,719.9557751013076
2025-01-30 11:00:00+00:00,714.5810560321304
2025-01-30 12:00:00+00:00,703.1208595855549
2025-01-30 13:00:00+00:00,698.2735831098153
2025-01-30 14:00:00+00:00,678.6282761426172
2025-01-30 14:30:00+00:00,680.5809300497922
2025-01-30 15:30:00+00:00,687.1373996150877
2025-01-30 16:30:00+00:00,681.7307439159309
2025-01-30 17:30:00+00:00,681.9925579822916
2025-01-30 18:30:00+00:00,678.9276274688021
2025-01-30 19:30:00+00:00,671.4338479302645
2025-01-30 20:30:00+00:00,673.6852223813712
2025-01-30 21:00:00+00:00,670.8430187249346
2025-01-30 22:00:00+00:00,672.5320991505341
2025-01-30 23:00:00+00:00,668.5860382445363
2025-01-31 09:00:00+00:00,677.5231939768236
2025-01-31 10:00:00+00:00,672.9440088039669
2025-01-31 11:00:00+00:00,672.4636031350891
2025-01-31 12:00:00+00:00,654.0743312209145
2025-01-31 13:00:00+00:00,665.8900713831455
2025-01-31 14:00:00+00:00,662.8231174768806
2025-01-31 14:30:00+00:00,655.9490865943615
2025-01-31 15:30:00+00:00,652.6760504866359
2025-01-31 16:30:00+00:00,647.3604283831936
2025-01-31 17:30:00+00:00,647.5078778236791
2025-01-31 18:30:00+00:00,650.0840328232744
2025-01-31 19:30:00+00:00,648.5987695764364
2025-01-31 20:30:00+00:00,640.3820446556916
2025-01-31 21:00:00+00:00,644.8889826647355
2025-01-31 22:00:00+00:00,645.9647128265417
2025-01-31 23:00:00+00:00,641.5427239111582
2025-02-03 09:00:00+00:00,641.8247377209873
2025-02-03 10:00:00+00:00,644.8771695719653
2025-02-03 11:00:00+00:00,638.8848174146934
2025-02-03 12:00:00+00:00,645.1930670929409
2025-02-03 13:00:00+00:00,641.5943637227198
2025-02-03 14:00:00+00:00,639.5160913923103
2025-02-03 14:30:00+00:00,641.7913323016701
2025-02-03 15:30:00+00:00,637.5539336258781
2025-02-03 16:30:00+00:00,634.3942449493761
2025-02-03 17:30:00+00:00,640.2674588569864
2025-02-03 18:30:00+00:00,633.1688661458352
2025-02-03 19:30:00+00:00,633.0289205298203
2025-02-03 20:30:00+00:00,633.9654254096498
2025-02-03 21:00:00+00:00,636.269473917246
2025-02-03 22:00:00+00:00,630.4885645883862
2025-02-03 23:00:00+00:00,636.0874322565135
2025-02-04 09:00:00+00:00,639.2146235270394
2025-02-04 10:00:00+00:00,639.5600664032196
2025-02-04 11:00:00+00:00,646.5197608646517
2025-02-04 12:00:00+00:00,646.4986132306401
2025-02-04 13:00:00+00:00,646.6846209460878
2025-02-04 14:00:00+00:00,656.0232079497894
2025-02-04 14:30:00+00:00,659.7745893831036
2025-02-04 15:30:00+00:00,661.1346264156462
2025-02-04 16:30:00+00:00,661.3535770611103
2025-02-04 17:30:00+00:00,651.4635070270954
2025-02-04 18:30:00+00:00,653.3369244414886
2025-02-04 19:30:00+00:00,653.1260780323315
2025-02-04 20:30:00+00:00,666.5042020548672
2025-02-04 21:00:00+00:00,657.8872784186957
2025-02-04 22:00:00+00:00,655.1028475325993
2025-02-04 23:00:00+00:00,658.6006844514532
2025-02-05 09:00:00+00:00,655.4512146565048
2025-02-05 10:00:00+00:00,650.5049264407538
2025-02-05 11:00:00+00:00,651.7011893096126
2025-02-05 12:00:00+00:00,655.4283280674038
2025-02-05 13:00:00+00:00,658.209885942603
2025-02-05 14:00:00+00:00,659.0916344304075
2025-02-05 14:30:00+00:00,660.0925532730466
2025-02-05 15:30:00+00:00,660.7587298797705
2025-02-05 16:30:00+00:00,652.1205189296321
2025-02-05 17:30:00+00:00,653.3307638489963
2025-02-05 18:30:00+00:00,662.6805521652178
2025-02-05 19:30:00+00:00,660.3578753517936
2025-02-05 20:30:00+00:00,652.3601563939994
2025-02-05 21:00:00+00:00,644.9994011130167
2025-02-05 22:00:00+00:00,641.8259526734046
2025-02-05 23:00:00+00:00,642.3958210654503
2025-02-06 09:00:00+00:00,657.4388135723678
2025-02-06 10:00:00+00:00,655.3868344476253
2025-02-06 11:00:00+00:00,658.2641878675619
2025-02-06 12:00:00+00:00,672.0808555720436
2025-02-06 13:00:00+00:00,670.085399626171
2025-02-06 14:00:00+00:00,661.6900492953778
2025-02-06 14:30:00+00:00,664.6167964235585
2025-02-06 15:30:00+00:00,663.6364726270072
2025-02-06 16:30:00+00:00,667.753086192863
2025-02-06 17:30:00+00:00,674.8374983036722
2025-02-06 18:30:00+00:00,680.7800554127263
2025-02-06 19:30:00+00:00,681.9105023862521
2025-02-06 20:30:00+00:00,688.3820581509666
2025-02-06 21:00:00+00:00,691.2749299115883
2025-02-06 22:00:00+00:00,687.9165266823355
2025-02-06 23:00:00+00:00,684.5047533476925
2025-02-07 09:00:00+00:00,680.1203352649122
2025-02-07 10:00:00+00:00,684.3321412776626
2025-02-07 11:00:00+00:00,670.0790810491367
2025-02-07 12:00:00+00:00,667.9834790592404
2025-02-07 13:00:00+00:00,677.0583174998601
2025-02-07 14:00:00+00:00,676.8446316219523
2025-02-07 14:30:00+00:00,679.3425116225507
2025-02-07 15:30:00+00:00,679.0089690696935
2025-02-07 16:30:00+00:00,671.2234860367927
2025-02-07 17:30:00+00:00,660.9889496071073
2025-02-07 18:30:00+00:00,662.0823970993931
2025-02-07 19:30:00+00:00,664.6407230155206
2025-02-07 20:30:00+00:00,671.128377738061
2025-02-07 21:00:00+00:00,680.3668475705119
2025-02-07 22:00:00+00:00,677.8353964803466
2025-02-07 23:00:00+00:00,679.9786272729598
2025-02-10 09:00:00+00:00,674.1202708686162
2025-02-10 10:00:00+00:00,669.8119441676652
2025-02-10 11:00:00+00:00,664.3447390691571
2025-02-10 12:00:00+00:00,669.8299892457921
2025-02-10 13:00:00+00:00,666.8211831413291
2025-02-10 14:00:00+00:00,660.2869525389425
2025-02-10 14:30:00+00:00,658.6105564105015
2025-02-10 15:30:00+00:00,660.803230035849
2025-02-10 16:30:00+00:00,656.360905969933
2025-02-10 17:30:00+00:00,653.8645783050174
2025-02-10 18:30:00+00:00,655.8208756128588
2025-02-10 19:30:00+00:00,655.1329282585313
2025-02-10 20:30:00+00:00,653.3766661670593
2025-02-10 21:00:00+00:00,656.2510514077096
2025-02-10 22:00:00+00:00,657.147636191868
2025-02-10 23:00:00+00:00,655.3114621457772
2025-02-11 09:00:00+00:00,652.8336098346332
2025-02-11 10:00:00+00:00,657.1357263778518
2025-02-11 11:00:00+00:00,648.2409626253949
2025-02-11 12:00:00+00:00,656.9351481439946
2025-02-11 13:00:00+00:00,660.8137921205904
2025-02-11 14:00:00+00:00,660.3998621476503
2025-02-11 14:30:00+00:00,666.3958339775066
2025-02-11 15:30:00+00:00,659.040316497935
2025-02-11 16:30:00+00:00,653.0591700901019
2025-02-11 17:30:00+00:00,653.4319269278243
2025-02-11 18:30:00+00:00,668.0240680925807
2025-02-11 19:30:00+00:00,671.2226269107115
2025-02-11 20:30:00+00:00,673.9059142162638
2025-02-11 21:00:00+00:00,674.6358757758578
2025-02-11 22:00:00+00:00,674.3543005058881
2025-02-11 23:00:00+00:00,676.0371009478134
2025-02-12 09:00:00+00:00,670.7091438601309
2025-02-12 10:00:00+00:00,680.5732591201077
2025-02-12 11:00:00+00:00,679.3234876326221
2025-02-12 12:00:00+00:00,687.4905512746769
2025-02-12 13:00:00+00:00,693.7551061236392
2025-02-12 14:00:00+00:00,698.7586932347455
2025-02-12 14:30:00+00:00,705.0543485090716
2025-02-12 15:30:00+00:00,703.636617674891
2025-02-12 16:30:00+00:00,713.8898276766275
2025-02-12 17:30:00+00:00,714.7860989893236
2025-02-12 18:30:00+00:00,703.7709038392697
2025-02-12 19:30:00+00:00,697.7338387545215
2025-02-12 20:30:00+00:00,693.5214707075444
2025-02-12 21:00:00+00:00,689.9559021355569
2025-02-12 22:00:00+00:00,687.9321029814639
2025-02-12 23:00:00+00:00,689.7541850564743
2025-02-13 09:00:00+00:00,684.6096095789502
2025-02-13 10:00:00+00:00,686.8182560952039
2025-02-13 11:00:00+00:00,691.4916794295483
2025-02-13 12:00:00+00:00,702.9405745540193
2025-02-13 13:00:00+00:00,706.7359205769482
2025-02-13 14:00:00+00:00,722.445722622213
2025-02-13 14:30:00+00:00,713.0531544972314
2025-02-13 15:30:00+00:00,712.4187315286249
2025-02-13 16:30:00+00:00,710.0634997508973
2025-02-13 17:30:00+00:00,708.8931544086745
2025-02-13 18:30:00+00:00,715.4456685261987
2025-02-13 19:30:00+00:00,701.4406452795274
2025-02-13 20:30:00+00:00,703.699632992375
2025-02-13 21:00:00+00:00,703.9536678171074
2025-02-13 22:00:00+00:00,698.7629084352213
2025-02-13 23:00:00+00:00,699.4176097913931
2025-02-14 09:00:00+00:00,702.0123724732042
2025-02-14 10:00:00+00:00,696.5710899299897
2025-02-14 11:00:00+00:00,699.6988921490386
2025-02-14 12:00:00+00:00,703.3039303403694
2025-02-14 13:00:00+00:00,706.2597721874496
2025-02-14 14:00:00+00:00,713.0306143482289
2025-02-14 14:30:00+00:00,708.3018296782
2025-02-14 15:30:00+00:00,704.5833246464823
2025-02-14 16:30:00+00:00,701.7938942182606
2025-02-14 17:30:00+00:00,703.3439324998653
2025-02-14 18:30:00+00:00,698.599403806844
2025-02-14 19:30:00+00:00,702.9318191138071
2025-02-14 20:30:00+00:00,706.5471380289013
2025-02-14 21:00:00+00:00,706.2650416437447
2025-02-14 22:00:00+00:00,701.9735677852075
2025-02-14 23:00:00+00:00,700.9391966257969
2025-02-18 09:00:00+00:00,696.3842191594551
2025-02-18 10:00:00+00:00,698.7791998595341
2025-02-18 11:00:00+00:00,703.8539372814853
2025-02-18 12:00:00+00:00,696.8370121894961
2025-02-18 13:00:00+00:00,701.0320995584607
2025-02-18 14:00:00+00:00,702.5862813705935
2025-02-18 14:30:00+00:00,697.5521691307179
2025-02-18 15:30:00+00:00,687.8917175118063
2025-02-18 16:30:00+00:00,682.4111105379066
2025-02-18 17:30:00+00:00,678.1296320974532
2025-02-18 18:30:00+00:00,666.3496517005321
2025-02-18 19:30:00+00:00,663.8036768813613
2025-02-18 20:30:00+00:00,665.7222920847007
2025-02-18 21:00:00+00:00,667.4117696711743
2025-02-18 22:00:00+00:00,667.0911192428856
2025-02-18 23:00:00+00:00,673.2749335791877
2025-02-19 09:00:00+00:00,671.8110446483507
2025-02-19 10:00:00+00:00,673.7473243369836
2025-02-19 11:00:00+00:00,679.1785404952618
2025-02-19 12:00:00+00:00,679.9066309050268
2025-02-19 13:00:00+00:00,678.1783949282953
2025-02-19 14:00:00+00:00,676.9355889357095
2025-02-19 14:30:00+00:00,679.9443375817034
2025-02-19 15:30:00+00:00,668.7798467267185
2025-02-19 16:30:00+00:00,664.8196725414857
2025-02-19 17:30:00+00:00,663.868324193113
2025-02-19 18:30:00+00:00,661.303707954671
2025-02-19 19:30:00+00:00,667.5526733935762
2025-02-19 20:30:00+00:00,661.9358609044463
2025-02-19 21:00:00+00:00,677.9387115572797
2025-02-19 22:00:00+00:00,684.4137117763235
2025-02-19 23:00:00+00:00,679.7389334216388
2025-02-20 09:00:00+00:00,679.3884662841157
2025-02-20 10:00:00+00:00,682.0149031895714
2025-02-20 11:00:00+00:00,694.1081871455681
2025-02-20 12:00:00+00:00,696.1000505204676
2025-02-20 13:00:00+00:00,694.6389466902106
2025-02-20 14:00:00+00:00,700.2426645179596
2025-02-20 14:30:00+00:00,704.4838800567996
2025-02-20 15:30:00+00:00,707.0970036181517
2025-02-20 16:30:00+00:00,711.418607880637
2025-02-20 17:30:00+00:00,706.5885039361659
2025-02-20 18:30:00+00:00,706.01513659257
2025-02-20 19:30:00+00:00,706.1738564155196
2025-02-20 20:30:00+00:00,696.9448272684825
2025-02-20 21:00:00+00:00,701.0906607343309
2025-02-20 22:00:00+00:00,704.9289837056183
2025-02-20 23:00:00+00:00,711.8013132014546
2025-02-21 09:00:00+00:00,710.504968729409
2025-02-21 10:00:00+00:00,718.4700789912569
2025-02-21 11:00:00+00:00,719.5487377536592
2025-02-21 12:00:00+00:00,711.8362398872223
2025-02-21 13:00:00+00:00,708.9035138404565
2025-02-21 14:00:00+00:00,721.8776239646652
2025-02-21 14:30:00+00:00,738.1742574948819
2025-02-21 15:30:00+00:00,739.0618421617331
2025-02-21 16:30:00+00:00,742.6861219212129
2025-02-21 17:30:00+00:00,742.5056137561031
2025-02-21 18:30:00+00:00,745.5447599106094
2025-02-21 19:30:00+00:00,740.9677282427372
2025-02-21 20:30:00+00:00,737.6275729776644
2025-02-21 21:00:00+00:00,749.640285888929
2025-02-21 22:00:00+00:00,751.05525918043
2025-02-21 23:00:00+00:00,737.060521006581
2025-02-24 09:00:00+00:00,739.9376069801737
2025-02-24 10:00:00+00:00,739.4014474435444
2025-02-24 11:00:00+00:00,740.1229860831594
2025-02-24 12:00:00+00:00,749.6624308962253
2025-02-24 13:00:00+00:00,756.3286457605025
2025-02-24 14:00:00+00:00,755.4500057428572
2025-02-24 14:30:00+00:00,757.1196641023522
2025-02-24 15:30:00+00:00,769.7836630972613
2025-02-24 16:30:00+00:00,761.1384942654942
2025-02-24 17:30:00+00:00,762.2166534728814
2025-02-24 18:30:00+00:00,765.5033300777548
2025-02-24 19:30:00+00:00,769.432796557657
2025-02-24 20:30:00+00:00,757.0187196043408
2025-02-24 21:00:00+00:00,761.8246990454162
2025-02-24 22:00:00+00:00,753.2160409129287
2025-02-24 23:00:00+00:00,750.8110735722684
2025-02-25 09:00:00+00:00,737.0711944928823
2025-02-25 10:00:00+00:00,736.1989632180594
2025-02-25 11:00:00+00:00,744.617275554078
2025-02-25 12:00:00+00:00,748.379605787981
2025-02-25 13:00:00+00:00,737.0245408825675
2025-02-25 14:00:00+00:00,737.3814770256843
2025-02-25 14:30:00+00:00,741.5626171057141
2025-02-25 15:30:00+00:00,740.8322209757417
2025-02-25 16:30:00+00:00,740.08663893623
2025-02-25 17:30:00+00:00,746.9336521917396
2025-02-25 18:30:00+00:00,756.3590374297115
2025-02-25 19:30:00+00:00,767.3448612632386
2025-02-25 20:30:00+00:00,767.5287941116619
2025-02-25 21:00:00+00:00,775.8135221217034
2025-02-25 22:00:00+00:00,787.7742025827099
2025-02-25 23:00:00+00:00,776.6183325716228
2025-02-26 09:00:00+00:00,779.4167864067845
2025-02-26 10:00:00+00:00,786.7704071806572
2025-02-26 11:00:00+00:00,788.94210038
2025-02-26 12:00:00+00:00,789.9426794076237
2025-02-26 13:00:00+00:00,792.145831148927
2025-02-26 14:00:00+00:00,784.7580857429022
2025-02-26 14:30:00+00:00,787.4976887842735
2025-02-26 15:30:00+00:00,782.4982174572909
2025-02-26 16:30:00+00:00,776.8355628770876
2025-02-26 17:30:00+00:00,775.9470509741294
2025-02-26 18:30:00+00:00,777.4681229285866
2025-02-26 19:30:00+00:00,780.7144052754195
2025-02-26 20:30:00+00:00,779.0989396032813
2025-02-26 21:00:00+00:00,777.1978474446636
2025-02-26 22:00:00+00:00,765.0937120394966
2025-02-26 23:00:00+00:00,760.5517708433084
2025-02-27 09:00:00+00:00,762.6305699452537
2025-02-27 10:00:00+00:00,753.0128232940116
2025-02-27 11:00:00+00:00,763.8657867699924
2025-02-27 12:00:00+00:00,766.0284890053072
2025-02-27 13:00:00+00:00,770.0961773091215
2025-02-27 14:00:00+00:00,765.7012752148427
2025-02-27 14:30:00+00:00,775.3438307075484
2025-02-27 15:30:00+00:00,774.3677434099379
2025-02-27 16:30:00+00:00,769.6993924186697
2025-02-27 17:30:00+00:00,762.0910635757663
2025-02-27 18:30:00+00:00,760.1691821142709
2025-02-27 19:30:00+00:00,758.8781881845634
2025-02-27 20:30:00+00:00,759.4319802819884
2025-02-27 21:00:00+00:00,765.8685139301341
2025-02-27 22:00:00+00:00,770.926509320792
2025-02-27 23:00:00+00:00,769.9584219683638
2025-02-28 09:00:00+00:00,780.2435422035832
2025-02-28 10:00:00+00:00,782.3661866692577
2025-02-28 11:00:00+00:00,782.7957883164088
2025-02-28 12:00:00+00:00,796.2485432525482
2025-02-28 13:00:00+00:00,781.8857665588359
2025-02-28 14:00:00+00:00,776.9833854294177
2025-02-28 14:30:00+00:00,770.7502903715366
2025-02-28 15:30:00+00:00,761.8363674882376
2025-02-28 16:30:00+00:00,769.6448968625264
2025-02-28 17:30:00+00:00,764.4671645476039
2025-02-28 18:30:00+00:00,770.762394388014
2025-02-28 19:30:00+00:00,771.4396461170811
2025-02-28 20:30:00+00:00,772.3719407035865
2025-02-28 21:00:00+00:00,761.0331323798875
2025-02-28 22:00:00+00:00,768.662761794486
2025-02-28 23:00:00+00:00,765.1139783279705
2025-03-03 09:00:00+00:00,759.6529240798892
2025-03-03 10:00:00+00:00,763.0843770554027
2025-03-03 11:00:00+00:00,756.831652921794
2025-03-03 12:00:00+00:00,757.3869249571388
2025-03-03 13:00:00+00:00,752.3004697491758
2025-03-03 14:00:00+00:00,749.6338691684715
2025-03-03 14:30:00+00:00,741.8657049080364
2025-03-03 15:30:00+00:00,729.7545951224239
2025-03-03 16:30:00+00:00,727.9514151638424
2025-03-03 17:30:00+00:00,728.5807133459688
2025-03-03 18:30:00+00:00,738.4740239085997
2025-03-03 19:30:00+00:00,746.6162573031645
2025-03-03 20:30:00+00:00,746.9864842449794
2025-03-03 21:00:00+00:00,747.2846991247635
2025-03-03 22:00:00+00:00,745.3976871384832
2025-03-03 23:00:00+00:00,734.8386438873334
2025-03-04 09:00:00+00:00,737.761016400173
2025-03-04 10:00:00+00:00,751.9804246799669
2025-03-04 11:00:00+00:00,751.5662399074766
2025-03-04 12:00:00+00:00,758.1041644899017
2025-03-04 13:00:00+00:00,762.0271041488296
2025-03-04 14:00:00+00:00,773.8596559722341
2025-03-04 14:30:00+00:00,778.0965153782186
2025-03-04 15:30:00+00:00,763.8643036594501
2025-03-04 16:30:00+00:00,760.306898275609
2025-03-04 17:30:00+00:00,744.6435726922925
2025-03-04 18:30:00+00:00,749.3491056098381
2025-03-04 19:30:00+00:00,748.8736099647889
2025-03-04 20:30:00+00:00,764.5189075665335
2025-03-04 21:00:00+00:00,761.5101441377341
2025-03-04 22:00:00+00:00,769.6408924974248
2025-03-04 23:00:00+00:00,779.7464062412066
2025-03-05 09:00:00+00:00,776.3988423498573
2025-03-05 10:00:00+00:00,775.082309959174
2025-03-05 11:00:00+00:00,779.704502662224
2025-03-05 12:00:00+00:00,790.4195394885187
2025-03-05 13:00:00+00:00,794.0380202243707
2025-03-05 14:00:00+00:00,797.5350660415352
2025-03-05 14:30:00+00:00,790.4770967967761
2025-03-05 15:30:00+00:00,796.2477571457382
2025-03-05 16:30:00+00:00,808.3570115473646
2025-03-05 17:30:00+00:00,805.5618987086216
2025-03-05 18:30:00+00:00,802.5660971186227
2025-03-05 19:30:00+00:00,799.4967829197227
2025-03-05 20:30:00+00:00,808.1471697734601
2025-03-05 21:00:00+00:00,798.7826986055301
2025-03-05 22:00:00+00:00,802.0419874589488
2025-03-05 23:00:00+00:00,809.4857650264049
2025-03-06 09:00:00+00:00,799.4975959356639
2025-03-06 10:00:00+00:00,791.8094443610432
2025-03-06 11:00:00+00:00,805.6627319004479
2025-03-06 12:00:00+00:00,810.5591939755715
2025-03-06 13:00:00+00:00,797.3771904881709
2025-03-06 14:00:00+00:00,793.0181650351442
2025-03-06 14:30:00+00:00,780.9830407691918
2025-03-06 15:30:00+00:00,774.6394498715587
2025-03-06 16:30:00+00:00,771.5138266876221
2025-03-06 17:30:00+00:00,770.8493589273718
2025-03-06 18:30:00+00:00,768.8581413207825
2025-03-06 19:30:00+00:00,779.0238362900252
2025-03-06 20:30:00+00:00,777.8690196691322
2025-03-06 21:00:00+00:00,784.5430610758235
2025-03-06 22:00:00+00:00,774.0915592043219
2025-03-06 23:00:00+00:00,769.5267204027351
2025-03-07 09:00:00+00:00,768.3920373293646
2025-03-07 10:00:00+00:00,754.9365493185246
2025-03-07 11:00:00+00:00,767.2407769450996
2025-03-07 12:00:00+00:00,757.8306694355138
2025-03-07 13:00:00+00:00,761.3299190043133
2025-03-07 14:00:00+00:00,762.8295624806525
2025-03-07 14:30:00+00:00,767.7645160546881
2025-03-07 15:30:00+00:00,747.9836853121401
2025-03-07 16:30:00+00:00,737.4685846878358
2025-03-07 17:30:00+00:00,731.198295799919
2025-03-07 18:30:00+00:00,735.3609695072842
2025-03-07 19:30:00+00:00,731.6705079068894
2025-03-07 20:30:00+00:00,739.9087908786536
2025-03-07 21:00:00+00:00,746.439069395161
2025-03-07 22:00:00+00:00,744.6992378920118
2025-03-07 23:00:00+00:00,747.5308470863204
2025-03-10 09:00:00+00:00,748.9846089987719
2025-03-10 10:00:00+00:00,763.2046678049763
2025-03-10 11:00:00+00:00,750.9725990938023
2025-03-10 12:00:00+00:00,752.1184501893221
2025-03-10 13:00:00+00:00,747.5402524296503
2025-03-10 13:30:00+00:00,745.1558731369121
2025-03-10 14:30:00+00:00,750.2055136245051
2025-03-10 15:30:00+00:00,748.0195946210375
2025-03-10 16:30:00+00:00,753.6204969575061
2025-03-10 17:30:00+00:00,748.7872099550683
2025-03-10 18:30:00+00:00,745.0832911743412
2025-03-10 19:30:00+00:00,744.2667768823844
2025-03-10 20:00:00+00:00,757.7557729217597
2025-03-10 21:00:00+00:00,761.0779215485654
2025-03-10 22:00:00+00:00,757.4767640732697
2025-03-10 23:00:00+00:00,750.0480381241509
2025-03-11 08:00:00+00:00,752.0038514739864
2025-03-11 09:00:00+00:00,746.7546116581025
2025-03-11 10:00:00+00:00,749.5577149979923
2025-03-11 11:00:00+00:00,758.4016653286067
2025-03-11 12:00:00+00:00,751.2208627516462
2025-03-11 13:00:00+00:00,744.3128128792772
2025-03-11 13:30:00+00:00,736.9379220542653
2025-03-11 14:30:00+00:00,729.7231814529796
2025-03-11 15:30:00+00:00,738.0104019342773
2025-03-11 16:30:00+00:00,741.1983639318524
2025-03-11 17:30:00+00:00,746.7306501067962
2025-03-11 18:30:00+00:00,767.5290857975262
2025-03-11 19:30:00+00:00,762.6247797102354
2025-03-11 20:00:00+00:00,769.0081834281344
2025-03-11 21:00:00+00:00,762.9416920728518
2025-03-11 22:00:00+00:00,756.4575278692457
2025-03-11 23:00:00+00:00,755.9274131316454
2025-03-12 08:00:00+00:00,762.7051652495554
2025-03-12 09:00:00+00:00,762.4385118580683
2025-03-12 10:00:00+00:00,756.4221376194413
2025-03-12 11:00:00+00:00,749.28575198198
2025-03-12 12:00:00+00:00,750.5991451083443
2025-03-12 13:00:00+00:00,745.0138876366967
2025-03-12 13:30:00+00:00,741.930527179507
2025-03-12 14:30:00+00:00,744.9342004159466
2025-03-12 15:30:00+00:00,747.0641690656677
2025-03-12 16:30:00+00:00,749.6798635270801
2025-03-12 17:30:00+00:00,738.868384553211
2025-03-12 18:30:00+00:00,739.2579269473256
2025-03-12 19:30:00+00:00,743.2183482215811
2025-03-12 20:00:00+00:00,750.7352916765805
2025-03-12 21:00:00+00:00,751.194020085902
2025-03-12 22:00:00+00:00,744.0340227222508
2025-03-12 23:00:00+00:00,744.313352735256
2025-03-13 08:00:00+00:00,741.3473591668186
2025-03-13 09:00:00+00:00,754.7599562975457
2025-03-13 10:00:00+00:00,746.5230275844664
2025-03-13 11:00:00+00:00,749.3321443775342
2025-03-13 12:00:00+00:00,747.0360779172031
2025-03-13 13:00:00+00:00,739.129007927063
2025-03-13 13:30:00+00:00,740.5091221400272
2025-03-13 14:30:00+00:00,732.3949300204606
2025-03-13 15:30:00+00:00,721.0647333746266
2025-03-13 16:30:00+00:00,709.4278652094197
2025-03-13 17:30:00+00:00,721.2734749722918
2025-03-13 18:30:00+00:00,728.1996621751088
2025-03-13 19:30:00+00:00,722.9205694271745
2025-03-13 20:00:00+00:00,716.3383626807962
2025-03-13 21:00:00+00:00,719.1256066495283
2025-03-13 22:00:00+00:00,709.1254129223651
2025-03-13 23:00:00+00:00,700.8378998053436
2025-03-14 08:00:00+00:00,693.5011625009688
2025-03-14 09:00:00+00:00,679.2907628316991
2025-03-14 10:00:00+00:00,692.1881636836416
2025-03-14 11:00:00+00:00,692.3268559654995
2025-03-14 12:00:00+00:00,699.516495455007
2025-03-14 13:00:00+00:00,700.9814003678179
2025-03-14 13:30:00+00:00,704.2832364652577
2025-03-14 14:30:00+00:00,710.8907742523074
2025-03-14 15:30:00+00:00,711.4137983210588
2025-03-14 16:30:00+00:00,717.3470624338954
2025-03-14 17:30:00+00:00,708.7029211043331
2025-03-14 18:30:00+00:00,718.9302186471177
2025-03-14 19:30:00+00:00,716.6968794810134
2025-03-14 20:00:00+00:00,713.781055464273
2025-03-14 21:00:00+00:00,711.3956794070698
2025-03-14 22:00:00+00:00,700.1261949765154
2025-03-14 23:00:00+00:00,705.137794687479
2025-03-17 08:00:00+00:00,711.2241337827135
2025-03-17 09:00:00+00:00,725.5846655480334
2025-03-17 10:00:00+00:00,721.9732708936757
2025-03-17 11:00:00+00:00,726.3965335131142
2025-03-17 12:00:00+00:00,736.6856340609851
2025-03-17 13:00:00+00:00,735.9808458604596
2025-03-17 13:30:00+00:00,738.788778574402
2025-03-17 14:30:00+00:00,736.3323897661335
2025-03-17 15:30:00+00:00,728.5239299972557
2025-03-17 16:30:00+00:00,730.8884362370247
2025-03-17 17:30:00+00:00,724.2706917073007
2025-03-17 18:30:00+00:00,745.6920331580532
2025-03-17 19:30:00+00:00,741.673614843573
2025-03-17 20:00:00+00:00,745.331107835131
2025-03-17 21:00:00+00:00,759.5517558004559
2025-03-17 22:00:00+00:00,756.0674524922586
2025-03-17 23:00:00+00:00,757.4963878882107
2025-03-18 08:00:00+00:00,749.8957010103421
2025-03-18 09:00:00+00:00,760.3780082714445
2025-03-18 10:00:00+00:00,757.6416990500549
2025-03-18 11:00:00+00:00,766.6932995095657
2025-03-18 12:00:00+00:00,752.2700645905253
2025-03-18 13:00:00+00:00,745.9994438461304
2025-03-18 13:30:00+00:00,738.0350794097645
2025-03-18 14:30:00+00:00,736.5231859663525
2025-03-18 15:30:00+00:00,730.1028176497534
2025-03-18 16:30:00+00:00,735.4895650980299
2025-03-18 17:30:00+00:00,743.642906969684
2025-03-18 18:30:00+00:00,747.3666560407761
2025-03-18 19:30:00+00:00,743.4465672998068
2025-03-18 20:00:00+00:00,750.7012280385078
2025-03-18 21:00:00+00:00,754.6457270265162
2025-03-18 22:00:00+00:00,763.923880764327
2025-03-18 23:00:00+00:00,766.6240798755989
2025-03-19 08:00:00+00:00,780.5603583119595
2025-03-19 09:00:00+00:00,785.5455516700387
2025-03-19 10:00:00+00:00,776.4457762710684
2025-03-19 11:00:00+00:00,771.1677451713948
2025-03-19 12:00:00+00:00,757.5341298803864
2025-03-19 13:00:00+00:00,748.1831850897163
2025-03-19 13:30:00+00:00,745.5003027891066
2025-03-19 14:30:00+00:00,740.5835051366633
2025-03-19 15:30:00+00:00,737.9680615862262
2025-03-19 16:30:00+00:00,733.5428204466435
2025-03-19 17:30:00+00:00,737.3053697213084
2025-03-19 18:30:00+00:00,735.1997110486185
2025-03-19 19:30:00+00:00,727.665894379223
2025-03-19 20:00:00+00:00,729.2433409154883
2025-03-19 21:00:00+00:00,730.7471832979425
2025-03-19 22:00:00+00:00,740.6241899188292
2025-03-19 23:00:00+00:00,743.1800506279677
2025-03-20 08:00:00+00:00,756.1123906154819
2025-03-20 09:00:00+00:00,746.7463734311831
2025-03-20 10:00:00+00:00,735.1155295857836
2025-03-20 11:00:00+00:00,740.5573295594903
2025-03-20 12:00:00+00:00,736.0835768310786
2025-03-20 13:00:00+00:00,731.9405189734204
2025-03-20 13:30:00+00:00,732.719319434322
2025-03-20 14:30:00+00:00,748.8362834940295
2025-03-20 15:30:00+00:00,739.8049103482961
2025-03-20 16:30:00+00:00,737.772864374966
2025-03-20 17:30:00+00:00,756.2056361551835
2025-03-20 18:30:00+00:00,768.1695117442047
2025-03-20 19:30:00+00:00,772.8125312952733
2025-03-20 20:00:00+00:00,775.1165063345228
2025-03-20 21:00:00+00:00,753.9626686853021
2025-03-20 22:00:00+00:00,749.2312185376627
2025-03-20 23:00:00+00:00,747.3260951726038
2025-03-21 08:00:00+00:00,737.571338433942
2025-03-21 09:00:00+00:00,724.7491915238384
2025-03-21 10:00:00+00:00,728.6166953419529
2025-03-21 11:00:00+00:00,728.1792326301065
2025-03-21 12:00:00+00:00,732.4149768797298
2025-03-21 13:00:00+00:00,733.2794109407752
2025-03-21 13:30:00+00:00,738.647368253914
2025-03-21 14:30:00+00:00,724.4533064723262
2025-03-21 15:30:00+00:00,716.9439735600474
2025-03-21 16:30:00+00:00,724.8700177688337
2025-03-21 17:30:00+00:00,741.619491938396
2025-03-21 18:30:00+00:00,740.4520415029806
2025-03-21 19:30:00+00:00,729.1140542401309
2025-03-21 20:00:00+00:00,719.4543833946495
2025-03-21 21:00:00+00:00,716.9689690418587
2025-03-21 22:00:00+00:00,707.3317846369235
2025-03-21 23:00:00+00:00,707.4818351072572
2025-03-24 08:00:00+00:00,713.5368681676034
2025-03-24 09:00:00+00:00,713.1401312728733
2025-03-24 10:00:00+00:00,706.0976301375364
2025-03-24 11:00:00+00:00,703.711176548689
2025-03-24 12:00:00+00:00,701.9845501756648
2025-03-24 13:00:00+00:00,700.8654892908419
2025-03-24 13:30:00+00:00,698.285576115262
2025-03-24 14:30:00+00:00,700.0351989306365
2025-03-24 15:30:00+00:00,703.7402158316252
2025-03-24 16:30:00+00:00,695.2805066146933
2025-03-24 17:30:00+00:00,698.3469779654118
2025-03-24 18:30:00+00:00,704.5305068761894
2025-03-24 19:30:00+00:00,704.8737343828242
2025-03-24 20:00:00+00:00,711.4875288101049
2025-03-24 21:00:00+00:00,709.1572767207351
2025-03-24 22:00:00+00:00,698.546607497739
2025-03-24 23:00:00+00:00,700.6151972179943
2025-03-25 08:00:00+00:00,700.3692027483551
2025-03-25 09:00:00+00:00,695.4003620510969
2025-03-25 10:00:00+00:00,701.701567342373
2025-03-25 11:00:00+00:00,694.3003192973358
2025-03-25 12:00:00+00:00,693.8854302619129
2025-03-25 13:00:00+00:00,697.742505219417
2025-03-25 13:30:00+00:00,695.8926211139074
2025-03-25 14:30:00+00:00,693.1114567758252
2025-03-25 15:30:00+00:00,702.0925065986336
2025-03-25 16:30:00+00:00,705.9482049875073
2025-03-25 17:30:00+00:00,702.8178593730313
2025-03-25 18:30:00+00:00,685.048447682752
2025-03-25 19:30:00+00:00,688.4550740555273
2025-03-25 20:00:00+00:00,698.0322297079979
2025-03-25 21:00:00+00:00,696.0834899585074
2025-03-25 22:00:00+00:00,681.0528671845123
2025-03-25 23:00:00+00:00,686.0895817168487
2025-03-26 08:00:00+00:00,694.2251944703875
2025-03-26 09:00:00+00:00,700.2454527934507
2025-03-26 10:00:00+00:00,699.9136854429591
2025-03-26 11:00:00+00:00,693.3311672769403
2025-03-26 12:00:00+00:00,693.7613806973708
2025-03-26 13:00:00+00:00,691.8883739589186
2025-03-26 13:30:00+00:00,706.9040554519895
2025-03-26 14:30:00+00:00,711.1990331148651
2025-03-26 15:30:00+00:00,706.7985110122811
2025-03-26 16:30:00+00:00,704.7215338978724
2025-03-26 17:30:00+00:00,709.9607440053301
2025-03-26 18:30:00+00:00,716.2408730065746
2025-03-26 19:30:00+00:00,703.6850841911672
2025-03-26 20:00:00+00:00,698.227393841502
2025-03-26 21:00:00+00:00,689.9270506619114
2025-03-26 22:00:00+00:00,704.3380403132383
2025-03-26 23:00:00+00:00,707.7029701959101
2025-03-27 08:00:00+00:00,712.743283583964
2025-03-27 09:00:00+00:00,705.4735909422702
2025-03-27 10:00:00+00:00,702.2291325006939
2025-03-27 11:00:00+00:00,698.8099058727408
2025-03-27 12:00:00+00:00,695.4981293481951
2025-03-27 13:00:00+00:00,704.2754000229222
2025-03-27 13:30:00+00:00,705.3867143810165
2025-03-27 14:30:00+00:00,716.6698774112701
2025-03-27 15:30:00+00:00,728.45802317649
2025-03-27 16:30:00+00:00,735.2745827909298
2025-03-27 17:30:00+00:00,745.9905470628735
2025-03-27 18:30:00+00:00,747.58022595071
2025-03-27 19:30:00+00:00,746.4127601759936
2025-03-27 20:00:00+00:00,742.3191727617199
2025-03-27 21:00:00+00:00,742.7162867407045
2025-03-27 22:00:00+00:00,755.223949458168
2025-03-27 23:00:00+00:00,745.3526261143141
2025-03-28 08:00:00+00:00,752.9190605251407
2025-03-28 09:00:00+00:00,753.373307482242
2025-03-28 10:00:00+00:00,755.7569045688915
2025-03-28 11:00:00+00:00,743.4968230721895
2025-03-28 12:00:00+00:00,743.1046086871427
2025-03-28 13:00:00+00:00,740.365493825887
2025-03-28 13:30:00+00:00,731.9487490479129
2025-03-28 14:30:00+00:00,726.2489349809433
2025-03-28 15:30:00+00:00,723.2518115407574
2025-03-28 16:30:00+00:00,729.9999699235292
2025-03-28 17:30:00+00:00,735.8753003396283
2025-03-28 18:30:00+00:00,739.3321412091836
2025-03-28 19:30:00+00:00,731.6976183614611
2025-03-28 20:00:00+00:00,744.3121056535408
2025-03-28 21:00:00+00:00,755.7571621653009
2025-03-28 22:00:00+00:00,772.5086122104941
2025-03-28 23:00:00+00:00,795.8588176605217
2025-03-31 08:00:00+00:00,802.7523267934602
2025-03-31 09:00:00+00:00,807.8197694880864
2025-03-31 10:00:00+00:00,820.5885425998224
2025-03-31 11:00:00+00:00,835.38750110899
2025-03-31 12:00:00+00:00,835.0261446629199
2025-03-31 13:00:00+00:00,834.0433417362716
2025-03-31 13:30:00+00:00,838.3721234711145
2025-03-31 14:30:00+00:00,847.9325588198766
2025-03-31 15:30:00+00:00,831.7824919296879
2025-03-31 16:30:00+00:00,829.0637500827202
2025-03-31 17:30:00+00:00,831.5509025293684
2025-03-31 18:30:00+00:00,829.6029991947061
2025-03-31 19:30:00+00:00,825.0137785864803
2025-03-31 20:00:00+00:00,816.2514498510969
2025-03-31 21:00:00+00:00,826.4589833484251
2025-03-31 22:00:00+00:00,814.2488013881014
2025-03-31 23:00:00+00:00,816.4737192510808
2025-04-01 08:00:00+00:00,824.8597247125058
2025-04-01 09:00:00+00:00,823.5066112561196
2025-04-01 10:00:00+00:00,837.9591277475932
2025-04-01 11:00:00+00:00,828.6729760572472
2025-04-01 12:00:00+00:00,814.1725879664056
2025-04-01 13:00:00+00:00,824.3723457458586
2025-04-01 13:30:00+00:00,837.6343648738562
2025-04-01 14:30:00+00:00,839.0062492236735
2025-04-01 15:30:00+00:00,837.5937415087878
2025-04-01 16:30:00+00:00,830.0787282305376
2025-04-01 17:30:00+00:00,838.7199476337117
2025-04-01 18:30:00+00:00,846.148205874958
2025-04-01 19:30:00+00:00,842.2136728035449
2025-04-01 20:00:00+00:00,830.1530995370513
2025-04-01 21:00:00+00:00,822.9788325474146
2025-04-01 22:00:00+00:00,813.4594814019855
2025-04-01 23:00:00+00:00,815.6345691858832
2025-04-02 08:00:00+00:00,822.073829136111
2025-04-02 09:00:00+00:00,816.9311234859696
2025-04-02 10:00:00+00:00,802.8327417516248
2025-04-02 11:00:00+00:00,813.97512717542
2025-04-02 12:00:00+00:00,809.2991807362538
2025-04-02 13:00:00+00:00,809.9956345103399
2025-04-02 13:30:00+00:00,810.9255023777962
2025-04-02 14:30:00+00:00,821.1824063813912
2025-04-02 15:30:00+00:00,817.5866291701211
2025-04-02 16:30:00+00:00,818.5722121387774
2025-04-02 17:30:00+00:00,808.6680924124481
2025-04-02 18:30:00+00:00,826.6256150650755
2025-04-02 19:30:00+00:00,821.0864951830611
2025-04-02 20:00:00+00:00,812.8769670065604
2025-04-02 21:00:00+00:00,803.8923626016127
2025-04-02 22:00:00+00:00,807.4224146443902
2025-04-02 23:00:00+00:00,818.8367657803489
2025-04-03 08:00:00+00:00,822.4190914515503
2025-04-03 09:00:00+00:00,821.8776668021883
2025-04-03 10:00:00+00:00,828.8175877535556
2025-04-03 11:00:00+00:00,831.945357576151
2025-04-03 12:00:00+00:00,836.4945335657202
2025-04-03 13:00:00+00:00,830.3312437012722
2025-04-03 13:30:00+00:00,827.4153931426638
2025-04-03 14:30:00+00:00,829.0269909047705
2025-04-03 15:30:00+00:00,825.8142760208218
2025-04-03 16:30:00+00:00,823.0211881166075
2025-04-03 17:30:00+00:00,815.0432692262431
2025-04-03 18:30:00+00:00,821.1979884700949
2025-04-03 19:30:00+00:00,812.1717905265907
2025-04-03 20:00:00+00:00,821.7540297135744
2025-04-03 21:00:00+00:00,811.1676195521767
2025-04-03 22:00:00+00:00,809.9404422354115
2025-04-03 23:00:00+00:00,814.6827962112112
2025-04-04 08:00:00+00:00,807.790827018281
2025-04-04 09:00:00+00:00,784.3540911100738
2025-04-04 10:00:00+00:00,772.7186188076963
2025-04-04 11:00:00+00:00,775.9658793055961
2025-04-04 12:00:00+00:00,771.7865613539601
2025-04-04 13:00:00+00:00,772.2660214592369
2025-04-04 13:30:00+00:00,773.4648903675313
2025-04-04 14:30:00+00:00,776.3804605657151
2025-04-04 15:30:00+00:00,770.0513007029175
2025-04-04 16:30:00+00:00,766.0241073977141
2025-04-04 17:30:00+00:00,758.7628621052536
2025-04-04 18:30:00+00:00,759.0937813960393
2025-04-04 19:30:00+00:00,753.3100715968114
2025-04-04 20:00:00+00:00,757.2548941474445
2025-04-04 21:00:00+00:00,763.0640690939763
2025-04-04 22:00:00+00:00,765.7989210969715
2025-04-04 23:00:00+00:00,776.0823160062015
2025-04-07 08:00:00+00:00,786.0181876167167
2025-04-07 09:00:00+00:00,787.2170922314002
2025-04-07 10:00:00+00:00,780.4732533118529
2025-04-07 11:00:00+00:00,762.8294034492087
2025-04-07 12:00:00+00:00,763.2425766102375
2025-04-07 13:00:00+00:00,757.9652603021754
2025-04-07 13:30:00+00:00,757.0399381431098
2025-04-07 14:30:00+00:00,741.7781081361474
2025-04-07 15:30:00+00:00,739.407330460172
2025-04-07 16:30:00+00:00,735.218581926301
2025-04-07 17:30:00+00:00,737.0433609654697
2025-04-07 18:30:00+00:00,744.3794466336466
2025-04-07 19:30:00+00:00,741.4268939366616
2025-04-07 20:00:00+00:00,734.1270470322931
2025-04-07 21:00:00+00:00,736.5655828522091
2025-04-07 22:00:00+00:00,744.2604750128776
2025-04-07 23:00:00+00:00,738.205586158287
2025-04-08 08:00:00+00:00,748.3704534111305
2025-04-08 09:00:00+00:00,750.6428164534635
2025-04-08 10:00:00+00:00,759.4929644199829
2025-04-08 11:00:00+00:00,742.6505274129586
2025-04-08 12:00:00+00:00,734.8589253367
2025-04-08 13:00:00+00:00,734.9012850541368
2025-04-08 13:30:00+00:00,729.5217870626642
2025-04-08 14:30:00+00:00,734.1883781380432
2025-04-08 15:30:00+00:00,741.652982543575
2025-04-08 16:30:00+00:00,736.8832961698206
2025-04-08 17:30:00+00:00,728.9122465296878
2025-04-08 18:30:00+00:00,715.5360336310539
2025-04-08 19:30:00+00:00,716.8648757762821
2025-04-08 20:00:00+00:00,714.1654284658608
2025-04-08 21:00:00+00:00,721.0591389062674
2025-04-08 22:00:00+00:00,726.2290423334331
2025-04-08 23:00:00+00:00,723.3165948010096
2025-04-09 08:00:00+00:00,725.8616467740708
2025-04-09 09:00:00+00:00,726.5622418102405
2025-04-09 10:00:00+00:00,727.6696983261529
2025-04-09 11:00:00+00:00,718.1629429675463
2025-04-09 12:00:00+00:00,723.8790867795329
2025-04-09 13:00:00+00:00,733.032650397909
2025-04-09 13:30:00+00:00,720.2904699446494
2025-04-09 14:30:00+00:00,718.3649543065711
2025-04-09 15:30:00+00:00,712.8216883120575
2025-04-09 16:30:00+00:00,721.1077193851361
2025-04-09 17:30:00+00:00,719.0934079248118
2025-04-09 18:30:00+00:00,721.5560387874298
2025-04-09 19:30:00+00:00,723.4538501227945
2025-04-09 20:00:00+00:00,725.9244238663355
2025-04-09 21:00:00+00:00,726.1193941548873
2025-04-09 22:00:00+00:00,719.4194187194731
2025-04-09 23:00:00+00:00,717.0905395834311
2025-04-10 08:00:00+00:00,711.8309048532869
2025-04-10 09:00:00+00:00,707.3306173871473
2025-04-10 10:00:00+00:00,708.3144400478543
2025-04-10 11:00:00+00:00,705.1110486279948
2025-04-10 12:00:00+00:00,695.7362030504971
2025-04-10 13:00:00+00:00,694.2720336034138
2025-04-10 13:30:00+00:00,692.9433266968698
2025-04-10 14:30:00+00:00,690.1576590974171
2025-04-10 15:30:00+00:00,699.6304827453387
2025-04-10 16:30:00+00:00,696.2453294925589
2025-04-10 17:30:00+00:00,699.0447422332801
2025-04-10 18:30:00+00:00,692.2866854637674
2025-04-10 19:30:00+00:00,694.9547867423751
2025-04-10 20:00:00+00:00,681.2257572489106
2025-04-10 21:00:00+00:00,688.2152413678099
2025-04-10 22:00:00+00:00,688.405956523556
2025-04-10 23:00:00+00:00,684.8581934171264
2025-04-11 08:00:00+00:00,678.8925392352749
2025-04-11 09:00:00+00:00,676.4155728221232
2025-04-11 10:00:00+00:00,687.7146460611168
2025-04-11 11:00:00+00:00,696.013881474832
2025-04-11 12:00:00+00:00,689.842237288126
2025-04-11 13:00:00+00:00,688.2134159550617
2025-04-11 13:30:00+00:00,687.9150997256472
2025-04-11 14:30:00+00:00,690.1998672715663
2025-04-11 15:30:00+00:00,695.9170345979038
2025-04-11 16:30:00+00:00,705.1635736808648
2025-04-11 17:30:00+00:00,690.5012752795992
2025-04-11 18:30:00+00:00,691.550581566614
2025-04-11 19:30:00+00:00,693.3469849139008
2025-04-11 20:00:00+00:00,689.2809230652966
2025-04-11 21:00:00+00:00,677.6070103583821
2025-04-11 22:00:00+00:00,682.5289095157385
2025-04-11 23:00:00+00:00,680.983059655501
2025-04-14 08:00:00+00:00,675.6236209446977
2025-04-14 09:00:00+00:00,666.0670632133418
2025-04-14 10:00:00+00:00,663.550564537025
2025-04-14 11:00:00+00:00,656.8711396929951
2025-04-14 12:00:00+00:00,666.2789609878171
2025-04-14 13:00:00+00:00,662.7127612154692
2025-04-14 13:30:00+00:00,662.5808794778695
2025-04-14 14:30:00+00:00,660.03934343017
2025-04-14 15:30:00+00:00,665.2962770235109
2025-04-14 16:30:00+00:00,662.113558414396
2025-04-14 17:30:00+00:00,662.7771207155049
2025-04-14 18:30:00+00:00,668.7884785060022
2025-04-14 19:30:00+00:00,681.4802304373136
2025-04-14 20:00:00+00:00,677.3298493214992
2025-04-14 21:00:00+00:00,679.3585569428876
2025-04-14 22:00:00+00:00,689.9342598378043
2025-04-14 23:00:00+00:00,690.0868854682317
2025-04-15 08:00:00+00:00,687.7948261123239
2025-04-15 09:00:00+00:00,687.1426747611869
2025-04-15 10:00:00+00:00,689.4776149426108
2025-04-15 11:00:00+00:00,688.9457769083024
2025-04-15 12:00:00+00:00,697.3602329218332
2025-04-15 13:00:00+00:00,692.4704489997687
2025-04-15 13:30:00+00:00,695.7550486044435
2025-04-15 14:30:00+00:00,688.7181425193369
2025-04-15 15:30:00+00:00,695.2041502698274
2025-04-15 16:30:00+00:00,702.579129488746
2025-04-15 17:30:00+00:00,694.4893900555271
2025-04-15 18:30:00+00:00,698.5021943751758
2025-04-15 19:30:00+00:00,694.0713756957732
2025-04-15 20:00:00+00:00,692.8671908524806
2025-04-15 21:00:00+00:00,692.2960024326093
2025-04-15 22:00:00+00:00,687.835430624458
2025-04-15 23:00:00+00:00,682.6941023696883
2025-04-16 08:00:00+00:00,677.95479741973
2025-04-16 09:00:00+00:00,681.1635019784194
2025-04-16 10:00:00+00:00,670.978239995181
2025-04-16 11:00:00+00:00,657.8849655199441
2025-04-16 12:00:00+00:00,664.3357911528066
2025-04-16 13:00:00+00:00,664.0733635590553
2025-04-16 13:30:00+00:00,659.1560856137952
2025-04-16 14:30:00+00:00,653.3957059474362
2025-04-16 15:30:00+00:00,653.665082099339
2025-04-16 16:30:00+00:00,654.8671853997881
2025-04-16 17:30:00+00:00,655.631909529619
2025-04-16 18:30:00+00:00,657.8019100469613
2025-04-16 19:30:00+00:00,655.8657962195043
2025-04-16 20:00:00+00:00,656.9524814916176
2025-04-16 21:00:00+00:00,649.9090227281365
2025-04-16 22:00:00+00:00,652.8194522626941
2025-04-16 23:00:00+00:00,642.8272451822992
2025-04-17 08:00:00+00:00,642.641982189226
2025-04-17 09:00:00+00:00,648.1221782075937
2025-04-17 10:00:00+00:00,647.6745997650407
2025-04-17 11:00:00+00:00,646.2253960821397
2025-04-17 12:00:00+00:00,648.7965849397874
2025-04-17 13:00:00+00:00,650.2892575286874
2025-04-17 13:30:00+00:00,644.112344133847
2025-04-17 14:30:00+00:00,648.884747072236
2025-04-17 15:30:00+00:00,659.3562600785749
2025-04-17 16:30:00+00:00,651.0361410242583
2025-04-17 17:30:00+00:00,669.6188048358875
2025-04-17 18:30:00+00:00,665.8451102996806
2025-04-17 19:30:00+00:00,669.527184224366
2025-04-17 20:00:00+00:00,676.3409819680272
2025-04-17 21:00:00+00:00,679.3948037835937
2025-04-17 22:00:00+00:00,690.3837531013334
2025-04-17 23:00:00+00:00,688.167752732659
2025-04-21 08:00:00+00:00,688.0244168883597
2025-04-21 09:00:00+00:00,688.4790641989492
2025-04-21 10:00:00+00:00,696.0103958831279
2025-04-21 11:00:00+00:00,696.1646101466421
2025-04-21 12:00:00+00:00,699.5736490225707
2025-04-21 13:00:00+00:00,700.4618299198086
2025-04-21 13:30:00+00:00,702.0852813259182
2025-04-21 14:30:00+00:00,702.7326461596806
2025-04-21 15:30:00+00:00,699.7886227825563
2025-04-21 16:30:00+00:00,701.1110596938962
2025-04-21 17:30:00+00:00,706.7834235207997
2025-04-21 18:30:00+00:00,709.4853738943029
2025-04-21 19:30:00+00:00,702.0685920865583
2025-04-21 20:00:00+00:00,696.7420330966079
2025-04-21 21:00:00+00:00,687.471874965466
2025-04-21 22:00:00+00:00,684.9939010077693
2025-04-21 23:00:00+00:00,682.9087472729685
2025-04-22 08:00:00+00:00,688.4954096205087
2025-04-22 09:00:00+00:00,691.1470179289885
2025-04-22 10:00:00+00:00,692.5578559662795
2025-04-22 11:00:00+00:00,695.4275109675758
2025-04-22 12:00:00+00:00,698.0489515155258
2025-04-22 13:00:00+00:00,704.945506848359
2025-04-22 13:30:00+00:00,699.1251274717544
2025-04-22 14:30:00+00:00,703.1448023271182
2025-04-22 15:30:00+00:00,709.4707345494252
2025-04-22 16:30:00+00:00,701.4633838628346
2025-04-22 17:30:00+00:00,689.7785751244429
2025-04-22 18:30:00+00:00,692.1218442903158
2025-04-22 19:30:00+00:00,692.5760690186243
2025-04-22 20:00:00+00:00,689.2484922947319
2025-04-22 21:00:00+00:00,692.7484816241036
2025-04-22 22:00:00+00:00,699.561751890658
2025-04-22 23:00:00+00:00,702.6457262688842
2025-04-23 08:00:00+00:00,698.0388853242317
2025-04-23 09:00:00+00:00,710.851609375915
2025-04-23 10:00:00+00:00,702.8202156140085
2025-04-23 11:00:00+00:00,703.2483478151879
2025-04-23 12:00:00+00:00,706.2478373845485
2025-04-23 13:00:00+00:00,703.8941356763982
2025-04-23 13:30:00+00:00,698.9181083910128
2025-04-23 14:30:00+00:00,694.6471388309039
2025-04-23 15:30:00+00:00,697.1093649861737
2025-04-23 16:30:00+00:00,692.807474777157
2025-04-23 17:30:00+00:00,700.8581441729441
2025-04-23 18:30:00+00:00,698.5730068595991
2025-04-23 19:30:00+00:00,693.0456350019275
2025-04-23 20:00:00+00:00,685.4513838479637
2025-04-23 21:00:00+00:00,674.3088901279717
2025-04-23 22:00:00+00:00,661.870686501586
2025-04-23 23:00:00+00:00,653.894607315813
2025-04-24 08:00:00+00:00,649.5251532568946
2025-04-24 09:00:00+00:00,643.8211688895888
2025-04-24 10:00:00+00:00,635.8471411391002
2025-04-24 11:00:00+00:00,633.1290547585216
2025-04-24 12:00:00+00:00,636.2564550092995
2025-04-24 13:00:00+00:00,636.5718523441002
2025-04-24 13:30:00+00:00,640.345786747516
2025-04-24 14:30:00+00:00,642.7775695791131
2025-04-24 15:30:00+00:00,643.5332956029164
2025-04-24 16:30:00+00:00,642.153413637787
2025-04-24 17:30:00+00:00,640.4723565672988
2025-04-24 18:30:00+00:00,638.4827319302244
2025-04-24 19:30:00+00:00,638.2274360333553
2025-04-24 20:00:00+00:00,626.5415745585185
2025-04-24 21:00:00+00:00,620.5250913407771
2025-04-24 22:00:00+00:00,617.7001359511588
2025-04-24 23:00:00+00:00,618.3984729984497
2025-04-25 08:00:00+00:00,615.9659428780478
2025-04-25 09:00:00+00:00,618.7570833829826
2025-04-25 10:00:00+00:00,618.6258194901769
2025-04-25 11:00:00+00:00,619.8641187849132
2025-04-25 12:00:00+00:00,618.05272776084
2025-04-25 13:00:00+00:00,617.3473357846692
2025-04-25 13:30:00+00:00,619.6875476455173
2025-04-25 14:30:00+00:00,634.0543600465235
2025-04-25 15:30:00+00:00,634.222451714064
2025-04-25 16:30:00+00:00,635.0627898614296
2025-04-25 17:30:00+00:00,643.1649474391944
2025-04-25 18:30:00+00:00,646.8013001217123
2025-04-25 19:30:00+00:00,647.2899389120787
2025-04-25 20:00:00+00:00,640.9708063908074
2025-04-25 21:00:00+00:00,635.9904649833896
2025-04-25 22:00:00+00:00,627.7288558284926
2025-04-25 23:00:00+00:00,627.0033394908894
2025-04-28 08:00:00+00:00,624.278373705972
2025-04-28 09:00:00+00:00,620.3533487793001
2025-04-28 10:00:00+00:00,632.0654076520375
2025-04-28 11:00:00+00:00,634.1602705889745
2025-04-28 12:00:00+00:00,637.9735258014164
2025-04-28 13:00:00+00:00,635.5194427265299
2025-04-28 13:30:00+00:00,632.3289295958576
2025-04-28 14:30:00+00:00,628.2837483726291
2025-04-28 15:30:00+00:00,621.8374630241397
2025-04-28 16:30:00+00:00,620.6997228554237
2025-04-28 17:30:00+00:00,622.0811534199132
2025-04-28 18:30:00+00:00,621.4148530053916
2025-04-28 19:30:00+00:00,614.027249861767
2025-04-28 20:00:00+00:00,623.8979834465897
2025-04-28 21:00:00+00:00,632.0989332135518
2025-04-28 22:00:00+00:00,630.957553977683
2025-04-28 23:00:00+00:00,639.4253497933807
2025-04-29 08:00:00+00:00,635.48900333212
2025-04-29 09:00:00+00:00,645.5793088494702
2025-04-29 10:00:00+00:00,651.1466136062228
2025-04-29 11:00:00+00:00,646.996836734355
2025-04-29 12:00:00+00:00,636.6506567632512
2025-04-29 13:00:00+00:00,634.7710845816746
2025-04-29 13:30:00+00:00,646.4522021748598
2025-04-29 14:30:00+00:00,650.1171066509322
2025-04-29 15:30:00+00:00,650.210554390028
2025-04-29 16:30:00+00:00,644.8299560783221
2025-04-29 17:30:00+00:00,656.9550452651134
2025-04-29 18:30:00+00:00,666.0751427460492
2025-04-29 19:30:00+00:00,671.7446561311331
2025-04-29 20:00:00+00:00,674.8651022872542
2025-04-29 21:00:00+00:00,670.5149974672071
2025-04-29 22:00:00+00:00,674.0197847381722
2025-04-29 23:00:00+00:00,680.1135842539751
2025-04-30 08:00:00+00:00,675.423417086737
2025-04-30 09:00:00+00:00,675.4041253875714
2025-04-30 10:00:00+00:00,676.8727774753474
2025-04-30 11:00:00+00:00,684.1385010570528
2025-04-30 12:00:00+00:00,689.2956620600271
2025-04-30 13:00:00+00:00,687.5173242038162
2025-04-30 13:30:00+00:00,690.9434047738
2025-04-30 14:30:00+00:00,688.1500493599872
2025-04-30 15:30:00+00:00,683.8328159277203
2025-04-30 16:30:00+00:00,686.3168942633472
2025-04-30 17:30:00+00:00,685.5071429201508
2025-04-30 18:30:00+00:00,688.1134415271257
2025-04-30 19:30:00+00:00,691.6084837857497
2025-04-30 20:00:00+00:00,685.1840087971784
2025-04-30 21:00:00+00:00,675.1749539666255
2025-04-30 22:00:00+00:00,666.9952461000217
2025-04-30 23:00:00+00:00,678.8372281694391
2025-05-01 08:00:00+00:00,683.1545569161246
2025-05-01 09:00:00+00:00,684.1996089515056
2025-05-01 10:00:00+00:00,691.0942627991901
2025-05-01 11:00:00+00:00,693.3760000958165
2025-05-01 12:00:00+00:00,686.0838097282809
2025-05-01 13:00:00+00:00,685.4777949858669
2025-05-01 13:30:00+00:00,686.5013325253753
2025-05-01 14:30:00+00:00,686.5692267732264
2025-05-01 15:30:00+00:00,677.0572954979655
2025-05-01 16:30:00+00:00,677.7987840232715
2025-05-01 17:30:00+00:00,683.4083871611082
2025-05-01 18:30:00+00:00,684.2091004469862
2025-05-01 19:30:00+00:00,691.5478629041693
2025-05-01 20:00:00+00:00,689.2093945172383
2025-05-01 21:00:00+00:00,696.4715445207098
2025-05-01 22:00:00+00:00,696.0711425487082
2025-05-01 23:00:00+00:00,707.4257669195348
2025-05-02 08:00:00+00:00,713.2322995591011
2025-05-02 09:00:00+00:00,703.5921377967852
2025-05-02 10:00:00+00:00,704.8479693352236
2025-05-02 11:00:00+00:00,702.3332424399
2025-05-02 12:00:00+00:00,692.8998392635575
2025-05-02 13:00:00+00:00,699.0465039111958
2025-05-02 13:30:00+00:00,696.3194789521455
2025-05-02 14:30:00+00:00,694.5555123665949
2025-05-02 15:30:00+00:00,686.8765263062159
2025-05-02 16:30:00+00:00,685.1656605021932
2025-05-02 17:30:00+00:00,682.222391173014
2025-05-02 18:30:00+00:00,687.2668316786344
2025-05-02 19:30:00+00:00,683.7632930676348
2025-05-02 20:00:00+00:00,684.8178345595062
2025-05-02 21:00:00+00:00,682.5309806486093
2025-05-02 22:00:00+00:00,679.0500433099057
2025-05-02 23:00:00+00:00,680.671069623294
2025-05-05 08:00:00+00:00,689.1539320624694
2025-05-05 09:00:00+00:00,685.5091234434983
2025-05-05 10:00:00+00:00,691.3039025531457
2025-05-05 11:00:00+00:00,694.8432135612697
2025-05-05 12:00:00+00:00,695.0451560709276
2025-05-05 13:00:00+00:00,691.7927301317104
2025-05-05 13:30:00+00:00,688.2321674855133
2025-05-05 14:30:00+00:00,687.3964060640161
2025-05-05 15:30:00+00:00,695.129631371405
2025-05-05 16:30:00+00:00,694.5360591837212
2025-05-05 17:30:00+00:00,704.8258345965037
2025-05-05 18:30:00+00:00,706.7798466322059
2025-05-05 19:30:00+00:00,698.5798510001446
2025-05-05 20:00:00+00:00,693.3444036666149
2025-05-05 21:00:00+00:00,700.1931627579772
2025-05-05 22:00:00+00:00,702.5218703667083
2025-05-05 23:00:00+00:00,691.3970014856632
2025-05-06 08:00:00+00:00,695.7297454861246
2025-05-06 09:00:00+00:00,689.9082615070769
2025-05-06 10:00:00+00:00,690.0429617639977
2025-05-06 11:00:00+00:00,687.7848214559524
2025-05-06 12:00:00+00:00,688.3574194341693
2025-05-06 13:00:00+00:00,677.3651671988713
2025-05-06 13:30:00+00:00,681.3359628246398
2025-05-06 14:30:00+00:00,690.5391565509991
2025-05-06 15:30:00+00:00,687.7171113370589
2025-05-06 16:30:00+00:00,679.474089345941
2025-05-06 17:30:00+00:00,689.1081810299809
2025-05-06 18:30:00+00:00,696.4500643498436
2025-05-06 19:30:00+00:00,697.5764895032519
2025-05-06 20:00:00+00:00,693.511325519592
2025-05-06 21:00:00+00:00,692.5070832964738
2025-05-06 22:00:00+00:00,688.610768039449
2025-05-06 23:00:00+00:00,688.3518563402107
2025-05-07 08:00:00+00:00,686.5782807695875
2025-05-07 09:00:00+00:00,688.0015515937157
2025-05-07 10:00:00+00:00,683.14475729311
2025-05-07 11:00:00+00:00,673.2344396159885
2025-05-07 12:00:00+00:00,674.2877165456309
2025-05-07 13:00:00+00:00,670.6647681163604
2025-05-07 13:30:00+00:00,664.6605336192147
2025-05-07 14:30:00+00:00,655.4994239972428
2025-05-07 15:30:00+00:00,651.3928129932317
2025-05-07 16:30:00+00:00,639.9219223501916
2025-05-07 17:30:00+00:00,637.8321333224518
2025-05-07 18:30:00+00:00,640.970231768762
2025-05-07 19:30:00+00:00,640.8319793760037
2025-05-07 20:00:00+00:00,638.7983850749631
2025-05-07 21:00:00+00:00,648.8070279604384
2025-05-07 22:00:00+00:00,649.7327428050138
2025-05-07 23:00:00+00:00,643.0786304793422
2025-05-08 08:00:00+00:00,641.378989691542
2025-05-08 09:00:00+00:00,649.4468369616728
2025-05-08 10:00:00+00:00,655.445748020842
2025-05-08 11:00:00+00:00,657.384396407546
2025-05-08 12:00:00+00:00,661.7396623848393
2025-05-08 13:00:00+00:00,666.2293419895082
2025-05-08 13:30:00+00:00,668.8463116984504
2025-05-08 14:30:00+00:00,663.019535242295
2025-05-08 15:30:00+00:00,660.9197510566776
2025-05-08 16:30:00+00:00,669.4159200039874
2025-05-08 17:30:00+00:00,670.7888422713796
2025-05-08 18:30:00+00:00,671.4953024991835
2025-05-08 19:30:00+00:00,668.3262061963285
2025-05-08 20:00:00+00:00,673.211353518687
2025-05-08 21:00:00+00:00,670.8528190213241
2025-05-08 22:00:00+00:00,675.7349633285577
2025-05-08 23:00:00+00:00,684.9827558587723
2025-05-09 08:00:00+00:00,685.7813793061903
2025-05-09 09:00:00+00:00,687.8233431831324
2025-05-09 10:00:00+00:00,696.9896793275786
2025-05-09 11:00:00+00:00,691.7118304935428
2025-05-09 12:00:00+00:00,687.6067014527486
2025-05-09 13:00:00+00:00,698.7900582141078
2025-05-09 13:30:00+00:00,691.6056189366292
2025-05-09 14:30:00+00:00,688.4749041576648
2025-05-09 15:30:00+00:00,686.8919581949034
2025-05-09 16:30:00+00:00,684.8920347454466
2025-05-09 17:30:00+00:00,691.3785011774178
2025-05-09 18:30:00+00:00,700.1494059320485
2025-05-09 19:30:00+00:00,695.6890267163385
2025-05-09 20:00:00+00:00,700.7390588821021
2025-05-09 21:00:00+00:00,699.5117220271196
2025-05-09 22:00:00+00:00,697.6235383638364
2025-05-09 23:00:00+00:00,700.1480933953613
2025-05-12 08:00:00+00:00,693.5280095054596
2025-05-12 09:00:00+00:00,689.4011002276197
2025-05-12 10:00:00+00:00,674.8952750409629
2025-05-12 11:00:00+00:00,675.9938227650327
2025-05-12 12:00:00+00:00,676.5064547002044
2025-05-12 13:00:00+00:00,677.1512388335385
2025-05-12 13:30:00+00:00,679.2847640865727
2025-05-12 14:30:00+00:00,685.3145323897392
2025-05-12 15:30:00+00:00,678.0958229646051
2025-05-12 16:30:00+00:00,677.4458783616162
2025-05-12 17:30:00+00:00,675.2841344461464
2025-05-12 18:30:00+00:00,671.4846334291982
2025-05-12 19:30:00+00:00,667.840327452144
2025-05-12 20:00:00+00:00,655.4706801606316
2025-05-12 21:00:00+00:00,650.6134175701145
2025-05-12 22:00:00+00:00,643.7014943430274
2025-05-12 23:00:00+00:00,653.5724811776528
2025-05-13 08:00:00+00:00,654.998109653987
2025-05-13 09:00:00+00:00,661.8913034555501
2025-05-13 10:00:00+00:00,668.4854151346649
2025-05-13 11:00:00+00:00,668.7690075705191
2025-05-13 12:00:00+00:00,683.223354047777
2025-05-13 13:00:00+00:00,680.563825829798
2025-05-13 13:30:00+00:00,682.1070665864347
2025-05-13 14:30:00+00:00,679.2223313590191
2025-05-13 15:30:00+00:00,683.5110007245302
2025-05-13 16:30:00+00:00,687.8984618543108
2025-05-13 17:30:00+00:00,693.9885338703571
2025-05-13 18:30:00+00:00,707.3711618441822
2025-05-13 19:30:00+00:00,700.3784897167926
2025-05-13 20:00:00+00:00,696.4770892120885
2025-05-13 21:00:00+00:00,700.1872509263974
2025-05-13 22:00:00+00:00,687.515931952039
2025-05-13 23:00:00+00:00,688.5581808469423
2025-05-14 08:00:00+00:00,693.6687767572431
2025-05-14 09:00:00+00:00,691.4650177857502
2025-05-14 10:00:00+00:00,696.376511223671
2025-05-14 11:00:00+00:00,686.2560415484863
2025-05-14 12:00:00+00:00,688.566293049228
2025-05-14 13:00:00+00:00,697.3253299904549
2025-05-14 13:30:00+00:00,695.0406609573487
2025-05-14 14:30:00+00:00,702.059401095426
2025-05-14 15:30:00+00:00,699.4944037131528
2025-05-14 16:30:00+00:00,695.7729191118157
2025-05-14 17:30:00+00:00,700.7279331076311
2025-05-14 18:30:00+00:00,693.6319041359984
2025-05-14 19:30:00+00:00,689.5104369113877
2025-05-14 20:00:00+00:00,682.515422009231
2025-05-14 21:00:00+00:00,691.7776957722922
2025-05-14 22:00:00+00:00,688.4781283428956
2025-05-14 23:00:00+00:00,690.5508876211727
2025-05-15 08:00:00+00:00,683.6608311692405
2025-05-15 09:00:00+00:00,686.1281238873568
2025-05-15 10:00:00+00:00,683.9249468582169
2025-05-15 11:00:00+00:00,697.0607437585383
2025-05-15 12:00:00+00:00,692.3231439384532
2025-05-15 13:00:00+00:00,691.370050987727
2025-05-15 13:30:00+00:00,688.5958151029288
2025-05-15 14:30:00+00:00,689.0040634472988
2025-05-15 15:30:00+00:00,676.2540333171382
2025-05-15 16:30:00+00:00,692.1630912634266
2025-05-15 17:30:00+00:00,682.5519237980783
2025-05-15 18:30:00+00:00,678.3763638880773
2025-05-15 19:30:00+00:00,674.140973744105
2025-05-15 20:00:00+00:00,672.1868749246814
2025-05-15 21:00:00+00:00,663.6239793533769
2025-05-15 22:00:00+00:00,658.6060347022756
2025-05-15 23:00:00+00:00,664.5404575959184
2025-05-16 08:00:00+00:00,669.0025062473244
2025-05-16 09:00:00+00:00,662.6965141241875
2025-05-16 10:00:00+00:00,657.2763381430381
2025-05-16 11:00:00+00:00,654.470666726738
2025-05-16 12:00:00+00:00,652.1493495758153
2025-05-16 13:00:00+00:00,657.6786314767228
2025-05-16 13:30:00+00:00,649.9390208259417
2025-05-16 14:30:00+00:00,647.0399641574867
2025-05-16 15:30:00+00:00,652.4069728451057
2025-05-16 16:30:00+00:00,650.8800980302263
2025-05-16 17:30:00+00:00,657.9817250278699
2025-05-16 18:30:00+00:00,666.6944982551988
2025-05-16 19:30:00+00:00,658.1983585499052
2025-05-16 20:00:00+00:00,649.7599233725624
2025-05-16 21:00:00+00:00,644.1973728179861
2025-05-16 22:00:00+00:00,643.5210757960479
2025-05-16 23:00:00+00:00,637.4938333855254
2025-05-19 08:00:00+00:00,635.9397315451876
2025-05-19 09:00:00+00:00,631.374157618892
2025-05-19 10:00:00+00:00,624.50583774311
2025-05-19 11:00:00+00:00,618.3310980361186
2025-05-19 12:00:00+00:00,627.7105646486716
2025-05-19 13:00:00+00:00,633.4288768431893
2025-05-19 13:30:00+00:00,627.495626471127
2025-05-19 14:30:00+00:00,623.1855894438718
2025-05-19 15:30:00+00:00,628.2382257557323
2025-05-19 16:30:00+00:00,628.5233569325504
2025-05-19 17:30:00+00:00,628.4134409304661
2025-05-19 18:30:00+00:00,626.3907426382885
2025-05-19 19:30:00+00:00,623.5470850649548
2025-05-19 20:00:00+00:00,610.9541283797877
2025-05-19 21:00:00+00:00,610.6831036838927
2025-05-19 22:00:00+00:00,604.8111269272356
2025-05-19 23:00:00+00:00,597.3985858812626
2025-05-20 08:00:00+00:00,605.12494001654
2025-05-20 09:00:00+00:00,599.0821476079022
2025-05-20 10:00:00+00:00,610.1375744187768
2025-05-20 11:00:00+00:00,604.6443965736464
2025-05-20 12:00:00+00:00,616.5438803525125
2025-05-20 13:00:00+00:00,618.2974134878043
2025-05-20 13:30:00+00:00,621.090336370794
2025-05-20 14:30:00+00:00,622.2938336822929
2025-05-20 15:30:00+00:00,622.737959058847
2025-05-20 16:30:00+00:00,621.0408381639174
2025-05-20 17:30:00+00:00,618.0661530785068
2025-05-20 18:30:00+00:00,621.3641290204913
2025-05-20 19:30:00+00:00,617.7190299245082
2025-05-20 20:00:00+00:00,608.7973450531941
2025-05-20 21:00:00+00:00,603.4880583026825
2025-05-20 22:00:00+00:00,594.8060824694317
2025-05-20 23:00:00+00:00,589.0443331183195
2025-05-21 08:00:00+00:00,593.0885851927802
2025-05-21 09:00:00+00:00,600.4279693331408
2025-05-21 10:00:00+00:00,592.977653094726
2025-05-21 11:00:00+00:00,580.362743678405
2025-05-21 12:00:00+00:00,578.2065423037791
2025-05-21 13:00:00+00:00,575.8506458895214
2025-05-21 13:30:00+00:00,575.3333422668944
2025-05-21 14:30:00+00:00,571.0611091919891
2025-05-21 15:30:00+00:00,567.8005138901234
2025-05-21 16:30:00+00:00,565.4119005154218
2025-05-21 17:30:00+00:00,563.5702788122467
2025-05-21 18:30:00+00:00,562.3357011235057
2025-05-21 19:30:00+00:00,563.8584661549424
2025-05-21 20:00:00+00:00,560.3923148512544
2025-05-21 21:00:00+00:00,564.0569456615467
2025-05-21 22:00:00+00:00,562.7226972249466
2025-05-21 23:00:00+00:00,566.4160429246862
2025-05-22 08:00:00+00:00,570.0185992519733
2025-05-22 09:00:00+00:00,567.996043886329
2025-05-22 10:00:00+00:00,568.0813127419718
2025-05-22 11:00:00+00:00,579.5483569136021
2025-05-22 12:00:00+00:00,580.2925375263112
2025-05-22 13:00:00+00:00,584.0929870237901
2025-05-22 13:30:00+00:00,577.4030479733019
2025-05-22 14:30:00+00:00,578.2742317391087
2025-05-22 15:30:00+00:00,584.1719753781514
2025-05-22 16:30:00+00:00,583.8448997391556
2025-05-22 17:30:00+00:00,574.6167561601745
2025-05-22 18:30:00+00:00,574.7338848957032
2025-05-22 19:30:00+00:00,570.66685235433
2025-05-22 20:00:00+00:00,565.1267963866926
2025-05-22 21:00:00+00:00,570.967998885038
2025-05-22 22:00:00+00:00,566.8007812031655
2025-05-22 23:00:00+00:00,576.1723791073958
2025-05-23 08:00:00+00:00,575.7682921297766
2025-05-23 09:00:00+00:00,590.18210172262
2025-05-23 10:00:00+00:00,583.846763898036
2025-05-23 11:00:00+00:00,574.5703251382487
2025-05-23 12:00:00+00:00,576.2003466055197
2025-05-23 13:00:00+00:00,576.4954201330099
2025-05-23 13:30:00+00:00,582.5018826759325
2025-05-23 14:30:00+00:00,585.7129536504563
2025-05-23 15:30:00+00:00,575.4851872173223
2025-05-23 16:30:00+00:00,573.096005051978
2025-05-23 17:30:00+00:00,570.9420247134937
2025-05-23 18:30:00+00:00,571.0057579171338
2025-05-23 19:30:00+00:00,573.7839570961196
2025-05-23 20:00:00+00:00,567.6954992621676
2025-05-23 21:00:00+00:00,566.5183464782675
2025-05-23 22:00:00+00:00,569.189054499284
2025-05-23 23:00:00+00:00,569.5849863029438
2025-05-27 08:00:00+00:00,559.4913288331054
2025-05-27 09:00:00+00:00,550.0095091334983
2025-05-27 10:00:00+00:00,544.0772870585583
2025-05-27 11:00:00+00:00,539.3095105113573
2025-05-27 12:00:00+00:00,547.2893417860963
2025-05-27 13:00:00+00:00,543.7142834163027
2025-05-27 13:30:00+00:00,545.5329483157974
2025-05-27 14:30:00+00:00,549.1474200921376
2025-05-27 15:30:00+00:00,551.6151171120497
2025-05-27 16:30:00+00:00,555.2931785271765
2025-05-27 17:30:00+00:00,549.9029798946771
2025-05-27 18:30:00+00:00,542.8330891987445
2025-05-27 19:30:00+00:00,538.1001628896605
2025-05-27 20:00:00+00:00,535.3834930042862
2025-05-27 21:00:00+00:00,538.4336510257318
2025-05-27 22:00:00+00:00,535.6345646690385
2025-05-27 23:00:00+00:00,535.3094947582397
2025-05-28 08:00:00+00:00,540.6202209022447
2025-05-28 09:00:00+00:00,542.4561985625455
2025-05-28 10:00:00+00:00,546.274379125042
2025-05-28 11:00:00+00:00,542.0249167991761
2025-05-28 12:00:00+00:00,534.7357335991595
2025-05-28 13:00:00+00:00,528.0899559774399
2025-05-28 13:30:00+00:00,530.4970002857507
2025-05-28 14:30:00+00:00,536.8235984109573
2025-05-28 15:30:00+00:00,535.2548339725314
2025-05-28 16:30:00+00:00,532.6329168812953
2025-05-28 17:30:00+00:00,531.2364816269861
2025-05-28 18:30:00+00:00,532.7013441309144
2025-05-28 19:30:00+00:00,536.3287740796643
2025-05-28 20:00:00+00:00,533.6976242919478
2025-05-28 21:00:00+00:00,532.0353281032392
2025-05-28 22:00:00+00:00,530.7292037308073
2025-05-28 23:00:00+00:00,526.8735730306529
2025-05-29 08:00:00+00:00,526.7550621840761
2025-05-29 09:00:00+00:00,519.7555625868488
2025-05-29 10:00:00+00:00,507.2369800475437
2025-05-29 11:00:00+00:00,506.5655045861584
2025-05-29 12:00:00+00:00,505.086865680695
2025-05-29 13:00:00+00:00,500.24119137399316
2025-05-29 13:30:00+00:00,501.0660705729969
2025-05-29 14:30:00+00:00,502.84081797105966
2025-05-29 15:30:00+00:00,498.70541160057644
2025-05-29 16:30:00+00:00,494.57968141958975
2025-05-29 17:30:00+00:00,490.4275742604741
2025-05-29 18:30:00+00:00,494.4837642813867
2025-05-29 19:30:00+00:00,493.1640066845711
2025-05-29 20:00:00+00:00,498.07213547237006
2025-05-29 21:00:00+00:00,500.4084350800102
2025-05-29 22:00:00+00:00,487.977805730635
2025-05-29 23:00:00+00:00,481.52569850574906
2025-05-30 08:00:00+00:00,474.40017874347285
2025-05-30 09:00:00+00:00,476.60852579618324
2025-05-30 10:00:00+00:00,473.8217856010662
2025-05-30 11:00:00+00:00,472.83534222258913
2025-05-30 12:00:00+00:00,471.6887448391422
2025-05-30 13:00:00+00:00,468.7760068606107
2025-05-30 13:30:00+00:00,473.7408009327887
2025-05-30 14:30:00+00:00,475.45592104632044
2025-05-30 15:30:00+00:00,470.71936408864343
2025-05-30 16:30:00+00:00,464.28984064174495
2025-05-30 17:30:00+00:00,468.0496069227222
2025-05-30 18:30:00+00:00,473.29648849406
2025-05-30 19:30:00+00:00,471.0565675013746
2025-05-30 20:00:00+00:00,474.60400821111125
2025-05-30 21:00:00+00:00,474.7222659177903
2025-05-30 22:00:00+00:00,468.05105373104897
2025-05-30 23:00:00+00:00,463.95181292559124
2025-06-02 08:00:00+00:00,467.03606851279466
2025-06-02 09:00:00+00:00,467.41398799966584
2025-06-02 10:00:00+00:00,473.75299443077904
2025-06-02 11:00:00+00:00,468.52986602072417
2025-06-02 12:00:00+00:00,469.9380913446787
2025-06-02 13:00:00+00:00,468.4995811543543
2025-06-02 13:30:00+00:00,471.8336640690947
2025-06-02 14:30:00+00:00,468.03783683045907
2025-06-02 15:30:00+00:00,471.5434463908388
2025-06-02 16:30:00+00:00,477.0014254529748
2025-06-02 17:30:00+00:00,473.56743282721726
2025-06-02 18:30:00+00:00,477.1010226399156
2025-06-02 19:30:00+00:00,480.93321634808166
2025-06-02 20:00:00+00:00,479.7766883939911
2025-06-02 21:00:00+00:00,476.67600148261266
2025-06-02 22:00:00+00:00,480.86703845765504
2025-06-02 23:00:00+00:00,478.99536291210984
2025-06-03 08:00:00+00:00,481.74016684607807
2025-06-03 09:00:00+00:00,486.13086103234747
2025-06-03 10:00:00+00:00,482.6174450573233
2025-06-03 11:00:00+00:00,480.63548126465764
2025-06-03 12:00:00+00:00,477.06315421305504
2025-06-03 13:00:00+00:00,475.2725110553932
2025-06-03 13:30:00+00:00,476.87165988648127
2025-06-03 14:30:00+00:00,474.8392359280303
2025-06-03 15:30:00+00:00,475.27613863134735
2025-06-03 16:30:00+00:00,480.6767005193668
2025-06-03 17:30:00+00:00,482.1294642734335
2025-06-03 18:30:00+00:00,488.6463002319702
2025-06-03 19:30:00+00:00,483.58584191738566
2025-06-03 20:00:00+00:00,485.5985948773867
2025-06-03 21:00:00+00:00,489.71516320162766
2025-06-03 22:00:00+00:00,493.55505086786326
2025-06-03 23:00:00+00:00,494.37865050875195
2025-06-04 08:00:00+00:00,496.717219683335
2025-06-04 09:00:00+00:00,498.564362701826
2025-06-04 10:00:00+00:00,507.67886149619187
2025-06-04 11:00:00+00:00,499.77390433701254
2025-06-04 12:00:00+00:00,502.1031938416361
2025-06-04 13:00:00+00:00,508.7295551983805
2025-06-04 13:30:00+00:00,505.5740500737039
2025-06-04 14:30:00+00:00,509.02592040809367
2025-06-04 15:30:00+00:00,509.9589859413188
2025-06-04 16:30:00+00:00,505.9869925268278
2025-06-04 17:30:00+00:00,508.45754771398896
2025-06-04 18:30:00+00:00,511.864299215565
2025-06-04 19:30:00+00:00,515.846637855515
2025-06-04 20:00:00+00:00,513.078083468112
2025-06-04 21:00:00+00:00,507.8259867078691
2025-06-04 22:00:00+00:00,511.92638425940066
2025-06-04 23:00:00+00:00,515.4229941005311
2025-06-05 08:00:00+00:00,510.9105183875702
2025-06-05 09:00:00+00:00,510.9196581203427
2025-06-05 10:00:00+00:00,514.7082695213666
2025-06-05 11:00:00+00:00,517.9319912442093
2025-06-05 12:00:00+00:00,517.4184072422498
2025-06-05 13:00:00+00:00,525.9571419160272
2025-06-05 13:30:00+00:00,521.2893259707611
2025-06-05 14:30:00+00:00,513.0003302736752
2025-06-05 15:30:00+00:00,512.9035017417162
2025-06-05 16:30:00+00:00,509.399682626454
2025-06-05 17:30:00+00:00,503.59906473358456
2025-06-05 18:30:00+00:00,501.10150852554756
2025-06-05 19:30:00+00:00,503.7910532893809
2025-06-05 20:00:00+00:00,500.64718465139083
2025-06-05 21:00:00+00:00,501.5087258203244
2025-06-05 22:00:00+00:00,499.5332093738209
2025-06-05 23:00:00+00:00,492.2941129057059
2025-06-06 08:00:00+00:00,496.3972913717632
2025-06-06 09:00:00+00:00,496.26463297181994
2025-06-06 10:00:00+00:00,497.28842865106384
2025-06-06 11:00:00+00:00,497.30938159935937
2025-06-06 12:00:00+00:00,493.02712672973473
2025-06-06 13:00:00+00:00,497.37328879641376
2025-06-06 13:30:00+00:00,502.23642694138687
2025-06-06 14:30:00+00:00,503.03808379007535
2025-06-06 15:30:00+00:00,504.8870214656998
2025-06-06 16:30:00+00:00,509.626189952031
2025-06-06 17:30:00+00:00,503.5845758847986
2025-06-06 18:30:00+00:00,495.5773536748846
2025-06-06 19:30:00+00:00,490.1892390484918
2025-06-06 20:00:00+00:00,478.86266280702347
2025-06-06 21:00:00+00:00,492.06781082953603
2025-06-06 22:00:00+00:00,479.3015850045147
2025-06-06 23:00:00+00:00,475.4072409553847
2025-06-09 08:00:00+00:00,477.9753285210727
2025-06-09 09:00:00+00:00,476.2385225879615
2025-06-09 10:00:00+00:00,471.1914194630221
2025-06-09 11:00:00+00:00,470.63868762285244
2025-06-09 12:00:00+00:00,469.8417884069272
2025-06-09 13:00:00+00:00,469.70105627067966
2025-06-09 13:30:00+00:00,461.5551975069535
2025-06-09 14:30:00+00:00,462.4955329389887
2025-06-09 15:30:00+00:00,457.3788597813256
2025-06-09 16:30:00+00:00,456.7199968139744
2025-06-09 17:30:00+00:00,456.4753796214754
2025-06-09 18:30:00+00:00,459.0858565584586
2025-06-09 19:30:00+00:00,456.6554242816704
2025-06-09 20:00:00+00:00,462.4557168845464
2025-06-09 21:00:00+00:00,468.91448452118544
2025-06-09 22:00:00+00:00,468.9998648319775
2025-06-09 23:00:00+00:00,466.2452080266217
2025-06-10 08:00:00+00:00,465.08166887750355
2025-06-10 09:00:00+00:00,472.94750983376804
2025-06-10 10:00:00+00:00,481.53952551794197
2025-06-10 11:00:00+00:00,484.18809694975505
2025-06-10 12:00:00+00:00,483.9609985171932
2025-06-10 13:00:00+00:00,488.20347655961245
2025-06-10 13:30:00+00:00,493.8014677529303
2025-06-10 14:30:00+00:00,496.42059505790365
2025-06-10 15:30:00+00:00,486.64711334513953
2025-06-10 16:30:00+00:00,480.01150137821884
2025-06-10 17:30:00+00:00,473.5357916440855
2025-06-10 18:30:00+00:00,467.1650177191723
2025-06-10 19:30:00+00:00,466.41620782982386
2025-06-10 20:00:00+00:00,459.2896788277359
2025-06-10 21:00:00+00:00,465.6336416166667
2025-06-10 22:00:00+00:00,460.7482766907342
2025-06-10 23:00:00+00:00,460.6003443613183
2025-06-11 08:00:00+00:00,455.93355931531073
2025-06-11 09:00:00+00:00,458.6388634208421
2025-06-11 10:00:00+00:00,452.0143433523533
2025-06-11 11:00:00+00:00,445.23625433024296
2025-06-11 12:00:00+00:00,442.6057753469539
2025-06-11 13:00:00+00:00,442.4684195154611
2025-06-11 13:30:00+00:00,441.9201791497544
2025-06-11 14:30:00+00:00,443.21700950815546
2025-06-11 15:30:00+00:00,436.9302368301968
2025-06-11 16:30:00+00:00,435.3259106837374
2025-06-11 17:30:00+00:00,435.61322606858613
2025-06-11 18:30:00+00:00,440.9814852657252
2025-06-11 19:30:00+00:00,441.3104152119118
2025-06-11 20:00:00+00:00,434.71675335057745
2025-06-11 21:00:00+00:00,429.5006891945285
2025-06-11 22:00:00+00:00,425.3773625548832
2025-06-11 23:00:00+00:00,431.0263778499802
2025-06-12 08:00:00+00:00,426.07306227518114
2025-06-12 09:00:00+00:00,425.015761093677
2025-06-12 10:00:00+00:00,424.0251379687848
2025-06-12 11:00:00+00:00,425.1608214595313
2025-06-12 12:00:00+00:00,429.4240412024265
2025-06-12 13:00:00+00:00,429.85807233061433
2025-06-12 13:30:00+00:00,432.3008358589857
2025-06-12 14:30:00+00:00,436.73724282037136
2025-06-12 15:30:00+00:00,431.7465016777993
2025-06-12 16:30:00+00:00,432.5197882982226
2025-06-12 17:30:00+00:00,437.52569808747046
2025-06-12 18:30:00+00:00,435.1925934072094
2025-06-12 19:30:00+00:00,447.0690547201051
2025-06-12 20:00:00+00:00,451.91851191546345
2025-06-12 21:00:00+00:00,455.7125151838139
2025-06-12 22:00:00+00:00,454.34532704302063
2025-06-12 23:00:00+00:00,450.56737758788734
2025-06-13 08:00:00+00:00,453.7796904147679
2025-06-13 09:00:00+00:00,456.6177120675643
2025-06-13 10:00:00+00:00,461.85479851327034
2025-06-13 11:00:00+00:00,455.6988279803842
2025-06-13 12:00:00+00:00,453.343396318179
2025-06-13 13:00:00+00:00,461.8055407076019
2025-06-13 13:30:00+00:00,458.3739552996192
2025-06-13 14:30:00+00:00,457.0476757184733
2025-06-13 15:30:00+00:00,458.6529486475
2025-06-13 16:30:00+00:00,455.44793452018735
2025-06-13 17:30:00+00:00,460.99529980578825
2025-06-13 18:30:00+00:00,452.98897035104864
2025-06-13 19:30:00+00:00,451.049476412594
2025-06-13 20:00:00+00:00,456.0298473973036
2025-06-13 21:00:00+00:00,454.21136091318795
2025-06-13 22:00:00+00:00,454.8121208273152
2025-06-13 23:00:00+00:00,459.341331079422
2025-06-16 08:00:00+00:00,461.69977777742434
2025-06-16 09:00:00+00:00,463.0479047672061
2025-06-16 10:00:00+00:00,454.91886038916033
2025-06-16 11:00:00+00:00,455.07499265522296
2025-06-16 12:00:00+00:00,457.31990694172936
2025-06-16 13:00:00+00:00,455.9638166206974
2025-06-16 13:30:00+00:00,463.3480837638717
2025-06-16 14:30:00+00:00,458.2236373396007
2025-06-16 15:30:00+00:00,455.62628195221873
2025-06-16 16:30:00+00:00,449.7526322763968
2025-06-16 17:30:00+00:00,450.52497884221094
2025-06-16 18:30:00+00:00,457.85495556914697
2025-06-16 19:30:00+00:00,465.630204732821
2025-06-16 20:00:00+00:00,472.80456229586065
2025-06-16 21:00:00+00:00,474.0121832228524
2025-06-16 22:00:00+00:00,470.72033522491057
2025-06-16 23:00:00+00:00,470.8032015312279
2025-06-17 08:00:00+00:00,470.52635974524514
2025-06-17 09:00:00+00:00,465.3902284288914
2025-06-17 10:00:00+00:00,469.7355058477849
2025-06-17 11:00:00+00:00,478.5681661747225
2025-06-17 12:00:00+00:00,472.0826226169623
2025-06-17 13:00:00+00:00,464.2949157567566
2025-06-17 13:30:00+00:00,466.26715769364006
2025-06-17 14:30:00+00:00,470.9031819338089
2025-06-17 15:30:00+00:00,469.6404901631806
2025-06-17 16:30:00+00:00,469.29757360064013
2025-06-17 17:30:00+00:00,472.5159971557856
2025-06-17 18:30:00+00:00,474.74558440406497
2025-06-17 19:30:00+00:00,476.2287553860589
2025-06-17 20:00:00+00:00,475.6784078078343
2025-06-17 21:00:00+00:00,476.1362346160615
2025-06-17 22:00:00+00:00,471.98858991321686
2025-06-17 23:00:00+00:00,471.2051014702983
2025-06-18 08:00:00+00:00,471.21284879573454
2025-06-18 09:00:00+00:00,483.3350748497512
2025-06-18 10:00:00+00:00,479.85431842896475
2025-06-18 11:00:00+00:00,486.1911135161662
2025-06-18 12:00:00+00:00,488.02325920952256
2025-06-18 13:00:00+00:00,494.1745587732882
2025-06-18 13:30:00+00:00,491.482569344382
2025-06-18 14:30:00+00:00,497.1513951769633
2025-06-18 15:30:00+00:00,504.42236441928094
2025-06-18 16:30:00+00:00,503.8049586382919
2025-06-18 17:30:00+00:00,504.85422924759814
2025-06-18 18:30:00+00:00,505.02401278664274
2025-06-18 19:30:00+00:00,497.02712393846434
2025-06-18 20:00:00+00:00,506.4873894939722
2025-06-18 21:00:00+00:00,507.3486572232088
2025-06-18 22:00:00+00:00,506.1421385373406
2025-06-18 23:00:00+00:00,500.34578696130706
2025-06-20 08:00:00+00:00,506.21751062482076
2025-06-20 09:00:00+00:00,502.53936739257296
2025-06-20 10:00:00+00:00,493.2027285835481
2025-06-20 11:00:00+00:00,503.73886141849533
2025-06-20 12:00:00+00:00,509.23996279294306
2025-06-20 13:00:00+00:00,521.8631627971528
2025-06-20 13:30:00+00:00,523.8838049293183
2025-06-20 14:30:00+00:00,522.6184089682735
2025-06-20 15:30:00+00:00,528.7547022506793
2025-06-20 16:30:00+00:00,522.982707744868
2025-06-20 17:30:00+00:00,532.7225672906858
2025-06-20 18:30:00+00:00,518.9816185398976
2025-06-20 19:30:00+00:00,521.5256905281601
2025-06-20 20:00:00+00:00,519.7077345784027
2025-06-20 21:00:00+00:00,523.9933180654464
2025-06-20 22:00:00+00:00,528.4211820331507
2025-06-20 23:00:00+00:00,523.3405447745624
2025-06-23 08:00:00+00:00,530.2243380709664
2025-06-23 09:00:00+00:00,531.781559935977
2025-06-23 10:00:00+00:00,533.6334199291658
2025-06-23 11:00:00+00:00,526.8927222856956
2025-06-23 12:00:00+00:00,528.1431383841485
2025-06-23 13:00:00+00:00,523.0551148001732
2025-06-23 13:30:00+00:00,525.0620760849671
2025-06-23 14:30:00+00:00,527.0671320448727
2025-06-23 15:30:00+00:00,532.2975321276407
2025-06-23 16:30:00+00:00,526.8830889513273
2025-06-23 17:30:00+00:00,526.8113038590459
2025-06-23 18:30:00+00:00,525.9617224912399
2025-06-23 19:30:00+00:00,528.4323226895008
2025-06-23 20:00:00+00:00,523.0753882630754
2025-06-23 21:00:00+00:00,533.5674766605719
2025-06-23 22:00:00+00:00,538.070755959661
2025-06-23 23:00:00+00:00,544.3386318424001
2025-06-24 08:00:00+00:00,542.143456109214
2025-06-24 09:00:00+00:00,541.7034963022918
2025-06-24 10:00:00+00:00,532.8454437332175
2025-06-24 11:00:00+00:00,542.731277561688
2025-06-24 12:00:00+00:00,541.9244194907183
2025-06-24 13:00:00+00:00,550.021620128184
2025-06-24 13:30:00+00:00,546.5178893066609
2025-06-24 14:30:00+00:00,557.8706032550414
2025-06-24 15:30:00+00:00,556.0602644528666
2025-06-24 16:30:00+00:00,559.4190539874779
2025-06-24 17:30:00+00:00,567.1205208282544
2025-06-24 18:30:00+00:00,576.6990933231539
2025-06-24 19:30:00+00:00,567.8104540476202
2025-06-24 20:00:00+00:00,568.5577771719772
2025-06-24 21:00:00+00:00,556.2209434232786
2025-06-24 22:00:00+00:00,559.8356605919836
2025-06-24 23:00:00+00:00,561.4879864483205
2025-06-25 08:00:00+00:00,549.8915027909078
2025-06-25 09:00:00+00:00,551.6561051466276
2025-06-25 10:00:00+00:00,544.4582113144149
2025-06-25 11:00:00+00:00,541.4298769816816
2025-06-25 12:00:00+00:00,540.079744602827
2025-06-25 13:00:00+00:00,534.7118954524334
2025-06-25 13:30:00+00:00,527.5885992033213
2025-06-25 14:30:00+00:00,533.9100630505551
2025-06-25 15:30:00+00:00,542.4535533294494
2025-06-25 16:30:00+00:00,547.4693420559707
2025-06-25 17:30:00+00:00,551.9207503097166
2025-06-25 18:30:00+00:00,560.8710459816805
2025-06-25 19:30:00+00:00,562.0505439855967
2025-06-25 20:00:00+00:00,561.7650640368796
2025-06-25 21:00:00+00:00,557.5701360336369
2025-06-25 22:00:00+00:00,565.1870451181939
2025-06-25 23:00:00+00:00,553.1963342455477
2025-06-26 08:00:00+00:00,553.7089864951417
2025-06-26 09:00:00+00:00,553.4219087911711
2025-06-26 10:00:00+00:00,552.450225882798
2025-06-26 11:00:00+00:00,549.1920293145298
2025-06-26 12:00:00+00:00,546.5805325255724
2025-06-26 13:00:00+00:00,541.0291917784097
2025-06-26 13:30:00+00:00,540.3139980801521
2025-06-26 14:30:00+00:00,538.9152625602742
2025-06-26 15:30:00+00:00,533.1108321242746
2025-06-26 16:30:00+00:00,525.6224501914551
2025-06-26 17:30:00+00:00,524.0895542193642
2025-06-26 18:30:00+00:00,528.9488696002276
2025-06-26 19:30:00+00:00,527.9471193511346
2025-06-26 20:00:00+00:00,532.0353942403242
2025-06-26 21:00:00+00:00,534.0961330437435
2025-06-26 22:00:00+00:00,529.4913524708086
2025-06-26 23:00:00+00:00,524.1463883461727
2025-06-27 08:00:00+00:00,524.0468904473854
2025-06-27 09:00:00+00:00,522.0815893288103
2025-06-27 10:00:00+00:00,525.6851860436777
2025-06-27 11:00:00+00:00,523.0624180594069
2025-06-27 12:00:00+00:00,511.3844084224718
2025-06-27 13:00:00+00:00,505.7101584607301
2025-06-27 13:30:00+00:00,509.15500310327025
2025-06-27 14:30:00+00:00,505.43338038822543
2025-06-27 15:30:00+00:00,504.0356141733743
2025-06-27 16:30:00+00:00,504.6185114652575
2025-06-27 17:30:00+00:00,506.6477427760673
2025-06-27 18:30:00+00:00,505.9135041077166
2025-06-27 19:30:00+00:00,500.5046856340442
2025-06-27 20:00:00+00:00,502.1025288951299
2025-06-27 21:00:00+00:00,502.734439049559
2025-06-27 22:00:00+00:00,505.9514699078945
2025-06-27 23:00:00+00:00,512.1684090787334
2025-06-30 08:00:00+00:00,512.38473586717
2025-06-30 09:00:00+00:00,506.0046848520518
2025-06-30 10:00:00+00:00,511.9682130832021
2025-06-30 11:00:00+00:00,520.6045410225302
2025-06-30 12:00:00+00:00,517.2241064434851
2025-06-30 13:00:00+00:00,515.7580418390131
2025-06-30 13:30:00+00:00,505.62674826568025
2025-06-30 14:30:00+00:00,514.5934147017425
2025-06-30 15:30:00+00:00,520.7491287099501
2025-06-30 16:30:00+00:00,523.5756955331319
2025-06-30 17:30:00+00:00,523.9769033850491
2025-06-30 18:30:00+00:00,523.2858622882115
2025-06-30 19:30:00+00:00,522.2930507270885
2025-06-30 20:00:00+00:00,519.7117178087017
2025-06-30 21:00:00+00:00,517.844834231108
2025-06-30 22:00:00+00:00,521.1866699219687
2025-06-30 23:00:00+00:00,529.1769472239397
2025-07-01 08:00:00+00:00,528.3820775925371
2025-07-01 09:00:00+00:00,525.2221817419122
2025-07-01 10:00:00+00:00,524.1822762208194
2025-07-01 11:00:00+00:00,515.1178413194236
2025-07-01 12:00:00+00:00,522.220500082379
2025-07-01 13:00:00+00:00,529.5421866485688
2025-07-01 13:30:00+00:00,527.1869522253602
2025-07-01 14:30:00+00:00,532.3740977043582
2025-07-01 15:30:00+00:00,516.9666412497875
2025-07-01 16:30:00+00:00,510.2555572045092
2025-07-01 17:30:00+00:00,510.52960249582617
2025-07-01 18:30:00+00:00,512.6766245098033
2025-07-01 19:30:00+00:00,510.6875434587433
2025-07-01 20:00:00+00:00,511.450712204054
2025-07-01 21:00:00+00:00,502.8714157708619
2025-07-01 22:00:00+00:00,504.3770891040838
2025-07-01 23:00:00+00:00,502.11937760393494
2025-07-02 08:00:00+00:00,510.40714153922323
2025-07-02 09:00:00+00:00,512.3654165148137
2025-07-02 10:00:00+00:00,520.7520200966161
2025-07-02 11:00:00+00:00,516.7521509020969
2025-07-02 12:00:00+00:00,521.6671123221723
2025-07-02 13:00:00+00:00,518.7425753164675
2025-07-02 13:30:00+00:00,522.1396673056516
2025-07-02 14:30:00+00:00,522.4765338173607
2025-07-02 15:30:00+00:00,527.7133823842374
2025-07-02 16:30:00+00:00,531.4846922609674
2025-07-02 17:30:00+00:00,534.0568242479767
2025-07-02 18:30:00+00:00,527.9342001548288
2025-07-02 19:30:00+00:00,534.1159165175826
2025-07-02 20:00:00+00:00,533.555486662215
2025-07-02 21:00:00+00:00,530.1218188985083
2025-07-02 22:00:00+00:00,523.4348352952877
2025-07-02 23:00:00+00:00,522.5036274095883
2025-07-03 08:00:00+00:00,526.9673373553063
2025-07-03 09:00:00+00:00,522.1585948397786
2025-07-03 10:00:00+00:00,526.0106347017462
2025-07-03 11:00:00+00:00,526.9575714814367
2025-07-03 12:00:00+00:00,526.9235120084888
2025-07-03 13:00:00+00:00,530.5125147699285
2025-07-03 13:30:00+00:00,525.6552359072105
2025-07-03 14:30:00+00:00,530.852742888205
2025-07-03 15:30:00+00:00,531.8246287942376
2025-07-03 17:00:00+00:00,531.2197675459774
2025-07-03 18:00:00+00:00,530.7029449057395
2025-07-03 19:00:00+00:00,529.6173755513795
2025-07-03 20:00:00+00:00,528.1006863652631
2025-07-07 08:00:00+00:00,518.8425462282269
2025-07-07 09:00:00+00:00,520.30762226263
2025-07-07 10:00:00+00:00,510.4398556656025
2025-07-07 11:00:00+00:00,504.8773377763676
2025-07-07 12:00:00+00:00,510.3506167727252
2025-07-07 13:00:00+00:00,509.9454064751349
2025-07-07 13:30:00+00:00,508.64382661430585
2025-07-07 14:30:00+00:00,509.2026427025086
2025-07-07 15:30:00+00:00,507.30878589774557
2025-07-07 16:30:00+00:00,502.54057629991775
2025-07-07 17:30:00+00:00,509.4828794853956
2025-07-07 18:30:00+00:00,510.6084163657637
2025-07-07 19:30:00+00:00,510.18383719022205
2025-07-07 20:00:00+00:00,510.6315774438627
2025-07-07 21:00:00+00:00,503.0341296209883
2025-07-07 22:00:00+00:00,501.1439403880549
2025-07-07 23:00:00+00:00,498.3785830243606
2025-07-08 08:00:00+00:00,498.1198736013716
2025-07-08 09:00:00+00:00,494.03821017441504
2025-07-08 10:00:00+00:00,482.70776922870306
2025-07-08 11:00:00+00:00,486.5602773595136
2025-07-08 12:00:00+00:00,489.0630537888495
2025-07-08 13:00:00+00:00,485.3770747074744
2025-07-08 13:30:00+00:00,491.26094090065726
2025-07-08 14:30:00+00:00,487.2656762365322
2025-07-08 15:30:00+00:00,480.1893134622508
2025-07-08 16:30:00+00:00,477.88969198994994
2025-07-08 17:30:00+00:00,471.68323801978664
2025-07-08 18:30:00+00:00,467.48962478674207
2025-07-08 19:30:00+00:00,468.35136600314576
2025-07-08 20:00:00+00:00,468.24026651176894
2025-07-08 21:00:00+00:00,460.0779551626995
2025-07-08 22:00:00+00:00,461.71669653830503
2025-07-08 23:00:00+00:00,460.0730344637209
2025-07-09 08:00:00+00:00,465.4503394885199
2025-07-09 09:00:00+00:00,466.00198004746966
2025-07-09 10:00:00+00:00,463.6375782653388
2025-07-09 11:00:00+00:00,465.10345202314676
2025-07-09 12:00:00+00:00,466.4174861750914
2025-07-09 13:00:00+00:00,469.6600404465412
2025-07-09 13:30:00+00:00,473.04163330645326
2025-07-09 14:30:00+00:00,470.88587930915304
2025-07-09 15:30:00+00:00,473.4972393834827
2025-07-09 16:30:00+00:00,470.73302143775135
2025-07-09 17:30:00+00:00,469.9417426532419
2025-07-09 18:30:00+00:00,470.98254756343795
2025-07-09 19:30:00+00:00,469.1653134797934
2025-07-09 20:00:00+00:00,465.98783948250644
2025-07-09 21:00:00+00:00,471.0595476256836
2025-07-09 22:00:00+00:00,476.2008351746735
2025-07-09 23:00:00+00:00,474.95617767402746
2025-07-10 08:00:00+00:00,476.6062127337431
2025-07-10 09:00:00+00:00,475.20027062808464
2025-07-10 10:00:00+00:00,480.45086133228824
2025-07-10 11:00:00+00:00,485.8510229124809
2025-07-10 12:00:00+00:00,490.6669325633273
2025-07-10 13:00:00+00:00,495.18127609038436
2025-07-10 13:30:00+00:00,491.8161807851593
2025-07-10 14:30:00+00:00,488.4893897598764
2025-07-10 15:30:00+00:00,492.2913705508778
2025-07-10 16:30:00+00:00,498.5658019279926
2025-07-10 17:30:00+00:00,495.84483438626
2025-07-10 18:30:00+00:00,501.461684579608
2025-07-10 19:30:00+00:00,495.21570754607194
2025-07-10 20:00:00+00:00,494.1849233403228
2025-07-10 21:00:00+00:00,496.49071548044316
2025-07-10 22:00:00+00:00,493.18308517115975
2025-07-10 23:00:00+00:00,493.26543590137146
2025-07-11 08:00:00+00:00,494.62439345771907
2025-07-11 09:00:00+00:00,497.99977117145795
2025-07-11 10:00:00+00:00,497.08794983409143
2025-07-11 11:00:00+00:00,504.1845210502525
2025-07-11 12:00:00+00:00,506.1922973416617
2025-07-11 13:00:00+00:00,507.6986215175466
2025-07-11 13:30:00+00:00,514.3229010481916
2025-07-11 14:30:00+00:00,517.7876803259471
2025-07-11 15:30:00+00:00,521.069699089485
2025-07-11 16:30:00+00:00,525.8028008067689
2025-07-11 17:30:00+00:00,527.398062164799
2025-07-11 18:30:00+00:00,527.2638524861211
2025-07-11 19:30:00+00:00,528.1852054875262
2025-07-11 20:00:00+00:00,531.9556405522344
2025-07-11 21:00:00+00:00,537.1901255050158
2025-07-11 22:00:00+00:00,532.2620265347239
2025-07-11 23:00:00+00:00,523.4765073912323
