Date,Close
2000-01-04,10997.9296875
2000-01-05,11076.076396792287
2000-01-06,10908.412426751634
2000-01-07,11021.119692743248
2000-01-10,11153.602094954233
2000-01-11,11173.476316550777
2000-01-12,11209.840249240508
2000-01-13,11080.835197439163
2000-01-14,10948.146501194215
2000-01-18,10898.461481939072
2000-01-19,10843.863980093813
2000-01-20,10758.748916136661
2000-01-21,10772.286309473635
2000-01-24,10788.89806252354
2000-01-25,10662.92933661497
2000-01-26,10684.738636903348
2000-01-27,10504.616832704305
2000-01-28,10581.376522195324
2000-01-31,10323.032470745742
2000-02-01,10279.022772038219
2000-02-02,10401.074029123227
2000-02-03,10489.283238935423
2000-02-04,10422.577025063405
2000-02-07,10500.229296690224
2000-02-08,10741.383750922281
2000-02-09,10916.467329561447
2000-02-10,11277.453935325737
2000-02-11,11030.497474948099
2000-02-14,11201.33717298012
2000-02-15,11349.429353261114
2000-02-16,11416.476116831189
2000-02-17,11313.53785618156
2000-02-18,11048.516220848302
2000-02-22,11228.74547354401
2000-02-23,11409.645954480318
2000-02-24,11276.691874630158
2000-02-25,11219.062010772957
2000-02-28,11247.692417039025
2000-02-29,11361.559515553416
2000-03-01,11388.91630365603
2000-03-02,11363.242915707537
2000-03-03,11404.09933350402
2000-03-06,11506.929317847222
2000-03-07,11489.477573185584
2000-03-08,11351.947887727902
2000-03-09,11403.542779841917
2000-03-10,11675.101910079242
2000-03-13,11765.340624704233
2000-03-14,11848.074784111102
2000-03-15,11626.548241561455
2000-03-16,11423.187144862242
2000-03-17,11753.105230626243
2000-03-20,11562.935650398282
2000-03-21,11512.67202427746
2000-03-22,11447.662599803485
2000-03-23,11488.181659554637
2000-03-24,11320.23981468884
2000-03-27,11609.548838052737
2000-03-28,11517.902156413591
2000-03-29,11471.139568964172
2000-03-30,11358.875359464151
2000-03-31,11231.55976331978
2000-04-03,11282.54053461969
2000-04-04,11318.37068172697
2000-04-05,11131.734197523785
2000-04-06,11164.029300390992
2000-04-07,11268.245309877148
2000-04-10,11367.149683713471
2000-04-11,11401.645786079403
2000-04-12,11409.890490391663
2000-04-13,11476.776241952517
2000-04-14,11460.245306187688
2000-04-17,11458.22071262912
2000-04-18,11504.253603788697
2000-04-19,11700.546920472536
2000-04-20,11788.53882260851
2000-04-24,11975.578238856588
2000-04-25,12085.550748211504
2000-04-26,11951.676777261571
2000-04-27,11905.601252001872
2000-04-28,11860.871439201348
2000-05-01,11961.728440169742
2000-05-02,11886.724266678331
2000-05-03,11782.076800925985
2000-05-04,11743.395161658624
2000-05-05,11895.203610492244
2000-05-08,11770.503194026835
2000-05-09,11877.450546907803
2000-05-10,11817.183862190206
2000-05-11,11599.995434820576
2000-05-12,11528.604264172513
2000-05-15,11719.12394670073
2000-05-16,11715.220221426815
2000-05-17,11879.499059874075
2000-05-18,11871.20120673698
2000-05-19,11871.370518795396
2000-05-22,11899.104113173464
2000-05-23,12084.542566693433
2000-05-24,12084.316935365412
2000-05-25,12075.067130700168
2000-05-26,12241.41371203525
2000-05-30,12136.568755809047
2000-05-31,12124.73726273981
2000-06-01,12456.36620190341
2000-06-02,12464.120653422107
2000-06-05,12649.606919177473
2000-06-06,12511.434458131938
2000-06-07,12497.132528262728
2000-06-08,12393.839937816314
2000-06-09,12330.960836339844
2000-06-12,12445.894091554808
2000-06-13,12673.060144494804
2000-06-14,12727.81977354165
2000-06-15,12615.782634977897
2000-06-16,12626.361876215655
2000-06-19,12831.047781418669
2000-06-20,13005.211816561203
2000-06-21,13100.555650888004
2000-06-22,12910.314477249067
2000-06-23,12791.769325664856
2000-06-26,12870.851786600895
2000-06-27,12897.559669193555
2000-06-28,12781.88487920505
2000-06-29,12875.745048078703
2000-06-30,12657.633993780457
2000-07-03,12584.116402132602
2000-07-05,12876.986274924237
2000-07-06,12802.619582399922
2000-07-07,12955.957172218887
2000-07-10,13206.721211465341
2000-07-11,13248.709628885315
2000-07-12,13465.809106379662
2000-07-13,13351.647169872294
2000-07-14,13498.652891290454
2000-07-17,13808.246581064557
2000-07-18,13804.804797202152
2000-07-19,14025.677393312482
2000-07-20,14182.540602597963
2000-07-21,13957.328663950957
2000-07-24,13953.334318176272
2000-07-25,13774.847171209985
2000-07-26,13709.651152618957
2000-07-27,13724.050488516023
2000-07-28,13821.82755647772
2000-07-31,13912.827588990704
2000-08-01,13806.185172567039
2000-08-02,13680.79228092274
2000-08-03,13471.637975403832
2000-08-04,13621.877426873127
2000-08-07,13632.243563906079
2000-08-08,13515.962875625815
2000-08-09,13565.002689727118
2000-08-10,13765.448824394294
2000-08-11,13887.469801899242
2000-08-14,14091.181062339016
2000-08-15,14020.906650990013
2000-08-16,14008.424934472218
2000-08-17,13792.983566902636
2000-08-18,13720.57482764098
2000-08-21,13688.422499439917
2000-08-22,13651.21701108829
2000-08-23,13964.06055599956
2000-08-24,14098.731881058737
2000-08-25,14113.21861138506
2000-08-28,14039.618252211616
2000-08-29,14198.969553275498
2000-08-30,13768.203399394115
2000-08-31,13632.882101497818
2000-09-01,13647.98342855678
2000-09-05,13757.96874221941
2000-09-06,14004.047450127031
2000-09-07,13965.204925177703
2000-09-08,14121.886488522454
2000-09-11,14271.372107976744
2000-09-12,14141.823903878294
2000-09-13,13941.26300361325
2000-09-14,14440.810001379396
2000-09-15,14553.79771986783
2000-09-18,14458.811222779825
2000-09-19,14521.840124283362
2000-09-20,14513.792034906926
2000-09-21,14602.016468231457
2000-09-22,14564.892439400124
2000-09-25,14636.227498677566
2000-09-26,14899.446043746928
2000-09-27,14890.97962993585
2000-09-28,15167.15760015154
2000-09-29,15267.239629781005
2000-10-02,15133.590861466484
2000-10-03,14913.381170871899
2000-10-04,14794.274252290306
2000-10-05,14801.445384398758
2000-10-06,14778.988269898331
2000-10-09,14854.053350633674
2000-10-10,14538.552738060029
2000-10-11,14547.592116212898
2000-10-12,14291.439910628107
2000-10-13,14520.704643462395
2000-10-16,14886.312548642347
2000-10-17,14848.218921057922
2000-10-18,14685.592944047738
2000-10-19,14357.505748755828
2000-10-20,14509.0586749692
2000-10-23,14556.203572378201
2000-10-24,14556.734437593173
2000-10-25,14582.6448631978
2000-10-26,14565.328536237257
2000-10-27,14745.343304081598
2000-10-30,14929.308996031918
2000-10-31,14856.083610252932
2000-11-01,15029.197065734488
2000-11-02,14702.953090173996
2000-11-03,14562.861993992143
2000-11-06,14600.815574565535
2000-11-07,14624.667209659661
2000-11-08,14773.949389475154
2000-11-09,14797.26270766584
2000-11-10,15098.300762185378
2000-11-13,15240.733333882952
2000-11-14,15235.882984925573
2000-11-15,15402.205287126175
2000-11-16,15284.679923819729
2000-11-17,15058.261467651168
2000-11-20,14750.920129930086
2000-11-21,14705.600419979288
2000-11-22,14948.638522976886
2000-11-24,14814.557094018935
2000-11-27,14712.542070425641
2000-11-28,14814.935486159864
2000-11-29,14720.74150818079
2000-11-30,14661.803028038694
2000-12-01,14569.274527216083
2000-12-04,14398.658090782772
2000-12-05,14393.990234648447
2000-12-06,14521.158603980011
2000-12-07,14387.192942268239
2000-12-08,14580.079968565544
2000-12-11,14436.887264714644
2000-12-12,14446.374216721493
2000-12-13,14408.72333904574
2000-12-14,14317.943803307884
2000-12-15,14480.922904185103
2000-12-18,14487.48487891654
2000-12-19,14475.817613460442
2000-12-20,15016.687000404496
2000-12-21,15142.143855239905
2000-12-22,14912.76642355637
2000-12-26,14915.218489177658
2000-12-27,15236.868329887211
2000-12-28,15289.501972942857
2000-12-29,15349.03127470867
2001-01-02,15294.273842987604
2001-01-03,15261.663501295752
2001-01-04,15412.905953692594
2001-01-05,15156.162207658603
2001-01-08,15190.184528543792
2001-01-09,15310.882934422169
2001-01-10,14960.85319927603
2001-01-11,15073.751329800545
2001-01-12,14936.675129028898
2001-01-16,14887.103821343937
2001-01-17,14902.652662076514
2001-01-18,14791.81530834703
2001-01-19,14705.356495095273
2001-01-22,14428.252778052252
2001-01-23,14432.534205714384
2001-01-24,14396.193411880917
2001-01-25,14175.718563653603
2001-01-26,14374.59904437557
2001-01-29,14119.867466831896
2001-01-30,14215.691697681052
2001-01-31,14366.293105062185
2001-02-01,14193.324867970292
2001-02-02,14555.084785148963
2001-02-05,14707.285786082031
2001-02-06,14695.587838599764
2001-02-07,14660.936350541295
2001-02-08,14573.116024601513
2001-02-09,14649.357798345383
2001-02-12,14734.034254623471
2001-02-13,14796.366510695929
2001-02-14,14703.279603277711
2001-02-15,14949.047353753924
2001-02-16,15031.582473711587
2001-02-20,14781.684584676317
2001-02-21,14647.962719646486
2001-02-22,14478.551399329042
2001-02-23,14139.442249902097
2001-02-26,14296.2352442142
2001-02-27,14311.941687188963
2001-02-28,14533.369272564483
2001-03-01,14619.665289380091
2001-03-02,14843.997249510134
2001-03-05,14761.960472904684
2001-03-06,14903.499621395616
2001-03-07,15098.058409451949
2001-03-08,14991.74752705522
2001-03-09,15099.465865064203
2001-03-12,15051.481001299799
2001-03-13,14924.442075903768
2001-03-14,14950.245266542473
2001-03-15,14782.060654817566
2001-03-16,14674.00990138695
2001-03-19,14600.33427921202
2001-03-20,14940.954551472883
2001-03-21,15000.551858956887
2001-03-22,14976.353546107262
2001-03-23,14950.525330068966
2001-03-26,14955.260647628002
2001-03-27,15113.159161340473
2001-03-28,15278.854292764068
2001-03-29,15397.348871691382
2001-03-30,15140.409232527816
2001-04-02,15157.280859715704
2001-04-03,14988.226870865845
2001-04-04,15168.810236946201
2001-04-05,15314.68566907242
2001-04-06,15555.129626671374
2001-04-09,15564.193367952863
2001-04-10,15323.03082349349
2001-04-11,15145.132518631657
2001-04-12,15054.754196245287
2001-04-16,15067.544885573763
2001-04-17,15041.251403907028
2001-04-18,15324.248721475891
2001-04-19,15040.140891317289
2001-04-20,15087.401773708409
2001-04-23,14986.050836687858
2001-04-24,15037.53029562066
2001-04-25,14842.244652559724
2001-04-26,14832.602089248378
2001-04-27,14639.06202737028
2001-04-30,14530.255545617005
2001-05-01,14881.864870081721
2001-05-02,15128.849473968261
2001-05-03,15339.626527099603
2001-05-04,14958.649121256689
2001-05-07,15072.517169054692
2001-05-08,14792.376507920288
2001-05-09,14585.735849429637
2001-05-10,14469.1757137057
2001-05-11,14389.786568829779
2001-05-14,14297.754728467846
2001-05-15,14115.640225579733
2001-05-16,14279.09995838983
2001-05-17,13914.899915520808
2001-05-18,13886.189584434878
2001-05-21,13829.206548955357
2001-05-22,13950.909806649104
2001-05-23,13538.706508842086
2001-05-24,13420.492128813992
2001-05-25,13581.620936415648
2001-05-29,13752.707916450061
2001-05-30,13962.006355612393
2001-05-31,13868.547847336342
2001-06-01,13917.436011738984
2001-06-04,14225.648340307904
2001-06-05,14244.374719890022
2001-06-06,14193.307203782082
2001-06-07,14043.285013866005
2001-06-08,14088.851972999719
2001-06-11,13728.9560434661
2001-06-12,13765.442960022889
2001-06-13,13781.166185988
2001-06-14,13836.08431477075
2001-06-15,14036.204432452652
2001-06-18,13882.627506147297
2001-06-19,13896.379959469139
2001-06-20,13850.99178320256
2001-06-21,13781.088117706107
2001-06-22,13704.237940834673
2001-06-25,13832.550230095336
2001-06-26,13570.96198184973
2001-06-27,13699.906893568985
2001-06-28,13783.318310985498
2001-06-29,13879.05354269075
2001-07-02,13910.706881799826
2001-07-03,13930.691566361975
2001-07-05,13788.795991777815
2001-07-06,13765.21135567856
2001-07-09,13749.648074683044
2001-07-10,13525.148386053223
2001-07-11,13782.036967345286
2001-07-12,13657.014425775089
2001-07-13,13909.31320898853
2001-07-16,13705.851099398024
2001-07-17,13501.192613511068
2001-07-18,13224.936803680352
2001-07-19,13144.566948719692
2001-07-20,13284.37970988498
2001-07-23,13183.050383061356
2001-07-24,13105.374947888336
2001-07-25,13358.708730435046
2001-07-26,13476.851042397342
2001-07-27,13322.360063765436
2001-07-30,13580.395242490316
2001-07-31,13754.788521937573
2001-08-01,13726.570297210736
2001-08-02,13824.81607275382
2001-08-03,13827.122046803252
2001-08-06,13737.375379143225
2001-08-07,13762.92201921788
2001-08-08,13652.89691193844
2001-08-09,13536.098982646408
2001-08-10,13570.008435312933
2001-08-13,13534.590648682426
2001-08-14,13971.503415379304
2001-08-15,13841.990174901426
2001-08-16,14084.942033361523
2001-08-17,13938.03555357965
2001-08-20,13903.196581114718
2001-08-21,14099.501885716054
2001-08-22,14366.389129227276
2001-08-23,14235.798378182668
2001-08-24,14540.637893214614
2001-08-27,14226.449755279351
2001-08-28,14026.341647063386
2001-08-29,13885.589973047501
2001-08-30,13874.871852104057
2001-08-31,13772.321319892242
2001-09-04,13814.156906354832
2001-09-05,13794.92147188699
2001-09-06,13917.878672856195
2001-09-07,14028.258860881786
2001-09-10,13872.334896548678
2001-09-17,14025.045805558362
2001-09-18,14064.83541006807
2001-09-19,14024.994070181378
2001-09-20,13965.486048788716
2001-09-21,14078.503518763866
2001-09-24,14139.89159654328
2001-09-25,14482.623389747592
2001-09-26,14549.879789934845
2001-09-27,14590.387222640924
2001-09-28,14631.85763214972
2001-10-01,14871.933096111152
2001-10-02,15092.02693689662
2001-10-03,15033.311740103867
2001-10-04,15164.963169929793
2001-10-05,15288.968856134865
2001-10-08,15157.556522619188
2001-10-09,15218.02102236842
2001-10-10,15424.724615503847
2001-10-11,15202.371770145517
2001-10-12,15328.725127016582
2001-10-15,15312.135099516605
2001-10-16,15155.315398660183
2001-10-17,15237.207471440855
2001-10-18,15347.867018408911
2001-10-19,15301.264589793524
2001-10-22,15355.676712816028
2001-10-23,15315.85341924525
2001-10-24,15534.689318883395
2001-10-25,15465.626715469674
2001-10-26,15185.385984837883
2001-10-29,14846.611240097951
2001-10-30,14871.250055351413
2001-10-31,15100.668283600415
2001-11-01,15051.18921529929
2001-11-02,15226.337998489307
2001-11-05,15465.272906202243
2001-11-06,15246.607411051118
2001-11-07,15254.153412646634
2001-11-08,14953.065981765943
2001-11-09,14876.936025551668
2001-11-12,14879.808686134787
2001-11-13,15017.447968310853
2001-11-14,15077.639372115167
2001-11-15,15100.338836415667
2001-11-16,14990.015174785847
2001-11-19,15089.591219338497
2001-11-20,14742.327871636022
2001-11-21,15185.046281237603
2001-11-23,15178.00458593243
2001-11-26,14936.39388879371
2001-11-27,15135.026829687646
2001-11-28,15166.058456373754
2001-11-29,14839.461299699002
2001-11-30,14707.880539330006
2001-12-03,14957.869206701265
2001-12-04,15126.769966419384
2001-12-05,15100.901366046986
2001-12-06,14686.39882358824
2001-12-07,15063.823205687406
2001-12-10,14930.445780266658
2001-12-11,14946.170567680498
2001-12-12,15170.768807191043
2001-12-13,15447.118165927273
2001-12-14,15770.028651963697
2001-12-17,15845.934358441373
2001-12-18,15944.759715360193
2001-12-19,16011.54012936815
2001-12-20,16189.401253160691
2001-12-21,16154.127421633966
2001-12-24,16248.056712499156
2001-12-26,16265.608658957837
2001-12-27,16238.072078041198
2001-12-28,16135.726427319654
2001-12-31,16302.264757556875
2002-01-02,16087.930664874033
2002-01-03,15791.32277601893
2002-01-04,15883.079823534868
2002-01-07,15795.653380108673
2002-01-08,15844.854107044192
2002-01-09,15989.063324857083
2002-01-10,16022.635663556424
2002-01-11,16051.119673262221
2002-01-14,16144.109839720302
2002-01-15,16204.114342267192
2002-01-16,16296.605771462713
2002-01-17,16191.850213400434
2002-01-18,16026.853801486553
2002-01-22,15983.312287136734
2002-01-23,16253.747026902047
2002-01-24,16208.341404898847
2002-01-25,16130.547446703726
2002-01-28,16363.224288773841
2002-01-29,16492.418349686068
2002-01-30,16845.729387301504
2002-01-31,17071.823940414117
2002-02-01,17154.92414396417
2002-02-04,17105.07226107474
2002-02-05,16893.61011106582
2002-02-06,16720.046717061083
2002-02-07,16922.615021754522
2002-02-08,16935.457660271546
2002-02-11,17209.779571009352
2002-02-12,17220.690106129245
2002-02-13,17001.451946524576
2002-02-14,17014.014408200772
2002-02-15,17294.6080532454
2002-02-19,17351.226049002682
2002-02-20,17459.83719082739
2002-02-21,17596.996087153653
2002-02-22,17663.754401890634
2002-02-25,17796.847898457796
2002-02-26,17487.75918947009
2002-02-27,17483.465590907337
2002-02-28,17725.278423334352
2002-03-01,17610.244611821454
2002-03-04,17520.77904851926
2002-03-05,17649.02907017858
2002-03-06,17964.272353173354
2002-03-07,17832.500966871914
2002-03-08,17651.673864406443
2002-03-11,17480.37365102773
2002-03-12,17493.496071555906
2002-03-13,17646.857076398173
2002-03-14,17479.540665279997
2002-03-15,17375.880224388824
2002-03-18,16914.745533713827
2002-03-19,17225.703879928882
2002-03-20,17331.618322768772
2002-03-21,17347.008670014595
2002-03-22,17342.291466924074
2002-03-25,17186.15621362065
2002-03-26,16966.76172376998
2002-03-27,16559.174231132965
2002-03-28,16210.6205648958
2002-04-01,16044.624650578753
2002-04-02,16248.071060881126
2002-04-03,16186.443961147523
2002-04-04,16071.814801513467
2002-04-05,16085.403707550726
2002-04-08,16509.044881360376
2002-04-09,16589.507887296662
2002-04-10,16723.20053950691
2002-04-11,16330.693882308662
2002-04-12,16066.101161613105
2002-04-15,15841.527683682798
2002-04-16,15975.040638035327
2002-04-17,15777.470769380803
2002-04-18,15787.950627461083
2002-04-19,15839.439728017061
2002-04-22,15839.60910180433
2002-04-23,15788.346630258437
2002-04-24,15896.43483997651
2002-04-25,15603.489392110785
2002-04-26,15980.966670867068
2002-04-29,16169.742712660996
2002-04-30,16055.684955884295
2002-05-01,16351.96464806091
2002-05-02,16275.29076411747
2002-05-03,16123.92879707933
2002-05-06,16110.89469153933
2002-05-07,16265.728450349547
2002-05-08,16235.631351289006
2002-05-09,16242.269304679014
2002-05-10,16097.120226748815
2002-05-13,16246.61250581554
2002-05-14,16101.136252825916
2002-05-15,15753.958924854644
2002-05-16,15778.933948873178
2002-05-17,15793.1184168601
2002-05-20,15818.607536660278
2002-05-21,15684.324651260531
2002-05-22,15703.63979937372
2002-05-23,15605.42854687843
2002-05-24,15533.449755817763
2002-05-28,15779.750246686355
2002-05-29,15983.677283545157
2002-05-30,15815.800123012494
2002-05-31,15742.114288925635
2002-06-03,15837.874975255203
2002-06-04,16096.442095344139
2002-06-05,16035.139515603656
2002-06-06,16132.020020473234
2002-06-07,15909.564880928783
2002-06-10,15992.884928853944
2002-06-11,15881.001048181495
2002-06-12,15947.147770188161
2002-06-13,16148.990151501246
2002-06-14,16019.307463267884
2002-06-17,16193.382928674708
2002-06-18,16090.083492590267
2002-06-19,16006.650833271515
2002-06-20,15719.569866599035
2002-06-21,15939.054931480217
2002-06-24,15851.135275874469
2002-06-25,15701.392486815237
2002-06-26,15574.313777795214
2002-06-27,15934.760575874854
2002-06-28,16256.944792263927
2002-07-01,16301.212663089525
2002-07-02,16588.44344124008
2002-07-03,16578.769277571686
2002-07-05,16675.10823358304
2002-07-08,16805.85731446573
2002-07-09,17223.111004006718
2002-07-10,16805.79597809102
2002-07-11,16694.035417809067
2002-07-12,16658.759579249232
2002-07-15,17038.77324612299
2002-07-16,17249.948252310765
2002-07-17,16830.064148160112
2002-07-18,16643.227927657204
2002-07-19,16823.748757752055
2002-07-22,16917.730480067865
2002-07-23,16721.33345809925
2002-07-24,16687.510716810786
2002-07-25,16946.017462881584
2002-07-26,17103.798861495903
2002-07-29,17158.18212229622
2002-07-30,16764.241868197696
2002-07-31,16961.423702422533
2002-08-01,16995.28746118879
2002-08-02,16930.505697868484
2002-08-05,16887.487288983062
2002-08-06,16911.651755290568
2002-08-07,17203.757862961702
2002-08-08,17446.604281150714
2002-08-09,17370.6166827095
2002-08-12,17293.694661488877
2002-08-13,17066.933500551862
2002-08-14,17092.51541651882
2002-08-15,16914.352247184208
2002-08-16,16839.446617847036
2002-08-19,16953.167758045056
2002-08-20,17007.23115677654
2002-08-21,17127.98657470222
2002-08-22,17354.086062059232
2002-08-23,17841.487647930295
2002-08-26,17679.635455088246
2002-08-27,17847.48846516119
2002-08-28,18176.527906247557
2002-08-29,18463.636544268855
2002-08-30,18212.59563452103
2002-09-03,18250.972344364785
2002-09-04,18483.676295830417
2002-09-05,18381.024265627937
2002-09-06,18197.16272468017
2002-09-09,17906.35414933424
2002-09-10,17803.815555353925
2002-09-11,17598.412361767252
2002-09-12,17651.264275127218
2002-09-13,17653.027356007104
2002-09-16,17326.521100370654
2002-09-17,17077.559699238434
2002-09-18,17032.828950592495
2002-09-19,17016.07438008518
2002-09-20,16780.245496220035
2002-09-23,17092.53592674877
2002-09-24,17148.97238576385
2002-09-25,17233.251242194452
2002-09-26,17589.72003482051
2002-09-27,17882.514243782218
2002-09-30,17558.589820931156
2002-10-01,17744.994873722157
2002-10-02,17680.280193678464
2002-10-03,17729.22810478536
2002-10-04,17491.158633362717
2002-10-07,17560.739063144083
2002-10-08,17479.565810474163
2002-10-09,17384.312182252925
2002-10-10,17551.874693546437
2002-10-11,17526.644246735897
2002-10-14,17300.62566294013
2002-10-15,17383.579672093452
2002-10-16,17251.099994660635
2002-10-17,17475.291503435205
2002-10-18,17707.751997623614
2002-10-21,17719.903536427835
2002-10-22,17712.809490710446
2002-10-23,18077.361985628468
2002-10-24,17867.022733170877
2002-10-25,17956.53354470509
2002-10-28,18115.651256856592
2002-10-29,18346.89171930854
2002-10-30,18150.049722320644
2002-10-31,18366.95514075965
2002-11-01,18189.367848755697
2002-11-04,18568.04317654684
2002-11-05,18353.611145456798
2002-11-06,18782.942529452863
2002-11-07,18726.36654718341
2002-11-08,18800.45497754825
2002-11-11,18790.774361316096
2002-11-12,18743.464930571477
2002-11-13,18978.834280520216
2002-11-14,19128.503811259463
2002-11-15,19061.076738944335
2002-11-18,18714.762471522237
2002-11-19,18753.385533000794
2002-11-20,18790.16223356487
2002-11-21,18597.038786617533
2002-11-22,18556.64401230722
2002-11-25,18745.80367875373
2002-11-26,18816.955419342587
2002-11-27,19193.68259292319
2002-11-29,19506.44662685776
2002-12-02,19760.009964626024
2002-12-03,19974.394300426466
2002-12-04,20190.28517415681
2002-12-05,20074.035183998036
2002-12-06,19827.468197643382
2002-12-09,19345.221132282903
2002-12-10,19459.40257788062
2002-12-11,19270.278335717423
2002-12-12,19392.167983899682
2002-12-13,19409.932894780664
2002-12-16,19370.89962401249
2002-12-17,19083.10453623296
2002-12-18,19251.22173115958
2002-12-19,19379.171548262802
2002-12-20,19229.01663581382
2002-12-23,19650.496895942357
2002-12-24,19777.33984474895
2002-12-26,19520.13678381628
2002-12-27,19708.21459995041
2002-12-30,19621.01011146515
2002-12-31,19441.74277704059
2003-01-02,19259.244818310053
2003-01-03,18885.064710717586
2003-01-06,18951.08159572278
2003-01-07,19006.115373962664
2003-01-08,18751.154670276745
2003-01-09,18788.646274820672
2003-01-10,18760.037352371706
2003-01-13,18807.350710330124
2003-01-14,18292.421260724826
2003-01-15,18436.311928931304
2003-01-16,18370.181077521243
2003-01-17,18356.983484386008
2003-01-21,18187.626394772302
2003-01-22,17988.92899151805
2003-01-23,18135.976084340935
2003-01-24,18165.025442747567
2003-01-27,18000.137990588468
2003-01-28,18129.35186638957
2003-01-29,18008.44119633119
2003-01-30,18180.70327111381
2003-01-31,18017.311791700104
2003-02-03,18041.40454677023
2003-02-04,17862.38682120838
2003-02-05,17848.893693559054
2003-02-06,18114.88500567351
2003-02-07,18258.328943151766
2003-02-10,18255.224668028688
2003-02-11,18459.139479729743
2003-02-12,18700.381014028655
2003-02-13,18291.830966360536
2003-02-14,18641.51401267388
2003-02-18,18408.017215754455
2003-02-19,18568.341257181637
2003-02-20,18005.394010745826
2003-02-21,17845.099677719863
2003-02-24,18043.729833598154
2003-02-25,18139.62958753029
2003-02-26,18129.911938700487
2003-02-27,18386.279948486474
2003-02-28,18441.789411780523
2003-03-03,18481.668463655
2003-03-04,18680.053351338054
2003-03-05,18978.71788593383
2003-03-06,19187.4200246624
2003-03-07,19249.675871302657
2003-03-10,18879.930084149284
2003-03-11,18907.991692336644
2003-03-12,19193.165638765033
2003-03-13,19168.49310456219
2003-03-14,18973.186839514514
2003-03-17,18680.230274100344
2003-03-18,18733.070657077882
2003-03-19,18545.602435204262
2003-03-20,18620.516492747578
2003-03-21,18401.051998988645
2003-03-24,18648.24318916269
2003-03-25,18810.512355174593
2003-03-26,18858.329049046755
2003-03-27,18798.569438922364
2003-03-28,18693.468707970962
2003-03-31,18443.559528400303
2003-04-01,18352.489433444694
2003-04-02,18176.830928281768
2003-04-03,18530.7899113269
2003-04-04,18394.287130895667
2003-04-07,18872.13596551564
2003-04-08,19278.915049584175
2003-04-09,19207.875177312315
2003-04-10,19288.869764369032
2003-04-11,19547.24041423609
2003-04-14,19961.098528264858
2003-04-15,19917.977061859896
2003-04-16,20065.80074822012
2003-04-17,20657.433035685463
2003-04-21,20584.938994099623
2003-04-22,20816.328526573787
2003-04-23,20852.277183266964
2003-04-24,20932.196011362583
2003-04-25,21234.27868278202
2003-04-28,21065.972430843485
2003-04-29,20894.886149834965
2003-04-30,20167.44542819925
2003-05-01,20358.168698067395
2003-05-02,20315.168681098727
2003-05-05,20019.020306611776
2003-05-06,20115.949830976144
2003-05-07,20366.8910485189
2003-05-08,20600.65175512407
2003-05-09,20443.99424140508
2003-05-12,20408.378983362058
2003-05-13,20130.143983363992
2003-05-14,20353.585513375983
2003-05-15,20286.393973096725
2003-05-16,20307.66272102947
2003-05-19,20252.54131673713
2003-05-20,20549.021567452386
2003-05-21,20615.98425302107
2003-05-22,20559.06520529608
2003-05-23,20210.224492982754
2003-05-27,20102.298984525096
2003-05-28,20213.70073663874
2003-05-29,20207.52686200944
2003-05-30,19925.084978241808
2003-06-02,19686.16142037695
2003-06-03,19750.389277522077
2003-06-04,20270.014779282137
2003-06-05,19856.011831639815
2003-06-06,19603.454781270484
2003-06-09,19617.88741326361
2003-06-10,19590.63559151249
2003-06-11,19530.753302124907
2003-06-12,19251.08834497475
2003-06-13,19106.147597368014
2003-06-16,19407.054129040454
2003-06-17,19501.39272612937
2003-06-18,19454.18350207545
2003-06-19,19674.107797591056
2003-06-20,19745.530134910114
2003-06-23,19433.379931939482
2003-06-24,19178.80826909985
2003-06-25,18691.81440243021
2003-06-26,18665.588550216187
2003-06-27,18579.857116301857
2003-06-30,18354.819546664592
2003-07-01,18367.291500038955
2003-07-02,18448.833498699478
2003-07-03,18335.252998870972
2003-07-07,18564.212890854174
2003-07-08,18567.930486967012
2003-07-09,18777.344184576832
2003-07-10,18730.476777737545
2003-07-11,18813.816066654133
2003-07-14,18897.646443406065
2003-07-15,19145.29750646715
2003-07-16,19240.020766733785
2003-07-17,18960.47657027498
2003-07-18,19358.104457382153
2003-07-21,19264.39177171062
2003-07-22,19162.653501025714
2003-07-23,18977.53725305639
2003-07-24,18980.73102656822
2003-07-25,18991.460382856
2003-07-28,18965.578985104446
2003-07-29,18915.196204179032
2003-07-30,18888.90043898905
2003-07-31,18752.92109045353
2003-08-01,18924.888741620976
2003-08-04,18868.726994623958
2003-08-05,18664.15588746925
2003-08-06,19184.524678725404
2003-08-07,19420.760784582904
2003-08-08,19076.48218673304
2003-08-11,19162.076602532532
2003-08-12,19035.742790124626
2003-08-13,19066.450577812488
2003-08-14,19027.38812911455
2003-08-15,19050.26277166572
2003-08-18,19324.251795667144
2003-08-19,19381.529162959538
2003-08-20,19770.399136564454
2003-08-21,19831.099060407036
2003-08-22,19543.1455319071
2003-08-25,20025.358437192495
2003-08-26,20278.81450999775
2003-08-27,20444.732318941788
2003-08-28,20505.911791348823
2003-08-29,20037.87434996365
2003-09-02,20043.21599297593
2003-09-03,20220.639880074687
2003-09-04,20041.05151288368
2003-09-05,19844.673549941836
2003-09-08,19524.124070920363
2003-09-09,19503.522193414607
2003-09-10,19712.243086088663
2003-09-11,19333.00050867526
2003-09-12,18915.62815582699
2003-09-15,18788.71378037773
2003-09-16,18820.843744966067
2003-09-17,18436.973441636284
2003-09-18,18207.21898739599
2003-09-19,18045.190691858304
2003-09-22,18037.90363960802
2003-09-23,17845.892242702852
2003-09-24,18015.14462841915
2003-09-25,18054.32744586904
2003-09-26,18401.28702367403
2003-09-29,18396.924372195426
2003-09-30,18193.109292197405
2003-10-01,18224.081222100267
2003-10-02,18191.5113749404
2003-10-03,18283.275420947342
2003-10-06,18344.48315815129
2003-10-07,18150.90179276054
2003-10-08,18279.98635256717
2003-10-09,18418.50679844724
2003-10-10,18594.798411456133
2003-10-13,18683.019932093404
2003-10-14,18805.954902957954
2003-10-15,18748.47094012423
2003-10-16,18965.57798406074
2003-10-17,18900.544212140507
2003-10-20,19027.74327607108
2003-10-21,18978.95004223587
2003-10-22,18801.635086417675
2003-10-23,18726.629815710086
2003-10-24,18400.16858365641
2003-10-27,18157.244658199503
2003-10-28,18470.60351266801
2003-10-29,18505.32774209676
2003-10-30,18697.243333132603
2003-10-31,19139.544157654615
2003-11-03,19026.610528601253
2003-11-04,18889.709191671613
2003-11-05,18900.733330856925
2003-11-06,18744.934459931173
2003-11-07,18759.87024808984
2003-11-10,18566.828771153938
2003-11-11,18120.06343262504
2003-11-12,18449.25881801319
2003-11-13,18431.74062202701
2003-11-14,18358.51224030156
2003-11-17,18779.110828959292
2003-11-18,18630.22084684298
2003-11-19,18525.439162832954
2003-11-20,18433.101974199275
2003-11-21,18487.932916615075
2003-11-24,18777.113616043425
2003-11-25,18430.43616908277
2003-11-26,18249.925325671215
2003-11-28,18311.85068563707
2003-12-01,18461.83778428327
2003-12-02,18552.137826800667
2003-12-03,18611.19644310956
2003-12-04,18630.36404443531
2003-12-05,18506.322216925983
2003-12-08,18583.456985194676
2003-12-09,18587.054958414134
2003-12-10,18744.593924012184
2003-12-11,19136.775205814447
2003-12-12,19506.386946327624
2003-12-15,19422.23474229816
2003-12-16,19903.61802000093
2003-12-17,19809.507119770773
2003-12-18,20251.65634785904
2003-12-19,20437.67622185163
2003-12-22,20454.795658993015
2003-12-23,20404.03676340098
2003-12-24,20268.05364322429
2003-12-26,20257.535353180036
2003-12-29,20183.66844915141
2003-12-30,20485.22664433444
2003-12-31,20744.308332241282
2004-01-02,20396.15273043467
2004-01-05,20690.61802993675
2004-01-06,20952.40902827444
2004-01-07,20578.284505764106
2004-01-08,20868.903642419107
2004-01-09,21153.30445071316
2004-01-12,21244.841373383068
2004-01-13,21503.8159132305
2004-01-14,21790.5223886418
2004-01-15,21599.607501026712
2004-01-16,21783.765525264527
2004-01-20,21854.292211730946
2004-01-21,21738.23174010317
2004-01-22,21919.79733878889
2004-01-23,22052.197758140355
2004-01-26,22330.480215550633
2004-01-27,22575.645629054477
2004-01-28,22655.94414164854
2004-01-29,22258.59691944773
2004-01-30,22155.89585838462
2004-02-02,22318.075555495045
2004-02-03,22109.10816500684
2004-02-04,22141.96715991399
2004-02-05,22251.02051841442
2004-02-06,22234.460372618392
2004-02-09,22883.937490553202
2004-02-10,23295.788439551907
2004-02-11,23701.760144915534
2004-02-12,23824.324467123814
2004-02-13,23792.91321509078
2004-02-17,24011.863598938635
2004-02-18,23789.007568325895
2004-02-19,23622.419726676257
2004-02-20,23343.611246684613
2004-02-23,23773.583486561394
2004-02-24,23599.222684546367
2004-02-25,23532.6409747102
2004-02-26,23468.06365751405
2004-02-27,23715.11503029774
2004-03-01,23732.192704206533
2004-03-02,23578.512868787268
2004-03-03,23426.302718208135
2004-03-04,23579.92080708051
2004-03-05,23684.794493992693
2004-03-08,23846.395180809104
2004-03-09,23888.532981488253
2004-03-10,24218.24925247484
2004-03-11,24473.639989529212
2004-03-12,24591.439035925174
2004-03-15,24354.158187968234
2004-03-16,24460.618131852236
2004-03-17,24251.723988845133
2004-03-18,23839.486169763546
2004-03-19,23699.303563310244
2004-03-22,23980.86385631895
2004-03-23,23870.297918222328
2004-03-24,23639.504947729085
2004-03-25,23651.471740673605
2004-03-26,23585.745287286325
2004-03-29,23750.449956344477
2004-03-30,23488.19522366927
2004-03-31,23317.059010955414
2004-04-01,23082.51490464018
2004-04-02,22858.510199460885
2004-04-05,23281.829699266284
2004-04-06,23912.566452180366
2004-04-07,23841.88482260487
2004-04-08,23669.069614964905
2004-04-12,23171.571399491044
2004-04-13,22899.3643244203
2004-04-14,22686.287172155913
2004-04-15,22552.913038962382
2004-04-16,22296.085251292276
2004-04-19,22636.622324600135
2004-04-20,23130.334848604667
2004-04-21,22927.352489131365
2004-04-22,22785.78067245019
2004-04-23,22628.33048553279
2004-04-26,22779.39628894508
2004-04-27,22607.259016007625
2004-04-28,22602.97383441951
2004-04-29,22560.46104852246
2004-04-30,22232.21113858096
2004-05-03,22497.583017213885
2004-05-04,22358.491847894053
2004-05-05,22051.545484717593
2004-05-06,22009.779355291335
2004-05-07,22252.944739759634
2004-05-10,22089.708213482896
2004-05-11,22262.58715355571
2004-05-12,21701.535089280085
2004-05-13,21606.73318012463
2004-05-14,21699.797167429504
2004-05-17,21416.52996003479
2004-05-18,21570.763794220882
2004-05-19,21423.334691470536
2004-05-20,21302.091434370046
2004-05-21,21790.9103240941
2004-05-24,21410.125609692233
2004-05-25,21389.646170001313
2004-05-26,21564.871110098065
2004-05-27,21725.83784090651
2004-05-28,21745.51701265958
2004-06-01,21500.069555120524
2004-06-02,21854.082258377402
2004-06-03,22081.81072711368
2004-06-04,21869.785093294195
2004-06-07,21914.425589501923
2004-06-08,21419.613624565678
2004-06-09,21284.169216375518
2004-06-10,21414.532338800298
2004-06-14,21468.22008273545
2004-06-15,21583.047996554647
2004-06-16,21609.990514849185
2004-06-17,21648.932573966275
2004-06-18,21840.244040848676
2004-06-21,21731.25266879461
2004-06-22,22333.39480006222
2004-06-23,22053.816567427337
2004-06-24,22610.56704397234
2004-06-25,22331.031148348087
2004-06-28,22247.811294403684
2004-06-29,22347.328918279112
2004-06-30,22589.266243690578
2004-07-01,23215.35666791958
2004-07-02,22903.819124941292
2004-07-06,22709.91823255746
2004-07-07,22659.62257351351
2004-07-08,22532.431933791857
2004-07-09,22630.103239769072
2004-07-12,22738.57797241555
2004-07-13,23060.24023019477
2004-07-14,23306.7911768094
2004-07-15,23211.10741361693
2004-07-16,23348.997382173515
2004-07-19,23556.104881000392
2004-07-20,23276.177940722453
2004-07-21,22681.501520469763
2004-07-22,22522.462815012223
2004-07-23,22411.353803117483
2004-07-26,22635.393345307763
2004-07-27,22641.91414149936
2004-07-28,22302.477952556583
2004-07-29,22012.72167199543
2004-07-30,21529.816130445277
2004-08-02,21834.54062855563
2004-08-03,22004.997307543606
2004-08-04,22346.06421697617
2004-08-05,22268.9274515662
2004-08-06,22002.07389822207
2004-08-09,22312.297410260697
2004-08-10,22176.305783794105
2004-08-11,22205.79986947992
2004-08-12,22306.857392485053
2004-08-13,22317.234343185446
2004-08-16,22031.060380468924
2004-08-17,22490.074768162864
2004-08-18,22806.956397650698
2004-08-19,22649.55387316996
2004-08-20,22555.846385602763
2004-08-23,23246.95245961322
2004-08-24,23284.402030592162
2004-08-25,23512.715009654832
2004-08-26,23504.66117320467
2004-08-27,23871.792592676364
2004-08-30,23948.75518088055
2004-08-31,23750.63789677606
2004-09-01,24034.007563835305
2004-09-02,23965.843731227404
2004-09-03,24075.727671348912
2004-09-07,24315.178810572725
2004-09-08,24453.457754365434
2004-09-09,24297.574120622907
2004-09-10,24345.779681512584
2004-09-13,24816.17075966291
2004-09-14,25477.26574703844
2004-09-15,25890.999027744132
2004-09-16,25940.19395663482
2004-09-17,25989.653372561555
2004-09-20,25519.096449910634
2004-09-21,25410.715595433958
2004-09-22,25010.291990555255
2004-09-23,25040.344514424385
2004-09-24,24792.08705362115
2004-09-27,25014.87829480791
2004-09-28,25255.15304586212
2004-09-29,25363.792866379412
2004-09-30,25778.454317392683
2004-10-01,25697.85034712022
2004-10-04,26158.76702252515
2004-10-05,26577.619553811615
2004-10-06,26818.989808622853
2004-10-07,26806.98311854711
2004-10-08,26269.393802700328
2004-10-11,26427.257915386796
2004-10-12,26376.391991931945
2004-10-13,26496.10565811389
2004-10-14,26658.56197573875
2004-10-15,27131.62527732849
2004-10-18,27414.99763548639
2004-10-19,27210.107401247173
2004-10-20,27064.589504080108
2004-10-21,27279.757804558172
2004-10-22,27113.418877800475
2004-10-25,27134.911628422447
2004-10-26,27153.90763299107
2004-10-27,27219.959535270413
2004-10-28,27054.890072443864
2004-10-29,26744.872510086643
2004-11-01,26368.8163376982
2004-11-02,26259.230886195757
2004-11-03,26083.321818150624
2004-11-04,26696.468408677836
2004-11-05,26562.98656126316
2004-11-08,26227.28827667979
2004-11-09,26463.79467989029
2004-11-10,26472.02351488207
2004-11-11,26295.23656073189
2004-11-12,26489.570528113287
2004-11-15,26205.564449783007
2004-11-16,26444.6414437378
2004-11-17,26038.308352652657
2004-11-18,26045.80932704455
2004-11-19,26293.01134321592
2004-11-22,26261.995341050995
2004-11-23,26054.661360961778
2004-11-24,25433.376439386935
2004-11-26,25421.735795061788
2004-11-29,25637.042051419692
2004-11-30,25342.8840531515
2004-12-01,25596.906456750392
2004-12-02,25937.13129864798
2004-12-03,25213.18396426858
2004-12-06,25413.91562749922
2004-12-07,25399.990225852052
2004-12-08,25331.58275217315
2004-12-09,25328.24627500683
2004-12-10,25436.592331185882
2004-12-13,25196.606513141985
2004-12-14,25029.652865517415
2004-12-15,24895.934357243914
2004-12-16,24768.705498259824
2004-12-17,24325.080919317035
2004-12-20,24375.24199955865
2004-12-21,24128.256258949845
2004-12-22,24187.69660480781
2004-12-23,24359.990175192608
2004-12-27,24811.741772244914
2004-12-28,24725.769009386633
2004-12-29,24715.993843394706
2004-12-30,25014.683276682114
2004-12-31,25235.72198806011
2005-01-03,25245.89644844605
2005-01-04,25576.46653346438
2005-01-05,25637.063114237135
2005-01-06,25435.846819505357
2005-01-07,25797.211076763728
2005-01-10,25488.190216351362
2005-01-11,25724.081653646354
2005-01-12,25492.04038842817
2005-01-13,25146.2848559268
2005-01-14,24660.491820771116
2005-01-18,24380.72884099653
2005-01-19,24574.759655531187
2005-01-20,24190.049740175684
2005-01-21,24292.418669499657
2005-01-24,24101.136917750126
2005-01-25,24512.78523618774
2005-01-26,24690.033514410592
2005-01-27,24693.236554848194
2005-01-28,25161.547588961617
2005-01-31,25219.27982772703
2005-02-01,24993.206021205144
2005-02-02,25317.776510014606
2005-02-03,25200.700076222318
2005-02-04,25111.341486820216
2005-02-07,25102.19424915511
2005-02-08,24757.533267794533
2005-02-09,24862.708426833895
2005-02-10,25060.028005328437
2005-02-11,24953.045069272135
2005-02-14,25402.792095609773
2005-02-15,25008.208488423705
2005-02-16,25198.598174423547
2005-02-17,25249.082717760135
2005-02-18,25162.87357305868
2005-02-22,25329.609683901097
2005-02-23,24725.468243911695
2005-02-24,24835.871318319063
2005-02-25,25203.118249627016
2005-02-28,25000.938736844622
2005-03-01,24469.91430492659
2005-03-02,24799.43551232659
2005-03-03,25066.848523939163
2005-03-04,25002.609675110965
2005-03-07,24702.953952683572
2005-03-08,24051.572630114882
2005-03-09,24329.460619062025
2005-03-10,24231.895384559197
2005-03-11,24252.53179811363
2005-03-14,24639.769913655942
2005-03-15,24842.04179990865
2005-03-16,24662.29287378297
2005-03-17,24673.011089795174
2005-03-18,25035.35399543383
2005-03-21,25429.47929344088
2005-03-22,25435.271898018567
2005-03-23,25100.62569699886
2005-03-24,24907.6000607129
2005-03-28,24848.65845551549
2005-03-29,24677.560916434315
2005-03-30,24240.199408095796
2005-03-31,23887.301837218063
2005-04-01,23976.632556139873
2005-04-04,24424.681210532075
2005-04-05,24363.323247928944
2005-04-06,24198.040678625475
2005-04-07,24498.755180956767
2005-04-08,24021.4074294927
2005-04-11,23995.20283240469
2005-04-12,24057.501196937912
2005-04-13,23571.070510132184
2005-04-14,23314.936355867958
2005-04-15,23214.00055149546
2005-04-18,23302.60690728436
2005-04-19,23226.00542220028
2005-04-20,22980.51879489509
2005-04-21,23049.90861513033
2005-04-22,22376.325974059684
2005-04-25,22601.64618558504
2005-04-26,22609.963854774593
2005-04-27,22677.91726794949
2005-04-28,22969.03506144522
2005-04-29,23260.05635516044
2005-05-02,23249.717091576276
2005-05-03,23010.327948327187
2005-05-04,22863.398458955144
2005-05-05,23039.701270272086
2005-05-06,22897.86751938195
2005-05-09,22292.80640831568
2005-05-10,22652.202806309095
2005-05-11,22410.180122014426
2005-05-12,22356.698962545233
2005-05-13,22209.4530670909
2005-05-16,22336.240930872238
2005-05-17,21984.150518169146
2005-05-18,21980.73595476853
2005-05-19,21680.818944535524
2005-05-20,21535.578055912756
2005-05-23,21517.063128153623
2005-05-24,22098.665212996606
2005-05-25,22107.076422208072
2005-05-26,22120.349869844627
2005-05-27,21959.69823566904
2005-05-31,21562.409441004635
2005-06-01,21485.76531758576
2005-06-02,21874.35324633299
2005-06-03,21520.22785788807
2005-06-06,21523.06198961969
2005-06-07,21782.558206920483
2005-06-08,21990.61297702477
2005-06-09,21586.10527414396
2005-06-10,21540.651297406013
2005-06-13,21154.053461900443
2005-06-14,21122.97587054077
2005-06-15,21297.069258580774
2005-06-16,21254.883360809636
2005-06-17,21215.588995559207
2005-06-20,21502.737520175386
2005-06-21,21495.13359260873
2005-06-22,21056.661191660685
2005-06-23,20911.504850615474
2005-06-24,20949.687507506376
2005-06-27,21190.95705136616
2005-06-28,21146.34511505851
2005-06-29,21092.8564047014
2005-06-30,21043.77921585422
2005-07-01,21042.69221837042
2005-07-05,20887.73233745371
2005-07-06,20681.357425100527
2005-07-07,20675.71374615085
2005-07-08,20730.99491811709
2005-07-11,21065.687017217922
2005-07-12,21057.73192611662
2005-07-13,21343.052229305045
2005-07-14,21587.076864479663
2005-07-15,21342.920402817817
2005-07-18,21270.871686006376
2005-07-19,21714.33596183845
2005-07-20,21553.513376100385
2005-07-21,21000.288268066615
2005-07-22,21185.482491383093
2005-07-25,20976.001221609455
2005-07-26,20488.04927196562
2005-07-27,20326.84883882999
2005-07-28,19882.74225425865
2005-07-29,19719.309876937954
2005-08-01,19823.299238570988
2005-08-02,19577.3135784743
2005-08-03,19768.667706299657
2005-08-04,20100.819558422205
2005-08-05,19865.97106115238
2005-08-08,19921.398849954396
2005-08-09,19429.128420351823
2005-08-10,19341.23998127998
2005-08-11,19276.271255190088
2005-08-12,19178.47331823392
2005-08-15,19185.75670445854
2005-08-16,19053.874226300453
2005-08-17,19273.21786285611
2005-08-18,19342.169774742375
2005-08-19,19131.984844260467
2005-08-22,19256.99871232278
2005-08-23,19191.625065355845
2005-08-24,19355.666010296263
2005-08-25,19224.770510281553
2005-08-26,19062.800369844
2005-08-29,19058.01390573927
2005-08-30,18559.777366680166
2005-08-31,18614.916639402985
2005-09-01,18546.60095603216
2005-09-02,18293.506480213284
2005-09-06,18077.22412926631
2005-09-07,18129.703799006802
2005-09-08,17936.566077477506
2005-09-09,18138.64834685899
2005-09-12,17815.085330349422
2005-09-13,17690.240272688297
2005-09-14,17817.114150463945
2005-09-15,17561.65878874841
2005-09-16,17527.51749395515
2005-09-19,17492.809206691774
2005-09-20,17528.598640466473
2005-09-21,17723.774022977268
2005-09-22,17699.170675766763
2005-09-23,18005.362296824995
2005-09-26,17948.072467323866
2005-09-27,18325.460222995374
2005-09-28,17971.63328568563
2005-09-29,17708.122656459796
2005-09-30,18109.876328043647
2005-10-03,18569.22637091113
2005-10-04,18458.134102241824
2005-10-05,18560.82786300501
2005-10-06,18415.327269764723
2005-10-07,18573.19555715266
2005-10-10,18200.42686871908
2005-10-11,18682.744005299806
2005-10-12,18780.199208769365
2005-10-13,18710.743280088253
2005-10-14,18596.93492426065
2005-10-17,18515.68254173371
2005-10-18,18432.033265668993
2005-10-19,18085.87663388338
2005-10-20,18226.208231438908
2005-10-21,18225.509261101844
2005-10-24,17897.50061929266
2005-10-25,17902.908636436357
2005-10-26,17749.81472130937
2005-10-27,17364.0029622645
2005-10-28,17238.994797243337
2005-10-31,17161.477577420486
2005-11-01,17135.826626969552
2005-11-02,16914.827541371644
2005-11-03,17058.225062878482
2005-11-04,17111.783532202855
2005-11-07,17126.73998021489
2005-11-08,17036.370134658682
2005-11-09,17437.620171424718
2005-11-10,17272.60837553675
2005-11-11,17359.734944133008
2005-11-14,17615.70618934951
2005-11-15,17610.840282097142
2005-11-16,17332.473659141524
2005-11-17,16936.155788318378
2005-11-18,17107.164459765707
2005-11-21,16977.046196136307
2005-11-22,16878.46965531692
2005-11-23,16650.06216386995
2005-11-25,16629.23984544737
2005-11-28,16689.159254748854
2005-11-29,16822.948287159357
2005-11-30,16806.674976203198
2005-12-01,16410.459496896074
2005-12-02,16627.78841037515
2005-12-05,16690.10764282104
2005-12-06,16772.7317624063
2005-12-07,16694.262850556926
2005-12-08,16671.647662832627
2005-12-09,16627.96496150799
2005-12-12,16881.34749362147
2005-12-13,17045.712035048302
2005-12-14,16824.751530613765
2005-12-15,16746.63566437393
2005-12-16,16892.63303017514
2005-12-19,16481.468311338846
2005-12-20,16893.38110563593
2005-12-21,17080.99232145849
2005-12-22,17012.456465061456
2005-12-23,16690.04410079648
2005-12-27,16759.75129678426
2005-12-28,16762.634217567705
2005-12-29,16390.91247743636
2005-12-30,16150.277685322997
2006-01-03,15647.394708442525
2006-01-04,15949.823121368005
2006-01-05,16230.225768678416
2006-01-06,16402.09402951782
2006-01-09,16121.27323236726
2006-01-10,16297.12141353638
2006-01-11,16191.854720548165
2006-01-12,15943.019748763203
2006-01-13,15895.169509850215
2006-01-17,15821.111677380117
2006-01-18,15611.71301632869
2006-01-19,15825.628051432332
2006-01-20,15999.713645938047
2006-01-23,16491.49477799846
2006-01-24,16619.55761592671
2006-01-25,16616.48250355001
2006-01-26,16568.597207693656
2006-01-27,16369.979143854249
2006-01-30,16394.897313123012
2006-01-31,16384.31723132396
2006-02-01,16710.3030563899
2006-02-02,16487.032306867783
2006-02-03,16313.627256310478
2006-02-06,16824.022378905287
2006-02-07,16958.424703521774
2006-02-08,16942.236841145794
2006-02-09,17599.651564674055
2006-02-10,17932.694468039386
2006-02-13,18055.306835441872
2006-02-14,17715.4179373656
2006-02-15,17921.01781437616
2006-02-16,17978.381300985187
2006-02-17,17745.493537644397
2006-02-21,17780.115777514155
2006-02-22,17499.850858916634
2006-02-23,17428.751911641844
2006-02-24,17542.78535568709
2006-02-27,17529.460666417628
2006-02-28,17634.62615010644
2006-03-01,17308.91899284513
2006-03-02,17353.415024730013
2006-03-03,17328.632080798612
2006-03-06,17279.62106149598
2006-03-07,17371.47915617476
2006-03-08,17498.006173672442
2006-03-09,17473.217717920492
2006-03-10,17487.06018659666
2006-03-13,17633.258426479344
2006-03-14,17410.41781593607
2006-03-15,17531.31567716021
2006-03-16,17759.784018587256
2006-03-17,17642.569290025298
2006-03-20,17404.837640815484
2006-03-21,17382.73012687453
2006-03-22,17132.384170494428
2006-03-23,17210.010377815583
2006-03-24,17348.757856192064
2006-03-27,17512.68314892557
2006-03-28,17551.472036291598
2006-03-29,17336.273457597563
2006-03-30,17154.103710694944
2006-03-31,16875.438059013504
2006-04-03,16635.610528522237
2006-04-04,16544.689484202172
2006-04-05,16629.479066810407
2006-04-06,16336.862103481175
2006-04-07,16541.360665063035
2006-04-10,16380.747423112656
2006-04-11,16320.684115617287
2006-04-12,16458.947555777468
2006-04-13,16811.14397211005
2006-04-17,16669.74246793531
2006-04-18,16630.128599791136
2006-04-19,16945.973835913213
2006-04-20,17177.821488299167
2006-04-21,17128.69314198524
2006-04-24,17228.445889079892
2006-04-25,17264.397943021948
2006-04-26,17217.413753477158
2006-04-27,17344.41838248138
2006-04-28,17540.985945565142
2006-05-01,17585.436625565915
2006-05-02,17669.76933244348
2006-05-03,17997.07591917624
2006-05-04,17831.163150453027
2006-05-05,18114.865194977523
2006-05-08,18167.362436130017
2006-05-09,17782.707513881203
2006-05-10,17706.465865349175
2006-05-11,17987.117815597932
2006-05-12,18120.05766644787
2006-05-15,18002.78599385428
2006-05-16,18053.045199551685
2006-05-17,18153.74586607452
2006-05-18,18279.338945932253
2006-05-19,18157.757305042327
2006-05-22,18087.744875418786
2006-05-23,18373.440147378755
2006-05-24,18573.07968060956
2006-05-25,18761.94079895739
2006-05-26,18890.750272146597
2006-05-30,18941.33222351881
2006-05-31,19137.78281550092
2006-06-01,19161.346310258796
2006-06-02,19000.705799561754
2006-06-05,19221.733747354512
2006-06-06,19228.562895786887
2006-06-07,19216.698576387178
2006-06-08,18913.494839478484
2006-06-09,19319.146273832655
2006-06-12,19389.92665330813
2006-06-13,18987.591726463743
2006-06-14,18609.6682091508
2006-06-15,18991.60703241965
2006-06-16,18879.697770406816
2006-06-19,19017.939080830965
2006-06-20,18658.232291087537
2006-06-21,18485.718605595164
2006-06-22,18642.540227008594
2006-06-23,18652.692062958133
2006-06-26,18493.61600120138
2006-06-27,18605.16114369544
2006-06-28,18340.022430627174
2006-06-29,18485.53290537796
2006-06-30,18665.00222857845
2006-07-03,18455.48619968629
2006-07-05,18480.762393910147
2006-07-06,18758.96338583686
2006-07-07,18753.17725746455
2006-07-10,18734.768981371275
2006-07-11,18727.064870518392
2006-07-12,18688.186144623767
2006-07-13,18639.97113903076
2006-07-14,18741.14235671368
2006-07-17,18427.16914942668
2006-07-18,18347.816674070484
2006-07-19,18268.584875085846
2006-07-20,18419.39421047101
2006-07-21,17965.87849927518
2006-07-24,17526.776612859863
2006-07-25,17443.998287476814
2006-07-26,17282.861491849537
2006-07-27,17294.20522806621
2006-07-28,17312.44015544737
2006-07-31,17447.66215799571
2006-08-01,17366.101575806802
2006-08-02,17390.319366888096
2006-08-03,17232.508026190993
2006-08-04,17298.3434418668
2006-08-07,17493.01726719315
2006-08-08,17030.545799707445
2006-08-09,17160.790077782804
2006-08-10,17304.374398625438
2006-08-11,17325.70915059637
2006-08-14,17702.048378707233
2006-08-15,17969.84425270661
2006-08-16,18224.303658606674
2006-08-17,17699.473303210925
2006-08-18,17893.287428832853
2006-08-21,18023.071359594585
2006-08-22,17649.731968321084
2006-08-23,17780.713755038523
2006-08-24,17800.62274492385
2006-08-25,17802.441757004603
2006-08-28,18111.811640259086
2006-08-29,17570.95219252745
2006-08-30,17693.477298451817
2006-08-31,17556.893803532035
2006-09-01,17616.939444614218
2006-09-05,17479.465198153728
2006-09-06,17662.05545346867
2006-09-07,17338.355271702152
2006-09-08,17150.078263649237
2006-09-11,16754.556092569175
2006-09-12,16990.61009853259
2006-09-13,17090.051187886056
2006-09-14,17020.741938599145
2006-09-15,16782.59471511208
2006-09-18,16648.385305174153
2006-09-19,16709.43694423351
2006-09-20,16627.28063934822
2006-09-21,16493.591185127476
2006-09-22,16309.145557829177
2006-09-25,16178.057195322255
2006-09-26,16024.465974494666
2006-09-27,15940.338156954833
2006-09-28,16145.30972111085
2006-09-29,15915.799614699605
2006-10-02,15634.594102518933
2006-10-03,15735.619839290206
2006-10-04,15789.045650285128
2006-10-05,15443.891583498635
2006-10-06,15375.852847424494
2006-10-09,15344.019868423082
2006-10-10,15449.84910203856
2006-10-11,15418.799595103266
2006-10-12,15519.253136134947
2006-10-13,15413.67337694236
2006-10-16,15720.186353367746
2006-10-17,15743.052444078154
2006-10-18,15438.739302620057
2006-10-19,15827.099618504222
2006-10-20,15786.1298088651
2006-10-23,15598.936960157795
2006-10-24,15569.665696247901
2006-10-25,15431.549127584834
2006-10-26,15204.953541914558
2006-10-27,14948.572836450383
2006-10-30,14943.462943501445
2006-10-31,15129.4800670452
2006-11-01,15073.373561935354
2006-11-02,14994.410001556238
2006-11-03,14737.210574368783
2006-11-06,14934.91482643582
2006-11-07,14859.588378787506
2006-11-08,15062.788444889286
2006-11-09,15213.625864363943
2006-11-10,15307.952551344039
2006-11-13,15311.700083985032
2006-11-14,15357.609758791456
2006-11-15,15326.885722817427
2006-11-16,15053.723582435441
2006-11-17,15070.99369956083
2006-11-20,14896.407690982654
2006-11-21,14492.651657689266
2006-11-22,14179.296824076653
2006-11-24,14104.848524873192
2006-11-27,13903.885933484236
2006-11-28,13524.560918285137
2006-11-29,13225.436263147263
2006-11-30,12945.162820292639
2006-12-01,12744.388130632662
2006-12-04,12756.92006695925
2006-12-05,12540.862317449517
2006-12-06,12762.950136278663
2006-12-07,12625.446168782422
2006-12-08,12352.892200526981
2006-12-11,12396.904469495674
2006-12-12,12475.819899023107
2006-12-13,12226.497370878826
2006-12-14,12169.614039972992
2006-12-15,12326.831621089294
2006-12-18,12500.72589895299
2006-12-19,12338.160298978497
2006-12-20,12470.648528056236
2006-12-21,12648.85071934431
2006-12-22,12649.52606518954
2006-12-26,12581.475870759636
2006-12-27,12719.60444584377
2006-12-28,12841.492942203762
2006-12-29,12970.2047206594
2007-01-03,12945.674173673677
2007-01-04,12855.851404326653
2007-01-05,12893.87640572636
2007-01-08,12845.911968441378
2007-01-09,12745.05407195576
2007-01-10,13110.58298739959
2007-01-11,13146.811616531915
2007-01-12,13236.542525920539
2007-01-16,13410.635544709903
2007-01-17,13558.487344688714
2007-01-18,13592.801532052734
2007-01-19,13507.859623286331
2007-01-22,13379.737751135079
2007-01-23,13354.948655985856
2007-01-24,13295.941198526667
2007-01-25,13356.157954090908
2007-01-26,13361.15955326199
2007-01-29,13552.532320486858
2007-01-30,13265.217577300193
2007-01-31,13108.079927919442
2007-02-01,13217.71771034727
2007-02-02,13403.218792118281
2007-02-05,13396.452557960465
2007-02-06,13272.733660607191
2007-02-07,13406.699921055295
2007-02-08,13417.994424669741
2007-02-09,13441.859958033685
2007-02-12,13649.756188842546
2007-02-13,13771.922250124067
2007-02-14,13812.793783986532
2007-02-15,13678.463629447471
2007-02-16,13432.992622153897
2007-02-20,13220.792409503625
2007-02-21,13257.235232270583
2007-02-22,13335.992996265839
2007-02-23,13200.572261502282
2007-02-26,13285.08024469464
2007-02-27,13437.789168020381
2007-02-28,13357.709668997708
2007-03-01,13464.675210443782
2007-03-02,13248.225564253531
2007-03-05,13253.21436624431
2007-03-06,13288.136569796197
2007-03-07,13260.75456848494
2007-03-08,13166.228872831065
2007-03-09,13416.666364339226
2007-03-12,13423.688448680701
2007-03-13,13398.175259713638
2007-03-14,13584.777874791014
2007-03-15,13463.310868292565
2007-03-16,13381.80888812308
2007-03-19,13432.560900159018
2007-03-20,13432.048858421264
2007-03-21,13153.17983513735
2007-03-22,13086.991938594147
2007-03-23,13076.351104099187
2007-03-26,13051.835206661945
2007-03-27,13130.521376522802
2007-03-28,13068.253913902021
2007-03-29,12837.48680203153
2007-03-30,13037.241831604555
2007-04-02,12921.66912350536
2007-04-03,12703.140047418188
2007-04-04,12586.880789952584
2007-04-05,12764.388356631142
2007-04-09,12609.43232131566
2007-04-10,12801.765845038923
2007-04-11,12760.812572813016
2007-04-12,12862.32125010913
2007-04-13,13011.776858377561
2007-04-16,12597.337704829875
2007-04-17,12632.487933814464
2007-04-18,12794.444487142713
2007-04-19,12808.32510302943
2007-04-20,12686.796591067341
2007-04-23,12591.282685084745
2007-04-24,12426.861560829044
2007-04-25,12293.422774838247
2007-04-26,12500.7586869645
2007-04-27,12595.243494683653
2007-04-30,12656.28655942913
2007-05-01,12710.448051181682
2007-05-02,12523.577425466203
2007-05-03,12395.640741729398
2007-05-04,12453.805493926418
2007-05-07,12319.535469944938
2007-05-08,12189.320481969167
2007-05-09,12265.860148098092
2007-05-10,12190.528363420019
2007-05-11,12013.445432555203
2007-05-14,12185.672042242039
2007-05-15,12234.418727395878
2007-05-16,12353.966416500225
2007-05-17,12286.236301166917
2007-05-18,12398.299130107729
2007-05-21,12440.662419118318
2007-05-22,12377.825526661087
2007-05-23,12316.83767406996
2007-05-24,12448.517861664046
2007-05-25,12339.242798898795
2007-05-29,12516.072591963904
2007-05-30,12668.676853594394
2007-05-31,12659.491550152614
2007-06-01,12719.10709277812
2007-06-04,12736.47873976825
2007-06-05,12703.397678008307
2007-06-06,12800.508360611828
2007-06-07,12945.32836176962
2007-06-08,13300.677625826966
2007-06-11,13286.234482456814
2007-06-12,13186.913295772869
2007-06-13,13170.659724375428
2007-06-14,13143.959833436622
2007-06-15,13113.570887075724
2007-06-18,13080.811210843074
2007-06-19,13397.48559646096
2007-06-20,13527.706431790799
2007-06-21,13802.844763147901
2007-06-22,13815.786483681148
2007-06-25,13834.311870874082
2007-06-26,13810.024694630558
2007-06-27,13841.310366086846
2007-06-28,13716.367785552762
2007-06-29,13788.754875642979
2007-07-02,13815.896827971423
2007-07-03,14054.32407035546
2007-07-05,14014.944847368031
2007-07-06,13875.29389680349
2007-07-09,13656.967209801882
2007-07-10,13328.373935619806
2007-07-11,13469.686871463511
2007-07-12,13480.64012858884
2007-07-13,13485.627129403918
2007-07-16,13800.038469297615
2007-07-17,13589.817087057436
2007-07-18,13728.462871070731
2007-07-19,13658.599389759449
2007-07-20,13673.580754631445
2007-07-23,13508.501117541435
2007-07-24,13405.097871574293
2007-07-25,13354.89772288447
2007-07-26,13385.652717154968
2007-07-27,13183.033585975332
2007-07-30,13175.7527540096
2007-07-31,13337.310035804834
2007-08-01,13406.93351854038
2007-08-02,13413.659742942828
2007-08-03,13555.937981361209
2007-08-06,13542.699543834544
2007-08-07,13856.704852393583
2007-08-08,14041.905811111872
2007-08-09,13840.033741794392
2007-08-10,14025.121130977597
2007-08-13,14044.302876343421
2007-08-14,13991.481451258518
2007-08-15,14222.855316990146
2007-08-16,14330.812497211244
2007-08-17,13989.266379930723
2007-08-20,14275.77805347622
2007-08-21,14162.336781295704
2007-08-22,14336.309214290724
2007-08-23,14115.484255608246
2007-08-24,14119.935334676078
2007-08-27,13953.453501600065
2007-08-28,13849.671743711053
2007-08-29,13972.836501674894
2007-08-30,13793.76418878921
2007-08-31,13786.514440312056
2007-09-04,13394.250218229854
2007-09-05,13383.131141804566
2007-09-06,13271.562088490504
2007-09-07,13266.94298265391
2007-09-10,13370.301466122037
2007-09-11,13239.428926857778
2007-09-12,13324.59315407684
2007-09-13,13474.622304892902
2007-09-14,13449.58932420776
2007-09-17,13199.354915560074
2007-09-18,13141.265128514186
2007-09-19,13271.801583126393
2007-09-20,13146.248355168173
2007-09-21,13189.757846920196
2007-09-24,13263.740698265354
2007-09-25,13444.47637941464
2007-09-26,13528.0539509658
2007-09-27,13644.622392539377
2007-09-28,13723.516972587498
2007-10-01,13783.174427501219
2007-10-02,13876.231829070672
2007-10-03,14095.525134868692
2007-10-04,14271.972234939441
2007-10-05,14278.593437643023
2007-10-08,14184.085199694271
2007-10-09,14316.90950485021
2007-10-10,14229.136712433585
2007-10-11,14172.773939257475
2007-10-12,14116.127853725631
2007-10-15,13930.709079052906
2007-10-16,14035.670599038373
2007-10-17,14112.435817561396
2007-10-18,14171.480958259857
2007-10-19,14326.292990200614
2007-10-22,14287.687593350633
2007-10-23,14161.792972874458
2007-10-24,14052.196201047671
2007-10-25,14041.179494067814
2007-10-26,14032.91758140801
2007-10-29,14564.163169708087
2007-10-30,14532.050362616123
2007-10-31,14763.03137769402
2007-11-01,14871.835703274917
2007-11-02,14743.06666681497
2007-11-05,14904.470563774838
2007-11-06,14970.807424381368
2007-11-07,14840.037346814466
2007-11-08,14702.25980678321
2007-11-09,14724.26534544178
2007-11-12,14593.812306175243
2007-11-13,14516.230999233669
2007-11-14,14711.742612533175
2007-11-15,14773.152881736149
2007-11-16,14731.475747112789
2007-11-19,14608.107676287724
2007-11-20,14673.908451494532
2007-11-21,14525.141536556066
2007-11-23,14684.567579788347
2007-11-26,14674.05210053653
2007-11-27,14577.456342199292
2007-11-28,14615.317376704043
2007-11-29,14883.041834182197
2007-11-30,14861.840452216995
2007-12-03,14821.9460645704
2007-12-04,14735.539127052421
2007-12-05,14954.565772709704
2007-12-06,14992.706923766478
2007-12-07,15184.29873034328
2007-12-10,15294.837523221606
2007-12-11,15487.798645694906
2007-12-12,15287.708795818635
2007-12-13,15383.491374539966
2007-12-14,15115.293235632898
2007-12-17,15270.438547607024
2007-12-18,15248.542302510796
2007-12-19,15019.41227255801
2007-12-20,14758.201545753749
2007-12-21,14677.786874517862
2007-12-24,14448.919039244238
2007-12-26,14333.196840800169
2007-12-27,14264.64520773492
2007-12-28,14447.71768251171
2007-12-31,14312.537258843273
2008-01-02,14287.490975414901
2008-01-03,14492.763838586312
2008-01-04,14206.048292212354
2008-01-07,14094.536022880991
2008-01-08,14053.802159663792
2008-01-09,13854.428764614251
2008-01-10,13913.34052022988
2008-01-11,14002.845385485027
2008-01-14,13874.44044023949
2008-01-15,13896.728769407675
2008-01-16,13905.160296743254
2008-01-17,13877.39990320143
2008-01-18,13876.54425698027
2008-01-22,14018.124143989871
2008-01-23,14330.47171611698
2008-01-24,14190.970071554162
2008-01-25,14332.459997442038
2008-01-28,14428.862743305779
2008-01-29,14335.70813525084
2008-01-30,14566.593993088758
2008-01-31,14134.63823203016
2008-02-01,14280.58676554932
2008-02-04,14261.66253488971
2008-02-05,14274.940980033465
2008-02-06,14169.912994685974
2008-02-07,14180.510538107696
2008-02-08,14143.739684648397
2008-02-11,14161.911306963808
2008-02-12,14425.84105540789
2008-02-13,14242.16393869671
2008-02-14,14409.385649498532
2008-02-15,14255.798382667934
2008-02-19,14257.483040605875
2008-02-20,14306.313367001618
2008-02-21,14495.11695958285
2008-02-22,14497.179483150561
2008-02-25,14512.043014805286
2008-02-26,14353.082517656592
2008-02-27,14239.266535481092
2008-02-28,14130.342007829458
2008-02-29,14059.310265985896
2008-03-03,14071.96830005489
2008-03-04,14507.021290058394
2008-03-05,14493.727454452472
2008-03-06,14402.151347996834
2008-03-07,14474.336598639338
2008-03-10,14423.656765696642
2008-03-11,14614.408567626138
2008-03-12,14623.485258817684
2008-03-13,14913.396225623144
2008-03-14,14934.427080696287
2008-03-17,14958.387073491012
2008-03-18,14856.32575962804
2008-03-19,15147.712452165779
2008-03-20,15069.486734896771
2008-03-24,15059.335999783945
2008-03-25,14754.034321430483
2008-03-26,14850.387163085346
2008-03-27,14784.929382149972
2008-03-28,14950.511423955462
2008-03-31,14925.152236641892
2008-04-01,14941.855178230133
2008-04-02,15165.667032530248
2008-04-03,15058.637341779111
2008-04-04,15021.977262322234
2008-04-07,14843.00567892945
2008-04-08,14805.411068907526
2008-04-09,14711.041473532352
2008-04-10,14254.268173602919
2008-04-11,14363.604909198573
2008-04-14,14536.178604082254
2008-04-15,14679.182295844985
2008-04-16,14898.603506635309
2008-04-17,15184.83218051507
2008-04-18,15127.6289387587
2008-04-21,15114.792124573882
2008-04-22,15046.223791654853
2008-04-23,15147.921379973564
2008-04-24,15172.371070055508
2008-04-25,15450.236759753172
2008-04-28,15534.24490863457
2008-04-29,15819.813880859336
2008-04-30,15871.698312691962
2008-05-01,16154.161731069364
2008-05-02,16591.319735482928
2008-05-05,16522.60522827302
2008-05-06,16493.851265410038
2008-05-07,16262.739266761992
2008-05-08,16339.060305546123
2008-05-09,16396.754762187
2008-05-12,16093.47943466443
2008-05-13,15974.180348659142
2008-05-14,16254.855361386946
2008-05-15,16604.59162971708
2008-05-16,16397.72571950746
2008-05-19,16432.173212882975
2008-05-20,16456.377222658888
2008-05-21,16877.293029450444
2008-05-22,16992.17461978496
2008-05-23,17139.353990052932
2008-05-27,16982.11055192235
2008-05-28,16825.70391475629
2008-05-29,16900.05434114132
2008-05-30,17142.14419191771
2008-06-02,17142.362374507742
2008-06-03,17424.773990498787
2008-06-04,17285.857316241832
2008-06-05,17599.60021763153
2008-06-06,17825.63671382219
2008-06-09,17707.162265570223
2008-06-10,17823.281319714166
2008-06-11,17664.512662245088
2008-06-12,17801.289410363555
2008-06-13,17639.79694323457
2008-06-16,17756.233356483695
2008-06-17,17546.278122791347
2008-06-18,17709.21726533681
2008-06-19,18037.056193882505
2008-06-20,17733.81511222342
2008-06-23,17707.503152140485
2008-06-24,17463.75002609697
2008-06-25,17402.92395562743
2008-06-26,17708.327326564602
2008-06-27,17718.40062550745
2008-06-30,17802.497446695146
2008-07-01,17935.43499385564
2008-07-02,17776.678982968304
2008-07-03,17938.973870862766
2008-07-07,18064.75804454559
2008-07-08,18104.8842735176
2008-07-09,17981.81280054179
2008-07-10,17770.844435934236
2008-07-11,17891.634495393053
2008-07-14,17682.905995102872
2008-07-15,17391.314361627356
2008-07-16,17526.31458680859
2008-07-17,17576.495291261304
2008-07-18,17691.495602633015
2008-07-21,17731.54300563792
2008-07-22,18049.764421263226
2008-07-23,18151.32729123949
2008-07-24,18461.363318832184
2008-07-25,18778.025488965148
2008-07-28,18696.55739063096
2008-07-29,19048.356326053163
2008-07-30,19005.501019854666
2008-07-31,19011.230621871873
2008-08-01,18899.587711559918
2008-08-04,19131.043994016098
2008-08-05,18451.35167421181
2008-08-06,18672.107090462585
2008-08-07,18587.06829604107
2008-08-08,18772.856358804165
2008-08-11,18636.44942163829
2008-08-12,18299.58816916418
2008-08-13,18200.4733746254
2008-08-14,18165.77026705871
2008-08-15,18393.850681292024
2008-08-18,18047.91086616988
2008-08-19,17963.490670288043
2008-08-20,17985.95334118577
2008-08-21,18120.97136632705
2008-08-22,18078.805391581904
2008-08-25,18063.16262595655
2008-08-26,18154.343601463795
2008-08-27,18335.606391447833
2008-08-28,18124.114822621843
2008-08-29,18281.31562651168
2008-09-02,18681.37661092991
2008-09-03,18703.152599805555
2008-09-04,18516.766855134374
2008-09-05,18723.15582296481
2008-09-08,18444.496099679745
2008-09-09,18168.350665084145
2008-09-10,17863.584008387166
2008-09-11,18339.59286858937
2008-09-12,18192.329363820125
2008-09-15,18114.78206529217
2008-09-16,18438.035858224335
2008-09-17,18680.15506919618
2008-09-18,18631.74537420389
2008-09-19,18794.002430023582
2008-09-22,18608.20322523704
2008-09-23,18590.97028261906
2008-09-24,18680.722996895965
2008-09-25,18645.724336563162
2008-09-26,18872.637857208425
2008-09-29,18780.02372279102
2008-09-30,18708.87983536264
2008-10-01,18764.033644678235
2008-10-02,18507.873318828286
2008-10-03,18295.661403380305
2008-10-06,18302.01154480689
2008-10-07,18107.416265338547
2008-10-08,17716.20089797505
2008-10-09,17578.767153707933
2008-10-10,17693.339401011257
2008-10-13,18026.500628385234
2008-10-14,18177.770309931348
2008-10-15,17892.31501186534
2008-10-16,17640.77772052893
2008-10-17,17480.246782318245
2008-10-20,17390.054357941033
2008-10-21,17608.004157294377
2008-10-22,17277.116968499235
2008-10-23,17172.817990823893
2008-10-24,16987.4561120877
2008-10-27,17018.953332001347
2008-10-28,17158.24296503659
2008-10-29,17086.790034761998
2008-10-30,17059.87920874267
2008-10-31,17169.793418285004
2008-11-03,17112.002346079615
2008-11-04,17109.29595297125
2008-11-05,17262.982731648444
2008-11-06,17272.557027178835
2008-11-07,17156.87668566527
2008-11-10,17191.831100561925
2008-11-11,17464.68447710017
2008-11-12,17565.89701810683
2008-11-13,17631.408032689767
2008-11-14,17334.56862073548
2008-11-17,17394.3189396619
2008-11-18,17294.2572140115
2008-11-19,17321.59067280107
2008-11-20,17111.659358096746
2008-11-21,17222.59399958875
2008-11-24,17337.892360230584
2008-11-25,17196.28623281264
2008-11-26,17125.343688057616
2008-11-28,16978.355924942225
2008-12-01,17007.94488607458
2008-12-02,17046.436162426675
2008-12-03,17056.22959156288
2008-12-04,17187.565871712548
2008-12-05,17372.646805078417
2008-12-08,17010.072190135343
2008-12-09,17049.769361847462
2008-12-10,17189.00784853681
2008-12-11,17167.38718881592
2008-12-12,17581.29332198269
2008-12-15,17656.55162249491
2008-12-16,17228.946816714295
2008-12-17,17172.851232398607
2008-12-18,17394.74731198838
2008-12-19,17138.843666111406
2008-12-22,17102.879562024387
2008-12-23,17331.556562148828
2008-12-24,17467.397914711426
2008-12-26,17598.183678797286
2008-12-29,17803.494389656364
2008-12-30,17196.614633156092
2008-12-31,17138.342969154557
2009-01-02,17235.361305594048
2009-01-05,17458.58672447483
2009-01-06,17653.623099716864
2009-01-07,17623.51104790146
2009-01-08,17855.162222218085
2009-01-09,17623.354996777984
2009-01-12,17951.089436451057
2009-01-13,17869.875749438288
2009-01-14,17848.85489386378
2009-01-15,17869.68931093648
2009-01-16,18023.286273820144
2009-01-20,18066.163870729706
2009-01-21,18271.982371354232
2009-01-22,18631.63437232234
2009-01-23,18920.1507552514
2009-01-26,18706.02494317664
2009-01-27,18500.157429199327
2009-01-28,18386.469096430894
2009-01-29,18414.557340581447
2009-01-30,18253.737436159518
2009-02-02,18260.160420764838
2009-02-03,18024.587015909656
2009-02-04,17836.756475542043
2009-02-05,17720.839479837665
2009-02-06,17616.781696202288
2009-02-09,17502.36729528362
2009-02-10,17730.816849242485
2009-02-11,17829.14918672995
2009-02-12,17952.894471984382
2009-02-13,17786.194580983883
2009-02-17,18144.356340439124
2009-02-18,18307.0645780623
2009-02-19,18356.078570704027
2009-02-20,18060.534712456956
2009-02-23,18150.471549139085
2009-02-24,18705.32566357458
2009-02-25,18405.266371116864
2009-02-26,18596.470020804303
2009-02-27,18419.984940946124
2009-03-02,18331.93993942938
2009-03-03,18160.984616656053
2009-03-04,17864.513223212547
2009-03-05,18037.90097787742
2009-03-06,17849.121257777577
2009-03-09,17855.017318359558
2009-03-10,17978.28558345037
2009-03-11,17913.096492402205
2009-03-12,17811.73940202692
2009-03-13,17881.64000702546
2009-03-16,17942.34741830075
2009-03-17,18221.586776432523
2009-03-18,18319.720674978056
2009-03-19,18508.46543031354
2009-03-20,18812.491957443348
2009-03-23,18609.520620973584
2009-03-24,18565.159365274987
2009-03-25,18956.535080908798
2009-03-26,19131.033224726794
2009-03-27,19179.93225787118
2009-03-30,19263.171595484488
2009-03-31,19607.331928859123
2009-04-01,19495.55173700835
2009-04-02,19155.929486240908
2009-04-03,19558.60498970746
2009-04-06,19770.89538043965
2009-04-07,19643.484495165234
2009-04-08,19641.537762147706
2009-04-09,19594.18366565085
2009-04-13,19395.69163524418
2009-04-14,19222.41980692195
2009-04-15,19247.760080911212
2009-04-16,19541.29411492843
2009-04-17,19221.877881386336
2009-04-20,18847.115197592935
2009-04-21,18609.250336159686
2009-04-22,18680.707070498524
2009-04-23,18802.420143784435
2009-04-24,18656.642768497575
2009-04-27,18957.921513799418
2009-04-28,18810.232068793855
2009-04-29,19104.5173702044
2009-04-30,18796.050184240677
2009-05-01,18755.08790555585
2009-05-04,18750.605900753017
2009-05-05,18442.50552981587
2009-05-06,18288.059990086986
2009-05-07,17896.07572000422
2009-05-08,17861.981895350084
2009-05-11,17783.866121453782
2009-05-12,17755.025072008753
2009-05-13,18031.481798480934
2009-05-14,17827.66027236449
2009-05-15,17801.052592363
2009-05-18,17458.108143039244
2009-05-19,17501.280166192846
2009-05-20,17476.56066743636
2009-05-21,17804.08459132896
2009-05-22,17681.750769635455
2009-05-26,17224.3258226864
2009-05-27,16877.559358978964
2009-05-28,16790.23396107385
2009-05-29,16509.911789323276
2009-06-01,16759.601397419596
2009-06-02,16459.751335257886
2009-06-03,16435.274036037903
2009-06-04,16233.794045022096
2009-06-05,16406.41274993941
2009-06-08,16496.73772829355
2009-06-09,16322.742627358828
2009-06-10,16675.64380898194
2009-06-11,16615.99075260621
2009-06-12,16903.819093269576
2009-06-15,16604.30601801243
2009-06-16,16390.092156535422
2009-06-17,16179.33676557279
2009-06-18,16134.836550044254
2009-06-19,16254.343466976932
2009-06-22,16320.447999015088
2009-06-23,16317.016510836438
2009-06-24,16508.634409783743
2009-06-25,16586.1876973285
2009-06-26,16530.893400628145
2009-06-29,16877.099730727758
2009-06-30,16931.589425213497
2009-07-01,17089.053785298267
2009-07-02,16941.227464452215
2009-07-06,16851.98082663586
2009-07-07,16655.42411109728
2009-07-08,16628.23566976959
2009-07-09,16526.98843065063
2009-07-10,16601.199111197802
2009-07-13,16356.958135252977
2009-07-14,16666.028136645997
2009-07-15,16697.077908349063
2009-07-16,16787.045573651594
2009-07-17,16946.491771474495
2009-07-20,16964.64791594552
2009-07-21,17332.85498423823
2009-07-22,17148.079708020774
2009-07-23,17089.17261396959
2009-07-24,16848.907262849632
2009-07-27,16744.79887318321
2009-07-28,16891.56913116976
2009-07-29,16510.074462684534
2009-07-30,16450.862461364664
2009-07-31,16645.00678644362
2009-08-03,16396.930452497305
2009-08-04,16625.083587850655
2009-08-05,16457.24687597771
2009-08-06,16316.061726812432
2009-08-07,16163.089144556328
2009-08-10,15900.493602032777
2009-08-11,15895.544301435182
2009-08-12,15693.15290318017
2009-08-13,15763.768165433085
2009-08-14,15462.203235361005
2009-08-17,15592.364010666559
2009-08-18,15861.975412687856
2009-08-19,15889.815697243219
2009-08-20,16027.939458074407
2009-08-21,15765.422526428747
2009-08-24,15945.010544748278
2009-08-25,15929.386417727688
2009-08-26,16001.43207130133
2009-08-27,16079.367440455964
2009-08-28,16135.628610757823
2009-08-31,16155.162038681028
2009-09-01,16456.491453854593
2009-09-02,16303.878388879208
2009-09-03,16141.477670390537
2009-09-04,15904.398037734221
2009-09-08,16097.895613594563
2009-09-09,16535.75134416285
2009-09-10,16350.361240315357
2009-09-11,15846.457131575124
2009-09-14,16208.326541002752
2009-09-15,16196.280008394355
2009-09-16,16216.040408989129
2009-09-17,16442.16513860921
2009-09-18,16357.277601959599
2009-09-21,16218.877962399003
2009-09-22,16458.265027256046
2009-09-23,16638.038916823796
2009-09-24,16832.477387988907
2009-09-25,16776.747988731717
2009-09-28,16781.80384027969
2009-09-29,16630.720908848325
2009-09-30,16407.555212891384
2009-10-01,16149.916785332003
2009-10-02,16357.416149839979
2009-10-05,16704.2610155129
2009-10-06,16477.39658015589
2009-10-07,16925.369453579486
2009-10-08,17172.042604322138
2009-10-09,16825.669907868876
2009-10-12,17244.274191235203
2009-10-13,17274.222562833904
2009-10-14,17245.695530242607
2009-10-15,17205.251474256893
2009-10-16,17313.91675833834
2009-10-19,17410.246788486646
2009-10-20,17388.730545164446
2009-10-21,17487.66693615626
2009-10-22,17229.257221827185
2009-10-23,17135.667725127267
2009-10-26,17271.283017154845
2009-10-27,17729.172441643066
2009-10-28,17683.812512761717
2009-10-29,17696.483896390364
2009-10-30,17646.166063311037
2009-11-02,17322.118973448632
2009-11-03,17022.65545022709
2009-11-04,17307.876641991836
2009-11-05,17150.428101177782
2009-11-06,17469.464225941243
2009-11-09,17560.39351659207
2009-11-10,17562.865413615673
2009-11-11,17581.69945729932
2009-11-12,17635.28345607228
2009-11-13,17694.252709782268
2009-11-16,17687.019731545788
2009-11-17,17965.75786374381
2009-11-18,18140.523628504667
2009-11-19,18080.750996758212
2009-11-20,17932.686197830302
2009-11-23,17907.32946561487
2009-11-24,18189.769039101702
2009-11-25,18407.5561590127
2009-11-27,18639.034845645474
2009-11-30,18714.012317534183
2009-12-01,18677.523020200155
2009-12-02,19031.56320899133
2009-12-03,18759.421670244243
2009-12-04,18856.17507760979
2009-12-07,19178.53930299894
2009-12-08,19333.13236835594
2009-12-09,19250.09059175136
2009-12-10,19237.97785292448
2009-12-11,19589.73530822254
2009-12-14,19567.811818994494
2009-12-15,19901.79770002001
2009-12-16,20016.0567882575
2009-12-17,19921.7738728722
2009-12-18,19604.1717848083
2009-12-21,19242.602252835826
2009-12-22,18746.984495095716
2009-12-23,18726.79174264272
2009-12-24,18850.61617188103
2009-12-28,18631.996043485313
2009-12-29,18523.43142713648
2009-12-30,19152.626324512217
2009-12-31,19258.9310658574
2010-01-04,19588.669665789625
2010-01-05,19477.359087856836
2010-01-06,19473.71190668708
2010-01-07,19939.248090028203
2010-01-08,19778.79791374103
2010-01-11,19594.235862155223
2010-01-12,19718.642576381113
2010-01-13,19660.7232072049
2010-01-14,19741.1748971899
2010-01-15,19568.48778907799
2010-01-19,19716.9263796662
2010-01-20,19610.151312363498
2010-01-21,19509.4031442854
2010-01-22,18895.693618315407
2010-01-25,18611.721100345414
2010-01-26,18505.181558528835
2010-01-27,18386.597995310352
2010-01-28,18397.471152817325
2010-01-29,18243.172911988662
2010-02-01,18477.20488901328
2010-02-02,18287.91985889268
2010-02-03,18543.47672997458
2010-02-04,18334.653641016284
2010-02-05,18257.229426670452
2010-02-08,18170.450670163995
2010-02-09,18603.574332034335
2010-02-10,18533.628176552185
2010-02-11,18701.75824258118
2010-02-12,18679.589491104944
2010-02-16,18870.13543431381
2010-02-17,18845.23787065783
2010-02-18,18994.39424061633
2010-02-19,18790.35641901797
2010-02-22,18891.883353668032
2010-02-23,18887.537369159712
2010-02-24,19381.011324950137
2010-02-25,19309.645497402627
2010-02-26,19313.8408132966
2010-03-01,19192.381865129097
2010-03-02,19055.7437779235
2010-03-03,19102.260854184642
2010-03-04,19172.614498410127
2010-03-05,19511.162303007903
2010-03-08,19273.406871402578
2010-03-09,19184.450505456676
2010-03-10,19516.23001929255
2010-03-11,19564.379142678532
2010-03-12,19483.544511881555
2010-03-15,19740.556363327127
2010-03-16,19619.61300764972
2010-03-17,19306.85143197018
2010-03-18,19277.07741027612
2010-03-19,19341.072554776933
2010-03-22,18967.753593097565
2010-03-23,18877.06975769321
2010-03-24,18619.172964837802
2010-03-25,18439.024826796394
2010-03-26,18130.906799089204
2010-03-29,18188.60413569736
2010-03-30,18598.61432263767
2010-03-31,18775.93121338909
2010-04-01,18720.72677557111
2010-04-05,18486.477806225885
2010-04-06,18497.372214905332
2010-04-07,18285.951517041547
2010-04-08,18468.69906461977
2010-04-09,18329.38085912147
2010-04-12,18159.581400191943
2010-04-13,18134.3909078694
2010-04-14,18276.228736949528
2010-04-15,18135.18818444268
2010-04-16,18019.183991870304
2010-04-19,18004.24041001523
2010-04-20,17800.087841744593
2010-04-21,17728.32519967246
2010-04-22,17654.702597223844
2010-04-23,17671.79551665908
2010-04-26,17725.405705571407
2010-04-27,17722.653618777378
2010-04-28,17653.83977968948
2010-04-29,17752.19998722693
2010-04-30,17704.138316017597
2010-05-03,17530.53460191662
2010-05-04,17544.439915680214
2010-05-05,17425.131136629512
2010-05-06,17288.544505203678
2010-05-07,16955.958220871154
2010-05-10,16728.07993577204
2010-05-11,16802.034279196978
2010-05-12,17277.89203254461
2010-05-13,16993.714784648302
2010-05-14,16814.812011425456
2010-05-17,16677.560899587646
2010-05-18,16445.00972034583
2010-05-19,16744.200910237854
2010-05-20,16217.141734758135
2010-05-21,15828.573405041783
2010-05-24,15719.187686383153
2010-05-25,15729.3179462414
2010-05-26,16021.03660697753
2010-05-27,16029.208126284293
2010-05-28,16032.040953334103
2010-06-01,16110.459618580748
2010-06-02,16035.222470464578
2010-06-03,15891.518335212453
2010-06-04,15549.851536804817
2010-06-07,15405.638873672917
2010-06-08,15453.761535140002
2010-06-09,15453.559977293717
2010-06-10,15389.659370352825
2010-06-11,15397.559004255343
2010-06-14,15418.154066010376
2010-06-15,15693.682895248005
2010-06-16,15606.323471918546
2010-06-17,15780.397854279701
2010-06-18,15796.043427830567
2010-06-21,15609.461506510183
2010-06-22,15503.448655202063
2010-06-23,15653.472024340097
2010-06-24,15824.731461080868
2010-06-25,15934.40422927037
2010-06-28,16008.385857348501
2010-06-29,15878.76849228697
2010-06-30,15735.684581411548
2010-07-01,15892.022756038677
2010-07-02,15716.841531304575
2010-07-06,15944.120589334363
2010-07-07,15841.293290355907
2010-07-08,15729.306095683265
2010-07-09,15618.440849845652
2010-07-12,15660.230920484224
2010-07-13,16035.28588913187
2010-07-14,16040.845803366672
2010-07-15,16031.249905938974
2010-07-16,16086.565964094934
2010-07-19,15892.678875194752
2010-07-20,16202.888602124
2010-07-21,15814.83208561203
2010-07-22,15737.298164998814
2010-07-23,16091.3561888829
2010-07-26,16406.60918925088
2010-07-27,16503.94982629075
2010-07-28,16682.567623303585
2010-07-29,16606.628773541575
2010-07-30,16557.411838789885
2010-08-02,16229.044314718903
2010-08-03,16304.2708572244
2010-08-04,16143.435680490618
2010-08-05,16665.013431656847
2010-08-06,16999.4730059546
2010-08-09,16871.337687221647
2010-08-10,17019.741503650275
2010-08-11,17045.579580539586
2010-08-12,17487.626361655184
2010-08-13,17465.958697524755
2010-08-16,17392.43429600215
2010-08-17,17277.397732733265
2010-08-18,17481.75488822318
2010-08-19,17447.865688500922
2010-08-20,17365.280387571136
2010-08-23,17939.76878778809
2010-08-24,18335.419752856313
2010-08-25,18009.788644146975
2010-08-26,18036.992990580497
2010-08-27,17929.591366001685
2010-08-30,17795.004424380568
2010-08-31,17579.690250570962
2010-09-01,17419.481210552545
2010-09-02,17656.87035315489
2010-09-03,17910.51300046051
2010-09-07,17724.340054145672
2010-09-08,17636.440062651865
2010-09-09,17790.513948965207
2010-09-10,17817.361803318847
2010-09-13,17968.59175639928
2010-09-14,17553.62654761541
2010-09-15,17812.875784491716
2010-09-16,17867.003773471133
2010-09-17,18097.485831002734
2010-09-20,18073.865878932138
2010-09-21,18089.085215318442
2010-09-22,17778.649811371073
2010-09-23,17472.012012452524
2010-09-24,17725.956426346467
2010-09-27,17457.509782600697
2010-09-28,17349.15153929042
2010-09-29,17382.609787072877
2010-09-30,17308.270915836085
2010-10-01,17799.02601491899
2010-10-04,17823.02992222679
2010-10-05,17766.294875495434
2010-10-06,18134.4672955597
2010-10-07,18127.64054999626
2010-10-08,18243.508830384322
2010-10-11,18230.193329790764
2010-10-12,18046.383462708505
2010-10-13,18063.211214165494
2010-10-14,17982.6477025336
2010-10-15,17669.205432149112
2010-10-18,17703.516324407807
2010-10-19,17617.01715673091
2010-10-20,17496.44583460488
2010-10-21,17525.55669391646
2010-10-22,17135.03112860883
2010-10-25,17108.432642334512
2010-10-26,17266.546201689576
2010-10-27,16951.623868143128
2010-10-28,17118.312376787944
2010-10-29,16971.42581038014
2010-11-01,16933.62864733464
2010-11-02,16607.12363311115
2010-11-03,16718.378043167413
2010-11-04,16658.181810581515
2010-11-05,16882.21983746067
2010-11-08,16970.308604466623
2010-11-09,16834.664645814722
2010-11-10,16936.004997406537
2010-11-11,16966.73328225508
2010-11-12,17077.65809123004
2010-11-15,17249.8640071095
2010-11-16,16817.832537107482
2010-11-17,17039.202044514208
2010-11-18,17155.79536933945
2010-11-19,17277.281615558593
2010-11-22,17339.11597242954
2010-11-23,17339.782706032478
2010-11-24,17051.63887905945
2010-11-26,17173.805292174507
2010-11-29,16997.080263283417
2010-11-30,17065.809605404065
2010-12-01,17162.68794984025
2010-12-02,16924.750011201366
2010-12-03,17100.94660151994
2010-12-06,17179.91833164719
2010-12-07,17252.801167960475
2010-12-08,17721.123080333513
2010-12-09,18001.26978613278
2010-12-10,18016.19450052958
2010-12-13,17966.672874510343
2010-12-14,17775.152493355195
2010-12-15,17642.881783604258
2010-12-16,17893.02197345757
2010-12-17,18163.989254002572
2010-12-20,18318.734347669073
2010-12-21,18171.887845209785
2010-12-22,17827.08437215869
2010-12-23,17760.30784093631
2010-12-27,17408.988668271766
2010-12-28,17576.671293603806
2010-12-29,17400.315322334744
2010-12-30,17459.492762614642
2010-12-31,17889.02128422758
2011-01-03,17888.808239278183
2011-01-04,17790.89905324371
2011-01-05,17944.268422634024
2011-01-06,18082.444988101186
2011-01-07,18007.721575238415
2011-01-10,18331.096601626163
2011-01-11,18345.653455836054
2011-01-12,18436.773231731964
2011-01-13,18573.520526969893
2011-01-14,19204.630615176462
2011-01-18,19347.208346672232
2011-01-19,19175.27802231534
2011-01-20,19364.62720743486
2011-01-21,19394.114155733318
2011-01-24,19437.768896769176
2011-01-25,19332.89566235092
2011-01-26,19384.37436961734
2011-01-27,19373.738076672274
2011-01-28,19255.685315043727
2011-01-31,19082.959885272638
2011-02-01,18853.795032593254
2011-02-02,18696.05567051087
2011-02-03,18774.482343546148
2011-02-04,18860.410200764247
2011-02-07,18668.04782428163
2011-02-08,19107.620011369807
2011-02-09,18933.807683593528
2011-02-10,18694.02868002294
2011-02-11,18589.325079525603
2011-02-14,18676.402478148277
2011-02-15,18569.92797705561
2011-02-16,18530.81439218295
2011-02-17,18649.50440239143
2011-02-18,18557.837469442336
2011-02-22,18417.06048338323
2011-02-23,18631.505307733358
2011-02-24,18872.715448783907
2011-02-25,18666.647981722257
2011-02-28,18543.237511763018
2011-03-01,18279.447585992526
2011-03-02,18196.36310414797
2011-03-03,18272.890549061827
2011-03-04,18348.45683122171
2011-03-07,18262.363038295578
2011-03-08,18158.013187028842
2011-03-09,18325.903952391483
2011-03-10,18247.274290251986
2011-03-11,18184.92772904422
2011-03-14,18592.322968001383
2011-03-15,18467.527716859506
2011-03-16,18497.801083428058
2011-03-17,18339.796763861057
2011-03-18,18320.598370769432
2011-03-21,18472.206370806583
2011-03-22,18491.578886954827
2011-03-23,18333.807484705292
2011-03-24,18295.765709843112
2011-03-25,18210.074261403763
2011-03-28,18629.9387100407
2011-03-29,18565.572028868006
2011-03-30,18541.622081870624
2011-03-31,18631.256914729758
2011-04-01,18565.99789499333
2011-04-04,19161.884685246154
2011-04-05,19232.988038187297
2011-04-06,19260.35214243747
2011-04-07,19360.392088311066
2011-04-08,18975.70531826885
2011-04-11,18823.892389610894
2011-04-12,18914.98550359863
2011-04-13,18616.93356776348
2011-04-14,18760.929047486286
2011-04-15,18805.364945254616
2011-04-18,18948.56339326142
2011-04-19,19000.96767084308
2011-04-20,19502.818427394497
2011-04-21,19308.175006200574
2011-04-25,19533.912832333754
2011-04-26,19392.45558722208
2011-04-27,19461.44850400096
2011-04-28,19507.306865498886
2011-04-29,19500.938555846224
2011-05-02,19806.667762742345
2011-05-03,19552.281952796686
2011-05-04,19350.07379396781
2011-05-05,19398.051975892347
2011-05-06,19088.526646181675
2011-05-09,19286.84602123521
2011-05-10,19221.81679359446
2011-05-11,19514.777469536722
2011-05-12,19750.030433129552
2011-05-13,19773.52235608272
2011-05-16,19655.216249040895
2011-05-17,19482.771836621385
2011-05-18,19425.219147247204
2011-05-19,19500.738073918168
2011-05-20,19868.00680476006
2011-05-23,19764.39636656044
2011-05-24,19576.555754967438
2011-05-25,19587.043325567913
2011-05-26,19343.72570535995
2011-05-27,19353.574686228145
2011-05-31,19596.20463608709
2011-06-01,19528.79179756373
2011-06-02,19310.300230714518
2011-06-03,19141.084790926136
2011-06-06,19296.349431820312
2011-06-07,19391.17977689286
2011-06-08,19081.640571346932
2011-06-09,19250.833158584705
2011-06-10,19339.12296038551
2011-06-13,18993.067969946496
2011-06-14,19027.243195181105
2011-06-15,18971.908884441276
2011-06-16,18909.791221999672
2011-06-17,18995.714921069713
2011-06-20,18875.18099297315
2011-06-21,19036.81896633659
2011-06-22,19563.373023282868
2011-06-23,19521.3297492838
2011-06-24,19459.664422214046
2011-06-27,18958.979255071346
2011-06-28,19029.227615686894
2011-06-29,19011.488763200967
2011-06-30,19165.62991743698
2011-07-01,18995.184756627263
2011-07-05,18984.64170652522
2011-07-06,18839.483604502802
2011-07-07,18743.323266448846
2011-07-08,19093.095781754786
2011-07-11,18765.63307102537
2011-07-12,19057.231324813867
2011-07-13,19481.048604934753
2011-07-14,19472.737687994686
2011-07-15,19169.348940197695
2011-07-18,18865.0602514024
2011-07-19,18832.239245801808
2011-07-20,18806.755096400488
2011-07-21,18519.66659717817
2011-07-22,18011.062133117943
2011-07-25,18165.45791426887
2011-07-26,18210.433258897865
2011-07-27,18240.60439508437
2011-07-28,18474.762668079475
2011-07-29,18371.03174559785
2011-08-01,18522.675506881234
2011-08-02,18371.539639942184
2011-08-03,18414.37316972819
2011-08-04,18322.48563930494
2011-08-05,18072.31326857538
2011-08-08,17811.91618831926
2011-08-09,17557.868333795734
2011-08-10,17199.76992869047
2011-08-11,17297.197932974508
2011-08-12,17545.05099538889
2011-08-15,17655.14051698455
2011-08-16,17507.22051198338
2011-08-17,17564.554127566524
2011-08-18,17448.64736961799
2011-08-19,17478.95657009381
2011-08-22,17565.379779661038
2011-08-23,17607.44088039577
2011-08-24,17595.963898533333
2011-08-25,17315.80051621704
2011-08-26,17075.75940644352
2011-08-29,17367.960333787407
2011-08-30,17594.089982232454
2011-08-31,17255.458754064268
2011-09-01,17311.6092464413
2011-09-02,17266.82190802028
2011-09-06,17211.389110566895
2011-09-07,16971.22360487421
2011-09-08,17372.251026927195
2011-09-09,17494.325263160314
2011-09-12,17601.813601402282
2011-09-13,17051.410264979422
2011-09-14,16829.201564803334
2011-09-15,16735.544681954038
2011-09-16,16868.33861485376
2011-09-19,17555.319152753316
2011-09-20,17512.424068885677
2011-09-21,17418.790779455478
2011-09-22,17803.839680361278
2011-09-23,18254.176564787947
2011-09-26,18298.276414542932
2011-09-27,18174.89252849321
2011-09-28,17975.922920400946
2011-09-29,18041.095577932414
2011-09-30,18146.73909464949
2011-10-03,17984.090314101904
2011-10-04,18021.974240912376
2011-10-05,17725.50960347989
2011-10-06,17468.98398369702
2011-10-07,17208.946047786158
2011-10-10,17353.87008625875
2011-10-11,17880.21846651916
2011-10-12,17839.45281830016
2011-10-13,17965.809781191085
2011-10-14,18196.80453376604
2011-10-17,18306.460316885205
2011-10-18,18778.660680667537
2011-10-19,18384.1967366021
2011-10-20,18314.190488655142
2011-10-21,18439.69135572158
2011-10-24,18270.210401974997
2011-10-25,18320.462686866933
2011-10-26,18514.39217830403
2011-10-27,18348.479055001975
2011-10-28,18242.203657934067
2011-10-31,17758.637161462328
2011-11-01,18030.71990725727
2011-11-02,17792.724188325625
2011-11-03,17789.095375632605
2011-11-04,17686.907576287093
2011-11-07,17606.329261015453
2011-11-08,17779.957365356197
2011-11-09,17548.590695751605
2011-11-10,17601.620820006556
2011-11-11,17953.282960795674
2011-11-14,17859.405446964298
2011-11-15,17605.963992776662
2011-11-16,17904.92065510073
2011-11-17,17982.249905481814
2011-11-18,18150.75895482072
2011-11-21,18349.368344549974
2011-11-22,18542.08852414972
2011-11-23,18373.691493371145
2011-11-25,18264.668847431683
2011-11-28,18184.7162445081
2011-11-29,18244.579409315622
2011-11-30,18526.41279438827
2011-12-01,18751.873363735594
2011-12-02,18785.091390561633
2011-12-05,18718.486650094757
2011-12-06,18674.22831148282
2011-12-07,18651.380997636792
2011-12-08,19094.62583766732
2011-12-09,19314.6498216456
2011-12-12,18989.947276548573
2011-12-13,19053.00233994285
2011-12-14,18977.192433562937
2011-12-15,18850.95463982397
2011-12-16,18956.657930733727
2011-12-19,19034.6486167357
2011-12-20,18660.413106316606
2011-12-21,18208.837056425615
2011-12-22,18130.274295624236
2011-12-23,18213.31382227818
2011-12-27,18083.301434422265
2011-12-28,18038.245036320175
2011-12-29,17849.704409391874
2011-12-30,18197.89280333136
2012-01-03,18371.173966212697
2012-01-04,18350.370233189205
2012-01-05,18028.22462451847
2012-01-06,17788.102237362364
2012-01-09,17644.54163727356
2012-01-10,17561.584973862795
2012-01-11,17595.566653557267
2012-01-12,17444.89758114565
2012-01-13,17376.838312343974
2012-01-17,17311.219396130295
2012-01-18,17193.9594270831
2012-01-19,17295.739529513776
2012-01-20,17571.055071349394
2012-01-23,17619.62601863186
2012-01-24,17723.389346863725
2012-01-25,17887.491075317783
2012-01-26,17837.97534863487
2012-01-27,17807.011810731034
2012-01-30,17849.82645939745
2012-01-31,17848.123589602656
2012-02-01,18058.8919664005
2012-02-02,17804.177171620493
2012-02-03,17919.122607146324
2012-02-06,17732.913232275674
2012-02-07,17711.235809901234
2012-02-08,17714.741939909723
2012-02-09,17416.781079056393
2012-02-10,17502.524852625786
2012-02-13,17478.662377300843
2012-02-14,17461.249558370822
2012-02-15,17159.613152986774
2012-02-16,16944.10886258301
2012-02-17,16534.53962116959
2012-02-21,16282.084528755751
2012-02-22,16155.489488577123
2012-02-23,16148.612770399977
2012-02-24,16057.521901730164
2012-02-27,16040.206733918048
2012-02-28,16019.471706231761
2012-02-29,16060.541817456782
2012-03-01,15999.275377653079
2012-03-02,15827.205406975796
2012-03-05,15952.19879137834
2012-03-06,15875.15620711606
2012-03-07,15982.066820413742
2012-03-08,16081.031306666531
2012-03-09,16022.79571777346
2012-03-12,16048.872803599874
2012-03-13,16253.928614532473
2012-03-14,16364.846048001891
2012-03-15,16410.91272689361
2012-03-16,16641.0574476862
2012-03-19,16436.462034057422
2012-03-20,16657.07162678872
2012-03-21,17174.548304533542
2012-03-22,17312.99269480427
2012-03-23,17047.0034624058
2012-03-26,16830.4930740679
2012-03-27,16732.141270111857
2012-03-28,16901.18943747621
2012-03-29,17203.025978046127
2012-03-30,17226.36629662978
2012-04-02,17284.96125330187
2012-04-03,17569.074321918273
2012-04-04,17683.29079533203
2012-04-05,17908.984056501362
2012-04-09,17797.45363668055
2012-04-10,17656.67560526104
2012-04-11,17710.57919734318
2012-04-12,18106.849934950453
2012-04-13,18116.066626874213
2012-04-16,18401.90887133638
2012-04-17,18583.124888999013
2012-04-18,18671.63818382541
2012-04-19,18621.338735757003
2012-04-20,18763.145804601423
2012-04-23,18720.994223049292
2012-04-24,18861.841429106556
2012-04-25,18880.482403068097
2012-04-26,18876.96969940122
2012-04-27,18753.806838515593
2012-04-30,19069.15302843264
2012-05-01,19171.252864702772
2012-05-02,18958.286523484538
2012-05-03,18600.23982480577
2012-05-04,18630.415074728997
2012-05-07,18619.861246429333
2012-05-08,18446.853633818628
2012-05-09,18592.67237059385
2012-05-10,18587.582746628625
2012-05-11,18826.416629094532
2012-05-14,18845.25824403157
2012-05-15,18909.676803726918
2012-05-16,19232.48650001239
2012-05-17,19797.112073213557
2012-05-18,19885.650581381276
2012-05-21,19705.460084342303
2012-05-22,19804.35652315872
2012-05-23,19478.767215476688
2012-05-24,20016.507364029545
2012-05-25,19923.666384705448
2012-05-29,19995.633854167856
2012-05-30,19761.38876343963
2012-05-31,19677.487288108518
2012-06-01,20227.112151595866
2012-06-04,19732.35035218186
2012-06-05,19532.719500973497
2012-06-06,19709.73396117439
2012-06-07,19727.185920534503
2012-06-08,19161.210434840632
2012-06-11,19456.135024888168
2012-06-12,19370.677353561347
2012-06-13,19109.99932997056
2012-06-14,19419.601197456992
2012-06-15,19621.87175644274
2012-06-18,19724.879451351782
2012-06-19,20087.366745443
2012-06-20,20054.48576353467
2012-06-21,19939.621338936446
2012-06-22,20358.50935114108
2012-06-25,20393.57711372764
2012-06-26,20144.927327053636
2012-06-27,20074.464730012813
2012-06-28,20220.428641885574
2012-06-29,20323.67870297129
2012-07-02,20110.06351406434
2012-07-03,20088.74746574417
2012-07-05,20210.39065617997
2012-07-06,20149.092584280403
2012-07-09,20088.6684834433
2012-07-10,20000.641803429422
2012-07-11,20140.078157608703
2012-07-12,20229.117589295027
2012-07-13,20321.011567940575
2012-07-16,20501.472452050682
2012-07-17,20466.19161253179
2012-07-18,20183.88984199296
2012-07-19,20204.770922753705
2012-07-20,20213.241291026243
2012-07-23,20259.230345902448
2012-07-24,20232.598928586427
2012-07-25,20021.85641582913
2012-07-26,19800.283583859324
2012-07-27,19550.416955017536
2012-07-30,19878.05499480461
2012-07-31,19512.34421796545
2012-08-01,19414.025558421006
2012-08-02,19063.497339750298
2012-08-03,18914.687429031812
2012-08-06,18981.160565836315
2012-08-07,18614.06239441157
2012-08-08,18805.993842931475
2012-08-09,18579.110394017447
2012-08-10,18527.422552826687
2012-08-13,18663.38490471861
2012-08-14,18848.007129708247
2012-08-15,18781.679581189248
2012-08-16,18786.881898267937
2012-08-17,18454.08384011981
2012-08-20,18501.80797046947
2012-08-21,18508.18479913811
2012-08-22,18222.067897956462
2012-08-23,18230.02190035223
2012-08-24,18227.607914547865
2012-08-27,17978.686273544543
2012-08-28,18084.038507562596
2012-08-29,18187.06688784489
2012-08-30,18146.151010017722
2012-08-31,18280.2567916918
2012-09-04,18156.593651341973
2012-09-05,18518.97481922801
2012-09-06,18329.679107828255
2012-09-07,18445.52902731813
2012-09-10,18277.563534443492
2012-09-11,18080.787807047654
2012-09-12,18268.611439772645
2012-09-13,18230.54875661392
2012-09-14,18378.7375876711
2012-09-17,18462.281755468146
2012-09-18,18337.30737475455
2012-09-19,18048.07505942899
2012-09-20,18065.14774338164
2012-09-21,18250.092637152226
2012-09-24,18442.019567970805
2012-09-25,18641.11756220827
2012-09-26,18630.29131674793
2012-09-27,18763.396306055452
2012-09-28,18633.34590587566
2012-10-01,18511.39289440708
2012-10-02,18289.59263592425
2012-10-03,18317.35958988338
2012-10-04,18163.104603636184
2012-10-05,18316.145260139587
2012-10-08,18388.160739657164
2012-10-09,18565.840424056863
2012-10-10,18801.801224614377
2012-10-11,19199.008159634428
2012-10-12,19294.06595495358
2012-10-15,19533.050809479784
2012-10-16,19212.372568942938
2012-10-17,19101.98254561962
2012-10-18,19086.831523905228
2012-10-19,19253.463739425144
2012-10-22,19266.24889259066
2012-10-23,19316.10065032228
2012-10-24,19434.090069195474
2012-10-25,19127.949545548032
2012-10-26,18956.409811716854
2012-10-31,18813.659387561114
2012-11-01,18358.244252114953
2012-11-02,17786.958484021943
2012-11-05,17831.143840822013
2012-11-06,18252.69763875111
2012-11-07,18001.163459547053
2012-11-08,17809.41477471928
2012-11-09,17811.57775508038
2012-11-12,17796.042034871847
2012-11-13,17876.312951916636
2012-11-14,17463.131985980075
2012-11-15,17438.31109606397
2012-11-16,17846.444640181213
2012-11-19,17482.010612337737
2012-11-20,17531.188352884987
2012-11-21,17800.279353297836
2012-11-23,18065.37369883111
2012-11-26,18391.894246943357
2012-11-27,18498.528568131267
2012-11-28,18449.816845967034
2012-11-29,18247.833774229806
2012-11-30,18246.15106789726
2012-12-03,18240.671662552337
2012-12-04,18280.886218846776
2012-12-05,18322.175984014593
2012-12-06,17955.41857017922
2012-12-07,17908.512569417155
2012-12-10,18132.40990815501
2012-12-11,18310.462016137535
2012-12-12,18267.049068034365
2012-12-13,18355.679917079135
2012-12-14,18391.07214645176
2012-12-17,18426.227299518672
2012-12-18,18231.283382865124
2012-12-19,18203.97357747877
2012-12-20,18473.65511550934
2012-12-21,18014.691683451478
2012-12-24,17806.24858742127
2012-12-26,17776.70073378928
2012-12-27,17790.97707577889
2012-12-28,17867.09950743153
2012-12-31,18049.51359224844
2013-01-02,17750.32009393102
2013-01-03,17332.516953407732
2013-01-04,17322.461329939488
2013-01-07,17323.466203425403
2013-01-08,17517.712458448277
2013-01-09,17691.788694131457
2013-01-10,17429.31067391675
2013-01-11,17594.625659952348
2013-01-14,17912.73248065221
2013-01-15,17787.12970106371
2013-01-16,18026.317673214075
2013-01-17,18150.89266260528
2013-01-18,18080.718665486253
2013-01-22,18008.543749739776
2013-01-23,17965.883467400912
2013-01-24,18117.951566868825
2013-01-25,18171.558556682063
2013-01-28,18591.14535371571
2013-01-29,18753.119616489796
2013-01-30,18763.277811886135
2013-01-31,18934.555231876962
2013-02-01,19100.07745413394
2013-02-04,19112.96079328221
2013-02-05,18884.420156551663
2013-02-06,18939.09995690258
2013-02-07,18755.048324386447
2013-02-08,18823.83557220864
2013-02-11,18736.59983549991
2013-02-12,18815.667553849275
2013-02-13,18936.890491862407
2013-02-14,19079.219221423486
2013-02-15,19046.553908923008
2013-02-19,18892.922460710764
2013-02-20,19123.759001313927
2013-02-21,18901.87043217798
2013-02-22,18938.660020203482
2013-02-25,18926.440603090006
2013-02-26,19041.521824039984
2013-02-27,18721.035727560342
2013-02-28,18631.310626005677
2013-03-01,18231.075827140052
2013-03-04,18140.032242654313
2013-03-05,18127.953110989387
2013-03-06,18021.756142401537
2013-03-07,18081.064422680796
2013-03-08,18160.2063233263
2013-03-11,18115.518912778545
2013-03-12,17752.83352463769
2013-03-13,17344.990314513223
2013-03-14,17317.155877619498
2013-03-15,17638.905101538345
2013-03-18,17891.41511479557
2013-03-19,17826.765403906164
2013-03-20,18012.965448937004
2013-03-21,18163.86288159647
2013-03-22,18125.864844600877
2013-03-25,18094.105532009526
2013-03-26,18358.85545207557
2013-03-27,18208.17389397398
2013-03-28,18124.715590807642
2013-04-01,18312.511713603315
2013-04-02,17868.294655935722
2013-04-03,17829.25771682206
2013-04-04,17883.009189675868
2013-04-05,17970.36971228317
2013-04-08,17880.17709893531
2013-04-09,18134.25844501391
2013-04-10,18019.58777544722
2013-04-11,17904.292045822323
2013-04-12,17655.260595606745
2013-04-15,17329.06517558078
2013-04-16,17525.935489465737
2013-04-17,17412.799295683515
2013-04-18,17543.982151727425
2013-04-19,17909.22725516945
2013-04-22,17950.103000541665
2013-04-23,17984.906655158586
2013-04-24,18171.44885994465
2013-04-25,18307.13801471749
2013-04-26,18286.175363376344
2013-04-29,18349.356616222674
2013-04-30,18310.413675962332
2013-05-01,17883.616792413817
2013-05-02,18013.0499383325
2013-05-03,18354.197327640377
2013-05-06,18340.917977724068
2013-05-07,18632.784398174157
2013-05-08,18945.4225854733
2013-05-09,19387.04501805451
2013-05-10,19616.57878303727
2013-05-13,19475.79682279473
2013-05-14,19487.462238861524
2013-05-15,19349.349031407088
2013-05-16,19374.063882545466
2013-05-17,19624.30887419882
2013-05-20,19756.97746822642
2013-05-21,19709.167174638893
2013-05-22,19764.768210569466
2013-05-23,19823.19053409269
2013-05-24,19306.55608387154
2013-05-28,19406.523585989857
2013-05-29,19253.193948631993
2013-05-30,19245.87959910108
2013-05-31,19413.73216805847
2013-06-03,19680.081976869635
2013-06-04,19895.726846794612
2013-06-05,19854.354491458
2013-06-06,19819.79622942751
2013-06-07,19785.853295281417
2013-06-10,19899.087733756434
2013-06-11,20170.451208870854
2013-06-12,20012.77977489649
2013-06-13,20015.82667137691
2013-06-14,20039.35145949057
2013-06-17,19825.668540313458
2013-06-18,20116.07081423351
2013-06-19,20142.64305625832
2013-06-20,20257.95746517168
2013-06-21,20851.33391894313
2013-06-24,21422.371813829497
2013-06-25,21226.214302373806
2013-06-26,21059.56489961996
2013-06-27,20976.997576673817
2013-06-28,20990.930490465158
2013-07-01,21306.36710591442
2013-07-02,21766.98434434639
2013-07-03,21618.576097105677
2013-07-05,21092.860286147075
2013-07-08,21000.113452932797
2013-07-09,20940.652587944536
2013-07-10,20607.592140786703
2013-07-11,20691.789253221643
2013-07-12,20658.180561355046
2013-07-15,20461.342721492307
2013-07-16,20951.92209696768
2013-07-17,20781.49142157455
2013-07-18,20382.934618059488
2013-07-19,19991.921945596827
2013-07-22,20278.038038891526
2013-07-23,20252.32781699756
2013-07-24,20277.547541654723
2013-07-25,19895.615973867734
2013-07-26,20037.026767223906
2013-07-29,19703.233978389973
2013-07-30,19778.469074650064
2013-07-31,19963.404154857933
2013-08-01,19929.29095199413
2013-08-02,19504.254216617494
2013-08-05,19635.856243591566
2013-08-06,19688.675210535952
2013-08-07,19493.376239340683
2013-08-08,19282.74888854152
2013-08-09,19075.521098161404
2013-08-12,19005.701437208583
2013-08-13,18808.981998762072
2013-08-14,19166.149015023686
2013-08-15,18991.732267968473
2013-08-16,19138.096991731298
2013-08-19,19026.24345474898
2013-08-20,19326.78217847847
2013-08-21,19431.563321304893
2013-08-22,19620.785299393847
2013-08-23,19885.83493782141
2013-08-26,19732.199183066474
2013-08-27,19605.93647393884
2013-08-28,19733.182933498105
2013-08-29,19326.846356938375
2013-08-30,19139.91310442091
2013-09-03,18937.293202145534
2013-09-04,18869.654934738337
2013-09-05,18907.28796919902
2013-09-06,18823.548417886544
2013-09-09,18983.73259607003
2013-09-10,18969.05696694219
2013-09-11,18915.275608985783
2013-09-12,19222.274853873765
2013-09-13,19034.09991530541
2013-09-16,19218.326582816593
2013-09-17,19054.24519620701
2013-09-18,19443.830847592282
2013-09-19,19316.749845184717
2013-09-20,19034.329583768227
2013-09-23,19104.27709103414
2013-09-24,19061.80677072953
2013-09-25,19291.577521133273
2013-09-26,19409.41675387492
2013-09-27,19400.79461965
2013-09-30,19287.62312172924
2013-10-01,19589.650667514165
2013-10-02,19420.228376190407
2013-10-03,19338.31807637905
2013-10-04,19197.823267500924
2013-10-07,19005.638766546163
2013-10-08,19362.044791437565
2013-10-09,19459.361089726677
2013-10-10,19490.18870284502
2013-10-11,19774.81621110347
2013-10-14,19697.427967249405
2013-10-15,19914.39224015932
2013-10-16,19805.542147096432
2013-10-17,19821.242360462707
2013-10-18,20067.159218462784
2013-10-21,19870.200085543387
2013-10-22,20164.808201082466
2013-10-23,20036.948566554787
2013-10-24,20115.288371287745
2013-10-25,20300.17614573782
2013-10-28,20618.034938826797
2013-10-29,20668.301486000873
2013-10-30,20580.156992917375
2013-10-31,20824.75017016806
2013-11-01,20756.277052675192
2013-11-04,20557.686356930913
2013-11-05,19938.414809456863
2013-11-06,19828.290044810943
2013-11-07,19829.147043714616
2013-11-08,19974.025222625667
2013-11-11,19982.817156374807
2013-11-12,20473.09799529974
2013-11-13,20470.46825999733
2013-11-14,20552.588308162896
2013-11-15,20621.026636349485
2013-11-18,20615.138935806426
2013-11-19,20309.327502082637
2013-11-20,20260.35694024496
2013-11-21,20258.691065889147
2013-11-22,20295.273003039078
2013-11-25,19996.786714233298
2013-11-26,19978.650687780595
2013-11-27,20083.596697189154
2013-11-29,20486.222692848984
2013-12-02,20452.721478904346
2013-12-03,20533.94022910142
2013-12-04,20647.82656617485
2013-12-05,20815.566348960452
2013-12-06,21009.793274543794
2013-12-09,20823.15947952444
2013-12-10,20877.127984913775
2013-12-11,20737.302065255495
2013-12-12,20612.823814551844
2013-12-13,20463.009093514418
2013-12-16,20744.50482617911
2013-12-17,20885.01816072126
2013-12-18,20956.50573555588
2013-12-19,21221.325461593555
2013-12-20,21135.30988951351
2013-12-23,21254.49451474035
2013-12-24,21524.61862348543
2013-12-26,21439.81407674123
2013-12-27,21396.839356381817
2013-12-30,21485.532645736792
2013-12-31,21709.762281915562
2014-01-02,21932.826379500726
2014-01-03,21673.878806780773
2014-01-06,21693.774236811525
2014-01-07,22045.46582767595
2014-01-08,22357.77477565893
2014-01-09,22317.196508769674
2014-01-10,22693.376434019174
2014-01-13,22465.320883160995
2014-01-14,22505.914333071203
2014-01-15,22142.26526123009
2014-01-16,22270.598501109347
2014-01-17,21653.29508559405
2014-01-21,21717.266269382802
2014-01-22,21534.673121195898
2014-01-23,21654.866569732512
2014-01-24,21540.549681542398
2014-01-27,21915.167783163426
2014-01-28,22372.73921936706
2014-01-29,22294.034525072453
2014-01-30,22415.943437481706
2014-01-31,22132.093834604162
2014-02-03,22291.04842486565
2014-02-04,22418.04864196985
2014-02-05,22435.427437913746
2014-02-06,22486.036658466168
2014-02-07,22308.357138904445
2014-02-10,22054.7877180646
2014-02-11,22101.732711385266
2014-02-12,21959.60670871832
2014-02-13,21958.39046777836
2014-02-14,21999.846302614696
2014-02-18,22115.259495632923
2014-02-19,21899.116006892295
2014-02-20,22082.626445921043
2014-02-21,21878.24007435162
2014-02-24,21952.386789709955
2014-02-25,22359.54259925369
2014-02-26,22114.024641054606
2014-02-27,22042.269600022097
2014-02-28,22357.957215303537
2014-03-03,22415.44861806331
2014-03-04,22841.39384752486
2014-03-05,22590.97898546242
2014-03-06,22267.3152753248
2014-03-07,22308.11777608433
2014-03-10,22197.897407666933
2014-03-11,22054.059394584692
2014-03-12,22218.42733518741
2014-03-13,22756.651338863085
2014-03-14,22646.95024026997
2014-03-17,22311.220207136103
2014-03-18,22652.28053482777
2014-03-19,22546.996390838976
2014-03-20,22467.34343794352
2014-03-21,22414.540303486356
2014-03-24,22750.09704347977
2014-03-25,22753.683788985105
2014-03-26,22529.70278090665
2014-03-27,22737.31686752397
2014-03-28,22703.148621873617
2014-03-31,22636.17615931378
2014-04-01,22665.729339071167
2014-04-02,22467.48625501829
2014-04-03,22673.4196304751
2014-04-04,22347.4258713932
2014-04-07,22383.441650875153
2014-04-08,22228.836822331217
2014-04-09,22261.00467817035
2014-04-10,22038.8390938524
2014-04-11,22315.867242686192
2014-04-14,22267.0867611877
2014-04-15,22189.003430738503
2014-04-16,22281.168239203387
2014-04-17,22830.44193382263
2014-04-21,22856.325268165525
2014-04-22,23143.60176694472
2014-04-23,23391.842376145265
2014-04-24,23205.888739028745
2014-04-25,22764.44720096714
2014-04-28,22834.087053164483
2014-04-29,23035.544809789288
2014-04-30,22782.364573343144
2014-05-01,22647.156559904823
2014-05-02,22493.952547376448
2014-05-05,22228.093205946905
2014-05-06,22027.791071776417
2014-05-07,21885.87559143704
2014-05-08,21974.335563094988
2014-05-09,22105.09380341975
2014-05-12,22658.41729172655
2014-05-13,23010.392806451448
2014-05-14,22394.189111887325
2014-05-15,22934.945156233727
2014-05-16,23348.604171178646
2014-05-19,22745.121702949305
2014-05-20,22609.373589158484
2014-05-21,22414.645996927386
2014-05-22,22727.388539515192
2014-05-23,22787.204622293953
2014-05-27,22672.132459509376
2014-05-28,22712.43147321373
2014-05-29,22501.09213488853
2014-05-30,22606.200953452524
2014-06-02,23048.19229701841
2014-06-03,22831.720950131974
2014-06-04,22520.957593376326
2014-06-05,22970.963253099526
2014-06-06,23023.568503726437
2014-06-09,23331.037820406345
2014-06-10,23580.43648554495
2014-06-11,23357.83097588443
2014-06-12,23671.074257566936
2014-06-13,23475.884344608257
2014-06-16,23582.95869924984
2014-06-17,23762.090960791993
2014-06-18,24116.420302019236
2014-06-19,23955.05329569544
2014-06-20,23655.244620799338
2014-06-23,23921.765056170356
2014-06-24,23638.451592901372
2014-06-25,23956.37678850217
2014-06-26,24384.885536683032
2014-06-27,24076.77227693613
2014-06-30,24019.333373816302
2014-07-01,23778.432262264756
2014-07-02,23808.789210348616
2014-07-03,23581.95853094685
2014-07-07,23779.563284500968
2014-07-08,23679.29260788933
2014-07-09,23409.906124404857
2014-07-10,23751.052213169995
2014-07-11,24270.256590731587
2014-07-14,24580.929780529248
2014-07-15,24969.42879659888
2014-07-16,24806.730746102727
2014-07-17,24684.879947340192
2014-07-18,24711.923579066242
2014-07-21,24308.24911758024
2014-07-22,23927.081730510177
2014-07-23,24283.6021213371
2014-07-24,24217.462504622566
2014-07-25,23969.383322775677
2014-07-28,24007.424248739106
2014-07-29,23660.60434501523
2014-07-30,24103.44276563836
2014-07-31,24347.026398225673
2014-08-01,24160.260108869858
2014-08-04,24453.26436571596
2014-08-05,24120.615240712203
2014-08-06,24317.500307443097
2014-08-07,24265.556129097684
2014-08-08,24045.41936921633
2014-08-11,24223.441682123692
2014-08-12,24475.62714201279
2014-08-13,24205.657830486285
2014-08-14,24078.04120199169
2014-08-15,23683.740521669904
2014-08-18,24148.155808236366
2014-08-19,24355.258222597724
2014-08-20,24512.56138162381
2014-08-21,23941.686772711866
2014-08-22,23506.83694631085
2014-08-25,23088.952526582016
2014-08-26,23286.460313624833
2014-08-27,22785.239322593858
2014-08-28,22477.43770001131
2014-08-29,22049.00495576201
2014-09-02,22270.899487611325
2014-09-03,22583.332194058934
2014-09-04,22648.674926600925
2014-09-05,22226.03848649377
2014-09-08,22664.180042179985
2014-09-09,22861.471488616564
2014-09-10,23195.223996574863
2014-09-11,23289.7023147539
2014-09-12,23519.771937818034
2014-09-15,23186.468824922144
2014-09-16,22785.81618319909
2014-09-17,23135.03418984288
2014-09-18,22987.811226466863
2014-09-19,23064.805173222056
2014-09-22,22642.721252570223
2014-09-23,23177.01492053695
2014-09-24,23141.450052220218
2014-09-25,23276.453013377246
2014-09-26,23407.699800267917
2014-09-29,23435.178486480247
2014-09-30,23157.78221967918
2014-10-01,22812.188037484644
2014-10-02,22925.663628531413
2014-10-03,22597.760951865574
2014-10-06,22396.61696689578
2014-10-07,22170.968901249867
2014-10-08,21834.343420301557
2014-10-09,21798.941150836916
2014-10-10,21797.333816495444
2014-10-13,21816.276803202174
2014-10-14,21838.571656406875
2014-10-15,21789.511138728405
2014-10-16,21447.019949565125
2014-10-17,21649.1225908971
2014-10-20,21531.169697836696
2014-10-21,21794.100531246273
2014-10-22,21953.519856090814
2014-10-23,22098.38320111838
2014-10-24,22338.52489728334
2014-10-27,22392.009243739594
2014-10-28,22156.223483914993
2014-10-29,22344.375957657518
2014-10-30,22052.24758156592
2014-10-31,22141.908277485905
2014-11-03,21832.66982888851
2014-11-04,21871.830499770884
2014-11-05,22107.03826574097
2014-11-06,22182.311987015997
2014-11-07,22154.38484074053
2014-11-10,22161.411108251967
2014-11-11,22133.80477146773
2014-11-12,21870.741904091952
2014-11-13,21934.616373325713
2014-11-14,22070.184832241266
2014-11-17,21796.296625494557
2014-11-18,21498.885433791667
2014-11-19,21367.17029640386
2014-11-20,21282.096566610075
2014-11-21,21473.17297487848
2014-11-24,21298.52828609976
2014-11-25,21377.977510950368
2014-11-26,21288.19933823493
2014-11-28,21262.032914906857
2014-12-01,20799.995311371873
2014-12-02,20659.081204721104
2014-12-03,21265.61092432161
2014-12-04,20959.24196242267
2014-12-05,20822.44828862629
2014-12-08,21276.72085045782
2014-12-09,21469.24054889411
2014-12-10,22093.506405521257
2014-12-11,21676.535279052805
2014-12-12,21213.34249880676
2014-12-15,21227.12863195011
2014-12-16,21376.229761945466
2014-12-17,21348.424103827172
2014-12-18,21004.190125308593
2014-12-19,20915.95916598744
2014-12-22,20912.141196886234
2014-12-23,21216.42068851606
2014-12-24,21499.579976675963
2014-12-26,21254.664743598903
2014-12-29,21393.84300385989
2014-12-30,20894.36724226595
2014-12-31,20694.350495101935
2015-01-02,20934.312933620226
2015-01-05,20941.12459383181
2015-01-06,21546.572525110987
2015-01-07,21308.803331201038
2015-01-08,21708.413228561883
2015-01-09,21933.807717054035
2015-01-12,21745.44640451245
2015-01-13,21331.67092330636
2015-01-14,21346.190173605544
2015-01-15,20968.627639530634
2015-01-16,21122.264231409248
2015-01-20,21212.213029452323
2015-01-21,21498.249707872994
2015-01-22,22146.44326204177
2015-01-23,22070.545504788024
2015-01-26,21887.237195680496
2015-01-27,21287.681818017427
2015-01-28,21188.041123747567
2015-01-29,21666.962124575224
2015-01-30,21737.477706077523
2015-02-02,21724.974122223477
2015-02-03,21530.92688915916
2015-02-04,21567.609464092693
2015-02-05,21804.291294137714
2015-02-06,21619.743505498478
2015-02-09,21547.529694391258
2015-02-10,21710.539383110136
2015-02-11,22042.58333781762
2015-02-12,21448.640718501156
2015-02-13,21581.387253302015
2015-02-17,21885.155210200617
2015-02-18,21790.357144450656
2015-02-19,22066.442938195432
2015-02-20,22216.118024747146
2015-02-23,22232.237358579987
2015-02-24,21828.75771622315
2015-02-25,22258.34296247848
2015-02-26,22435.62552547225
2015-02-27,22582.176484671352
2015-03-02,22467.310536210683
2015-03-03,22342.17474061838
2015-03-04,22385.12615498479
2015-03-05,22499.657689383177
2015-03-06,22353.93874904562
2015-03-09,22464.746326259923
2015-03-10,22636.19845618303
2015-03-11,22879.823382649032
2015-03-12,23143.543034540286
2015-03-13,23213.7283902129
2015-03-16,23736.40512343974
2015-03-17,23639.36813611396
2015-03-18,24048.09959582197
2015-03-19,23916.47814630718
2015-03-20,24074.285652078055
2015-03-23,23595.847451210386
2015-03-24,23604.976541148335
2015-03-25,23771.056171467706
2015-03-26,23612.486543658873
2015-03-27,23720.870496749438
2015-03-30,23516.038325002388
2015-03-31,23481.516602270796
2015-04-01,23780.74110971148
2015-04-02,23579.17800428058
2015-04-06,23724.136692704942
2015-04-07,23725.482983504997
2015-04-08,23939.569239395827
2015-04-09,23772.23919655391
2015-04-10,24223.8890354504
2015-04-13,24258.336082619237
2015-04-14,24168.209059308683
2015-04-15,24466.967751492546
2015-04-16,24477.139453116182
2015-04-17,24585.147222886157
2015-04-20,24151.562432004794
2015-04-21,24109.917147996024
2015-04-22,24209.718602827157
2015-04-23,24197.059608546406
2015-04-24,24180.308234653112
2015-04-27,24333.363564032254
2015-04-28,24170.793132935098
2015-04-29,24150.97973042561
2015-04-30,23927.29749529075
2015-05-01,23606.881888882326
2015-05-04,23763.718201989333
2015-05-05,24001.654190368416
2015-05-06,24322.598833516673
2015-05-07,23741.406359090364
2015-05-08,23881.0114212654
2015-05-11,23933.108143249017
2015-05-12,23594.318077166226
2015-05-13,23792.214597168848
2015-05-14,23332.911070884187
2015-05-15,23420.624052778803
2015-05-18,24135.36834859383
2015-05-19,23785.516707850784
2015-05-20,23888.96563766181
2015-05-21,23538.18197744717
2015-05-22,23508.509196661744
2015-05-26,23872.22006804801
2015-05-27,24059.536643265285
2015-05-28,24047.32607046323
2015-05-29,24176.030073965274
2015-06-01,24512.85210572505
2015-06-02,24483.715162568184
2015-06-03,25409.661064951073
2015-06-04,25313.692575619636
2015-06-05,24972.969297375865
2015-06-08,25019.44886812487
2015-06-09,24889.547600817757
2015-06-10,24869.2363688698
2015-06-11,25066.818021068964
2015-06-12,24503.253154314985
2015-06-15,25067.957577771005
2015-06-16,24884.10737815254
2015-06-17,25167.227791740446
2015-06-18,24714.35167917234
2015-06-19,24501.768711217694
2015-06-22,24537.887773057748
2015-06-23,25143.341213972217
2015-06-24,25380.173666549366
2015-06-25,25693.940053164926
2015-06-26,26148.958126694604
2015-06-29,25916.43204661249
2015-06-30,25969.38320703891
2015-07-01,26072.072486454334
2015-07-02,26282.447948062898
2015-07-06,26129.07584260773
2015-07-07,25993.384682542175
2015-07-08,25687.049541246262
2015-07-09,25414.026032490172
2015-07-10,25405.45208405794
2015-07-13,24936.135607673667
2015-07-14,24824.42243544988
2015-07-15,25401.696460384675
2015-07-16,25556.273715102387
2015-07-17,26198.427186305642
2015-07-20,25892.763358722306
2015-07-21,26488.6753484303
2015-07-22,26438.182282455888
2015-07-23,26502.45882637504
2015-07-24,26826.88333827389
2015-07-27,27106.62320980776
2015-07-28,27103.17229154402
2015-07-29,26952.008532851065
2015-07-30,27178.557356627643
2015-07-31,27112.367536047786
2015-08-03,27255.11759487638
2015-08-04,27108.661901280313
2015-08-05,26950.59579284685
2015-08-06,27319.04875629252
2015-08-07,27121.07553708195
2015-08-10,26613.556957081582
2015-08-11,26241.497352974944
2015-08-12,26245.757167444095
2015-08-13,26282.260993860047
2015-08-14,26245.15524027943
2015-08-17,25898.869487931337
2015-08-18,25477.7541404744
2015-08-19,25451.099465510608
2015-08-20,25293.693100848468
2015-08-21,25279.38524556709
2015-08-24,25248.493268863338
2015-08-25,25273.494734893666
2015-08-26,25027.45865678872
2015-08-27,24825.640277608218
2015-08-28,25031.3568317266
2015-08-31,24878.584760650312
2015-09-01,25308.88400524048
2015-09-02,25295.449035763722
2015-09-03,25315.048318653942
2015-09-04,24965.888794260314
2015-09-08,24979.977654454942
2015-09-09,25299.266826190305
2015-09-10,25068.701801741747
2015-09-11,25142.182679136313
2015-09-14,24849.907696685532
2015-09-15,24887.74136854718
2015-09-16,24741.68766205164
2015-09-17,24524.060233473432
2015-09-18,23976.287642064766
2015-09-21,23673.391011624604
2015-09-22,23820.51766079739
2015-09-23,24286.524597298958
2015-09-24,24159.22354661733
2015-09-25,24389.65489611077
2015-09-28,24686.901290916627
2015-09-29,24680.062820250616
2015-09-30,25555.96745283522
2015-10-01,24924.426561821725
2015-10-02,25270.111948871123
2015-10-05,25453.667639270523
2015-10-06,24730.92988181381
2015-10-07,24787.017918963866
2015-10-08,25042.143388512715
2015-10-09,24666.604278522904
2015-10-12,24605.371883949578
2015-10-13,24989.979050049453
2015-10-14,24941.51487533176
2015-10-15,24918.003963726285
2015-10-16,24814.554562403613
2015-10-19,24372.636456062643
2015-10-20,24427.748731361844
2015-10-21,24485.67781222559
2015-10-22,24493.970020226207
2015-10-23,24119.27749978601
2015-10-26,24027.050010291947
2015-10-27,24644.451249506666
2015-10-28,23858.972601965248
2015-10-29,23931.61455071316
2015-10-30,23866.430544830062
2015-11-02,23329.479649645382
2015-11-03,23229.562375283505
2015-11-04,23191.08102363799
2015-11-05,23011.14941247677
2015-11-06,22823.964607561018
2015-11-09,22373.68079969155
2015-11-10,22265.80236821161
2015-11-11,21987.326290527126
2015-11-12,21764.773255404532
2015-11-13,22369.480967383246
2015-11-16,22144.16985833085
2015-11-17,22357.319992944205
2015-11-18,22620.024912380686
2015-11-19,22360.9591145992
2015-11-20,21891.94656330191
2015-11-23,22099.04779941223
2015-11-24,21891.49382139785
2015-11-25,21868.219477675866
2015-11-27,21820.98273854645
2015-11-30,21714.080155745887
2015-12-01,21872.42525158585
2015-12-02,21598.5049760232
2015-12-03,21883.16011099097
2015-12-04,21944.807296053386
2015-12-07,22209.811600646564
2015-12-08,22768.47190095465
2015-12-09,23117.894865889313
2015-12-10,23179.104433490294
2015-12-11,23215.458712523097
2015-12-14,23506.43605955612
2015-12-15,23772.59265536834
2015-12-16,23553.98518105287
2015-12-17,23153.278916960695
2015-12-18,23567.394238758035
2015-12-21,23508.06521823099
2015-12-22,23434.86181266853
2015-12-23,23191.484085442436
2015-12-24,23487.89486742125
2015-12-28,22951.183932119053
2015-12-29,22854.102242894453
2015-12-30,22758.449950018763
2015-12-31,22857.08135670862
2016-01-04,22639.001161819353
2016-01-05,22311.41358063891
2016-01-06,21941.160268004147
2016-01-07,21901.49020426558
2016-01-08,21313.555604052483
2016-01-11,20787.036478373906
2016-01-12,21115.094381073803
2016-01-13,21438.78639190971
2016-01-14,21390.433418636043
2016-01-15,21157.54668383276
2016-01-19,21163.57249376904
2016-01-20,21019.858597872888
2016-01-21,20861.637679092557
2016-01-22,20942.033508059158
2016-01-25,21119.172987213577
2016-01-26,21185.281825607257
2016-01-27,20968.05617456802
2016-01-28,20833.927011686494
2016-01-29,20865.860427238804
2016-02-01,21005.041875476145
2016-02-02,21011.76090784225
2016-02-03,20521.32335304554
2016-02-04,20794.318116664308
2016-02-05,20565.965499955943
2016-02-08,20529.73096226114
2016-02-09,20440.051256469917
2016-02-10,19918.910105682022
2016-02-11,20274.342076229124
2016-02-12,20053.708792914942
2016-02-16,19603.47533302003
2016-02-17,19781.31697878871
2016-02-18,19839.03388233854
2016-02-19,19943.706729929956
2016-02-22,19918.981500480095
2016-02-23,19903.397796282472
2016-02-24,19815.106166020134
2016-02-25,19749.073306175647
2016-02-26,19873.765736468682
2016-02-29,20131.65740312216
2016-03-01,20124.49616210219
2016-03-02,20107.016177295634
2016-03-03,20218.37672368365
2016-03-04,20073.570350568305
2016-03-07,19841.17001350151
2016-03-08,19812.89149856923
2016-03-09,19876.58580142691
2016-03-10,20081.451214139444
2016-03-11,19440.792752182413
2016-03-14,19043.61786810676
2016-03-15,19073.752549049084
2016-03-16,19306.718751002638
2016-03-17,19600.903604973446
2016-03-18,20055.250174166053
2016-03-21,19786.256267207416
2016-03-22,19790.592693411574
2016-03-23,19934.701409353896
2016-03-24,19773.30654519358
2016-03-28,19929.662972549573
2016-03-29,19959.25827452359
2016-03-30,19526.71702278322
2016-03-31,19247.681371718252
2016-04-01,19368.722872910006
2016-04-04,19078.899656044676
2016-04-05,18962.893827788397
2016-04-06,19481.631889373424
2016-04-07,19445.71078815338
2016-04-08,19318.91797795603
2016-04-11,19138.74870858644
2016-04-12,19070.139043633393
2016-04-13,19407.997128034513
2016-04-14,19135.836914954092
2016-04-15,18895.670010245623
2016-04-18,19533.17135182113
2016-04-19,19431.1682933294
2016-04-20,19303.144324846708
2016-04-21,19095.244163861567
2016-04-22,19193.185416629098
2016-04-25,19160.214416701816
2016-04-26,19380.20973315528
2016-04-27,19186.98020045819
2016-04-28,19727.700392400093
2016-04-29,19923.886213727394
2016-05-02,19444.700616630234
2016-05-03,19456.33974766818
2016-05-04,19669.935422794766
2016-05-05,19808.648712692124
2016-05-06,20029.72044569357
2016-05-09,20076.87050388224
2016-05-10,20580.580212244222
2016-05-11,21192.085893406245
2016-05-12,21036.036378288172
2016-05-13,20839.759518944426
2016-05-16,20688.194779784608
2016-05-17,20379.575269259763
2016-05-18,20485.750366673212
2016-05-19,20233.907353978604
2016-05-20,19950.76484245285
2016-05-23,19852.17485504797
2016-05-24,19530.104204206615
2016-05-25,19383.054972658083
2016-05-26,19256.75128657028
2016-05-27,19049.84406187482
2016-05-31,19084.69072279096
2016-06-01,19202.511528015602
2016-06-02,18828.77917102797
2016-06-03,18566.255442101607
2016-06-06,18777.98422847322
2016-06-07,18656.34380707403
2016-06-08,18772.896425796393
2016-06-09,19002.41390711153
2016-06-10,19385.679644642383
2016-06-13,19705.41579942293
2016-06-14,19714.472469308137
2016-06-15,19465.699955160602
2016-06-16,19313.69664318608
2016-06-17,19454.591114311883
2016-06-20,19504.87257549479
2016-06-21,19243.743341890728
2016-06-22,19439.63826801519
2016-06-23,19275.830915883682
2016-06-24,18975.919017757613
2016-06-27,19085.053221443726
2016-06-28,19046.002939975377
2016-06-29,19050.378375210737
2016-06-30,18970.84559394225
2016-07-01,19080.92589005297
2016-07-05,18924.788497481208
2016-07-06,18689.502596947885
2016-07-07,18867.082325815245
2016-07-08,18805.106388048272
2016-07-11,18862.71742368116
2016-07-12,18780.573764512843
2016-07-13,18608.220355107926
2016-07-14,18613.447710145032
2016-07-15,18545.96217104563
2016-07-18,18318.67036295211
2016-07-19,18263.1943071679
2016-07-20,18252.80040782315
2016-07-21,18136.501561476256
2016-07-22,18575.849165697473
2016-07-25,18583.313931370183
2016-07-26,18349.62966876945
2016-07-27,18168.44631039965
2016-07-28,18002.031480347556
2016-07-29,18014.764956468203
2016-08-01,18119.45220949861
2016-08-02,18044.855211752412
2016-08-03,18299.331908974673
2016-08-04,18039.988934798053
2016-08-05,17716.470895834143
2016-08-08,17696.167682657717
2016-08-09,17704.282365150782
2016-08-10,17937.99222935093
2016-08-11,17961.154466551463
2016-08-12,17783.481369801215
2016-08-15,17849.948130992587
2016-08-16,18069.287361451392
2016-08-17,18212.96651683947
2016-08-18,18161.624668371
2016-08-19,18012.896267126758
2016-08-22,18093.632526220477
2016-08-23,18215.151457993048
2016-08-24,17887.923360497476
2016-08-25,17828.10347874711
2016-08-26,17734.422734578387
2016-08-29,17534.694742958887
2016-08-30,17592.495050123
2016-08-31,17567.476383209872
2016-09-01,17530.025614242357
2016-09-02,17466.178807681124
2016-09-06,17880.48789065684
2016-09-07,17964.156249438918
2016-09-08,17888.723397797738
2016-09-09,17730.056506678477
2016-09-12,17341.630981049133
2016-09-13,17788.455492659432
2016-09-14,17996.346082285054
2016-09-15,18066.6198159231
2016-09-16,17994.725032318853
2016-09-19,18071.26764070301
2016-09-20,18016.14610857575
2016-09-21,17963.58109598481
2016-09-22,17943.268179918636
2016-09-23,17862.231355279564
2016-09-26,17847.84305172446
2016-09-27,17741.07466719402
2016-09-28,17785.303131118875
2016-09-29,17692.24298077395
2016-09-30,17971.632506450413
2016-10-03,17896.380374345863
2016-10-04,17951.32576845198
2016-10-05,18077.018532923306
2016-10-06,17930.969354681438
2016-10-07,17715.778182996793
2016-10-10,17684.82470319593
2016-10-11,17887.710167269448
2016-10-12,17928.52089429615
2016-10-13,17831.410717488463
2016-10-14,17626.795444397994
2016-10-17,17427.39500978995
2016-10-18,17658.897686917542
2016-10-19,17577.50989689653
2016-10-20,17345.987779167182
2016-10-21,17652.806290008637
2016-10-24,17565.260334812352
2016-10-25,17597.656152810832
2016-10-26,17230.04069338138
2016-10-27,17409.381835947755
2016-10-28,17478.32496968094
2016-10-31,17578.300229658074
2016-11-01,17860.99268480607
2016-11-02,17854.5506597306
2016-11-03,17740.542036657163
2016-11-04,17637.002677179862
2016-11-07,17823.09734167622
2016-11-08,18047.88853920592
2016-11-09,17732.589239270616
2016-11-10,17874.863002093207
2016-11-11,17948.031772307182
2016-11-14,18049.658223934417
2016-11-15,17814.569828050637
2016-11-16,17442.709457253783
2016-11-17,17577.255653825472
2016-11-18,17319.730564926216
2016-11-21,17319.072198841423
2016-11-22,17104.42185335133
2016-11-23,16853.7891865782
2016-11-25,16640.30979322861
2016-11-28,16623.536097372507
2016-11-29,16566.065975669226
2016-11-30,16684.006854937183
2016-12-01,16831.571363631374
2016-12-02,16876.945649136866
2016-12-05,17054.87409274737
2016-12-06,17008.975681068234
2016-12-07,17262.872250329492
2016-12-08,17709.89613814774
2016-12-09,18125.180276985004
2016-12-12,18062.60060730248
2016-12-13,17915.13653456527
2016-12-14,18076.42815662559
2016-12-15,17597.676375654803
2016-12-16,17440.627916624948
2016-12-19,17349.16063337877
2016-12-20,17411.728953475926
2016-12-21,17324.76110484499
2016-12-22,17194.2571201125
2016-12-23,16998.489220946314
2016-12-27,16807.55337468441
2016-12-28,16731.543100001312
2016-12-29,16814.563490601064
2016-12-30,16796.757786798073
2017-01-03,16882.380133896102
2017-01-04,17070.3362954713
2017-01-05,16657.057117255386
2017-01-06,16505.64623531202
2017-01-09,16383.746269267136
2017-01-10,16554.251351181556
2017-01-11,16430.91586018896
2017-01-12,16225.714691534837
2017-01-13,16171.081302281807
2017-01-17,16161.853654478013
2017-01-18,16208.986294460628
2017-01-19,16316.403459216539
2017-01-20,16215.974527417497
2017-01-23,16417.993637916123
2017-01-24,16662.708070902772
2017-01-25,16521.408919388366
2017-01-26,16682.647764047237
2017-01-27,16685.90968361945
2017-01-30,16625.95566923297
2017-01-31,16778.151481395664
2017-02-01,17040.212001774213
2017-02-02,17070.21852503894
2017-02-03,17149.56264621794
2017-02-06,17200.51778058699
2017-02-07,17029.307507092984
2017-02-08,17090.164742220495
2017-02-09,17223.493214943275
2017-02-10,17358.263533473622
2017-02-13,17433.689335359777
2017-02-14,17244.425160131137
2017-02-15,17131.557384108164
2017-02-16,16785.96245367164
2017-02-17,17123.020944579144
2017-02-21,17284.172173072187
2017-02-22,17180.17474994214
2017-02-23,17172.67252678883
2017-02-24,17211.69503549248
2017-02-27,17207.73868072376
2017-02-28,17146.913219297807
2017-03-01,17148.870510133493
2017-03-02,17151.16172089839
2017-03-03,16883.45720801554
2017-03-06,16729.52639331783
2017-03-07,16879.7881500767
2017-03-08,16719.73193297383
2017-03-09,16887.90299241692
2017-03-10,16958.6792178739
2017-03-13,17023.859509889615
2017-03-14,17093.177983561563
2017-03-15,17155.16519614578
2017-03-16,16935.600117622842
2017-03-17,16976.007173751095
2017-03-20,17202.64790650173
2017-03-21,17219.336758091496
2017-03-22,17351.034647149347
2017-03-23,17422.581841453142
2017-03-24,17373.70919815538
2017-03-27,17389.465602692017
2017-03-28,17159.294992442636
2017-03-29,17341.90340676279
2017-03-30,16675.315588613495
2017-03-31,16760.0676785393
2017-04-03,17292.83842705905
2017-04-04,17308.825395617187
2017-04-05,17476.702540496917
2017-04-06,17842.815471589576
2017-04-07,18196.6938523449
2017-04-10,18488.10324483847
2017-04-11,17861.495033636078
2017-04-12,18121.981461266896
2017-04-13,18195.18152078868
2017-04-17,18168.136593556508
2017-04-18,18114.833863134874
2017-04-19,18292.739188427655
2017-04-20,18564.742457260927
2017-04-21,18820.036510851616
2017-04-24,19182.0317848157
2017-04-25,19392.45455597998
2017-04-26,19187.347341567784
2017-04-27,19445.835111177705
2017-04-28,19417.778164975527
2017-05-01,19036.82159959627
2017-05-02,19316.483567279494
2017-05-03,19465.421784442315
2017-05-04,19147.453061845605
2017-05-05,19104.676918547684
2017-05-08,19402.6770694824
2017-05-09,19479.240265901008
2017-05-10,19351.824704850187
2017-05-11,19278.73088483186
2017-05-12,19370.887116673028
2017-05-15,19314.880667270376
2017-05-16,19261.266908923015
2017-05-17,19212.067104979906
2017-05-18,19079.969052996406
2017-05-19,19187.3577109517
2017-05-22,19269.95549897028
2017-05-23,19156.850480763645
2017-05-24,19278.945660275393
2017-05-25,19321.01087847369
2017-05-26,19637.869109408715
2017-05-30,20212.428342710944
2017-05-31,20360.440701570755
2017-06-01,19805.838861887612
2017-06-02,19815.394285561673
2017-06-05,19680.759090008407
2017-06-06,20203.809497619503
2017-06-07,20070.26774389548
2017-06-08,20043.69570320904
2017-06-09,20273.585988662566
2017-06-12,20415.277906151314
2017-06-13,20509.75216411659
2017-06-14,20527.834144401135
2017-06-15,20731.695024757504
2017-06-16,20464.433963007923
2017-06-19,20826.415825939057
2017-06-20,20999.477512089135
2017-06-21,20841.952161466656
2017-06-22,20631.356128470878
2017-06-23,20565.30019217819
2017-06-26,20748.93311065894
2017-06-27,20621.226963518642
2017-06-28,20426.67395973706
2017-06-29,20151.61096957344
2017-06-30,20104.89355470042
2017-07-03,20126.61032605008
2017-07-05,19893.40766068096
2017-07-06,19804.0711546468
2017-07-07,19674.777107261685
2017-07-10,19934.523222736112
2017-07-11,19902.322305658265
2017-07-12,19608.165513624896
2017-07-13,19508.54805607769
2017-07-14,19314.058756462786
2017-07-17,19435.387433716962
2017-07-18,19920.500174951303
2017-07-19,19815.641390024888
2017-07-20,19711.288564715873
2017-07-21,19872.340569783213
2017-07-24,19748.33597248404
2017-07-25,19560.633375327576
2017-07-26,19516.32063052846
2017-07-27,19536.335601151757
2017-07-28,19317.445116847637
2017-07-31,19420.887192266724
2017-08-01,18970.530372387733
2017-08-02,19248.27369314493
2017-08-03,19399.759333133636
2017-08-04,19114.01032924103
2017-08-07,19255.337291301978
2017-08-08,19331.68736868901
2017-08-09,19359.404508414937
2017-08-10,19494.9010441317
2017-08-11,19336.42298948387
2017-08-14,19579.30576676267
2017-08-15,19513.450612959346
2017-08-16,19069.88934751337
2017-08-17,19110.506429420566
2017-08-18,18740.701000047084
2017-08-21,18588.80483239508
2017-08-22,18357.447711618213
2017-08-23,18654.344978982455
2017-08-24,18542.61175237548
2017-08-25,18524.898631501022
2017-08-28,18484.140921544007
2017-08-29,17854.443283182238
2017-08-30,17636.922682349614
2017-08-31,17645.922831732885
2017-09-01,17612.606379689638
2017-09-05,17515.549011800107
2017-09-06,17599.071711244724
2017-09-07,17518.798636592444
2017-09-08,17246.043294323284
2017-09-11,17472.680955064105
2017-09-12,17076.825926676203
2017-09-13,17086.94619926701
2017-09-14,17121.44024386701
2017-09-15,16916.72295783378
2017-09-18,17113.668579016612
2017-09-19,16943.769192259573
2017-09-20,17081.59189638009
2017-09-21,17024.751022495468
2017-09-22,16848.17939694448
2017-09-25,16876.698256291118
2017-09-26,16925.751418558746
2017-09-27,16515.543391801322
2017-09-28,16654.239797006954
2017-09-29,16403.503439282515
2017-10-02,16191.868490098997
2017-10-03,16392.856849354805
2017-10-04,16487.292559200992
2017-10-05,16309.97658488308
2017-10-06,16314.014044184742
2017-10-09,16280.099440145425
2017-10-10,16468.047972690085
2017-10-11,16390.177447068316
2017-10-12,16348.598843255575
2017-10-13,16232.769044088205
2017-10-16,16335.276980252527
2017-10-17,15976.555347719002
2017-10-18,16037.156304594815
2017-10-19,16000.97263915012
2017-10-20,16036.535167432614
2017-10-23,16070.782688470645
2017-10-24,15668.635416325109
2017-10-25,15870.826070148172
2017-10-26,15757.414051323063
2017-10-27,15748.607602553557
2017-10-30,15797.168091134297
2017-10-31,15824.38941234264
2017-11-01,15743.776070873066
2017-11-02,15938.395064105902
2017-11-03,16061.210694215879
2017-11-06,16043.424019939837
2017-11-07,16205.64206624282
2017-11-08,16400.821452740343
2017-11-09,16711.44453455758
2017-11-10,16587.409813378556
2017-11-13,16678.104685336548
2017-11-14,16799.932730095046
2017-11-15,17289.295195960014
2017-11-16,17055.444154060377
2017-11-17,16996.61952112001
2017-11-20,17104.130629374788
2017-11-21,17303.482323200788
2017-11-22,17188.762659900094
2017-11-24,17214.127463178756
2017-11-27,17246.23963490709
2017-11-28,17197.079224997113
2017-11-29,16991.20370780619
2017-11-30,17071.600414883174
2017-12-01,17460.961772644656
2017-12-04,17514.39306750035
2017-12-05,17118.44316227261
2017-12-06,17049.550245102753
2017-12-07,17153.96390196375
2017-12-08,16928.953546049437
2017-12-11,16834.434724319224
2017-12-12,17044.455599960336
2017-12-13,16904.640843819754
2017-12-14,16861.067420375577
2017-12-15,16673.66403590807
2017-12-18,16859.09838615704
2017-12-19,16663.843052486904
2017-12-20,16637.37514026896
2017-12-21,16916.3349651104
2017-12-22,17324.38227442915
2017-12-26,17291.183928415783
2017-12-27,17371.243126905323
2017-12-28,17094.118343620918
2017-12-29,17396.96903311671
2018-01-02,17431.694518976008
2018-01-03,17741.36413070017
2018-01-04,17622.753904758487
2018-01-05,17352.1359173
2018-01-08,17126.046774052164
2018-01-09,17311.36900027355
2018-01-10,17788.365525865924
2018-01-11,17697.721820135856
2018-01-12,17513.56688037684
2018-01-16,17473.7778809138
2018-01-17,17846.276868831028
2018-01-18,17954.24921506417
2018-01-19,17865.212982502966
2018-01-22,17921.70689610982
2018-01-23,18245.662035868398
2018-01-24,18343.58555943803
2018-01-25,18451.29454393763
2018-01-26,18626.026638646672
2018-01-29,18479.053049501632
2018-01-30,18169.976470722988
2018-01-31,18347.215112431062
2018-02-01,18613.523906768096
2018-02-02,18248.136564796183
2018-02-05,18508.593636702786
2018-02-06,18289.823990626355
2018-02-07,18747.729154022465
2018-02-08,18576.764783809747
2018-02-09,18582.471809270603
2018-02-12,18524.899169216587
2018-02-13,18695.50328967917
2018-02-14,18534.862255460816
2018-02-15,18281.044809065614
2018-02-16,18004.144141373217
2018-02-20,18287.19541940501
2018-02-21,18082.018089862042
2018-02-22,18010.549485603664
2018-02-23,17862.75176952442
2018-02-26,17808.341645504006
2018-02-27,18002.75010016255
2018-02-28,18019.19792751828
2018-03-01,17715.001615680878
2018-03-02,17525.678707120293
2018-03-05,17601.30318056614
2018-03-06,17380.454501168522
2018-03-07,16912.03139195728
2018-03-08,16992.261406136477
2018-03-09,17375.021419184686
2018-03-12,17276.675131347656
2018-03-13,17597.40895333916
2018-03-14,17298.36031789553
2018-03-15,17527.840128411965
2018-03-16,17364.260675275156
2018-03-19,16874.61746709281
2018-03-20,16923.54366322007
2018-03-21,16845.522450276796
2018-03-22,16678.258026280913
2018-03-23,16881.70711295995
2018-03-26,16785.399189270647
2018-03-27,16895.817527953906
2018-03-28,16891.127456339094
2018-03-29,17067.67678215492
2018-04-02,17348.49658850846
2018-04-03,17373.399465699044
2018-04-04,17779.106238642704
2018-04-05,17796.75873561819
2018-04-06,18066.82729934767
2018-04-09,18207.6995732632
2018-04-10,18119.730110667675
2018-04-11,18059.15240874638
2018-04-12,18070.696960421537
2018-04-13,18203.38957406425
2018-04-16,18221.209009842318
2018-04-17,17923.1979835835
2018-04-18,17952.204708892303
2018-04-19,18274.269035668956
2018-04-20,18385.68944979295
2018-04-23,18716.65672002439
2018-04-24,18571.03754476996
2018-04-25,18106.952070015283
2018-04-26,17817.86323335053
2018-04-27,17859.538696100648
2018-04-30,17883.64060192085
2018-05-01,17957.843982722883
2018-05-02,17927.708515490107
2018-05-03,17796.15258889931
2018-05-04,17576.2495623464
2018-05-07,17241.25768926858
2018-05-08,17360.273322205274
2018-05-09,17285.65176720602
2018-05-10,17312.672495648043
2018-05-11,17044.615174232305
2018-05-14,17059.687834453613
2018-05-15,17283.80269729269
2018-05-16,17083.238120657294
2018-05-17,16928.897490891173
2018-05-18,16912.137512188954
2018-05-21,16992.900934390123
2018-05-22,16895.00594381863
2018-05-23,16656.775963247943
2018-05-24,16061.94930193554
2018-05-25,15707.156448511974
2018-05-29,15897.450494022944
2018-05-30,16047.475303847876
2018-05-31,16223.220254667194
2018-06-01,16207.826102938954
2018-06-04,15703.864261302266
2018-06-05,15645.623204053234
2018-06-06,15597.967160643891
2018-06-07,15288.058954332655
2018-06-08,14868.71719979248
2018-06-11,14786.272376953351
2018-06-12,14711.136529464527
2018-06-13,15007.122616223447
2018-06-14,15064.215163483303
2018-06-15,15164.410824724535
2018-06-18,15384.967411916597
2018-06-19,15326.847572229555
2018-06-20,15607.671352767165
2018-06-21,15344.427281902967
2018-06-22,15401.729445032124
2018-06-25,15677.3815862932
2018-06-26,15557.64560093152
2018-06-27,15718.829802249666
2018-06-28,15883.144371700297
2018-06-29,15623.035967146661
2018-07-02,15773.0120208202
2018-07-03,15906.599589977568
2018-07-05,15787.874118261085
2018-07-06,15478.32351436717
2018-07-09,15556.046154085563
2018-07-10,15853.343884339061
2018-07-11,16121.572711729923
2018-07-12,15964.518391089883
2018-07-13,15760.926098806667
2018-07-16,15584.048328740313
2018-07-17,15639.602819439151
2018-07-18,15526.907911300546
2018-07-19,15718.295045254508
2018-07-20,15692.534724533769
2018-07-23,15864.340575916607
2018-07-24,15885.005968620486
2018-07-25,15900.828045847207
2018-07-26,16005.515735435816
2018-07-27,16417.3810141838
2018-07-30,16602.828781411525
2018-07-31,16391.626199373404
2018-08-01,16106.323881808237
2018-08-02,16319.680204872517
2018-08-03,16281.001077930876
2018-08-06,16148.156819801645
2018-08-07,16190.286767291394
2018-08-08,16523.526403998396
2018-08-09,16445.73326163263
2018-08-10,16263.568225811998
2018-08-13,16388.062576982244
2018-08-14,16314.679530449244
2018-08-15,15952.293148655235
2018-08-16,15672.716005213379
2018-08-17,15478.890718291315
2018-08-20,15437.815023220759
2018-08-21,15246.287300227126
2018-08-22,15369.127321590642
2018-08-23,15572.619712294878
2018-08-24,15698.831401045793
2018-08-27,15774.36064894235
2018-08-28,15820.386607614086
2018-08-29,16144.510874122185
2018-08-30,15805.018054156357
2018-08-31,15438.895258006514
2018-09-04,15348.199896294254
2018-09-05,15555.684259062507
2018-09-06,15755.172844133167
2018-09-07,15673.71522148286
2018-09-10,15904.650658209763
2018-09-11,15866.410841404047
2018-09-12,16030.773228227321
2018-09-13,16053.765658851204
2018-09-14,16019.12104786617
2018-09-17,15741.09439772923
2018-09-18,16361.525368146507
2018-09-19,17020.131292963673
2018-09-20,17036.735581666584
2018-09-21,17283.046186557545
2018-09-24,17423.8216214381
2018-09-25,17332.520860069602
2018-09-26,17506.46591777133
2018-09-27,17622.31464618463
2018-09-28,17628.28606301534
2018-10-01,17613.016344672884
2018-10-02,17814.8824217309
2018-10-03,17869.867305727163
2018-10-04,17376.287994142735
2018-10-05,17561.906487991113
2018-10-08,17512.611821172195
2018-10-09,17459.822803131174
2018-10-10,17172.12983285887
2018-10-11,17144.221964703174
2018-10-12,17233.88765844784
2018-10-15,17412.412440262517
2018-10-16,17776.42992325294
2018-10-17,17997.23434297199
2018-10-18,18220.311394982982
2018-10-19,18409.11681237277
2018-10-22,18539.99813018511
2018-10-23,18652.971692917145
2018-10-24,18176.210172825766
2018-10-25,18164.207484015475
2018-10-26,18173.971649824434
2018-10-29,18286.886343222723
2018-10-30,18383.34190875203
2018-10-31,18453.491546915026
2018-11-01,18099.121661054316
2018-11-02,17857.167436333453
2018-11-05,18008.20074346526
2018-11-06,17879.378653893855
2018-11-07,17833.815496919276
2018-11-08,17777.497310234306
2018-11-09,18169.54765257766
2018-11-12,18363.250312130003
2018-11-13,18448.588551015357
2018-11-14,18302.597981082843
2018-11-15,18613.554422707773
2018-11-16,18208.33753846519
2018-11-19,17909.422962842127
2018-11-20,17763.962543067606
2018-11-21,17525.320384378527
2018-11-23,17608.05239553471
2018-11-26,17648.54414703556
2018-11-27,17625.94879008425
2018-11-28,17793.60872544526
2018-11-29,17968.772354254692
2018-11-30,17924.384509960644
2018-12-03,18404.456898238423
2018-12-04,18408.47533238134
2018-12-06,18213.70382101932
2018-12-07,18085.492977312908
2018-12-10,18261.46272871382
2018-12-11,17853.751942032988
2018-12-12,17996.979365506457
2018-12-13,17669.637453082705
2018-12-14,17516.702766324615
2018-12-17,17578.658448481812
2018-12-18,17618.985306525978
2018-12-19,17556.53443991898
2018-12-20,17431.082899778667
2018-12-21,17456.89938235387
2018-12-24,17181.073181735035
2018-12-26,17334.846805442234
2018-12-27,17532.701720400917
2018-12-28,17349.740099447772
2018-12-31,17480.892856136044
2019-01-02,17302.744868160757
2019-01-03,17246.613336583407
2019-01-04,17800.09374458853
2019-01-07,18098.60898900445
2019-01-08,18229.886445249263
2019-01-09,18313.479591270116
2019-01-10,18582.393069868802
2019-01-11,18982.52740750152
2019-01-14,18801.18898090371
2019-01-15,18533.370727569367
2019-01-16,18683.534687672793
2019-01-17,18845.800338642766
2019-01-18,18556.005025126433
2019-01-22,18486.656931810165
2019-01-23,18197.89231944596
2019-01-24,18087.754821803243
2019-01-25,17983.1627776758
2019-01-28,17615.06278520532
2019-01-29,17748.777478648786
2019-01-30,17313.928101773356
2019-01-31,17425.45933715143
2019-02-01,17753.72086269062
2019-02-04,17585.48590148661
2019-02-05,17545.857900920262
2019-02-06,17693.024453047798
2019-02-07,17464.80941023842
2019-02-08,17529.996190847607
2019-02-11,17320.60678101
2019-02-12,17069.39823091506
2019-02-13,17189.657768457128
2019-02-14,16956.712927597357
2019-02-15,16836.300187486733
2019-02-19,16720.559176891253
2019-02-20,16822.402517431052
2019-02-21,17126.22759484233
2019-02-22,16974.78552631804
2019-02-25,16940.1457929446
2019-02-26,16630.12722646701
2019-02-27,16672.122813754813
2019-02-28,16712.188651700613
2019-03-01,16479.52761878954
2019-03-04,16665.040560142203
2019-03-05,16816.45633366005
2019-03-06,16937.15847961999
2019-03-07,17080.062477420917
2019-03-08,17082.976568976468
2019-03-11,17040.802956732507
2019-03-12,17117.020462301185
2019-03-13,17184.82507289509
2019-03-14,17101.001817155277
2019-03-15,16815.24100584992
2019-03-18,16853.30131338596
2019-03-19,16731.665071736985
2019-03-20,16797.112775067082
2019-03-21,16649.586035027758
2019-03-22,16645.224954210757
2019-03-25,16120.652210115039
2019-03-26,15954.495346972273
2019-03-27,16093.784218927238
2019-03-28,15916.208673435323
2019-03-29,15753.217187739378
2019-04-01,15687.328614703718
2019-04-02,15666.627037526054
2019-04-03,15584.768991099754
2019-04-04,15675.326689635436
2019-04-05,15720.632967706251
2019-04-08,15492.176666084546
2019-04-09,15617.419876876273
2019-04-10,15628.381404023072
2019-04-11,15521.906982644516
2019-04-12,15902.172078056288
2019-04-15,15729.032466916527
2019-04-16,15660.00082615555
2019-04-17,15276.197653723331
2019-04-18,15112.719443956825
2019-04-22,15127.325873978625
2019-04-23,15097.27611447731
2019-04-24,15049.801866169364
2019-04-25,14966.945885023946
2019-04-26,14958.63788403508
2019-04-29,14997.300877624559
2019-04-30,14975.090410326491
2019-05-01,14820.113420759484
2019-05-02,14870.405967032859
2019-05-03,14909.792840514801
2019-05-06,14699.066787538934
2019-05-07,14913.190796424602
2019-05-08,14779.482764208844
2019-05-09,14591.812966391293
2019-05-10,14263.017771252986
2019-05-13,14261.167919234778
2019-05-14,14230.767293406137
2019-05-15,14114.580063597257
2019-05-16,14102.680217292283
2019-05-17,13918.211074299174
2019-05-20,14058.233796850021
2019-05-21,13915.995082702597
2019-05-22,13895.905527199575
2019-05-23,13765.106724793339
2019-05-24,13687.18698523723
2019-05-28,13625.975434864744
2019-05-29,13726.509236235795
2019-05-30,13894.862020765957
2019-05-31,14273.987220747602
2019-06-03,14206.156896670574
2019-06-04,14095.813947270324
2019-06-05,14069.99411067612
2019-06-06,14023.893235935939
2019-06-07,13912.99088904587
2019-06-10,14039.236145804287
2019-06-11,14056.871327874283
2019-06-12,14038.764490147028
2019-06-13,14521.793370161857
2019-06-14,14531.017382557728
2019-06-17,14492.555204884447
2019-06-18,14593.72727395152
2019-06-19,14620.732889601519
2019-06-20,14982.092919420244
2019-06-21,14890.89385846599
2019-06-24,15160.20398765454
2019-06-25,15346.454044268377
2019-06-26,15334.719881605657
2019-06-27,15492.665951143508
2019-06-28,15670.978023501331
2019-07-01,15641.920915825682
2019-07-02,15691.863745076811
2019-07-03,15773.921860726656
2019-07-05,15989.901344069382
2019-07-08,15948.471246967736
2019-07-09,16047.762127679769
2019-07-10,15588.175199886482
2019-07-11,15560.080365519514
2019-07-12,15645.979906423772
2019-07-15,15719.959529289754
2019-07-16,15613.164005596283
2019-07-17,15604.361243819001
2019-07-18,15405.912518824467
2019-07-19,15412.196114971197
2019-07-22,15586.55634804648
2019-07-23,15683.86791866455
2019-07-24,15695.011818255874
2019-07-25,15744.615841897223
2019-07-26,15661.934951408026
2019-07-29,15767.597357502103
2019-07-30,15527.279238464285
2019-07-31,15764.953182227515
2019-08-01,15732.224702814518
2019-08-02,15866.084046082617
2019-08-05,15820.911602526463
2019-08-06,15709.34741440073
2019-08-07,15854.859808124735
2019-08-08,15988.624774108248
2019-08-09,16012.870749200583
2019-08-12,15836.60394999707
2019-08-13,16030.942205170624
2019-08-14,15999.937856242337
2019-08-15,16045.217468485132
2019-08-16,15776.503516994597
2019-08-19,15992.149438417466
2019-08-20,16042.146994186121
2019-08-21,16277.4383975632
2019-08-22,16432.89243341204
2019-08-23,16780.4069757188
2019-08-26,16866.265829158794
2019-08-27,17055.01189894472
2019-08-28,17149.264421486194
2019-08-29,17269.1941018917
2019-08-30,17240.267078954563
2019-09-03,17586.39412378759
2019-09-04,17440.35213832127
2019-09-05,17613.40005309813
2019-09-06,17713.635669745716
2019-09-09,17998.273888336244
2019-09-10,17746.976764744613
2019-09-11,17751.06903423711
2019-09-12,18114.90473298035
2019-09-13,18381.472515831563
2019-09-16,18257.8603472661
2019-09-17,18151.938750506615
2019-09-18,18200.798608510435
2019-09-19,18286.9833751433
2019-09-20,17865.827050277214
2019-09-23,17672.882992609215
2019-09-24,17465.27044900994
2019-09-25,17683.980583740926
2019-09-26,17702.95036707436
2019-09-27,17586.660111665493
2019-09-30,17888.759907650146
2019-10-01,18192.79542271765
2019-10-02,18223.769783261836
2019-10-03,18146.24647414228
2019-10-04,18200.647035572612
2019-10-07,18091.76554984917
2019-10-08,18039.341496927816
2019-10-09,17984.625245840332
2019-10-10,17802.347784175952
2019-10-11,17657.79850275224
2019-10-14,17809.636987531794
2019-10-15,17674.32174154164
2019-10-16,17660.456347710293
2019-10-17,17413.682747403487
2019-10-18,17008.132532416654
2019-10-21,17087.297609355817
2019-10-22,17224.87597646714
2019-10-23,17326.814366096627
2019-10-24,17181.416117975255
2019-10-25,17110.79420960055
2019-10-28,17237.595611963403
2019-10-29,17245.134397917194
2019-10-30,17280.534237254633
2019-10-31,17405.508811847474
2019-11-01,17613.247388113174
2019-11-04,17547.366178973483
2019-11-05,17693.566311136725
2019-11-06,17844.783339925663
2019-11-07,17425.741954084006
2019-11-08,17496.30707093544
2019-11-11,17166.729445914763
2019-11-12,17411.533223244212
2019-11-13,17445.34572151375
2019-11-14,17579.43370457544
2019-11-15,17643.54282557964
2019-11-18,17592.99095503321
2019-11-19,17611.408391606732
2019-11-20,17697.77580235757
2019-11-21,17881.88297503286
2019-11-22,17781.462481190814
2019-11-25,17738.614466222476
2019-11-26,18135.86485218492
2019-11-27,18131.995172169238
2019-11-29,18468.338464449742
2019-12-02,18419.241010237012
2019-12-03,18147.914098357433
2019-12-04,18105.802261094697
2019-12-05,18202.426262562043
2019-12-06,18177.062207677027
2019-12-09,18325.07298891353
2019-12-10,17999.068817072883
2019-12-11,18347.29342268616
2019-12-12,18042.49667570065
2019-12-13,18128.880337452956
2019-12-16,18416.626030042633
2019-12-17,18253.025132771978
2019-12-18,18499.80419320008
2019-12-19,18225.272835397205
2019-12-20,18290.89133078097
2019-12-23,18307.091854835304
2019-12-24,18308.965087375043
2019-12-26,18358.733418883232
2019-12-27,18424.87856394201
2019-12-30,18380.173412312004
2019-12-31,18280.138610247497
2020-01-02,17928.72232836877
2020-01-03,18307.59728373538
2020-01-06,18394.327289260782
2020-01-07,18521.200852246922
2020-01-08,18142.884790126685
2020-01-09,18196.047362904425
2020-01-10,18326.233930980612
2020-01-13,18083.42396798269
2020-01-14,17964.20933791123
2020-01-15,17497.314128427886
2020-01-16,17599.07039966189
2020-01-17,17247.358785691853
2020-01-21,17209.335862324937
2020-01-22,17072.62629255661
2020-01-23,17286.899779872965
2020-01-24,17388.109991195866
2020-01-27,17300.91183934263
2020-01-28,16951.853514667033
2020-01-29,16988.24596385836
2020-01-30,17103.522601190693
2020-01-31,16941.806043618748
2020-02-03,16845.394362790023
2020-02-04,16740.4168572789
2020-02-05,16397.41013499865
2020-02-06,16204.510780819044
2020-02-07,16299.830472659378
2020-02-10,16300.122512210077
2020-02-11,16315.242275901981
2020-02-12,16385.484085760705
2020-02-13,16472.07354215643
2020-02-14,16292.360012762043
2020-02-18,16029.48836296625
2020-02-19,16195.86539776865
2020-02-20,16278.703668655398
2020-02-21,16168.99658119309
2020-02-24,16388.29825632959
2020-02-25,16354.102510658171
2020-02-26,16314.21339542182
2020-02-27,15981.887670160288
2020-02-28,15928.867854671302
2020-03-02,15590.225326327416
2020-03-03,15364.962990507182
2020-03-04,15404.78407280189
2020-03-05,15384.439770274017
2020-03-06,15407.533354050682
2020-03-09,15658.128255725343
2020-03-10,15807.21458548237
2020-03-11,15685.342565322586
2020-03-12,15657.328538838023
2020-03-13,15892.632482568142
2020-03-16,16312.836296287292
2020-03-17,16399.904076803257
2020-03-18,16183.007569581745
2020-03-19,16160.175636004253
2020-03-20,16001.088016433927
2020-03-23,16268.771910739653
2020-03-24,16426.156053582443
2020-03-25,16257.4031490352
2020-03-26,16260.92390718157
2020-03-27,16413.78170397605
2020-03-30,16280.763457842457
2020-03-31,16193.809039311887
2020-04-01,16385.728294470293
2020-04-02,16451.78783938555
2020-04-03,16397.015791438116
2020-04-06,16418.44036171861
2020-04-07,16415.662756959136
2020-04-08,16463.47369096952
2020-04-09,16287.000698783071
2020-04-13,15857.958692149672
2020-04-14,16008.339316342423
2020-04-15,15753.603323917649
2020-04-16,15521.86683941108
2020-04-17,15300.542379679127
2020-04-20,15213.042071859669
2020-04-21,15215.34482601776
2020-04-22,15116.733087685812
2020-04-23,14946.14560101204
2020-04-24,14997.96913001402
2020-04-27,14894.537817369352
2020-04-28,14723.141096991574
2020-04-29,14587.883454647837
2020-04-30,14605.930869811938
2020-05-01,14182.294482040175
2020-05-04,14075.721362485394
2020-05-05,13856.6572893038
2020-05-06,13863.53410133975
2020-05-07,13996.347237325203
2020-05-08,14148.91327226946
2020-05-11,14050.17451990154
2020-05-12,14027.378220220131
2020-05-13,14175.224634853086
2020-05-14,13893.919002283232
2020-05-15,13866.375087361512
2020-05-18,13804.261344402345
2020-05-19,13854.14489570422
2020-05-20,13828.828268691852
2020-05-21,13951.9328851876
2020-05-22,14171.930335590298
2020-05-26,13914.222005614938
2020-05-27,14099.076197622382
2020-05-28,14355.373202374358
2020-05-29,14191.10331919476
2020-06-01,14102.246395611024
2020-06-02,14092.356559023761
2020-06-03,13960.549467276398
2020-06-04,13988.757278878671
2020-06-05,14016.069708288433
2020-06-08,14366.176521347552
2020-06-09,14527.476368801808
2020-06-10,14276.196120954693
2020-06-11,14543.299395834274
2020-06-12,14680.707420102806
2020-06-15,14799.564449721782
2020-06-16,14808.900097526575
2020-06-17,14822.188675170679
2020-06-18,14976.640642071628
2020-06-19,14920.65164464048
2020-06-22,14798.908753351372
2020-06-23,15070.905751614733
2020-06-24,15187.396213176082
2020-06-25,15471.31423883529
2020-06-26,15162.210170603412
2020-06-29,15421.282965246553
2020-06-30,15827.989473244406
2020-07-01,15745.215952118895
2020-07-02,16060.197473748338
2020-07-06,16118.42488241356
2020-07-07,16366.71096551673
2020-07-08,16458.42299087908
2020-07-09,16603.87587883807
2020-07-10,16615.16346829817
2020-07-13,16529.745937768228
2020-07-14,16549.055466778966
2020-07-15,16337.119966860875
2020-07-16,16578.910776148485
2020-07-17,16499.481303877295
2020-07-20,16497.95332775957
2020-07-21,16384.881442649563
2020-07-22,16409.896091984112
2020-07-23,16224.669831021964
2020-07-24,16007.037455765862
2020-07-27,16155.342460101036
2020-07-28,16272.190980802048
2020-07-29,16220.033154678684
2020-07-30,15830.190602899029
2020-07-31,16292.747085008656
2020-08-03,16481.873397167117
2020-08-04,16578.6657231852
2020-08-05,16223.705353250412
2020-08-06,16197.80227623034
2020-08-07,16059.604437863813
2020-08-10,15869.317469533811
2020-08-11,15764.663746646791
2020-08-12,16049.272903153069
2020-08-13,16318.462400132186
2020-08-14,16490.152289731388
2020-08-17,16427.705865058164
2020-08-18,16513.602050980244
2020-08-19,16781.81031946822
2020-08-20,17074.464938149176
2020-08-21,17393.092352941774
2020-08-24,17291.522457695944
2020-08-25,17234.54178526384
2020-08-26,17249.663963859883
2020-08-27,17349.198617334645
2020-08-28,17214.24672106571
2020-08-31,17292.85349866149
2020-09-01,17094.545717701432
2020-09-02,17210.49231316718
2020-09-03,17155.050672892496
2020-09-04,17037.88725550328
2020-09-08,17031.240088282728
2020-09-09,16920.613783035256
2020-09-10,17246.91692292909
2020-09-11,17227.40778688034
2020-09-14,17341.267512256334
2020-09-15,17254.945108148895
2020-09-16,17178.53138892423
2020-09-17,17061.530491500384
2020-09-18,16671.45726955299
2020-09-21,16658.677504619965
2020-09-22,16456.537396744356
2020-09-23,16342.401742822409
2020-09-24,16656.13184126233
2020-09-25,16586.60809190361
2020-09-28,16624.994998713682
2020-09-29,16468.95934668133
2020-09-30,16464.065938537013
2020-10-01,16270.04316602775
2020-10-02,16179.446329141618
2020-10-05,16260.197733870016
2020-10-06,16396.849281824903
2020-10-07,16595.32187072856
2020-10-08,16898.15545877367
2020-10-09,17029.034334802287
2020-10-12,17321.46581072715
2020-10-13,17631.419342199817
2020-10-14,17304.916315572937
2020-10-15,17089.883535422065
2020-10-16,16934.630233935513
2020-10-19,16629.524750037042
2020-10-20,16482.484022401164
2020-10-21,16440.202050382457
2020-10-22,16419.443790334382
2020-10-23,16567.40164010572
2020-10-26,16610.684219984763
2020-10-27,16472.85534330317
2020-10-28,16565.47995233342
2020-10-29,16422.870020638515
2020-10-30,16536.13116466983
2020-11-02,16334.853633564055
2020-11-03,16296.65438972517
2020-11-04,16523.966505931854
2020-11-05,16571.310377849055
2020-11-06,16427.896137952135
2020-11-09,16543.10466510554
2020-11-10,16563.783204770374
2020-11-11,16884.73204916061
2020-11-12,17002.701720108973
2020-11-13,16975.518924012555
2020-11-16,16757.314545986967
2020-11-17,16474.170684147204
2020-11-18,16238.766110767623
2020-11-19,15962.180278122349
2020-11-20,15845.756038523787
2020-11-23,15547.646046651302
2020-11-24,15323.924645566147
2020-11-25,15143.512788803759
2020-11-27,15238.046190157438
2020-11-30,14965.73247607467
2020-12-01,15316.554380976908
2020-12-02,15636.08064727991
2020-12-03,16027.85497526455
2020-12-04,16047.278059580018
2020-12-07,16085.380888818889
2020-12-08,16286.1475925518
2020-12-09,16846.00675550908
2020-12-10,16479.811735376505
2020-12-11,16381.318028784483
2020-12-14,16605.287022173776
2020-12-15,16400.140512049267
2020-12-16,16222.377020713648
2020-12-17,16328.535157845987
2020-12-18,16346.042105492965
2020-12-21,16030.055099831197
2020-12-22,16337.245808790129
2020-12-23,16562.473678959777
2020-12-24,16255.670661427745
2020-12-28,16449.998105669365
2020-12-29,16422.34326731486
2020-12-30,16355.147758985062
2020-12-31,16339.581471708274
2021-01-04,16648.964313634362
2021-01-05,16720.260573483625
2021-01-06,16438.028801315868
2021-01-07,16292.11952380638
2021-01-08,16399.949214695258
2021-01-11,16505.136540192798
2021-01-12,16562.957650009314
2021-01-13,16450.770871026554
2021-01-14,16309.79963338544
2021-01-15,16477.63880488144
2021-01-19,16552.092690566555
2021-01-20,16560.773247267178
2021-01-21,16646.167600682227
2021-01-22,16900.425469471884
2021-01-25,16615.590487695797
2021-01-26,16812.986027181785
2021-01-27,17095.824672967
2021-01-28,17321.223998024845
2021-01-29,17411.007809076124
2021-02-01,17400.14845656087
2021-02-02,17268.6269053367
2021-02-03,17453.069203402694
2021-02-04,17498.759427693843
2021-02-05,17790.151003550265
2021-02-08,17568.983618724986
2021-02-09,17418.268938224537
2021-02-10,17162.533538123957
2021-02-11,17096.675024104366
2021-02-12,16640.82209177473
2021-02-16,16614.43808983687
2021-02-17,16596.92492579276
2021-02-18,16486.538819917816
2021-02-19,16536.993002116607
2021-02-22,16383.016755508268
2021-02-23,16270.953048885263
2021-02-24,16261.852787033902
2021-02-25,16137.74758635094
2021-02-26,16054.807731160063
2021-03-01,16082.791868896407
2021-03-02,15923.46274054958
2021-03-03,16067.092687936292
2021-03-04,15925.163185137606
2021-03-05,15890.688378241222
2021-03-08,16136.08058292314
2021-03-09,16289.078026090663
2021-03-10,16218.511795628985
2021-03-11,16417.166071972886
2021-03-12,16365.487830332606
2021-03-15,16713.127220010694
2021-03-16,16759.845312104742
2021-03-17,16914.362950906627
2021-03-18,17220.87417134127
2021-03-19,17080.273148953143
2021-03-22,17018.1498851724
2021-03-23,16554.559541542014
2021-03-24,16568.369958822153
2021-03-25,16395.036105245268
2021-03-26,16501.3445683599
2021-03-29,16695.91690313925
2021-03-30,16879.932252461473
2021-03-31,16834.134517831775
2021-04-01,16988.879610552656
2021-04-05,16845.335823634814
2021-04-06,16717.38634757792
2021-04-07,16662.666018992477
2021-04-08,16982.256255247252
2021-04-09,17063.320343384003
2021-04-12,17011.776793311434
2021-04-13,16915.33025229212
2021-04-14,17011.62031598105
2021-04-15,16569.001114842198
2021-04-16,16718.51637435746
2021-04-19,17002.44751366825
2021-04-20,16919.070157476617
2021-04-21,17105.750422101853
2021-04-22,17071.113268953137
2021-04-23,16721.771902603352
2021-04-26,16641.49974028402
2021-04-27,17045.531232639787
2021-04-28,17064.99411282208
2021-04-29,16963.28661259945
2021-04-30,16804.012480331592
2021-05-03,17008.14784034852
2021-05-04,16896.551904725286
2021-05-05,16936.748740501902
2021-05-06,16812.648559682602
2021-05-07,16651.545119381528
2021-05-10,16561.358462552555
2021-05-11,16429.417730009925
2021-05-12,16275.625755926609
2021-05-13,16207.747781918235
2021-05-14,15810.81143852139
2021-05-17,15678.010423022522
2021-05-18,15678.271178628058
2021-05-19,15813.311323064632
2021-05-20,15962.636467935523
2021-05-21,15785.065229833772
2021-05-24,15829.971634191419
2021-05-25,16056.042247586549
2021-05-26,16216.668272782581
2021-05-27,15978.955543162932
2021-05-28,15890.89022655655
2021-06-01,15845.67541474649
2021-06-02,15855.75998590172
2021-06-03,15795.752747520633
2021-06-04,16132.509984966699
2021-06-07,16150.992094873536
2021-06-08,16273.00513715924
2021-06-09,16483.235542844806
2021-06-10,16700.239296237407
2021-06-11,16788.986056393816
2021-06-14,16590.52377605646
2021-06-15,16419.352184755528
2021-06-16,16453.260826040725
2021-06-17,16474.236923758956
2021-06-18,16517.940674134235
2021-06-21,16262.247280645854
2021-06-22,16316.72172636422
2021-06-23,16276.700236472181
2021-06-24,16448.519202714382
2021-06-25,16660.92205651035
2021-06-28,16691.012470384
2021-06-29,16764.175803736834
2021-06-30,16828.561724049192
2021-07-01,16917.769017753086
2021-07-02,16817.86865118755
2021-07-06,17170.03649048549
2021-07-07,17172.634419935643
2021-07-08,17947.16470279582
2021-07-09,17972.068593797747
2021-07-12,18173.26878748676
2021-07-13,18367.03380662999
2021-07-14,18542.66652407609
2021-07-15,18703.673265838355
2021-07-16,18620.741637244457
2021-07-19,18706.454413785053
2021-07-20,18823.30512104411
2021-07-21,18969.77212228185
2021-07-22,18638.37820183163
2021-07-23,18580.988704310796
2021-07-26,18594.272272489317
2021-07-27,18983.980049164795
2021-07-28,19320.01721290748
2021-07-29,19162.004522643776
2021-07-30,19089.47155020896
2021-08-02,19001.817444934903
2021-08-03,19416.892648217847
2021-08-04,19438.79219817821
2021-08-05,19497.59426277506
2021-08-06,19404.944126367544
2021-08-09,19504.316473962193
2021-08-10,19600.857249843993
2021-08-11,19463.960190703623
2021-08-12,19360.428033343826
2021-08-13,19503.739965978428
2021-08-16,19567.840384772444
2021-08-17,19253.92522619036
2021-08-18,19004.707734130392
2021-08-19,18627.571998506857
2021-08-20,18452.69846490633
2021-08-23,18264.305104552248
2021-08-24,18559.59457976074
2021-08-25,18407.235175662343
2021-08-26,18426.225655385497
2021-08-27,18484.26630152841
2021-08-30,18426.882902341815
2021-08-31,18458.054376080647
2021-09-01,18500.612395165703
2021-09-02,18302.686015536663
2021-09-03,18157.451619019215
2021-09-07,18041.687906581334
2021-09-08,18025.83522253366
2021-09-09,17997.678108601227
2021-09-10,17835.963256877985
2021-09-13,17893.23598749125
2021-09-14,18125.773795837275
2021-09-15,18188.080916239272
2021-09-16,18123.664636505982
2021-09-17,18077.646442430763
2021-09-20,18376.860007571293
2021-09-21,18429.631661536925
2021-09-22,18286.38032077406
2021-09-23,18080.452055221787
2021-09-24,18268.093157777206
2021-09-27,18338.085831629352
2021-09-28,18271.0743588572
2021-09-29,18481.762558818155
2021-09-30,18590.050603521366
2021-10-01,18659.075698498113
2021-10-04,18472.425637511536
2021-10-05,18652.470141759037
2021-10-06,18701.25372619919
2021-10-07,18354.342199948813
2021-10-08,18378.40603570986
2021-10-11,18471.313976778583
2021-10-12,18385.872963550733
2021-10-13,18476.516504451316
2021-10-14,18154.375923084335
2021-10-15,18361.97529285912
2021-10-18,18049.211168785052
2021-10-19,17876.620536159953
2021-10-20,17928.8570036664
2021-10-21,18261.758611808793
2021-10-22,18159.012032183953
2021-10-25,17866.217229068505
2021-10-26,17621.0775670812
2021-10-27,17648.69812246296
2021-10-28,18152.055053763772
2021-10-29,18396.95573542827
2021-11-01,18429.160976843024
2021-11-02,18243.292423192048
2021-11-03,18144.738572548064
2021-11-04,18075.29401245468
2021-11-05,18011.997796977208
2021-11-08,17899.10498426431
2021-11-09,17659.969402223418
2021-11-10,17722.993663823712
2021-11-11,17667.41877655696
2021-11-12,17122.82535670515
2021-11-15,17338.81485676951
2021-11-16,17572.990984194
2021-11-17,17765.968533609397
2021-11-18,18070.145265756306
2021-11-19,18014.308299146785
2021-11-22,18208.21301352654
2021-11-23,18056.214910978524
2021-11-24,17942.46102822594
2021-11-26,18063.255367491278
2021-11-29,17779.394681840244
2021-11-30,17451.75417532078
2021-12-01,17482.22686410935
2021-12-02,17419.504102141873
2021-12-03,17443.806452636716
2021-12-06,17067.563967355123
2021-12-07,17287.11223436991
2021-12-08,17485.004932346095
2021-12-09,17834.942388598585
2021-12-10,17827.176727277576
2021-12-13,17852.626955649008
2021-12-14,17603.84880814341
2021-12-15,17523.90327463011
2021-12-16,17439.20496790101
2021-12-17,17541.627819399822
2021-12-20,17635.476313857183
2021-12-21,17683.079245063913
2021-12-22,17701.77366463364
2021-12-23,17326.662832830192
2021-12-27,17059.083530088374
2021-12-28,17050.137564046825
2021-12-29,17164.08070368182
2021-12-30,17075.809990749574
2021-12-31,16466.46300076641
2022-01-03,16181.600661103661
2022-01-04,16247.702301818073
2022-01-05,16276.52747833116
2022-01-06,16230.2468249817
2022-01-07,16506.76741340397
2022-01-10,16213.91741859216
2022-01-11,16041.54131348291
2022-01-12,16169.582736745782
2022-01-13,16411.66650073922
2022-01-14,16295.585445117058
2022-01-18,16353.580848241596
2022-01-19,16443.71309799048
2022-01-20,16430.616610796533
2022-01-21,16361.12069297646
2022-01-24,16079.279157978215
2022-01-25,16170.516180396902
2022-01-26,16169.942318231315
2022-01-27,15983.207623403743
2022-01-28,15848.939247318616
2022-01-31,15878.607278790683
2022-02-01,15646.938908202854
2022-02-02,15490.620146113599
2022-02-03,16019.233509783371
2022-02-04,15981.79648744056
2022-02-07,16140.51588193658
2022-02-08,16418.219812814226
2022-02-09,16517.197564942395
2022-02-10,16265.876665372407
2022-02-11,16592.334158848906
2022-02-14,16545.16651161446
2022-02-15,16438.34794975888
2022-02-16,16368.392444401146
2022-02-17,16188.471865631289
2022-02-18,16300.829017490976
2022-02-22,16163.320165861865
2022-02-23,16120.265314244903
2022-02-24,16048.422377948802
2022-02-25,16023.618774037275
2022-02-28,15958.155199095661
2022-03-01,16125.191293305093
2022-03-02,15918.449738845115
2022-03-03,16028.799965736001
2022-03-04,15822.516632872444
2022-03-07,15638.322369426576
2022-03-08,15587.883122376476
2022-03-09,15582.756528482001
2022-03-10,15749.658452432424
2022-03-11,15656.96139881639
2022-03-14,15652.759540191153
2022-03-15,15525.746489894076
2022-03-16,15706.44323763251
2022-03-17,15706.325141308367
2022-03-18,15801.208396686332
2022-03-21,16090.974132154186
2022-03-22,15980.609555052462
2022-03-23,15808.184640359044
2022-03-24,16095.10702092773
2022-03-25,15790.379351349375
2022-03-28,15725.97143464132
2022-03-29,15962.551935039422
2022-03-30,16002.670854475422
2022-03-31,16160.932345341102
2022-04-01,16104.295402128419
2022-04-04,16097.159902209938
2022-04-05,16066.17836047705
2022-04-06,15654.58544446427
2022-04-07,15938.851182227385
2022-04-08,15441.765226665679
2022-04-11,15396.86681444844
2022-04-12,15427.21544184756
2022-04-13,15253.519062058262
2022-04-14,15616.072798139568
2022-04-18,15686.36751931465
2022-04-19,15616.809688785117
2022-04-20,15732.560877010947
2022-04-21,15346.089385124043
2022-04-22,15205.053247811464
2022-04-25,15254.204074354922
2022-04-26,15107.487358568995
2022-04-27,14974.295734247282
2022-04-28,15097.869057324824
2022-04-29,14837.240275055443
2022-05-02,14825.027371299186
2022-05-03,14718.681698539687
2022-05-04,14788.164327562796
2022-05-05,14807.9475753029
2022-05-06,14848.831896473223
2022-05-09,15080.142111574858
2022-05-10,14748.065700285753
2022-05-11,14390.812527339813
2022-05-12,14851.656263894925
2022-05-13,14750.933783664912
2022-05-16,14545.217188745884
2022-05-17,14497.702368917557
2022-05-18,14569.728196088441
2022-05-19,14531.546910536672
2022-05-20,15008.278384805832
2022-05-23,14866.049998424385
2022-05-24,15173.626372489944
2022-05-25,15103.003318739742
2022-05-26,14915.31212556469
2022-05-27,14875.247462583135
2022-05-31,14875.08129227783
2022-06-01,15220.844912133627
2022-06-02,15077.732703296413
2022-06-03,15058.71877230253
2022-06-06,14974.919545708466
2022-06-07,14836.98347814434
2022-06-08,14900.228899446442
2022-06-09,14871.545400545112
2022-06-10,15107.850436116605
2022-06-13,15138.363478008632
2022-06-14,15041.647928649245
2022-06-15,14917.841739827043
2022-06-16,14920.587144790681
2022-06-17,14810.28382807469
2022-06-21,15021.484210545017
2022-06-22,15167.218514586233
2022-06-23,14925.168010766953
2022-06-24,14956.614221105083
2022-06-27,15134.922818849866
2022-06-28,15091.373919809583
2022-06-29,15066.365551179957
2022-06-30,15062.7160970066
2022-07-01,14869.591793114
2022-07-05,15010.47633964691
2022-07-06,15104.129261897337
2022-07-07,15260.882133076782
2022-07-08,15194.624709528318
2022-07-11,14987.304910202942
2022-07-12,15121.533132621153
2022-07-13,15314.782032635136
2022-07-14,15337.006612789766
2022-07-15,15512.545295093383
2022-07-18,15590.601204413944
2022-07-19,15624.303675418874
2022-07-20,15479.830155977976
2022-07-21,15502.733703912085
2022-07-22,15556.904061883462
2022-07-25,15602.616879413032
2022-07-26,15289.5130856406
2022-07-27,15077.165842252254
2022-07-28,15252.903092049895
2022-07-29,15395.869762598504
2022-08-01,15605.238096014613
2022-08-02,15606.319788321756
2022-08-03,15329.902641428042
2022-08-04,15275.67209880636
2022-08-05,15210.63453139403
2022-08-08,15343.194661867621
2022-08-09,15451.79524410212
2022-08-10,15542.239683494325
2022-08-11,15413.506337635341
2022-08-12,15537.688378629622
2022-08-15,15607.93417530621
2022-08-16,15643.291018971591
2022-08-17,15546.163688595947
2022-08-18,15696.661261368916
2022-08-19,15596.06744298847
2022-08-22,15377.687401674188
2022-08-23,15369.599395104036
2022-08-24,15240.15786923955
2022-08-25,15346.964556265857
2022-08-26,15349.131601987947
2022-08-29,15360.378062983093
2022-08-30,15292.776625359957
2022-08-31,15364.376615288314
2022-09-01,15138.391940341087
2022-09-02,15184.313426526684
2022-09-06,15286.472091176296
2022-09-07,15324.897885326975
2022-09-08,15230.796523259922
2022-09-09,15268.889510984938
2022-09-12,15147.398559925976
2022-09-13,15378.137246734945
2022-09-14,15574.055758931607
2022-09-15,15531.889545112379
2022-09-16,15357.998402869887
2022-09-19,15112.730705925076
2022-09-20,15054.343662166804
2022-09-21,15071.112034869902
2022-09-22,15129.162766097474
2022-09-23,15043.088078750145
2022-09-26,15109.064764847344
2022-09-27,14804.165358988854
2022-09-28,14989.971311175717
2022-09-29,14764.901455471583
2022-09-30,14755.003289120064
2022-10-03,15057.467635539575
2022-10-04,14684.094442146376
2022-10-05,14731.016008695255
2022-10-06,14597.540491245369
2022-10-07,14572.319508309585
2022-10-10,14899.787401061627
2022-10-11,14848.53403363849
2022-10-12,14749.822291684612
2022-10-13,14296.936354656604
2022-10-14,14235.195043716993
2022-10-17,14068.431081240427
2022-10-18,13896.81202490637
2022-10-19,13783.589092902504
2022-10-20,13404.784845617234
2022-10-21,13632.730973283906
2022-10-24,13586.470919603606
2022-10-25,13613.91079034392
2022-10-26,13587.967863784941
2022-10-27,13399.665196243732
2022-10-28,13627.678258276963
2022-10-31,13388.341815739728
2022-11-01,13106.58131033174
2022-11-02,13174.299556520957
2022-11-03,13256.443555403892
2022-11-04,13333.850033143319
2022-11-07,13337.278589547834
2022-11-08,13767.072307922419
2022-11-09,13624.737832831013
2022-11-10,13767.722714466436
2022-11-11,13871.808374288643
2022-11-14,13863.115388581711
2022-11-15,14190.432002979946
2022-11-16,14167.185676933126
2022-11-17,14569.968233487833
2022-11-18,14512.176431244443
2022-11-21,14806.667332974794
2022-11-22,14888.334771253027
2022-11-23,15015.387644955004
2022-11-25,15165.273793268127
2022-11-28,15106.494435869083
2022-11-29,14998.210606835668
2022-11-30,15057.412318592264
2022-12-01,15214.157887139048
2022-12-02,15034.064328692542
2022-12-05,15029.368706136542
2022-12-06,14899.245883046817
2022-12-07,14734.897951963068
2022-12-08,14439.361959444646
2022-12-09,14179.231992600799
2022-12-12,14504.167615498589
2022-12-13,14596.739017160708
2022-12-14,14665.865923451887
2022-12-15,14945.291724827595
2022-12-16,15143.883874093146
2022-12-19,15229.749801977641
2022-12-20,15362.853926948272
2022-12-21,15515.64680255635
2022-12-22,15721.13543081114
2022-12-23,15726.637546325079
2022-12-27,15800.269348021828
2022-12-28,15681.352768696946
2022-12-29,15720.347393914373
2022-12-30,15431.284342254194
2023-01-03,15339.710912655379
2023-01-04,15492.571064299238
2023-01-05,15550.07633914305
2023-01-06,15689.2895339379
2023-01-09,16015.709740828965
2023-01-10,15736.896004543445
2023-01-11,15879.17354101317
2023-01-12,15891.305641569528
2023-01-13,15795.105661349427
2023-01-17,15768.585637407958
2023-01-18,15636.433144576396
2023-01-19,15406.461025179951
2023-01-20,15109.591324047014
2023-01-23,14917.659294949564
2023-01-24,14622.035428927924
2023-01-25,14869.814235220436
2023-01-26,14915.20384351151
2023-01-27,15130.802162528213
2023-01-30,15266.593490433414
2023-01-31,15236.738979487116
2023-02-01,15431.198031190648
2023-02-02,15444.173904856514
2023-02-03,15551.482486306018
2023-02-06,15258.546862443867
2023-02-07,15461.775169886358
2023-02-08,15603.31243127674
2023-02-09,15812.180755052079
2023-02-10,15761.420250880705
2023-02-13,15716.983882128929
2023-02-14,15749.074919123894
2023-02-15,15930.2010647725
2023-02-16,15702.84257122839
2023-02-17,15740.43761017667
2023-02-21,15660.100228547108
2023-02-22,15708.041175508512
2023-02-23,15964.947437393268
2023-02-24,15935.470404588892
2023-02-27,15758.652109214418
2023-02-28,15922.611868482798
2023-03-01,15713.067355918487
2023-03-02,15983.60589249573
2023-03-03,15731.445624916787
2023-03-06,15660.637901659364
2023-03-07,15725.179550490955
2023-03-08,15546.877214470775
2023-03-09,15410.397930524445
2023-03-10,15625.188830662388
2023-03-13,15466.356740780819
2023-03-14,15403.30479288412
2023-03-15,15844.593267481998
2023-03-16,15913.61622725403
2023-03-17,15779.123857096078
2023-03-20,15951.790329443245
2023-03-21,15994.396560620815
2023-03-22,16462.79587583322
2023-03-23,16545.981291729593
2023-03-24,16438.06418738101
2023-03-27,16711.68598544337
2023-03-28,16766.328671850755
2023-03-29,16560.853310159084
2023-03-30,16743.822712779394
2023-03-31,16894.904260859428
2023-04-03,16683.507864053867
2023-04-04,16716.98884288438
2023-04-05,16925.91564166679
2023-04-06,17080.07904563652
2023-04-10,16979.8904071993
2023-04-11,17143.826165175862
2023-04-12,16958.950692199414
2023-04-13,16987.475402143536
2023-04-14,17089.401565932818
2023-04-17,17417.87336273345
2023-04-18,17601.905719703296
2023-04-19,17615.37120361364
2023-04-20,17665.699258347173
2023-04-21,17275.746547651885
2023-04-24,17203.982698668162
2023-04-25,17079.18117228346
2023-04-26,17248.492945181806
2023-04-27,17221.402098461
2023-04-28,17184.461813442063
2023-05-01,17354.460942453632
2023-05-02,17229.218292504982
2023-05-03,17189.197890254098
2023-05-04,17241.288091965293
2023-05-05,17625.90509699569
2023-05-08,17648.78951282103
2023-05-09,17565.34096929508
2023-05-10,17449.172776000505
2023-05-11,17830.742827432397
2023-05-12,17937.342039775507
2023-05-15,18009.178526290376
2023-05-16,18020.73103554718
2023-05-17,18032.449043337485
2023-05-18,18083.349817682578
2023-05-19,18254.905214409635
2023-05-22,18463.463297393268
2023-05-23,18521.371746128938
2023-05-24,18541.358848927066
2023-05-25,18649.624106780448
2023-05-26,18560.364022566064
2023-05-30,18729.1848127634
2023-05-31,18423.689198858243
2023-06-01,18149.025134617514
2023-06-02,17931.73383249859
2023-06-05,18141.710118846127
2023-06-06,17784.64870988575
2023-06-07,18074.856048309197
2023-06-08,18073.69347614955
2023-06-09,17799.872406764873
2023-06-12,18004.753787958558
2023-06-13,17964.231483496013
2023-06-14,17963.49457563808
2023-06-15,17568.38529129394
2023-06-16,17206.684431150483
2023-06-20,17317.92109700738
2023-06-21,17348.77653765531
2023-06-22,17381.8434431399
2023-06-23,17350.406175246102
2023-06-26,17398.10847684465
2023-06-27,17044.677343345185
2023-06-28,17181.03941561556
2023-06-29,17029.540078484875
2023-06-30,17097.316460887887
2023-07-03,16858.95692672889
2023-07-05,16772.348813611363
2023-07-06,16685.101893706615
2023-07-07,16570.176970143457
2023-07-10,16831.572711500823
2023-07-11,16532.54988139693
2023-07-12,16663.743236819508
2023-07-13,16626.55812795428
2023-07-14,16557.457142150175
2023-07-17,17063.722361013024
2023-07-18,17035.419022085887
2023-07-19,17557.3154144667
2023-07-20,17564.38426321752
2023-07-21,17557.89408640054
2023-07-24,17652.767534827653
2023-07-25,17760.761579748796
2023-07-26,17809.692907679862
2023-07-27,17966.276152875682
2023-07-28,18374.85545118043
2023-07-31,18345.069098227184
2023-08-01,18178.536322762095
2023-08-02,18370.95305393998
2023-08-03,18010.155010312716
2023-08-04,17958.821581196607
2023-08-07,18243.459540317148
2023-08-08,18888.64019558617
2023-08-09,19057.618189579964
2023-08-10,19291.24583386218
2023-08-11,19410.08207665552
2023-08-14,19249.90864049601
2023-08-15,19246.98903571587
2023-08-16,19136.834306743443
2023-08-17,19146.87628771017
2023-08-18,19374.478182641877
2023-08-21,19288.215493296142
2023-08-22,19325.40682332561
2023-08-23,19314.21289369473
2023-08-24,19397.940982972097
2023-08-25,19233.56909268063
2023-08-28,19472.95944454432
2023-08-29,19662.592505424625
2023-08-30,19628.163366753135
2023-08-31,19430.91416440124
2023-09-01,19115.050182802417
2023-09-05,19049.554136391056
2023-09-06,19263.6785426283
2023-09-07,19490.012962479588
2023-09-08,19023.54380029884
2023-09-11,19267.50897554329
2023-09-12,19289.655869253813
2023-09-13,19218.74839265664
2023-09-14,18976.03775842601
2023-09-15,18619.66967067752
2023-09-18,19084.083885636246
2023-09-19,19137.65530923577
2023-09-20,18973.572277931125
2023-09-21,19233.07403307147
2023-09-22,19373.561805291065
2023-09-25,19613.707713909957
2023-09-26,19636.384537019072
2023-09-27,19184.758221207045
2023-09-28,19091.435096549092
2023-09-29,19379.608025890797
2023-10-02,19326.35031516639
2023-10-03,19310.289752551256
2023-10-04,19479.562028968292
2023-10-05,19584.165760539847
2023-10-06,19391.353978189272
2023-10-09,19522.580347337465
2023-10-10,19590.07171374886
2023-10-11,19445.37922252197
2023-10-12,19255.467219074322
2023-10-13,19626.299423879587
2023-10-16,19895.077398007634
2023-10-17,19705.695693703256
2023-10-18,19656.453799448023
2023-10-19,19837.96902823919
2023-10-20,19975.404234609166
2023-10-23,20065.451232844345
2023-10-24,20307.338904104556
2023-10-25,20553.410507761284
2023-10-26,20862.459621744474
2023-10-27,20696.448944963617
2023-10-30,20854.827445459527
2023-10-31,20549.166669641632
2023-11-01,20451.42000099306
2023-11-02,20831.59792000045
2023-11-03,20687.772655287023
2023-11-06,20526.41471059506
2023-11-07,20645.863348579132
2023-11-08,20520.807804519514
2023-11-09,21088.625286283044
2023-11-10,21184.78620275084
2023-11-13,21101.979702069944
2023-11-14,21154.41279255219
2023-11-15,20804.7848017956
2023-11-16,20386.549521684232
2023-11-17,20269.763181348862
2023-11-20,20320.269208021415
2023-11-21,19786.190482664024
2023-11-22,19557.652967019265
2023-11-24,19724.18940296187
2023-11-27,19775.842632797376
2023-11-28,19462.881005571013
2023-11-29,19728.05788148116
2023-11-30,19918.929786323508
2023-12-01,19897.357409876786
2023-12-04,19763.280260436863
2023-12-05,19708.292668762395
2023-12-06,19949.680360127655
2023-12-07,20351.831427166766
2023-12-08,20106.0979560524
2023-12-11,19866.629294597366
2023-12-12,19987.65086573146
2023-12-13,19971.240080171316
2023-12-14,20142.87241040834
2023-12-15,20222.845456546842
2023-12-18,20179.89037027393
2023-12-19,19901.460062179252
2023-12-20,19781.13032339254
2023-12-21,19816.586231646113
2023-12-22,20132.359589712087
2023-12-26,19977.014678919302
2023-12-27,19846.435511811564
2023-12-28,19937.150459555804
2023-12-29,19981.433894204245
2024-01-02,19733.246732561038
2024-01-03,20081.50848332725
2024-01-04,20094.02194315879
2024-01-05,19943.471667797523
2024-01-08,19708.554289786225
2024-01-09,20127.190076831703
2024-01-10,19923.327269381167
2024-01-11,19852.263925441213
2024-01-12,19956.613392162708
2024-01-16,19863.97764445346
2024-01-17,19982.809188137253
2024-01-18,19959.255193327892
2024-01-19,20327.533965392355
2024-01-22,20434.359459757274
2024-01-23,20355.859898689578
2024-01-24,19824.366385008372
2024-01-25,19920.848996609533
2024-01-26,20102.131335169674
2024-01-29,19982.82553245154
2024-01-30,20165.35589354818
2024-01-31,20029.943892262796
2024-02-01,19889.31528329116
2024-02-02,19902.919031934212
2024-02-05,20142.573093063605
2024-02-06,20341.701779478306
2024-02-07,20074.25869641056
2024-02-08,20448.727916918615
2024-02-09,20810.44339026118
2024-02-12,20511.900825314166
2024-02-13,20507.0723561231
2024-02-14,20794.704835711516
2024-02-15,21247.357701376644
2024-02-16,21351.795973346314
2024-02-20,21439.502625850007
2024-02-21,21521.911982102924
2024-02-22,21490.632729032495
2024-02-23,21918.023955933466
2024-02-26,22176.72339542057
2024-02-27,22468.829454909916
2024-02-28,22361.1658642822
2024-02-29,22495.611487185077
2024-03-01,22890.04597580895
2024-03-04,23412.13488539625
2024-03-05,23835.90130965159
2024-03-06,23389.388319380785
2024-03-07,23109.76538401973
2024-03-08,23097.75436359948
2024-03-11,23076.962676392905
2024-03-12,22677.813047946453
2024-03-13,22595.325759466778
2024-03-14,22300.967326705493
2024-03-15,22230.601726617064
2024-03-18,22176.58762940516
2024-03-19,22020.970621572946
2024-03-20,22382.55516449039
2024-03-21,22172.742007119003
2024-03-22,22365.424407634673
2024-03-25,21651.400039481225
2024-03-26,21412.125691807993
2024-03-27,21711.73931211023
2024-03-28,20935.403387720147
2024-04-01,20839.3164123893
2024-04-02,20782.201196600534
2024-04-03,20754.426925176773
2024-04-04,20835.613807690275
2024-04-05,20372.97937962635
2024-04-08,20236.73467547335
2024-04-09,20351.866395461722
2024-04-10,20068.515533689668
2024-04-11,19771.695894030992
2024-04-12,20186.028707531426
2024-04-15,20370.17538703469
2024-04-16,20408.916472230823
2024-04-17,20038.384047845626
2024-04-18,19962.63579859683
2024-04-19,19960.989696647946
2024-04-22,19987.989764384318
2024-04-23,19723.872795145366
2024-04-24,19762.652703589636
2024-04-25,19688.85094374302
2024-04-26,19741.294137415996
2024-04-29,19618.654361385696
2024-04-30,19460.04965321745
2024-05-01,19808.896158262778
2024-05-02,19733.906098457406
2024-05-03,20041.512740915507
2024-05-06,19739.42646107893
2024-05-07,19763.587274387406
2024-05-08,19828.987353298744
2024-05-09,19868.457213210837
2024-05-10,19740.06576103745
2024-05-13,19744.244250754764
2024-05-14,19830.37200897274
2024-05-15,19728.35623256664
2024-05-16,19507.03366452874
2024-05-17,19529.12517892319
2024-05-20,19446.2794561987
2024-05-21,19483.71891932175
2024-05-22,19401.528671761236
2024-05-23,19903.969532730494
2024-05-24,19909.452816343983
2024-05-28,19937.85085793393
2024-05-29,19982.26134176505
2024-05-30,20014.259001579278
2024-05-31,20118.736237227808
2024-06-03,20282.96643789113
2024-06-04,20288.395346191857
2024-06-05,20523.69751724964
2024-06-06,20777.703682656957
2024-06-07,20661.169520335774
2024-06-10,20472.642350714876
2024-06-11,20125.769447128485
2024-06-12,20135.33542048546
2024-06-13,19878.24559914962
2024-06-14,19682.99084174985
2024-06-17,20098.334357249143
2024-06-18,20272.90166487052
2024-06-20,19966.6076304545
2024-06-21,19745.02328545773
2024-06-24,19998.223161350656
2024-06-25,20057.799566712572
2024-06-26,19990.402374167934
2024-06-27,19904.75921486249
2024-06-28,19830.17582428588
2024-07-01,19838.317776898093
2024-07-02,19699.946447899136
2024-07-03,19729.687221716762
2024-07-05,19748.60983840016
2024-07-08,20112.618810768996
2024-07-09,20229.017808707158
2024-07-10,20570.882468746495
2024-07-11,20216.117398691847
2024-07-12,20336.36559403538
2024-07-15,20374.019088466866
2024-07-16,20524.95097342193
2024-07-17,20581.342561886904
2024-07-18,20440.590468443912
2024-07-19,20123.742308552704
2024-07-22,19767.75107501011
2024-07-23,19513.232195156204
2024-07-24,19819.617451760347
2024-07-25,19508.64590096049
2024-07-26,19546.61745718309
2024-07-29,19799.73427226626
2024-07-30,19840.297263204717
2024-07-31,19957.294262257594
2024-08-01,20071.95926899118
2024-08-02,20104.235876408093
2024-08-05,20191.68485573013
2024-08-06,20596.047850353225
2024-08-07,20236.880798158465
2024-08-08,20532.4750797665
2024-08-09,20435.859499122416
2024-08-12,20428.245470194994
2024-08-13,20557.763034982163
2024-08-14,20647.23652613199
2024-08-15,20682.607355385968
2024-08-16,21175.99915120685
2024-08-19,21333.493936082185
2024-08-20,21201.526075163343
2024-08-21,20870.397999149613
2024-08-22,20556.594140809884
2024-08-23,20411.539678525547
2024-08-26,20447.563016523374
2024-08-27,20234.393876505863
2024-08-28,20464.156583789565
2024-08-29,20393.5552520496
2024-08-30,20601.574980929614
2024-09-03,20537.718417827575
2024-09-04,20725.619999432085
2024-09-05,20909.850733694413
2024-09-06,21381.960375619186
2024-09-09,21402.954434595038
2024-09-10,21329.49486652895
2024-09-11,21644.29784722136
2024-09-12,21576.595570015117
2024-09-13,21200.420853285043
2024-09-16,21255.119165191118
2024-09-17,21501.520210067905
2024-09-18,21480.35601131605
2024-09-19,20985.345696364333
2024-09-20,20627.10398376291
2024-09-23,20933.544390716044
2024-09-24,20707.395542698512
2024-09-25,20215.26719754285
2024-09-26,20331.560924315912
2024-09-27,20862.599795973874
2024-09-30,20992.40524431081
2024-10-01,21130.563883597555
2024-10-02,20994.434442974023
2024-10-03,20890.038830631383
2024-10-04,20962.260515337643
2024-10-07,21070.5207500562
2024-10-08,20898.61989936315
2024-10-09,20672.415839389632
2024-10-10,20681.385343865924
2024-10-11,20672.4689371287
2024-10-14,20430.123794567833
2024-10-15,20105.13477733569
2024-10-16,20302.560627825656
2024-10-17,19994.264981389948
2024-10-18,19552.25177613704
2024-10-21,19426.943450948696
2024-10-22,19559.62832335207
2024-10-23,19495.311540579667
2024-10-24,19675.687463361555
2024-10-25,19392.227383327896
2024-10-28,19578.716308446154
2024-10-29,19483.26864155936
2024-10-30,19309.573317212824
2024-10-31,18966.456411343544
2024-11-01,19142.68738066433
2024-11-04,19368.90361694593
2024-11-05,18958.044685654815
2024-11-06,18914.91973186781
2024-11-07,18844.241453057042
2024-11-08,18804.897547156026
2024-11-11,18625.401237345537
2024-11-12,18816.37860625179
2024-11-13,18761.47052712919
2024-11-14,18792.787608860774
2024-11-15,18663.020584236623
2024-11-18,18499.48001515949
2024-11-19,18649.495373862923
2024-11-20,18964.477571198116
2024-11-21,18639.482971625846
2024-11-22,18793.168348574425
2024-11-25,18604.175483193754
2024-11-26,18397.863307245178
2024-11-27,18250.33787058424
2024-11-29,18199.556894611338
2024-12-02,17665.125879282525
2024-12-03,17855.410040852952
2024-12-04,18076.745977891278
2024-12-05,18143.2965870686
2024-12-06,18210.353623695337
2024-12-09,18215.614251856274
2024-12-10,18639.568195502365
2024-12-11,18724.018404801627
2024-12-12,18709.30531149625
2024-12-13,18526.079533393295
2024-12-16,18553.525770754535
2024-12-17,18075.81083566164
2024-12-18,18201.810051403252
2024-12-19,18064.643939726728
2024-12-20,17968.14413751581
2024-12-23,17833.16885672075
2024-12-24,17796.656710678377
2024-12-26,17735.67551112328
2024-12-27,17539.211266353825
2024-12-30,17625.44424142208
2024-12-31,17770.68579008263
2025-01-02,17704.761484861425
2025-01-03,18050.104375760595
2025-01-06,17966.55847219888
2025-01-07,17928.405990748357
2025-01-08,17847.700287593518
2025-01-10,17773.30501650844
2025-01-13,17780.641354339667
2025-01-14,18250.623975355
2025-01-15,18372.11823981201
2025-01-16,18409.2706205591
2025-01-17,18680.722891587327
2025-01-21,18463.347787092694
2025-01-22,18142.779983606306
2025-01-23,18312.26485582853
2025-01-24,18172.186173141647
2025-01-27,18122.93876100222
2025-01-28,18462.576480006177
2025-01-29,18172.415023410515
2025-01-30,17795.449070426006
2025-01-31,17836.589793992225
2025-02-03,17953.82397155081
2025-02-04,17855.158940730675
2025-02-05,17730.53583727546
2025-02-06,17660.876640890823
2025-02-07,17759.36204892708
2025-02-10,17741.395239931528
2025-02-11,17570.61047158472
2025-02-12,17577.690027265857
2025-02-13,17436.489879989596
2025-02-14,17460.629524946115
2025-02-18,17568.022242559506
2025-02-19,16917.93344640832
2025-02-20,17136.24568862294
2025-02-21,17323.50796429343
2025-02-24,17305.939545778125
2025-02-25,17478.646478556868
2025-02-26,17679.072506514985
2025-02-27,17378.092741048662
2025-02-28,17086.842442320132
2025-03-03,17401.213908236885
2025-03-04,17409.03485612298
2025-03-05,17591.274867140244
2025-03-06,17772.414222505293
2025-03-07,17950.858991336307
2025-03-10,18135.58596004962
2025-03-11,17929.866051214183
2025-03-12,18022.577420174857
2025-03-13,18038.33004483503
2025-03-14,18104.45152246849
2025-03-17,18089.909219134264
2025-03-18,18163.083279602186
2025-03-19,18334.450121707425
2025-03-20,18416.026001543825
2025-03-21,18603.87969365486
2025-03-24,18566.634682760006
2025-03-25,18432.948107173404
2025-03-26,18270.193565894566
2025-03-27,18727.113366374044
2025-03-28,18764.07766914552
2025-03-31,19026.782321718958
2025-04-01,19061.0202493153
2025-04-02,19069.254280455647
2025-04-03,19078.62026475833
2025-04-04,19611.62536874393
2025-04-07,19808.966735127935
2025-04-08,19717.21429134871
2025-04-09,19772.085212408176
2025-04-10,19766.00950008884
2025-04-11,19427.781969978598
2025-04-14,19332.615404232376
2025-04-15,19142.510121583397
2025-04-16,19224.083511671033
2025-04-17,19374.19697176447
2025-04-21,19371.627350943334
2025-04-22,19189.813536446632
2025-04-23,19021.506264711545
2025-04-24,18846.58297952258
2025-04-25,19269.76981355682
2025-04-28,19200.54296601043
2025-04-29,19095.94766935844
2025-04-30,19311.703715417676
2025-05-01,19407.032637599812
2025-05-02,19241.55455836837
2025-05-05,18901.302799849993
2025-05-06,18700.283397995816
2025-05-07,18684.39367889389
2025-05-08,18934.879006390656
2025-05-09,18994.40614475283
2025-05-12,18847.18525878134
2025-05-13,18932.14884894913
2025-05-14,18585.03389658257
2025-05-15,18823.21748645651
2025-05-16,18491.876518172
2025-05-19,18754.971843504918
2025-05-20,19197.112228402217
2025-05-21,19325.295306969096
2025-05-22,19412.901988026988
2025-05-23,19810.40510199182
2025-05-27,19742.59979882457
2025-05-28,20191.77796583952
2025-05-29,19857.885589396104
2025-05-30,19998.652005981505
2025-06-02,19974.91183903573
2025-06-03,19786.479256195384
2025-06-04,19607.902395202575
2025-06-05,19373.223497504354
2025-06-06,19023.40628321064
2025-06-09,19017.297606839395
2025-06-10,19235.15311118344
2025-06-11,19165.9737293268
2025-06-12,19314.584082935336
2025-06-13,19658.14113926156
2025-06-16,19934.572866539434
2025-06-17,20159.425525578754
2025-06-18,19910.986373418677
2025-06-20,20042.82653343236
2025-06-23,20123.78975758775
2025-06-24,20188.66312981698
2025-06-25,19844.808059690302
2025-06-26,19921.4405114707
2025-06-27,19649.181652580362
2025-06-30,19485.29437236854
2025-07-01,19185.30961910199
2025-07-02,19236.492277168545
2025-07-03,19513.084915791685
2025-07-07,19667.748077328106
2025-07-08,19836.27776916444
2025-07-09,19764.584136937363
2025-07-10,19966.158068083903
2025-07-11,19973.840077707362
