Date,Close
2000-01-04,1399.4200439453125
2000-01-05,1400.9910608556318
2000-01-06,1390.0342095011827
2000-01-07,1407.8340584719522
2000-01-10,1411.0729728040228
2000-01-11,1423.5347346958786
2000-01-12,1402.0388635585325
2000-01-13,1393.1300799635899
2000-01-14,1401.4005533214238
2000-01-18,1374.241894808304
2000-01-19,1371.5282104626767
2000-01-20,1357.376081815734
2000-01-21,1352.2006045544088
2000-01-24,1324.355620944196
2000-01-25,1312.5414973235017
2000-01-26,1321.7822740795823
2000-01-27,1336.8347077807655
2000-01-28,1345.1368706986902
2000-01-31,1368.6081503423998
2000-02-01,1377.7599642045666
2000-02-02,1370.9398927402717
2000-02-03,1365.6706433696047
2000-02-04,1365.5222970212671
2000-02-07,1376.9840457716593
2000-02-08,1379.4777649966604
2000-02-09,1392.2874806649793
2000-02-10,1388.186048119115
2000-02-11,1372.5422198428319
2000-02-14,1354.1905928022659
2000-02-15,1317.7753269787145
2000-02-16,1298.0779778763285
2000-02-17,1316.1438040414043
2000-02-18,1310.4933160317908
2000-02-22,1309.5067986358904
2000-02-23,1290.7135502281462
2000-02-24,1286.085321076559
2000-02-25,1308.6339973428549
2000-02-28,1289.2500125005108
2000-02-29,1307.7405783030902
2000-03-01,1293.6110704562514
2000-03-02,1295.1858942020278
2000-03-03,1308.5576128023515
2000-03-06,1296.8631758908698
2000-03-07,1287.3429597120153
2000-03-08,1289.7907790896777
2000-03-09,1293.621772236568
2000-03-10,1284.8114817131304
2000-03-13,1286.7417406678005
2000-03-14,1283.54501229599
2000-03-15,1261.1937909027909
2000-03-16,1265.094028294559
2000-03-17,1253.2128159575748
2000-03-20,1250.260948279493
2000-03-21,1254.9450055923082
2000-03-22,1239.5437975133764
2000-03-23,1228.6539722088628
2000-03-24,1215.0238226920915
2000-03-27,1229.0358803856486
2000-03-28,1226.4343343923179
2000-03-29,1254.8110003254458
2000-03-30,1257.4608842805947
2000-03-31,1247.549018958434
2000-04-03,1262.3226874900442
2000-04-04,1261.5959873565962
2000-04-05,1268.867552413711
2000-04-06,1267.233020427911
2000-04-07,1260.6154123799754
2000-04-10,1278.288481937227
2000-04-11,1270.3950720518746
2000-04-12,1272.3487121693245
2000-04-13,1269.5509243398976
2000-04-14,1268.5605800035312
2000-04-17,1269.703398776051
2000-04-18,1268.2863725262434
2000-04-19,1282.1629107421193
2000-04-20,1291.9274741541203
2000-04-24,1308.5296273604956
2000-04-25,1304.5075870515661
2000-04-26,1335.3016122509312
2000-04-27,1341.147630442694
2000-04-28,1326.4356018883757
2000-05-01,1337.8208838843445
2000-05-02,1327.114484227026
2000-05-03,1345.8632174339923
2000-05-04,1366.6890821176155
2000-05-05,1383.8122568062133
2000-05-08,1405.1436434530071
2000-05-09,1414.2355224072435
2000-05-10,1389.6071949710004
2000-05-11,1387.7690343564768
2000-05-12,1359.284660129856
2000-05-15,1361.4588604961418
2000-05-16,1359.005283176717
2000-05-17,1349.336620703665
2000-05-18,1344.8822442963979
2000-05-19,1322.2125968381908
2000-05-22,1318.1227743024347
2000-05-23,1306.7340305697892
2000-05-24,1301.3378423463678
2000-05-25,1315.6442977776605
2000-05-26,1290.6979909730765
2000-05-30,1291.2733989350647
2000-05-31,1277.9178454673256
2000-06-01,1267.0381351469327
2000-06-02,1269.5061144235574
2000-06-05,1299.4281137889598
2000-06-06,1305.3263973192984
2000-06-07,1319.7984483134749
2000-06-08,1315.596999842226
2000-06-09,1322.9641103678628
2000-06-12,1330.701903805766
2000-06-13,1342.9182618480868
2000-06-14,1334.362643629569
2000-06-15,1347.4295753898502
2000-06-16,1389.6208011771005
2000-06-19,1394.8289303418078
2000-06-20,1387.4545453884857
2000-06-21,1404.280264007958
2000-06-22,1421.5711432029984
2000-06-23,1431.530914135848
2000-06-26,1444.586379815239
2000-06-27,1479.57790308273
2000-06-28,1501.5410688420004
2000-06-29,1505.7545013352837
2000-06-30,1514.596942514478
2000-07-03,1505.7764183563
2000-07-05,1527.392212486706
2000-07-06,1512.3547716359526
2000-07-07,1511.07772302678
2000-07-10,1509.9612224608354
2000-07-11,1507.2594205294727
2000-07-12,1514.204926664828
2000-07-13,1502.9718264274754
2000-07-14,1518.673464551344
2000-07-17,1495.1372631716665
2000-07-18,1473.819452710983
2000-07-19,1451.6212437575562
2000-07-20,1451.7209899218865
2000-07-21,1444.7773200249296
2000-07-24,1470.9382736531734
2000-07-25,1461.2299678671068
2000-07-26,1429.045424144888
2000-07-27,1394.4195474968228
2000-07-28,1379.1259175782495
2000-07-31,1349.2683160927604
2000-08-01,1362.7871184457672
2000-08-02,1396.1251170673352
2000-08-03,1378.8746447245776
2000-08-04,1389.2523822983749
2000-08-07,1413.698956968361
2000-08-08,1428.5907864128897
2000-08-09,1433.012484753026
2000-08-10,1411.6542908732547
2000-08-11,1423.171481173547
2000-08-14,1454.0053908917525
2000-08-15,1442.7051967080117
2000-08-16,1442.5648036092653
2000-08-17,1437.4207566270695
2000-08-18,1411.5091459617868
2000-08-21,1391.9034608587006
2000-08-22,1373.932564213286
2000-08-23,1358.0913986404237
2000-08-24,1352.877149639183
2000-08-25,1366.1471322606817
2000-08-28,1407.230017730999
2000-08-29,1395.069698792359
2000-08-30,1386.5013506440384
2000-08-31,1384.4196133686758
2000-09-01,1387.3946010236903
2000-09-05,1382.0962588817902
2000-09-06,1374.8263913083438
2000-09-07,1349.71441315527
2000-09-08,1351.0428536657762
2000-09-11,1349.4684614008752
2000-09-12,1362.6425933723067
2000-09-13,1372.245172108685
2000-09-14,1386.7002621875051
2000-09-15,1390.2817513562252
2000-09-18,1418.6782465882432
2000-09-19,1389.6162324344277
2000-09-20,1385.247693007953
2000-09-21,1421.3515180353977
2000-09-22,1406.765795127233
2000-09-25,1403.7438913030592
2000-09-26,1429.2201610298805
2000-09-27,1444.384813504719
2000-09-28,1412.5444938800144
2000-09-29,1421.8963316757613
2000-10-02,1403.8970427465113
2000-10-03,1386.696796293093
2000-10-04,1380.9390012217352
2000-10-05,1365.079052430658
2000-10-06,1391.0554484121947
2000-10-09,1382.7022859322153
2000-10-10,1383.3615810284423
2000-10-11,1385.4719231496413
2000-10-12,1400.85097884357
2000-10-13,1406.388955693685
2000-10-16,1403.4521064777691
2000-10-17,1437.2122603506634
2000-10-18,1486.4160096674877
2000-10-19,1470.3336707080834
2000-10-20,1484.2101476649361
2000-10-23,1506.7062812097572
2000-10-24,1518.444519272071
2000-10-25,1527.591373105831
2000-10-26,1536.3737266514531
2000-10-27,1555.839771493574
2000-10-30,1567.6345847647628
2000-10-31,1569.2402000148202
2000-11-01,1580.8207418256354
2000-11-02,1569.0544890833262
2000-11-03,1599.524492040946
2000-11-06,1607.3482127246293
2000-11-07,1621.5269350594997
2000-11-08,1601.934288764062
2000-11-09,1565.684609241856
2000-11-10,1544.5574216160205
2000-11-13,1550.4867601417334
2000-11-14,1566.7366023732438
2000-11-15,1542.2881287106604
2000-11-16,1563.4285077824957
2000-11-17,1557.8030070866257
2000-11-20,1554.6368048699658
2000-11-21,1585.5228523291244
2000-11-22,1563.173538967864
2000-11-24,1509.1666787720978
2000-11-27,1527.593915436414
2000-11-28,1521.5975804943494
2000-11-29,1511.5955231942623
2000-11-30,1497.1487701195854
2000-12-01,1502.3003303968305
2000-12-04,1489.2797264578353
2000-12-05,1482.558465126592
2000-12-06,1524.6118966138572
2000-12-07,1520.9870534057118
2000-12-08,1509.0391656468107
2000-12-11,1507.8417463104308
2000-12-12,1498.4927785819907
2000-12-13,1499.8348474994298
2000-12-14,1497.8699213343368
2000-12-15,1503.454197640449
2000-12-18,1482.2291143650275
2000-12-19,1462.3148514026932
2000-12-20,1445.5794500019035
2000-12-21,1458.3275764332614
2000-12-22,1462.724586396089
2000-12-26,1479.9480178002707
2000-12-27,1504.4867599146874
2000-12-28,1508.024007517247
2000-12-29,1490.1609485535034
2001-01-02,1488.4576283056379
2001-01-03,1488.5835626092746
2001-01-04,1489.7615546620937
2001-01-05,1495.636572374684
2001-01-08,1520.5168469658356
2001-01-09,1492.2299000786093
2001-01-10,1494.858736825861
2001-01-11,1485.8922398366312
2001-01-12,1480.9402635517874
2001-01-16,1475.3017628416935
2001-01-17,1483.7263224271114
2001-01-18,1529.5670597075193
2001-01-19,1513.445531949998
2001-01-22,1506.7403451710486
2001-01-23,1511.7553851257246
2001-01-24,1541.7978062584202
2001-01-25,1534.3184070056184
2001-01-26,1510.4739113212777
2001-01-29,1525.2317094556138
2001-01-30,1512.2493435150182
2001-01-31,1509.4973406624226
2001-02-01,1546.2404903164777
2001-02-02,1542.9061405351304
2001-02-05,1531.8223453935573
2001-02-06,1515.7006585782003
2001-02-07,1537.0976269657149
2001-02-08,1502.2040389978445
2001-02-09,1486.7506620979807
2001-02-12,1486.528410161111
2001-02-13,1485.3905439966516
2001-02-14,1515.4258365185913
2001-02-15,1481.910115660425
2001-02-16,1525.8517444822555
2001-02-20,1501.7533322301701
2001-02-21,1503.8682386488792
2001-02-22,1497.9194944804515
2001-02-23,1496.850379913609
2001-02-26,1492.161071229103
2001-02-27,1487.990086886118
2001-02-28,1476.1596743108375
2001-03-01,1496.0409901366882
2001-03-02,1533.4562876544921
2001-03-05,1531.8908491200516
2001-03-06,1522.569290874552
2001-03-07,1501.6048228053255
2001-03-08,1490.2305150613504
2001-03-09,1464.0290862328845
2001-03-12,1472.273011424087
2001-03-13,1448.2384794588734
2001-03-14,1449.5455889635589
2001-03-15,1449.121333916684
2001-03-16,1449.2507236602225
2001-03-19,1460.0990544477384
2001-03-20,1471.9644459701171
2001-03-21,1443.988923948697
2001-03-22,1451.8984425342167
2001-03-23,1475.3827763549145
2001-03-26,1459.51311075105
2001-03-27,1465.7943694961605
2001-03-28,1477.019975107032
2001-03-29,1491.9791779687373
2001-03-30,1523.0806047238175
2001-04-02,1552.2210018386306
2001-04-03,1580.6517409104176
2001-04-04,1578.467100219567
2001-04-05,1594.79822368969
2001-04-06,1586.658620516317
2001-04-09,1605.6359079142849
2001-04-10,1619.7206067672378
2001-04-11,1623.9553764700042
2001-04-12,1666.1004492391155
2001-04-16,1670.3520488946888
2001-04-17,1666.3357111846851
2001-04-18,1655.956442886788
2001-04-19,1649.2724608048252
2001-04-20,1686.0913200746124
2001-04-23,1680.7305822338928
2001-04-24,1674.982118875319
2001-04-25,1665.4426203721214
2001-04-26,1650.494922505947
2001-04-27,1648.7159469436656
2001-04-30,1684.2972660373941
2001-05-01,1707.6930853349202
2001-05-02,1718.0151239999689
2001-05-03,1727.5098633948264
2001-05-04,1701.5622947917916
2001-05-07,1688.1872861927764
2001-05-08,1661.0505895580538
2001-05-09,1682.335384964653
2001-05-10,1671.4284633544858
2001-05-11,1709.4624954132694
2001-05-14,1713.736767596933
2001-05-15,1673.3853715526852
2001-05-16,1692.0256770536039
2001-05-17,1687.6618986462336
2001-05-18,1673.3023243677521
2001-05-21,1654.1964603156703
2001-05-22,1624.126424079953
2001-05-23,1575.8376343959246
2001-05-24,1584.140932836752
2001-05-25,1604.977893097821
2001-05-29,1633.843333976477
2001-05-30,1662.4234147329348
2001-05-31,1676.1582624738294
2001-06-01,1690.485644714862
2001-06-04,1686.7269526298048
2001-06-05,1666.9963813456516
2001-06-06,1649.0662535509377
2001-06-07,1620.6871542529298
2001-06-08,1632.1895934571323
2001-06-11,1641.8908138526972
2001-06-12,1630.1983048338273
2001-06-13,1642.291973464535
2001-06-14,1653.0580563033138
2001-06-15,1692.5099355180582
2001-06-18,1676.1261751865252
2001-06-19,1673.3197790697752
2001-06-20,1641.8058149704734
2001-06-21,1641.0133336153297
2001-06-22,1643.8066858722639
2001-06-25,1644.1500739261774
2001-06-26,1691.4900547372442
2001-06-27,1702.384481042227
2001-06-28,1685.7157215618065
2001-06-29,1681.6687628348786
2001-07-02,1666.5807236386042
2001-07-03,1671.2410422748667
2001-07-05,1661.094602075415
2001-07-06,1659.8248200489345
2001-07-09,1645.3857542153967
2001-07-10,1596.2024666448306
2001-07-11,1623.808855048691
2001-07-12,1636.3639776156162
2001-07-13,1626.314757277347
2001-07-16,1596.6720577956753
2001-07-17,1579.4132644700019
2001-07-18,1603.257833179533
2001-07-19,1615.8284752176157
2001-07-20,1661.2513128574533
2001-07-23,1649.9765523888327
2001-07-24,1639.0065006441532
2001-07-25,1639.8476912584956
2001-07-26,1650.0736142917724
2001-07-27,1646.0369524641826
2001-07-30,1630.0142090201668
2001-07-31,1632.705089883631
2001-08-01,1638.734482023395
2001-08-02,1626.5834954422762
2001-08-03,1602.3752094852478
2001-08-06,1608.2922088145904
2001-08-07,1653.3338061450884
2001-08-08,1664.5842830682095
2001-08-09,1700.0362300328984
2001-08-10,1706.0986575378038
2001-08-13,1753.3533058305295
2001-08-14,1754.0426353079256
2001-08-15,1758.1119703773427
2001-08-16,1787.7778748954813
2001-08-17,1810.0305664885602
2001-08-20,1805.1281584348108
2001-08-21,1835.7700394692497
2001-08-22,1827.0472103526395
2001-08-23,1855.957888271147
2001-08-24,1816.9692359858404
2001-08-27,1840.030535892487
2001-08-28,1873.9067666662827
2001-08-29,1866.402301916349
2001-08-30,1906.168310187335
2001-08-31,1914.4786564118453
2001-09-04,1928.8891314016967
2001-09-05,1923.3353466098965
2001-09-06,1887.2856240591982
2001-09-07,1859.814107978205
2001-09-10,1829.7051542794457
2001-09-17,1856.9654461225468
2001-09-18,1823.6743632849023
2001-09-19,1839.5828242348175
2001-09-20,1827.6418445571094
2001-09-21,1808.12040858478
2001-09-24,1820.5213902067178
2001-09-25,1755.9641686983953
2001-09-26,1773.9324863864792
2001-09-27,1789.3009914167458
2001-09-28,1777.8014206185965
2001-10-01,1763.1538304520643
2001-10-02,1768.8845306764163
2001-10-03,1753.960355666377
2001-10-04,1741.6614454527337
2001-10-05,1742.555878432179
2001-10-08,1745.5828828543754
2001-10-09,1764.7004438794825
2001-10-10,1775.8538403556254
2001-10-11,1748.111850472763
2001-10-12,1751.5422921346283
2001-10-15,1741.836171942392
2001-10-16,1739.9158247536875
2001-10-17,1713.2232005720564
2001-10-18,1713.106372684276
2001-10-19,1720.5758014458984
2001-10-22,1695.1801825058228
2001-10-23,1684.8608973849664
2001-10-24,1678.5590877360896
2001-10-25,1688.8231906977237
2001-10-26,1671.5356236165694
2001-10-29,1638.4713960589088
2001-10-30,1592.0457483197101
2001-10-31,1582.2574264906714
2001-11-01,1600.5308934718862
2001-11-02,1583.6716832741881
2001-11-05,1615.2757805336169
2001-11-06,1586.619656919979
2001-11-07,1560.1889446680373
2001-11-08,1565.4622613972003
2001-11-09,1553.56398372247
2001-11-12,1570.1357783360093
2001-11-13,1555.406886843622
2001-11-14,1532.029721197062
2001-11-15,1523.1803788957982
2001-11-16,1510.8102447095152
2001-11-19,1470.334614146624
2001-11-20,1451.6333893513363
2001-11-21,1477.5252552146503
2001-11-23,1491.8504242496892
2001-11-26,1497.4609826925387
2001-11-27,1509.4451425142618
2001-11-28,1508.3019377697833
2001-11-29,1510.811455130092
2001-11-30,1486.4109452482132
2001-12-03,1502.2127039568493
2001-12-04,1497.3230542260708
2001-12-05,1501.9752916428083
2001-12-06,1479.6585862345082
2001-12-07,1477.3930496953383
2001-12-10,1480.966816009783
2001-12-11,1518.2652947443705
2001-12-12,1529.7784745457627
2001-12-13,1513.1160649514327
2001-12-14,1514.1022231079055
2001-12-17,1493.084417889945
2001-12-18,1496.015123153906
2001-12-19,1479.39147271413
2001-12-20,1457.4217461416317
2001-12-21,1442.2812513197125
2001-12-24,1446.1450200648494
2001-12-26,1484.7347893880506
2001-12-27,1469.7744774542348
2001-12-28,1486.1141108438019
2001-12-31,1492.5223860451833
2002-01-02,1459.2121574684718
2002-01-03,1461.5789403209012
2002-01-04,1465.7662163286573
2002-01-07,1460.4190176338163
2002-01-08,1451.0044190822352
2002-01-09,1454.7766416124296
2002-01-10,1458.1527097965063
2002-01-11,1477.0555599865
2002-01-14,1483.2588501189775
2002-01-15,1503.2518997039156
2002-01-16,1494.5070253394367
2002-01-17,1490.1341826437922
2002-01-18,1500.0453713539414
2002-01-22,1495.320190782842
2002-01-23,1479.9674444992627
2002-01-24,1483.259581148044
2002-01-25,1520.5469998047358
2002-01-28,1533.4522929083514
2002-01-29,1525.5019014411237
2002-01-30,1508.92529943755
2002-01-31,1503.126037532438
2002-02-01,1522.9346592560983
2002-02-04,1526.8273313873622
2002-02-05,1519.2452605576932
2002-02-06,1581.6951005580538
2002-02-07,1595.2101062255517
2002-02-08,1619.118129550514
2002-02-11,1646.3311227835986
2002-02-12,1640.7251803651961
2002-02-13,1627.0491540962553
2002-02-14,1685.9643076473644
2002-02-15,1688.7491986824007
2002-02-19,1704.2778988846253
2002-02-20,1705.4897227208246
2002-02-21,1706.8771286226938
2002-02-22,1701.5782541120032
2002-02-25,1730.0140845321775
2002-02-26,1718.6136647563928
2002-02-27,1731.3737485876647
2002-02-28,1724.025805173205
2002-03-01,1711.9881812909732
2002-03-04,1701.553807056962
2002-03-05,1734.1637566263023
2002-03-06,1745.4970747473064
2002-03-07,1750.2316838605366
2002-03-08,1739.25652769553
2002-03-11,1692.2133071022238
2002-03-12,1687.7727069150753
2002-03-13,1672.9759871606493
2002-03-14,1693.1878546003034
2002-03-15,1682.2482663958128
2002-03-18,1652.305898766893
2002-03-19,1668.0587556713353
2002-03-20,1691.2638986895013
2002-03-21,1679.1678807438716
2002-03-22,1671.264445814217
2002-03-25,1619.966182464849
2002-03-26,1627.0707188137956
2002-03-27,1642.177789214578
2002-03-28,1621.1585786452424
2002-04-01,1610.1838073747772
2002-04-02,1618.21452609888
2002-04-03,1584.7960297436202
2002-04-04,1597.5758414571433
2002-04-05,1571.7727584840295
2002-04-08,1576.1738099956729
2002-04-09,1556.0039202068153
2002-04-10,1560.4303567335269
2002-04-11,1564.889689909947
2002-04-12,1554.510969670348
2002-04-15,1551.1702458965456
2002-04-16,1520.658228310998
2002-04-17,1499.0898974362135
2002-04-18,1521.4421929244188
2002-04-19,1535.3542972316136
2002-04-22,1548.6986225184462
2002-04-23,1564.3158034152907
2002-04-24,1559.2354628688736
2002-04-25,1527.7426891998393
2002-04-26,1505.8359260122893
2002-04-29,1504.5130230009456
2002-04-30,1485.203049971896
2002-05-01,1508.8949113396502
2002-05-02,1468.1462297383232
2002-05-03,1475.7565916043368
2002-05-06,1488.396997131358
2002-05-07,1500.129532112954
2002-05-08,1498.942749385953
2002-05-09,1505.1965956440322
2002-05-10,1533.3118776685774
2002-05-13,1530.5630759324345
2002-05-14,1506.7067376980604
2002-05-15,1510.0777638007937
2002-05-16,1474.5099985772113
2002-05-17,1483.8891844661518
2002-05-20,1485.2572731042505
2002-05-21,1485.8381282098578
2002-05-22,1510.5976518618127
2002-05-23,1474.8917005546373
2002-05-24,1458.671419329287
2002-05-28,1470.851382087464
2002-05-29,1491.150787413013
2002-05-30,1485.654575899194
2002-05-31,1476.2136077514156
2002-06-03,1472.417422915585
2002-06-04,1454.5750084519705
2002-06-05,1447.2978742382636
2002-06-06,1448.504371355243
2002-06-07,1471.829929071391
2002-06-10,1465.6450418924435
2002-06-11,1469.1461694188508
2002-06-12,1494.5324145127222
2002-06-13,1469.049962848853
2002-06-14,1468.603578745898
2002-06-17,1461.0364910521603
2002-06-18,1469.461659966727
2002-06-19,1497.9610498837003
2002-06-20,1495.3466881659504
2002-06-21,1490.194332323227
2002-06-24,1523.8289453942689
2002-06-25,1498.3233204994967
2002-06-26,1482.5704154023085
2002-06-27,1484.144821340247
2002-06-28,1515.6444677765985
2002-07-01,1525.7631069291008
2002-07-02,1525.1085820513774
2002-07-03,1557.959076720244
2002-07-05,1583.7705851001547
2002-07-08,1581.5989532299795
2002-07-09,1606.6057250320011
2002-07-10,1612.7802424072984
2002-07-11,1607.8377321516964
2002-07-12,1668.9036884097122
2002-07-15,1691.1762238809354
2002-07-16,1669.1425762923323
2002-07-17,1677.244236971938
2002-07-18,1674.766643681628
2002-07-19,1660.3294335663556
2002-07-22,1670.6597805628062
2002-07-23,1678.5405351400698
2002-07-24,1668.3210776564363
2002-07-25,1662.250099152069
2002-07-26,1622.1187795575665
2002-07-29,1619.2280653522544
2002-07-30,1646.8628926730164
2002-07-31,1648.6695051489983
2002-08-01,1612.244306935815
2002-08-02,1613.2098891266437
2002-08-05,1600.2171932911358
2002-08-06,1605.543954572127
2002-08-07,1631.4297272263839
2002-08-08,1608.088080391483
2002-08-09,1586.8711695707916
2002-08-12,1583.6117498086596
2002-08-13,1593.3602388198221
2002-08-14,1575.3636371980672
2002-08-15,1537.6432502503437
2002-08-16,1523.3002999993512
2002-08-19,1555.1805711621168
2002-08-20,1579.5793607371736
2002-08-21,1582.43017702033
2002-08-22,1548.5737401993038
2002-08-23,1533.8755360609325
2002-08-26,1515.168896345017
2002-08-27,1516.1868716381168
2002-08-28,1504.5793718102177
2002-08-29,1513.163152849102
2002-08-30,1518.0136845827137
2002-09-03,1496.4898607356579
2002-09-04,1504.2166445782539
2002-09-05,1526.7516160545738
2002-09-06,1526.4946886189696
2002-09-09,1535.0206188668765
2002-09-10,1551.666352617098
2002-09-11,1528.0613007583802
2002-09-12,1531.269643010372
2002-09-13,1522.8432095662154
2002-09-16,1510.2545365666952
2002-09-17,1494.3103676061012
2002-09-18,1497.108259363333
2002-09-19,1490.5552584553657
2002-09-20,1498.0615153557999
2002-09-23,1533.0832692389097
2002-09-24,1536.6570816125306
2002-09-25,1531.2756499391699
2002-09-26,1526.4069530206837
2002-09-27,1559.0008668592209
2002-09-30,1521.760502628647
2002-10-01,1521.0280908798877
2002-10-02,1523.800914156893
2002-10-03,1494.5285245901307
2002-10-04,1488.27634827536
2002-10-07,1484.6077511604503
2002-10-08,1484.486778133009
2002-10-09,1475.9366717393184
2002-10-10,1451.0341723987617
2002-10-11,1453.2087068160738
2002-10-14,1453.8004725880667
2002-10-15,1463.701396983036
2002-10-16,1466.605056526365
2002-10-17,1452.974211966652
2002-10-18,1469.1528471349911
2002-10-21,1494.822724218519
2002-10-22,1480.0109187062387
2002-10-23,1500.1417697106685
2002-10-24,1499.01737880539
2002-10-25,1525.5370960070297
2002-10-28,1522.0838366639373
2002-10-29,1513.2710319143384
2002-10-30,1497.8166723067498
2002-10-31,1489.7011763881471
2002-11-01,1482.2435891041312
2002-11-04,1471.707653856503
2002-11-05,1501.9426732772163
2002-11-06,1504.2137499809494
2002-11-07,1508.6353707685257
2002-11-08,1488.250875871866
2002-11-11,1490.0766577818654
2002-11-12,1505.3860763993239
2002-11-13,1520.5451801204456
2002-11-14,1526.4259524050092
2002-11-15,1513.458339894453
2002-11-18,1502.2458968390479
2002-11-19,1509.086859272997
2002-11-20,1518.1964878789788
2002-11-21,1511.6951863027493
2002-11-22,1529.2348151518843
2002-11-25,1543.4531246671354
2002-11-26,1562.978634138374
2002-11-27,1578.4828521968595
2002-11-29,1593.1050223026887
2002-12-02,1611.1271366738456
2002-12-03,1658.294989828891
2002-12-04,1636.255572221744
2002-12-05,1637.0931651120786
2002-12-06,1599.6211775985585
2002-12-09,1581.803876713532
2002-12-10,1551.0271700313413
2002-12-11,1569.1582262577297
2002-12-12,1593.8153337100266
2002-12-13,1599.685583085209
2002-12-16,1600.1762902002254
2002-12-17,1612.9449784869093
2002-12-18,1622.977449489459
2002-12-19,1600.4643409321934
2002-12-20,1571.95047546438
2002-12-23,1580.6680727789665
2002-12-24,1547.090414873794
2002-12-26,1543.320401788273
2002-12-27,1566.011570931517
2002-12-30,1595.7537877149293
2002-12-31,1589.7827384239445
2003-01-02,1573.3200361296476
2003-01-03,1586.9873082526044
2003-01-06,1607.4172880589085
2003-01-07,1604.279770817291
2003-01-08,1611.8186787445186
2003-01-09,1599.040763508767
2003-01-10,1631.077873904429
2003-01-13,1630.416355945365
2003-01-14,1662.981203279669
2003-01-15,1649.5864521675273
2003-01-16,1657.6184033468144
2003-01-17,1612.2050620351952
2003-01-21,1611.41536823073
2003-01-22,1671.2375611882528
2003-01-23,1654.334667614199
2003-01-24,1631.5014281933636
2003-01-27,1584.561869342464
2003-01-28,1603.9314800237878
2003-01-29,1605.563476983482
2003-01-30,1611.7365019900471
2003-01-31,1600.3046997263245
2003-02-03,1585.6817111978146
2003-02-04,1591.1712133641993
2003-02-05,1614.954212284804
2003-02-06,1595.167468559862
2003-02-07,1588.8630774642959
2003-02-10,1593.7359538601822
2003-02-11,1570.651614393957
2003-02-12,1545.9733400458254
2003-02-13,1555.0989946433654
2003-02-14,1532.3179880999012
2003-02-18,1562.4944726317683
2003-02-19,1561.8479518997642
2003-02-20,1565.0035198640587
2003-02-21,1552.5022398353155
2003-02-24,1563.5330845567328
2003-02-25,1577.9257509866009
2003-02-26,1565.5821059030907
2003-02-27,1597.4741610642345
2003-02-28,1584.912446722891
2003-03-03,1562.539153899654
2003-03-04,1554.928190223362
2003-03-05,1523.5095525432998
2003-03-06,1513.1163492180099
2003-03-07,1480.1621824168506
2003-03-10,1494.6959178561613
2003-03-11,1483.237074566355
2003-03-12,1505.340400612145
2003-03-13,1454.3648424727257
2003-03-14,1475.9257872374146
2003-03-17,1461.23874327944
2003-03-18,1444.9920934657484
2003-03-19,1452.9467699923562
2003-03-20,1458.0499580176772
2003-03-21,1471.7704479890363
2003-03-24,1464.9381685341443
2003-03-25,1478.708351696495
2003-03-26,1484.8482572818468
2003-03-27,1498.9643439974682
2003-03-28,1485.4320757759644
2003-03-31,1477.8252277240288
2003-04-01,1490.612174481797
2003-04-02,1503.161399625428
2003-04-03,1497.040360522713
2003-04-04,1514.3710151820424
2003-04-07,1527.7081678076438
2003-04-08,1512.3584531725792
2003-04-09,1507.2014033766739
2003-04-10,1502.0516379266835
2003-04-11,1492.7262432675793
2003-04-14,1524.617064685015
2003-04-15,1526.642792088191
2003-04-16,1536.0299937971242
2003-04-17,1559.3347107145544
2003-04-21,1555.9540622660954
2003-04-22,1566.417357911548
2003-04-23,1592.1646969254903
2003-04-24,1589.5881092874154
2003-04-25,1601.3384018031136
2003-04-28,1617.2607266729397
2003-04-29,1610.617944178619
2003-04-30,1611.1087080750374
2003-05-01,1636.5030442670698
2003-05-02,1639.747549004483
2003-05-05,1679.3279430924647
2003-05-06,1680.2494942006742
2003-05-07,1689.9659903674215
2003-05-08,1666.4554916723184
2003-05-09,1687.3426849022874
2003-05-12,1679.5006074415348
2003-05-13,1701.7499703760186
2003-05-14,1707.190471050638
2003-05-15,1733.6040524488874
2003-05-16,1766.5491789599907
2003-05-19,1783.7455554473506
2003-05-20,1751.9422871519891
2003-05-21,1744.0431363600921
2003-05-22,1773.7595148395656
2003-05-23,1812.5324347168341
2003-05-27,1819.95701379961
2003-05-28,1829.3998358239621
2003-05-29,1822.8559876411289
2003-05-30,1864.895927768213
2003-06-02,1826.3241159950867
2003-06-03,1829.406103903837
2003-06-04,1801.2593987842433
2003-06-05,1761.541247810598
2003-06-06,1772.6433503545084
2003-06-09,1788.9870748337078
2003-06-10,1795.230160615741
2003-06-11,1794.2643003873632
2003-06-12,1798.3384815315849
2003-06-13,1812.6603173365986
2003-06-16,1761.2499037457608
2003-06-17,1771.875700702687
2003-06-18,1765.9204356786895
2003-06-19,1774.6998868667206
2003-06-20,1746.4960954191
2003-06-23,1696.9736758880128
2003-06-24,1715.5627966440836
2003-06-25,1704.8829984703189
2003-06-26,1688.820060920384
2003-06-27,1670.748281091814
2003-06-30,1705.178199713866
2003-07-01,1689.0799886981713
2003-07-02,1680.5033028585035
2003-07-03,1693.3505825591462
2003-07-07,1722.629148468139
2003-07-08,1757.7985183954595
2003-07-09,1774.4874223923653
2003-07-10,1789.7090049751625
2003-07-11,1768.5374136575783
2003-07-14,1747.4139979356953
2003-07-15,1734.8479925068457
2003-07-16,1737.4859511613074
2003-07-17,1750.4294330168593
2003-07-18,1739.3113452250343
2003-07-21,1723.4249776474035
2003-07-22,1721.5336119975316
2003-07-23,1706.8425339237667
2003-07-24,1721.9809245010651
2003-07-25,1749.5246924591097
2003-07-28,1748.6052615040542
2003-07-29,1769.934731830625
2003-07-30,1740.7162951321127
2003-07-31,1736.3254764948779
2003-08-01,1704.7652240404748
2003-08-04,1716.9287155857842
2003-08-05,1733.4708425489061
2003-08-06,1740.216919716274
2003-08-07,1715.7788210752385
2003-08-08,1725.0551824454012
2003-08-11,1774.879199553836
2003-08-12,1775.5107297086934
2003-08-13,1769.6767966832222
2003-08-14,1812.058713709955
2003-08-15,1783.9695820244817
2003-08-18,1762.5646685760908
2003-08-19,1773.943974802984
2003-08-20,1810.481965450073
2003-08-21,1857.498369643349
2003-08-22,1830.0092655733106
2003-08-25,1845.8911590797395
2003-08-26,1865.943659581149
2003-08-27,1863.4032753297015
2003-08-28,1851.2462591568112
2003-08-29,1847.7200225846186
2003-09-02,1813.2450528517068
2003-09-03,1832.6343770788028
2003-09-04,1822.3777175956632
2003-09-05,1806.349990226045
2003-09-08,1795.105657683013
2003-09-09,1811.4648588906582
2003-09-10,1824.923476307246
2003-09-11,1842.1363074148594
2003-09-12,1834.7824402635383
2003-09-15,1858.979044140694
2003-09-16,1838.3654689633086
2003-09-17,1868.5499854024733
2003-09-18,1863.9468646034704
2003-09-19,1889.6714900065754
2003-09-22,1908.8852856994952
2003-09-23,1897.7580383066306
2003-09-24,1924.5153470218602
2003-09-25,1974.327795655821
2003-09-26,1936.4100923217025
2003-09-29,1975.4569867273815
2003-09-30,1952.6857674807607
2003-10-01,1914.7457335717154
2003-10-02,1908.3531329276198
2003-10-03,1915.7281029124922
2003-10-06,1897.3521065191937
2003-10-07,1890.1457359850497
2003-10-08,1872.815866692493
2003-10-09,1865.7059954715037
2003-10-10,1828.4979581726534
2003-10-13,1787.7921604813666
2003-10-14,1799.319135265252
2003-10-15,1770.815672009501
2003-10-16,1799.479070695881
2003-10-17,1789.3719801744508
2003-10-20,1764.565487233712
2003-10-21,1764.5642208245613
2003-10-22,1771.393014508869
2003-10-23,1792.7578922219336
2003-10-24,1794.6622842113059
2003-10-27,1807.77074522254
2003-10-28,1818.8780501978317
2003-10-29,1816.8923635084425
2003-10-30,1845.413345181356
2003-10-31,1862.5689517744188
2003-11-03,1876.6746859538457
2003-11-04,1877.8017424972659
2003-11-05,1889.9923428514608
2003-11-06,1866.0737655289272
2003-11-07,1828.3756582514688
2003-11-10,1830.8609430897386
2003-11-11,1816.5934191082297
2003-11-12,1781.0239723238876
2003-11-13,1757.828626507404
2003-11-14,1778.5205483248526
2003-11-17,1751.5179510997184
2003-11-18,1727.924343408048
2003-11-19,1699.0749521152763
2003-11-20,1724.0840302671972
2003-11-21,1695.8459486889356
2003-11-24,1733.6882059351476
2003-11-25,1759.7170322608902
2003-11-26,1745.961185356833
2003-11-28,1726.4959285172426
2003-12-01,1724.4845841576084
2003-12-02,1731.493904822481
2003-12-03,1738.129198682031
2003-12-04,1712.4764882722066
2003-12-05,1675.7402228458666
2003-12-08,1660.5531362074348
2003-12-09,1651.336421563535
2003-12-10,1649.561149018492
2003-12-11,1683.561903642409
2003-12-12,1667.3591648988981
2003-12-15,1652.3717374012745
2003-12-16,1630.0596166536432
2003-12-17,1607.5007942346874
2003-12-18,1635.332475379945
2003-12-19,1590.2321964182
2003-12-22,1589.760995481029
2003-12-23,1579.7925368603906
2003-12-24,1580.2284938426437
2003-12-26,1593.5862867890914
2003-12-29,1582.6100131438573
2003-12-30,1547.354130712777
2003-12-31,1506.5010606754408
2004-01-02,1533.4342205354494
2004-01-05,1537.7793587782157
2004-01-06,1530.7365858688784
2004-01-07,1529.6225251249646
2004-01-08,1538.6480482570796
2004-01-09,1526.2942626784702
2004-01-12,1499.0925117087309
2004-01-13,1478.4470227922184
2004-01-14,1491.2578893527739
2004-01-15,1483.463747544387
2004-01-16,1465.3211592754965
2004-01-20,1451.7029679055577
2004-01-21,1447.0378381176236
2004-01-22,1452.4536532206528
2004-01-23,1439.7323146087408
2004-01-26,1430.5640460907002
2004-01-27,1424.865092651866
2004-01-28,1425.4979317372704
2004-01-29,1423.0723288016775
2004-01-30,1414.7860748315568
2004-02-02,1401.7316864508243
2004-02-03,1393.659119892686
2004-02-04,1364.9546543520198
2004-02-05,1369.879378526095
2004-02-06,1355.2105110263722
2004-02-09,1349.8940119798237
2004-02-10,1381.365460620767
2004-02-11,1382.7856163763345
2004-02-12,1323.5902768091655
2004-02-13,1321.0265410258653
2004-02-17,1345.2577911801309
2004-02-18,1355.8605830093393
2004-02-19,1352.072041532873
2004-02-20,1339.3281646880139
2004-02-23,1310.860866323048
2004-02-24,1332.7143338259432
2004-02-25,1335.1274788831781
2004-02-26,1342.5929139875932
2004-02-27,1344.227060231273
2004-03-01,1377.4831212036831
2004-03-02,1355.2624961076979
2004-03-03,1346.5825672122864
2004-03-04,1350.915246676251
2004-03-05,1333.1215445846378
2004-03-08,1331.643210566256
2004-03-09,1327.4019961231895
2004-03-10,1339.9621043458562
2004-03-11,1349.0591793771566
2004-03-12,1364.9555678109243
2004-03-15,1373.227381068477
2004-03-16,1352.9193742705631
2004-03-17,1365.4938073643987
2004-03-18,1366.6406251350495
2004-03-19,1366.6676469147149
2004-03-22,1349.0401019394099
2004-03-23,1352.6141370875823
2004-03-24,1342.8412033681043
2004-03-25,1354.9814083501399
2004-03-26,1382.7975254479338
2004-03-29,1410.200448476929
2004-03-30,1428.29585418573
2004-03-31,1401.3391490121307
2004-04-01,1392.4386201659233
2004-04-02,1377.0276216900654
2004-04-05,1360.4393599917332
2004-04-06,1367.092881013014
2004-04-07,1363.3273539144823
2004-04-08,1379.717877481249
2004-04-12,1368.5824470161754
2004-04-13,1372.6302185774798
2004-04-14,1373.2095818069618
2004-04-15,1416.925075333784
2004-04-16,1419.0663826885796
2004-04-19,1437.8969900873606
2004-04-20,1399.595079018842
2004-04-21,1365.2866960305382
2004-04-22,1381.9398698584823
2004-04-23,1378.9604248214364
2004-04-26,1371.2972225645865
2004-04-27,1359.9031199767214
2004-04-28,1346.9058490727352
2004-04-29,1347.1972731165095
2004-04-30,1346.3575756330708
2004-05-03,1336.769217757448
2004-05-04,1319.8103345255781
2004-05-05,1311.719356099275
2004-05-06,1303.7548520444525
2004-05-07,1317.4462394100958
2004-05-10,1320.701089268089
2004-05-11,1347.452920816807
2004-05-12,1317.5881508197813
2004-05-13,1315.2944663370126
2004-05-14,1325.2051695391265
2004-05-17,1324.2030890447488
2004-05-18,1315.3350514517588
2004-05-19,1318.5318686992955
2004-05-20,1320.9142380139665
2004-05-21,1326.964795483794
2004-05-24,1306.3800859086084
2004-05-25,1307.269730068775
2004-05-26,1304.1965230732417
2004-05-27,1303.6151135629661
2004-05-28,1308.358929391196
2004-06-01,1309.1165498265373
2004-06-02,1314.0676323240964
2004-06-03,1317.6298283135757
2004-06-04,1303.8082259856744
2004-06-07,1283.601985515899
2004-06-08,1290.1068353978355
2004-06-09,1308.0665541567146
2004-06-10,1308.2092845434208
2004-06-14,1301.3611888776784
2004-06-15,1294.6678476066836
2004-06-16,1277.9970032588194
2004-06-17,1314.8188938277185
2004-06-18,1317.472855027122
2004-06-21,1325.675378714115
2004-06-22,1356.1880242705613
2004-06-23,1364.7982060244387
2004-06-24,1357.5850471378124
2004-06-25,1366.3019441644237
2004-06-28,1379.8067916490502
2004-06-29,1391.6430942399043
2004-06-30,1382.913463013272
2004-07-01,1371.77435027314
2004-07-02,1395.056623197605
2004-07-06,1370.9143382334291
2004-07-07,1380.8373122172432
2004-07-08,1366.6061365201629
2004-07-09,1373.8247247823892
2004-07-12,1362.7457757613772
2004-07-13,1369.9206151811043
2004-07-14,1356.6613884719523
2004-07-15,1377.8458638892744
2004-07-16,1387.2287365039172
2004-07-19,1400.7081500017055
2004-07-20,1396.2141701819887
2004-07-21,1407.312716951587
2004-07-22,1426.1409223902076
2004-07-23,1434.8820444885994
2004-07-26,1427.061649750959
2004-07-27,1421.3728946557537
2004-07-28,1450.9105699813733
2004-07-29,1446.9329716476173
2004-07-30,1452.4565833675283
2004-08-02,1441.3742110983412
2004-08-03,1445.2931934010192
2004-08-04,1452.700539792969
2004-08-05,1454.1699968995226
2004-08-06,1442.0334356794442
2004-08-09,1445.6453110413884
2004-08-10,1432.1496829729092
2004-08-11,1434.3175411836542
2004-08-12,1439.2936892909297
2004-08-13,1452.99046671872
2004-08-16,1449.954709833969
2004-08-17,1451.1838450323808
2004-08-18,1464.515809976322
2004-08-19,1493.5397614729177
2004-08-20,1505.393290913487
2004-08-23,1503.4379838012603
2004-08-24,1523.7247780084572
2004-08-25,1547.6188775679498
2004-08-26,1547.9728783762987
2004-08-27,1538.2637106999491
2004-08-30,1546.0161064305566
2004-08-31,1536.601698842047
2004-09-01,1510.3774733184146
2004-09-02,1496.7914731461474
2004-09-03,1492.3919571248107
2004-09-07,1519.3290181890266
2004-09-08,1510.0516063575367
2004-09-09,1506.707431086988
2004-09-10,1524.7289989044011
2004-09-13,1497.8656038077404
2004-09-14,1498.6163672756074
2004-09-15,1498.6016182931146
2004-09-16,1477.0835018552505
2004-09-17,1478.5288801319812
2004-09-20,1472.144606648159
2004-09-21,1455.4841437750317
2004-09-22,1439.809945764818
2004-09-23,1449.6308672773346
2004-09-24,1450.0217441879063
2004-09-27,1455.0955422804711
2004-09-28,1412.6199824458506
2004-09-29,1394.3432737262274
2004-09-30,1397.2538776825056
2004-10-01,1380.9395125380206
2004-10-04,1431.5926758145708
2004-10-05,1451.99364204234
2004-10-06,1473.9910059555143
2004-10-07,1499.9519109102241
2004-10-08,1498.2872368701273
2004-10-11,1494.093661901237
2004-10-12,1485.268430776217
2004-10-13,1467.1577918798528
2004-10-14,1454.2520099599337
2004-10-15,1455.4055752834695
2004-10-18,1466.1580088676085
2004-10-19,1474.9624151190665
2004-10-20,1473.9280178841414
2004-10-21,1469.2474827734002
2004-10-22,1516.4306092110626
2004-10-25,1536.206059436584
2004-10-26,1495.9236569298298
2004-10-27,1471.273068243966
2004-10-28,1482.4894118064158
2004-10-29,1528.7265931156812
2004-11-01,1533.1192718310874
2004-11-02,1564.4025143033975
2004-11-03,1586.7940708645278
2004-11-04,1576.8672907344283
2004-11-05,1574.6205992518765
2004-11-08,1553.098636138507
2004-11-09,1544.006700844662
2004-11-10,1550.3337897363226
2004-11-11,1566.35317324474
2004-11-12,1541.6459781873757
2004-11-15,1570.4232404289394
2004-11-16,1599.0861166121272
2004-11-17,1585.8717279223956
2004-11-18,1633.3792250726347
2004-11-19,1637.5377117363446
2004-11-22,1616.69877019207
2004-11-23,1662.7958602569436
2004-11-24,1644.7444218847706
2004-11-26,1636.0996944766468
2004-11-29,1630.9255344631301
2004-11-30,1602.9758518091198
2004-12-01,1588.7764966255188
2004-12-02,1588.4557686629246
2004-12-03,1585.7297357999678
2004-12-06,1607.9909474959811
2004-12-07,1617.5654497631442
2004-12-08,1604.4736241795042
2004-12-09,1626.0084264424938
2004-12-10,1654.9266815090054
2004-12-13,1686.354316425254
2004-12-14,1698.6452638847227
2004-12-15,1735.8549369776215
2004-12-16,1704.2040566322337
2004-12-17,1718.5937351846262
2004-12-20,1752.5986814803996
2004-12-21,1751.1649487965976
2004-12-22,1746.8510538674304
2004-12-23,1810.3258587485625
2004-12-27,1800.9539191109063
2004-12-28,1787.3240946874407
2004-12-29,1772.9252937489944
2004-12-30,1764.4993768080856
2004-12-31,1741.8418038305151
2005-01-03,1758.6415216796313
2005-01-04,1742.3966162011395
2005-01-05,1751.1506272998
2005-01-06,1774.7904717185936
2005-01-07,1744.1106280929473
2005-01-10,1728.7073580326291
2005-01-11,1705.9414205144176
2005-01-12,1715.3285871805615
2005-01-13,1704.2098839537312
2005-01-14,1692.8982975529975
2005-01-18,1719.2281768898508
2005-01-19,1752.5160367226515
2005-01-20,1737.0185843721165
2005-01-21,1711.7137643884257
2005-01-24,1702.5937839236312
2005-01-25,1690.174390583822
2005-01-26,1715.9949080027523
2005-01-27,1702.9041167703601
2005-01-28,1698.5156090427936
2005-01-31,1686.746369197996
2005-02-01,1705.2839972588863
2005-02-02,1699.4647279306955
2005-02-03,1664.5583395247743
2005-02-04,1690.0826099769165
2005-02-07,1681.3095776709663
2005-02-08,1707.9565627821507
2005-02-09,1740.428927450977
2005-02-10,1733.022877146897
2005-02-11,1746.49938403493
2005-02-14,1729.7826632409117
2005-02-15,1708.713222669057
2005-02-16,1693.7353188281402
2005-02-17,1680.679750422437
2005-02-18,1650.5478901425245
2005-02-22,1700.3359892459705
2005-02-23,1741.5278296917172
2005-02-24,1750.4457658165645
2005-02-25,1746.520294388485
2005-02-28,1714.900472074958
2005-03-01,1702.9446267180238
2005-03-02,1679.4839324212103
2005-03-03,1702.1235321166862
2005-03-04,1725.4361903255879
2005-03-07,1708.8325462126832
2005-03-08,1736.0194620943564
2005-03-09,1740.422099247911
2005-03-10,1717.8659291903757
2005-03-11,1670.7804189309768
2005-03-14,1662.089131559397
2005-03-15,1654.6646822661949
2005-03-16,1630.0779076008935
2005-03-17,1594.022578795634
2005-03-18,1538.6578968808894
2005-03-21,1566.714391657716
2005-03-22,1590.2540736940743
2005-03-23,1590.1004240162329
2005-03-24,1598.4241239286848
2005-03-28,1575.4255249241799
2005-03-29,1604.7646678131273
2005-03-30,1627.3735523996625
2005-03-31,1604.9937042287665
2005-04-01,1609.4645891192586
2005-04-04,1632.175400291676
2005-04-05,1639.8653670888812
2005-04-06,1642.5230191265418
2005-04-07,1616.695350876992
2005-04-08,1594.505419875488
2005-04-11,1608.35068161276
2005-04-12,1604.92282164183
2005-04-13,1601.1860849022091
2005-04-14,1560.2147766839144
2005-04-15,1574.6039035590716
2005-04-18,1578.8287080634454
2005-04-19,1564.3235715293008
2005-04-20,1524.950485536511
2005-04-21,1547.4121667192894
2005-04-22,1534.1726223410308
2005-04-25,1572.7707743352632
2005-04-26,1568.8747072615324
2005-04-27,1557.255203765435
2005-04-28,1566.1773795273102
2005-04-29,1571.0397879598095
2005-05-02,1605.004480107946
2005-05-03,1612.4322473718923
2005-05-04,1604.839403854602
2005-05-05,1594.7283154843524
2005-05-06,1611.4036255565125
2005-05-09,1602.0843761511876
2005-05-10,1631.7452408812094
2005-05-11,1643.7791939677109
2005-05-12,1623.9345340342452
2005-05-13,1630.5595455692003
2005-05-16,1640.9418316750023
2005-05-17,1610.5655124309442
2005-05-18,1629.5378533057626
2005-05-19,1611.3865735583945
2005-05-20,1634.1610385286147
2005-05-23,1619.6900670787395
2005-05-24,1573.2513664412058
2005-05-25,1553.4218458487521
2005-05-26,1564.3992382167783
2005-05-27,1554.948678730757
2005-05-31,1512.6053659284782
2005-06-01,1491.2387800288027
2005-06-02,1459.802585853409
2005-06-03,1465.8181336347352
2005-06-06,1446.2036784503478
2005-06-07,1448.7386893083367
2005-06-08,1457.096236770779
2005-06-09,1465.7857606159505
2005-06-10,1452.6878967015805
2005-06-13,1463.1064315584672
2005-06-14,1471.4799775182353
2005-06-15,1476.8353247042735
2005-06-16,1471.598097658905
2005-06-17,1470.6934042486494
2005-06-20,1440.7446819319678
2005-06-21,1433.6770213870627
2005-06-22,1470.5588254765485
2005-06-23,1476.0452656121734
2005-06-24,1472.9864595278427
2005-06-27,1438.5122117066855
2005-06-28,1441.644782110817
2005-06-29,1448.428308565492
2005-06-30,1451.0350512832113
2005-07-01,1463.0610997151985
2005-07-05,1476.7670631359063
2005-07-06,1479.9375624839395
2005-07-07,1505.9032340819704
2005-07-08,1513.4484003019797
2005-07-11,1496.3381393500836
2005-07-12,1495.0641894620085
2005-07-13,1502.7994438693136
2005-07-14,1497.1442906711356
2005-07-15,1499.4213287701293
2005-07-18,1469.9399756480784
2005-07-19,1491.6290655862622
2005-07-20,1520.58091035424
2005-07-21,1513.76164235271
2005-07-22,1526.7953987890078
2005-07-25,1528.5090457988824
2005-07-26,1507.6157936448642
2005-07-27,1503.0799412393826
2005-07-28,1499.7057725716559
2005-07-29,1498.4169687441297
2005-08-01,1517.0325971345012
2005-08-02,1505.5947334714574
2005-08-03,1509.2022500412988
2005-08-04,1488.6118858940272
2005-08-05,1464.028311425247
2005-08-08,1443.657479775461
2005-08-09,1436.292343717574
2005-08-10,1437.4159715009619
2005-08-11,1443.630018580632
2005-08-12,1423.8548569066936
2005-08-15,1364.7499132556343
2005-08-16,1365.6227497698587
2005-08-17,1383.5383249378076
2005-08-18,1386.7625700360322
2005-08-19,1397.1867462466707
2005-08-22,1410.3833191746648
2005-08-23,1410.3097401214136
2005-08-24,1404.4326525376703
2005-08-25,1426.7889458602087
2005-08-26,1399.3425859075264
2005-08-29,1360.278128257705
2005-08-30,1362.931494449978
2005-08-31,1370.2915280671148
2005-09-01,1374.1077406946022
2005-09-02,1356.8807182829753
2005-09-06,1380.4834520966685
2005-09-07,1377.7327059743113
2005-09-08,1372.0042710863313
2005-09-09,1357.619228732521
2005-09-12,1339.8993740947099
2005-09-13,1356.5877967151603
2005-09-14,1357.4615401283183
2005-09-15,1361.872216071962
2005-09-16,1376.8256482663885
2005-09-19,1343.1214797872692
2005-09-20,1341.690819917893
2005-09-21,1336.5678814178316
2005-09-22,1315.5342239828055
2005-09-23,1332.2892146703186
2005-09-26,1328.3384442530505
2005-09-27,1335.11237447595
2005-09-28,1312.4780360759828
2005-09-29,1313.7680893264878
2005-09-30,1310.6758672519964
2005-10-03,1316.6178551507237
2005-10-04,1326.5843162620897
2005-10-05,1330.4359838014138
2005-10-06,1343.2496930684235
2005-10-07,1339.2869825444295
2005-10-10,1340.6497950248947
2005-10-11,1330.6218467951148
2005-10-12,1343.905347704294
2005-10-13,1332.2413505384015
2005-10-14,1342.3277567494913
2005-10-17,1331.3664145185735
2005-10-18,1322.243039182053
2005-10-19,1318.944894502906
2005-10-20,1297.7630003901295
2005-10-21,1285.9033111913136
2005-10-24,1249.0799940261422
2005-10-25,1252.3983998161239
2005-10-26,1239.2809245585945
2005-10-27,1228.6778560928942
2005-10-28,1224.1260379805099
2005-10-31,1237.093986862212
2005-11-01,1249.4980265056674
2005-11-02,1245.1219492851
2005-11-03,1253.6265742599353
2005-11-04,1234.950474923216
2005-11-07,1239.6960958043092
2005-11-08,1253.7519048037145
2005-11-09,1260.2441314710281
2005-11-10,1270.7269149657227
2005-11-11,1291.8601241609401
2005-11-14,1269.6953563295258
2005-11-15,1288.2150115876689
2005-11-16,1301.6545483159002
2005-11-17,1297.816480813538
2005-11-18,1325.1121673340526
2005-11-21,1312.9164790945804
2005-11-22,1306.2999165531567
2005-11-23,1323.152447619229
2005-11-25,1329.2396771445974
2005-11-28,1325.6930816459783
2005-11-29,1328.127118870395
2005-11-30,1356.7633757764586
2005-12-01,1372.3573945204214
2005-12-02,1361.6161401010875
2005-12-05,1359.0004487025274
2005-12-06,1385.9403816698682
2005-12-07,1379.4082990856116
2005-12-08,1395.4290281378128
2005-12-09,1427.67797483785
2005-12-12,1451.9488576557933
2005-12-13,1463.9530786337807
2005-12-14,1483.087799927825
2005-12-15,1514.581255890099
2005-12-16,1526.4065020454043
2005-12-19,1524.4788718326793
2005-12-20,1513.82569677741
2005-12-21,1519.9482647078469
2005-12-22,1557.6668478871215
2005-12-23,1582.044441896705
2005-12-27,1570.8678477678577
2005-12-28,1581.177536831544
2005-12-29,1598.2075729105172
2005-12-30,1571.177582570459
2006-01-03,1558.1978946394509
2006-01-04,1559.1288767514995
2006-01-05,1590.3699213973348
2006-01-06,1589.5633418214115
2006-01-09,1584.0040231226653
2006-01-10,1571.3819881170941
2006-01-11,1578.3759643535634
2006-01-12,1574.9780148275188
2006-01-13,1565.2331777358122
2006-01-17,1549.1471452920382
2006-01-18,1544.4049079382203
2006-01-19,1544.1830566308324
2006-01-20,1520.1388075247019
2006-01-23,1538.046236821098
2006-01-24,1551.8189292778948
2006-01-25,1592.5934467837997
2006-01-26,1626.3497487113098
2006-01-27,1630.0827708512393
2006-01-30,1640.9740832257007
2006-01-31,1659.0628883652444
2006-02-01,1637.0103455882004
2006-02-02,1623.397505908091
2006-02-03,1624.7573153903904
2006-02-06,1604.7422402460536
2006-02-07,1584.5065520115445
2006-02-08,1570.8350132810658
2006-02-09,1602.3060964060162
2006-02-10,1607.7592212954946
2006-02-13,1606.8574918901954
2006-02-14,1623.7744178366559
2006-02-15,1621.4433294001944
2006-02-16,1623.2076222672965
2006-02-17,1625.0086640870338
2006-02-21,1635.3571884340777
2006-02-22,1631.249635303812
2006-02-23,1618.8778894664301
2006-02-24,1609.6843205672728
2006-02-27,1610.6373984251084
2006-02-28,1630.8186836225616
2006-03-01,1623.3071921499889
2006-03-02,1646.9693465709356
2006-03-03,1645.9470777841766
2006-03-06,1671.7264990947078
2006-03-07,1668.9335662635297
2006-03-08,1671.6422657130374
2006-03-09,1632.451732752005
2006-03-10,1611.6459789708072
2006-03-13,1638.8639649838533
2006-03-14,1641.2269177945104
2006-03-15,1613.2872823476953
2006-03-16,1600.4192234010357
2006-03-17,1595.838848426038
2006-03-20,1608.0481944653807
2006-03-21,1593.2948919921848
2006-03-22,1565.826830242635
2006-03-23,1558.6879569317325
2006-03-24,1562.606412036844
2006-03-27,1580.4421726529874
2006-03-28,1610.9454500378758
2006-03-29,1619.5305414278678
2006-03-30,1643.1945942028178
2006-03-31,1635.1192872345266
2006-04-03,1678.3697828257812
2006-04-04,1671.6429288962252
2006-04-05,1664.9039370822975
2006-04-06,1663.385721445822
2006-04-07,1649.1602209768491
2006-04-10,1644.2727830402314
2006-04-11,1650.5046578621073
2006-04-12,1655.4488130508148
2006-04-13,1638.8854403542398
2006-04-17,1630.9139593395835
2006-04-18,1602.8314066790838
2006-04-19,1593.2228986130494
2006-04-20,1604.0663798613896
2006-04-21,1592.8170952178027
2006-04-24,1598.008713781821
2006-04-25,1566.8195763580914
2006-04-26,1566.0958245952702
2006-04-27,1567.5947826538033
2006-04-28,1580.7897277333188
2006-05-01,1596.4621808496013
2006-05-02,1595.0694794158053
2006-05-03,1589.805037442743
2006-05-04,1579.7858655589735
2006-05-05,1570.2659036292862
2006-05-08,1514.0936680096315
2006-05-09,1528.4507897945234
2006-05-10,1527.9565253345872
2006-05-11,1530.584998316481
2006-05-12,1527.1121022217592
2006-05-15,1496.911342742696
2006-05-16,1489.846112132431
2006-05-17,1497.4821184998968
2006-05-18,1506.241950142485
2006-05-19,1531.339054502662
2006-05-22,1521.477474014965
2006-05-23,1525.2378273402178
2006-05-24,1548.999973927641
2006-05-25,1545.480981816661
2006-05-26,1533.186084428569
2006-05-30,1501.8771481703589
2006-05-31,1515.9113280415916
2006-06-01,1496.1002891142975
2006-06-02,1485.7223327433892
2006-06-05,1490.3137171949588
2006-06-06,1497.3132059073446
2006-06-07,1523.4596690340438
2006-06-08,1523.8131995115552
2006-06-09,1530.3310087907355
2006-06-12,1555.0511822899284
2006-06-13,1612.6404457195872
2006-06-14,1604.9119916873935
2006-06-15,1588.1037864028183
2006-06-16,1572.140377243311
2006-06-19,1581.2443866178417
2006-06-20,1582.1616463290422
2006-06-21,1559.3996525712726
2006-06-22,1551.256530972223
2006-06-23,1560.997557097703
2006-06-26,1578.2528359673333
2006-06-27,1572.9170451978189
2006-06-28,1603.6723673901613
2006-06-29,1588.798428417911
2006-06-30,1604.1318138835106
2006-07-03,1615.709143383346
2006-07-05,1610.5106467673374
2006-07-06,1623.1129468617912
2006-07-07,1612.244482604361
2006-07-10,1600.1641146839654
2006-07-11,1584.1312154052644
2006-07-12,1588.888080921242
2006-07-13,1574.543996183695
2006-07-14,1546.469706795464
2006-07-17,1504.6768998836294
2006-07-18,1500.75261381675
2006-07-19,1507.1352709654677
2006-07-20,1493.558327746209
2006-07-21,1509.0466053888867
2006-07-24,1510.299331774186
2006-07-25,1543.9790645619555
2006-07-26,1541.9769148561734
2006-07-27,1528.806777710578
2006-07-28,1551.0440460306572
2006-07-31,1521.628822150057
2006-08-01,1516.8799299017935
2006-08-02,1505.2087934098522
2006-08-03,1506.90965929542
2006-08-04,1551.7874983713177
2006-08-07,1594.1705861026924
2006-08-08,1591.4208384423082
2006-08-09,1601.6705258035804
2006-08-10,1562.3988074637928
2006-08-11,1543.5551847728238
2006-08-14,1539.311494706794
2006-08-15,1553.8283839286182
2006-08-16,1585.343156443683
2006-08-17,1613.118109446934
2006-08-18,1622.46761959896
2006-08-21,1647.0357683767097
2006-08-22,1613.9962219039696
2006-08-23,1616.33029829919
2006-08-24,1577.5825799788813
2006-08-25,1570.6242490409877
2006-08-28,1544.0681630303702
2006-08-29,1518.1831104465002
2006-08-30,1509.6305964262003
2006-08-31,1534.5979511198477
2006-09-01,1550.7520438954184
2006-09-05,1518.4475715231051
2006-09-06,1514.1854326558819
2006-09-07,1515.519972397507
2006-09-08,1488.0653411605226
2006-09-11,1475.1416207440145
2006-09-12,1484.5613892368367
2006-09-13,1478.1494739845575
2006-09-14,1475.9314878232533
2006-09-15,1489.5964409848525
2006-09-18,1494.5040492183086
2006-09-19,1520.6836941196211
2006-09-20,1462.539133887199
2006-09-21,1476.8502996771172
2006-09-22,1482.653539314493
2006-09-25,1528.63406437603
2006-09-26,1517.0434515079555
2006-09-27,1504.8306997814454
2006-09-28,1495.4134639721601
2006-09-29,1506.9780788057953
2006-10-02,1510.9922912724808
2006-10-03,1512.0167129519077
2006-10-04,1536.7031713493602
2006-10-05,1542.179434085835
2006-10-06,1525.0144323505092
2006-10-09,1498.0075863611705
2006-10-10,1499.906153803879
2006-10-11,1508.2033103547153
2006-10-12,1542.8620171576026
2006-10-13,1578.6585343084332
2006-10-16,1592.7079683235102
2006-10-17,1602.6203445735498
2006-10-18,1624.1564834086955
2006-10-19,1622.7100405997364
2006-10-20,1642.0304701413754
2006-10-23,1614.6513671530183
2006-10-24,1604.243957933194
2006-10-25,1601.9093979660665
2006-10-26,1559.6979377617222
2006-10-27,1550.2255222869487
2006-10-30,1543.7203511959967
2006-10-31,1548.4206021803957
2006-11-01,1520.0884680048205
2006-11-02,1505.3036523284638
2006-11-03,1518.2237147502074
2006-11-06,1500.1261209835013
2006-11-07,1482.1192799265673
2006-11-08,1468.2913678334833
2006-11-09,1473.1912142186357
2006-11-10,1476.1012050796498
2006-11-13,1487.1724243522992
2006-11-14,1493.383197215834
2006-11-15,1486.703896604717
2006-11-16,1473.619654645093
2006-11-17,1477.7523112590395
2006-11-20,1429.9902698369447
2006-11-21,1406.279817186592
2006-11-22,1409.2179651859126
2006-11-24,1395.5351543827762
2006-11-27,1405.0019043603766
2006-11-28,1428.4600889840765
2006-11-29,1420.8351655025203
2006-11-30,1429.8470010739507
2006-12-01,1440.358042749862
2006-12-04,1451.5698565535763
2006-12-05,1432.7796919566156
2006-12-06,1435.791913887687
2006-12-07,1422.3844042758772
2006-12-08,1455.57833897823
2006-12-11,1447.9611296910791
2006-12-12,1448.6884627618715
2006-12-13,1436.662586724388
2006-12-14,1456.2059212197235
2006-12-15,1447.3496743326139
2006-12-18,1448.612578654648
2006-12-19,1446.539328056647
2006-12-20,1428.393989088638
2006-12-21,1413.7663303245317
2006-12-22,1416.8435030403698
2006-12-26,1407.5260465898637
2006-12-27,1392.6345264958727
2006-12-28,1396.4705963030672
2006-12-29,1399.5064066766447
2007-01-03,1398.4677643116177
2007-01-04,1382.605345449728
2007-01-05,1360.1451197828753
2007-01-08,1363.7447104639705
2007-01-09,1362.7573210538349
2007-01-10,1351.4819940399564
2007-01-11,1335.6081138011562
2007-01-12,1338.4709711126022
2007-01-16,1346.653299291898
2007-01-17,1352.0051986543392
2007-01-18,1316.2448126661723
2007-01-19,1336.8060281829335
2007-01-22,1343.247269446549
2007-01-23,1325.93843378937
2007-01-24,1335.5108597214348
2007-01-25,1308.8518547777105
2007-01-26,1313.9693582163693
2007-01-29,1285.1848144889975
2007-01-30,1274.5649364179242
2007-01-31,1265.4068147886019
2007-02-01,1276.5781632294136
2007-02-02,1294.5363290613102
2007-02-05,1291.8672312760036
2007-02-06,1290.2268934195959
2007-02-07,1268.6165682601659
2007-02-08,1246.2653106147707
2007-02-09,1262.7508670806449
2007-02-12,1259.04988673018
2007-02-13,1253.6885297445956
2007-02-14,1259.6808884377808
2007-02-15,1283.5089417786378
2007-02-16,1297.1593750737986
2007-02-20,1280.303317084107
2007-02-21,1282.1850887991711
2007-02-22,1315.2809385900853
2007-02-23,1308.70386392611
2007-02-26,1304.4704191378546
2007-02-27,1294.6411549233596
2007-02-28,1282.0933000121447
2007-03-01,1257.4678572083692
2007-03-02,1275.1951658025987
2007-03-05,1302.4606722489275
2007-03-06,1294.7237650771679
2007-03-07,1300.4495962840554
2007-03-08,1294.604491786297
2007-03-09,1279.013059073705
2007-03-12,1265.095635585236
2007-03-13,1261.3205501627392
2007-03-14,1265.5867841599465
2007-03-15,1252.0141547473615
2007-03-16,1285.8744337040423
2007-03-19,1277.517212597398
2007-03-20,1309.4575523602334
2007-03-21,1316.1400013936245
2007-03-22,1314.9988543013899
2007-03-23,1274.3410192259241
2007-03-26,1284.7473624431975
2007-03-27,1274.8084356133418
2007-03-28,1263.3451217778945
2007-03-29,1246.3891962182674
2007-03-30,1277.3346648460777
2007-04-02,1276.857513192317
2007-04-03,1284.1623250964776
2007-04-04,1288.394680121855
2007-04-05,1267.651146083714
2007-04-09,1271.0100193242702
2007-04-10,1289.0614358554828
2007-04-11,1250.9790779648745
2007-04-12,1224.309253788751
2007-04-13,1240.8359950076062
2007-04-16,1258.4686692026457
2007-04-17,1259.0205488399556
2007-04-18,1260.9343166249646
2007-04-19,1271.08349347508
2007-04-20,1276.8799148798262
2007-04-23,1298.3560882222991
2007-04-24,1303.920357100242
2007-04-25,1298.835552789074
2007-04-26,1300.8513604126201
2007-04-27,1317.5834280702973
2007-04-30,1315.6853348473535
2007-05-01,1320.1976927975377
2007-05-02,1319.7201710950994
2007-05-03,1311.1124891836466
2007-05-04,1298.5665763119068
2007-05-07,1290.6328927173083
2007-05-08,1278.1797920697686
2007-05-09,1266.01850279249
2007-05-10,1246.8849902811896
2007-05-11,1241.8880016418234
2007-05-14,1239.1317225341024
2007-05-15,1238.061606345817
2007-05-16,1247.286465123602
2007-05-17,1251.7801571137124
2007-05-18,1278.0584445572765
2007-05-21,1262.444226705012
2007-05-22,1238.6516936667804
2007-05-23,1245.24242754827
2007-05-24,1254.295154939846
2007-05-25,1273.3781156238508
2007-05-29,1282.6257980595362
2007-05-30,1292.3466409947218
2007-05-31,1310.615656185122
2007-06-01,1306.3644532682429
2007-06-04,1322.431630864161
2007-06-05,1298.6715775281434
2007-06-06,1294.5561661266827
2007-06-07,1276.0348364621964
2007-06-08,1273.8234131084241
2007-06-11,1275.8166425953737
2007-06-12,1301.8480193203166
2007-06-13,1294.848699910911
2007-06-14,1302.676979199214
2007-06-15,1290.6486260963782
2007-06-18,1286.0708191855026
2007-06-19,1255.5861016949875
2007-06-20,1270.698868452384
2007-06-21,1259.663359345292
2007-06-22,1256.5500687225515
2007-06-25,1239.0212244967092
2007-06-26,1241.3964526171449
2007-06-27,1262.806284386354
2007-06-28,1273.6662982742494
2007-06-29,1272.2505495484804
2007-07-02,1270.7523609785176
2007-07-03,1248.6960700621905
2007-07-05,1235.9442852442592
2007-07-06,1228.4924035696085
2007-07-09,1230.7217369937039
2007-07-10,1222.8850459859364
2007-07-11,1196.347117178567
2007-07-12,1187.7550200611538
2007-07-13,1185.5201739510824
2007-07-16,1174.8407250153175
2007-07-17,1184.5371785331972
2007-07-18,1181.8301617573245
2007-07-19,1170.8878099513834
2007-07-20,1181.166063719876
2007-07-23,1190.9294443222607
2007-07-24,1187.8742767795552
2007-07-25,1193.2069647101966
2007-07-26,1209.8280776926558
2007-07-27,1237.3655305988837
2007-07-30,1240.9122977531754
2007-07-31,1219.6526248927414
2007-08-01,1254.487118510069
2007-08-02,1285.9714889118745
2007-08-03,1279.6929052475941
2007-08-06,1283.4944871132639
2007-08-07,1269.384222100299
2007-08-08,1266.150771528122
2007-08-09,1263.354170080813
2007-08-10,1241.9592048842078
2007-08-13,1256.710905667803
2007-08-14,1239.8944991599806
2007-08-15,1225.92291175288
2007-08-16,1226.9234514704178
2007-08-17,1228.5497548493
2007-08-20,1221.1565653776142
2007-08-21,1220.5963865659426
2007-08-22,1215.7316401472729
2007-08-23,1202.5792840531567
2007-08-24,1198.3194346659807
2007-08-27,1236.9225274214716
2007-08-28,1225.8176526607158
2007-08-29,1225.5591373512339
2007-08-30,1221.4686484096242
2007-08-31,1218.8557418600597
2007-09-04,1202.6871196266773
2007-09-05,1220.053749877898
2007-09-06,1213.3972211579162
2007-09-07,1240.675871803131
2007-09-10,1233.9867191082096
2007-09-11,1238.0515739730981
2007-09-12,1265.0603762075025
2007-09-13,1291.6675667588381
2007-09-14,1287.7212438021797
2007-09-17,1294.8355744499165
2007-09-18,1295.7840298186052
2007-09-19,1271.885066580724
2007-09-20,1259.0551658705638
2007-09-21,1264.3754105988758
2007-09-24,1275.2895156121406
2007-09-25,1272.1254847201415
2007-09-26,1266.6323808702216
2007-09-27,1283.6197441808151
2007-09-28,1274.3739295264309
2007-10-01,1288.5936803113214
2007-10-02,1273.3576520395702
2007-10-03,1240.3426318748084
2007-10-04,1252.2974013494513
2007-10-05,1248.5357769087711
2007-10-08,1242.9145619353617
2007-10-09,1256.0011865043057
2007-10-10,1262.7696747909931
2007-10-11,1251.7342052625793
2007-10-12,1213.8528501117864
2007-10-15,1211.5069823116062
2007-10-16,1246.2436705402408
2007-10-17,1224.0633616147386
2007-10-18,1242.9096982563553
2007-10-19,1209.3601130142208
2007-10-22,1208.3658757307032
2007-10-23,1192.9796095585714
2007-10-24,1182.0383974719546
2007-10-25,1167.236536197393
2007-10-26,1198.1392334053587
2007-10-29,1213.636881591442
2007-10-30,1217.6938716534198
2007-10-31,1198.087957994044
2007-11-01,1187.7585752694285
2007-11-02,1189.808414812018
2007-11-05,1169.4601405803924
2007-11-06,1161.1893717559929
2007-11-07,1156.0287724388907
2007-11-08,1147.3826651064787
2007-11-09,1167.2102906883256
2007-11-12,1167.3224538153695
2007-11-13,1181.617862205585
2007-11-14,1178.451903188386
2007-11-15,1191.283683330578
2007-11-16,1207.9722496689799
2007-11-19,1212.1449059529418
2007-11-20,1226.0122088240576
2007-11-21,1243.46319675452
2007-11-23,1243.7468653955184
2007-11-26,1222.4259444335978
2007-11-27,1200.575126351867
2007-11-28,1227.14939268721
2007-11-29,1206.5872122163232
2007-11-30,1190.1170885010868
2007-12-03,1182.7501565317352
2007-12-04,1154.9909325316873
2007-12-05,1153.783056128051
2007-12-06,1157.4784995162258
2007-12-07,1183.3031552046316
2007-12-10,1178.1669600333494
2007-12-11,1183.2264102808429
2007-12-12,1176.0810482946151
2007-12-13,1204.2913415743913
2007-12-14,1192.6109859831145
2007-12-17,1198.8957414632632
2007-12-18,1206.714342307293
2007-12-19,1199.7120036352087
2007-12-20,1194.0285081093018
2007-12-21,1181.421041019887
2007-12-24,1201.5539159853863
2007-12-26,1200.3506130795495
2007-12-27,1222.513806084072
2007-12-28,1231.3504633371024
2007-12-31,1248.3760546050935
2008-01-02,1248.6112893369634
2008-01-03,1245.4843361363112
2008-01-04,1245.9240486968556
2008-01-07,1256.0246068159868
2008-01-08,1224.202044964555
2008-01-09,1229.491586671521
2008-01-10,1236.1114953938813
2008-01-11,1247.9273269871942
2008-01-14,1232.2341428315663
2008-01-15,1219.7255993686101
2008-01-16,1201.460440488104
2008-01-17,1207.0316444548596
2008-01-18,1199.16599921656
2008-01-22,1181.7597708477479
2008-01-23,1191.0391497152575
2008-01-24,1175.9783581383456
2008-01-25,1201.6010115050456
2008-01-28,1232.4146683115075
2008-01-29,1213.3709587752617
2008-01-30,1227.921495190811
2008-01-31,1240.2283565309838
2008-02-01,1214.322334618377
2008-02-04,1220.6410475515945
2008-02-05,1211.6755956556708
2008-02-06,1204.7097414078337
2008-02-07,1201.4938536047873
2008-02-08,1206.4171647170706
2008-02-11,1238.8578957782972
2008-02-12,1233.8761229757918
2008-02-13,1238.601995249818
2008-02-14,1224.333924844045
2008-02-15,1222.854863710674
2008-02-19,1225.5805115100106
2008-02-20,1252.016685549522
2008-02-21,1271.9487501484998
2008-02-22,1299.7612135516863
2008-02-25,1281.491030257408
2008-02-26,1276.6095540464366
2008-02-27,1257.0893124048505
2008-02-28,1286.983203415845
2008-02-29,1302.0197751039825
2008-03-03,1295.787652912953
2008-03-04,1297.6048976469472
2008-03-05,1311.4477230036484
2008-03-06,1329.6903850784108
2008-03-07,1342.8903105703475
2008-03-10,1354.7501571480823
2008-03-11,1342.673965581929
2008-03-12,1334.811996281945
2008-03-13,1364.8605236416356
2008-03-14,1380.9902357600242
2008-03-17,1346.7800496142602
2008-03-18,1323.9843547654339
2008-03-19,1316.6980113713419
2008-03-20,1302.3401354458617
2008-03-24,1289.9689818552663
2008-03-25,1295.0418256191494
2008-03-26,1323.991649373407
2008-03-27,1379.3101177626318
2008-03-28,1377.3476963044443
2008-03-31,1373.547542197624
2008-04-01,1390.0942509567753
2008-04-02,1399.5002248730934
2008-04-03,1378.737273940982
2008-04-04,1379.6109501767487
2008-04-07,1388.513674944401
2008-04-08,1406.2403530459856
2008-04-09,1400.7940535885343
2008-04-10,1390.0835013813294
2008-04-11,1378.072687864326
2008-04-14,1385.5706898875872
2008-04-15,1387.9335125188702
2008-04-16,1368.1166256558574
2008-04-17,1371.7270474578002
2008-04-18,1357.2403318066715
2008-04-21,1351.8760969053826
2008-04-22,1360.043741776234
2008-04-23,1377.3335492088268
2008-04-24,1395.820376948078
2008-04-25,1415.3762675126018
2008-04-28,1417.7316199692204
2008-04-29,1377.85123874919
2008-04-30,1397.4872830952293
2008-05-01,1375.7855867325784
2008-05-02,1325.2553353378894
2008-05-05,1334.411469617128
2008-05-06,1297.4769854039741
2008-05-07,1319.7040592906944
2008-05-08,1322.9141223093989
2008-05-09,1293.9912030628793
2008-05-12,1305.7429516923955
2008-05-13,1299.122292025636
2008-05-14,1283.8973833807297
2008-05-15,1255.481412658787
2008-05-16,1248.9839606831717
2008-05-19,1240.0620712128755
2008-05-20,1259.3498509843619
2008-05-21,1257.4037904627498
2008-05-22,1241.072433258868
2008-05-23,1264.2436047943368
2008-05-27,1263.0768897013222
2008-05-28,1258.4604739071167
2008-05-29,1260.2169905171756
2008-05-30,1263.1801785280047
2008-06-02,1267.3407360488397
2008-06-03,1206.4147667164887
2008-06-04,1201.6089310012464
2008-06-05,1185.3082328238438
2008-06-06,1181.7675765487434
2008-06-09,1182.0392382306902
2008-06-10,1174.1375942273773
2008-06-11,1178.6923198705383
2008-06-12,1153.1320552278685
2008-06-13,1163.8424290902296
2008-06-16,1153.411865350702
2008-06-17,1123.3331142154782
2008-06-18,1134.7358822737406
2008-06-19,1166.5535106351508
2008-06-20,1170.3151099796917
2008-06-23,1173.5378171411965
2008-06-24,1172.3323377402485
2008-06-25,1179.6955763200601
2008-06-26,1147.8940966774396
2008-06-27,1141.719256699407
2008-06-30,1125.421828934129
2008-07-01,1117.4215138806464
2008-07-02,1120.904887953271
2008-07-03,1094.5590733434562
2008-07-07,1103.609936137828
2008-07-08,1093.3812594695669
2008-07-09,1093.4872912224596
2008-07-10,1084.2459426286887
2008-07-11,1085.8190440418382
2008-07-14,1083.1805097426559
2008-07-15,1094.7693303767678
2008-07-16,1114.7932078696188
2008-07-17,1106.3287698150355
2008-07-18,1106.4328892993103
2008-07-21,1103.670921965345
2008-07-22,1116.7781607341567
2008-07-23,1103.032604319636
2008-07-24,1084.4197572356259
2008-07-25,1094.8631812897506
2008-07-28,1112.1030061980216
2008-07-29,1121.5479798578663
2008-07-30,1134.6575662961939
2008-07-31,1142.2790336556334
2008-08-01,1155.1714581058907
2008-08-04,1151.8008818346912
2008-08-05,1172.8535860739998
2008-08-06,1178.9705717522406
2008-08-07,1181.3964639180083
2008-08-08,1153.5733943973007
2008-08-11,1128.6263741922085
2008-08-12,1110.4606389906949
2008-08-13,1119.9983351048859
2008-08-14,1123.7760107741944
2008-08-15,1119.374380431503
2008-08-18,1097.622571469263
2008-08-19,1086.9395130933437
2008-08-20,1077.7132952594627
2008-08-21,1083.8136515097985
2008-08-22,1068.720696680124
2008-08-25,1084.1535500949244
2008-08-26,1064.6160454111405
2008-08-27,1053.064095208027
2008-08-28,1067.89113747581
2008-08-29,1046.2494813250755
2008-09-02,1034.3040268382272
2008-09-03,1047.4564304193357
2008-09-04,1048.3781252064546
2008-09-05,1045.7501718090186
2008-09-08,1059.7820763143304
2008-09-09,1058.3789603071166
2008-09-10,1032.523962371752
2008-09-11,1021.2507658984081
2008-09-12,1023.2218555732421
2008-09-15,1024.3696939678678
2008-09-16,1039.4360408556886
2008-09-17,1033.284764149629
2008-09-18,1047.2568939098824
2008-09-19,1039.6423612648434
2008-09-22,1050.6728346828309
2008-09-23,1049.4479873226505
2008-09-24,1063.2403489774883
2008-09-25,1069.4471136673255
2008-09-26,1083.5155368696667
2008-09-29,1086.276019394588
2008-09-30,1080.3392615650498
2008-10-01,1082.7031065835483
2008-10-02,1061.385822013654
2008-10-03,1053.7825513451382
2008-10-06,1058.382712022431
2008-10-07,1065.3954769318057
2008-10-08,1078.7477049653332
2008-10-09,1074.6625011229157
2008-10-10,1078.1729289394332
2008-10-13,1082.7883714504383
2008-10-14,1091.487972782055
2008-10-15,1106.2803268687428
2008-10-16,1069.7058170916112
2008-10-17,1072.110133239546
2008-10-20,1060.1252073753444
2008-10-21,1082.2899189943607
2008-10-22,1054.524484826042
2008-10-23,1055.7773221991638
2008-10-24,1051.6728177599255
2008-10-27,1050.814661461197
2008-10-28,1040.7596004567888
2008-10-29,1023.1824931768324
2008-10-30,1017.9097772673704
2008-10-31,1011.3556788155762
2008-11-03,997.7992997520086
2008-11-04,1010.8193334820296
2008-11-05,1012.4841849944778
2008-11-06,1034.7514643396225
2008-11-07,1029.6674965120849
2008-11-10,1026.7495349420087
2008-11-11,1055.5190902234142
2008-11-12,1062.1847442861508
2008-11-13,1062.9940222261534
2008-11-14,1040.1267541284121
2008-11-17,1052.3422560860213
2008-11-18,1039.5859185062066
2008-11-19,1043.0757856497319
2008-11-20,1045.5638649036225
2008-11-21,1059.493440994544
2008-11-24,1054.7795550965086
2008-11-25,1066.9751091485302
2008-11-26,1070.351163118144
2008-11-28,1075.853010503601
2008-12-01,1091.6394781740357
2008-12-02,1085.2697478054129
2008-12-03,1082.2833407027829
2008-12-04,1090.1277364677333
2008-12-05,1087.7638246654838
2008-12-08,1119.1397430751813
2008-12-09,1128.2677255585083
2008-12-10,1132.114549595303
2008-12-11,1128.7202771856362
2008-12-12,1127.1557103374798
2008-12-15,1130.47042437748
2008-12-16,1134.6969914866843
2008-12-17,1118.3084159761454
2008-12-18,1107.9915508740355
2008-12-19,1107.2248070727032
2008-12-22,1091.7987088156444
2008-12-23,1104.3365137796015
2008-12-24,1116.0817061135033
2008-12-26,1104.141248856677
2008-12-29,1078.9148438143934
2008-12-30,1078.419047100058
2008-12-31,1085.406305275585
2009-01-02,1083.2619048740173
2009-01-05,1071.2302538546815
2009-01-06,1064.7961636722578
2009-01-07,1072.7734365208141
2009-01-08,1065.3136581722479
2009-01-09,1057.7223328648183
2009-01-12,1055.6379238395527
2009-01-13,1065.8360051886093
2009-01-14,1074.2780451793476
2009-01-15,1056.6109536791637
2009-01-16,1070.4736201135777
2009-01-20,1069.3817930301134
2009-01-21,1078.1356457636623
2009-01-22,1085.5946416905902
2009-01-23,1058.4975492964752
2009-01-26,1067.0055326616991
2009-01-27,1077.1703528139253
2009-01-28,1059.0611513577476
2009-01-29,1053.217199517696
2009-01-30,1066.2114257149692
2009-02-02,1060.8064894554757
2009-02-03,1066.3928581857583
2009-02-04,1068.9479617893378
2009-02-05,1097.5647756023898
2009-02-06,1114.259141998052
2009-02-09,1130.3144693681759
2009-02-10,1137.1856230832132
2009-02-11,1154.6681325144666
2009-02-12,1135.9937487812783
2009-02-13,1160.4850718057082
2009-02-17,1173.961392931733
2009-02-18,1192.0544579600742
2009-02-19,1158.6430355154682
2009-02-20,1168.0659418512967
2009-02-23,1158.5231681800606
2009-02-24,1157.5057201568636
2009-02-25,1147.4126892609904
2009-02-26,1161.3403222353443
2009-02-27,1187.3675548034728
2009-03-02,1178.6279328257062
2009-03-03,1190.5885751203432
2009-03-04,1191.823797575859
2009-03-05,1212.600596336552
2009-03-06,1202.2321501667511
2009-03-09,1197.5553902315864
2009-03-10,1199.9202164932733
2009-03-11,1175.8392617606316
2009-03-12,1194.6991925999387
2009-03-13,1186.644212235833
2009-03-16,1195.8187063627224
2009-03-17,1189.0635438197928
2009-03-18,1182.9879170454637
2009-03-19,1181.9024639171466
2009-03-20,1168.2418642777425
2009-03-23,1189.526018220184
2009-03-24,1194.6624838765701
2009-03-25,1184.2193321319253
2009-03-26,1167.453923379906
2009-03-27,1174.7898334255722
2009-03-30,1176.6126571372886
2009-03-31,1177.7969459931176
2009-04-01,1175.899637606287
2009-04-02,1186.4318022057657
2009-04-03,1183.080082982029
2009-04-06,1208.304371718327
2009-04-07,1203.2580434187516
2009-04-08,1200.8895590442644
2009-04-09,1220.4870530751593
2009-04-13,1209.4687356342208
2009-04-14,1199.0556908368799
2009-04-15,1217.4149381697825
2009-04-16,1226.0857821724517
2009-04-17,1256.5362106100592
2009-04-20,1287.0686619964604
2009-04-21,1277.336523488254
2009-04-22,1272.6409343130485
2009-04-23,1285.2789486349786
2009-04-24,1311.264440427327
2009-04-27,1293.7437567222678
2009-04-28,1277.1116262665983
2009-04-29,1298.6328475327239
2009-04-30,1298.5221150498162
2009-05-01,1286.9144270194815
2009-05-04,1293.0235283531383
2009-05-05,1284.7587208457355
2009-05-06,1284.4101768788887
2009-05-07,1281.399772158672
2009-05-08,1277.9826678383613
2009-05-11,1277.0987256095727
2009-05-12,1269.1642640804012
2009-05-13,1280.9306428289474
2009-05-14,1279.455960278744
2009-05-15,1276.0088127525005
2009-05-18,1264.5311645415372
2009-05-19,1250.4529300947484
2009-05-20,1261.936561653046
2009-05-21,1240.3816510194201
2009-05-22,1240.6971635650743
2009-05-26,1259.7482452851282
2009-05-27,1256.0580423224928
2009-05-28,1250.3413591208323
2009-05-29,1238.5432231601503
2009-06-01,1231.502058101882
2009-06-02,1202.1146081976287
2009-06-03,1187.0581059755407
2009-06-04,1175.644774744253
2009-06-05,1183.3512267130825
2009-06-08,1166.2282609290667
2009-06-09,1163.1180561443832
2009-06-10,1180.9168564927795
2009-06-11,1187.2990586149751
2009-06-12,1192.6274497322122
2009-06-15,1191.974415857968
2009-06-16,1174.997920222018
2009-06-17,1181.0285827104249
2009-06-18,1171.0014352638314
2009-06-19,1200.5597041434173
2009-06-22,1219.83173097786
2009-06-23,1216.1590326595474
2009-06-24,1200.021565974331
2009-06-25,1201.2886297635066
2009-06-26,1197.2816358471769
2009-06-29,1187.708576084361
2009-06-30,1194.1370211013211
2009-07-01,1176.535023003425
2009-07-02,1164.8041331609716
2009-07-06,1165.10909816412
2009-07-07,1152.878312131924
2009-07-08,1173.7663492685829
2009-07-09,1164.3778931087963
2009-07-10,1175.9118284099466
2009-07-13,1186.3337409458343
2009-07-14,1175.35568678852
2009-07-15,1168.5201316194311
2009-07-16,1204.819510317875
2009-07-17,1215.201890808588
2009-07-20,1227.1412268149918
2009-07-21,1231.059975858749
2009-07-22,1249.0196252968603
2009-07-23,1273.969975411828
2009-07-24,1264.8180888446439
2009-07-27,1274.973728129633
2009-07-28,1274.484353696824
2009-07-29,1261.3966746892543
2009-07-30,1248.7078258918677
2009-07-31,1264.5965325956897
2009-08-03,1279.9916781714646
2009-08-04,1289.3761022744459
2009-08-05,1287.5041982196744
2009-08-06,1305.669908697006
2009-08-07,1321.8257710017233
2009-08-10,1329.3505385764129
2009-08-11,1316.90059469255
2009-08-12,1327.2960399850153
2009-08-13,1342.2624471468764
2009-08-14,1349.3799431280547
2009-08-17,1354.215775203596
2009-08-18,1377.8358967067884
2009-08-19,1377.0262497880055
2009-08-20,1390.299370377477
2009-08-21,1392.1639029382857
2009-08-24,1393.9826151778977
2009-08-25,1408.6783948291968
2009-08-26,1403.399506457001
2009-08-27,1414.4805789377042
2009-08-28,1445.9019698341983
2009-08-31,1458.594337226004
2009-09-01,1445.9971482054923
2009-09-02,1457.9973153817702
2009-09-03,1458.1739907607184
2009-09-04,1481.2650174182543
2009-09-08,1470.5778346720028
2009-09-09,1446.2442697904632
2009-09-10,1465.6025282425164
2009-09-11,1466.8821299499923
2009-09-14,1489.1713221955545
2009-09-15,1466.0097940022104
2009-09-16,1460.4707142780624
2009-09-17,1487.7262901004244
2009-09-18,1477.6203329129664
2009-09-21,1497.4946939400306
2009-09-22,1512.7648677476013
2009-09-23,1460.013524200659
2009-09-24,1470.5779318622508
2009-09-25,1484.9918853603426
2009-09-28,1494.3312579398453
2009-09-29,1488.8924626036535
2009-09-30,1464.6412195269627
2009-10-01,1458.4432698985233
2009-10-02,1447.7394808657475
2009-10-05,1466.9135239293223
2009-10-06,1464.0436973791288
2009-10-07,1468.3429086435544
2009-10-08,1458.6098241627678
2009-10-09,1424.906211133498
2009-10-12,1419.1682907781462
2009-10-13,1437.482952913482
2009-10-14,1422.935568268064
2009-10-15,1425.2128323269797
2009-10-16,1413.1004530178684
2009-10-19,1422.3384693122932
2009-10-20,1441.4036022132282
2009-10-21,1429.6433381683175
2009-10-22,1427.4577238443
2009-10-23,1434.8610344760846
2009-10-26,1434.5905687952452
2009-10-27,1446.3418728499287
2009-10-28,1415.3068379268532
2009-10-29,1429.1819232945518
2009-10-30,1411.280955801314
2009-11-02,1416.391515915568
2009-11-03,1409.3583284088297
2009-11-04,1442.1015060973473
2009-11-05,1443.2434093512818
2009-11-06,1433.3987161895705
2009-11-09,1442.5666767090381
2009-11-10,1427.154060619101
2009-11-11,1432.0569094676468
2009-11-12,1414.0637277753594
2009-11-13,1411.1157787797192
2009-11-16,1404.5943533985374
2009-11-17,1394.5361262365639
2009-11-18,1386.9128912955011
2009-11-19,1389.35943713575
2009-11-20,1375.285108512496
2009-11-23,1354.3218666121056
2009-11-24,1343.166329823715
2009-11-25,1355.924362654936
2009-11-27,1355.7396871959295
2009-11-30,1360.5007823207818
2009-12-01,1345.8698643670346
2009-12-02,1355.4685438840395
2009-12-03,1359.6523372985282
2009-12-04,1373.12307160234
2009-12-07,1376.7732857546234
2009-12-08,1352.2075611919088
2009-12-09,1315.9209849781744
2009-12-10,1332.7726545717835
2009-12-11,1328.0382139759445
2009-12-14,1332.2197458861403
2009-12-15,1332.9128300468483
2009-12-16,1325.8188280809095
2009-12-17,1345.6403315973546
2009-12-18,1340.910037370719
2009-12-21,1330.0927091138337
2009-12-22,1321.083492587524
2009-12-23,1324.6623424786353
2009-12-24,1305.42632365455
2009-12-28,1291.332427095375
2009-12-29,1297.478097527451
2009-12-30,1265.4747071874422
2009-12-31,1255.5736787044461
2010-01-04,1272.9203883683058
2010-01-05,1268.9088818753303
2010-01-06,1282.2837416230548
2010-01-07,1262.8242171718407
2010-01-08,1248.806859970033
2010-01-11,1251.6753732590762
2010-01-12,1256.8086764025916
2010-01-13,1272.689287013573
2010-01-14,1293.8612768628711
2010-01-15,1280.6496765303066
2010-01-19,1307.0523260162133
2010-01-20,1308.0869398913699
2010-01-21,1312.2904584571438
2010-01-22,1309.504173909272
2010-01-25,1271.2989637660778
2010-01-26,1280.7333064735844
2010-01-27,1262.760668444803
2010-01-28,1278.600423877116
2010-01-29,1285.976320512615
2010-02-01,1281.600400245263
2010-02-02,1285.5360461759483
2010-02-03,1282.217871434519
2010-02-04,1304.0441612187315
2010-02-05,1280.0308729530675
2010-02-08,1288.1655256570132
2010-02-09,1301.0491019321112
2010-02-10,1295.8964523325037
2010-02-11,1293.3334175775374
2010-02-12,1287.3129000228844
2010-02-16,1295.1755462311041
2010-02-17,1278.4014619364623
2010-02-18,1271.0355786037167
2010-02-19,1266.6357319463375
2010-02-22,1268.9481314189627
2010-02-23,1302.5456062379242
2010-02-24,1286.7661819176146
2010-02-25,1257.405102396775
2010-02-26,1266.6116612284218
2010-03-01,1289.540792796417
2010-03-02,1305.14419401194
2010-03-03,1293.5852338796833
2010-03-04,1304.3717913827265
2010-03-05,1319.7082836143245
2010-03-08,1338.6659008432334
2010-03-09,1346.952085345795
2010-03-10,1369.6979140350252
2010-03-11,1372.750322416512
2010-03-12,1376.6574919134468
2010-03-15,1358.8225255516634
2010-03-16,1308.136505575827
2010-03-17,1308.3560831976356
2010-03-18,1323.3641436034604
2010-03-19,1321.1087488531289
2010-03-22,1315.8837999147718
2010-03-23,1318.5991861877862
2010-03-24,1325.0742649349845
2010-03-25,1321.1072803727056
2010-03-26,1320.9234672759687
2010-03-29,1286.5279713534392
2010-03-30,1302.8062396874743
2010-03-31,1283.7295373106012
2010-04-01,1280.8905151688266
2010-04-05,1300.6274611658368
2010-04-06,1306.9581449956188
2010-04-07,1303.6774323247737
2010-04-08,1297.1941426451167
2010-04-09,1324.1706650185179
2010-04-12,1333.1404524423767
2010-04-13,1347.058994998405
2010-04-14,1337.2008875149024
2010-04-15,1341.9024970088087
2010-04-16,1362.425555636998
2010-04-19,1374.0323128142777
2010-04-20,1375.794690486211
2010-04-21,1364.7026507696364
2010-04-22,1365.2704526318025
2010-04-23,1362.1371599826896
2010-04-26,1375.6522933471072
2010-04-27,1368.8080612182987
2010-04-28,1340.1728777270034
2010-04-29,1351.2899804402246
2010-04-30,1365.084046080476
2010-05-03,1352.5572551705222
2010-05-04,1378.1563868815947
2010-05-05,1380.877573671542
2010-05-06,1367.2408943242813
2010-05-07,1393.2648439058153
2010-05-10,1333.8421840937183
2010-05-11,1334.6161571022972
2010-05-12,1355.2353239909178
2010-05-13,1341.561348220962
2010-05-14,1358.7858289187318
2010-05-17,1382.1049471009585
2010-05-18,1390.7573311118063
2010-05-19,1369.6967400458973
2010-05-20,1362.6482847362554
2010-05-21,1367.9773670620662
2010-05-24,1378.2430800604488
2010-05-25,1360.6370651886275
2010-05-26,1366.3820889658382
2010-05-27,1350.4024177593863
2010-05-28,1351.5742461529624
2010-06-01,1348.9631581218846
2010-06-02,1351.0585980914675
2010-06-03,1309.3866627738219
2010-06-04,1302.4377242940936
2010-06-07,1288.331969989453
2010-06-08,1321.4940185587427
2010-06-09,1314.060603303629
2010-06-10,1322.8486271252286
2010-06-11,1310.0183744774865
2010-06-14,1322.955745956303
2010-06-15,1342.1158249793798
2010-06-16,1316.5678949942449
2010-06-17,1331.6197389131344
2010-06-18,1332.5839720098325
2010-06-21,1301.0521519749652
2010-06-22,1293.423417484545
2010-06-23,1293.693112426907
2010-06-24,1276.803713600125
2010-06-25,1277.467697923788
2010-06-28,1264.7945577858536
2010-06-29,1250.1928814745713
2010-06-30,1248.2832616226572
2010-07-01,1255.671745196276
2010-07-02,1244.7973063940894
2010-07-06,1250.0495814893802
2010-07-07,1250.4396067044556
2010-07-08,1259.3321613015305
2010-07-09,1281.226393527325
2010-07-12,1316.9964750992287
2010-07-13,1294.1601878114259
2010-07-14,1282.697368277283
2010-07-15,1263.0026256292067
2010-07-16,1259.1093276563904
2010-07-19,1261.3986177353656
2010-07-20,1253.318768051544
2010-07-21,1257.2467841548487
2010-07-22,1275.553193575196
2010-07-23,1243.7976724519488
2010-07-26,1223.307016036508
2010-07-27,1226.855398844962
2010-07-28,1230.8139963755896
2010-07-29,1212.1739459379341
2010-07-30,1181.6415136897456
2010-08-02,1164.9059476396656
2010-08-03,1168.3704240464267
2010-08-04,1160.4129948111718
2010-08-05,1173.5570995396065
2010-08-06,1171.0339818851676
2010-08-09,1169.6307262862158
2010-08-10,1212.9277098179093
2010-08-11,1233.664901858133
2010-08-12,1222.2498138991493
2010-08-13,1213.332360096442
2010-08-16,1212.5277525571
2010-08-17,1215.3054916267308
2010-08-18,1240.3612438224643
2010-08-19,1239.8135262569829
2010-08-20,1249.4933723771799
2010-08-23,1257.1427541153828
2010-08-24,1259.2153119690386
2010-08-25,1263.391838087135
2010-08-26,1279.2581030775245
2010-08-27,1246.9462534575375
2010-08-30,1238.5659180541588
2010-08-31,1235.6034149051286
2010-09-01,1235.6478474188318
2010-09-02,1239.889746465777
2010-09-03,1222.9176864602625
2010-09-07,1220.5360162778354
2010-09-08,1227.2885043676886
2010-09-09,1243.5458969134015
2010-09-10,1249.404391126328
2010-09-13,1229.6831535677336
2010-09-14,1236.3958744898664
2010-09-15,1243.853603708085
2010-09-16,1239.0912172830424
2010-09-17,1196.4627336588999
2010-09-20,1200.4686656515823
2010-09-21,1207.0371907238928
2010-09-22,1206.5388809494848
2010-09-23,1197.240110084571
2010-09-24,1204.073991028051
2010-09-27,1197.8324990721378
2010-09-28,1191.6356208333423
2010-09-29,1190.702696309984
2010-09-30,1177.9489849191812
2010-10-01,1152.2508889116655
2010-10-04,1136.9258985156464
2010-10-05,1127.8591987681432
2010-10-06,1153.943616252346
2010-10-07,1160.7947106298175
2010-10-08,1139.0627269226404
2010-10-11,1145.867648312058
2010-10-12,1140.504524726962
2010-10-13,1145.2183034394948
2010-10-14,1123.824673592019
2010-10-15,1133.470336640672
2010-10-18,1134.4301297317738
2010-10-19,1128.8653730590904
2010-10-20,1131.370177876636
2010-10-21,1142.5243791814344
2010-10-22,1136.2429550677168
2010-10-25,1152.2323198442891
2010-10-26,1176.457135772236
2010-10-27,1180.0728561972821
2010-10-28,1187.4527794519008
2010-10-29,1174.8129460658663
2010-11-01,1173.6335734705272
2010-11-02,1183.5324914621044
2010-11-03,1193.7383311406973
2010-11-04,1207.3821616082248
2010-11-05,1229.6332323603008
2010-11-08,1222.9222585235484
2010-11-09,1224.2462946585538
2010-11-10,1192.0776114790901
2010-11-11,1199.1018599297897
2010-11-12,1199.476432313487
2010-11-15,1171.0852939824747
2010-11-16,1175.1307622592487
2010-11-17,1174.2061559404433
2010-11-18,1150.8552240525262
2010-11-19,1140.8461344084224
2010-11-22,1135.5188465569995
2010-11-23,1138.5004004881014
2010-11-24,1147.4113980700545
2010-11-26,1130.7928708731451
2010-11-29,1136.085115019307
2010-11-30,1149.5628838372406
2010-12-01,1142.7801467425952
2010-12-02,1155.8639406520344
2010-12-03,1189.1680931540525
2010-12-06,1202.1598220595247
2010-12-07,1202.132947088509
2010-12-08,1181.0050111888452
2010-12-09,1164.780276430961
2010-12-10,1160.5898683625883
2010-12-13,1174.552847534284
2010-12-14,1192.8632808149464
2010-12-15,1174.3552951691233
2010-12-16,1161.193493092936
2010-12-17,1161.1615432021656
2010-12-20,1159.4738409337958
2010-12-21,1163.3575154235375
2010-12-22,1170.2216145841303
2010-12-23,1159.824970038738
2010-12-27,1163.1532364651828
2010-12-28,1142.9382174330044
2010-12-29,1132.0116466920038
2010-12-30,1111.4912805782908
2010-12-31,1135.3835108567973
2011-01-03,1143.7989536499385
2011-01-04,1156.1213433581793
2011-01-05,1148.1640885127613
2011-01-06,1125.5563509195936
2011-01-07,1116.637181911927
2011-01-10,1125.5013153746922
2011-01-11,1121.3688695483654
2011-01-12,1124.739676388889
2011-01-13,1107.5216204375843
2011-01-14,1119.2337292624113
2011-01-18,1108.5561124791318
2011-01-19,1112.1202247245612
2011-01-20,1105.7800345829546
2011-01-21,1092.6060966976058
2011-01-24,1127.7243418932985
2011-01-25,1130.9412139021042
2011-01-26,1140.208515045742
2011-01-27,1135.779031129176
2011-01-28,1132.3301758203565
2011-01-31,1121.6688814476395
2011-02-01,1139.834227966259
2011-02-02,1115.194478706401
2011-02-03,1103.471127475246
2011-02-04,1104.951905215303
2011-02-07,1102.0874934179576
2011-02-08,1121.044291309587
2011-02-09,1136.2775517482694
2011-02-10,1129.5221420568175
2011-02-11,1110.331309932684
2011-02-14,1103.6250960113698
2011-02-15,1115.2449937512092
2011-02-16,1116.5656110431914
2011-02-17,1103.1557643292517
2011-02-18,1116.5299023586533
2011-02-22,1121.6425346374708
2011-02-23,1126.172728213778
2011-02-24,1159.8340243578546
2011-02-25,1166.9612009415905
2011-02-28,1154.1388574538573
2011-03-01,1172.390899353183
2011-03-02,1167.5170349573523
2011-03-03,1142.185601497229
2011-03-04,1150.4266490424995
2011-03-07,1170.309437062114
2011-03-08,1179.194719187944
2011-03-09,1186.1757189044001
2011-03-10,1206.7388148187808
2011-03-11,1215.735620333545
2011-03-14,1193.195050539036
2011-03-15,1258.972355215664
2011-03-16,1288.1415749882954
2011-03-17,1300.8879580555126
2011-03-18,1309.6460206308973
2011-03-21,1304.151339904902
2011-03-22,1325.481718399669
2011-03-23,1310.9175545622577
2011-03-24,1326.4735147668675
2011-03-25,1336.3375980364324
2011-03-28,1319.6429783126766
2011-03-29,1293.5208014247694
2011-03-30,1296.4051923679822
2011-03-31,1295.35855290233
2011-04-01,1311.3197772830167
2011-04-04,1327.3579621937913
2011-04-05,1334.5552477852
2011-04-06,1353.869223489741
2011-04-07,1353.4883411024657
2011-04-08,1359.4204550845159
2011-04-11,1354.7285779891859
2011-04-12,1379.700644467476
2011-04-13,1376.3659498912266
2011-04-14,1355.2459917169695
2011-04-15,1345.8243107006285
2011-04-18,1338.780575830799
2011-04-19,1325.3390717047332
2011-04-20,1346.633254918311
2011-04-21,1333.2942238869482
2011-04-25,1358.3463799935332
2011-04-26,1346.7868850507805
2011-04-27,1372.1685921292726
2011-04-28,1391.2453679801606
2011-04-29,1413.7555369525257
2011-05-02,1385.8358730687676
2011-05-03,1374.651544935734
2011-05-04,1376.0641881053473
2011-05-05,1387.7113871910276
2011-05-06,1407.7486893681084
2011-05-09,1407.088164634917
2011-05-10,1384.7993152245404
2011-05-11,1373.3456579524077
2011-05-12,1375.9609076385984
2011-05-13,1355.104390583503
2011-05-16,1357.2636691580049
2011-05-17,1332.841894537503
2011-05-18,1349.8306669241263
2011-05-19,1364.9055272251453
2011-05-20,1372.7102697068374
2011-05-23,1354.3050708479695
2011-05-24,1344.9453519748806
2011-05-25,1378.8329549228206
2011-05-26,1366.2162094156054
2011-05-27,1370.5117680387432
2011-05-31,1353.9957873886474
2011-06-01,1368.9662420513478
2011-06-02,1395.251352979768
2011-06-03,1406.807230944834
2011-06-06,1415.0573094397935
2011-06-07,1406.3089371026256
2011-06-08,1421.5592322250861
2011-06-09,1449.2662969762296
2011-06-10,1429.3291651879024
2011-06-13,1473.6171930963671
2011-06-14,1454.5063843230446
2011-06-15,1457.3014766042654
2011-06-16,1455.21781122327
2011-06-17,1466.7455246071586
2011-06-20,1464.293506248163
2011-06-21,1487.931042291072
2011-06-22,1505.8696644166243
2011-06-23,1516.1039259241222
2011-06-24,1500.5736811241316
2011-06-27,1485.50065231117
2011-06-28,1466.266168149836
2011-06-29,1493.4362656316907
2011-06-30,1483.3348386112352
2011-07-01,1474.9375965125555
2011-07-05,1475.463369427768
2011-07-06,1469.9492536748207
2011-07-07,1495.5547951042818
2011-07-08,1502.7910246075212
2011-07-11,1486.8344579058428
2011-07-12,1480.0173324300542
2011-07-13,1483.099460978817
2011-07-14,1512.9501513206155
2011-07-15,1473.3492307978179
2011-07-18,1462.073220146103
2011-07-19,1481.1612322000833
2011-07-20,1519.2839316439147
2011-07-21,1477.872858093019
2011-07-22,1459.9249936258498
2011-07-25,1477.755999550049
2011-07-26,1463.588817407374
2011-07-27,1457.3257847292646
2011-07-28,1449.4076096689148
2011-07-29,1460.4251119956866
2011-08-01,1447.8784671512947
2011-08-02,1466.1034433777158
2011-08-03,1475.540097265079
2011-08-04,1457.7183760950297
2011-08-05,1477.4086280787587
2011-08-08,1455.6281073821326
2011-08-09,1427.3249035445094
2011-08-10,1437.3771486801961
2011-08-11,1421.0679417520178
2011-08-12,1396.2666433231605
2011-08-15,1350.8979907332118
2011-08-16,1369.2485158903166
2011-08-17,1372.091484063775
2011-08-18,1405.5619842015187
2011-08-19,1410.8011302037185
2011-08-22,1426.7228835713197
2011-08-23,1408.7199496878334
2011-08-24,1435.2030758719977
2011-08-25,1433.0179814687874
2011-08-26,1429.1569420687104
2011-08-29,1417.3657765125304
2011-08-30,1452.4548336122502
2011-08-31,1434.1754571168126
2011-09-01,1442.176309601343
2011-09-02,1452.2423996532386
2011-09-06,1481.2360452788557
2011-09-07,1483.0543183402656
2011-09-08,1468.9819493188018
2011-09-09,1437.6147922225134
2011-09-12,1473.1755584917103
2011-09-13,1451.796697029453
2011-09-14,1449.61956229242
2011-09-15,1431.6027889421766
2011-09-16,1444.7104535000863
2011-09-19,1453.4991962100626
2011-09-20,1466.0236131926276
2011-09-21,1461.5028345067672
2011-09-22,1460.180515858847
2011-09-23,1455.7261440330267
2011-09-26,1459.1584582369862
2011-09-27,1471.8016941739343
2011-09-28,1477.8847019049613
2011-09-29,1489.6064690011183
2011-09-30,1491.612627296946
2011-10-03,1547.4559548819068
2011-10-04,1550.4690398161763
2011-10-05,1545.042377459658
2011-10-06,1530.5252165472968
2011-10-07,1521.4816482861474
2011-10-10,1498.2585982549874
2011-10-11,1520.2213812789755
2011-10-12,1492.862710246086
2011-10-13,1505.826419397017
2011-10-14,1500.0205235163091
2011-10-17,1482.7077203487079
2011-10-18,1493.1927752655636
2011-10-19,1508.4901141420748
2011-10-20,1484.022928528495
2011-10-21,1475.5394971272872
2011-10-24,1460.2926228078038
2011-10-25,1472.6296950686624
2011-10-26,1469.2193338309712
2011-10-27,1432.7817068656664
2011-10-28,1465.282407203081
2011-10-31,1499.0796617160772
2011-11-01,1525.051257663831
2011-11-02,1509.5667693555217
2011-11-03,1525.631653734184
2011-11-04,1506.8622616078885
2011-11-07,1491.3501795373552
2011-11-08,1492.1455806717936
2011-11-09,1479.290483547539
2011-11-10,1461.8340546157544
2011-11-11,1475.2693750769274
2011-11-14,1469.6149774248995
2011-11-15,1460.9594000695263
2011-11-16,1447.3982158815907
2011-11-17,1486.005900380948
2011-11-18,1496.378678057195
2011-11-21,1477.200503968292
2011-11-22,1485.0422043345968
2011-11-23,1477.2392510554587
2011-11-25,1489.4281783426986
2011-11-28,1496.1405474795013
2011-11-29,1480.5899956501705
2011-11-30,1484.145501949244
2011-12-01,1500.8101337879918
2011-12-02,1489.2229764511064
2011-12-05,1515.076139529876
2011-12-06,1512.0588800710534
2011-12-07,1484.0631314573197
2011-12-08,1503.4719086892358
2011-12-09,1504.0079714499625
2011-12-12,1520.7194005500353
2011-12-13,1535.9477024593796
2011-12-14,1550.7952374476426
2011-12-15,1572.8012583905283
2011-12-16,1563.8422923206685
2011-12-19,1561.0849105466416
2011-12-20,1508.1975714846103
2011-12-21,1481.701677304133
2011-12-22,1503.5236601191461
2011-12-23,1514.4688094735595
2011-12-27,1522.317547754087
2011-12-28,1520.9341265411006
2011-12-29,1515.883332387291
2011-12-30,1542.6747514975325
2012-01-03,1553.7268951445888
2012-01-04,1552.6115398358334
2012-01-05,1582.0130484527765
2012-01-06,1576.6765992957066
2012-01-09,1583.8076531378367
2012-01-10,1574.1202575162329
2012-01-11,1550.9456213769597
2012-01-12,1553.4001594187555
2012-01-13,1581.4604985913502
2012-01-17,1601.8080417121969
2012-01-18,1612.4254225367606
2012-01-19,1607.5652007128765
2012-01-20,1605.2755026457373
2012-01-23,1623.1175510532003
2012-01-24,1620.3629437047482
2012-01-25,1600.3762039957098
2012-01-26,1609.0588837563355
2012-01-27,1612.3164383215615
2012-01-30,1596.804896354363
2012-01-31,1613.9395517310747
2012-02-01,1607.3282516830789
2012-02-02,1617.843802902632
2012-02-03,1611.9612446406045
2012-02-06,1622.550533515815
2012-02-07,1643.4649350392242
2012-02-08,1645.3002787990495
2012-02-09,1639.065066272421
2012-02-10,1652.7858614005183
2012-02-13,1639.4331914070708
2012-02-14,1603.8519434155323
2012-02-15,1583.2175450481504
2012-02-16,1605.769157499503
2012-02-17,1601.0871698007713
2012-02-21,1611.1219960048484
2012-02-22,1618.705786204804
2012-02-23,1630.7639834266104
2012-02-24,1582.9783700725145
2012-02-27,1587.2649602905367
2012-02-28,1572.2584172826403
2012-02-29,1550.7064732631557
2012-03-01,1566.3580455649906
2012-03-02,1570.7446970318335
2012-03-05,1580.0117068679112
2012-03-06,1593.403287616607
2012-03-07,1624.5282736224713
2012-03-08,1625.0001901632043
2012-03-09,1619.21306047733
2012-03-12,1599.523976809411
2012-03-13,1554.0176247323607
2012-03-14,1574.2089767483133
2012-03-15,1576.4905233031923
2012-03-16,1583.2845573777615
2012-03-19,1592.6044791135153
2012-03-20,1603.6178625236155
2012-03-21,1618.744606979477
2012-03-22,1604.29770327759
2012-03-23,1591.5236948549561
2012-03-26,1565.697629627063
2012-03-27,1587.2711959715898
2012-03-28,1598.1130244110402
2012-03-29,1599.6159708413797
2012-03-30,1598.7083322669282
2012-04-02,1622.2318584718228
2012-04-03,1604.9143923290137
2012-04-04,1622.4353115249107
2012-04-05,1625.7975517693446
2012-04-09,1639.3445376393074
2012-04-10,1674.354469502941
2012-04-11,1691.585070312389
2012-04-12,1664.9842295734998
2012-04-13,1649.1293504032706
2012-04-16,1667.9455075315684
2012-04-17,1694.1558331916829
2012-04-18,1714.4476531320174
2012-04-19,1705.5343830903848
2012-04-20,1694.156937489824
2012-04-23,1723.8941421994182
2012-04-24,1693.0806714122923
2012-04-25,1693.8091313428024
2012-04-26,1670.6239476283572
2012-04-27,1691.9262092847634
2012-04-30,1698.9389218173399
2012-05-01,1703.084683638764
2012-05-02,1689.1198807549636
2012-05-03,1715.6732960008103
2012-05-04,1728.172966628635
2012-05-07,1708.2533309093442
2012-05-08,1725.3460124057362
2012-05-09,1702.747948117391
2012-05-10,1682.2228397664333
2012-05-11,1712.5323394822206
2012-05-14,1659.1077906791297
2012-05-15,1724.195227655411
2012-05-16,1747.211371600665
2012-05-17,1753.3314172522105
2012-05-18,1756.0141191195025
2012-05-21,1749.0610795721857
2012-05-22,1698.4107185606874
2012-05-23,1688.6882122480122
2012-05-24,1668.919120518448
2012-05-25,1692.6673673602643
2012-05-29,1655.4296568105879
2012-05-30,1646.7353242458812
2012-05-31,1643.7541082185076
2012-06-01,1667.1331091872048
2012-06-04,1672.4686770109447
2012-06-05,1660.7780331947713
2012-06-06,1652.8137820270308
2012-06-07,1616.4519903934327
2012-06-08,1567.4849969237823
2012-06-11,1570.5900232827407
2012-06-12,1561.1873511303393
2012-06-13,1549.890026861957
2012-06-14,1566.1815726164803
2012-06-15,1543.4680142593088
2012-06-18,1538.1635625707693
2012-06-19,1551.686889615518
2012-06-20,1548.405989569173
2012-06-21,1545.7749830583475
2012-06-22,1568.5156764675708
2012-06-25,1586.1847579406242
2012-06-26,1566.6624520155333
2012-06-27,1585.8823067818225
2012-06-28,1581.7256617313885
2012-06-29,1549.2524608652122
2012-07-02,1543.964680668899
2012-07-03,1529.9339962591534
2012-07-05,1536.9756549235792
2012-07-06,1565.194954097418
2012-07-09,1568.699777636989
2012-07-10,1570.7877246614457
2012-07-11,1586.3027333721284
2012-07-12,1582.5718589630626
2012-07-13,1587.4768244583156
2012-07-16,1591.6909189493742
2012-07-17,1601.793059393371
2012-07-18,1651.3960443998715
2012-07-19,1642.3922366917172
2012-07-20,1635.6289425325479
2012-07-23,1648.8564739988797
2012-07-24,1648.2171082616692
2012-07-25,1650.258167859256
2012-07-26,1677.7364446094791
2012-07-27,1664.380859976838
2012-07-30,1653.5587508811705
2012-07-31,1631.050425565043
2012-08-01,1631.5767096180539
2012-08-02,1621.2759140765822
2012-08-03,1633.7707355672912
2012-08-06,1613.212895408452
2012-08-07,1568.2313293793115
2012-08-08,1544.8464311078935
2012-08-09,1566.255946737935
2012-08-10,1593.7561930434968
2012-08-13,1565.7279074401233
2012-08-14,1574.3598557816263
2012-08-15,1571.574144723147
2012-08-16,1594.7890283655936
2012-08-17,1602.6697611776547
2012-08-20,1586.1746691270741
2012-08-21,1597.586598140802
2012-08-22,1629.4287715592377
2012-08-23,1631.364625430093
2012-08-24,1643.0204472659534
2012-08-27,1639.9142859331112
2012-08-28,1639.2232778480106
2012-08-29,1649.0421392273702
2012-08-30,1644.145762117534
2012-08-31,1633.3114117167615
2012-09-04,1617.5005974075377
2012-09-05,1594.625314733178
2012-09-06,1588.086913675893
2012-09-07,1561.785889913593
2012-09-10,1555.546102953087
2012-09-11,1568.7147569044666
2012-09-12,1525.4190076906057
2012-09-13,1542.4570670751152
2012-09-14,1511.7825625930811
2012-09-17,1511.9213169324555
2012-09-18,1511.6255673670566
2012-09-19,1534.880105323502
2012-09-20,1550.0104316375916
2012-09-21,1555.3986758074577
2012-09-24,1568.3404618231689
2012-09-25,1544.2980217459979
2012-09-26,1553.2492442468636
2012-09-27,1546.8568879377383
2012-09-28,1542.3348874993924
2012-10-01,1577.5951858735282
2012-10-02,1582.8639390590085
2012-10-03,1589.292444661923
2012-10-04,1571.069507542811
2012-10-05,1567.3548123391906
2012-10-08,1557.4087636603522
2012-10-09,1511.5248982315215
2012-10-10,1512.2864748088948
2012-10-11,1518.4396618247304
2012-10-12,1550.4456782015145
2012-10-15,1546.250680583844
2012-10-16,1558.7000635870386
2012-10-17,1541.2827425319713
2012-10-18,1540.0081031003924
2012-10-19,1550.2102754401024
2012-10-22,1553.2611103607112
2012-10-23,1555.6306740678922
2012-10-24,1551.79159514615
2012-10-25,1546.1234203875244
2012-10-26,1558.943719328331
2012-10-31,1542.4146574603528
2012-11-01,1507.6912166294337
2012-11-02,1504.9890526982201
2012-11-05,1532.6951438831572
2012-11-06,1515.0749566698116
2012-11-07,1538.1196231855824
2012-11-08,1534.2885487428296
2012-11-09,1516.3020486426706
2012-11-12,1531.6127601990627
2012-11-13,1518.1102051399814
2012-11-14,1508.5454795002242
2012-11-15,1504.821063232205
2012-11-16,1536.396887197867
2012-11-19,1545.1274339571094
2012-11-20,1555.7023811973838
2012-11-21,1569.9656188455263
2012-11-23,1593.3655648998508
2012-11-26,1587.0233283415366
2012-11-27,1594.3428959292778
2012-11-28,1639.7288102675072
2012-11-29,1644.7776523438758
2012-11-30,1616.5116109668083
2012-12-03,1654.6400146476487
2012-12-04,1661.0216618281024
2012-12-05,1654.8777254128272
2012-12-06,1634.658017424326
2012-12-07,1628.5309771260409
2012-12-10,1635.3881719290664
2012-12-11,1632.174697503026
2012-12-12,1614.5614344251524
2012-12-13,1613.2556504138054
2012-12-14,1624.6301064955449
2012-12-17,1601.1875301244775
2012-12-18,1599.096130451972
2012-12-19,1587.0288068848763
2012-12-20,1579.2279713954233
2012-12-21,1556.976441922059
2012-12-24,1547.4896311481773
2012-12-26,1548.6081745945505
2012-12-27,1532.442927547062
2012-12-28,1523.6075938515448
2012-12-31,1513.5298313033395
2013-01-02,1518.742142156809
2013-01-03,1479.581766345833
2013-01-04,1468.3953601669384
2013-01-07,1474.7251458151318
2013-01-08,1467.201669497519
2013-01-09,1501.6931174836127
2013-01-10,1481.0500284680422
2013-01-11,1502.9304013835838
2013-01-14,1540.003155398361
2013-01-15,1527.48774884766
2013-01-16,1473.916606696473
2013-01-17,1495.7699544128357
2013-01-18,1497.9721911243623
2013-01-22,1496.1109652882901
2013-01-23,1444.889377964248
2013-01-24,1429.8324338643542
2013-01-25,1434.1218678220748
2013-01-28,1455.5332362900226
2013-01-29,1433.4910189236252
2013-01-30,1447.5160401877292
2013-01-31,1443.8518548067934
2013-02-01,1441.5478871312055
2013-02-04,1430.4975241818124
2013-02-05,1435.509987570243
2013-02-06,1440.3631835703313
2013-02-07,1457.0682636440279
2013-02-08,1461.5436106162165
2013-02-11,1482.8990873986195
2013-02-12,1457.218531888103
2013-02-13,1435.797544033135
2013-02-14,1432.001842796315
2013-02-15,1411.4765252318452
2013-02-19,1411.153179514572
2013-02-20,1395.3970330651875
2013-02-21,1391.948545263417
2013-02-22,1375.6728301098997
2013-02-25,1378.902759295024
2013-02-26,1358.6684748015698
2013-02-27,1361.5932303761888
2013-02-28,1355.0077707739586
2013-03-01,1347.4967008138328
2013-03-04,1319.1622294112058
2013-03-05,1316.5822786950189
2013-03-06,1264.5951302159972
2013-03-07,1266.1963388513225
2013-03-08,1242.8719132077774
2013-03-11,1258.9234725191945
2013-03-12,1256.5660646802435
2013-03-13,1250.2623437236502
2013-03-14,1286.77851468564
2013-03-15,1300.8145331046562
2013-03-18,1292.427279114428
2013-03-19,1303.734052702982
2013-03-20,1318.3283865501433
2013-03-21,1350.047568728659
2013-03-22,1352.3864664790194
2013-03-25,1337.86132515052
2013-03-26,1335.0232398483176
2013-03-27,1349.6659001810149
2013-03-28,1331.460472989722
2013-04-01,1309.9844993430277
2013-04-02,1306.4335985985974
2013-04-03,1311.3890300583919
2013-04-04,1306.2165883211528
2013-04-05,1290.5766376237034
2013-04-08,1284.4174643906797
2013-04-09,1301.3960469132178
2013-04-10,1316.2404497353039
2013-04-11,1331.486745631882
2013-04-12,1345.0147295659747
2013-04-15,1335.5056882184415
2013-04-16,1340.6639051903962
2013-04-17,1352.2288210829613
2013-04-18,1346.6781721284844
2013-04-19,1342.1953633298526
2013-04-22,1349.1300530517892
2013-04-23,1343.9524177885785
2013-04-24,1342.2335966740336
2013-04-25,1345.0735911823697
2013-04-26,1349.46227509294
2013-04-29,1341.5230622858965
2013-04-30,1350.390088283544
2013-05-01,1356.0004137448793
2013-05-02,1331.8522361550772
2013-05-03,1355.6768237999618
2013-05-06,1357.4940676126168
2013-05-07,1366.8185721151674
2013-05-08,1394.9545967874835
2013-05-09,1395.701377620503
2013-05-10,1401.0700439145805
2013-05-13,1390.78707607618
2013-05-14,1382.9479123217811
2013-05-15,1404.8627259679672
2013-05-16,1362.1117309907397
2013-05-17,1347.2482627814504
2013-05-20,1358.8923893722992
2013-05-21,1375.1312586322492
2013-05-22,1365.9168686086623
2013-05-23,1347.1160360602958
2013-05-24,1347.1838146348923
2013-05-28,1325.7883520226242
2013-05-29,1362.489326916216
2013-05-30,1374.7904972504286
2013-05-31,1352.1545618986886
2013-06-03,1371.4527418414252
2013-06-04,1388.6563351011137
2013-06-05,1423.9596962217936
2013-06-06,1454.998360992744
2013-06-07,1482.450806254212
2013-06-10,1452.3598085848425
2013-06-11,1473.8118530101417
2013-06-12,1487.7835491882433
2013-06-13,1480.6809182143604
2013-06-14,1462.1724212289914
2013-06-17,1465.4505349725764
2013-06-18,1447.6251043943412
2013-06-19,1479.6056853801917
2013-06-20,1468.3543847590931
2013-06-21,1448.9744293581118
2013-06-24,1484.5265403920432
2013-06-25,1488.2025970117832
2013-06-26,1488.186724241708
2013-06-27,1498.0844298559493
2013-06-28,1504.2753533133775
2013-07-01,1505.2825706908795
2013-07-02,1543.8392548508166
2013-07-03,1518.9781416892245
2013-07-05,1529.5257258562092
2013-07-08,1549.992980375945
2013-07-09,1578.0579052752569
2013-07-10,1582.2701436395528
2013-07-11,1604.9856436368686
2013-07-12,1590.659402729414
2013-07-15,1583.4054910590935
2013-07-16,1565.9889308020342
2013-07-17,1571.5578501633179
2013-07-18,1599.8404218437875
2013-07-19,1597.574923044442
2013-07-22,1585.26860399005
2013-07-23,1573.43699893654
2013-07-24,1601.225465012037
2013-07-25,1573.4867774522015
2013-07-26,1570.4194271553308
2013-07-29,1574.6566979983913
2013-07-30,1602.7652466328848
2013-07-31,1589.7678366339917
2013-08-01,1581.8581647687577
2013-08-02,1574.5602833033633
2013-08-05,1601.917449620848
2013-08-06,1590.559997192695
2013-08-07,1587.7067682004017
2013-08-08,1590.2584222130251
2013-08-09,1551.4951167039233
2013-08-12,1583.9517998515362
2013-08-13,1598.4077782856218
2013-08-14,1603.2890441352133
2013-08-15,1594.7415257343866
2013-08-16,1580.9529030053925
2013-08-19,1594.5928204315526
2013-08-20,1606.776285581951
2013-08-21,1637.1980236267668
2013-08-22,1618.66928010543
2013-08-23,1635.6386626446215
2013-08-26,1575.987219689324
2013-08-27,1614.6979824497325
2013-08-28,1596.4915382267754
2013-08-29,1594.114362283512
2013-08-30,1622.306139659071
2013-09-03,1599.1651202164635
2013-09-04,1624.8948777393969
2013-09-05,1647.521809771554
2013-09-06,1689.3099621124343
2013-09-09,1680.787802216044
2013-09-10,1650.9813537552918
2013-09-11,1614.9816938406402
2013-09-12,1585.288029523271
2013-09-13,1607.0230336339441
2013-09-16,1601.6977162531148
2013-09-17,1581.9112398333195
2013-09-18,1603.372592975511
2013-09-19,1605.034660508676
2013-09-20,1617.4729741580013
2013-09-23,1622.2351819557866
2013-09-24,1636.0630556060628
2013-09-25,1651.8197248908837
2013-09-26,1637.6964308566448
2013-09-27,1616.4330024278438
2013-09-30,1612.1622429006534
2013-10-01,1596.7073433442579
2013-10-02,1610.6314684438657
2013-10-03,1617.4900045819293
2013-10-04,1626.2874238137313
2013-10-07,1601.6507190770537
2013-10-08,1628.505116722852
2013-10-09,1611.318895188813
2013-10-10,1617.6222335448772
2013-10-11,1614.0871003647435
2013-10-14,1629.8203159966758
2013-10-15,1628.7491411214703
2013-10-16,1627.5748059460514
2013-10-17,1626.6614701068906
2013-10-18,1658.4688040570434
2013-10-21,1660.5216632402385
2013-10-22,1682.9842444249612
2013-10-23,1686.9465096974036
2013-10-24,1735.4912692671387
2013-10-25,1753.288751693548
2013-10-28,1746.7349053914984
2013-10-29,1723.5632103995026
2013-10-30,1712.8073645452394
2013-10-31,1712.9092802533924
2013-11-01,1686.252344197734
2013-11-04,1728.6780722846509
2013-11-05,1703.2329516185869
2013-11-06,1706.2146487293269
2013-11-07,1746.010075141774
2013-11-08,1743.189173375248
2013-11-11,1755.1305194692907
2013-11-12,1761.0407528121332
2013-11-13,1786.0938893252162
2013-11-14,1796.975346468926
2013-11-15,1788.9346692045904
2013-11-18,1793.4429799308973
2013-11-19,1809.7138305619847
2013-11-20,1856.0195295527496
2013-11-21,1836.961839499545
2013-11-22,1828.414418041333
2013-11-25,1815.8832979403692
2013-11-26,1807.8691732654486
2013-11-27,1787.4023887405594
2013-11-29,1797.3348551015836
2013-12-02,1794.106971938798
2013-12-03,1781.47195149451
2013-12-04,1809.9567674073207
2013-12-05,1801.140594215207
2013-12-06,1766.0767327434387
2013-12-09,1760.1001161596018
2013-12-10,1744.1602542710702
2013-12-11,1738.7801332977408
2013-12-12,1724.4330065901063
2013-12-13,1746.1973838626989
2013-12-16,1761.4907546502643
2013-12-17,1762.1032535643599
2013-12-18,1833.2371461458952
2013-12-19,1833.6981014962084
2013-12-20,1807.2350351278017
2013-12-23,1762.5816909221096
2013-12-24,1749.3012543671887
2013-12-26,1749.0027852280784
2013-12-27,1746.5094292340063
2013-12-30,1770.8661131579677
2013-12-31,1750.0913502994163
2014-01-02,1766.1421235114235
2014-01-03,1753.5126172351731
2014-01-06,1782.11535942658
2014-01-07,1792.3657327239944
2014-01-08,1769.794336637009
2014-01-09,1733.277665350065
2014-01-10,1732.4453132269698
2014-01-13,1801.0965550783278
2014-01-14,1878.3740100140233
2014-01-15,1899.5081236254105
2014-01-16,1912.0188171426946
2014-01-17,1871.2876923483889
2014-01-21,1842.984499143335
2014-01-22,1827.14279778806
2014-01-23,1815.1491342029703
2014-01-24,1802.7081276162771
2014-01-27,1804.3618511869972
2014-01-28,1812.9106774640222
2014-01-29,1809.1077066838602
2014-01-30,1831.1476911020854
2014-01-31,1775.3773557307657
2014-02-03,1739.9182099156208
2014-02-04,1769.9131166293062
2014-02-05,1774.341496475672
2014-02-06,1741.608172237875
2014-02-07,1740.947559803258
2014-02-10,1705.532535629685
2014-02-11,1739.0283275926577
2014-02-12,1736.8711161941753
2014-02-13,1758.479850691528
2014-02-14,1751.7255593976674
2014-02-18,1773.8627678944194
2014-02-19,1795.315636025863
2014-02-20,1811.37651371183
2014-02-21,1832.4127272329158
2014-02-24,1839.3438517740396
2014-02-25,1822.8641414571623
2014-02-26,1831.5639679076944
2014-02-27,1817.4755644312515
2014-02-28,1788.633513374945
2014-03-03,1782.6555425374002
2014-03-04,1785.6189620464706
2014-03-05,1757.4325835872296
2014-03-06,1752.0901716663777
2014-03-07,1734.5581769852436
2014-03-10,1727.993373443726
2014-03-11,1723.8451766222815
2014-03-12,1685.247993558856
2014-03-13,1662.347876011304
2014-03-14,1643.741217753458
2014-03-17,1646.1814343195415
2014-03-18,1654.7582240562065
2014-03-19,1647.1602948471802
2014-03-20,1654.0682261003724
2014-03-21,1653.5750901771837
2014-03-24,1657.0467783870513
2014-03-25,1666.0588645925527
2014-03-26,1684.4547553812693
2014-03-27,1682.048248538328
2014-03-28,1678.6682428013885
2014-03-31,1631.1621023376883
2014-04-01,1644.293644329861
2014-04-02,1663.7636350279288
2014-04-03,1613.2999566188205
2014-04-04,1601.784240900759
2014-04-07,1614.6358060315642
2014-04-08,1605.2458313479117
2014-04-09,1599.6691321888507
2014-04-10,1619.4380195904769
2014-04-11,1643.930110398209
2014-04-14,1645.8920742734526
2014-04-15,1640.9949923085283
2014-04-16,1633.809437274431
2014-04-17,1710.9307394320729
2014-04-21,1718.7547037205236
2014-04-22,1697.4212911905688
2014-04-23,1728.9103621844436
2014-04-24,1683.6233939075962
2014-04-25,1678.9114929249126
2014-04-28,1641.044802692228
2014-04-29,1645.697419670999
2014-04-30,1628.36685873543
2014-05-01,1630.418127296282
2014-05-02,1656.784388587008
2014-05-05,1646.1763530611515
2014-05-06,1632.7768476133347
2014-05-07,1621.5817993807777
2014-05-08,1626.854669550618
2014-05-09,1624.01087365355
2014-05-12,1662.6391117387643
2014-05-13,1664.3793379524545
2014-05-14,1703.6230737797143
2014-05-15,1714.1500534774318
2014-05-16,1706.6460044438625
2014-05-19,1733.6631935884916
2014-05-20,1706.123903224449
2014-05-21,1717.022548415689
2014-05-22,1645.1389388603955
2014-05-23,1661.6311597975625
2014-05-27,1668.8682757583802
2014-05-28,1667.8548195218582
2014-05-29,1670.4811938716452
2014-05-30,1689.1377355635407
2014-06-02,1694.2454836671761
2014-06-03,1660.0573726060181
2014-06-04,1661.2648568244817
2014-06-05,1662.5885248256084
2014-06-06,1668.7857609164425
2014-06-09,1653.7304876684086
2014-06-10,1683.8843890889443
2014-06-11,1676.8467416486815
2014-06-12,1663.6118566370556
2014-06-13,1648.461213393097
2014-06-16,1672.558024853471
2014-06-17,1670.128969160389
2014-06-18,1653.1819199578956
2014-06-19,1643.6124738539324
2014-06-20,1644.0263267293992
2014-06-23,1638.2926837277162
2014-06-24,1618.581808501303
2014-06-25,1629.1006216225296
2014-06-26,1600.128892902606
2014-06-27,1618.8894018321464
2014-06-30,1632.5655497071648
2014-07-01,1640.4656737321418
2014-07-02,1635.1289109760291
2014-07-03,1637.6983879313145
2014-07-07,1623.8975653443738
2014-07-08,1582.3863871448634
2014-07-09,1594.0974212178992
2014-07-10,1586.113321744076
2014-07-11,1559.3034055773462
2014-07-14,1556.1644972006648
2014-07-15,1576.3182169892532
2014-07-16,1548.7848607607855
2014-07-17,1534.744638503393
2014-07-18,1517.6930294981682
2014-07-21,1511.191646937927
2014-07-22,1495.5736878127652
2014-07-23,1493.2468477211833
2014-07-24,1509.355327680117
2014-07-25,1469.4798662767673
2014-07-28,1494.7934941849667
2014-07-29,1478.5008814161338
2014-07-30,1504.0082601016293
2014-07-31,1464.6729505919145
2014-08-01,1456.2696837940973
2014-08-04,1414.6264414690968
2014-08-05,1428.579268260252
2014-08-06,1452.2873676938993
2014-08-07,1409.4589309019195
2014-08-08,1418.642515558029
2014-08-11,1382.5901836223888
2014-08-12,1402.7223530861024
2014-08-13,1418.8813304762566
2014-08-14,1447.1378498208
2014-08-15,1459.0278315968967
2014-08-18,1441.3937171912753
2014-08-19,1452.8269714756725
2014-08-20,1439.0255448348569
2014-08-21,1449.9995104519987
2014-08-22,1427.541263724781
2014-08-25,1416.854532155207
2014-08-26,1417.35346303484
2014-08-27,1432.0289781417503
2014-08-28,1410.7531121900604
2014-08-29,1403.3955282592824
2014-09-02,1372.329366518568
2014-09-03,1399.1295953134004
2014-09-04,1409.1074093658485
2014-09-05,1426.0553064265023
2014-09-08,1433.9391017049863
2014-09-09,1456.7720969630132
2014-09-10,1502.0859278491353
2014-09-11,1491.822160989968
2014-09-12,1500.5780109429115
2014-09-15,1503.6672680180404
2014-09-16,1485.308819099777
2014-09-17,1490.6665700223953
2014-09-18,1523.5363943889442
2014-09-19,1515.81597191406
2014-09-22,1512.7775791169906
2014-09-23,1509.79645369478
2014-09-24,1545.0608880784487
2014-09-25,1514.516080790286
2014-09-26,1507.165906560547
2014-09-29,1493.5412457345253
2014-09-30,1474.3018759131055
2014-10-01,1435.0547551772456
2014-10-02,1410.115727785614
2014-10-03,1379.6858559743341
2014-10-06,1426.988792016338
2014-10-07,1378.9845002949205
2014-10-08,1359.7231096603007
2014-10-09,1333.9864678195945
2014-10-10,1330.0304645555586
2014-10-13,1342.6498451316338
2014-10-14,1357.8515997624295
2014-10-15,1366.315373225097
2014-10-16,1359.2093704902568
2014-10-17,1338.0751080851485
2014-10-20,1346.8170461572272
2014-10-21,1374.9442009188292
2014-10-22,1382.6043214865228
2014-10-23,1384.781872356724
2014-10-24,1405.9211494249657
2014-10-27,1386.179347590699
2014-10-28,1365.9100301993456
2014-10-29,1361.2865319941307
2014-10-30,1361.5745623173923
2014-10-31,1373.1432594324801
2014-11-03,1360.7790135752077
2014-11-04,1362.4040740680941
2014-11-05,1380.470756081297
2014-11-06,1386.6624382500304
2014-11-07,1390.826269572849
2014-11-10,1361.5052453602248
2014-11-11,1369.027628067039
2014-11-12,1385.0222644838957
2014-11-13,1410.447154209923
2014-11-14,1375.7113433696213
2014-11-17,1373.0239745249369
2014-11-18,1359.6709744073773
2014-11-19,1333.0317727664844
2014-11-20,1322.9720313420128
2014-11-21,1327.8447365646878
2014-11-24,1327.7562936955226
2014-11-25,1323.82887127753
2014-11-26,1319.7121582590844
2014-11-28,1318.4382007721829
2014-12-01,1323.695170214694
2014-12-02,1324.6736194340133
2014-12-03,1324.854910963523
2014-12-04,1359.7737010451592
2014-12-05,1368.1824087356467
2014-12-08,1378.2809469253355
2014-12-09,1381.4254784015452
2014-12-10,1364.7551165739683
2014-12-11,1366.738026775101
2014-12-12,1383.5467373263502
2014-12-15,1398.3010968131732
2014-12-16,1388.6066495738128
2014-12-17,1367.7527362425185
2014-12-18,1355.5926854056197
2014-12-19,1370.8189160628333
2014-12-22,1362.6312892040664
2014-12-23,1331.35151380553
2014-12-24,1321.2686510941603
2014-12-26,1304.176285744921
2014-12-29,1313.7799964243407
2014-12-30,1330.7399469407503
2014-12-31,1323.2779927551085
2015-01-02,1319.082600949493
2015-01-05,1345.524504574672
2015-01-06,1353.6056076558823
2015-01-07,1360.050996646187
2015-01-08,1356.9750549443413
2015-01-09,1404.3597709658295
2015-01-12,1389.6840392119525
2015-01-13,1383.557630827083
2015-01-14,1382.360159070556
2015-01-15,1380.6481026938654
2015-01-16,1369.8914046403313
2015-01-20,1368.2199905686482
2015-01-21,1370.642614488874
2015-01-22,1351.03905227301
2015-01-23,1366.199563254486
2015-01-26,1370.8914729549078
2015-01-27,1356.1695131790548
2015-01-28,1380.6126339980672
2015-01-29,1407.3718269489304
2015-01-30,1357.8659300724837
2015-02-02,1353.9180261011481
2015-02-03,1361.569469254155
2015-02-04,1351.3278042615868
2015-02-05,1364.3273479294471
2015-02-06,1377.0793636586257
2015-02-09,1361.9253410075492
2015-02-10,1353.3657064468575
2015-02-11,1354.1230113624242
2015-02-12,1345.015137718394
2015-02-13,1335.5560478589491
2015-02-17,1299.0268301973517
2015-02-18,1293.7974920070503
2015-02-19,1304.9272002475097
2015-02-20,1308.1144757172285
2015-02-23,1302.0316936666065
2015-02-24,1308.7742728483877
2015-02-25,1350.680613769416
2015-02-26,1345.372216902277
2015-02-27,1331.7352618629195
2015-03-02,1352.556554833938
2015-03-03,1366.647057779906
2015-03-04,1366.8466343944526
2015-03-05,1371.5392404844326
2015-03-06,1371.2827067376356
2015-03-09,1351.6664205248148
2015-03-10,1349.0487610357716
2015-03-11,1342.7815384862893
2015-03-12,1308.9107712318064
2015-03-13,1289.2474842870474
2015-03-16,1292.2961139141478
2015-03-17,1291.1034854798215
2015-03-18,1291.6843811019733
2015-03-19,1307.5528354487199
2015-03-20,1306.809054446459
2015-03-23,1327.3607380514886
2015-03-24,1356.7890113390793
2015-03-25,1366.821801354794
2015-03-26,1386.434864546379
2015-03-27,1407.8940704921026
2015-03-30,1431.5791096258733
2015-03-31,1455.7919675585276
2015-04-01,1441.6673750324655
2015-04-02,1457.8331636514977
2015-04-06,1469.1898195843246
2015-04-07,1452.465297067269
2015-04-08,1480.3951828981997
2015-04-09,1475.2705254352504
2015-04-10,1476.3628386313458
2015-04-13,1473.0370205558527
2015-04-14,1448.660267525895
2015-04-15,1440.3371086585364
2015-04-16,1424.5776520450515
2015-04-17,1426.8565144023103
2015-04-20,1405.736198126234
2015-04-21,1430.087520532248
2015-04-22,1448.0554225778035
2015-04-23,1471.010585001494
2015-04-24,1459.9770703115175
2015-04-27,1450.5976853705822
2015-04-28,1488.6472026342933
2015-04-29,1451.9035136709463
2015-04-30,1489.3316267030273
2015-05-01,1505.521828825324
2015-05-04,1472.963928154055
2015-05-05,1471.3901056513678
2015-05-06,1455.3856158619994
2015-05-07,1472.7716215499643
2015-05-08,1450.4689945638522
2015-05-11,1473.3868103493235
2015-05-12,1469.3209224328316
2015-05-13,1483.218482294156
2015-05-14,1474.0338786058337
2015-05-15,1486.86528187026
2015-05-18,1471.3897506095013
2015-05-19,1479.1673451759866
2015-05-20,1446.0583699263718
2015-05-21,1447.0933248362442
2015-05-22,1467.8091854658637
2015-05-26,1454.0513326569344
2015-05-27,1448.3269742672928
2015-05-28,1494.7475151580663
2015-05-29,1463.8435530543854
2015-06-01,1468.2248884656167
2015-06-02,1462.1374476023434
2015-06-03,1458.122569370702
2015-06-04,1491.3540528255899
2015-06-05,1485.2497218918434
2015-06-08,1483.6222623088747
2015-06-09,1485.866065078037
2015-06-10,1481.0057868983172
2015-06-11,1456.2271905889136
2015-06-12,1452.8664438873493
2015-06-15,1419.1901696102723
2015-06-16,1460.9362510362323
2015-06-17,1455.5187712266975
2015-06-18,1455.1271199542355
2015-06-19,1454.4772585189728
2015-06-22,1436.2971508524338
2015-06-23,1442.2363821290892
2015-06-24,1436.8781335039155
2015-06-25,1457.0978487564191
2015-06-26,1460.2296279734715
2015-06-29,1456.5479080316259
2015-06-30,1462.4686533457877
2015-07-01,1475.561579527722
2015-07-02,1478.4734316023234
2015-07-06,1476.7857396801141
2015-07-07,1456.5181041047413
2015-07-08,1474.7305218364402
2015-07-09,1467.3491246019887
2015-07-10,1457.3989156872783
2015-07-13,1455.3254078736018
2015-07-14,1424.922622418306
2015-07-15,1441.360452336994
2015-07-16,1462.140132147752
2015-07-17,1431.3393318053083
2015-07-20,1416.581059030876
2015-07-21,1431.0375859707178
2015-07-22,1472.186383572897
2015-07-23,1500.076370539718
2015-07-24,1494.881888734998
2015-07-27,1476.0323665366898
2015-07-28,1465.2229015921369
2015-07-29,1458.5049430530162
2015-07-30,1447.1480275498548
2015-07-31,1457.0978383429556
2015-08-03,1482.998855413381
2015-08-04,1487.3677590495088
2015-08-05,1454.5446903590203
2015-08-06,1468.8976687353786
2015-08-07,1498.9215614404075
2015-08-10,1489.5688979139065
2015-08-11,1488.9054923036088
2015-08-12,1480.6127806810357
2015-08-13,1492.661651131448
2015-08-14,1499.0885937828257
2015-08-17,1487.0011241293892
2015-08-18,1470.5872712232235
2015-08-19,1480.3295915803176
2015-08-20,1478.0329361897554
2015-08-21,1476.5788417431907
2015-08-24,1449.9557794959785
2015-08-25,1474.8812062036282
2015-08-26,1499.2699498755483
2015-08-27,1488.6034047778537
2015-08-28,1482.8185498117605
2015-08-31,1479.6809132007463
2015-09-01,1492.029804247394
2015-09-02,1469.2732846663212
2015-09-03,1467.5165568101522
2015-09-04,1469.4499327179237
2015-09-08,1457.454059087758
2015-09-09,1440.7384252338607
2015-09-10,1450.6654734724066
2015-09-11,1410.7683416881252
2015-09-14,1396.257280861314
2015-09-15,1381.1835443148325
2015-09-16,1385.3035839434237
2015-09-17,1401.0787701341833
2015-09-18,1368.5041533956405
2015-09-21,1344.3563797721758
2015-09-22,1350.8486550467987
2015-09-23,1391.1496443468236
2015-09-24,1355.1261985054025
2015-09-25,1359.9518778698705
2015-09-28,1339.5203838535774
2015-09-29,1344.6942659639428
2015-09-30,1337.5712931415108
2015-10-01,1317.8850166191353
2015-10-02,1307.9620864545202
2015-10-05,1281.9666129418601
2015-10-06,1283.0826345880312
2015-10-07,1291.2420381362288
2015-10-08,1285.2892370196078
2015-10-09,1263.8645711077947
2015-10-12,1260.508189532774
2015-10-13,1246.980455663109
2015-10-14,1264.6679796273813
2015-10-15,1248.5207005465495
2015-10-16,1236.748324812331
2015-10-19,1211.2104232206307
2015-10-20,1208.0915472215586
2015-10-21,1231.0551298242106
2015-10-22,1217.9745322884414
2015-10-23,1216.0823921965307
2015-10-26,1244.851230155753
2015-10-27,1249.3684041165502
2015-10-28,1281.9832830639152
2015-10-29,1283.820627402827
2015-10-30,1307.4059109057903
2015-11-02,1297.4099139301939
2015-11-03,1303.6782138611175
2015-11-04,1310.6067617925064
2015-11-05,1315.780899023613
2015-11-06,1324.580369739495
2015-11-09,1342.2240324612042
2015-11-10,1339.841609063879
2015-11-11,1336.4427272734827
2015-11-12,1363.4993140477834
2015-11-13,1361.0054706862447
2015-11-16,1360.3528150327732
2015-11-17,1365.9526956619154
2015-11-18,1392.1870208504831
2015-11-19,1390.4036584351738
2015-11-20,1381.926982323271
2015-11-23,1405.3667318012128
2015-11-24,1419.0468150993795
2015-11-25,1388.3491196575458
2015-11-27,1388.162023510897
2015-11-30,1382.5890698129635
2015-12-01,1377.2182860600317
2015-12-02,1369.8375170801983
2015-12-03,1360.145562118833
2015-12-04,1363.7880300465768
2015-12-07,1357.9545418195814
2015-12-08,1369.0339291234711
2015-12-09,1366.071784361303
2015-12-10,1393.3225566272154
2015-12-11,1372.5655758393784
2015-12-14,1362.0234934517591
2015-12-15,1383.81939845752
2015-12-16,1372.2855691656805
2015-12-17,1374.8994123228463
2015-12-18,1362.3279020146315
2015-12-21,1358.4025787652386
2015-12-22,1355.681441424513
2015-12-23,1356.7107971818896
2015-12-24,1349.3655855515653
2015-12-28,1339.5688250800981
2015-12-29,1332.021610753314
2015-12-30,1293.709783999693
2015-12-31,1324.1348334453207
2016-01-04,1324.1774734133096
2016-01-05,1327.5632657096594
2016-01-06,1327.9521369415652
2016-01-07,1294.2623819080438
2016-01-08,1320.1911747250792
2016-01-11,1302.9224964619455
2016-01-12,1288.551663613781
2016-01-13,1278.914954977302
2016-01-14,1292.2229059701683
2016-01-15,1300.2636539222528
2016-01-19,1304.730815734805
2016-01-20,1333.7891588612765
2016-01-21,1347.9634629120521
2016-01-22,1320.0396998597232
2016-01-25,1320.504361143277
2016-01-26,1316.533628018256
2016-01-27,1328.658417724052
2016-01-28,1323.246501205851
2016-01-29,1327.2456979521965
2016-02-01,1337.9649562953384
2016-02-02,1361.1718960083304
2016-02-03,1386.7591000831856
2016-02-04,1367.7768346068656
2016-02-05,1355.0527037472184
2016-02-08,1352.5953917717118
2016-02-09,1355.842695985203
2016-02-10,1368.4843926364863
2016-02-11,1387.0504914304706
2016-02-12,1373.4356214008553
2016-02-16,1367.8005300251205
2016-02-17,1353.9313433679945
2016-02-18,1339.8959769159287
2016-02-19,1352.739576969779
2016-02-22,1341.374250918924
2016-02-23,1338.7249200150698
2016-02-24,1349.3514846336573
2016-02-25,1389.0698780679459
2016-02-26,1422.9517384633132
2016-02-29,1443.9050427145837
2016-03-01,1449.0609067698033
2016-03-02,1450.215485273389
2016-03-03,1446.3371704170322
2016-03-04,1465.7199072476826
2016-03-07,1474.3069449942204
2016-03-08,1474.9173317726206
2016-03-09,1466.2435664678317
2016-03-10,1487.2975912677844
2016-03-11,1511.3203632624593
2016-03-14,1547.6531117526874
2016-03-15,1558.952326269289
2016-03-16,1546.260398762573
2016-03-17,1546.6689855522
2016-03-18,1531.713591587645
2016-03-21,1522.0755586654657
2016-03-22,1521.5552149454122
2016-03-23,1505.2780806709973
2016-03-24,1477.8268745390512
2016-03-28,1490.2192333198868
2016-03-29,1460.9540690025879
2016-03-30,1443.2350823620764
2016-03-31,1438.1237855050003
2016-04-01,1447.142009884462
2016-04-04,1453.9435080557562
2016-04-05,1463.0005326903226
2016-04-06,1435.115091598344
2016-04-07,1433.7066570340476
2016-04-08,1453.7034416595268
2016-04-11,1436.4173878196466
2016-04-12,1418.5673657837438
2016-04-13,1422.9615735403827
2016-04-14,1403.4895731814681
2016-04-15,1400.4332139183448
2016-04-18,1390.5293292908802
2016-04-19,1386.1827649695413
2016-04-20,1387.6480098161119
2016-04-21,1376.1538895226781
2016-04-22,1397.4037333083268
2016-04-25,1381.052001862055
2016-04-26,1357.823173208103
2016-04-27,1343.8868112538146
2016-04-28,1355.4816864574557
2016-04-29,1356.2887747568523
2016-05-02,1347.7277613234319
2016-05-03,1374.8791962668279
2016-05-04,1389.9328049295627
2016-05-05,1409.9274550403613
2016-05-06,1402.5810646497966
2016-05-09,1405.621079810509
2016-05-10,1369.9795443522685
2016-05-11,1324.1537378235887
2016-05-12,1313.5048551904736
2016-05-13,1319.9263846850592
2016-05-16,1324.2483527662405
2016-05-17,1314.9090846814838
2016-05-18,1282.206703785972
2016-05-19,1312.365397073397
2016-05-20,1315.1249963348375
2016-05-23,1310.998916516709
2016-05-24,1309.8884727473085
2016-05-25,1300.0345790420668
2016-05-26,1272.5908418903468
2016-05-27,1254.5296140673274
2016-05-31,1236.2781579267971
2016-06-01,1232.9918462198546
2016-06-02,1242.2570319039605
2016-06-03,1261.9189151613296
2016-06-06,1238.410986310483
2016-06-07,1236.330993339382
2016-06-08,1257.492641641086
2016-06-09,1264.895509558665
2016-06-10,1272.7973490180934
2016-06-13,1260.7177658663377
2016-06-14,1255.389674568221
2016-06-15,1268.8085746467514
2016-06-16,1245.4238939575405
2016-06-17,1280.3749823538972
2016-06-20,1310.755451651442
2016-06-21,1315.5990284452782
2016-06-22,1339.098223868442
2016-06-23,1354.4943879103562
2016-06-24,1347.40927298785
2016-06-27,1368.4308312395722
2016-06-28,1371.6250869018304
2016-06-29,1361.893102575101
2016-06-30,1396.5378472721984
2016-07-01,1402.097210178781
2016-07-05,1399.857937650841
2016-07-06,1441.3649322569984
2016-07-07,1435.5516737584455
2016-07-08,1470.4704413320924
2016-07-11,1468.468206826996
2016-07-12,1474.341457848362
2016-07-13,1473.7920257045753
2016-07-14,1509.3180752644403
2016-07-15,1529.7517380138645
2016-07-18,1480.3415403923939
2016-07-19,1517.8855326890518
2016-07-20,1523.2568530860538
2016-07-21,1548.3899044518678
2016-07-22,1534.9022680822607
2016-07-25,1524.9460325070115
2016-07-26,1526.762169555383
2016-07-27,1550.1133434179135
2016-07-28,1559.9679105334508
2016-07-29,1533.1243153295404
2016-08-01,1478.4501751076714
2016-08-02,1497.3615392230797
2016-08-03,1522.7563252402674
2016-08-04,1512.286432779105
2016-08-05,1541.9171085705602
2016-08-08,1565.732283130846
2016-08-09,1614.1545896813036
2016-08-10,1593.7763107415526
2016-08-11,1597.8146384361205
2016-08-12,1552.48268358732
2016-08-15,1550.5605131111242
2016-08-16,1552.986085868458
2016-08-17,1561.5328389954125
2016-08-18,1597.614398501933
2016-08-19,1589.850263599842
2016-08-22,1589.4953202731897
2016-08-23,1551.188227046279
2016-08-24,1554.0506339487831
2016-08-25,1549.5115083065891
2016-08-26,1548.8656457816137
2016-08-29,1577.4179288794733
2016-08-30,1604.486116505014
2016-08-31,1588.6298695172668
2016-09-01,1592.7985145780729
2016-09-02,1567.5740996439206
2016-09-06,1573.3346027505108
2016-09-07,1595.3284425108563
2016-09-08,1597.1639298475566
2016-09-09,1605.5332771666447
2016-09-12,1637.1375755678866
2016-09-13,1641.2351629530542
2016-09-14,1632.6745574419874
2016-09-15,1650.7113201785942
2016-09-16,1643.373430455494
2016-09-19,1645.7880953385468
2016-09-20,1631.290568509926
2016-09-21,1639.128107844295
2016-09-22,1622.9795969570773
2016-09-23,1617.5038846005514
2016-09-26,1643.4317715080736
2016-09-27,1658.628892475335
2016-09-28,1641.0125434213835
2016-09-29,1648.0618267415423
2016-09-30,1645.0336509038987
2016-10-03,1670.4997119169211
2016-10-04,1681.125799622481
2016-10-05,1668.137430185773
2016-10-06,1665.248352705005
2016-10-07,1702.5129960390063
2016-10-10,1725.7210521608781
2016-10-11,1712.60277347449
2016-10-12,1735.7233282773423
2016-10-13,1705.6950922647316
2016-10-14,1665.8095182750017
2016-10-17,1666.8406961927592
2016-10-18,1675.4406074242777
2016-10-19,1686.8568935592793
2016-10-20,1682.2058558495705
2016-10-21,1685.5093492996505
2016-10-24,1653.8320942163305
2016-10-25,1663.5826131720637
2016-10-26,1633.1438954539183
2016-10-27,1614.4098260186768
2016-10-28,1629.4265327923802
2016-10-31,1626.158745546638
2016-11-01,1635.7443176864224
2016-11-02,1645.994396280063
2016-11-03,1642.5506373742626
2016-11-04,1650.1598735932625
2016-11-07,1652.3168402778329
2016-11-08,1625.6132332721259
2016-11-09,1651.905719167459
2016-11-10,1664.2251624330088
2016-11-11,1641.1683196756203
2016-11-14,1655.331285512904
2016-11-15,1688.358917478273
2016-11-16,1677.1896345506452
2016-11-17,1630.3872938645925
2016-11-18,1606.0109644402366
2016-11-21,1589.9980169090259
2016-11-22,1591.6767890181204
2016-11-23,1605.1233169686614
2016-11-25,1600.7949328016095
2016-11-28,1642.0486611785163
2016-11-29,1640.4877586289645
2016-11-30,1614.760467892224
2016-12-01,1625.1782295691391
2016-12-02,1574.1319781364773
2016-12-05,1556.7882323072643
2016-12-06,1574.0740984881406
2016-12-07,1564.067798183571
2016-12-08,1571.3589008216832
2016-12-09,1578.4219042356501
2016-12-12,1606.8399427282516
2016-12-13,1624.841188782129
2016-12-14,1639.2332672401822
2016-12-15,1646.3024852425713
2016-12-16,1652.5043330618714
2016-12-19,1695.7944422430633
2016-12-20,1706.4020377653974
2016-12-21,1706.3620486881034
2016-12-22,1711.6574402317535
2016-12-23,1711.4745155830155
2016-12-27,1725.172342117464
2016-12-28,1749.288188131955
2016-12-29,1742.5711527298756
2016-12-30,1802.4605753184144
2017-01-03,1792.2933413146473
2017-01-04,1799.3653327473053
2017-01-05,1825.8266261240763
2017-01-06,1842.2580638530492
2017-01-09,1835.1417523657474
2017-01-10,1877.8488029848556
2017-01-11,1877.9201246490645
2017-01-12,1905.923129946195
2017-01-13,1912.7392083369857
2017-01-17,1955.1382922613825
2017-01-18,1919.678840883138
2017-01-19,1927.2376236094951
2017-01-20,1951.723718854022
2017-01-23,1938.9204378557006
2017-01-24,1939.2005903732836
2017-01-25,1906.8392405844995
2017-01-26,1866.1877141062605
2017-01-27,1856.2735399502992
2017-01-30,1817.2835037442414
2017-01-31,1825.788141029134
2017-02-01,1830.014557332735
2017-02-02,1828.636450398351
2017-02-03,1821.0754594877142
2017-02-06,1810.6961263462322
2017-02-07,1833.6542517945297
2017-02-08,1805.2553087336846
2017-02-09,1790.2505885610192
2017-02-10,1801.7138910047552
2017-02-13,1832.1120846987856
2017-02-14,1834.7114634442128
2017-02-15,1810.321160236757
2017-02-16,1825.481837918528
2017-02-17,1826.0038712037763
2017-02-21,1842.417216102094
2017-02-22,1826.3170657450637
2017-02-23,1880.115241093596
2017-02-24,1878.3942701165888
2017-02-27,1892.4098707312512
2017-02-28,1908.4790130369836
2017-03-01,1942.3906472863289
2017-03-02,1924.681810239807
2017-03-03,1934.8634371637472
2017-03-06,1936.8459937912835
2017-03-07,1979.5563809085334
2017-03-08,1973.2773297548977
2017-03-09,1994.8116496619261
2017-03-10,1983.8404231067304
2017-03-13,1983.080674606265
2017-03-14,1977.3965543576946
2017-03-15,1992.9691684376533
2017-03-16,1993.6237312644355
2017-03-17,1981.791720401364
2017-03-20,1988.1511999266677
2017-03-21,1952.3796525960995
2017-03-22,1996.2521834346503
2017-03-23,1999.3510306790902
2017-03-24,2004.3468575474835
2017-03-27,1971.9998665912453
2017-03-28,1979.098294848276
2017-03-29,1941.002421869031
2017-03-30,1961.8392168884582
2017-03-31,1966.022208324447
2017-04-03,1997.3421029510587
2017-04-04,2001.8917551519878
2017-04-05,2015.1674982112052
2017-04-06,2019.879490266463
2017-04-07,2031.964323384951
2017-04-10,1977.1246694529825
2017-04-11,1973.5286985985415
2017-04-12,2015.0688437060019
2017-04-13,2061.7240589764324
2017-04-17,2057.075958154914
2017-04-18,2073.988684192124
2017-04-19,2088.4997744019565
2017-04-20,2091.622970313769
2017-04-21,2151.0217760736878
2017-04-24,2143.907602871796
2017-04-25,2144.2771235294194
2017-04-26,2167.0849772702963
2017-04-27,2158.7786926830536
2017-04-28,2163.609058017103
2017-05-01,2143.5355552911183
2017-05-02,2146.7879049657154
2017-05-03,2187.2328582096825
2017-05-04,2215.2457496871775
2017-05-05,2199.1416431683574
2017-05-08,2205.1201647902303
2017-05-09,2177.793692290332
2017-05-10,2162.994213788739
2017-05-11,2171.162462476712
2017-05-12,2194.704378137265
2017-05-15,2165.2735264615585
2017-05-16,2149.4820498286767
2017-05-17,2157.4340146055833
2017-05-18,2163.2686665924434
2017-05-19,2157.5968895534575
2017-05-22,2137.8800382507975
2017-05-23,2172.5298391917863
2017-05-24,2134.469604401823
2017-05-25,2145.9818037310733
2017-05-26,2095.6357264640083
2017-05-30,2061.283199596004
2017-05-31,2067.752695332
2017-06-01,2082.4263916857753
2017-06-02,2059.2193171550207
2017-06-05,2065.2429320512774
2017-06-06,2000.5244146099687
2017-06-07,1992.74592762733
2017-06-08,1962.465987022873
2017-06-09,1958.9960881005225
2017-06-12,1923.789565828903
2017-06-13,1970.3077424876885
2017-06-14,1953.5141887309169
2017-06-15,1972.2122006896798
2017-06-16,1980.2245451385636
2017-06-19,1990.6513897481966
2017-06-20,1995.86661463677
2017-06-21,1997.3129054523895
2017-06-22,2021.662079941785
2017-06-23,2041.0669092757312
2017-06-26,2051.695074638348
2017-06-27,2085.609824854724
2017-06-28,2052.267934070235
2017-06-29,2032.278686255686
2017-06-30,2024.0296156080165
2017-07-03,2010.0420810483706
2017-07-05,2069.389817925918
2017-07-06,2051.1435018142133
2017-07-07,2036.547298106029
2017-07-10,2054.130069122056
2017-07-11,2038.3654690425562
2017-07-12,2061.1598306058013
2017-07-13,2075.44855707331
2017-07-14,2053.426363916782
2017-07-17,2048.988137010745
2017-07-18,2057.826299606441
2017-07-19,2032.2764102704723
2017-07-20,1983.019668766783
2017-07-21,1980.3348141651304
2017-07-24,2014.1606781371959
2017-07-25,1958.4263236560157
2017-07-26,1932.0676937478868
2017-07-27,1951.8591832450422
2017-07-28,1959.9201286268246
2017-07-31,1977.7887614539004
2017-08-01,1925.0482759456145
2017-08-02,1917.2613790322885
2017-08-03,1871.3680984376354
2017-08-04,1897.8155236178702
2017-08-07,1863.8324280206725
2017-08-08,1887.9978214301873
2017-08-09,1890.767316897709
2017-08-10,1924.5671636464897
2017-08-11,1861.1365012966617
2017-08-14,1851.9167740640728
2017-08-15,1852.7386821915954
2017-08-16,1790.2208686836734
2017-08-17,1804.41079021289
2017-08-18,1818.5650507954188
2017-08-21,1821.0208136016665
2017-08-22,1789.3196418411387
2017-08-23,1818.6360639712382
2017-08-24,1832.0784851408387
2017-08-25,1858.7993100580754
2017-08-28,1854.41641005856
2017-08-29,1870.3519881027519
2017-08-30,1889.8964839702733
2017-08-31,1884.3717123889387
2017-09-01,1887.0439936427524
2017-09-05,1867.525738791277
2017-09-06,1851.2433817593699
2017-09-07,1876.1036829336535
2017-09-08,1888.389609608922
2017-09-11,1875.284188156037
2017-09-12,1861.5452399156666
2017-09-13,1867.5616603756032
2017-09-14,1859.8229255582537
2017-09-15,1848.1563137849503
2017-09-18,1843.5664391778366
2017-09-19,1879.6662439070728
2017-09-20,1882.2729084468579
2017-09-21,1907.9153417775722
2017-09-22,1938.8592645855472
2017-09-25,1932.5958788797075
2017-09-26,1949.2383068637644
2017-09-27,1949.7239244037455
2017-09-28,1962.8543522971713
2017-09-29,1911.425285512885
2017-10-02,1919.650390845403
2017-10-03,1919.8499312782028
2017-10-04,1910.541912915259
2017-10-05,1879.6409479644176
2017-10-06,1868.155199124446
2017-10-09,1853.3885648979185
2017-10-10,1897.020526609798
2017-10-11,1948.5985280279601
2017-10-12,1901.1791172220517
2017-10-13,1932.2997152176492
2017-10-16,1914.2387691191132
2017-10-17,1943.004735965259
2017-10-18,1966.488679369244
2017-10-19,2007.9210366204593
2017-10-20,2020.0864051387277
2017-10-23,2043.3063058162072
2017-10-24,2044.139610830143
2017-10-25,2016.488703004853
2017-10-26,2013.823187782406
2017-10-27,1993.0307414007953
2017-10-30,1961.4228942793707
2017-10-31,1988.3785398825455
2017-11-01,1952.254824932856
2017-11-02,1950.6227353489026
2017-11-03,1977.556262268278
2017-11-06,1962.6299329348253
2017-11-07,1934.8113993119168
2017-11-08,1915.3923080800203
2017-11-09,1900.5719149526833
2017-11-10,1903.254878574897
2017-11-13,1893.2324594838485
2017-11-14,1915.4434801905966
2017-11-15,1913.1203110910583
2017-11-16,1960.55261244872
2017-11-17,1955.567696510925
2017-11-20,1936.7241587051521
2017-11-21,1924.025649687385
2017-11-22,1879.3835406691635
2017-11-24,1831.9943027805632
2017-11-27,1811.6626772522925
2017-11-28,1785.932361523513
2017-11-29,1817.9597999413475
2017-11-30,1846.7429560666324
2017-12-01,1878.7973131701608
2017-12-04,1856.4895240558844
2017-12-05,1857.3333741711785
2017-12-06,1848.909020314998
2017-12-07,1849.979241204983
2017-12-08,1820.7934673121902
2017-12-11,1799.6546668583223
2017-12-12,1836.6887920962954
2017-12-13,1812.3759280844754
2017-12-14,1837.4282825940043
2017-12-15,1853.1871288763261
2017-12-18,1842.5704827528168
2017-12-19,1858.1927702246767
2017-12-20,1848.369319481032
2017-12-21,1810.6701306571927
2017-12-22,1810.4775004489752
2017-12-26,1806.8146260594035
2017-12-27,1814.831005590224
2017-12-28,1846.4737802667196
2017-12-29,1862.6554394300554
2018-01-02,1869.72950151658
2018-01-03,1862.7773519330638
2018-01-04,1868.3332407099317
2018-01-05,1858.0751550308953
2018-01-08,1845.006657353477
2018-01-09,1836.2064947684157
2018-01-10,1862.5616142192473
2018-01-11,1889.4225941811828
2018-01-12,1882.133124158423
2018-01-16,1887.3582254151715
2018-01-17,1836.8378228140186
2018-01-18,1861.3933940045285
2018-01-19,1891.3013124970373
2018-01-22,1919.346399321265
2018-01-23,1843.8687209355512
2018-01-24,1834.649047042389
2018-01-25,1848.67750845047
2018-01-26,1834.1674554183926
2018-01-29,1839.0600439039863
2018-01-30,1831.4771453493388
2018-01-31,1844.9137229466248
2018-02-01,1864.4405547922247
2018-02-02,1856.6686015472708
2018-02-05,1906.0882916939738
2018-02-06,1894.0236999497706
2018-02-07,1919.4871514325246
2018-02-08,1934.8451477373687
2018-02-09,1962.540601636882
2018-02-12,1948.5264375330385
2018-02-13,1955.167592485674
2018-02-14,1928.069627145709
2018-02-15,1924.5457891225626
2018-02-16,1954.405966090163
2018-02-20,1958.0335684647257
2018-02-21,1990.3494300116959
2018-02-22,1992.8407783131613
2018-02-23,2022.3401671544104
2018-02-26,2008.0322682105734
2018-02-27,1988.9807768117878
2018-02-28,1968.2691082758872
2018-03-01,1931.0370496393855
2018-03-02,1967.0459507646135
2018-03-05,1971.188778396939
2018-03-06,1949.8741303915583
2018-03-07,1961.297339575171
2018-03-08,1957.5126995307037
2018-03-09,1957.5131250090185
2018-03-12,1961.4056499250964
2018-03-13,1877.9293346643678
2018-03-14,1888.8910814416065
2018-03-15,1865.6265826383558
2018-03-16,1875.4433007538603
2018-03-19,1913.9923124165498
2018-03-20,1933.1441918371586
2018-03-21,1962.9391198799526
2018-03-22,1937.174252814385
2018-03-23,1934.6685111719871
2018-03-26,1950.1249805857533
2018-03-27,1978.9044676860321
2018-03-28,2032.9462412732055
2018-03-29,2059.8531417930676
2018-04-02,2061.4838150079045
2018-04-03,2029.4494489386677
2018-04-04,2011.5376633386636
2018-04-05,1995.8043032401433
2018-04-06,1983.911942654622
2018-04-09,1986.6409163360554
2018-04-10,1987.4091157898963
2018-04-11,1935.8361987560013
2018-04-12,1951.8865303896134
2018-04-13,1911.0250432230632
2018-04-16,1898.7131618824696
2018-04-17,1939.3647623341808
2018-04-18,1972.9093458944856
2018-04-19,1987.9652289120713
2018-04-20,1981.137454527895
2018-04-23,1967.5938696874769
2018-04-24,1932.2979658156548
2018-04-25,1924.5338536087254
2018-04-26,1902.8748860810422
2018-04-27,1903.2224040888982
2018-04-30,1846.642442166323
2018-05-01,1889.2797410856813
2018-05-02,1925.2345781470333
2018-05-03,1939.9769886795004
2018-05-04,1934.2278719171509
2018-05-07,1937.6880753674257
2018-05-08,1935.8118465823873
2018-05-09,1964.6754255479327
2018-05-10,1929.1986346303381
2018-05-11,1894.435584309352
2018-05-14,1935.351846397064
2018-05-15,1950.541027476438
2018-05-16,1906.6000218077352
2018-05-17,1893.012983475108
2018-05-18,1875.1311354281472
2018-05-21,1917.8796074310474
2018-05-22,1928.5563812267103
2018-05-23,1894.5734248745466
2018-05-24,1848.299823033386
2018-05-25,1882.8377339229503
2018-05-29,1868.823128660768
2018-05-30,1908.3349291185984
2018-05-31,1905.6475632679487
2018-06-01,1900.3842325055698
2018-06-04,1910.4097390109014
2018-06-05,1907.1757021545964
2018-06-06,1897.3566189875457
2018-06-07,1889.2524699135636
2018-06-08,1876.4284367698542
2018-06-11,1868.9203533545772
2018-06-12,1878.4365649749461
2018-06-13,1924.6316978174343
2018-06-14,1970.3830072974931
2018-06-15,1937.917115946942
2018-06-18,1938.0833301692255
2018-06-19,1973.4207025540823
2018-06-20,1974.8395285678794
2018-06-21,1954.0103434540945
2018-06-22,1966.8866246769824
2018-06-25,1964.0315487730347
2018-06-26,1968.8707063472364
2018-06-27,2015.5339451550644
2018-06-28,2015.225991491872
2018-06-29,2026.9950855007078
2018-07-02,2061.841949820364
2018-07-03,2054.9754626960707
2018-07-05,2021.713047153396
2018-07-06,2018.4506936797495
2018-07-09,2048.7297005637324
2018-07-10,2061.561669378103
2018-07-11,2063.358179463913
2018-07-12,2067.9952448462172
2018-07-13,2078.0034423926318
2018-07-16,2065.4700618447655
2018-07-17,2063.383083468361
2018-07-18,2023.8805530441052
2018-07-19,2001.5570666845588
2018-07-20,2021.6309684217697
2018-07-23,1996.10677549477
2018-07-24,1975.0883665451547
2018-07-25,1997.463074721928
2018-07-26,1973.6830301417413
2018-07-27,1946.9818897375483
2018-07-30,1947.7659363954572
2018-07-31,1907.6658801801234
2018-08-01,1904.1215074373897
2018-08-02,1888.8243398235602
2018-08-03,1875.1542721368521
2018-08-06,1888.3308129243994
2018-08-07,1874.333747134548
2018-08-08,1879.9027336216304
2018-08-09,1874.6785180019162
2018-08-10,1888.0527499542607
2018-08-13,1914.8536818923549
2018-08-14,1932.1468054364173
2018-08-15,1916.7100648424437
2018-08-16,1911.5840401824366
2018-08-17,1935.362797429683
2018-08-20,1955.4704679757972
2018-08-21,2004.5673173363982
2018-08-22,2012.3771403997632
2018-08-23,2012.92403522667
2018-08-24,2057.7224639174287
2018-08-27,2108.88498365327
2018-08-28,2089.7446856129905
2018-08-29,2072.488647073951
2018-08-30,2101.3066903392164
2018-08-31,2080.9119749668985
2018-09-04,2055.339004145328
2018-09-05,2080.0204522841395
2018-09-06,2073.551165638367
2018-09-07,2075.9753008110015
2018-09-10,2084.473604443686
2018-09-11,2083.594114802578
2018-09-12,2112.6508480558095
2018-09-13,2096.841569304092
2018-09-14,2150.9793671437783
2018-09-17,2138.1518977387245
2018-09-18,2131.9736573387745
2018-09-19,2141.383709780734
2018-09-20,2144.558756894154
2018-09-21,2177.397427887913
2018-09-24,2207.9967686697764
2018-09-25,2234.4500853633685
2018-09-26,2273.7224533227927
2018-09-27,2264.021665051635
2018-09-28,2257.234742138452
2018-10-01,2267.299629314241
2018-10-02,2299.4187976454787
2018-10-03,2317.964431855384
2018-10-04,2305.4321486736267
2018-10-05,2267.4999556326597
2018-10-08,2317.34768961988
2018-10-09,2372.4751486901864
2018-10-10,2331.288333160812
2018-10-11,2326.4632185621736
2018-10-12,2327.66647825755
2018-10-15,2322.906051446275
2018-10-16,2334.8197129448763
2018-10-17,2326.0622685306903
2018-10-18,2298.8238641049156
2018-10-19,2313.811306998236
2018-10-22,2309.142578555223
2018-10-23,2332.811849862374
2018-10-24,2325.264186087696
2018-10-25,2304.3538651491153
2018-10-26,2301.4135891214814
2018-10-29,2316.2897287630494
2018-10-30,2393.625573670175
2018-10-31,2333.392503252848
2018-11-01,2383.1115447676734
2018-11-02,2414.9476211850138
2018-11-05,2415.5606754847977
2018-11-06,2404.9503621917106
2018-11-07,2449.994501681393
2018-11-08,2402.650872519035
2018-11-09,2432.5443898415556
2018-11-12,2441.7284928736567
2018-11-13,2426.264195839161
2018-11-14,2476.3979581760004
2018-11-15,2439.3553461977594
2018-11-16,2456.943683817701
2018-11-19,2480.646851758159
2018-11-20,2446.2966443286264
2018-11-21,2453.1381569876503
2018-11-23,2416.4927293184282
2018-11-26,2425.0665919251574
2018-11-27,2409.0517265934955
2018-11-28,2405.483583296111
2018-11-29,2458.1890601824284
2018-11-30,2493.5944665493007
2018-12-03,2540.6900079907705
2018-12-04,2576.9364699144844
2018-12-06,2599.1745693685034
2018-12-07,2633.231068653693
2018-12-10,2606.9221139275273
2018-12-11,2540.6045317746452
2018-12-12,2483.364971564188
2018-12-13,2455.0177862629807
2018-12-14,2433.8155572465535
2018-12-17,2419.758191024628
2018-12-18,2435.0338590614406
2018-12-19,2449.501537231473
2018-12-20,2425.4973945808383
2018-12-21,2456.7293087585367
2018-12-24,2498.404303816385
2018-12-26,2515.8973959486993
2018-12-27,2514.3938706150125
2018-12-28,2497.1850079548567
2018-12-31,2506.217404669003
2019-01-02,2546.7767080955655
2019-01-03,2585.0344208911793
2019-01-04,2583.55445066452
2019-01-07,2587.926919702932
2019-01-08,2562.174282858026
2019-01-09,2559.5612151941505
2019-01-10,2617.2026393284164
2019-01-11,2551.897574607057
2019-01-14,2535.9721016507447
2019-01-15,2500.489483681962
2019-01-16,2528.7562105940547
2019-01-17,2507.1402333667766
2019-01-18,2474.778303071893
2019-01-22,2534.2125279976476
2019-01-23,2537.2996237962607
2019-01-24,2506.9080322112222
2019-01-25,2492.13467561956
2019-01-28,2445.878462538996
2019-01-29,2502.5007570815587
2019-01-30,2479.56828255415
2019-01-31,2510.232326064355
2019-02-01,2497.9977614325358
2019-02-04,2474.844950944112
2019-02-05,2410.427581016821
2019-02-06,2378.2226242637253
2019-02-07,2356.394595638359
2019-02-08,2353.5189363939576
2019-02-11,2340.2116925211635
2019-02-12,2346.204144814214
2019-02-13,2404.970636651851
2019-02-14,2358.5781761965945
2019-02-15,2373.1524895582907
2019-02-19,2413.851883188607
2019-02-20,2380.736475045489
2019-02-21,2389.254681451036
2019-02-22,2403.8988905982974
2019-02-25,2392.0872207901743
2019-02-26,2356.4914569256157
2019-02-27,2366.219033283444
2019-02-28,2336.435502578664
2019-03-01,2362.1567487334587
2019-03-04,2332.027662382674
2019-03-05,2361.245044396013
2019-03-06,2395.7778765577846
2019-03-07,2417.4466077767806
2019-03-08,2404.415029720601
2019-03-11,2369.7954675916285
2019-03-12,2400.2059688686763
2019-03-13,2405.609700331261
2019-03-14,2366.4398091930057
2019-03-15,2364.538072299141
2019-03-18,2348.2891149483703
2019-03-19,2401.346623702047
2019-03-20,2367.8974460690943
2019-03-21,2359.0647634555917
2019-03-22,2404.7362734909743
2019-03-25,2387.290189059716
2019-03-26,2414.6193925988014
2019-03-27,2379.900900491594
2019-03-28,2351.7641822897426
2019-03-29,2373.9225212315578
2019-04-01,2378.794714280009
2019-04-02,2371.329299394601
2019-04-03,2340.121904753307
2019-04-04,2345.409622960432
2019-04-05,2367.431521484104
2019-04-08,2353.01575869315
2019-04-09,2363.612071623837
2019-04-10,2368.7165489837466
2019-04-11,2376.453678634846
2019-04-12,2363.696401015347
2019-04-15,2363.546157907892
2019-04-16,2400.28363146348
2019-04-17,2382.6417190755546
2019-04-18,2335.7908324359605
2019-04-22,2357.160157615769
2019-04-23,2346.9374020940177
2019-04-24,2383.6658261808047
2019-04-25,2399.77599882563
2019-04-26,2384.334554896283
2019-04-29,2352.1859478385527
2019-04-30,2369.2318941580534
2019-05-01,2347.3838910631043
2019-05-02,2370.4581025322195
2019-05-03,2379.848427304782
2019-05-06,2346.963269470355
2019-05-07,2296.5871857651796
2019-05-08,2262.967483241782
2019-05-09,2262.1004205114323
2019-05-10,2277.889751673336
2019-05-13,2321.0483408992436
2019-05-14,2404.6001507582523
2019-05-15,2419.8230329680923
2019-05-16,2375.141546414115
2019-05-17,2369.8938215380936
2019-05-20,2380.8414728407647
2019-05-21,2399.7893610976635
2019-05-22,2431.0552300727645
2019-05-23,2438.377555278624
2019-05-24,2407.4977677074885
2019-05-28,2416.6024005688178
2019-05-29,2383.964753317689
2019-05-30,2424.205701113974
2019-05-31,2468.37025144471
2019-06-03,2429.186095795159
2019-06-04,2451.7949460290224
2019-06-05,2451.337171654536
2019-06-06,2491.0961194224496
2019-06-07,2531.612688282259
2019-06-10,2514.1589567141586
2019-06-11,2481.608097489184
2019-06-12,2429.2551748843885
2019-06-13,2421.786555462778
2019-06-14,2415.412422150254
2019-06-17,2379.0831737467142
2019-06-18,2362.410460168333
2019-06-19,2383.697646989697
2019-06-20,2371.6766818229758
2019-06-21,2376.037094806146
2019-06-24,2380.9701004431936
2019-06-25,2355.5866491848956
2019-06-26,2343.4404018902496
2019-06-27,2383.187150118026
2019-06-28,2434.5211688345694
2019-07-01,2481.8846596020417
2019-07-02,2512.203746115086
2019-07-03,2535.447920862169
2019-07-05,2597.9888619715684
2019-07-08,2570.8613123703444
2019-07-09,2531.137315872189
2019-07-10,2570.510773445738
2019-07-11,2555.507655964397
2019-07-12,2548.726311887188
2019-07-15,2574.0308845335057
2019-07-16,2600.7743199524543
2019-07-17,2644.097951497473
2019-07-18,2615.591871932412
2019-07-19,2671.0237326249653
2019-07-22,2684.2859565276185
2019-07-23,2680.894430361198
2019-07-24,2706.766939555768
2019-07-25,2672.366784658601
2019-07-26,2689.1062889948994
2019-07-29,2722.0803543127886
2019-07-30,2702.352146690627
2019-07-31,2685.4094291497354
2019-08-01,2711.946611131668
2019-08-02,2644.6953260370656
2019-08-05,2656.6718590835562
2019-08-06,2634.1185682773335
2019-08-07,2636.820142748586
2019-08-08,2617.4774515796134
2019-08-09,2578.2329865808947
2019-08-12,2488.0601866899997
2019-08-13,2521.146131166314
2019-08-14,2540.792134223725
2019-08-15,2517.1582380890636
2019-08-16,2471.1248176136755
2019-08-19,2468.1385334910756
2019-08-20,2447.069932511564
2019-08-21,2461.441357326528
2019-08-22,2460.0677876512823
2019-08-23,2443.44177953751
2019-08-26,2457.5096928479848
2019-08-27,2447.810911138843
2019-08-28,2440.3836325527836
2019-08-29,2468.6641704189606
2019-08-30,2492.8413228347426
2019-09-03,2497.9406732932503
2019-09-04,2507.1736420252487
2019-09-05,2506.9363655563207
2019-09-06,2487.393301930447
2019-09-09,2480.8796791983505
2019-09-10,2457.1383561049474
2019-09-11,2385.8717552388866
2019-09-12,2364.142696081094
2019-09-13,2367.2076252526954
2019-09-16,2393.4992948243844
2019-09-17,2360.820013771931
2019-09-18,2400.4102088392237
2019-09-19,2387.38124222405
2019-09-20,2373.1806133492887
2019-09-23,2365.029527347569
2019-09-24,2395.4462156668983
2019-09-25,2414.8429284070394
2019-09-26,2458.496111900387
2019-09-27,2454.1066471620097
2019-09-30,2424.525667300055
2019-10-01,2406.1526142021085
2019-10-02,2378.2463725211965
2019-10-03,2420.1237996408254
2019-10-04,2391.4126312290687
2019-10-07,2371.3175316937263
2019-10-08,2357.709248095929
2019-10-09,2339.9760574277216
2019-10-10,2340.199773443427
2019-10-11,2313.359151578495
2019-10-14,2344.5863722261183
2019-10-15,2323.433202089011
2019-10-16,2329.695306876743
2019-10-17,2336.4883644149013
2019-10-18,2322.3239270630993
2019-10-21,2309.6554890650636
2019-10-22,2332.6429911138866
2019-10-23,2281.100671991452
2019-10-24,2275.0912590556095
2019-10-25,2267.2968176755453
2019-10-28,2285.654336986958
2019-10-29,2285.325485694019
2019-10-30,2303.126489194495
2019-10-31,2321.8446178564823
2019-11-01,2355.4792128279796
2019-11-04,2352.089222920174
2019-11-05,2319.2697945934347
2019-11-06,2339.046849637795
2019-11-07,2237.5279496017397
2019-11-08,2229.8437305398056
2019-11-11,2218.779491607036
2019-11-12,2210.150376964464
2019-11-13,2185.4933685314504
2019-11-14,2170.4017146499023
2019-11-15,2153.2159068924607
2019-11-18,2157.351441046046
2019-11-19,2152.1547685113574
2019-11-20,2162.764625629861
2019-11-21,2137.489265401649
2019-11-22,2089.248853971911
2019-11-25,2088.776420858751
2019-11-26,2158.481972081756
2019-11-27,2191.253068680779
2019-11-29,2223.8327803588018
2019-12-02,2208.7656028919214
2019-12-03,2202.133633801633
2019-12-04,2202.7799765025175
2019-12-05,2166.704174315796
2019-12-06,2183.5812624365744
2019-12-09,2159.6906726787524
2019-12-10,2128.0321390664058
2019-12-11,2104.308405380035
2019-12-12,2134.445317510168
2019-12-13,2091.382348341003
2019-12-16,2081.2622127669874
2019-12-17,2074.5130571002414
2019-12-18,2068.6240260121313
2019-12-19,2059.0560170995823
2019-12-20,2065.3257359104923
2019-12-23,2043.2554034262973
2019-12-24,2011.8026477342491
2019-12-26,2029.965589702467
2019-12-27,2027.9953640566853
2019-12-30,2017.411744047168
2019-12-31,1991.7743858796025
2020-01-02,1960.355642791622
2020-01-03,1954.3759175844423
2020-01-06,1967.1260411277985
2020-01-07,2002.4970934012256
2020-01-08,1976.9714330789884
2020-01-09,1966.4958288150874
2020-01-10,1952.7800198439236
2020-01-13,1983.1522790041827
2020-01-14,2001.4286464269273
2020-01-15,2020.955987073117
2020-01-16,1990.7629519356358
2020-01-17,2002.5118716864674
2020-01-21,2043.051328548005
2020-01-22,2039.0506181283963
2020-01-23,2034.8897633799354
2020-01-24,2014.722632491922
2020-01-27,1989.3087871625232
2020-01-28,1974.9562661120697
2020-01-29,2015.0044552068
2020-01-30,2019.6593517237925
2020-01-31,2052.206935420134
2020-02-03,2054.745811501455
2020-02-04,2017.765238771281
2020-02-05,2033.218427278067
2020-02-06,2053.183989378056
2020-02-07,2074.0040761299188
2020-02-10,2072.9852274892305
2020-02-11,2079.789387264386
2020-02-12,2090.9285654723167
2020-02-13,2091.4165198186865
2020-02-14,2088.3804589273414
2020-02-18,2099.3464969688234
2020-02-19,2030.3168357722343
2020-02-20,2019.5407873923903
2020-02-21,2020.68311311478
2020-02-24,2002.4675541084498
2020-02-25,2039.5394336774436
2020-02-26,2028.1316865425063
2020-02-27,1986.9656012637383
2020-02-28,1973.6499204807815
2020-03-02,1976.2031833824906
2020-03-03,1991.0955485668821
2020-03-04,1988.1797173344103
2020-03-05,1993.7948802214737
2020-03-06,2012.3656944751756
2020-03-09,2037.1947443163451
2020-03-10,2026.0694788170315
2020-03-11,2064.7962619570003
2020-03-12,2055.2055904261056
2020-03-13,2071.2819653478005
2020-03-16,2065.0819536531203
2020-03-17,2049.258715643034
2020-03-18,2023.9483173533886
2020-03-19,2023.4655991881368
2020-03-20,2048.0026872410376
2020-03-23,2053.525086693348
2020-03-24,2094.171316884972
2020-03-25,2100.319430623774
2020-03-26,2132.3795523034937
2020-03-27,2136.5424566717725
2020-03-30,2115.2710415374368
2020-03-31,2104.495416046882
2020-04-01,2108.921554839898
2020-04-02,2137.7789827154834
2020-04-03,2126.7000833396037
2020-04-06,2105.4065853167044
2020-04-07,2096.591536321514
2020-04-08,2096.9894699779
2020-04-09,2089.868475111279
2020-04-13,2108.1678645445163
2020-04-14,2088.6147770694715
2020-04-15,2092.3498058640394
2020-04-16,2104.849016429705
2020-04-17,2043.7054944345296
2020-04-20,2025.3328500575321
2020-04-21,2022.5172248536996
2020-04-22,2035.9908945663453
2020-04-23,1991.3737813771645
2020-04-24,1970.7919002886601
2020-04-27,1977.8406944337103
2020-04-28,1941.1999149758024
2020-04-29,1929.735935631668
2020-04-30,1942.6733249387705
2020-05-01,1896.8531432680657
2020-05-04,1861.7274205264785
2020-05-05,1852.1224932451519
2020-05-06,1872.801905537716
2020-05-07,1855.088168070466
2020-05-08,1827.7135099531988
2020-05-11,1820.5339383516593
2020-05-12,1788.848860901965
2020-05-13,1799.0692137994088
2020-05-14,1841.4920765681252
2020-05-15,1832.285688523758
2020-05-18,1846.5456083841914
2020-05-19,1839.3044744229678
2020-05-20,1811.64659234884
2020-05-21,1830.7945799185823
2020-05-22,1830.2878922079403
2020-05-26,1800.5807964673857
2020-05-27,1795.9547817950963
2020-05-28,1799.2155991519157
2020-05-29,1786.22738421461
2020-06-01,1793.4123785787392
2020-06-02,1810.3692296934425
2020-06-03,1791.1732485690638
2020-06-04,1822.6751322670834
2020-06-05,1813.2573205609779
2020-06-08,1803.704732758524
2020-06-09,1818.5861318223574
2020-06-10,1795.3360595041331
2020-06-11,1766.9208823063605
2020-06-12,1786.3653384797576
2020-06-15,1792.2945165768958
2020-06-16,1819.7927469762744
2020-06-17,1849.6263793110188
2020-06-18,1845.005586378491
2020-06-19,1845.4250905151666
2020-06-22,1834.349620123445
2020-06-23,1819.80992452467
2020-06-24,1851.8752495185565
2020-06-25,1839.849177971015
2020-06-26,1844.6696842066817
2020-06-29,1878.4087796032707
2020-06-30,1894.02414043152
2020-07-01,1909.4702143433328
2020-07-02,1940.2786350515048
2020-07-06,1955.9253461449348
2020-07-07,1932.2343778466043
2020-07-08,1951.8226450395375
2020-07-09,1967.4327453746948
2020-07-10,1945.8088112301439
2020-07-13,1958.0964354017783
2020-07-14,1960.086775909437
2020-07-15,1996.4873042469544
2020-07-16,1994.8737116706252
2020-07-17,1955.968013378448
2020-07-20,2002.4718466713607
2020-07-21,2018.0500407740424
2020-07-22,2016.511031853679
2020-07-23,2039.0075491015218
2020-07-24,2062.2936275045154
2020-07-27,2085.3500058833097
2020-07-28,2071.348317194074
2020-07-29,2062.045887831856
2020-07-30,2069.7901786335233
2020-07-31,2038.6594122605304
2020-08-03,2026.0197718528968
2020-08-04,2075.6359004758247
2020-08-05,2085.8968226080246
2020-08-06,2095.0840369072657
2020-08-07,2104.4452059913106
2020-08-10,2120.1636056058524
2020-08-11,2105.8062577208675
2020-08-12,2082.364520055904
2020-08-13,2111.0839450846183
2020-08-14,2083.5416683827766
2020-08-17,2060.9520285414974
2020-08-18,2062.2170705560907
2020-08-19,2063.725584719807
2020-08-20,2096.4781497494914
2020-08-21,2081.7085048220174
2020-08-24,2096.929798380192
2020-08-25,2114.2005099170506
2020-08-26,2105.8144980186444
2020-08-27,2052.9244286543003
2020-08-28,2064.942223885423
2020-08-31,2059.784158484167
2020-09-01,2050.3916437723915
2020-09-02,2057.299305461295
2020-09-03,2062.0733629022047
2020-09-04,2081.2916207463813
2020-09-08,2107.9479061524994
2020-09-09,2115.7834677900787
2020-09-10,2120.9906296662452
2020-09-11,2064.30651044719
2020-09-14,2076.9454427153396
2020-09-15,2052.067287103029
2020-09-16,2007.6051892272149
2020-09-17,1959.7846452197014
2020-09-18,1939.1188297245599
2020-09-21,1932.9722561794576
2020-09-22,1921.654637929165
2020-09-23,1937.8647582704275
2020-09-24,1906.9007025905369
2020-09-25,1884.3407798059031
2020-09-28,1857.031521274428
2020-09-29,1843.5342756297216
2020-09-30,1824.1489593384422
2020-10-01,1801.4629430680018
2020-10-02,1815.6062919334213
2020-10-05,1804.3322962846712
2020-10-06,1799.291439117934
2020-10-07,1816.1010671900544
2020-10-08,1771.9058036619822
2020-10-09,1764.059420503416
2020-10-12,1774.8067265865766
2020-10-13,1742.3579117368681
2020-10-14,1761.044161492559
2020-10-15,1752.9925699463463
2020-10-16,1740.2105976485213
2020-10-19,1729.6919536913074
2020-10-20,1732.9105569918063
2020-10-21,1729.5606924723895
2020-10-22,1762.120972282697
2020-10-23,1725.5645346368062
2020-10-26,1709.760811182717
2020-10-27,1709.6851874318743
2020-10-28,1706.4044387427766
2020-10-29,1700.5402091580104
2020-10-30,1686.175666229136
2020-11-02,1694.852515764489
2020-11-03,1716.9243124323839
2020-11-04,1766.2513274989847
2020-11-05,1751.796839836143
2020-11-06,1757.788003037419
2020-11-09,1782.3616052349596
2020-11-10,1800.7111300755469
2020-11-11,1812.3372669438318
2020-11-12,1830.942085969915
2020-11-13,1852.9241291322194
2020-11-16,1852.6591261658875
2020-11-17,1848.8247431401612
2020-11-18,1817.1768905976808
2020-11-19,1795.5873197162427
2020-11-20,1811.0423838156187
2020-11-23,1818.4660235884437
2020-11-24,1842.9346091669831
2020-11-25,1825.661267590624
2020-11-27,1833.0838639672957
2020-11-30,1818.1085671107458
2020-12-01,1828.5210300497808
2020-12-02,1862.6478143078295
2020-12-03,1874.6815923967479
2020-12-04,1884.3148678561051
2020-12-07,1884.8736854566478
2020-12-08,1890.4140204695707
2020-12-09,1807.526653331848
2020-12-10,1822.76770235321
2020-12-11,1817.5240044273262
2020-12-14,1835.478248035546
2020-12-15,1866.2858209624833
2020-12-16,1864.706301829181
2020-12-17,1908.9677402249024
2020-12-18,1894.0189502495837
2020-12-21,1882.6683806128403
2020-12-22,1898.4078199354044
2020-12-23,1896.4705925305661
2020-12-24,1901.0825763326927
2020-12-28,1926.8118995553843
2020-12-29,1940.7308835426472
2020-12-30,1977.2830707552741
2020-12-31,2001.646353687245
2021-01-04,2026.0926861133587
2021-01-05,1986.5699788738107
2021-01-06,1975.966225805159
2021-01-07,1935.9580157305572
2021-01-08,1894.7543127422844
2021-01-11,1891.8856272823998
2021-01-12,1900.26362807411
2021-01-13,1919.2172424200414
2021-01-14,1920.2762639116181
2021-01-15,1896.928199388128
2021-01-19,1893.6762942415835
2021-01-20,1855.5858128134862
2021-01-21,1872.079986328531
2021-01-22,1877.6502400066097
2021-01-25,1902.2001152959444
2021-01-26,1915.6812348738606
2021-01-27,1931.301613360338
2021-01-28,1965.9212753315426
2021-01-29,2001.9435044248191
2021-02-01,1993.2118481852863
2021-02-02,1973.089542462163
2021-02-03,1959.974591575865
2021-02-04,1942.27179412653
2021-02-05,1930.0868434730394
2021-02-08,1918.4072825146593
2021-02-09,1920.9276499970133
2021-02-10,1965.0908288905796
2021-02-11,1994.9759073002617
2021-02-12,1993.2220501253182
2021-02-16,2043.7295247903987
2021-02-17,2033.669168131657
2021-02-18,2066.5477761679845
2021-02-19,2106.447000565335
2021-02-22,2112.0238796989247
2021-02-23,2120.298744539393
2021-02-24,2117.2683487235668
2021-02-25,2100.5713426832253
2021-02-26,2103.475894244396
2021-03-01,2109.471225464765
2021-03-02,2124.415116217779
2021-03-03,2162.270492330997
2021-03-04,2142.664222563573
2021-03-05,2118.9185457867734
2021-03-08,2133.8598601827775
2021-03-09,2132.4932376799316
2021-03-10,2108.916048433464
2021-03-11,2137.2145527223197
2021-03-12,2177.990245742799
2021-03-15,2197.0426375172474
2021-03-16,2181.0260868445257
2021-03-17,2230.210105050103
2021-03-18,2228.6435591939494
2021-03-19,2212.0910307368435
2021-03-22,2246.3709445556296
2021-03-23,2257.145688252697
2021-03-24,2248.158713583455
2021-03-25,2238.9401276741924
2021-03-26,2244.720876692091
2021-03-29,2218.250642848658
2021-03-30,2243.355166766348
2021-03-31,2261.1903065594447
2021-04-01,2235.738858737981
2021-04-05,2275.4283557701506
2021-04-06,2297.39907675686
2021-04-07,2288.6480581045967
2021-04-08,2312.9512687711526
2021-04-09,2285.4258244238254
2021-04-12,2272.3486217167265
2021-04-13,2250.545385048055
2021-04-14,2231.0369781210325
2021-04-15,2236.216384729823
2021-04-16,2213.4461434782156
2021-04-19,2193.686358727471
2021-04-20,2220.381589451486
2021-04-21,2232.9202362900596
2021-04-22,2250.5998991179135
2021-04-23,2279.3910312140356
2021-04-26,2298.012895033926
2021-04-27,2400.636411750001
2021-04-28,2427.2604916997525
2021-04-29,2426.930219180507
2021-04-30,2447.843474513193
2021-05-03,2464.80429147466
2021-05-04,2483.1183981310196
2021-05-05,2504.0003466767494
2021-05-06,2486.3814559005646
2021-05-07,2424.5008057269138
2021-05-10,2416.10912278022
2021-05-11,2393.458654215789
2021-05-12,2392.046868623102
2021-05-13,2379.166351670225
2021-05-14,2343.895138595686
2021-05-17,2317.85419342635
2021-05-18,2364.3265859989037
2021-05-19,2372.8117590857823
2021-05-20,2396.0887311268757
2021-05-21,2390.8575478512903
2021-05-24,2440.3868330683626
2021-05-25,2451.826330385679
2021-05-26,2451.2936661802673
2021-05-27,2468.3961548224147
2021-05-28,2463.120599897641
2021-06-01,2497.3355679067304
2021-06-02,2516.6636138658773
2021-06-03,2488.423920618291
2021-06-04,2478.7159573681474
2021-06-07,2500.007947916827
2021-06-08,2550.1701864323973
2021-06-09,2566.366366319918
2021-06-10,2557.5315708990593
2021-06-11,2582.5925508869486
2021-06-14,2554.26781981547
2021-06-15,2584.800918757726
2021-06-16,2580.426955992455
2021-06-17,2554.5492317763665
2021-06-18,2546.828737410891
2021-06-21,2566.1397185042297
2021-06-22,2570.9972711356904
2021-06-23,2574.729245341499
2021-06-24,2560.328246067262
2021-06-25,2543.866403146103
2021-06-28,2575.720493161314
2021-06-29,2522.705141668558
2021-06-30,2584.2285544174756
2021-07-01,2570.7040022644296
2021-07-02,2579.322562491404
2021-07-06,2550.909480407642
2021-07-07,2546.1255066199415
2021-07-08,2489.5247097007896
2021-07-09,2516.6804434656783
2021-07-12,2520.9064618542093
2021-07-13,2482.014907796368
2021-07-14,2485.548756106499
2021-07-15,2487.6458252533666
2021-07-16,2471.3205014598584
2021-07-19,2537.352510439343
2021-07-20,2600.328624682835
2021-07-21,2606.916239832286
2021-07-22,2647.75449467563
2021-07-23,2562.1323190880244
2021-07-26,2553.3533632931917
2021-07-27,2570.627512717209
2021-07-28,2611.3211397632017
2021-07-29,2592.573635977692
2021-07-30,2550.0489718703584
2021-08-02,2550.2345085175016
2021-08-03,2618.0531819585635
2021-08-04,2620.261037593078
2021-08-05,2636.455765086771
2021-08-06,2691.2879057390455
2021-08-09,2671.3824188163917
2021-08-10,2637.9707193743347
2021-08-11,2660.416001676812
2021-08-12,2668.111190199767
2021-08-13,2646.158669366976
2021-08-16,2646.062592685268
2021-08-17,2615.9409780820993
2021-08-18,2608.859755817063
2021-08-19,2492.921624091888
2021-08-20,2488.7921255682386
2021-08-23,2475.4860984426923
2021-08-24,2475.7781268177455
2021-08-25,2474.3434664312826
2021-08-26,2531.830355004302
2021-08-27,2605.182651181116
2021-08-30,2613.9923164201246
2021-08-31,2628.1398961962996
2021-09-01,2619.5586576580713
2021-09-02,2664.2168174015815
2021-09-03,2674.0158435401045
2021-09-07,2707.5471888630113
2021-09-08,2683.4198317894943
2021-09-09,2659.9902240532206
2021-09-10,2661.366332217352
2021-09-13,2710.0542680533954
2021-09-14,2765.120577388593
2021-09-15,2750.3200546094804
2021-09-16,2732.5816937074073
2021-09-17,2791.595513237075
2021-09-20,2758.389707254401
2021-09-21,2820.1824955740954
2021-09-22,2797.019644589827
2021-09-23,2804.584593787735
2021-09-24,2809.0521707562043
2021-09-27,2768.6269537443513
2021-09-28,2802.6437166603646
2021-09-29,2779.9934078299643
2021-09-30,2811.100892750345
2021-10-01,2798.9953585385165
2021-10-04,2735.4831757647703
2021-10-05,2735.815299277186
2021-10-06,2730.8145005697775
2021-10-07,2690.4279393897777
2021-10-08,2701.366284461641
2021-10-11,2686.3362915639445
2021-10-12,2758.665228962929
2021-10-13,2745.5628080283864
2021-10-14,2763.81228157771
2021-10-15,2725.067508533507
2021-10-18,2743.1402039494346
2021-10-19,2783.4441596654806
2021-10-20,2822.2203052911686
2021-10-21,2811.7728968237575
2021-10-22,2826.1279438829715
2021-10-25,2871.8588510456034
2021-10-26,2816.2044348014433
2021-10-27,2838.3902210559327
2021-10-28,2836.8445533190425
2021-10-29,2839.846795118462
2021-11-01,2869.0354451451017
2021-11-02,2867.302612572338
2021-11-03,2890.6320945335474
2021-11-04,2853.1970949775246
2021-11-05,2870.903493480741
2021-11-08,2849.092717126513
2021-11-09,2802.406153991156
2021-11-10,2793.179947287078
2021-11-11,2829.9722889020727
2021-11-12,2859.4611054080087
2021-11-15,2900.053954888182
2021-11-16,2931.522460884821
2021-11-17,2896.293254404007
2021-11-18,2944.2259026725715
2021-11-19,2906.0147250633704
2021-11-22,2968.191685424851
2021-11-23,2916.821370180177
2021-11-24,2991.0485626165
2021-11-26,3049.467954873361
2021-11-29,3064.9956192221766
2021-11-30,3013.44252091763
2021-12-01,3012.356334047873
2021-12-02,3003.2628762877207
2021-12-03,3015.823307078462
2021-12-06,3001.070469891099
2021-12-07,2956.7576576241454
2021-12-08,2947.7887697170413
2021-12-09,2917.8598059822107
2021-12-10,2863.8716850479914
2021-12-13,2811.813996128049
2021-12-14,2815.666970655354
2021-12-15,2883.697167787025
2021-12-16,2860.0528608830678
2021-12-17,2919.793300995071
2021-12-20,2905.1954078050526
2021-12-21,2874.8031118908057
2021-12-22,2883.045893464206
2021-12-23,2919.523353325051
2021-12-27,2931.610348754912
2021-12-28,2935.1460095867287
2021-12-29,2929.613701636366
2021-12-30,2908.1564420381137
2021-12-31,2909.6309968379255
2022-01-03,2944.1381816735225
2022-01-04,2976.4728466639494
2022-01-05,2999.124318765819
2022-01-06,3089.0449708532065
2022-01-07,3100.564509369313
2022-01-10,3098.6423815758385
2022-01-11,3134.3544168600897
2022-01-12,3150.328083675169
2022-01-13,3085.7677266363485
2022-01-14,2998.8537477063564
2022-01-18,3032.6695537706883
2022-01-19,3098.375926166314
2022-01-20,3073.329357388294
2022-01-21,3085.1534865355347
2022-01-24,3051.4472973131096
2022-01-25,3123.77320727945
2022-01-26,3054.7499343165905
2022-01-27,3075.107610324018
2022-01-28,3106.9294306634874
2022-01-31,3125.8515246198126
2022-02-01,3125.4434978590753
2022-02-02,3050.7733268703546
2022-02-03,3029.665070511018
2022-02-04,3043.1611004959136
2022-02-07,3030.0931159007628
2022-02-08,3013.4130801686215
2022-02-09,2984.7921287761574
2022-02-10,3013.793173284665
2022-02-11,2988.906636587711
2022-02-14,2961.709724432871
2022-02-15,2970.8299639126567
2022-02-16,2954.251783302466
2022-02-17,2971.493390995202
2022-02-18,3046.1730504605475
2022-02-22,3035.9014335299125
2022-02-23,3093.9605233621214
2022-02-24,3080.79250169535
2022-02-25,3108.8217322919672
2022-02-28,3119.6422763125283
2022-03-01,3102.549905678849
2022-03-02,3084.7394215350723
2022-03-03,3105.6289994605213
2022-03-04,3105.2106412269736
2022-03-07,3091.7915711221935
2022-03-08,3123.836760588165
2022-03-09,3058.8057531624336
2022-03-10,3000.91929495414
2022-03-11,2951.4500001891824
2022-03-14,2963.5243251578736
2022-03-15,2896.7865857512224
2022-03-16,2935.4460964355803
2022-03-17,2892.616800274052
2022-03-18,2918.449728115033
2022-03-21,2897.6937731883613
2022-03-22,2931.471546936026
2022-03-23,2963.9623434231544
2022-03-24,2990.4395391456574
2022-03-25,2953.782453995002
2022-03-28,2981.74584779586
2022-03-29,2895.2960892117876
2022-03-30,2894.778161039725
2022-03-31,2876.222791552807
2022-04-01,2850.765754207772
2022-04-04,2871.1185755726347
2022-04-05,2891.0596165780325
2022-04-06,2969.918373025448
2022-04-07,3043.6509175711417
2022-04-08,3040.8785737666203
2022-04-11,3047.3188960444672
2022-04-12,3015.7155484060713
2022-04-13,2991.404347424376
2022-04-14,2927.220027139715
2022-04-18,2964.464040500711
2022-04-19,2978.648083225766
2022-04-20,2971.4733258750102
2022-04-21,3018.3281007973983
2022-04-22,3036.110259024932
2022-04-25,2958.552987370634
2022-04-26,2977.64499919124
2022-04-27,2963.3097993433466
2022-04-28,2971.6435153569355
2022-04-29,2948.299669284823
2022-05-02,2936.372611638244
2022-05-03,2915.5854337980554
2022-05-04,2925.8959370749767
2022-05-05,2950.8206465008525
2022-05-06,3017.997864027088
2022-05-09,2964.4260830328103
2022-05-10,2968.605022177415
2022-05-11,2963.700195236797
2022-05-12,2931.4047303065586
2022-05-13,2941.1712169144835
2022-05-16,2946.317889288728
2022-05-17,2906.2096841066655
2022-05-18,2831.958803978603
2022-05-19,2847.0497056765557
2022-05-20,2897.934922523375
2022-05-23,2964.018722017846
2022-05-24,2985.7349708748825
2022-05-25,3004.80147003788
2022-05-26,2990.369841715523
2022-05-27,2971.374333717898
2022-05-31,2998.1065478365726
2022-06-01,3060.0299246378377
2022-06-02,3074.733952870266
2022-06-03,3062.463546265859
2022-06-06,3065.3559116339607
2022-06-07,3041.390154793898
2022-06-08,3087.6752950545997
2022-06-09,3076.3037434620082
2022-06-10,2992.6566228899524
2022-06-13,2986.8353949048483
2022-06-14,2975.683416382396
2022-06-15,3029.1594012272276
2022-06-16,2997.8879706607045
2022-06-17,2998.5710257934456
2022-06-21,3033.66898233633
2022-06-22,3082.2721970799125
2022-06-23,3134.215844377474
2022-06-24,3158.5532560467645
2022-06-27,3117.759406137037
2022-06-28,3139.61105933315
2022-06-29,3150.6862470060314
2022-06-30,3168.7631039322173
2022-07-01,3151.2996798782847
2022-07-05,3209.3578691431694
2022-07-06,3257.4795327384018
2022-07-07,3282.4396147447983
2022-07-08,3264.896770965983
2022-07-11,3275.974671307741
2022-07-12,3276.6637104279953
2022-07-13,3247.0310095252917
2022-07-14,3246.001301667127
2022-07-15,3254.696852271723
2022-07-18,3310.819424010881
2022-07-19,3268.6247969923224
2022-07-20,3236.460744770474
2022-07-21,3241.78734291391
2022-07-22,3299.0982181247437
2022-07-25,3294.9845502780868
2022-07-26,3383.670904841513
2022-07-27,3416.8866804768004
2022-07-28,3405.8979156841046
2022-07-29,3372.465545514438
2022-08-01,3417.0076954073643
2022-08-02,3342.3829726994227
2022-08-03,3312.7035410098283
2022-08-04,3285.9895081432164
2022-08-05,3304.7575644014273
2022-08-08,3261.031648372341
2022-08-09,3228.924322164011
2022-08-10,3241.4183657314634
2022-08-11,3334.736175541238
2022-08-12,3276.6343867319915
2022-08-15,3242.0025867134605
2022-08-16,3243.6870997316996
2022-08-17,3237.01302770959
2022-08-18,3204.417592513064
2022-08-19,3211.584764322242
2022-08-22,3274.9580480610566
2022-08-23,3256.662031132325
2022-08-24,3209.348680483154
2022-08-25,3176.8842313348
2022-08-26,3134.7368102542246
2022-08-29,3083.873432112186
2022-08-30,3055.9444857222443
2022-08-31,3057.3693372880493
2022-09-01,3055.7406830127193
2022-09-02,3065.343180022959
2022-09-06,3023.3038633280435
2022-09-07,3089.18806988752
2022-09-08,3088.905735850512
2022-09-09,3057.2724335915286
2022-09-12,3030.81585675713
2022-09-13,3049.530306773939
2022-09-14,3064.2720730925125
2022-09-15,3043.4312429523497
2022-09-16,3061.119748166278
2022-09-19,3050.047207238636
2022-09-20,2975.1089429866106
2022-09-21,3039.5593132284353
2022-09-22,3039.5730082335617
2022-09-23,3051.8946608801343
2022-09-26,3010.337434418008
2022-09-27,3013.388675870347
2022-09-28,2942.62036532875
2022-09-29,2940.633970625111
2022-09-30,2928.967032224715
2022-10-03,2906.1893773922134
2022-10-04,2911.6722036109913
2022-10-05,2967.4028104118315
2022-10-06,2986.38460152261
2022-10-07,2924.8099978594655
2022-10-10,2896.588556301051
2022-10-11,2908.865192540419
2022-10-12,2948.306876700141
2022-10-13,2960.441041475286
2022-10-14,2901.209092130519
2022-10-17,2837.153887323004
2022-10-18,2863.1344214576357
2022-10-19,2863.206033774698
2022-10-20,2914.867034681865
2022-10-21,2957.165029182956
2022-10-24,2961.947497785478
2022-10-25,2980.4101029522476
2022-10-26,2975.849588526241
2022-10-27,2953.1655716666237
2022-10-28,2922.6611299173514
2022-10-31,2914.0235338024927
2022-11-01,2966.4436157364885
2022-11-02,2851.4146987293993
2022-11-03,2800.8368671734825
2022-11-04,2777.683727041813
2022-11-07,2830.6803455487307
2022-11-08,2808.727283137654
2022-11-09,2810.600098140124
2022-11-10,2809.9109044151423
2022-11-11,2797.570135951505
2022-11-14,2811.9919385157054
2022-11-15,2806.099552417918
2022-11-16,2905.634138723991
2022-11-17,2887.1077794296825
2022-11-18,2899.720593439448
2022-11-21,2922.019584963094
2022-11-22,2913.891531802557
2022-11-23,2968.3270590361008
2022-11-25,2971.346401617895
2022-11-28,2991.1348091760574
2022-11-29,2988.711724800731
2022-11-30,2983.9169943337383
2022-12-01,3005.0149351235973
2022-12-02,3094.860410978636
2022-12-05,3103.815962176117
2022-12-06,3126.1955615713014
2022-12-07,3117.412290586426
2022-12-08,3081.808202758888
2022-12-09,3064.8545250563307
2022-12-12,3088.703500673503
2022-12-13,3082.772360153006
2022-12-14,3095.562018216564
2022-12-15,3083.2470556747808
2022-12-16,3009.8128485003435
2022-12-19,3085.9765734502826
2022-12-20,3092.3962547871256
2022-12-21,3093.7062154932673
2022-12-22,3066.8097237826564
2022-12-23,3028.415846008532
2022-12-27,3015.311866455935
2022-12-28,2987.7313527808983
2022-12-29,2929.6109134739036
2022-12-30,2900.486069872532
2023-01-03,2886.1839554821195
2023-01-04,2920.750961053234
2023-01-05,2902.871258246073
2023-01-06,2845.8199617832165
2023-01-09,2885.5824834224222
2023-01-10,2934.108873537288
2023-01-11,2894.8577166637733
2023-01-12,2889.7541840549134
2023-01-13,2843.83206117852
2023-01-17,2846.911450105397
2023-01-18,2862.3480672271467
2023-01-19,2830.9904929693766
2023-01-20,2799.1339780931903
2023-01-23,2804.7523470649717
2023-01-24,2795.4150865194465
2023-01-25,2820.3640847920983
2023-01-26,2831.980952975171
2023-01-27,2838.2927828566144
2023-01-30,2833.484512510493
2023-01-31,2838.286641212461
2023-02-01,2848.6602007398824
2023-02-02,2832.0176438255526
2023-02-03,2904.2975882442347
2023-02-06,2882.484575362494
2023-02-07,2826.153054998455
2023-02-08,2823.185980976342
2023-02-09,2913.599200710859
2023-02-10,2911.567361948177
2023-02-13,2890.7756748763827
2023-02-14,2919.8896572508133
2023-02-15,2949.3007470375533
2023-02-16,2973.1352209401552
2023-02-17,2991.075493238343
2023-02-21,2976.112866187357
2023-02-22,2979.910711110238
2023-02-23,2904.2794058844934
2023-02-24,2874.081544836809
2023-02-27,2915.0104309782378
2023-02-28,2950.493072942527
2023-03-01,2935.4877376001473
2023-03-02,2866.2929645559198
2023-03-03,2908.1869342611762
2023-03-06,2848.2373125254994
2023-03-07,2866.276116382276
2023-03-08,2923.637459456536
2023-03-09,2963.425562300561
2023-03-10,2941.666486580065
2023-03-13,2963.197508153037
2023-03-14,2990.376008343343
2023-03-15,2962.2813511246145
2023-03-16,2971.4379679303174
2023-03-17,2956.863818917058
2023-03-20,2962.304743451687
2023-03-21,2932.9897924025427
2023-03-22,3019.56937444522
2023-03-23,3022.101282785732
2023-03-24,3027.2131361573684
2023-03-27,3033.324686558996
2023-03-28,3033.295061240561
2023-03-29,3028.9134948920564
2023-03-30,3044.120799294658
2023-03-31,3046.234144387982
2023-04-03,3041.7596635706445
2023-04-04,3114.439755078014
2023-04-05,3062.681203052778
2023-04-06,3079.9043634932714
2023-04-10,3080.5681047780035
2023-04-11,3082.173035530878
2023-04-12,3133.675087755388
2023-04-13,3087.342512316839
2023-04-14,3114.5587630535324
2023-04-17,3157.7557992036063
2023-04-18,3145.3082661266544
2023-04-19,3122.688764753353
2023-04-20,3149.421890803641
2023-04-21,3180.7568003873066
2023-04-24,3141.0368581750527
2023-04-25,3099.899978028418
2023-04-26,3121.7629177355025
2023-04-27,3162.6239992870846
2023-04-28,3215.0438930847145
2023-05-01,3191.575376041432
2023-05-02,3217.9495991524186
2023-05-03,3197.058378732642
2023-05-04,3194.4984043378886
2023-05-05,3251.1573429310038
2023-05-08,3224.2961084913927
2023-05-09,3203.0214679782675
2023-05-10,3226.509465935736
2023-05-11,3242.3070237318416
2023-05-12,3244.9705262588436
2023-05-15,3274.7121700391162
2023-05-16,3281.5054485527307
2023-05-17,3246.5143930399477
2023-05-18,3268.584022508103
2023-05-19,3212.1109160382853
2023-05-22,3230.4269351914377
2023-05-23,3178.059463182188
2023-05-24,3188.9500993964
2023-05-25,3204.996301399065
2023-05-26,3205.841092426212
2023-05-30,3165.0382049053655
2023-05-31,3158.090195411624
2023-06-01,3074.716676802162
2023-06-02,3136.716756953359
2023-06-05,3154.225194747656
2023-06-06,3092.287753809285
2023-06-07,3131.4765739743607
2023-06-08,3163.672943689949
2023-06-09,3141.637618085067
2023-06-12,3095.3811995536785
2023-06-13,3118.5065928622885
2023-06-14,3145.950566730828
2023-06-15,3138.6279823488726
2023-06-16,3153.7051659487374
2023-06-20,3168.2330722616857
2023-06-21,3218.292004435729
2023-06-22,3176.617424686041
2023-06-23,3184.065909841731
2023-06-26,3237.607478357889
2023-06-27,3265.618178029886
2023-06-28,3232.770341425108
2023-06-29,3165.6773076051054
2023-06-30,3183.2996539566634
2023-07-03,3195.429452045692
2023-07-05,3167.614565072402
2023-07-06,3101.6106092742357
2023-07-07,3065.1774886630105
2023-07-10,3000.0522854048136
2023-07-11,2966.4736131101795
2023-07-12,2966.260622254877
2023-07-13,2973.0254951330057
2023-07-14,2998.8180481541995
2023-07-17,2991.8180818905366
2023-07-18,2939.31159314471
2023-07-19,2913.7363355604853
2023-07-20,2899.184713413448
2023-07-21,2950.989056155814
2023-07-24,3000.8017860607893
2023-07-25,2937.3056653276235
2023-07-26,2985.1986962951282
2023-07-27,2991.987324725999
2023-07-28,2967.273888786126
2023-07-31,2979.462004500263
2023-08-01,2983.9974647928725
2023-08-02,3000.384985326344
2023-08-03,3075.744405148064
2023-08-04,3088.4103594091443
2023-08-07,3049.5936102127134
2023-08-08,2995.456927548147
2023-08-09,3034.576673952484
2023-08-10,3034.597914672517
2023-08-11,3041.178228026197
2023-08-14,3022.7957222357295
2023-08-15,3029.994451782887
2023-08-16,3035.4863942268526
2023-08-17,3042.441616442853
2023-08-18,3022.453164882314
2023-08-21,2986.1734572404675
2023-08-22,2972.1148099299844
2023-08-23,2918.7579133797226
2023-08-24,2932.4079648229063
2023-08-25,2907.1572166835936
2023-08-28,2943.769662695214
2023-08-29,3018.558657381599
2023-08-30,2984.040759271748
2023-08-31,3007.5165993143837
2023-09-01,2985.3218015812126
2023-09-05,2946.7054436447725
2023-09-06,2982.0018403266267
2023-09-07,2957.8672227064276
2023-09-08,2958.9959594536026
2023-09-11,3005.2124492994576
2023-09-12,2914.4228845644807
2023-09-13,2939.6070255284385
2023-09-14,2974.5338974122496
2023-09-15,3017.8605331089957
2023-09-18,3116.7786069154176
2023-09-19,3161.0246533310888
2023-09-20,3103.4509931250514
2023-09-21,3160.347649582523
2023-09-22,3192.690336508704
2023-09-25,3224.8339478305365
2023-09-26,3187.671980364321
2023-09-27,3168.456759543964
2023-09-28,3188.9032188496235
2023-09-29,3213.9411664391437
2023-10-02,3208.9290646696218
2023-10-03,3212.683577673578
2023-10-04,3307.245468187501
2023-10-05,3291.7289893696434
2023-10-06,3316.2019518797656
2023-10-09,3362.4984667107115
2023-10-10,3417.417265651411
2023-10-11,3410.5847452940016
2023-10-12,3402.438116055559
2023-10-13,3430.7567710421336
2023-10-16,3455.115929486281
2023-10-17,3462.745758606441
2023-10-18,3406.35996964504
2023-10-19,3491.2113894651034
2023-10-20,3414.733541739357
2023-10-23,3372.6652569690505
2023-10-24,3358.142347570852
2023-10-25,3322.2142035142947
2023-10-26,3320.791511523602
2023-10-27,3408.4150575913786
2023-10-30,3351.649063165984
2023-10-31,3404.289916477845
2023-11-01,3374.633054073433
2023-11-02,3346.0227923819566
2023-11-03,3301.7910921704265
2023-11-06,3320.1712073020794
2023-11-07,3344.332849399951
2023-11-08,3401.527979095592
2023-11-09,3394.852547485415
2023-11-10,3403.900048609279
2023-11-13,3470.2819028382673
2023-11-14,3451.6333096582152
2023-11-15,3527.921801113247
2023-11-16,3500.5214383112125
2023-11-17,3446.7237305551325
2023-11-20,3401.2431265519185
2023-11-21,3340.48848292583
2023-11-22,3292.4242607208585
2023-11-24,3275.710222497887
2023-11-27,3214.9459332881006
2023-11-28,3217.0295609438335
2023-11-29,3257.267634232665
2023-11-30,3232.856651758663
2023-12-01,3229.6641270304744
2023-12-04,3249.692637857625
2023-12-05,3232.834707911062
2023-12-06,3261.255594092442
2023-12-07,3253.2195627189567
2023-12-08,3272.439677605206
2023-12-11,3189.0203909175093
2023-12-12,3167.6241774013124
2023-12-13,3167.3289213976173
2023-12-14,3210.957502059029
2023-12-15,3262.7374589781325
2023-12-18,3335.5270206091814
2023-12-19,3363.659985447135
2023-12-20,3456.586013949669
2023-12-21,3432.5725588674836
2023-12-22,3379.3000345942646
2023-12-26,3379.0916532917213
2023-12-27,3396.8152222548165
2023-12-28,3381.961337702067
2023-12-29,3362.118906733184
2024-01-02,3339.063662612445
2024-01-03,3318.740089107152
2024-01-04,3365.977556094882
2024-01-05,3359.6433679601455
2024-01-08,3381.8143275621987
2024-01-09,3414.024159343179
2024-01-10,3374.412345407692
2024-01-11,3429.4776717223112
2024-01-12,3425.0464345652454
2024-01-16,3471.068914244476
2024-01-17,3480.787938743602
2024-01-18,3483.434027395788
2024-01-19,3472.8055719632307
2024-01-22,3484.6571055552386
2024-01-23,3503.0910820264526
2024-01-24,3509.6693842090895
2024-01-25,3585.764769615671
2024-01-26,3633.7476122458015
2024-01-29,3618.9608420208006
2024-01-30,3700.1564316122317
2024-01-31,3774.9278577743075
2024-02-01,3782.0861675062934
2024-02-02,3778.698150961861
2024-02-05,3757.8622357225117
2024-02-06,3788.1699016862385
2024-02-07,3785.227369376572
2024-02-08,3834.2864788474867
2024-02-09,3793.556227797102
2024-02-12,3783.986486792222
2024-02-13,3843.6413313520748
2024-02-14,3872.7975380210446
2024-02-15,3911.2249407800005
2024-02-16,3786.0797974693555
2024-02-20,3785.389598072909
2024-02-21,3787.9801809137093
2024-02-22,3918.121829676008
2024-02-23,3900.4377757624566
2024-02-26,3921.222392638439
2024-02-27,3887.5839702748867
2024-02-28,3809.999139275738
2024-02-29,3797.005524785402
2024-03-01,3864.397607271281
2024-03-04,3841.290592906752
2024-03-05,3819.6973089460157
2024-03-06,3769.944400484698
2024-03-07,3681.863752490872
2024-03-08,3625.957667039052
2024-03-11,3624.0560718735637
2024-03-12,3639.3748435635925
2024-03-13,3616.48831929479
2024-03-14,3621.0303957733177
2024-03-15,3679.1961299717013
2024-03-18,3647.888649599264
2024-03-19,3610.0604686214615
2024-03-20,3713.3720187055064
2024-03-21,3683.1022852845417
2024-03-22,3672.481157972264
2024-03-25,3653.649932882126
2024-03-26,3619.144249787991
2024-03-27,3606.2599069440275
2024-03-28,3504.6294417708564
2024-04-01,3544.351131868471
2024-04-02,3498.459445296559
2024-04-03,3550.2238927222234
2024-04-04,3542.550232243704
2024-04-05,3546.0395169678054
2024-04-08,3574.7792434285543
2024-04-09,3616.714421624434
2024-04-10,3613.896841393507
2024-04-11,3595.9383693274754
2024-04-12,3635.0057244478153
2024-04-15,3628.577705260064
2024-04-16,3665.6470018550713
2024-04-17,3681.183098851519
2024-04-18,3644.197638143115
2024-04-19,3579.8648421330117
2024-04-22,3569.7880201397243
2024-04-23,3525.6263794303686
2024-04-24,3496.6989195087835
2024-04-25,3476.861193200812
2024-04-26,3581.2254255039506
2024-04-29,3575.4735812340577
2024-04-30,3551.416202202677
2024-05-01,3569.0303502434335
2024-05-02,3508.2939026095814
2024-05-03,3502.224256215446
2024-05-06,3537.2213290907944
2024-05-07,3522.7579634086246
2024-05-08,3541.476382560342
2024-05-09,3488.8437188590424
2024-05-10,3416.922835772802
2024-05-13,3432.522360696412
2024-05-14,3473.6131390588
2024-05-15,3518.38293422939
2024-05-16,3538.264309784938
2024-05-17,3531.948353711974
2024-05-20,3522.7392924447545
2024-05-21,3476.5365779718854
2024-05-22,3525.5301457554483
2024-05-23,3521.9194477870724
2024-05-24,3543.7563603339327
2024-05-28,3586.835506206429
2024-05-29,3575.533181776098
2024-05-30,3594.3422215888627
2024-05-31,3614.229352717868
2024-06-03,3602.311425441514
2024-06-04,3612.217443841614
2024-06-05,3582.5070494719
2024-06-06,3635.786355449152
2024-06-07,3643.2144557346555
2024-06-10,3640.7096036378025
2024-06-11,3547.47452744467
2024-06-12,3500.6616625841857
2024-06-13,3478.8060676995906
2024-06-14,3460.609258805546
2024-06-17,3480.0965773314397
2024-06-18,3461.720464671263
2024-06-20,3452.3938962220777
2024-06-21,3401.988464982086
2024-06-24,3331.016794881621
2024-06-25,3419.2873342385124
2024-06-26,3424.1729353437245
2024-06-27,3458.9319090515073
2024-06-28,3409.8632226807745
2024-07-01,3432.571539331944
2024-07-02,3464.5973687057894
2024-07-03,3487.354153372775
2024-07-05,3470.5954815709433
2024-07-08,3504.4534361230044
2024-07-09,3572.522438391742
2024-07-10,3636.0837792001835
2024-07-11,3710.913151147323
2024-07-12,3684.8757287551484
2024-07-15,3685.3393718336933
2024-07-16,3674.742101446569
2024-07-17,3661.729380844249
2024-07-18,3662.3476786356114
2024-07-19,3559.18682383568
2024-07-22,3574.7570460975535
2024-07-23,3472.8727610201595
2024-07-24,3541.6592815347685
2024-07-25,3499.9997882573934
2024-07-26,3470.747753308788
2024-07-29,3481.1610296111767
2024-07-30,3492.3549071828324
2024-07-31,3563.700695101189
2024-08-01,3595.1824218322618
2024-08-02,3588.204715356824
2024-08-05,3598.715729762213
2024-08-06,3640.9810994231316
2024-08-07,3660.476884962955
2024-08-08,3721.2105743269913
2024-08-09,3708.4125909466843
2024-08-12,3711.6482243314285
2024-08-13,3639.2478755452958
2024-08-14,3611.3149094579126
2024-08-15,3597.3411654154556
2024-08-16,3652.3496255073687
2024-08-19,3645.7190194742875
2024-08-20,3709.484356807552
2024-08-21,3712.7461182768493
2024-08-22,3682.0583784948094
2024-08-23,3667.8065968502237
2024-08-26,3646.909700923293
2024-08-27,3658.1804781862816
2024-08-28,3737.2444568324013
2024-08-29,3726.1182653863016
2024-08-30,3724.4854799020854
2024-09-03,3729.8402588567074
2024-09-04,3755.4474491017527
2024-09-05,3789.0603830387986
2024-09-06,3781.8838729412187
2024-09-09,3784.199651881425
2024-09-10,3715.45436450911
2024-09-11,3791.242870479383
2024-09-12,3944.9928795299084
2024-09-13,3909.953666272341
2024-09-16,3797.7618682052407
2024-09-17,3791.6992703646724
2024-09-18,3814.506616958929
2024-09-19,3840.264557496411
2024-09-20,3793.031518453431
2024-09-23,3805.5158179480827
2024-09-24,3847.9311151000816
2024-09-25,3870.106994230816
2024-09-26,3881.5291152981135
2024-09-27,3910.839994192385
2024-09-30,3916.6045958572026
2024-10-01,3959.3030788173974
2024-10-02,3962.2771402476064
2024-10-03,3971.013967526088
2024-10-04,3949.11825098717
2024-10-07,3898.6331647597412
2024-10-08,3902.5251160544503
2024-10-09,3921.1964622879186
2024-10-10,3872.854231283582
2024-10-11,3930.3041628554633
2024-10-14,3997.4490653553853
2024-10-15,3991.886770759219
2024-10-16,4048.344064372648
2024-10-17,3959.146715967847
2024-10-18,3911.6193327262017
2024-10-21,3838.5789124408
2024-10-22,3848.655159327693
2024-10-23,3859.6640665965288
2024-10-24,3792.97060924081
2024-10-25,3832.274480954205
2024-10-28,3890.970779671196
2024-10-29,3903.4086108879224
2024-10-30,3934.5812044802437
2024-10-31,3894.0978206681543
2024-11-01,3851.9601152104224
2024-11-04,3896.391623662713
2024-11-05,3924.979684969697
2024-11-06,3935.869032870492
2024-11-07,3976.067833272607
2024-11-08,3965.6920882012914
2024-11-11,3999.9255371823647
2024-11-12,4038.700313874538
2024-11-13,4137.867948298831
2024-11-14,4147.761790924531
2024-11-15,4145.719463056086
2024-11-18,4102.999508402293
2024-11-19,4129.8438534224915
2024-11-20,4104.14482598404
2024-11-21,4159.777825651371
2024-11-22,4176.390148085799
2024-11-25,4178.46580387701
2024-11-26,4199.011743667353
2024-11-27,4094.7724718425748
2024-11-29,4055.084173764858
2024-12-02,4055.8910521245903
2024-12-03,4024.664493429366
2024-12-04,4041.6032368784677
2024-12-05,4061.9593912723303
2024-12-06,4106.1708982331775
2024-12-09,4081.736455042174
2024-12-10,4071.3077236475333
2024-12-11,3995.880992012455
2024-12-12,4050.352983443236
2024-12-13,4092.576085546852
2024-12-16,4071.242233213106
2024-12-17,4110.40949618161
2024-12-18,4064.3566884318548
2024-12-19,4141.0655516255
2024-12-20,4084.0230400473697
2024-12-23,4116.140577076482
2024-12-24,4080.967473415032
2024-12-26,4137.21856900343
2024-12-27,4101.262609662489
2024-12-30,4179.653221044253
2024-12-31,4212.926533198809
2025-01-02,4123.639185928251
2025-01-03,4273.544794566778
2025-01-06,4170.469226470012
2025-01-07,4134.3496595084625
2025-01-08,4193.320894939168
2025-01-10,4209.671982555392
2025-01-13,4176.88206791145
2025-01-14,4230.131720757483
2025-01-15,4193.55997223578
2025-01-16,4140.727326336104
2025-01-17,4135.440881356732
2025-01-21,4087.6581381782935
2025-01-22,4191.0525169964785
2025-01-23,4143.221585695266
2025-01-24,4126.336540895488
2025-01-27,4114.426633299549
2025-01-28,4073.6310244537995
2025-01-29,4055.451301421069
2025-01-30,4087.8820866158453
2025-01-31,4128.213227453923
2025-02-03,4131.594200600955
2025-02-04,4051.8944677459695
2025-02-05,4102.855100532257
2025-02-06,4136.891313209136
2025-02-07,4134.1359064893895
2025-02-10,4211.002841816229
2025-02-11,4236.06502777875
2025-02-12,4240.864208863657
2025-02-13,4287.3499297392
2025-02-14,4255.907459942738
2025-02-18,4252.017572390241
2025-02-19,4258.67210779393
2025-02-20,4326.623698424158
2025-02-21,4324.6894348451215
2025-02-24,4378.542881566874
2025-02-25,4282.506752250993
2025-02-26,4293.380852859619
2025-02-27,4225.4802724216
2025-02-28,4171.975879088083
2025-03-03,4181.879173022534
2025-03-04,4195.035847869256
2025-03-05,4174.171377822914
2025-03-06,4235.51345148061
2025-03-07,4151.427236241926
2025-03-10,4185.3427849901755
2025-03-11,4039.403928169204
2025-03-12,4026.6848987707594
2025-03-13,3940.7276354138316
2025-03-14,3958.429478954223
2025-03-17,3987.24098240597
2025-03-18,3926.963560502436
2025-03-19,3899.05532928256
2025-03-20,3835.8730197427813
2025-03-21,3784.6963952175784
2025-03-24,3777.3837864468583
2025-03-25,3768.995919794555
2025-03-26,3856.7466331234
2025-03-27,3921.857230625858
2025-03-28,3959.6793474644373
2025-03-31,3950.0843542610874
2025-04-01,3958.9574107116123
2025-04-02,4057.657736722098
2025-04-03,4079.021768349216
2025-04-04,4135.278879592882
2025-04-07,4190.3930505533235
2025-04-08,4187.570375917275
2025-04-09,4154.672907016591
2025-04-10,4124.498356705253
2025-04-11,4166.1062597006185
2025-04-14,4170.57511164598
2025-04-15,4210.880889909227
2025-04-16,4239.971707492968
2025-04-17,4228.4390789943345
2025-04-21,4170.209237655165
2025-04-22,4133.870362087563
2025-04-23,4123.678629682966
2025-04-24,4210.1981737986625
2025-04-25,4139.587241964668
2025-04-28,4171.488484526352
2025-04-29,4192.393547270085
2025-04-30,4201.679103269735
2025-05-01,4246.699277388411
2025-05-02,4263.6087997986615
2025-05-05,4285.12420872763
2025-05-06,4295.1645404900955
2025-05-07,4293.223223005721
2025-05-08,4308.371762396143
2025-05-09,4321.9237244251535
2025-05-12,4265.676441549715
2025-05-13,4314.388678336409
2025-05-14,4304.551960175075
2025-05-15,4290.817814828519
2025-05-16,4263.698110383024
2025-05-19,4262.585773943879
2025-05-20,4273.5416856577585
2025-05-21,4242.966715513725
2025-05-22,4274.647008665507
2025-05-23,4360.409557152987
2025-05-27,4436.203406211004
2025-05-28,4423.030095901595
2025-05-29,4425.740898923789
2025-05-30,4484.397374071762
2025-06-02,4465.95253656031
2025-06-03,4546.869326849639
2025-06-04,4454.4961771889
2025-06-05,4517.2296372132505
2025-06-06,4601.1704515550455
2025-06-09,4504.1185939710995
2025-06-10,4587.245640947727
2025-06-11,4562.095297033382
2025-06-12,4680.989618834365
2025-06-13,4767.809266656936
2025-06-16,4791.634439948745
2025-06-17,4669.829901597308
2025-06-18,4647.019118688414
2025-06-20,4591.798248376144
2025-06-23,4645.467320592839
2025-06-24,4675.796549677276
2025-06-25,4713.626475525441
2025-06-26,4693.237984977461
2025-06-27,4741.832513456427
2025-06-30,4689.830467910455
2025-07-01,4679.768948519366
2025-07-02,4654.178275623648
2025-07-03,4612.168637502599
2025-07-07,4729.81833306788
2025-07-08,4776.539184524363
2025-07-09,4707.999084188961
2025-07-10,4634.0670295595055
2025-07-11,4579.450950705042
