Date,Close
2007-09-18,4546.2001953125
2007-09-19,4497.363880566714
2007-09-20,4466.345872184118
2007-09-21,4539.213361430223
2007-09-24,4556.912459490968
2007-09-25,4615.211010661165
2007-09-26,4676.225449667269
2007-09-27,4753.393241820198
2007-09-28,4766.636968270803
2007-10-01,4691.80476422908
2007-10-03,4757.596004890196
2007-10-04,4720.207277983147
2007-10-05,4695.623961012729
2007-10-08,4591.812010160605
2007-10-09,4644.983918293823
2007-10-10,4673.023942108336
2007-10-11,4763.660972987274
2007-10-12,4666.337763272118
2007-10-15,4652.447993179721
2007-10-16,4624.389159802468
2007-10-17,4689.680074932136
2007-10-18,4674.448431579589
2007-10-19,4723.437393305701
2007-10-22,4661.536762568177
2007-10-23,4582.172064040048
2007-10-24,4538.254762556407
2007-10-25,4527.019674342906
2007-10-26,4479.919161401829
2007-10-29,4554.8644849737175
2007-10-30,4496.307122856033
2007-10-31,4374.409578893469
2007-11-01,4393.943739975755
2007-11-02,4429.570417153284
2007-11-05,4362.95306077393
2007-11-06,4357.100714048826
2007-11-07,4325.675088573674
2007-11-08,4422.486862066539
2007-11-12,4421.25255526461
2007-11-13,4501.889501946165
2007-11-14,4496.379503483098
2007-11-15,4500.045262962746
2007-11-16,4552.257416004164
2007-11-19,4503.822536184034
2007-11-20,4513.968328131302
2007-11-21,4477.471167146881
2007-11-22,4368.99704502499
2007-11-23,4344.786337393239
2007-11-26,4358.101063701569
2007-11-27,4380.776700478171
2007-11-28,4419.422406205072
2007-11-29,4396.282807936836
2007-11-30,4480.5044537647045
2007-12-03,4529.194601874724
2007-12-04,4507.711133954133
2007-12-05,4411.700989751521
2007-12-06,4432.422680052789
2007-12-07,4489.210778923862
2007-12-10,4586.195286031288
2007-12-11,4681.274137938451
2007-12-12,4691.135281930495
2007-12-13,4717.238820846696
2007-12-14,4705.102233750109
2007-12-17,4692.1563134519065
2007-12-18,4599.486429666033
2007-12-19,4555.741507936577
2007-12-20,4544.587777437996
2007-12-24,4498.4393106380185
2007-12-26,4472.634882598503
2007-12-27,4525.756804619753
2007-12-28,4522.947627248477
2007-12-31,4478.94318633634
2008-01-01,4479.151818913491
2008-01-02,4518.912012695361
2008-01-03,4525.0997011324025
2008-01-04,4548.395643710433
2008-01-07,4514.4647690856145
2008-01-08,4534.714294352532
2008-01-09,4522.691283456925
2008-01-10,4520.270249463581
2008-01-11,4557.583982877503
2008-01-14,4565.761280980037
2008-01-15,4680.501369227327
2008-01-16,4670.988317290238
2008-01-17,4666.262345990757
2008-01-18,4683.1576364122075
2008-01-21,4734.054816694294
2008-01-22,4699.626077854495
2008-01-23,4707.940261177235
2008-01-24,4611.040503789192
2008-01-25,4574.303199405437
2008-01-28,4597.369553220355
2008-01-29,4580.923821786479
2008-01-30,4701.654459619412
2008-01-31,4747.502410952609
2008-02-01,4706.878051744357
2008-02-04,4599.3851912833825
2008-02-05,4705.703664851119
2008-02-06,4743.335242944237
2008-02-07,4829.412938128333
2008-02-08,4802.18476338434
2008-02-11,4755.963758507413
2008-02-12,4723.507541249147
2008-02-13,4708.290990615177
2008-02-14,4597.454277440988
2008-02-15,4602.732793214658
2008-02-18,4645.655886696489
2008-02-19,4612.7664963812185
2008-02-20,4572.745755278032
2008-02-21,4554.441773513178
2008-02-22,4581.511403298801
2008-02-25,4520.9616670765445
2008-02-26,4509.49836405295
2008-02-27,4517.181503083579
2008-02-28,4542.043349975543
2008-02-29,4665.615105212561
2008-03-03,4687.5410008038625
2008-03-04,4657.370471952877
2008-03-05,4633.09626295085
2008-03-07,4541.999888881115
2008-03-10,4526.829661097086
2008-03-11,4452.054933000837
2008-03-12,4459.2372627390205
2008-03-13,4419.108873628636
2008-03-14,4500.771974873509
2008-03-17,4484.885929812492
2008-03-18,4432.148827358811
2008-03-19,4367.056990685979
2008-03-24,4359.821290605929
2008-03-25,4416.229165901647
2008-03-26,4500.347168351944
2008-03-27,4545.846593711513
2008-03-28,4507.0830545326735
2008-03-31,4435.29700330818
2008-04-01,4432.211114413007
2008-04-02,4418.65995404819
2008-04-03,4423.070100325447
2008-04-04,4417.910340260491
2008-04-07,4403.8309274160365
2008-04-08,4337.558552600741
2008-04-09,4316.451295367799
2008-04-10,4315.46062066373
2008-04-11,4294.268991900716
2008-04-15,4230.429989199857
2008-04-16,4201.841737527885
2008-04-17,4251.975251107262
2008-04-21,4179.6918411112165
2008-04-22,4149.704063330185
2008-04-23,4132.582940498793
2008-04-24,4177.510072704182
2008-04-25,4273.770080128649
2008-04-28,4273.562755519161
2008-04-29,4205.8036738185165
2008-04-30,4123.156993331747
2008-05-02,4107.246216207956
2008-05-05,4133.416527250131
2008-05-06,4154.9458568307755
2008-05-07,4192.530222517066
2008-05-08,4283.963091418332
2008-05-09,4289.141775201367
2008-05-12,4320.102938750112
2008-05-13,4191.646776536174
2008-05-14,4204.338330643191
2008-05-15,4273.946120332523
2008-05-16,4295.48378032443
2008-05-20,4243.9804949638055
2008-05-21,4321.199960596738
2008-05-22,4285.320553347451
2008-05-23,4369.901984790093
2008-05-26,4349.1703365140165
2008-05-27,4439.735242117445
2008-05-28,4506.435251692649
2008-05-29,4453.904060492705
2008-05-30,4424.694042963279
2008-06-02,4416.104822510797
2008-06-03,4423.047851081403
2008-06-04,4457.616290362756
2008-06-05,4438.848381810045
2008-06-06,4480.584499350865
2008-06-09,4507.1940292377685
2008-06-10,4585.211785037324
2008-06-11,4570.454969498342
2008-06-12,4568.783554057796
2008-06-13,4519.560613027284
2008-06-16,4560.133272172505
2008-06-17,4542.833365110117
2008-06-18,4554.027503772093
2008-06-19,4541.3834606448645
2008-06-20,4553.199086925014
2008-06-23,4698.450257913169
2008-06-24,4709.2949021810655
2008-06-25,4719.755499190333
2008-06-26,4793.953015306156
2008-06-27,4797.038705415016
2008-06-30,4884.611785187721
2008-07-01,4885.829998962129
2008-07-02,4876.904400686036
2008-07-03,4975.900809105242
2008-07-04,4963.078463325635
2008-07-07,4970.294635863597
2008-07-08,4883.6364435165
2008-07-09,4848.8933395999975
2008-07-10,4871.396628525003
2008-07-11,5026.806626688788
2008-07-14,5065.788618668209
2008-07-15,5028.905132960205
2008-07-16,5002.35350753751
2008-07-17,5070.141808640862
2008-07-18,5031.549719192193
2008-07-21,4982.216999884431
2008-07-22,4948.711669906723
2008-07-23,4932.460847724979
2008-07-24,4995.290059030505
2008-07-25,4978.8566251703905
2008-07-28,4991.984418161993
2008-07-29,5060.359186918844
2008-07-30,5088.880594277244
2008-07-31,5151.432111458354
2008-08-01,5196.025530707601
2008-08-04,5261.3375216820095
2008-08-05,5337.891231525065
2008-08-06,5437.556098705837
2008-08-07,5306.491716170814
2008-08-08,5367.1152094576655
2008-08-11,5261.790770365979
2008-08-12,5304.911924545329
2008-08-13,5308.069859748639
2008-08-14,5323.131595646868
2008-08-18,5339.803851004493
2008-08-19,5351.547276729625
2008-08-20,5480.481400901562
2008-08-21,5457.35069828141
2008-08-22,5438.776048694473
2008-08-25,5409.73139466983
2008-08-26,5476.9771878030515
2008-08-27,5372.931002562137
2008-08-28,5332.832246828431
2008-08-29,5313.399161363297
2008-09-01,5404.270907497813
2008-09-02,5475.662818232437
2008-09-04,5417.126858713626
2008-09-05,5598.731600310669
2008-09-08,5587.674097592187
2008-09-09,5599.066691226487
2008-09-10,5610.8317366561205
2008-09-11,5610.21604977479
2008-09-12,5648.276135430362
2008-09-15,5803.973059761552
2008-09-16,5819.1992982618385
2008-09-17,5889.61446369002
2008-09-18,5823.690918680456
2008-09-19,5789.311575618127
2008-09-22,5791.470437004609
2008-09-23,5882.389677342278
2008-09-24,5910.9926628324
2008-09-25,5910.90689476474
2008-09-26,5967.624437581049
2008-09-29,5848.509213913713
2008-09-30,5999.512476149693
2008-10-01,6096.642819328759
2008-10-03,6130.907972722754
2008-10-06,6184.421127420166
2008-10-07,6244.924494273296
2008-10-08,6303.489991801536
2008-10-10,6291.715086100834
2008-10-13,6349.103548188673
2008-10-14,6240.103441613063
2008-10-15,6223.457263499947
2008-10-16,6085.666175871582
2008-10-17,6054.296653510031
2008-10-20,6028.9644975318415
2008-10-21,6233.846795162795
2008-10-22,6194.568356516888
2008-10-23,6337.896228222016
2008-10-24,6382.811381274762
2008-10-27,6259.135705291342
2008-10-29,6241.582675116543
2008-10-31,6329.4863405354345
2008-11-03,6275.797427455742
2008-11-04,6398.942790735904
2008-11-05,6526.140350087691
2008-11-06,6514.060133411838
2008-11-07,6623.96550496107
2008-11-10,6583.76059486992
2008-11-11,6527.6049026682485
2008-11-12,6524.110706855483
2008-11-14,6612.8864461639105
2008-11-17,6465.591741778389
2008-11-18,6429.55707600272
2008-11-19,6398.317730348911
2008-11-20,6521.869300271316
2008-11-21,6380.877485755903
2008-11-24,6426.112333695502
2008-11-25,6558.974028377693
2008-11-26,6624.573817127835
2008-11-28,6574.447320908731
2008-12-01,6505.850120388064
2008-12-02,6485.934889280193
2008-12-03,6370.425508713272
2008-12-04,6325.870214715994
2008-12-05,6279.4434165219245
2008-12-08,6406.852539248244
2008-12-10,6453.407724574102
2008-12-11,6499.223825932097
2008-12-12,6396.12239347686
2008-12-15,6387.368107338978
2008-12-16,6246.5076547731605
2008-12-17,6244.70358082493
2008-12-18,6316.3300284585275
2008-12-19,6302.21267788299
2008-12-22,6339.11084565352
2008-12-23,6320.0057622547
2008-12-24,6221.247828492412
2008-12-26,6271.340068908365
2008-12-29,6303.435888465571
2008-12-30,6197.108146980096
2008-12-31,6061.876970193365
2009-01-02,6127.584861962958
2009-01-05,6089.111783706081
2009-01-06,5995.138305511048
2009-01-07,5978.696264613688
2009-01-09,5961.946099859302
2009-01-12,5989.574050900209
2009-01-13,5944.503413870209
2009-01-14,6212.897243218409
2009-01-15,6055.502832722787
2009-01-16,6016.278235224656
2009-01-19,6048.618661556348
2009-01-20,6022.460507585452
2009-01-21,6043.676705467818
2009-01-22,6299.612701559195
2009-01-23,6196.254843413715
2009-01-27,6202.213457169316
2009-01-28,6226.293150989771
2009-01-29,6170.463351971741
2009-01-30,6074.452728180987
2009-02-02,5980.938185002711
2009-02-03,5871.811921493244
2009-02-04,5874.411639374972
2009-02-05,5901.16243454387
2009-02-06,5893.2791097050485
2009-02-09,5889.274067915222
2009-02-10,5919.408522952073
2009-02-11,5878.129018875298
2009-02-12,5829.799876502836
2009-02-13,5853.50288165486
2009-02-16,5908.66690900601
2009-02-17,5895.3797726886005
2009-02-18,5932.841537856906
2009-02-19,5950.326089949778
2009-02-20,5932.177667936135
2009-02-24,5928.5626437287065
2009-02-25,5876.149605075064
2009-02-26,5939.8025244504415
2009-02-27,5858.157158688509
2009-03-02,5910.985751298983
2009-03-03,5890.226211664292
2009-03-04,6004.19431659116
2009-03-05,6110.6064593404635
2009-03-06,6115.137667960942
2009-03-09,6163.19857641603
2009-03-12,6182.803565725368
2009-03-13,6265.811848046654
2009-03-16,6272.169674264085
2009-03-17,6277.656477715622
2009-03-18,6248.090992113329
2009-03-19,6304.627867320845
2009-03-20,6341.307662947603
2009-03-23,6327.917797857351
2009-03-24,6267.601844188933
2009-03-25,6218.570646827224
2009-03-26,6144.637540898249
2009-03-27,6104.471750315913
2009-03-30,6221.12480057613
2009-03-31,6139.212625101269
2009-04-01,6103.8146060547815
2009-04-02,6095.513011380025
2009-04-06,6048.920353574404
2009-04-08,6142.8458895305
2009-04-09,6228.637580277794
2009-04-13,6299.0052306657635
2009-04-15,6307.716935790878
2009-04-16,6313.533845709096
2009-04-17,6265.858960004616
2009-04-20,6241.107831009736
2009-04-21,6266.1595106596715
2009-04-22,6216.701458468771
2009-04-23,6307.879208379552
2009-04-24,6385.996089678562
2009-04-27,6413.941889149053
2009-04-28,6421.32293753751
2009-04-29,6502.89298116537
2009-05-04,6402.986484124634
2009-05-05,6312.958085936551
2009-05-06,6437.141788331704
2009-05-07,6360.257747944063
2009-05-08,6465.397468856742
2009-05-11,6512.867856573202
2009-05-12,6481.385250125633
2009-05-13,6533.706716226338
2009-05-14,6635.660679146431
2009-05-15,6650.057961870474
2009-05-18,6567.0636755135765
2009-05-19,6596.971396608157
2009-05-20,6621.399931302552
2009-05-21,6661.021897624348
2009-05-22,6620.038104077225
2009-05-25,6680.786603008961
2009-05-26,6708.4883110548
2009-05-27,6700.899400970488
2009-05-28,6904.420614071343
2009-05-29,6927.502633951673
2009-06-01,7032.716394387809
2009-06-02,7067.090422104219
2009-06-03,7103.724180741176
2009-06-04,7247.389837463151
2009-06-05,7276.269239648418
2009-06-08,7124.416567527524
2009-06-09,7139.437708263444
2009-06-10,7128.939753400536
2009-06-11,7300.281327119854
2009-06-12,7511.596976929616
2009-06-15,7673.118490583155
2009-06-16,7732.275892476469
2009-06-17,7556.782373279977
2009-06-18,7572.39252530534
2009-06-19,7644.698075682922
2009-06-22,7705.600125328641
2009-06-23,7592.269019829874
2009-06-24,7457.628858931836
2009-06-25,7457.351989323342
2009-06-26,7470.507266118906
2009-06-29,7450.787239527122
2009-06-30,7516.365445308825
2009-07-01,7372.628507705845
2009-07-02,7149.685532676476
2009-07-03,7221.19118017495
2009-07-06,7075.2157217756685
2009-07-07,7101.809382047311
2009-07-08,7133.466954353035
2009-07-09,7111.322091195942
2009-07-10,7297.276023219667
2009-07-13,7330.634273664239
2009-07-14,7409.416867262645
2009-07-15,7305.320442182393
2009-07-16,7287.9778797809595
2009-07-17,7154.698365667758
2009-07-20,7227.790114546369
2009-07-21,7197.022616643394
2009-07-22,7277.43056514575
2009-07-23,7211.503786345518
2009-07-24,7113.163664738203
2009-07-27,7131.264217269437
2009-07-28,7375.29502524879
2009-07-29,7114.2270220232995
2009-07-30,7194.86206254516
2009-07-31,7122.0959207343885
2009-08-03,7089.561294561882
2009-08-04,7262.742537680035
2009-08-05,7229.088005826656
2009-08-06,7185.272753574825
2009-08-07,7085.892993002519
2009-08-10,7202.629716786198
2009-08-11,7134.564464239477
2009-08-12,7323.845078939017
2009-08-13,7332.514608834244
2009-08-14,7442.560760045873
2009-08-17,7370.850155108354
2009-08-18,7273.3985300501045
2009-08-19,7078.529755429276
2009-08-20,7125.757903032713
2009-08-21,7035.417275245052
2009-08-24,7173.578299398515
2009-08-25,7119.630598662111
2009-08-26,6998.12421448812
2009-08-27,6959.342412186767
2009-08-28,7073.16020984412
2009-08-31,6976.492515684612
2009-09-01,7122.397502933642
2009-09-02,7170.718372355728
2009-09-03,7069.365403796272
2009-09-04,7201.916745520204
2009-09-07,7159.691364954676
2009-09-08,7235.849293512441
2009-09-09,7316.72994029936
2009-09-10,7296.314913790765
2009-09-11,7301.280403059948
2009-09-14,7422.014797479114
2009-09-15,7611.154471748857
2009-09-16,7552.753794922808
2009-09-17,7404.636410746594
2009-09-18,7461.429877720973
2009-09-22,7493.171329885994
2009-09-23,7409.738107688838
2009-09-24,7308.848417857033
2009-09-25,7311.37364571424
2009-09-29,7285.590177648183
2009-09-30,7084.890198704978
2009-10-01,7092.156996145327
2009-10-05,7148.131169262727
2009-10-06,7333.263744927272
2009-10-07,7299.8847687611615
2009-10-08,7336.7496454377015
2009-10-09,7299.80191102384
2009-10-12,7288.177096606971
2009-10-14,7283.67627616904
2009-10-15,7549.4240559666805
2009-10-16,7603.300598261212
2009-10-20,7563.411926389203
2009-10-21,7486.537895767991
2009-10-22,7433.311343079853
2009-10-23,7491.898849013179
2009-10-26,7491.628838956103
2009-10-27,7503.008368255282
2009-10-28,7591.4044314329585
2009-10-29,7629.7825663146605
2009-10-30,7564.228393425034
2009-11-03,7675.488787138036
2009-11-04,7744.902159073173
2009-11-05,7702.629883840414
2009-11-06,7669.766608011755
2009-11-09,7625.040899518742
2009-11-10,7710.478883566559
2009-11-11,7827.043044102052
2009-11-12,7713.765595351347
2009-11-13,7699.475478101148
2009-11-16,7793.498566549896
2009-11-17,7885.617970635066
2009-11-18,7699.8421083827925
2009-11-19,7767.3155743682655
2009-11-20,7824.329719509159
2009-11-23,7921.884688183478
2009-11-24,7942.035755780956
2009-11-25,7814.109965308939
2009-11-26,7793.737065900352
2009-11-27,7776.048808494599
2009-11-30,7850.157189571183
2009-12-01,7795.729566463001
2009-12-02,7859.107386890332
2009-12-03,7875.457703999547
2009-12-04,7990.556565547096
2009-12-07,8048.606747229651
2009-12-08,8030.832890150728
2009-12-09,8166.683762278314
2009-12-10,8164.142405490034
2009-12-11,8221.697109420116
2009-12-14,8192.72505346423
2009-12-15,8139.298073725017
2009-12-16,8147.622656729415
2009-12-17,8323.682716628471
2009-12-18,8387.917116411998
2009-12-21,8492.386160264818
2009-12-22,8458.191107728608
2009-12-23,8691.430305028687
2009-12-24,9021.994455686834
2009-12-29,8855.275612325788
2009-12-30,8755.379674770418
2009-12-31,8804.273459259952
2010-01-04,8910.95299862455
2010-01-05,8782.154351733203
2010-01-06,8767.957464595442
2010-01-07,8788.848611956219
2010-01-08,8690.492909199345
2010-01-11,8644.632134069941
2010-01-12,8700.134229220055
2010-01-13,8613.316291436566
2010-01-14,8760.43246711801
2010-01-15,8836.443318649293
2010-01-18,8695.351627034952
2010-01-19,8612.308793421327
2010-01-20,8599.248737310127
2010-01-21,8669.932878387277
2010-01-22,8712.080426022249
2010-01-25,8558.542668236496
2010-01-27,8775.825866864729
2010-01-28,8884.102171339353
2010-01-29,8920.676260412725
2010-02-01,8761.739837642082
2010-02-02,8638.381924486526
2010-02-03,8686.466517613148
2010-02-04,8755.41155672536
2010-02-05,8699.153743890052
2010-02-08,8735.992637092826
2010-02-09,8551.145352807525
2010-02-10,8483.128580918272
2010-02-11,8337.322303396053
2010-02-15,8244.195940603648
2010-02-16,8333.320120728786
2010-02-17,8111.049000587561
2010-02-18,8067.112209057617
2010-02-19,8080.65137622532
2010-02-22,8047.155083357104
2010-02-23,8081.044922018438
2010-02-24,8043.973858289054
2010-02-25,8014.319064546246
2010-02-26,7831.989876398878
2010-03-02,7838.946630876284
2010-03-03,7869.986031516136
2010-03-04,7886.14257682799
2010-03-05,7868.415148863158
2010-03-08,7760.5568753740345
2010-03-09,7737.808256132781
2010-03-10,7699.838322602304
2010-03-11,7776.370469102308
2010-03-12,7740.275533760975
2010-03-15,7624.6440055093235
2010-03-16,7768.255814665986
2010-03-17,7762.577230607468
2010-03-18,7830.95971007848
2010-03-19,7772.383384672132
2010-03-22,7838.942700156943
2010-03-23,7821.022026797933
2010-03-25,7771.601022657882
2010-03-26,7564.3665115327885
2010-03-29,7567.818737134172
2010-03-30,7504.665428248715
2010-03-31,7509.794562386796
2010-04-01,7637.109399913973
2010-04-05,7724.927675002944
2010-04-06,7787.974793875137
2010-04-07,7851.398606172525
2010-04-08,7765.025173359197
2010-04-09,7835.620633346374
2010-04-12,7656.673557771634
2010-04-13,7751.659111578483
2010-04-15,7663.5129264857105
2010-04-16,7642.487327512654
2010-04-19,7743.521381354112
2010-04-20,7769.470050215934
2010-04-21,7590.271096849322
2010-04-22,7556.309899630858
2010-04-23,7489.384245645194
2010-04-26,7564.067063746921
2010-04-27,7443.950754854024
2010-04-28,7511.95764449801
2010-04-29,7525.8444919078875
2010-04-30,7420.202698274972
2010-05-03,7569.888852638744
2010-05-04,7539.1911422358335
2010-05-05,7641.829560561242
2010-05-06,7726.382407707064
2010-05-07,7641.110544175915
2010-05-10,7633.4990402159565
2010-05-11,7724.551680425409
2010-05-12,7769.3332198152475
2010-05-13,7757.895306053823
2010-05-14,7564.7263787714655
2010-05-17,7583.95102160354
2010-05-18,7401.806323584584
2010-05-19,7311.146970492973
2010-05-20,7296.859361295111
2010-05-21,7220.754547569351
2010-05-24,7279.781607038566
2010-05-25,7194.380789870211
2010-05-26,7341.513222746643
2010-05-27,7424.779032328145
2010-05-28,7468.021329461389
2010-05-31,7474.846786795059
2010-06-01,7330.530834803626
2010-06-02,7254.70536387423
2010-06-03,7323.717112198165
2010-06-04,7397.004624706525
2010-06-07,7401.572019065204
2010-06-08,7440.656175699279
2010-06-09,7517.720041707828
2010-06-10,7609.252228135405
2010-06-11,7635.1581282337775
2010-06-14,7772.920706879219
2010-06-15,7848.332249371293
2010-06-16,7759.625949557362
2010-06-17,7610.694262652598
2010-06-18,7616.521046662324
2010-06-21,7481.338487574359
2010-06-22,7420.725204461754
2010-06-23,7389.4644776844625
2010-06-24,7421.595690609708
2010-06-25,7262.970521076911
2010-06-28,7342.260088374439
2010-06-29,7299.963087292004
2010-06-30,7196.689899547315
2010-07-01,6951.049855493205
2010-07-02,7002.055025369845
2010-07-05,6996.299558070091
2010-07-06,7116.9660167369975
2010-07-07,7084.375795799654
2010-07-08,6979.106367973504
2010-07-09,7078.842712512757
2010-07-12,7249.356824482312
2010-07-13,7284.404256497279
2010-07-14,7306.609741681845
2010-07-15,7288.252042951664
2010-07-16,7391.439647470263
2010-07-19,7327.1502640042645
2010-07-20,7457.131389077076
2010-07-21,7374.262122333827
2010-07-22,7565.083101290063
2010-07-23,7619.195406487197
2010-07-26,7647.570180795056
2010-07-27,7815.172713239267
2010-07-28,7657.992154381267
2010-07-29,7801.45297247078
2010-07-30,7811.9015974680915
2010-08-02,7571.120790448488
2010-08-03,7736.0895274374425
2010-08-04,7774.468966127281
2010-08-05,7644.600044196375
2010-08-06,7571.78014941648
2010-08-09,7471.7376097423785
2010-08-10,7420.651513259639
2010-08-11,7433.875488612402
2010-08-12,7271.657551218533
2010-08-13,7227.053450045491
2010-08-16,7246.362369066235
2010-08-17,7228.160726955559
2010-08-18,7300.177347512579
2010-08-19,7422.421317656892
2010-08-20,7430.169756785899
2010-08-23,7262.991391656828
2010-08-24,7141.726299452717
2010-08-25,7104.624907825243
2010-08-26,7134.668254747055
2010-08-27,7183.698039031369
2010-08-30,6992.498829303681
2010-08-31,7010.29055710558
2010-09-01,6848.246801583764
2010-09-02,6806.710258675855
2010-09-03,6718.606848123129
2010-09-06,6850.175469177861
2010-09-07,6728.078172619278
2010-09-08,6913.32103205658
2010-09-09,6902.329870462843
2010-09-13,7082.0383129681095
2010-09-14,7025.978640137884
2010-09-15,6980.921653499933
2010-09-16,6996.7549780168065
2010-09-17,7003.177469497835
2010-09-20,6989.403865473249
2010-09-21,7015.828408283701
2010-09-22,6844.878805096317
2010-09-23,6814.26413800499
2010-09-24,6815.328768765049
2010-09-27,6794.498686854656
2010-09-28,6761.309598460213
2010-09-29,6794.026280941138
2010-09-30,6853.101844401318
2010-10-01,6731.631070648447
2010-10-04,6666.754902910984
2010-10-05,6689.466131598181
2010-10-06,6781.297853915079
2010-10-07,6754.087902507592
2010-10-08,6720.573658590596
2010-10-11,6642.662397675486
2010-10-12,6660.666498167226
2010-10-13,6744.682118777583
2010-10-14,6924.3489014713205
2010-10-15,6756.55764675843
2010-10-18,6691.896067952649
2010-10-19,6708.881674609627
2010-10-20,6790.015487288345
2010-10-21,6738.680660798113
2010-10-22,6685.1883718524405
2010-10-25,6539.830931966141
2010-10-26,6678.60129947007
2010-10-27,6704.625958812624
2010-10-28,6833.230913779589
2010-10-29,6897.083827758409
2010-11-01,6940.745256637752
2010-11-02,6930.115579794055
2010-11-03,6917.518039369308
2010-11-04,7039.178621943184
2010-11-08,6996.481377321788
2010-11-09,7017.495998518541
2010-11-10,7030.18521605268
2010-11-11,7019.9766009901405
2010-11-12,7066.878506518687
2010-11-15,7088.302249797567
2010-11-16,7119.039960545167
2010-11-18,7176.665991988774
2010-11-19,7225.4257564564505
2010-11-22,7192.7179279177735
2010-11-23,7244.146215070613
2010-11-24,7298.35581134091
2010-11-25,7268.737548089837
2010-11-26,7436.607772125046
2010-11-29,7349.836580838797
2010-11-30,7452.7470259843085
2010-12-01,7572.559558234338
2010-12-02,7442.194945298093
2010-12-03,7497.115044396066
2010-12-06,7370.951685398676
2010-12-07,7531.378022970792
2010-12-08,7455.73089480509
2010-12-09,7365.7441278719225
2010-12-10,7321.984790541211
2010-12-13,7381.220271987919
2010-12-14,7407.195147304721
2010-12-15,7476.645298978887
2010-12-16,7475.321564988781
2010-12-20,7588.653199863246
2010-12-21,7513.597740232174
2010-12-22,7561.811748747773
2010-12-23,7496.46563762196
2010-12-24,7470.139087170894
2010-12-27,7466.319583995486
2010-12-28,7533.816453279322
2010-12-29,7683.169258291995
2010-12-30,7727.043490007282
2010-12-31,7632.054897269793
2011-01-03,7656.625453499425
2011-01-04,7628.108800574919
2011-01-05,7603.464864830401
2011-01-06,7563.661619911119
2011-01-07,7794.376409183414
2011-01-10,7942.33755927318
2011-01-11,8125.4142224203415
2011-01-12,8188.330327277111
2011-01-13,8025.136554715594
2011-01-14,7933.170644552876
2011-01-17,7875.193155675165
2011-01-18,8114.143061703104
2011-01-19,7889.694770970754
2011-01-20,8078.957430752547
2011-01-21,7998.457348220619
2011-01-24,8079.7786572730365
2011-01-25,8000.479895537167
2011-01-27,7976.304261801614
2011-01-28,8119.786802265159
2011-01-31,8096.664887059889
2011-02-01,8051.38315671263
2011-02-02,7990.161773271092
2011-02-03,7945.334069791013
2011-02-04,7868.396678008185
2011-02-07,7859.964199703789
2011-02-08,7911.461786351183
2011-02-09,7730.728970030593
2011-02-10,7703.719379697637
2011-02-11,7740.342269788387
2011-02-14,7887.396376155771
2011-02-15,7830.364003262217
2011-02-16,7903.655418038635
2011-02-17,8183.255110967398
2011-02-18,8112.364876451073
2011-02-21,8060.592989390817
2011-02-22,8081.645947163975
2011-02-23,8041.625405509941
2011-02-24,8271.837207224917
2011-02-25,8218.011094227313
2011-02-28,7876.671535488766
2011-03-01,7635.812437009921
2011-03-03,7580.00259822772
2011-03-04,7671.7210018810665
2011-03-07,7661.084983456245
2011-03-08,7706.0208760206715
2011-03-09,7824.347657512091
2011-03-10,7941.182541259914
2011-03-11,8060.291372135409
2011-03-14,8101.862273392608
2011-03-15,8036.3391030709445
2011-03-16,8317.554894786075
2011-03-17,8515.305753194561
2011-03-18,8486.133185980107
2011-03-21,8415.497546162951
2011-03-22,8339.898303570015
2011-03-23,8345.220892279967
2011-03-24,8250.90410095306
2011-03-25,8351.381948227046
2011-03-28,8262.381007440605
2011-03-29,8552.177090714391
2011-03-30,8494.9207498228
2011-03-31,8608.263167273342
2011-04-01,8712.869041274662
2011-04-04,8691.00242604492
2011-04-05,8596.83950906292
2011-04-06,8761.02897377848
2011-04-07,8671.835850316716
2011-04-08,8782.465737793473
2011-04-11,8892.94822754558
2011-04-13,8778.483440862072
2011-04-15,8884.699803219743
2011-04-18,8988.973443925783
2011-04-19,8953.596431227437
2011-04-20,8841.589992019026
2011-04-21,8733.945775324733
2011-04-25,8659.060315080826
2011-04-26,8492.715857698162
2011-04-27,8654.583327592522
2011-04-28,8738.708016111459
2011-04-29,8710.264334768352
2011-05-02,8785.095255149388
2011-05-03,8636.956971602534
2011-05-04,8632.58441626794
2011-05-05,8615.046039162396
2011-05-06,8678.009158880566
2011-05-09,8451.462426655675
2011-05-10,8537.188876083615
2011-05-11,8343.818276806522
2011-05-12,8378.396211882493
2011-05-13,8354.34589059132
2011-05-16,8373.557153652631
2011-05-17,8480.259241826056
2011-05-18,8645.42172394276
2011-05-19,8415.407934643154
2011-05-20,8684.29858157468
2011-05-23,8725.477884220501
2011-05-24,8769.065982102436
2011-05-25,8712.390311309666
2011-05-26,8883.21150980914
2011-05-27,8835.95925692275
2011-05-30,8987.597751317493
2011-06-01,9013.437423258507
2011-06-02,8962.137299582588
2011-06-03,9027.306866195697
2011-06-06,9064.369488137738
2011-06-07,9058.072649029064
2011-06-08,9272.263873640879
2011-06-09,9110.088351403334
2011-06-10,9185.327518850261
2011-06-13,9194.340658953612
2011-06-14,9039.343272050202
2011-06-15,9033.438746671001
2011-06-16,9176.131744757291
2011-06-17,9078.141429538617
2011-06-20,9137.710061772274
2011-06-21,9164.087661444939
2011-06-22,9135.434191453945
2011-06-23,9295.053727915558
2011-06-24,9389.347986210649
2011-06-27,9516.823210298497
2011-06-28,9437.220283012155
2011-06-29,9421.908315833965
2011-06-30,9475.016933114055
2011-07-01,9481.041596004201
2011-07-04,9645.878322136423
2011-07-05,9852.8655438739
2011-07-06,9728.177379996294
2011-07-07,9503.627034497898
2011-07-08,9417.748543466552
2011-07-11,9446.950819289188
2011-07-12,9492.79053527015
2011-07-13,9355.671260228908
2011-07-15,9379.410033512002
2011-07-18,9285.606887614304
2011-07-19,9448.675826620334
2011-07-20,9460.181009072745
2011-07-21,9627.355138218187
2011-07-22,9539.861166506467
2011-07-25,9627.289120610461
2011-07-26,9541.677474758788
2011-07-27,9737.632539712302
2011-07-28,9516.803303553274
2011-07-29,9459.598843814278
2011-08-01,9226.05686920402
2011-08-02,9338.690131660373
2011-08-03,9238.182222225849
2011-08-04,9152.921434484548
2011-08-05,9135.557229990987
2011-08-08,9167.48969221322
2011-08-09,9202.624687596237
2011-08-10,9489.208542969462
2011-08-11,9611.349628590959
2011-08-12,9679.314820427999
2011-08-16,9581.038211197603
2011-08-17,9613.464678678296
2011-08-18,9505.807004999377
2011-08-19,9429.183247761577
2011-08-22,9325.191816376391
2011-08-23,9232.528256338974
2011-08-24,9293.019767798842
2011-08-25,9451.102103319045
2011-08-26,9427.81683827996
2011-08-29,9325.77245059326
2011-08-30,9315.843073144493
2011-09-02,9269.80734712843
2011-09-05,9245.414397539484
2011-09-06,9253.472246247471
2011-09-07,9155.400386000163
2011-09-08,9276.368718076124
2011-09-09,9236.75976770976
2011-09-12,9085.948168569459
2011-09-13,9114.652368668327
2011-09-14,8878.62218483991
2011-09-15,8609.178291721262
2011-09-16,8890.275577915749
2011-09-19,8697.742595837608
2011-09-20,8918.66202736437
2011-09-21,8948.89838415664
2011-09-22,8866.054721019102
2011-09-23,8722.91674216987
2011-09-26,8981.10047182578
2011-09-27,9182.172677620782
2011-09-28,9307.629035480886
2011-09-29,9341.508534991155
2011-09-30,9244.311735852942
2011-10-03,9212.812871961933
2011-10-04,9029.605105203791
2011-10-05,9047.056940509743
2011-10-07,8908.695957393751
2011-10-10,8854.217401706459
2011-10-11,8908.389769978052
2011-10-12,9169.39115657484
2011-10-13,9140.477111288368
2011-10-14,8996.397125721007
2011-10-17,8966.621710357556
2011-10-18,8862.433259878593
2011-10-19,8952.800979268897
2011-10-20,9146.861146387735
2011-10-21,9220.743045796477
2011-10-24,9337.460745526107
2011-10-25,9380.93712117282
2011-10-28,9413.335147965501
2011-10-31,9402.125843951748
2011-11-01,9461.84591084823
2011-11-02,9437.8677593041
2011-11-03,9515.96327931167
2011-11-04,9452.767270314716
2011-11-08,9436.688940971524
2011-11-09,9353.80886657211
2011-11-11,9402.527505873884
2011-11-14,9270.203893186537
2011-11-15,9377.716300123291
2011-11-16,9481.845134615345
2011-11-17,9501.879182956893
2011-11-18,9475.466545249743
2011-11-21,9494.789274184033
2011-11-22,9532.454510456497
2011-11-23,9598.07331298703
2011-11-25,9683.972527646654
2011-11-28,9754.934335909049
2011-11-29,9930.019058709377
2011-11-30,9959.083849561579
2011-12-01,9837.38518924955
2011-12-02,9835.8791605181
2011-12-05,9847.973029717608
2011-12-07,9767.369955770759
2011-12-08,9595.266711962493
2011-12-09,9296.08402940819
2011-12-12,9134.977877585456
2011-12-13,8953.268485317853
2011-12-14,9137.571360103493
2011-12-15,9073.0300034414
2011-12-16,9053.245334672905
2011-12-19,9164.94815419382
2011-12-20,9207.497930605332
2011-12-21,9215.563804488225
2011-12-22,9305.350863652822
2011-12-23,9637.526929270138
2011-12-27,9770.634709739807
2011-12-28,9948.953850772472
2011-12-29,9977.449086582714
2011-12-30,10054.622474591668
2012-01-03,10384.362948328748
2012-01-04,10222.184196176471
2012-01-05,10214.61670671219
2012-01-06,10318.327771420814
2012-01-09,10183.852224542918
2012-01-10,10034.606443649374
2012-01-11,10110.559177772757
2012-01-12,10134.087512788301
2012-01-13,9895.56314290232
2012-01-16,9924.417716650616
2012-01-17,9906.334851971518
2012-01-18,9860.97544565134
2012-01-19,9716.696462573533
2012-01-20,9741.144806181077
2012-01-23,9679.94945822581
2012-01-24,9422.5895219169
2012-01-25,9532.982275405797
2012-01-27,9768.848975789988
2012-01-30,10096.970185291962
2012-01-31,10275.220799147479
2012-02-01,10296.380660500216
2012-02-02,10123.108929152257
2012-02-03,10206.315114660714
2012-02-06,10163.398438094895
2012-02-07,9988.617884818437
2012-02-08,9787.128876923205
2012-02-09,9701.96483080901
2012-02-10,9595.590995057488
2012-02-13,9642.527341897909
2012-02-14,9548.85256485766
2012-02-15,9569.397461079752
2012-02-16,9584.329983538419
2012-02-17,9604.941545768634
2012-02-21,9555.68457761353
2012-02-22,9763.752190261383
2012-02-23,9538.141599376671
2012-02-24,9514.898219699162
2012-02-27,9546.180912655442
2012-02-28,9393.895329099932
2012-02-29,9476.884563564332
2012-03-01,9423.497912937059
2012-03-02,9469.115151386828
2012-03-05,9382.528565394747
2012-03-06,9414.014643567949
2012-03-07,9328.633135073995
2012-03-09,9332.291198262254
2012-03-12,9370.162350202807
2012-03-13,9430.596634179115
2012-03-14,9561.706277717652
2012-03-15,9319.321277178102
2012-03-16,9328.995890865139
2012-03-19,9384.080479796048
2012-03-20,9515.66106934195
2012-03-21,9528.873656510079
2012-03-22,9525.634275140577
2012-03-23,9471.463052859173
2012-03-26,9689.00305618336
2012-03-27,9916.542455721697
2012-03-28,9997.318337126182
2012-03-29,10198.13156199346
2012-03-30,10106.756160245213
2012-04-02,10177.485542750783
2012-04-03,10239.05332071449
2012-04-04,10539.25230986081
2012-04-09,10343.92431203087
2012-04-10,10389.85188736734
2012-04-11,10599.650112612928
2012-04-12,10742.191744744881
2012-04-13,10629.958696711281
2012-04-16,10520.507531643128
2012-04-17,10518.575878037096
2012-04-18,10456.236319764175
2012-04-19,10539.32356778366
2012-04-20,10562.173800884062
2012-04-23,10666.439474402567
2012-04-24,10767.019818622388
2012-04-25,10545.52611432533
2012-04-26,10425.396954515087
2012-04-27,10376.43506886521
2012-04-30,10623.821478869497
2012-05-02,10587.246316615885
2012-05-03,10512.333403446057
2012-05-04,10760.034507280447
2012-05-07,10736.455379685565
2012-05-08,10532.903566637919
2012-05-09,10501.362284996327
2012-05-10,10602.748362658102
2012-05-11,10487.104264896328
2012-05-14,10552.465955246322
2012-05-15,10516.159512592354
2012-05-16,10658.774096532126
2012-05-17,10585.515018645647
2012-05-18,10694.27055346399
2012-05-22,10639.715379001855
2012-05-23,10454.965267914062
2012-05-24,10460.706425007724
2012-05-25,10531.888715334726
2012-05-28,10603.362560823181
2012-05-29,10671.129572359408
2012-05-30,10561.278832303276
2012-05-31,10640.249936278758
2012-06-01,10635.656397529092
2012-06-04,10851.802086922016
2012-06-05,10970.58525906925
2012-06-06,10979.782141360032
2012-06-07,11162.847381375399
2012-06-08,11156.234375584681
2012-06-11,11246.585375618717
2012-06-12,11178.749211021672
2012-06-13,10892.193641895134
2012-06-14,10922.934117797593
2012-06-15,11008.658265711396
2012-06-18,10881.429119052515
2012-06-19,10739.292913531293
2012-06-20,10696.438622117104
2012-06-21,10581.280313750383
2012-06-22,10486.022010816487
2012-06-25,10393.261405164361
2012-06-26,10453.455809871899
2012-06-27,10375.771489350369
2012-06-28,10450.396508307076
2012-06-29,10468.595831019122
2012-07-02,10405.757965315148
2012-07-03,10540.812357295341
2012-07-04,10628.21183896856
2012-07-05,10926.669963998891
2012-07-06,10888.226160303273
2012-07-09,10703.35703257285
2012-07-10,10794.07779526092
2012-07-11,10902.257564889525
2012-07-12,10834.920386545902
2012-07-13,10876.651220837433
2012-07-16,10870.29269897879
2012-07-17,10681.603074253153
2012-07-18,10708.399295890898
2012-07-19,10684.819059578957
2012-07-20,10779.921188317536
2012-07-23,10771.642827849913
2012-07-24,11000.716868839318
2012-07-25,11314.250639338503
2012-07-26,11576.077982499304
2012-07-27,11173.263373656242
2012-07-30,10939.297899596373
2012-07-31,11154.647493028297
2012-08-01,11294.203803803353
2012-08-02,11490.328749292506
2012-08-03,11675.230393171667
2012-08-06,11546.339995999437
2012-08-07,11691.53115478577
2012-08-08,11722.248003394898
2012-08-09,11585.956128215703
2012-08-10,11580.726036214533
2012-08-13,11558.246315286964
2012-08-14,11447.473972892416
2012-08-16,11527.971938026798
2012-08-17,11560.394723573781
2012-08-21,11527.584288740883
2012-08-22,11270.620804353508
2012-08-23,11050.394034659868
2012-08-24,10934.247567186118
2012-08-27,10649.832946111686
2012-08-29,10630.290198261604
2012-08-30,10840.159256912566
2012-08-31,10998.51219749452
2012-09-03,10794.692173691432
2012-09-04,10844.848086894117
2012-09-05,10760.457785172828
2012-09-06,10540.291863493234
2012-09-07,10436.680791110746
2012-09-10,10448.029899814095
2012-09-11,10522.646506638754
2012-09-12,10686.831822335329
2012-09-13,10795.472009392868
2012-09-14,10774.512285618312
2012-09-17,10856.040256897915
2012-09-18,10729.37367926128
2012-09-20,10744.084446901625
2012-09-21,10634.223962806207
2012-09-24,10588.951192186567
2012-09-25,10761.727767487313
2012-09-26,10870.64035260557
2012-09-27,10886.581002188515
2012-09-28,10981.73503154182
2012-10-01,10912.075367721032
2012-10-03,10987.764690145847
2012-10-04,11049.571289719011
2012-10-05,11030.13864409502
2012-10-08,10958.336652284768
2012-10-09,11126.916640813855
2012-10-10,11217.048472214716
2012-10-11,11157.291038766036
2012-10-12,11103.663101481188
2012-10-15,11016.80849078299
2012-10-16,10826.184760708324
2012-10-17,10965.1346434927
2012-10-18,10961.307886993118
2012-10-19,11095.353339662674
2012-10-22,11114.185445929668
2012-10-23,11054.115494348309
2012-10-25,10948.799956130817
2012-10-29,10890.751225891074
2012-10-30,10804.6565742489
2012-10-31,10895.036969638137
2012-11-01,10712.768116308602
2012-11-02,10837.025169299517
2012-11-05,10975.202611055796
2012-11-06,10815.005264653237
2012-11-07,10672.164992575397
2012-11-08,10609.159105589055
2012-11-09,10696.040227897933
2012-11-12,10843.312433248566
2012-11-15,10951.47161421892
2012-11-16,11027.184126343951
2012-11-19,11002.605299001005
2012-11-20,11108.241973167334
2012-11-21,11167.773050389893
2012-11-22,11182.562225862372
2012-11-23,11394.238350935955
2012-11-26,11383.053188479842
2012-11-27,11324.678186121675
2012-11-29,11278.415043573854
2012-11-30,11533.44105181908
2012-12-03,11480.56773117747
2012-12-04,11592.954566423234
2012-12-05,11406.587314347005
2012-12-06,11567.617280435512
2012-12-07,11673.739409835687
2012-12-10,11653.241567670582
2012-12-11,11572.797876626366
2012-12-12,11585.44283091309
2012-12-13,11530.96106418359
2012-12-14,11762.452964930468
2012-12-17,11943.521288082273
2012-12-18,11986.30083290388
2012-12-19,11910.168008132387
2012-12-20,11661.351902318154
2012-12-21,11827.627846612026
2012-12-24,11806.784238441034
2012-12-26,11663.798033498042
2012-12-27,11748.19352078316
2012-12-28,11551.907630247648
2012-12-31,11445.038738591342
2013-01-02,11285.576335591459
2013-01-03,11301.890007079815
2013-01-04,11228.403931023058
2013-01-07,11488.538856205674
2013-01-08,11381.168755579482
2013-01-09,11437.775420275235
2013-01-10,11481.550624341162
2013-01-11,11612.712593491979
2013-01-14,11472.461723730547
2013-01-15,11207.509787790776
2013-01-16,10901.51555048316
2013-01-17,11123.429413433116
2013-01-18,11135.486031950362
2013-01-21,11299.299435286788
2013-01-22,11048.952846152102
2013-01-23,10989.731039218492
2013-01-24,10787.068923235902
2013-01-25,10980.057217804082
2013-01-28,11010.528811704251
2013-01-29,10974.185567820641
2013-01-30,11000.986056350677
2013-01-31,10687.990917238569
2013-02-01,10661.13062463528
2013-02-04,10583.07675850826
2013-02-05,10858.766130994265
2013-02-06,10969.272518950404
2013-02-07,11022.764157789423
2013-02-08,10937.374716077105
2013-02-11,10908.38841875888
2013-02-12,10820.455767119707
2013-02-13,10866.39358725386
2013-02-14,10855.637176607517
2013-02-15,10938.102367899126
2013-02-18,10999.920569415459
2013-02-19,11136.785172412838
2013-02-20,11051.07548601543
2013-02-21,10949.339301648488
2013-02-22,11127.518390181063
2013-02-25,11016.49740938253
2013-02-26,10917.412446003458
2013-02-27,10952.560147789176
2013-02-28,10765.373726901884
2013-03-01,10961.311926748001
2013-03-04,10961.987111551767
2013-03-05,10880.98224090301
2013-03-06,10841.012919121385
2013-03-07,10660.311146413109
2013-03-08,10479.552367922428
2013-03-11,10524.00101898204
2013-03-12,10617.62832791519
2013-03-13,10639.820859742029
2013-03-14,10772.638896478797
2013-03-15,10780.461821820512
2013-03-18,10475.189264049568
2013-03-19,10697.321158137785
2013-03-20,10252.382884838864
2013-03-21,10215.556470474727
2013-03-22,10381.116453609458
2013-03-25,10201.666181370703
2013-03-26,10348.218663886872
2013-03-28,10289.554828372398
2013-04-01,10492.843165983135
2013-04-02,10452.663277792992
2013-04-03,10308.767815113888
2013-04-04,10340.5892961201
2013-04-05,10236.344930914302
2013-04-08,10230.57335464389
2013-04-09,10134.699989214225
2013-04-10,9964.387953895495
2013-04-11,10053.836385679588
2013-04-12,10135.724704678367
2013-04-15,10094.688401106667
2013-04-16,10108.796296633818
2013-04-17,10086.135051501415
2013-04-18,9841.662924882385
2013-04-22,9817.318663604752
2013-04-23,10047.168064540538
2013-04-25,10017.090491034178
2013-04-26,10220.460974954447
2013-04-29,10293.854659621999
2013-04-30,10188.648593054691
2013-05-02,10132.105631695344
2013-05-03,9977.576192570978
2013-05-06,10058.630417487098
2013-05-07,10097.007148254395
2013-05-08,10250.619630720481
2013-05-09,10152.744310468634
2013-05-10,10410.50561876596
2013-05-13,10405.133063309373
2013-05-14,10110.8045195992
2013-05-15,10112.752560070934
2013-05-16,10110.96429375929
2013-05-17,10056.926517677091
2013-05-20,10143.76489724267
2013-05-21,10363.520044193227
2013-05-22,10487.174327317798
2013-05-23,10518.198092397104
2013-05-24,10390.949985529722
2013-05-27,10299.449085449336
2013-05-28,10251.89587604883
2013-05-29,10038.018012413011
2013-05-30,10227.850499810927
2013-05-31,10159.312565407408
2013-06-03,10113.40724492145
2013-06-04,10039.0008645335
2013-06-05,10304.647530658547
2013-06-06,10496.252978763943
2013-06-07,10444.997177854822
2013-06-10,10434.11426063793
2013-06-11,10483.598342781619
2013-06-12,10699.053538972117
2013-06-13,10754.53017871002
2013-06-14,10886.242001054612
2013-06-17,11028.43948833211
2013-06-18,10820.69770154138
2013-06-19,10749.526821340669
2013-06-20,10923.412145546888
2013-06-21,10808.58157528599
2013-06-24,11016.553070244277
2013-06-25,10773.51316104299
2013-06-26,10645.87314766537
2013-06-27,10666.181824427691
2013-06-28,10613.893281721164
2013-07-01,10496.717268802553
2013-07-02,10594.956413293861
2013-07-03,10657.217227517847
2013-07-04,10527.092305897477
2013-07-05,10370.491192737485
2013-07-08,10471.777506639375
2013-07-09,10547.76861918684
2013-07-10,10511.280056024432
2013-07-11,10676.313942558661
2013-07-12,10846.258287059598
2013-07-15,10766.080759474109
2013-07-16,10746.719339577463
2013-07-17,10611.415136036958
2013-07-18,10555.104045801076
2013-07-19,10295.366792425684
2013-07-22,10235.260368236044
2013-07-23,10235.305662056175
2013-07-24,10209.802890471248
2013-07-25,9976.891695802702
2013-07-26,9948.519072996576
2013-07-29,9975.207977793785
2013-07-30,9865.210718638507
2013-07-31,9823.439368144143
2013-08-01,9758.98789698036
2013-08-02,9739.733012891862
2013-08-05,9708.411131885909
2013-08-06,9881.821411152863
2013-08-07,9973.926948980023
2013-08-08,9951.44264037021
2013-08-12,9905.545189758594
2013-08-13,9887.441588879708
2013-08-14,9938.161484334774
2013-08-16,10041.879206019554
2013-08-19,10355.551391533985
2013-08-20,10344.320931040058
2013-08-21,10273.95735983134
2013-08-22,10231.141296335263
2013-08-23,10122.44237457768
2013-08-26,10007.845136697873
2013-08-27,9953.729647355005
2013-08-28,10138.162875744056
2013-08-29,10076.656709584116
2013-08-30,10167.383794045298
2013-09-02,9965.961319163871
2013-09-03,9784.337016688312
2013-09-04,9669.57058959109
2013-09-05,9605.92326738258
2013-09-06,9633.765140382984
2013-09-10,9539.133132865481
2013-09-11,9556.510349981767
2013-09-12,9744.055411578602
2013-09-13,9776.483633358548
2013-09-16,9891.076295350642
2013-09-17,9785.333503912656
2013-09-18,9593.889613889345
2013-09-19,9702.054663210232
2013-09-20,9653.874347130331
2013-09-23,9719.959922814216
2013-09-24,9747.98222413374
2013-09-25,9710.180151600545
2013-09-26,9588.144350703345
2013-09-27,9615.417766280141
2013-09-30,9578.08358363848
2013-10-01,9701.725733018066
2013-10-03,9716.858731312144
2013-10-04,9775.919483144173
2013-10-07,9497.560797316059
2013-10-08,9578.412533452838
2013-10-09,9575.695804231058
2013-10-10,9536.189704081273
2013-10-11,9388.761907105129
2013-10-14,9335.024605078794
2013-10-15,9445.307891071447
2013-10-17,9435.060010685216
2013-10-18,9344.634278724136
2013-10-21,9416.970036447396
2013-10-22,9475.360384688518
2013-10-23,9542.410541587062
2013-10-24,9437.642967634842
2013-10-25,9360.91929441956
2013-10-28,9202.415119725729
2013-10-29,9202.994167094199
2013-10-30,9185.554236384303
2013-10-31,9175.893040560322
2013-11-01,8932.409405897199
2013-11-05,9035.825117738743
2013-11-06,9173.545614703975
2013-11-07,9089.371744282234
2013-11-08,8978.39213109346
2013-11-11,9013.47028926555
2013-11-12,8869.453005149391
2013-11-13,8666.317064043898
2013-11-14,8875.723171164354
2013-11-18,8847.431670310276
2013-11-19,8987.99834312392
2013-11-20,8854.815310084061
2013-11-21,9048.333803256262
2013-11-22,8676.148015285302
2013-11-25,8641.005128270594
2013-11-26,8764.945882648355
2013-11-27,8850.73846846763
2013-11-28,8874.420116748732
2013-11-29,8897.588851604423
2013-12-02,8962.1107273553
2013-12-03,8889.445196309238
2013-12-04,8940.09739763722
2013-12-05,9090.729677340167
2013-12-06,8886.20256643724
2013-12-09,8910.625844592609
2013-12-10,8900.490184864084
2013-12-11,8974.174973811923
2013-12-12,8922.234573671547
2013-12-13,8757.018696497073
2013-12-16,8756.328884562574
2013-12-17,8545.955602679345
2013-12-18,8712.502604781108
2013-12-19,8798.083599867847
2013-12-20,9030.76826425441
2013-12-23,9005.050234435847
2013-12-24,8932.946983818185
2013-12-26,8907.712418489866
2013-12-27,9069.99196276479
2013-12-30,8912.501789991582
2013-12-31,8773.51586863623
2014-01-02,8695.413101290387
2014-01-03,8765.772826583034
2014-01-06,8737.152786531542
2014-01-07,8849.85717408922
2014-01-08,9007.58957809972
2014-01-09,9118.900793192784
2014-01-10,9321.319051942188
2014-01-13,9370.74129259835
2014-01-14,9126.063396796608
2014-01-15,9177.39286025527
2014-01-16,8973.004927549711
2014-01-17,9031.424458469031
2014-01-20,8915.048209988154
2014-01-21,8781.945578045423
2014-01-22,8883.424394949398
2014-01-23,9136.612485699638
2014-01-24,9102.435754139493
2014-01-27,8916.437603945826
2014-01-28,9095.571892816517
2014-01-29,9073.776558459425
2014-01-30,9129.35929110915
2014-01-31,9082.43256072075
2014-02-03,8863.955335464065
2014-02-04,8656.819207730376
2014-02-05,8744.376847263926
2014-02-06,8764.063396992504
2014-02-07,8709.992150545955
2014-02-10,8596.383395518082
2014-02-11,8688.224984459423
2014-02-12,8584.877302987537
2014-02-13,8472.025687898924
2014-02-14,8508.820509816902
2014-02-18,8375.191045413498
2014-02-19,8502.187275720653
2014-02-20,8586.50002297129
2014-02-21,8558.344233746522
2014-02-24,8718.883584760259
2014-02-25,8374.00127957595
2014-02-26,8336.028433590132
2014-02-28,8406.071617993597
2014-03-03,8506.358316063877
2014-03-04,8494.627628804184
2014-03-05,8542.945001474545
2014-03-06,8589.882676032948
2014-03-07,8676.018691239042
2014-03-10,8654.742621398318
2014-03-11,8596.125586868571
2014-03-12,8549.110750778764
2014-03-13,8627.2237889146
2014-03-14,8652.086724162698
2014-03-18,8420.246201361782
2014-03-19,8595.05103870359
2014-03-20,8471.600469263762
2014-03-21,8317.810262884554
2014-03-24,8119.105780408323
2014-03-25,8152.041224588836
2014-03-26,8191.015389468351
2014-03-27,8053.036121867809
2014-03-28,7902.4078518653605
2014-03-31,7861.814325418259
2014-04-01,7781.30134475456
2014-04-02,7802.236280529511
2014-04-03,7751.283241962509
2014-04-04,7618.060918475578
2014-04-07,7694.137902978972
2014-04-09,7701.87927592629
2014-04-10,7646.096908208159
2014-04-11,7663.732916254101
2014-04-15,7332.58452460202
2014-04-16,7346.090891059362
2014-04-17,7501.889808255625
2014-04-21,7478.892286403453
2014-04-22,7467.7649969763115
2014-04-23,7446.183916058287
2014-04-25,7534.405100980172
2014-04-28,7550.890757686154
2014-04-29,7576.32472465445
2014-04-30,7482.131043136887
2014-05-02,7356.770459659615
2014-05-05,7494.808630592389
2014-05-06,7581.461616341453
2014-05-07,7611.177076689635
2014-05-08,7493.772631426393
2014-05-09,7707.059193942429
2014-05-12,7741.500800954508
2014-05-13,7808.779863002764
2014-05-14,7867.124296326918
2014-05-15,7776.1704386853
2014-05-16,7821.012678536236
2014-05-19,8224.863457380687
2014-05-20,8014.637178098026
2014-05-21,7986.466028727556
2014-05-22,8069.7324095126605
2014-05-23,8180.023078175137
2014-05-26,7912.153948205372
2014-05-27,7755.903342142165
2014-05-28,7880.687661925359
2014-05-29,7700.086494194516
2014-05-30,7599.785100589794
2014-06-02,7495.711903846619
2014-06-03,7503.739660199439
2014-06-04,7526.3605473659945
2014-06-05,7626.970332564808
2014-06-06,7614.65101685954
2014-06-09,7419.430724531063
2014-06-10,7523.5539190596655
2014-06-11,7536.608781971085
2014-06-12,7510.194859987097
2014-06-13,7461.4653372596895
2014-06-16,7313.397089646453
2014-06-17,7401.231101858041
2014-06-18,7317.256694126035
2014-06-19,7321.552947310353
2014-06-20,7180.054739797022
2014-06-23,7377.541683695704
2014-06-24,7409.777452461228
2014-06-25,7486.237485272653
2014-06-26,7393.432891439034
2014-06-27,7377.084138510465
2014-06-30,7360.748821097734
2014-07-01,7408.519263958619
2014-07-02,7337.533327472908
2014-07-03,7101.180287321598
2014-07-04,7045.028586125611
2014-07-07,7100.055608535935
2014-07-08,7046.606238332512
2014-07-09,6955.731643399458
2014-07-10,6973.432807002352
2014-07-11,6922.034435731998
2014-07-14,7100.725673978648
2014-07-15,7054.5551168224665
2014-07-16,6988.71501600628
2014-07-17,6942.032659355594
2014-07-18,6874.355484446659
2014-07-21,6964.68131932242
2014-07-22,7000.336304362292
2014-07-23,7142.750595062408
2014-07-24,7263.992004872049
2014-07-25,7347.799733343789
2014-07-28,7455.832383799988
2014-07-30,7452.65730807245
2014-07-31,7486.59185841074
2014-08-01,7541.370293212988
2014-08-04,7342.5401589270605
2014-08-05,7546.471376050114
2014-08-06,7542.650115951582
2014-08-07,7535.002889083879
2014-08-08,7571.785583698228
2014-08-11,7417.22810483343
2014-08-12,7300.736942437567
2014-08-13,7253.763676907285
2014-08-14,7345.677441827963
2014-08-18,7321.7717126103025
2014-08-19,7364.587248645709
2014-08-20,7355.380090694706
2014-08-21,7366.633786301572
2014-08-22,7503.41674498177
2014-08-25,7408.227827351778
2014-08-26,7569.57484094327
2014-08-27,7616.549698091525
2014-08-28,7399.725517935224
2014-09-01,7497.505277091849
2014-09-02,7509.626122815285
2014-09-03,7378.107998838101
2014-09-04,7304.663514845795
2014-09-05,7413.530933505386
2014-09-08,7375.2761403429895
2014-09-09,7258.368742402901
2014-09-10,7389.46595591188
2014-09-11,7471.945802894239
2014-09-12,7565.717930200184
2014-09-15,7708.235851154336
2014-09-16,7792.717068645946
2014-09-17,7819.661784276685
2014-09-18,7799.862922858477
2014-09-19,7798.667569135816
2014-09-22,7858.5719570841
2014-09-23,7882.034916367653
2014-09-24,7720.730367122434
2014-09-25,7688.300720935234
2014-09-26,7913.272422566598
2014-09-29,8016.170458697843
2014-09-30,7862.624668022348
2014-10-01,8036.856604571219
2014-10-07,8059.637909020292
2014-10-08,8072.491441323361
2014-10-09,8007.543536506374
2014-10-10,7932.770207963695
2014-10-13,7889.641353461722
2014-10-14,7976.499773258535
2014-10-16,7894.750203897519
2014-10-17,7736.438077845924
2014-10-20,7748.622073088481
2014-10-21,7871.2494089571965
2014-10-22,7850.784332377623
2014-10-27,7724.107037177152
2014-10-28,7689.411798365717
2014-10-29,7835.259758640432
2014-10-30,7689.163208378268
2014-10-31,7731.321253105668
2014-11-03,7814.087702776137
2014-11-05,7924.774535831294
2014-11-07,7908.298500079126
2014-11-10,7957.359613909144
2014-11-11,7912.949529343226
2014-11-12,7785.817737863199
2014-11-13,7832.57341278182
2014-11-14,7819.100379745609
2014-11-17,7866.477460390465
2014-11-18,7911.149738418441
2014-11-19,8055.858733349777
2014-11-20,8134.507107558053
2014-11-21,8086.699374667061
2014-11-24,7959.65797599029
2014-11-25,7908.2068297719725
2014-11-26,8021.469573940514
2014-11-27,7989.981177346611
2014-11-28,7860.95461598499
2014-12-01,7795.11702764445
2014-12-02,7734.552414621358
2014-12-03,7776.99869682343
2014-12-04,7813.217582267631
2014-12-05,7878.579664113724
2014-12-08,7702.672330234993
2014-12-09,7662.794208262166
2014-12-10,7706.957375498287
2014-12-11,7757.596429405689
2014-12-12,7827.475627232601
2014-12-15,7760.5397424968605
2014-12-16,8032.340277321222
2014-12-17,7940.174601913525
2014-12-18,7798.458129231282
2014-12-19,7733.247056931562
2014-12-22,7645.231441937953
2014-12-23,7423.266611058793
2014-12-24,7445.965288374812
2014-12-26,7492.95422872448
2014-12-29,7498.085521307853
2014-12-30,7443.836295604606
2014-12-31,7425.753091550177
2015-01-02,7441.395234385573
2015-01-05,7395.1391479504355
2015-01-06,7361.183704396782
2015-01-07,7480.971554159918
2015-01-08,7434.690290630827
2015-01-09,7350.764042532313
2015-01-12,7324.84280272778
2015-01-13,7265.7816508249
2015-01-14,7193.462978053186
2015-01-15,7254.057694289661
2015-01-16,7209.77697592369
2015-01-19,7224.844475166366
2015-01-20,6982.538263353261
2015-01-21,6998.092319324354
2015-01-22,7078.630728329479
2015-01-23,7015.157458063006
2015-01-27,7049.504750257702
2015-01-28,7127.418205602363
2015-01-29,6819.418678502775
2015-01-30,6760.9916448459835
2015-02-02,6877.796367786846
2015-02-03,6837.972895426911
2015-02-04,6703.194965450674
2015-02-05,6585.83569203874
2015-02-06,6468.238274958823
2015-02-09,6345.582951130292
2015-02-10,6384.7753743954045
2015-02-11,6313.743513113028
2015-02-12,6405.089208231509
2015-02-13,6469.813090297898
2015-02-16,6528.49570774224
2015-02-18,6604.693865429442
2015-02-19,6601.297470020668
2015-02-20,6482.187253574508
2015-02-23,6375.311012705157
2015-02-24,6472.243337804909
2015-02-25,6653.732147590497
2015-02-26,6567.257600445526
2015-02-27,6614.31697854467
2015-03-02,6744.6122671708845
2015-03-03,6855.120953331127
2015-03-04,6953.802354587516
2015-03-05,6943.3115656976815
2015-03-09,6922.869155656506
2015-03-10,7055.562185820454
2015-03-11,6965.767300334747
2015-03-12,7062.630058672544
2015-03-13,7148.748610970294
2015-03-16,7090.473948153132
2015-03-17,7034.570401010832
2015-03-18,6962.104757043819
2015-03-19,6909.234771661049
2015-03-20,6905.789352589829
2015-03-23,6800.001936669403
2015-03-24,6762.841317863191
2015-03-25,6856.734310756368
2015-03-26,6920.431980119211
2015-03-27,6900.985295048408
2015-03-30,6882.181133167747
2015-03-31,6839.157974387678
2015-04-01,6939.2520696278
2015-04-06,6806.4922113912735
2015-04-07,6804.986586731105
2015-04-08,6964.851090837837
2015-04-09,6898.6955951308855
2015-04-10,7030.542663735724
2015-04-13,7107.980440900919
2015-04-16,7215.49417481763
2015-04-17,7185.1641800367115
2015-04-20,7213.194823746101
2015-04-21,7199.577106944825
2015-04-22,7180.954570359077
2015-04-23,7328.890695538682
2015-04-24,7270.771545123746
2015-04-27,7203.327329900785
2015-04-28,7247.25271153064
2015-04-29,7223.202740153275
2015-04-30,7322.189064473911
2015-05-04,7259.929747021874
2015-05-05,7361.70020844148
2015-05-06,7326.014040039063
2015-05-07,7348.709706845588
2015-05-08,7250.852781531187
2015-05-11,7226.5309191887645
2015-05-12,7150.475310778654
2015-05-13,7183.7766235628205
2015-05-14,7034.934103697436
2015-05-15,7076.520775740247
2015-05-18,6936.881164346764
2015-05-19,7096.022704112453
2015-05-20,7088.448211213495
2015-05-21,7179.807941913004
2015-05-22,7116.647666926585
2015-05-25,7018.888463819408
2015-05-26,6898.972973943923
2015-05-27,6925.832074383335
2015-05-28,6795.1066708009275
2015-05-29,7002.177911367735
2015-06-01,7092.10915783649
2015-06-02,7009.5582815950065
2015-06-03,7100.679649411757
2015-06-04,7192.80675419665
2015-06-05,7065.758302640108
2015-06-08,7106.306679306407
2015-06-09,7194.746421848734
2015-06-10,7064.03817070797
2015-06-11,7072.997890171154
2015-06-12,6877.939525267811
2015-06-15,6887.725999618918
2015-06-16,6982.630728385323
2015-06-17,6856.487381588103
2015-06-18,6861.877956309617
2015-06-19,6806.772416873359
2015-06-22,6678.300960301839
2015-06-23,6730.409311333995
2015-06-24,6972.186018615431
2015-06-25,7092.207617761723
2015-06-26,7315.033923538098
2015-06-29,7402.3875850654495
2015-06-30,7385.167797944794
2015-07-01,7293.70443297661
2015-07-02,7249.361508105591
2015-07-03,7180.376486599848
2015-07-06,7130.325706421551
2015-07-07,7114.094939920071
2015-07-08,7144.457427187845
2015-07-09,7074.272097323082
2015-07-10,7018.293682656763
2015-07-13,7140.242874090828
2015-07-14,7255.392213440556
2015-07-15,7140.687172925078
2015-07-16,7196.651201388523
2015-07-17,7133.118055362511
2015-07-20,6951.4678778123125
2015-07-21,6989.242948775437
2015-07-22,6973.041102834483
2015-07-23,7100.802924858382
2015-07-24,7189.898557124867
2015-07-27,7203.431022645715
2015-07-28,7352.782937267307
2015-07-29,7321.828531906263
2015-07-30,7373.302428799659
2015-07-31,7265.0302287108125
2015-08-03,7232.785183417361
2015-08-04,7157.604603257942
2015-08-05,7051.77672210612
2015-08-06,7203.21393169247
2015-08-07,7081.233744039106
2015-08-10,7158.716831820512
2015-08-11,7188.25079967028
2015-08-12,7207.933093825073
2015-08-13,7242.629180381859
2015-08-14,7179.952067183692
2015-08-17,7303.99441485046
2015-08-18,7257.600671113748
2015-08-19,7219.709096341941
2015-08-20,7196.4822970023315
2015-08-21,7286.749676528742
2015-08-24,7212.1640235517025
2015-08-25,7162.521954563069
2015-08-26,7049.066394928103
2015-08-27,7052.331169964671
2015-08-28,7031.187697275198
2015-08-31,7092.196546784716
2015-09-01,7197.932812865992
2015-09-02,7250.052017645833
2015-09-03,7008.880567521023
2015-09-04,7013.952343934388
2015-09-07,6981.247222940913
2015-09-08,6879.6369583764745
2015-09-09,7030.378150247118
2015-09-10,7020.330154129314
2015-09-11,6994.363337760454
2015-09-14,7065.570756673846
2015-09-15,7109.104030431147
2015-09-16,7220.814306807662
2015-09-18,7215.8337614552765
2015-09-21,7108.255272749429
2015-09-22,7193.292019525213
2015-09-23,7050.444621019846
2015-09-24,6933.112151734075
2015-09-28,7020.254312094386
2015-09-29,7034.163147575927
2015-09-30,7020.836675236632
2015-10-01,6965.991764456395
2015-10-05,6965.650671190377
2015-10-06,7107.187167247453
2015-10-07,7106.4550033206215
2015-10-08,7284.625368779301
2015-10-09,7225.643273915564
2015-10-12,7272.271439796348
2015-10-13,7178.932292232964
2015-10-14,7103.027790379637
2015-10-15,7011.257924113482
2015-10-16,7161.718461380863
2015-10-19,7352.5047669437645
2015-10-20,7363.0323728219255
2015-10-21,7344.275511101106
2015-10-23,7319.714431315656
2015-10-26,7179.803646057152
2015-10-27,7174.978076892278
2015-10-28,7200.079540521099
2015-10-29,7223.8549591854035
2015-10-30,7287.544357626602
2015-11-02,7350.547979230631
2015-11-03,7400.032421287725
2015-11-04,7421.2229664159995
2015-11-05,7636.539028624329
2015-11-06,7805.056359363248
2015-11-09,7744.019448697192
2015-11-10,7690.110313782034
2015-11-13,7592.351080122544
2015-11-16,7517.112528572746
2015-11-17,7485.549932479051
2015-11-18,7518.194742121324
2015-11-19,7597.294869777844
2015-11-20,7638.037546320194
2015-11-23,7566.609296655406
2015-11-24,7758.8583120630865
2015-11-26,7822.706041806849
2015-11-27,7772.974513219856
2015-11-30,7759.882719520506
2015-12-01,7709.822492068893
2015-12-02,7650.4873913052
2015-12-03,7550.365416848063
2015-12-04,7560.787950619498
2015-12-07,7426.463852920108
2015-12-08,7594.595526634819
2015-12-09,7347.444723335386
2015-12-10,7188.16685456963
2015-12-11,7067.692860208858
2015-12-14,7081.5190258147095
2015-12-15,7155.506125789751
2015-12-16,7051.58095945175
2015-12-17,6946.222241886224
2015-12-18,6931.464739273217
2015-12-21,6863.078519656135
2015-12-22,6967.330948311459
2015-12-23,6917.5294770476385
2015-12-24,6882.70436351606
2015-12-28,6955.59382332763
2015-12-29,6929.603369678318
2015-12-30,6862.815020803943
2015-12-31,6936.221437376711
2016-01-04,7002.550803604201
2016-01-05,6886.744926373915
2016-01-06,6851.764471922197
2016-01-07,6804.599536658873
2016-01-08,6772.592387899881
2016-01-11,6890.629697208636
2016-01-12,6841.314994905919
2016-01-13,6862.802033213223
2016-01-14,6873.271427094212
2016-01-15,6855.983503239937
2016-01-18,6767.173785463723
2016-01-19,6644.371344338921
2016-01-20,6638.389726333458
2016-01-21,6522.545392266182
2016-01-22,6536.059128612392
2016-01-25,6698.187602246946
2016-01-27,6644.648537323836
2016-01-28,6621.6068767937795
2016-01-29,6572.632004910635
2016-02-01,6632.466194669785
2016-02-02,6595.495157497611
2016-02-03,6612.220867340096
2016-02-04,6554.498838712005
2016-02-05,6491.986879669669
2016-02-08,6624.698065414719
2016-02-09,6579.153193931782
2016-02-10,6515.2056316168655
2016-02-11,6475.553564151705
2016-02-12,6473.922871391458
2016-02-15,6511.748934374707
2016-02-16,6570.712872457951
2016-02-17,6374.376166715967
2016-02-18,6658.470021182383
2016-02-19,6644.98493230322
2016-02-22,6741.057999326162
2016-02-23,6819.695079891752
2016-02-24,6768.377249217116
2016-02-25,6936.312647602244
2016-02-26,6783.701714755795
2016-02-29,6720.3920995135395
2016-03-01,6836.15297028445
2016-03-02,6805.626159946358
2016-03-03,6920.799254905966
2016-03-04,6846.18656322366
2016-03-08,6747.917152996576
2016-03-09,6806.450244224774
2016-03-10,7049.693102712085
2016-03-11,7138.040397879357
2016-03-14,7184.506772021919
2016-03-15,7211.937247030815
2016-03-16,7140.788951535754
2016-03-17,6983.383937325699
2016-03-18,6974.439881998516
2016-03-21,6744.1157225947
2016-03-22,6919.777603284918
2016-03-23,6910.452536559834
2016-03-28,7035.81905078901
2016-03-29,7076.718497585023
2016-03-30,7097.919927152107
2016-03-31,7179.850697125367
2016-04-01,7090.744337976274
2016-04-04,7223.145141020344
2016-04-05,7385.780042223209
2016-04-06,7274.385317063169
2016-04-07,7219.390721849502
2016-04-08,7316.346457233862
2016-04-11,7194.780070468358
2016-04-12,7333.2901946943175
2016-04-13,7375.279703209589
2016-04-18,7623.992707694943
2016-04-20,7582.035925148285
2016-04-21,7580.600519766872
2016-04-22,7381.19364201061
2016-04-25,7411.100730255443
2016-04-26,7441.8115116697645
2016-04-27,7491.644505953329
2016-04-28,7453.215806531701
2016-04-29,7296.242887065957
2016-05-02,7128.502475534516
2016-05-03,7316.194731165398
2016-05-04,7297.222406569299
2016-05-05,7329.296488634316
2016-05-06,7316.0966186078485
2016-05-09,7330.706276965661
2016-05-10,7463.2754796501185
2016-05-11,7503.600426473186
2016-05-12,7396.321041457278
2016-05-13,7327.076560434677
2016-05-16,7194.545679939705
2016-05-17,7391.57368882721
2016-05-18,7705.114580293087
2016-05-19,7708.5364202469045
2016-05-20,7653.88207971514
2016-05-23,7613.533929663356
2016-05-24,7516.938520493376
2016-05-25,7365.711018465709
2016-05-26,7239.323706651068
2016-05-27,7149.183001542612
2016-05-30,7419.827434530455
2016-05-31,7523.603666421525
2016-06-01,7536.507328534415
2016-06-02,7607.598577665118
2016-06-03,7743.428746807229
2016-06-06,7681.319673081737
2016-06-07,7824.329042912641
2016-06-08,7883.806207388378
2016-06-09,7838.223696694433
2016-06-10,7844.659457596482
2016-06-13,8038.20648242223
2016-06-14,8073.510798388921
2016-06-15,8092.012122935016
2016-06-16,8162.304021077002
2016-06-17,8119.553211737993
2016-06-20,8114.29616430364
2016-06-21,8072.568397572144
2016-06-22,8090.206008412682
2016-06-23,8036.502134153114
2016-06-24,8030.793524501355
2016-06-27,7892.442008904055
2016-06-28,7969.15053209128
2016-06-29,8079.242951319782
2016-06-30,8153.66057236304
2016-07-01,8155.720845666653
2016-07-04,8197.43246073394
2016-07-05,8161.393246795693
2016-07-07,8270.869036361399
2016-07-08,8266.200922349793
2016-07-11,8425.813205353754
2016-07-12,8273.764971581502
2016-07-13,8188.179732752703
2016-07-14,8186.810408070365
2016-07-15,8154.138086250123
2016-07-18,8150.269057069013
2016-07-19,8207.139346929729
2016-07-20,8192.043096758332
2016-07-21,8084.584030141166
2016-07-22,8048.959881775374
2016-07-25,8216.16843882485
2016-07-26,8271.659297967526
2016-07-27,8050.29370209306
2016-07-28,8227.09422354365
2016-07-29,8197.840983948565
2016-08-01,8332.573336925403
2016-08-02,8246.346790677479
2016-08-03,8276.884590612077
2016-08-04,8340.530043938546
2016-08-05,8164.012890336127
2016-08-08,8127.066303498743
2016-08-09,8321.713717275054
2016-08-10,8354.342256891749
2016-08-11,8383.780211363066
2016-08-16,8377.878230052713
2016-08-17,8362.879072149102
2016-08-18,8337.400329449667
2016-08-19,8293.114471639683
2016-08-22,8253.730956141122
2016-08-23,7993.308442908113
2016-08-24,7754.038746511529
2016-08-25,7631.242936977255
2016-08-26,7635.893216500092
2016-08-29,7866.977699697497
2016-08-30,7876.882467337953
2016-08-31,7878.145245400656
2016-09-01,7892.097601817338
2016-09-02,7972.427901492458
2016-09-06,7912.469055415307
2016-09-07,7928.287084416855
2016-09-08,7950.721034211095
2016-09-09,7944.91037258826
2016-09-12,7777.847918072237
2016-09-14,7549.175799059745
2016-09-15,7547.890690573592
2016-09-16,7630.174835079739
2016-09-19,7533.956779290781
2016-09-20,7549.826646207478
2016-09-21,7527.726513099012
2016-09-22,7464.047212078591
2016-09-23,7548.658183677535
2016-09-26,7464.800195753945
2016-09-27,7438.116643999532
2016-09-28,7575.587427983629
2016-09-29,7462.958274667566
2016-09-30,7387.861683144882
2016-10-03,7609.246277943536
2016-10-04,7503.415979696714
2016-10-05,7594.883169193949
2016-10-06,7582.534230677647
2016-10-07,7459.993482238267
2016-10-10,7369.626591797373
2016-10-13,7336.152233582903
2016-10-14,7296.4492137119105
2016-10-17,7207.8399917748375
2016-10-18,7179.1528268102775
2016-10-19,7348.7689432697825
2016-10-20,7349.310124614897
2016-10-21,7507.230315758381
2016-10-24,7541.51243034176
2016-10-25,7444.295210883989
2016-10-26,7396.422432153809
2016-10-27,7303.92547290417
2016-10-28,7120.203472498983
2016-11-01,7078.019647237245
2016-11-02,7181.854010587416
2016-11-03,7173.427178029846
2016-11-04,7263.316533625461
2016-11-07,7287.094281730173
2016-11-08,7281.68674944712
2016-11-09,7397.524670909176
2016-11-10,7472.447522496154
2016-11-11,7541.478022903
2016-11-15,7570.519373424144
2016-11-16,7502.238283467432
2016-11-17,7628.36232824973
2016-11-18,7383.649712341105
2016-11-21,7567.594065982557
2016-11-22,7471.509889903376
2016-11-23,7552.009240936455
2016-11-24,7534.547405882259
2016-11-25,7531.971442752908
2016-11-28,7510.222509889551
2016-11-29,7432.157591215039
2016-11-30,7561.788774176784
2016-12-01,7591.424462017317
2016-12-02,7446.23338986834
2016-12-05,7321.827087185057
2016-12-06,7278.766345794885
2016-12-07,7309.615020498548
2016-12-08,7358.374975326935
2016-12-09,7383.29580554969
2016-12-12,7415.834405306232
2016-12-13,7529.799193115889
2016-12-14,7551.498916203371
2016-12-15,7631.710289137308
2016-12-16,7672.483697619873
2016-12-19,7599.606559562465
2016-12-20,7662.394460157902
2016-12-21,7735.178200749254
2016-12-22,7744.009207201962
2016-12-23,7838.311663064971
2016-12-26,7961.826652493352
2016-12-27,8001.23450117142
2016-12-28,8007.4869747269195
2016-12-29,7920.024498005861
2016-12-30,7815.657464056398
2017-01-02,7934.845742979007
2017-01-03,7941.958930528616
2017-01-04,7953.034765378955
2017-01-05,7921.775115340645
2017-01-06,8096.180312729409
2017-01-09,8086.337016134374
2017-01-10,8142.395967446594
2017-01-11,8196.904407576405
2017-01-12,8109.412282415743
2017-01-13,7932.192713409904
2017-01-16,8057.997677207036
2017-01-17,8147.288264888077
2017-01-18,8179.258226417318
2017-01-19,8318.026266699802
2017-01-20,8230.53863664136
2017-01-23,8313.084188715213
2017-01-24,8297.750628252901
2017-01-25,8318.208590961014
2017-01-27,8166.314231249059
2017-01-30,8191.162670576492
2017-01-31,8296.834891072884
2017-02-01,8420.183174063864
2017-02-02,8401.729087743832
2017-02-03,8262.80981003226
2017-02-06,8396.824682570787
2017-02-07,8590.203016678905
2017-02-08,8408.89100536033
2017-02-09,8370.738221908752
2017-02-10,8182.941113464444
2017-02-13,8441.761507692958
2017-02-14,8438.972531129835
2017-02-15,8405.347744776387
2017-02-16,8298.090168514711
2017-02-17,8118.422721997228
2017-02-20,8182.068290883887
2017-02-21,7984.306593570795
2017-02-22,8125.3634641349545
2017-02-23,7910.057041116683
2017-02-27,8075.696672344085
2017-02-28,7917.862583710599
2017-03-01,7774.756751391067
2017-03-02,7748.559211588778
2017-03-03,7706.9618917171
2017-03-06,7515.968958604941
2017-03-07,7326.1347013995055
2017-03-08,7282.018280091095
2017-03-09,7220.11471951131
2017-03-10,7255.075086674033
2017-03-14,7194.869366301711
2017-03-15,7309.113529583559
2017-03-16,7399.9483410568455
2017-03-17,7376.677412704395
2017-03-20,7451.747782536824
2017-03-21,7303.826504354509
2017-03-22,7231.800938075421
2017-03-23,7421.094635068674
2017-03-24,7597.614729704313
2017-03-27,7604.464329734138
2017-03-28,7642.524941823244
2017-03-29,7891.5057970425
2017-03-30,8185.391760855104
2017-03-31,8197.96588289102
2017-04-03,8185.259928892104
2017-04-05,8179.971870088548
2017-04-06,8108.859331496529
2017-04-07,8050.625139806656
2017-04-10,7988.4351784399805
2017-04-11,7825.011204728948
2017-04-12,7729.825111870685
2017-04-13,7547.928912513326
2017-04-17,7570.606177459292
2017-04-18,7588.893138533784
2017-04-19,7636.440974354627
2017-04-20,7526.250476843163
2017-04-21,7482.666789903836
2017-04-24,7603.7256113117965
2017-04-25,7610.133523475279
2017-04-26,7613.920109628547
2017-04-27,7641.908559873214
2017-04-28,7625.12541869332
2017-05-02,7682.117592925748
2017-05-03,7434.832725560451
2017-05-04,7520.412370986595
2017-05-05,7560.385694439789
2017-05-08,7459.311896799938
2017-05-09,7556.501221417939
2017-05-10,7636.7491163478935
2017-05-11,7808.035786394797
2017-05-12,7752.112377980725
2017-05-15,7744.594975780795
2017-05-16,8082.903986829005
2017-05-17,8151.853091980391
2017-05-18,8165.109496822754
2017-05-19,8236.209293955015
2017-05-22,8241.949192096812
2017-05-23,8243.872662646118
2017-05-24,8281.331069603297
2017-05-25,8248.975925042923
2017-05-26,8215.85183790368
2017-05-29,8237.891725240428
2017-05-30,8350.107124306473
2017-05-31,8260.454782691724
2017-06-01,8088.424454342361
2017-06-02,8227.895601046628
2017-06-05,8004.412692247644
2017-06-06,8064.948327114737
2017-06-07,8073.086403230651
2017-06-08,8201.894590971908
2017-06-09,8041.25010781626
2017-06-12,8289.20414895515
2017-06-13,8382.07260455224
2017-06-14,8170.065544097258
2017-06-15,7989.098980426766
2017-06-16,7931.192113641372
2017-06-19,7812.828225347425
2017-06-20,7701.034941331139
2017-06-21,7736.841311392024
2017-06-22,7645.959089810021
2017-06-23,7772.1450831970715
2017-06-27,7848.999789945956
2017-06-28,7756.254401526702
2017-06-29,7778.994231405516
2017-06-30,7739.204780572796
2017-07-03,7621.1541926620575
2017-07-04,7570.952802492936
2017-07-05,7676.5687194410675
2017-07-06,7812.876705702573
2017-07-07,7815.835820886833
2017-07-10,7754.25540615352
2017-07-11,7621.884752052907
2017-07-12,7655.306097569236
2017-07-13,7770.7112908552745
2017-07-14,7659.938556668316
2017-07-17,7658.134765119137
2017-07-18,7498.278044381153
2017-07-19,7534.781630895064
2017-07-20,7511.406379819739
2017-07-21,7556.399485538638
2017-07-24,7682.140190184553
2017-07-25,7508.056106980172
2017-07-26,7397.536915782762
2017-07-27,7495.2659004917
2017-07-28,7401.234025895995
2017-07-31,7446.06492042677
2017-08-01,7317.266143437267
2017-08-02,7218.624180229069
2017-08-03,7105.08941910785
2017-08-04,7037.235920188888
2017-08-07,6905.012675730139
2017-08-08,6899.75166744262
2017-08-09,7133.923143454201
2017-08-10,7036.47607218762
2017-08-11,7102.7519907468395
2017-08-14,6921.884890688731
2017-08-16,6962.967349601384
2017-08-17,6817.7157078222635
2017-08-18,6693.682021306552
2017-08-21,6720.606937476016
2017-08-22,6747.246573753219
2017-08-23,6655.312640004625
2017-08-24,6690.9869491344525
2017-08-28,6715.920576568134
2017-08-29,6683.918613244078
2017-08-30,6658.473855598675
2017-08-31,6718.202886290487
2017-09-01,6702.192725587114
2017-09-04,6788.536233211902
2017-09-05,6827.404613291396
2017-09-06,6808.473978464016
2017-09-07,6746.751947459809
2017-09-08,6653.244845585652
2017-09-11,6544.628989688966
2017-09-12,6634.826210774957
2017-09-13,6659.013877888422
2017-09-14,6847.213635858805
2017-09-15,6854.812208404134
2017-09-18,6898.59780205144
2017-09-19,6947.147743075178
2017-09-20,6826.067476674389
2017-09-21,6861.82245629993
2017-09-22,6966.697512374387
2017-09-25,6889.969948337899
2017-09-26,6650.254374976973
2017-09-27,6611.714258602535
2017-09-28,6623.991362465474
2017-09-29,6684.599365061763
2017-10-03,6686.250164817102
2017-10-04,6645.30724046107
2017-10-05,6768.461764901271
2017-10-06,6884.458273384426
2017-10-09,6909.638194352377
2017-10-10,6875.824638531778
2017-10-11,6914.370188090793
2017-10-12,6956.323786965073
2017-10-13,6937.90706978392
2017-10-16,6965.393079659783
2017-10-17,7016.011372523057
2017-10-18,6928.617656486702
2017-10-19,7072.379945596452
2017-10-23,6966.065365198394
2017-10-24,7044.650678929214
2017-10-25,6999.802897919001
2017-10-26,6965.382245700417
2017-10-27,7044.937650459357
2017-10-30,7101.743260319255
2017-10-31,7139.247140467518
2017-11-01,7161.982446172609
2017-11-02,7216.227048362491
2017-11-03,7147.951108173947
2017-11-06,7035.848269507535
2017-11-07,7053.137799809402
2017-11-08,7012.738661231071
2017-11-09,6980.212013814317
2017-11-10,6953.299732552161
2017-11-13,6960.7685318144995
2017-11-14,7011.097352702799
2017-11-15,7024.043047247837
2017-11-16,7117.433036255134
2017-11-17,7175.9076503837005
2017-11-20,7047.707663560191
2017-11-21,7231.042328656001
2017-11-22,7246.852233522774
2017-11-23,7227.5748343498
2017-11-24,7356.66825218176
2017-11-27,7318.491136561793
2017-11-28,7240.001498361317
2017-11-29,7293.071023378561
2017-11-30,7413.280684672591
2017-12-01,7518.394567800704
2017-12-04,7475.259953347939
2017-12-05,7482.756963452367
2017-12-06,7504.467675592577
2017-12-07,7424.864726166931
2017-12-08,7394.021626930741
2017-12-11,7533.298888555372
2017-12-12,7475.915392901178
2017-12-13,7678.310173758535
2017-12-14,7679.94590871095
2017-12-15,7598.351793807564
2017-12-18,7596.758411932172
2017-12-19,7679.984650887783
2017-12-20,7584.600864580152
2017-12-21,7518.152898128157
2017-12-22,7572.236977032454
2017-12-26,7639.895403306198
2017-12-27,7528.52398355485
2017-12-28,7385.293880333627
2017-12-29,7618.306648604745
2018-01-02,7468.8034108655775
2018-01-03,7713.9310115932185
2018-01-04,7793.016086688821
2018-01-05,7648.145443753348
2018-01-08,7808.237186223172
2018-01-09,7802.036704374383
2018-01-10,7487.190227190353
2018-01-11,7531.147549488048
2018-01-12,7518.890987341888
2018-01-15,7460.315701144854
2018-01-16,7588.721552955525
2018-01-17,7632.7229453257
2018-01-18,7765.551096890288
2018-01-19,7801.463775013889
2018-01-22,7773.368335537315
2018-01-23,7739.899703416661
2018-01-24,7847.485748080928
2018-01-25,7839.759170353928
2018-01-29,7854.650878357521
2018-01-30,7721.686771892503
2018-01-31,7685.940769454677
2018-02-01,7626.989975598808
2018-02-02,7536.185551094364
2018-02-05,7739.111027069621
2018-02-06,7714.804521571155
2018-02-07,7717.64936426822
2018-02-08,7608.141200305857
2018-02-09,7448.293917236226
2018-02-12,7374.796367754337
2018-02-14,7384.779627676613
2018-02-15,7351.442280525137
2018-02-16,7406.386912168139
2018-02-19,7504.92647540726
2018-02-20,7613.191163524035
2018-02-21,7691.395533530043
2018-02-22,7670.698091439279
2018-02-23,7703.829165772286
2018-02-26,7892.631311657534
2018-02-27,7972.261490919587
2018-02-28,7886.0818867823955
2018-03-01,8104.611380244665
2018-03-05,8300.101219127104
2018-03-06,8236.150461532401
2018-03-07,8284.533734611701
2018-03-08,8138.7738282646915
2018-03-09,7951.460100158471
2018-03-12,8081.953878582862
2018-03-13,7976.1948251834165
2018-03-14,7924.858002633129
2018-03-15,7878.593682672283
2018-03-16,7885.855916587717
2018-03-19,7839.224416400218
2018-03-20,7925.320015729801
2018-03-21,7732.569941952432
2018-03-22,7738.333937584826
2018-03-23,7711.1166857612325
2018-03-26,7885.6280404564
2018-03-27,7715.390688124974
2018-03-28,7787.869876555967
2018-04-02,7753.177560872096
2018-04-03,7917.405357510174
2018-04-04,7894.282106262012
2018-04-05,8075.929175086576
2018-04-06,8048.628955122063
2018-04-09,8066.218963214504
2018-04-10,8233.625491177412
2018-04-11,8076.995934636202
2018-04-12,8194.324463874693
2018-04-13,8201.176319564851
2018-04-16,8205.172510518483
2018-04-17,8198.648014586293
2018-04-18,8079.552798223367
2018-04-19,8202.270911868063
2018-04-20,8043.960878362659
2018-04-23,7860.113944635509
2018-04-24,7983.515410232631
2018-04-25,7982.513163473844
2018-04-26,7800.043871745902
2018-04-27,7745.219271803517
2018-04-30,7680.242563115965
2018-05-02,7641.219852062612
2018-05-03,7434.925618402379
2018-05-04,7445.276048001931
2018-05-07,7410.245928252829
2018-05-08,7315.9656502758935
2018-05-09,7307.428694409629
2018-05-10,7209.807790766404
2018-05-11,7110.367966623793
2018-05-14,7296.217391810393
2018-05-15,7160.115214814248
2018-05-16,7198.361227271872
2018-05-17,7169.943035177275
2018-05-18,7037.481907843952
2018-05-21,7090.148009932668
2018-05-22,7013.4990528969065
2018-05-23,6951.072882986001
2018-05-24,6963.5949523581285
2018-05-25,6877.040905966545
2018-05-28,6833.188962514557
2018-05-29,6785.143795838142
2018-05-30,6636.063954604522
2018-05-31,6705.442337051984
2018-06-01,6831.131294084802
2018-06-04,6951.6862004401155
2018-06-05,6894.081737219363
2018-06-06,6878.586629241803
2018-06-07,7022.678328092718
2018-06-08,7046.507165756999
2018-06-11,7070.488649463173
2018-06-12,7048.721782654534
2018-06-13,7003.862829479383
2018-06-14,6992.133545625533
2018-06-15,6999.797341474446
2018-06-18,6946.3023030103495
2018-06-19,6845.92405686647
2018-06-20,6856.07398523665
2018-06-21,6793.587433042285
2018-06-22,6802.671272798198
2018-06-25,6910.3434070127005
2018-06-26,6928.371053789935
2018-06-27,6830.895178050002
2018-06-28,6942.928670032972
2018-06-29,7033.016379762892
2018-07-02,6972.759522224768
2018-07-03,7111.436405187885
2018-07-04,7103.791831879386
2018-07-05,7023.535219901706
2018-07-06,7123.745141104802
2018-07-09,7223.246012285099
2018-07-10,7381.475148807117
2018-07-11,7410.429256244
2018-07-12,7514.3466720875485
2018-07-13,7614.404316980414
2018-07-16,7637.441527728892
2018-07-17,7720.14914027496
2018-07-18,7609.354741223157
2018-07-19,7500.849896218047
2018-07-20,7527.33164883158
2018-07-23,7593.0699074391405
2018-07-24,7680.918228939578
2018-07-25,7508.856840941661
2018-07-26,7707.457551790062
2018-07-27,7744.454414025205
2018-07-30,7615.4574007427345
2018-07-31,7601.698403421744
2018-08-01,7579.8397286048385
2018-08-02,7560.354177270898
2018-08-03,7413.184709050186
2018-08-06,7141.518802531136
2018-08-07,7022.774887928396
2018-08-08,6965.913438451345
2018-08-09,7156.550005097136
2018-08-10,6995.728415036564
2018-08-13,6977.19215602114
2018-08-14,6969.612514728052
2018-08-16,6871.150068903847
2018-08-17,7007.615779400346
2018-08-20,6965.812454640957
2018-08-21,7123.380143843684
2018-08-23,7244.71679903545
2018-08-24,7173.952408875269
2018-08-27,7317.304056152181
2018-08-28,7355.186575598837
2018-08-29,7292.038292476852
2018-08-30,7203.103808142189
2018-08-31,7146.2493943751415
2018-09-03,7110.008685366564
2018-09-04,7139.902730727773
2018-09-05,7222.063531521225
2018-09-06,7154.799764694115
2018-09-07,7262.525763426272
2018-09-10,7388.125676920885
2018-09-11,7304.094843568987
2018-09-12,7240.901602185627
2018-09-14,7243.913496950748
2018-09-17,7159.890279210819
2018-09-18,7187.4201790381985
2018-09-19,7333.543220371681
2018-09-21,7276.945896953245
2018-09-24,7196.775357730559
2018-09-25,7261.666466936342
2018-09-26,7220.952274321339
2018-09-27,7288.402726944166
2018-09-28,7239.699149809684
2018-10-01,7217.639268898176
2018-10-03,7045.274367659645
2018-10-04,7054.291664163987
2018-10-05,7035.43780365346
2018-10-08,7148.921938037881
2018-10-09,7135.568453092769
2018-10-10,7003.430563017658
2018-10-11,6992.525476658797
2018-10-12,7021.082265218752
2018-10-15,7038.305022066142
2018-10-16,7024.187275466942
2018-10-17,7009.545963889721
2018-10-19,7087.8207407792315
2018-10-22,7035.009099957124
2018-10-23,7094.53807013245
2018-10-24,7205.545215588854
2018-10-25,7275.380657697488
2018-10-26,7298.1114800378
2018-10-29,7194.695722798206
2018-10-30,7044.318822590903
2018-10-31,6938.247687627704
2018-11-01,6738.995826609921
2018-11-02,6776.3699216998775
2018-11-05,6857.533537526524
2018-11-06,6804.5732771958055
2018-11-07,6840.36422618842
2018-11-09,6909.01053196952
2018-11-12,6909.723625038345
2018-11-13,6870.516642802815
2018-11-14,6887.145493888382
2018-11-15,6953.969332299997
2018-11-16,6979.643413384623
2018-11-19,7074.596491801446
2018-11-20,7123.030502154263
2018-11-21,7144.464350282006
2018-11-22,7109.333952746012
2018-11-26,7136.554293890549
2018-11-27,7165.040988386414
2018-11-28,7119.58333327513
2018-11-29,7173.805435568537
2018-11-30,7202.0163284196215
2018-12-03,7303.260967497017
2018-12-04,7315.544825095975
2018-12-05,7365.974989953427
2018-12-06,7378.102894702291
2018-12-07,7388.673170744936
2018-12-10,7304.2470987045
2018-12-11,7410.966044022381
2018-12-12,7237.78114534395
2018-12-13,7335.397484170552
2018-12-14,7486.9333829204315
2018-12-17,7460.332590108935
2018-12-18,7472.579827010048
2018-12-19,7474.842208704173
2018-12-20,7577.638004731732
2018-12-21,7546.366968256965
2018-12-24,7476.14624492257
2018-12-26,7399.756860276678
2018-12-27,7518.147718131531
2018-12-28,7464.782945748752
2018-12-31,7465.40925204887
2019-01-02,7575.7222994140575
2019-01-03,7564.19121464084
2019-01-04,7522.148812736655
2019-01-07,7546.67235942204
2019-01-08,7577.956407370938
2019-01-09,7388.6082333192135
2019-01-10,7152.087728281711
2019-01-11,7159.621029160514
2019-01-14,7118.870584668912
2019-01-15,7335.43501132998
2019-01-16,7335.819040998039
2019-01-17,7333.990483789693
2019-01-18,7436.193984353386
2019-01-21,7367.168776487493
2019-01-22,7333.874975343082
2019-01-23,7455.011129325059
2019-01-24,7445.744499274757
2019-01-25,7504.275119224107
2019-01-28,7555.313377248835
2019-01-29,7621.283994582904
2019-01-30,7662.075646360733
2019-01-31,7641.446338528221
2019-02-01,7671.801541703789
2019-02-04,7469.563724354232
2019-02-05,7482.658135226583
2019-02-06,7513.451273769685
2019-02-07,7400.525328666772
2019-02-08,7248.613960634772
2019-02-11,7221.02482341601
2019-02-12,7173.286618963814
2019-02-14,7283.8597350522605
2019-02-15,7310.803937504451
2019-02-18,7443.410058183167
2019-02-19,7341.725730841788
2019-02-20,7420.026909758102
2019-02-21,7565.0334931379575
2019-02-22,7581.129180505012
2019-02-25,7841.888573078078
2019-02-26,7838.361459286115
2019-02-27,7781.5309912224875
2019-02-28,7756.000682891875
2019-03-01,7663.090933909982
2019-03-05,7809.808669675644
2019-03-06,7787.1294768437
2019-03-07,7960.395176479136
2019-03-08,8082.645141019668
2019-03-11,8341.455763648946
2019-03-12,8358.501036715012
2019-03-13,8523.694948824304
2019-03-14,8659.238663442891
2019-03-15,8897.98835187929
2019-03-18,8860.800200478483
2019-03-19,8942.18098940666
2019-03-20,9336.559725442703
2019-03-22,9310.86561808467
2019-03-25,9199.357432497356
2019-03-26,9212.48929352411
2019-03-27,8988.933371534551
2019-03-28,8987.249487905592
2019-04-01,8842.443740499975
2019-04-02,8844.564066854382
2019-04-03,8902.657794648781
2019-04-04,9071.71583364499
2019-04-05,9072.317975059605
2019-04-08,9284.766886314701
2019-04-09,9072.330169455674
2019-04-10,9110.331810762626
2019-04-11,9172.695944797108
2019-04-12,9050.522449089975
2019-04-15,8929.570715051468
2019-04-16,8967.24906523652
2019-04-18,8877.758404180415
2019-04-22,8704.09065022196
2019-04-23,8755.733416698407
2019-04-24,8970.379938652994
2019-04-25,8934.890512145139
2019-04-26,9110.20026967117
2019-04-30,9160.619863721415
2019-05-02,9043.999066742508
2019-05-03,9312.498530543086
2019-05-06,9398.153596082067
2019-05-07,9422.853349217206
2019-05-08,9216.81778556784
2019-05-09,9433.012580147206
2019-05-10,9382.364990859964
2019-05-13,9346.14806838266
2019-05-14,9217.182477356664
2019-05-15,9410.509594047464
2019-05-16,9618.043491093644
2019-05-17,9577.61670495358
2019-05-20,9574.646424615823
2019-05-21,9732.46167215871
2019-05-22,9637.144539773823
2019-05-23,9586.820791159333
2019-05-24,9509.469306338873
2019-05-27,9320.234545209403
2019-05-28,9338.72862416063
2019-05-29,9459.407949446218
2019-05-30,9438.88244460104
2019-05-31,9436.515889769658
2019-06-03,9563.468705286865
2019-06-04,9628.027475910701
2019-06-06,9740.653745450421
2019-06-07,9908.563543866918
2019-06-10,9932.410050987311
2019-06-11,9862.081564178898
2019-06-12,9859.997914102732
2019-06-13,9832.248369541912
2019-06-14,9683.309027521427
2019-06-17,9591.530308661992
2019-06-18,9407.936243817256
2019-06-19,9424.901219352989
2019-06-20,9404.304182468028
2019-06-21,9371.516164305296
2019-06-24,9099.219064706596
2019-06-25,9101.056069895601
2019-06-26,9225.47534091828
2019-06-27,9320.363103389325
2019-06-28,9158.851775263165
2019-07-01,8982.97290086494
2019-07-02,9061.923654694929
2019-07-03,9002.052869163326
2019-07-04,8879.684147970076
2019-07-05,8602.138506397094
2019-07-08,8549.504924245006
2019-07-09,8514.037765457155
2019-07-10,8387.27603190844
2019-07-11,8500.084140689998
2019-07-12,8561.970521271263
2019-07-15,8541.358397421738
2019-07-16,8560.185744817954
2019-07-17,8662.862249247364
2019-07-18,8526.918276026001
2019-07-19,8521.835636836366
2019-07-22,8547.341164104237
2019-07-23,8728.208557552578
2019-07-24,8797.931186603659
2019-07-25,8765.191534170806
2019-07-26,8848.302856791333
2019-07-29,9046.740888395709
2019-07-30,8975.838247940512
2019-07-31,8800.317433029839
2019-08-01,8742.510117304286
2019-08-02,8580.269716020171
2019-08-05,8537.813003705343
2019-08-06,8496.357978562944
2019-08-07,8355.885919896735
2019-08-08,8291.71332694717
2019-08-09,8340.437782076975
2019-08-13,8375.54974645936
2019-08-14,8372.77651574863
2019-08-16,8273.462306353389
2019-08-19,8297.09248136648
2019-08-20,8385.63038079511
2019-08-21,8338.65264911213
2019-08-22,8326.269836460222
2019-08-23,8112.345681876289
2019-08-26,8006.851783951024
2019-08-27,7985.1058354605475
2019-08-28,8079.846056073997
2019-08-29,8304.424417919634
2019-08-30,8367.065455564338
2019-09-03,8516.36325365683
2019-09-04,8462.115554849333
2019-09-05,8375.527823381184
2019-09-06,8241.841124452867
2019-09-09,8388.076221326037
2019-09-11,8311.492880119236
2019-09-12,8179.4869190378
2019-09-13,7957.2302690191955
2019-09-16,7960.19008882698
2019-09-17,8059.186508121525
2019-09-18,8133.559912096363
2019-09-19,8099.194506874814
2019-09-20,8220.110167033074
2019-09-23,8159.672116056594
2019-09-24,8249.84946819103
2019-09-25,8262.08241829928
2019-09-26,8271.997687589737
2019-09-27,8460.455519915295
2019-09-30,8442.62447924151
2019-10-01,8344.279422997502
2019-10-03,8279.68674015042
2019-10-04,8122.624314460461
2019-10-07,8086.12727315606
2019-10-09,8020.726976193263
2019-10-10,7957.929849543839
2019-10-11,8052.416079277939
2019-10-14,8030.072778177559
2019-10-15,7913.292787910483
2019-10-16,7852.824879750689
2019-10-17,7883.646043927686
2019-10-18,8142.213129936222
2019-10-22,8184.067720159264
2019-10-23,8222.504477045872
2019-10-24,8128.431199299911
2019-10-25,7895.361542364042
2019-10-29,7881.754298675645
2019-10-30,8039.494256513134
2019-10-31,7930.441688162669
2019-11-01,7929.89380546167
2019-11-04,7804.192153153452
2019-11-05,7792.66712477801
2019-11-06,7782.951426407227
2019-11-07,7791.349332075961
2019-11-08,7840.9804924675645
2019-11-11,7893.127421117349
2019-11-13,7876.538070246989
2019-11-14,7915.447323353833
2019-11-15,8057.9440910085905
2019-11-18,7971.460921826895
2019-11-19,7954.739190795876
2019-11-20,8162.7827266446775
2019-11-21,8165.113601996717
2019-11-22,8185.750331060597
2019-11-25,8209.214795404218
2019-11-26,8248.118288433388
2019-11-27,8294.171681067974
2019-11-28,8237.669180235865
2019-11-29,8280.35677776613
2019-12-02,8334.56217171939
2019-12-03,8322.360917673212
2019-12-04,8441.406727256286
2019-12-05,8335.0975342669
2019-12-06,8112.686097796921
2019-12-09,8106.791661942416
2019-12-10,8125.359676462443
2019-12-11,8104.7105301418005
2019-12-12,8147.249033360854
2019-12-13,8104.632423266334
2019-12-16,8218.514834986938
2019-12-17,8208.407205929496
2019-12-18,8275.337709809512
2019-12-19,8246.156227077992
2019-12-20,8153.219578273941
2019-12-23,8368.909093201148
2019-12-24,8355.293957871558
2019-12-26,8462.399164030758
2019-12-27,8682.52159587234
2019-12-30,8713.149711875616
2019-12-31,8933.421041670894
2020-01-01,9079.919389264765
2020-01-02,8963.568634175239
2020-01-03,8767.61217436515
2020-01-06,8800.71759819276
2020-01-07,8737.39178957052
2020-01-08,8691.642583573053
2020-01-09,8705.96933220679
2020-01-10,8517.051101451467
2020-01-13,8528.332880138283
2020-01-14,8719.146706236383
2020-01-15,8635.636213757092
2020-01-16,8740.507748524493
2020-01-17,8832.96442444034
2020-01-20,8945.911577459487
2020-01-21,8820.204792617136
2020-01-22,8932.615534493238
2020-01-23,8948.385716436947
2020-01-24,8906.227676937846
2020-01-27,8853.347259658198
2020-01-28,8957.579125858285
2020-01-29,8967.648222363308
2020-01-30,8710.55032911626
2020-01-31,8773.388827402634
2020-02-03,8669.032652564712
2020-02-04,8816.010032103572
2020-02-05,8932.720437519007
2020-02-06,8976.506914192589
2020-02-07,9017.531709779603
2020-02-10,8822.65428285943
2020-02-11,8839.617193863529
2020-02-12,9158.330639229172
2020-02-13,9135.865359556668
2020-02-14,9527.01021415415
2020-02-17,9374.52809726909
2020-02-18,9337.389881176343
2020-02-19,9379.502840171766
2020-02-20,9268.989548026375
2020-02-24,9311.780935907014
2020-02-25,8928.461657485586
2020-02-26,9164.918770859214
2020-02-27,9099.454379940562
2020-02-28,9376.248432603692
2020-03-02,9410.052248591352
2020-03-03,9416.7407322712
2020-03-04,9302.241841121047
2020-03-05,9257.360801076544
2020-03-06,9439.598095183823
2020-03-09,9582.407336340104
2020-03-11,9692.039968695506
2020-03-12,9506.67427443741
2020-03-13,9536.804523440447
2020-03-16,9414.037711315152
2020-03-17,9690.15682030175
2020-03-18,9656.562096574226
2020-03-19,9586.476057022668
2020-03-20,9539.785787154444
2020-03-23,9544.463883535835
2020-03-24,9567.757221100694
2020-03-25,9784.594999430657
2020-03-26,9766.522157390078
2020-03-27,9841.354862391641
2020-03-30,9706.220295602194
2020-03-31,9726.643449598841
2020-04-01,9862.68741497552
2020-04-03,10013.623203552868
2020-04-07,10102.708591851206
2020-04-08,10180.57199279658
2020-04-09,10014.258991996445
2020-04-13,10059.080196330564
2020-04-15,10110.732945318225
2020-04-16,10145.98929789997
2020-04-17,10137.424393476353
2020-04-20,10278.068319627659
2020-04-21,10305.468867928874
2020-04-22,10174.715716011022
2020-04-23,10192.633702655035
2020-04-24,10243.690605649914
2020-04-27,10216.119401210079
2020-04-28,10223.563527530612
2020-04-29,10133.123410718257
2020-04-30,10348.757306404284
2020-05-04,10140.714018030038
2020-05-05,10009.293157959231
2020-05-06,10331.571891737003
2020-05-07,10320.407263694799
2020-05-08,10268.453816893001
2020-05-11,10260.329789366451
2020-05-12,10405.451390205457
2020-05-13,10551.566976787748
2020-05-14,10356.295303730874
2020-05-15,10554.01623897446
2020-05-18,10438.988143694605
2020-05-19,10489.950745721166
2020-05-20,10499.991229153518
2020-05-21,10363.39702367166
2020-05-22,10571.971764460332
2020-05-26,10689.2628172051
2020-05-27,10563.472239563107
2020-05-28,10379.839084587382
2020-05-29,10324.347261712463
2020-06-01,10551.861957788975
2020-06-02,10620.587480059563
2020-06-03,10403.201635860121
2020-06-04,10704.210601453035
2020-06-05,10435.787977429993
2020-06-08,10411.534833801688
2020-06-09,10389.255157499036
2020-06-10,10354.973823782955
2020-06-11,10441.500504489577
2020-06-12,10581.463892784148
2020-06-15,10545.406361561598
2020-06-16,10815.346550086126
2020-06-17,10878.38489135864
2020-06-18,10944.22732337542
2020-06-19,10988.243930693085
2020-06-22,10921.43187754902
2020-06-23,10785.148327784751
2020-06-24,10884.421848152972
2020-06-25,10991.479594449696
2020-06-26,11058.750272821975
2020-06-29,10989.401847800635
2020-06-30,11036.086855235228
2020-07-01,11198.579936451919
2020-07-02,11328.184507413762
2020-07-03,11694.722609155095
2020-07-06,11640.978451856401
2020-07-07,11575.047907894903
2020-07-08,11962.281313388208
2020-07-09,12081.28432131733
2020-07-10,12098.802051989169
2020-07-13,12160.287197053829
2020-07-14,12066.127881263455
2020-07-15,12117.51970444334
2020-07-16,12328.732121946729
2020-07-17,12200.338326971814
2020-07-20,12418.043125093178
2020-07-21,12383.295985624898
2020-07-22,12533.380574474526
2020-07-23,12701.125102711858
2020-07-24,12603.972181493786
2020-07-27,12795.591358692305
2020-07-28,12824.885943406825
2020-07-29,12561.12358942286
2020-07-30,12753.033199986674
2020-07-31,13026.526738283528
2020-08-03,12849.332611514405
2020-08-04,12859.800704562786
2020-08-05,12816.37176185524
2020-08-06,12869.611371465271
2020-08-07,12726.505461384217
2020-08-10,12593.44790395437
2020-08-11,12439.602877961841
2020-08-12,12293.79800066699
2020-08-13,12282.410027019123
2020-08-14,12130.989322332445
2020-08-17,12602.357746610238
2020-08-18,12537.511165107016
2020-08-19,12591.853612275183
2020-08-20,12581.164870605593
2020-08-21,12450.830312728309
2020-08-24,12460.53724809446
2020-08-25,12595.92150163283
2020-08-26,12488.281598994072
2020-08-27,12731.229742325042
2020-08-28,12730.014986055861
2020-08-31,12627.576558133813
2020-09-01,12648.118827536635
2020-09-02,12803.482114930745
2020-09-03,12855.569352495413
2020-09-04,13011.914513350053
2020-09-07,12882.11069087528
2020-09-08,12834.32155968275
2020-09-09,12469.569200748421
2020-09-10,12511.31270277418
2020-09-11,12571.317897827521
2020-09-14,12434.27561623346
2020-09-15,12472.82541311116
2020-09-16,12322.746916319611
2020-09-17,12197.716173384324
2020-09-18,12299.518268201156
2020-09-21,12127.339390647605
2020-09-22,12125.339418979973
2020-09-23,12179.179261683506
2020-09-24,12284.591665850936
2020-09-25,12045.55661206985
2020-09-28,12018.317785917749
2020-09-29,11765.071179244293
2020-09-30,11949.354191043221
2020-10-01,11961.633806725395
2020-10-05,12019.57022593685
2020-10-06,11770.664048890949
2020-10-07,12047.282522819245
2020-10-08,12260.385889512967
2020-10-09,12447.46656703804
2020-10-12,12514.31967377247
2020-10-13,12683.547342336318
2020-10-14,12575.373511976619
2020-10-15,12476.744226465284
2020-10-16,12410.155716288878
2020-10-19,12315.541839150077
2020-10-20,12338.825817096167
2020-10-21,12259.564442920733
2020-10-22,12255.824241393506
2020-10-23,12251.115875593841
2020-10-26,12241.524404628455
2020-10-27,12443.541393839769
2020-10-28,12434.03256253198
2020-10-29,12390.97418187379
2020-10-30,12452.855270321475
2020-11-02,12345.568259185939
2020-11-03,12489.24179060232
2020-11-04,12355.417479483465
2020-11-05,12503.67923236035
2020-11-06,12380.156253924044
2020-11-09,12341.894562333926
2020-11-10,12380.015448521646
2020-11-11,12250.234720802142
2020-11-12,12487.113275881668
2020-11-13,12579.929609705323
2020-11-17,12601.545602706552
2020-11-18,12792.496732957537
2020-11-19,12907.144671659662
2020-11-20,12835.671443902924
2020-11-23,12902.165867809983
2020-11-24,12801.821326275676
2020-11-25,12890.115864810161
2020-11-26,13171.476127690901
2020-11-27,12923.970740623066
2020-12-01,12931.68892768056
2020-12-02,12717.115504255144
2020-12-03,13005.898230202407
2020-12-04,13084.631851500148
2020-12-07,13045.288124222008
2020-12-08,13004.302173697517
2020-12-09,13226.235262628732
2020-12-10,13342.897145892975
2020-12-11,13380.785583723158
2020-12-14,13239.457666896213
2020-12-15,13448.365052727397
2020-12-16,13357.397924910007
2020-12-17,13189.53442178455
2020-12-18,13372.718159211992
2020-12-21,13633.351800221655
2020-12-22,13799.007656760577
2020-12-23,13775.704572413191
2020-12-24,13711.583801602377
2020-12-28,13798.85962028106
2020-12-29,13762.729615799264
2020-12-30,13769.378968502026
2020-12-31,13714.266654304382
2021-01-01,13606.174881542122
2021-01-04,13484.776248856662
2021-01-05,13716.089233277706
2021-01-06,13812.867144411457
2021-01-07,13587.866999110796
2021-01-08,13608.306492521268
2021-01-11,13476.784633382944
2021-01-12,12926.333916123795
2021-01-13,12741.669374218332
2021-01-14,12802.937929913283
2021-01-15,12674.504850377552
2021-01-18,12614.545821812428
2021-01-19,12787.186461975216
2021-01-20,12648.746256620949
2021-01-21,12749.90914834208
2021-01-22,12711.463109806518
2021-01-25,12837.220464059288
2021-01-27,12769.328566725937
2021-01-28,12852.736949297387
2021-01-29,13116.54532147148
2021-02-01,13272.435496748047
2021-02-02,13237.73396590349
2021-02-03,13259.410130665605
2021-02-04,13614.942195946154
2021-02-05,13498.189970570907
2021-02-08,13621.140715267387
2021-02-09,13834.049979514875
2021-02-10,13736.053254089831
2021-02-11,14006.624572870162
2021-02-12,13912.905873317051
2021-02-15,14151.849562549922
2021-02-16,14098.04234573819
2021-02-17,13987.533190779677
2021-02-18,14106.876458570761
2021-02-19,14202.352227857566
2021-02-22,14053.845523791791
2021-02-23,13742.071189624598
2021-02-24,13749.76149780933
2021-02-25,14073.687705567563
2021-02-26,14424.31179220896
2021-03-01,14936.74131049082
2021-03-02,14963.328492548233
2021-03-03,14991.725557536323
2021-03-04,14688.775858000776
2021-03-05,14772.545663594918
2021-03-08,14733.674527316607
2021-03-09,14797.4247103421
2021-03-10,14725.186980010723
2021-03-12,15075.523233960315
2021-03-15,14922.829547408279
2021-03-16,15079.764095168579
2021-03-17,15075.572553105174
2021-03-18,15212.888488659577
2021-03-19,15240.997372227279
2021-03-22,15414.937683097309
2021-03-23,15553.402446967677
2021-03-24,15126.436869573714
2021-03-25,15261.985329360003
2021-03-26,15341.103170800116
2021-03-30,15239.208708434846
2021-03-31,15199.60648012585
2021-04-01,15242.116792939834
2021-04-05,14821.489317364467
2021-04-06,14712.54413470069
2021-04-07,14673.305608490395
2021-04-08,14471.12458825109
2021-04-09,14575.180965391615
2021-04-12,14470.542993378102
2021-04-13,14610.83351491941
2021-04-15,14849.748061636006
2021-04-16,14833.500502601579
2021-04-19,15113.4070004608
2021-04-20,15256.997860234871
2021-04-22,15195.71943669696
2021-04-23,14980.267407910369
2021-04-26,15012.241532933025
2021-04-27,15082.377596113261
2021-04-28,15038.123537119956
2021-04-29,15174.183191330234
2021-04-30,15160.103435686162
2021-05-03,15154.634797453777
2021-05-04,15137.2382565289
2021-05-05,15080.29283051766
2021-05-06,15002.742037277847
2021-05-07,15252.077915340675
2021-05-10,15003.219098557034
2021-05-11,15164.013574102037
2021-05-12,15205.264944160346
2021-05-14,15139.378635282983
2021-05-17,15118.34055714665
2021-05-18,15046.923271718075
2021-05-19,15291.252546525233
2021-05-20,15057.138595489778
2021-05-21,15315.499606924697
2021-05-24,15119.37264753813
2021-05-25,14951.910173474329
2021-05-26,14944.378003751297
2021-05-27,14737.102787953669
2021-05-28,14993.357457653545
2021-05-31,14918.018445569016
2021-06-01,14603.203639489142
2021-06-02,14325.695153668436
2021-06-03,14592.023660914443
2021-06-04,14742.611232224855
2021-06-07,14590.680617344595
2021-06-08,14683.521469190124
2021-06-09,14796.433924752857
2021-06-10,14637.113999740031
2021-06-11,14499.654561665055
2021-06-14,14537.458909349312
2021-06-15,14292.655765199577
2021-06-16,14286.426254373751
2021-06-17,14189.561085990603
2021-06-18,14478.433308539208
2021-06-21,14362.410304339586
2021-06-22,14542.804329524712
2021-06-23,14584.615381262032
2021-06-24,14466.48658006564
2021-06-25,14595.210406236733
2021-06-28,14667.423559745319
2021-06-29,14535.564576563424
2021-06-30,14720.64660373816
2021-07-01,15135.213489543807
2021-07-02,15438.083049498618
2021-07-05,15681.130657798476
2021-07-06,15239.980363952289
2021-07-07,15445.049137647238
2021-07-08,15311.872983237909
2021-07-09,15495.520590381651
2021-07-12,15429.123387449452
2021-07-13,15158.623254491758
2021-07-14,15285.870984809919
2021-07-15,15517.29449615043
2021-07-16,15550.915741821826
2021-07-19,15360.61551783805
2021-07-20,15460.670269702325
2021-07-22,15160.60246112703
2021-07-23,15185.875158961408
2021-07-26,15096.858452063798
2021-07-27,15045.303600586716
2021-07-28,15106.845291051346
2021-07-29,15162.863597768794
2021-07-30,15419.841533411787
2021-08-02,15378.091839312825
2021-08-03,15417.10199977286
2021-08-04,15341.968010053977
2021-08-05,15048.466603958692
2021-08-06,14903.386909401159
2021-08-09,15432.835229852551
2021-08-10,15452.978268866738
2021-08-11,15847.216785338353
2021-08-12,15708.697004738078
2021-08-13,15447.077463004916
2021-08-16,15054.411682503227
2021-08-17,14940.625543265396
2021-08-18,14915.333408432098
2021-08-20,14675.47949418127
2021-08-23,14842.816208935505
2021-08-24,14649.720569838875
2021-08-25,14603.038155985161
2021-08-26,14718.66582316837
2021-08-27,14537.961971894103
2021-08-30,14322.027090001618
2021-08-31,14377.328393423595
2021-09-01,14218.13623844651
2021-09-02,14154.685239951885
2021-09-03,14177.279747811162
2021-09-06,14175.733564410335
2021-09-07,14003.65474745736
2021-09-08,14142.91163849129
2021-09-09,14302.281784479186
2021-09-13,13991.827078096876
2021-09-14,13818.593156552211
2021-09-15,13626.266645859396
2021-09-16,13553.98119194519
2021-09-17,13777.940347411457
2021-09-20,13617.934655993955
2021-09-21,13526.927873987215
2021-09-22,13760.842618780382
2021-09-23,13916.522599481512
2021-09-24,13899.277798706366
2021-09-27,13989.255100976876
2021-09-28,14308.732913372845
2021-09-29,14175.247412098326
2021-09-30,13719.858287985306
2021-10-01,14071.83632121545
2021-10-04,14369.783914972086
2021-10-05,14158.038167632198
2021-10-06,14048.242543277647
2021-10-07,14083.459617508464
2021-10-08,14187.330545797735
2021-10-11,13985.490074731286
2021-10-12,14109.098617843782
2021-10-13,14116.781714073733
2021-10-14,14079.786446263199
2021-10-18,13846.996604867887
2021-10-19,13831.378874243024
2021-10-20,13781.211531725809
2021-10-21,13957.781440002216
2021-10-22,13904.161180435161
2021-10-25,13543.859287010973
2021-10-26,13446.6203855049
2021-10-27,13056.820426268256
2021-10-28,12918.743636665964
2021-10-29,12754.306764304603
2021-11-01,13142.41974344702
2021-11-02,13302.197024878114
2021-11-03,13288.513648220489
2021-11-04,13368.440367780991
2021-11-08,13364.830774785325
2021-11-09,13385.262098922392
2021-11-10,13466.0694713726
2021-11-11,13477.680739647727
2021-11-12,13700.36919742635
2021-11-15,13775.458874921258
2021-11-16,14062.310648653272
2021-11-17,14146.26475828097
2021-11-18,14373.685493926543
2021-11-22,14431.02515804432
2021-11-23,14335.565587821187
2021-11-24,14319.347917421068
2021-11-25,14274.786072353505
2021-11-26,14247.06927167591
2021-11-29,14347.639242692074
2021-11-30,14582.912835647709
2021-12-01,14396.824415220804
2021-12-02,14325.166011570294
2021-12-03,14337.553251430703
2021-12-06,14108.084545924889
2021-12-07,14506.746155015788
2021-12-08,14868.001653569432
2021-12-09,15061.737437110762
2021-12-10,14981.485659036794
2021-12-13,15055.746876471158
2021-12-14,15109.456979496592
2021-12-15,15057.161132034129
2021-12-16,15145.242818974555
2021-12-17,15031.534023174087
2021-12-20,15147.116637118708
2021-12-21,15111.694017541608
2021-12-22,15323.595248628048
2021-12-23,15145.450656725066
2021-12-24,14971.104878637138
2021-12-27,14654.755982488703
2021-12-28,14736.355688715503
2021-12-29,14595.292995749729
2021-12-30,14462.363248570518
2021-12-31,14332.981760881989
2022-01-03,14044.019885902895
2022-01-04,14270.44999299634
2022-01-05,14183.055524332573
2022-01-06,13988.905077266794
2022-01-07,13988.867085911312
2022-01-10,14265.650170587147
2022-01-11,14164.2821808098
2022-01-12,14112.076488977646
2022-01-13,14010.439044442059
2022-01-14,13955.812913192212
2022-01-17,13871.57948866347
2022-01-18,13718.672148902973
2022-01-19,13644.935621733735
2022-01-20,13927.146640451823
2022-01-21,14272.343809345291
2022-01-24,14244.972711995479
2022-01-25,14209.704592503816
2022-01-27,14335.650294601102
2022-01-28,13855.429696573989
2022-01-31,14141.461377297872
2022-02-01,14107.555079604132
2022-02-02,14210.458935301775
2022-02-03,14579.443216635318
2022-02-04,14413.555029857938
2022-02-07,14059.742700298073
2022-02-08,14068.797043934284
2022-02-09,14098.274197660636
2022-02-10,14190.887874366454
2022-02-11,14122.555800413336
2022-02-14,14054.747030136423
2022-02-15,14302.268232303217
2022-02-16,14520.616603408667
2022-02-17,14277.424447343134
2022-02-18,14382.550190616483
2022-02-21,14263.61461967043
2022-02-22,14245.257173687163
2022-02-23,14290.665976958464
2022-02-24,14242.876318792138
2022-02-25,14256.537766270349
2022-02-28,14355.04155484081
2022-03-02,14653.027371370881
2022-03-03,14678.405358872824
2022-03-04,14798.647702680555
2022-03-07,14740.737662650345
2022-03-08,14815.784126402714
2022-03-09,15085.021108414358
2022-03-10,14776.588181143014
2022-03-11,14512.869261805832
2022-03-14,14294.458295880902
2022-03-15,14139.381884838922
2022-03-16,14076.104660778577
2022-03-17,14140.760558649528
2022-03-21,14073.702527194278
2022-03-22,14348.731792139928
2022-03-23,14453.380932554595
2022-03-24,14368.017194031569
2022-03-25,14423.17169442736
2022-03-28,14421.906547250288
2022-03-29,14463.84517875998
2022-03-30,14348.227723485776
2022-03-31,14458.661013542282
2022-04-01,14446.411020901476
2022-04-04,14427.546574374099
2022-04-05,14392.937438601915
2022-04-06,14408.005116827007
2022-04-07,14184.756720139249
2022-04-08,14079.766458863185
2022-04-11,14327.303769094573
2022-04-12,14222.189660641237
2022-04-13,14158.357434652962
2022-04-18,14149.745015827075
2022-04-19,14259.319869747147
2022-04-20,14030.085985167425
2022-04-21,13686.834437541154
2022-04-22,13506.387696524174
2022-04-25,13707.425459901122
2022-04-26,13822.075694707479
2022-04-27,14175.00538492834
2022-04-28,14330.199408390507
2022-04-29,14072.965017673874
2022-05-02,13906.198066831808
2022-05-04,14060.699241621864
2022-05-05,14117.126370341959
2022-05-06,13761.307993946024
2022-05-09,13877.87052698363
2022-05-10,13759.807916508726
2022-05-11,13977.651016242673
2022-05-12,14066.435962925094
2022-05-13,13948.616611130297
2022-05-16,13919.308538487172
2022-05-17,13830.214376312864
2022-05-18,13912.396526158342
2022-05-19,13919.995359677287
2022-05-20,13832.680522068367
2022-05-23,13653.075523238615
2022-05-24,13815.071612795404
2022-05-25,13772.384559775017
2022-05-26,13669.180929685046
2022-05-27,13908.449145650893
2022-05-30,13866.180607609274
2022-05-31,14080.117320139743
2022-06-01,14325.390126999304
2022-06-02,14319.590955851407
2022-06-03,14551.04659146807
2022-06-06,14152.62117193908
2022-06-07,14053.166401103981
2022-06-08,14158.677882247423
2022-06-09,14026.110829167867
2022-06-10,14198.586915167718
2022-06-13,13926.286819558027
2022-06-14,13726.408970424045
2022-06-15,13732.944110683018
2022-06-16,13599.057716662139
2022-06-17,13725.73562240152
2022-06-20,13958.647791617494
2022-06-21,14006.811739037073
2022-06-22,13923.914897560002
2022-06-23,14005.77479308345
2022-06-24,14034.466589390455
2022-06-27,14390.61548829352
2022-06-28,14432.510746973858
2022-06-29,14127.884765738716
2022-06-30,14038.403631895711
2022-07-01,14071.092491125084
2022-07-04,14041.459672106772
2022-07-05,14285.110211315512
2022-07-06,14375.596874859879
2022-07-07,14730.698252323267
2022-07-08,15008.291034191634
2022-07-11,14769.621461421719
2022-07-12,14758.686300622565
2022-07-13,14834.277256081612
2022-07-14,14642.596726661352
2022-07-15,14678.727405576208
2022-07-18,14789.232669262426
2022-07-19,14685.128873772583
2022-07-20,14952.396872653413
2022-07-21,14806.610287390957
2022-07-22,14838.087887864076
2022-07-25,15070.668422932747
2022-07-26,14917.507283637799
2022-07-27,15296.738828522124
2022-07-28,15236.124652406419
2022-07-29,15376.857551495094
2022-08-01,15291.169976967727
2022-08-02,15169.209993681163
2022-08-03,15245.913937806396
2022-08-04,15048.967906170059
2022-08-05,15183.796611034322
2022-08-08,15141.451876026009
2022-08-10,14980.327680443825
2022-08-11,14894.483349644133
2022-08-12,14840.14718961579
2022-08-16,14910.720324465652
2022-08-17,14858.0463120774
2022-08-18,15119.615263228125
2022-08-19,15172.622774239531
2022-08-22,15037.81411216079
2022-08-23,15122.662092549994
2022-08-24,15413.747802573804
2022-08-25,15491.860581295396
2022-08-26,15383.19367747328
2022-08-29,15417.118351668958
2022-08-30,15277.901984904825
2022-09-01,15180.124028058004
2022-09-02,15074.137019077703
2022-09-05,15273.377433354995
2022-09-06,15101.863919703754
2022-09-07,14973.68390190833
2022-09-08,15019.291188658935
2022-09-09,15043.761444514581
2022-09-12,14975.923276219111
2022-09-13,14917.047339692213
2022-09-14,14879.453579025752
2022-09-15,14980.821594904366
2022-09-16,14911.685355066535
2022-09-19,15153.995645219775
2022-09-20,15351.836232392405
2022-09-21,15409.076475187465
2022-09-22,15549.191777425385
2022-09-23,15867.53689818493
2022-09-26,15929.361279737883
2022-09-27,15864.515521835952
2022-09-28,15967.564306776098
2022-09-29,15746.02755374143
2022-09-30,15608.652949328942
2022-10-03,15595.205471893316
2022-10-04,15507.236389410968
2022-10-06,15785.779124731698
2022-10-07,15902.419415833703
2022-10-10,15852.91643066881
2022-10-11,15537.961244260396
2022-10-12,15828.3167889593
2022-10-13,16057.17173526304
2022-10-14,16054.80007179112
2022-10-17,15773.093742045863
2022-10-18,15551.412903813372
2022-10-19,15427.996104406608
2022-10-20,15297.019618595494
2022-10-21,15390.897114789746
2022-10-24,15104.972919078476
2022-10-25,15073.71248891588
2022-10-27,14972.681948563759
2022-10-28,14615.08919418052
2022-10-31,14635.387328256453
2022-11-01,14468.419392248681
2022-11-02,14143.754881216018
2022-11-03,14198.814800078982
2022-11-04,14115.955007735301
2022-11-07,14050.03712878048
2022-11-09,13992.87300273567
2022-11-10,14060.689397858596
2022-11-11,14178.481449809206
2022-11-14,14224.930413117527
2022-11-15,14252.948444010086
2022-11-16,14397.635274715698
2022-11-17,14583.056637237562
2022-11-18,14563.265859908037
2022-11-21,14541.153794200236
2022-11-22,14716.462169927072
2022-11-23,14465.285890263862
2022-11-24,14607.571939551373
2022-11-25,14674.817996367765
2022-11-28,14718.432254191666
2022-11-29,14466.819272996243
2022-11-30,14527.185984178028
2022-12-01,14136.520861721347
2022-12-02,14134.170855464683
2022-12-05,14172.560523056578
2022-12-06,14413.896127174283
2022-12-07,14667.15098830378
2022-12-08,15109.935694563168
2022-12-09,15152.625958763289
2022-12-12,15149.960259375002
2022-12-13,15096.43124301782
2022-12-14,14647.607734305364
2022-12-15,15038.639014446813
2022-12-16,14659.417100007335
2022-12-19,14260.048249079979
2022-12-20,14067.587637320126
2022-12-21,14254.156683645426
2022-12-22,14130.543142543325
2022-12-23,14211.29034276967
2022-12-26,14161.051228143186
2022-12-27,14320.797753700921
2022-12-28,14469.017677271551
2022-12-29,14393.502747021177
2022-12-30,14381.350357839938
2023-01-02,14528.633279656693
2023-01-03,14661.508224196179
2023-01-04,15068.140097450154
2023-01-05,14809.679982017866
2023-01-06,14731.305958697223
2023-01-09,15044.643938125304
2023-01-10,14934.175591857884
2023-01-11,14993.81329931923
2023-01-12,15091.615094390265
2023-01-13,15195.334208452203
2023-01-16,15315.596570422249
2023-01-17,15226.147998826858
2023-01-18,15469.736183734665
2023-01-19,15170.15750510174
2023-01-20,14968.21949216762
2023-01-23,15214.560604762235
2023-01-24,15177.735557798367
2023-01-25,15302.065211789106
2023-01-27,15359.518251390178
2023-01-30,14979.2467412409
2023-01-31,15455.280814142698
2023-02-01,15395.20309102637
2023-02-02,15243.604853925246
2023-02-03,15461.212479695532
2023-02-06,15802.140909784626
2023-02-07,15607.433177894274
2023-02-08,15324.228668110396
2023-02-09,15342.652712834977
2023-02-10,15306.421002109148
2023-02-13,15248.691997474838
2023-02-14,15210.34883305886
2023-02-15,14942.515684788625
2023-02-16,14908.784161926278
2023-02-17,14980.205924588297
2023-02-20,15032.264505413257
2023-02-21,15012.095462704485
2023-02-22,14875.779559438692
2023-02-23,15033.12986547629
2023-02-24,14965.789448853926
2023-02-27,15112.168240059484
2023-02-28,15260.878260314923
2023-03-01,15366.148402420185
2023-03-02,15372.9589152484
2023-03-03,15702.040892365894
2023-03-06,15697.020626694753
2023-03-08,15529.259084682657
2023-03-09,15714.262207980468
2023-03-10,15841.04044818702
2023-03-13,15357.145944254617
2023-03-14,15006.584487792095
2023-03-15,15141.339892308739
2023-03-16,14987.571695227809
2023-03-17,15060.430241700431
2023-03-20,15241.879655391884
2023-03-21,15212.335539563994
2023-03-22,14943.414552384183
2023-03-23,14698.343583194539
2023-03-24,14788.834658110241
2023-03-27,14506.862206768108
2023-03-28,14755.858312694705
2023-03-29,14695.493032488861
2023-03-31,14471.244700919906
2023-04-03,14652.649745201961
2023-04-05,14503.474792710827
2023-04-06,14811.139955105667
2023-04-10,14702.68186027163
2023-04-11,15071.996658969425
2023-04-12,14923.515629089165
2023-04-13,15208.2320842748
2023-04-17,15171.932046571317
2023-04-18,15002.87291127724
2023-04-19,15237.26517656779
2023-04-20,15281.007333027861
2023-04-21,15176.778381691247
2023-04-24,15524.442848000404
2023-04-25,15609.302367808259
2023-04-26,15779.242145026577
2023-04-27,15775.12984408993
2023-04-28,15595.328241065648
2023-05-02,15847.41995129894
2023-05-03,16145.583762221762
2023-05-04,16274.024973521517
2023-05-05,16490.57157625532
2023-05-08,16584.891001209595
2023-05-09,16460.845415999072
2023-05-10,16734.502662371266
2023-05-11,16921.63970643088
2023-05-12,17110.952747018684
2023-05-15,17448.905931036286
2023-05-16,17306.02183768524
2023-05-17,17207.50641943438
2023-05-18,17286.218778315288
2023-05-19,17236.345266681532
2023-05-22,16936.98611343636
2023-05-23,16831.96649994928
2023-05-24,16719.075022998157
2023-05-25,16735.828833035794
2023-05-26,16610.973891377373
2023-05-29,16638.247694622492
2023-05-30,16863.26145161732
2023-05-31,17005.71655642866
2023-06-01,16999.18866490292
2023-06-02,17136.45330503619
2023-06-05,17327.02622630184
2023-06-06,17046.577927052214
2023-06-07,16859.33050210744
2023-06-08,16775.086202092378
2023-06-09,16635.206632653826
2023-06-12,16167.317857313576
2023-06-13,16083.252713800734
2023-06-14,16136.822188104057
2023-06-15,16170.336755294453
2023-06-16,16095.908894660015
2023-06-19,16093.115030087649
2023-06-20,16337.061198296802
2023-06-21,16432.502520064525
2023-06-22,16485.422775972467
2023-06-23,16098.230346171185
2023-06-26,16240.27984719315
2023-06-27,16038.174924409135
2023-06-28,15984.813059440643
2023-06-30,16084.865340840252
2023-07-03,15974.90247228516
2023-07-04,15995.651842664838
2023-07-05,15683.825305929175
2023-07-06,15645.360089273343
2023-07-07,15524.307160597666
2023-07-10,15491.912522684324
2023-07-11,15281.024822695406
2023-07-12,15366.989376482106
2023-07-13,15247.168009219069
2023-07-14,15433.953534703021
2023-07-17,15458.720043711617
2023-07-18,15380.478675751312
2023-07-19,15526.097330167171
2023-07-20,15251.3719405643
2023-07-21,15167.012914312467
2023-07-24,15020.184883431186
2023-07-25,14976.245997480457
2023-07-26,14773.32911695559
2023-07-27,15260.949022020055
2023-07-28,14830.74304985503
2023-07-31,14792.990200528031
2023-08-01,14736.207675426465
2023-08-02,14627.4325319764
2023-08-03,14723.355737501655
2023-08-04,14561.203221170794
2023-08-07,14577.498483597152
2023-08-08,14885.8019773717
2023-08-09,14728.393615876597
2023-08-10,14868.81876186276
2023-08-11,14903.039743595773
2023-08-14,14980.26169844612
2023-08-16,14654.651446132464
2023-08-17,14234.552110964312
2023-08-18,14503.462545377322
2023-08-21,14411.972684074524
2023-08-22,14428.038460707246
2023-08-23,14594.56675079955
2023-08-24,14583.155909961586
2023-08-25,14825.247742181618
2023-08-28,14679.575181750095
2023-08-29,14771.889437105348
2023-08-30,14825.611277286835
2023-08-31,15079.559119958207
2023-09-01,15182.490169203189
2023-09-04,15138.915502556072
2023-09-05,15249.404086421708
2023-09-06,15102.745260243846
2023-09-07,14843.537232495504
2023-09-08,14898.306414086614
2023-09-11,14719.564581249611
2023-09-12,14449.646909992476
2023-09-13,14802.8652471232
2023-09-14,14806.914683728666
2023-09-15,14805.897369557888
2023-09-18,15089.38111836769
2023-09-20,15201.752911260031
2023-09-21,15172.44223783741
2023-09-22,15062.781712793161
2023-09-25,15158.30486414364
2023-09-26,14802.736856549445
2023-09-27,14585.719820759248
2023-09-28,14991.240801687625
2023-09-29,14870.856884715131
2023-10-03,14808.201432846463
2023-10-04,14597.181461687389
2023-10-05,14412.612466949797
2023-10-06,14306.835144520515
2023-10-09,14457.64624060771
2023-10-10,14462.23586334807
2023-10-11,14737.90709012405
2023-10-12,14502.022143667145
2023-10-13,14669.123547146257
2023-10-16,14774.948773230515
2023-10-17,14578.040696381144
2023-10-18,14408.20922241062
2023-10-19,14592.332830191164
2023-10-20,14426.461644060824
2023-10-23,14538.530237069372
2023-10-25,14473.682295092212
2023-10-26,14488.748755096703
2023-10-27,14496.549399889363
2023-10-30,14615.218530960954
2023-10-31,14444.171377817845
2023-11-01,14458.173796530134
2023-11-02,14116.64381057999
2023-11-03,14212.598675727224
2023-11-06,14320.8002546093
2023-11-07,13943.280091306708
2023-11-08,13992.959894407464
2023-11-09,14333.254417005724
2023-11-10,14162.024553295421
2023-11-13,14192.524273856281
2023-11-15,13911.456784338634
2023-11-16,14060.021414812616
2023-11-17,13706.125001606422
2023-11-20,14000.473227186047
2023-11-21,14152.938183921453
2023-11-22,14162.648126831451
2023-11-23,14053.294393836239
2023-11-24,14226.529050033074
2023-11-28,14246.730836227267
2023-11-29,14338.643868795623
2023-11-30,14056.141506315847
2023-12-01,14113.97022487767
2023-12-04,13952.343623899806
2023-12-05,13720.811463449407
2023-12-06,13922.434172765274
2023-12-07,13751.70880543015
2023-12-08,13551.69559922985
2023-12-11,13432.03155637508
2023-12-12,13476.734073880767
2023-12-13,13415.20577086363
2023-12-14,13490.420454541812
2023-12-15,13353.127462125214
2023-12-18,13409.829192642119
2023-12-19,13344.801856457505
2023-12-20,13605.932964357997
2023-12-21,13564.805945876617
2023-12-22,13470.494761473663
2023-12-26,13603.285444105824
2023-12-27,13365.885805640064
2023-12-28,13316.594028029238
2023-12-29,13426.942705429135
2024-01-01,13338.97154703962
2024-01-02,13436.14267405585
2024-01-03,13532.780821982506
2024-01-04,13256.817412732227
2024-01-05,13420.902559705315
2024-01-08,13559.30864206676
2024-01-09,13709.839711231703
2024-01-10,13525.397522811476
2024-01-11,13558.167876875239
2024-01-12,13451.444906595461
2024-01-15,13555.631088110375
2024-01-16,13431.638892898101
2024-01-17,13308.770816699634
2024-01-18,13525.76538317851
2024-01-19,13700.194521150614
2024-01-23,13527.25230863178
2024-01-24,13661.096578283747
2024-01-25,13538.82594034871
2024-01-29,13612.41318895194
2024-01-30,13381.113603563292
2024-01-31,13380.303847592335
2024-02-01,12997.581181123418
2024-02-02,12914.263840813604
2024-02-05,13140.39588974362
2024-02-06,12980.786317070517
2024-02-07,13104.179792423778
2024-02-08,13172.190243662102
2024-02-09,13211.27403200581
2024-02-12,13622.0101961991
2024-02-13,13542.078069714544
2024-02-14,13560.062302519205
2024-02-15,13335.749669658895
2024-02-16,13594.234070107841
2024-02-19,13213.613884929342
2024-02-20,12995.842763006562
2024-02-21,12643.253343183469
2024-02-22,12776.097913459642
2024-02-23,12464.23914348483
2024-02-26,12687.262733208021
2024-02-27,12415.609607087717
2024-02-28,12654.587540120401
2024-02-29,12410.44532571342
2024-03-01,12243.173438667061
2024-03-04,12014.239063653362
2024-03-05,12097.19377917364
2024-03-06,12178.444960943896
2024-03-07,12146.276340215967
2024-03-11,12462.424982419006
2024-03-12,12489.536615124573
2024-03-13,12863.272213728787
2024-03-14,12882.375375437061
2024-03-15,12819.997684663738
2024-03-18,13084.594261398797
2024-03-19,13158.583366625873
2024-03-20,13327.224966594275
2024-03-21,13354.740674885616
2024-03-22,13491.162818504026
2024-03-26,13621.39902028542
2024-03-27,13758.718940402454
2024-03-28,13969.168853885189
2024-04-01,13830.010461042195
2024-04-02,13814.249636500084
2024-04-03,13773.090756247575
2024-04-04,13554.016804140754
2024-04-05,13417.345468782969
2024-04-08,13736.597161907102
2024-04-09,13568.767524872963
2024-04-10,13803.542330761524
2024-04-12,13688.866945731883
2024-04-15,13913.540263711755
2024-04-16,13544.341946503333
2024-04-18,13440.460353009497
2024-04-19,13625.456654971782
2024-04-22,13682.724034693589
2024-04-23,13682.262766956595
2024-04-24,13791.799459557058
2024-04-25,13485.518939186319
2024-04-26,13657.210795634002
2024-04-29,13168.422859157556
2024-04-30,12965.476146052144
2024-05-02,12986.16818082009
2024-05-03,13097.710909940586
2024-05-06,13114.675903950052
2024-05-07,13284.280411495736
2024-05-08,13324.171465014759
2024-05-09,13244.790025235288
2024-05-10,13034.976852919874
2024-05-13,12887.621823762624
2024-05-14,12735.19529128655
2024-05-15,12811.91061666571
2024-05-16,13013.19027712107
2024-05-17,13089.281099913616
2024-05-21,12820.710936086434
2024-05-22,12825.341015471427
2024-05-23,12600.314817170214
2024-05-24,12625.240774000938
2024-05-27,12896.483044966568
2024-05-28,12574.470971499917
2024-05-29,13047.721380885127
2024-05-30,13389.005946488474
2024-05-31,13368.861478335282
2024-06-03,13598.280502336358
2024-06-04,13393.962253430114
2024-06-05,13346.31973754057
2024-06-06,13142.353526298866
2024-06-07,13381.03950844228
2024-06-10,13634.260967657168
2024-06-11,13359.261858099351
2024-06-12,13640.02729559179
2024-06-13,13647.720648359007
2024-06-14,13599.94043949395
2024-06-18,13399.227464810068
2024-06-19,13726.312318829547
2024-06-20,13636.482054380953
2024-06-21,13930.489038830703
2024-06-24,13803.880068908207
2024-06-25,13837.819618795726
2024-06-26,13728.121984061754
2024-06-27,13513.217464684582
2024-06-28,13641.481190904691
2024-07-01,13374.412073964959
2024-07-02,13441.607325455427
2024-07-03,13353.57765114332
2024-07-04,13329.912560768591
2024-07-05,13292.764567424336
2024-07-08,13478.930863649348
2024-07-09,13345.0678964521
2024-07-10,13434.02860720268
2024-07-11,13379.43504058168
2024-07-12,13464.246777359733
2024-07-15,13312.768195921079
2024-07-16,13066.732793712832
2024-07-18,12969.803126852228
2024-07-19,12999.613740807594
2024-07-22,13017.340970439505
2024-07-23,13123.816389481999
2024-07-24,12924.658655487161
2024-07-25,13074.306632364202
2024-07-26,13107.282676228018
2024-07-29,13349.533383241325
2024-07-30,13339.942826439314
2024-07-31,13536.739674168224
2024-08-01,13503.863188488289
2024-08-02,13238.311361634742
2024-08-05,13111.676078639344
2024-08-06,12924.313205940747
2024-08-07,13021.15503006986
2024-08-08,13203.496634388495
2024-08-09,12937.743665043443
2024-08-12,12862.959677044122
2024-08-13,12983.623354704978
2024-08-14,13148.600222598803
2024-08-16,12811.568400373651
2024-08-19,12771.294893032089
2024-08-20,12770.463165710062
2024-08-21,12828.561054517997
2024-08-22,12639.747345727259
2024-08-23,12721.959772987577
2024-08-26,12483.277174447388
2024-08-27,12658.248387132891
2024-08-28,12685.522901835822
2024-08-29,12869.775330860044
2024-08-30,12806.423180255624
2024-09-02,12779.958095755639
2024-09-03,12567.894972430893
2024-09-04,12640.376806131957
2024-09-05,12913.438291198821
2024-09-06,12895.48720713672
2024-09-09,13051.367919687029
2024-09-10,13143.816687724273
2024-09-11,12757.923004716518
2024-09-12,12834.40490673702
2024-09-13,12753.389264485932
2024-09-16,12855.423250120224
2024-09-17,12838.419787647392
2024-09-18,12785.385029241252
2024-09-19,12780.16045695644
2024-09-20,12864.741030941343
2024-09-23,12868.686484990649
2024-09-24,12886.136413837003
2024-09-25,13073.653023857198
2024-09-26,13396.017021265227
2024-09-27,13441.972000491112
2024-09-30,13391.345113759806
2024-10-01,13405.920446979302
2024-10-03,13692.9940118519
2024-10-04,13790.632795845659
2024-10-07,14002.94974379947
2024-10-08,14227.144972848308
2024-10-09,14058.05051817175
2024-10-10,14326.1032450271
2024-10-11,14464.984049619428
2024-10-14,14308.387077887508
2024-10-15,14354.354356105805
2024-10-16,14417.249994284264
2024-10-17,14597.433427225584
2024-10-18,14599.15565211669
2024-10-21,14757.354569864305
2024-10-22,15151.544657468748
2024-10-23,14878.48955869599
2024-10-24,14816.315240408776
2024-10-25,14652.98330738437
2024-10-28,14759.776567739922
2024-10-29,14885.094275431331
2024-10-30,14705.250604710967
2024-10-31,14504.581513088735
2024-11-01,14252.159627783716
2024-11-04,14232.491269653774
2024-11-05,14241.414396011427
2024-11-06,14218.756870549274
2024-11-07,14482.24734629292
2024-11-08,14279.616529391385
2024-11-11,14363.035901545181
2024-11-12,14163.415828855192
2024-11-13,14319.022249525175
2024-11-14,14184.943529920642
2024-11-18,14003.269968782026
2024-11-19,13955.857021785538
2024-11-21,13946.306343322445
2024-11-22,14100.899571967217
2024-11-25,13827.506411619828
2024-11-26,14111.778372576155
2024-11-27,14055.015010757768
2024-11-28,13942.145674051164
2024-11-29,13983.094188893427
2024-12-02,14152.382694271319
2024-12-03,13846.766659568886
2024-12-04,13835.11606953113
2024-12-05,13922.352423176526
2024-12-06,14190.166287190794
2024-12-09,14226.385108433476
2024-12-10,14388.77270096763
2024-12-11,14629.83319180336
2024-12-12,14642.757470874214
2024-12-13,14580.634474635937
2024-12-16,14829.056450232147
2024-12-17,15493.046595158694
2024-12-18,15384.611016058487
2024-12-19,15229.871006769436
2024-12-20,15190.49863992484
2024-12-23,15747.107798503877
2024-12-24,15581.426423226305
2024-12-26,15419.039122016757
2024-12-27,15586.603123886576
2024-12-30,15644.474610390373
2024-12-31,15635.975153809894
2025-01-01,15687.805297133102
2025-01-02,15853.841616625201
2025-01-03,15900.822972207274
2025-01-06,16067.868666570388
2025-01-07,16018.556733389341
2025-01-08,15901.24933780311
2025-01-09,16008.182242063978
2025-01-10,16023.828968820113
2025-01-13,16442.765200721173
2025-01-14,16385.414428450353
2025-01-15,16647.594506814603
2025-01-16,16972.263979853098
2025-01-17,17196.590878606163
2025-01-20,16930.51368418308
2025-01-21,16953.321399566947
2025-01-22,16818.621081739093
2025-01-23,16956.498988131796
2025-01-24,16882.958758922174
2025-01-27,17097.706723464515
2025-01-28,16911.30043322548
2025-01-29,17124.990230240346
2025-01-30,16870.24618197405
2025-01-31,17156.39876042453
2025-02-03,17136.145032345037
2025-02-04,17175.953402795316
2025-02-05,17210.470553020703
2025-02-06,17051.85824048691
2025-02-07,17158.0947969161
2025-02-10,17515.95840962922
2025-02-11,17153.542158980392
2025-02-12,17652.637159192436
2025-02-13,17570.62174884565
2025-02-14,17683.945894479235
2025-02-17,17290.077514137192
2025-02-18,17316.51913873117
2025-02-19,17533.594147000105
2025-02-20,17657.27860095329
2025-02-21,17779.901698915593
2025-02-24,17674.576296190873
2025-02-25,17513.16609989511
2025-02-27,17318.422006039353
2025-02-28,17371.263068892033
2025-03-03,17624.105261859597
2025-03-04,17353.99343021424
2025-03-05,17656.62033278304
2025-03-06,18006.45201360692
2025-03-07,17876.182680488768
2025-03-10,17988.813269206956
2025-03-11,18274.57402308739
2025-03-12,18154.232800421512
2025-03-13,18403.24471723257
2025-03-17,18271.730954284125
2025-03-18,18003.762448355094
2025-03-19,18442.966060309758
2025-03-20,18695.92699294789
2025-03-21,18595.223427675468
2025-03-24,18393.570318693462
2025-03-25,18576.816573589465
2025-03-26,18486.19330772994
2025-03-27,18868.154402848333
2025-03-28,18854.125761674102
2025-04-01,18755.293814964774
2025-04-02,18780.494966919643
2025-04-03,18920.420143297277
2025-04-04,19406.079095114153
2025-04-07,19451.128155521343
2025-04-08,19331.349832488304
2025-04-09,18872.987711311973
2025-04-11,18980.43063935463
2025-04-15,18783.03768843266
2025-04-16,18966.368484298837
2025-04-17,18874.356859055573
2025-04-21,18648.747533962865
2025-04-22,19116.748308352508
2025-04-23,19408.073780326562
2025-04-24,19174.201584039183
2025-04-25,19368.308788656483
2025-04-28,19415.33565423245
2025-04-29,19650.662197786623
2025-04-30,19657.10934655727
2025-05-02,19353.481028009453
2025-05-05,19445.08354338637
2025-05-06,20074.727398270923
2025-05-07,19848.335699687006
2025-05-08,20005.60681962509
2025-05-09,20430.510806530972
2025-05-12,20056.399732641898
2025-05-13,20042.407611192048
2025-05-14,20135.938682048003
2025-05-15,19862.498765457043
2025-05-16,19936.020241695092
2025-05-19,19783.97296124351
2025-05-20,20129.02860587142
2025-05-21,19814.441845205718
2025-05-22,19999.120436735724
2025-05-23,19737.372437141865
2025-05-26,19640.40806181795
2025-05-27,19632.796575498818
2025-05-28,19683.46209673883
2025-05-29,19460.699420224544
2025-05-30,19770.092575364455
2025-06-02,19578.989356335907
2025-06-03,19588.00001300196
2025-06-04,19398.802393217687
2025-06-05,19512.684380017523
2025-06-06,19308.164611192347
2025-06-09,19332.139388520594
2025-06-10,19547.69884489637
2025-06-11,19228.918858594687
2025-06-12,19107.990866143242
2025-06-13,18970.502140663964
2025-06-16,18681.89774891934
2025-06-17,18850.865073119974
2025-06-18,18732.357436972197
2025-06-19,18903.821234765674
2025-06-20,19015.88044048759
2025-06-23,18582.704032288813
2025-06-24,18913.824820759353
2025-06-25,19304.939089162417
2025-06-26,19419.521961766237
2025-06-27,19725.887020456168
2025-06-30,20076.933591302433
2025-07-01,20387.21304553324
2025-07-02,20329.463023275675
2025-07-03,20357.367567171947
2025-07-04,20146.85267866676
2025-07-07,20233.67676194166
2025-07-08,19996.47061701547
2025-07-09,19978.763751939878
2025-07-10,20345.575669172493
2025-07-11,20278.469974006824
