Date,Close
2004-08-20,2.6943013668060303
2004-08-23,2.699035106987321
2004-08-24,2.7722654264150877
2004-08-25,2.8213004256057106
2004-08-26,2.8166041518415423
2004-08-27,2.7647174949356326
2004-08-30,2.7487046381097517
2004-08-31,2.7499345887936397
2004-09-01,2.7443303576178035
2004-09-02,2.784630077985047
2004-09-03,2.719752299903218
2004-09-07,2.739606220729165
2004-09-08,2.7579455177540795
2004-09-09,2.697351098010664
2004-09-10,2.6867723628187266
2004-09-13,2.7093014195007137
2004-09-14,2.810002900003989
2004-09-15,2.8897389349376086
2004-09-16,2.8352268851677476
2004-09-17,2.7647808957264743
2004-09-20,2.6678489226246356
2004-09-21,2.6524391072754465
2004-09-22,2.675954140450727
2004-09-23,2.6506598502390863
2004-09-24,2.6171999862583646
2004-09-27,2.655555645620872
2004-09-28,2.6970932362133047
2004-09-29,2.6939195160416562
2004-09-30,2.68530650424553
2004-10-01,2.628550442700706
2004-10-04,2.6764551557717873
2004-10-05,2.680327564020948
2004-10-06,2.637235330346359
2004-10-07,2.6391694834402526
2004-10-08,2.675903777814999
2004-10-11,2.6614492353909696
2004-10-12,2.680536392643787
2004-10-13,2.7233369228412494
2004-10-14,2.709787539587028
2004-10-15,2.7547534373650637
2004-10-18,2.7531119446303713
2004-10-19,2.7597776889532026
2004-10-20,2.716921025738206
2004-10-21,2.807164647404405
2004-10-22,2.7488437248129665
2004-10-25,2.6940303481845453
2004-10-26,2.6578916138096207
2004-10-27,2.6722520873574642
2004-10-28,2.654904937332157
2004-10-29,2.643671392743186
2004-11-01,2.6840451702648456
2004-11-02,2.637303978277747
2004-11-03,2.5767457855739617
2004-11-04,2.628542203781608
2004-11-05,2.6489145870170927
2004-11-08,2.635793951541678
2004-11-09,2.6475794412961045
2004-11-10,2.6802081976354994
2004-11-11,2.5832930583889286
2004-11-12,2.5838831265634075
2004-11-15,2.655830068737932
2004-11-16,2.585719215746785
2004-11-17,2.5111647115992923
2004-11-18,2.5553239457251826
2004-11-19,2.450887642733683
2004-11-22,2.5127381349582816
2004-11-23,2.555444318932158
2004-11-24,2.674140717285141
2004-11-26,2.6874867632207953
2004-11-29,2.6902614609010786
2004-11-30,2.6630067239423156
2004-12-01,2.6675411343835083
2004-12-02,2.7582347733749097
2004-12-03,2.7017420265543364
2004-12-06,2.7581583283013624
2004-12-07,2.7513776350691677
2004-12-08,2.7602552721051414
2004-12-09,2.7404637116953183
2004-12-10,2.78616925956961
2004-12-13,2.7372894240503034
2004-12-14,2.8891666020082223
2004-12-15,2.9418547460454985
2004-12-16,2.9241312495594496
2004-12-17,2.942842197265044
2004-12-20,3.0016677474196385
2004-12-21,3.0551536990342747
2004-12-22,2.9789321352532787
2004-12-23,2.86381142433335
2004-12-27,2.862162844920609
2004-12-28,2.7859385293622
2004-12-29,2.7479447575017493
2004-12-30,2.6621842123903403
2004-12-31,2.698442966642303
2005-01-03,2.6791254123185784
2005-01-04,2.705407408009022
2005-01-05,2.738468249013153
2005-01-06,2.7637265677609646
2005-01-07,2.75284932803375
2005-01-10,2.759857846220931
2005-01-11,2.809204025583092
2005-01-12,2.8260365341722045
2005-01-13,2.7979233410397235
2005-01-14,2.7951672288172453
2005-01-18,2.8388615358906124
2005-01-19,2.796088518774098
2005-01-20,2.8036820916002236
2005-01-21,2.875587533002062
2005-01-24,2.9240697208750612
2005-01-25,2.8622268074726325
2005-01-26,2.861711209335325
2005-01-27,2.897183608078175
2005-01-28,2.8846710400676505
2005-01-31,2.888498405613802
2005-02-01,2.873810607753993
2005-02-02,2.832112741142186
2005-02-03,2.785442069603232
2005-02-04,2.7411597709426774
2005-02-07,2.6855418547570706
2005-02-08,2.6790090432296463
2005-02-09,2.656052906638173
2005-02-10,2.6635352575396603
2005-02-11,2.588327941762261
2005-02-14,2.4638112408620745
2005-02-15,2.3448207313555707
2005-02-16,2.336843966535781
2005-02-17,2.373592566546913
2005-02-18,2.338936637475261
2005-02-22,2.3245325632626175
2005-02-23,2.3473431277017185
2005-02-24,2.3267386081548973
2005-02-25,2.3408815576352455
2005-02-28,2.288474927836717
2005-03-01,2.284953439638517
2005-03-02,2.258145119301538
2005-03-03,2.272567068167767
2005-03-04,2.22934096507338
2005-03-07,2.2075722000123172
2005-03-08,2.25554770648087
2005-03-09,2.2838446923566185
2005-03-10,2.268641515419
2005-03-11,2.2759899473967367
2005-03-14,2.239447553131425
2005-03-15,2.183095489776014
2005-03-16,2.241236014147669
2005-03-17,2.2286690766119044
2005-03-18,2.276298038723053
2005-03-21,2.32554593150312
2005-03-22,2.308119836008129
2005-03-23,2.3617919762303226
2005-03-24,2.371496879514531
2005-03-28,2.2869934807539662
2005-03-29,2.3058799804681605
2005-03-30,2.3171456825612413
2005-03-31,2.266953680486672
2005-04-01,2.2328309109944002
2005-04-04,2.2542888122858717
2005-04-05,2.3155697375361273
2005-04-06,2.408892577997558
2005-04-07,2.419428603986131
2005-04-08,2.3926132787047503
2005-04-11,2.3552307557725527
2005-04-12,2.3457921611309653
2005-04-13,2.2665160019715684
2005-04-14,2.2839427359208795
2005-04-15,2.2003607851755755
2005-04-18,2.207556647865244
2005-04-19,2.2214279923044344
2005-04-20,2.195805651427126
2005-04-21,2.117100799339006
2005-04-22,2.102114141162497
2005-04-25,2.0456666039053073
2005-04-26,2.0463131848532417
2005-04-27,2.038617485415077
2005-04-28,2.090773302489111
2005-04-29,2.0911573758627995
2005-05-02,2.1084615886200018
2005-05-03,2.0597395275710824
2005-05-04,2.0752224333629528
2005-05-05,2.0232563472632847
2005-05-06,2.013052117382399
2005-05-09,2.058237724901577
2005-05-10,2.0284363178508804
2005-05-11,1.9615254300734692
2005-05-12,1.9326398743623836
2005-05-13,1.908644632859978
2005-05-16,1.8953959273704495
2005-05-17,1.8891291768840242
2005-05-18,1.862416659341325
2005-05-19,1.9125363703151816
2005-05-20,1.902097307939114
2005-05-23,1.8832207752535763
2005-05-24,1.8709583903217575
2005-05-25,1.9191565559902348
2005-05-26,1.8306625404175862
2005-05-27,1.8125066692863987
2005-05-31,1.8529479355858567
2005-06-01,1.885710181262594
2005-06-02,1.841487605788137
2005-06-03,1.962814379714
2005-06-06,1.941259580391338
2005-06-07,1.929438089309805
2005-06-08,1.9711176551241805
2005-06-09,1.9732065023228338
2005-06-10,1.9828878747314567
2005-06-13,1.9771692084810424
2005-06-14,2.0638001257267753
2005-06-15,2.0953531879061873
2005-06-16,2.0579785774212636
2005-06-17,2.056112027937071
2005-06-20,2.050797244203393
2005-06-21,2.0634494516410187
2005-06-22,2.1359616675969533
2005-06-23,2.061727425582713
2005-06-24,2.0257670376745005
2005-06-27,2.0457364616411713
2005-06-28,2.0645102995234246
2005-06-29,2.0644986962585934
2005-06-30,2.0079327102929816
2005-07-01,1.9987510520462537
2005-07-05,1.9816969172204717
2005-07-06,2.0217792359817874
2005-07-07,1.9881663987711575
2005-07-08,1.9527015741970013
2005-07-11,1.9655681340763014
2005-07-12,2.00574734537527
2005-07-13,1.9659995858529387
2005-07-14,1.9962581121191312
2005-07-15,2.0429296892659488
2005-07-18,2.0032661199608888
2005-07-19,2.002701682129403
2005-07-20,1.9994738910590917
2005-07-21,2.0110704832474435
2005-07-22,2.0165319739921768
2005-07-25,2.0052848640910943
2005-07-26,1.972685592298808
2005-07-27,2.023884157178482
2005-07-28,1.9520069635311843
2005-07-29,1.9716476881959637
2005-08-01,1.9993809664840747
2005-08-02,2.033172441829755
2005-08-03,2.011650466759259
2005-08-04,2.099557755533038
2005-08-05,2.1007771913004953
2005-08-08,2.0849480569342362
2005-08-09,2.1271546240345973
2005-08-10,2.1131042562416575
2005-08-11,2.039178106896437
2005-08-12,2.0420904476843353
2005-08-15,2.000839200858307
2005-08-16,1.9965690127517002
2005-08-17,2.046416982716975
2005-08-18,2.010080841198663
2005-08-19,1.9857028531510188
2005-08-22,2.005753554171583
2005-08-23,2.064100958736611
2005-08-24,2.076954017283647
2005-08-25,2.1018712857434787
2005-08-26,2.1400467905772516
2005-08-29,2.185155795643608
2005-08-30,2.1804732471374364
2005-08-31,2.1773533658276807
2005-09-01,2.21393165652702
2005-09-02,2.1710906270438914
2005-09-06,2.1319945751530605
2005-09-07,2.1378913317804593
2005-09-08,2.1370829656770645
2005-09-09,2.1976969386749654
2005-09-12,2.2210153550311755
2005-09-13,2.2510321817637693
2005-09-14,2.2562664559239494
2005-09-15,2.271717138501653
2005-09-16,2.185429660328071
2005-09-19,2.1529221561410536
2005-09-20,2.175969144021607
2005-09-21,2.0863498214417304
2005-09-22,2.0928711944962592
2005-09-23,2.1587940322493124
2005-09-26,2.1435215541140273
2005-09-27,2.1063332104400163
2005-09-28,2.1792544647710193
2005-09-29,2.2125845803719564
2005-09-30,2.2705990670495084
2005-10-03,2.266381728958486
2005-10-04,2.201533253819765
2005-10-05,2.2860784243965018
2005-10-06,2.325324918206743
2005-10-07,2.285794356668453
2005-10-10,2.2749057267969293
2005-10-11,2.341430385536975
2005-10-12,2.406739939278162
2005-10-13,2.315333869881768
2005-10-14,2.3446412762342663
2005-10-17,2.380999002718914
2005-10-18,2.3431993358382375
2005-10-19,2.3502455770296273
2005-10-20,2.2716337769179202
2005-10-21,2.2383759870800204
2005-10-24,2.1984026507334042
2005-10-25,2.185298381120632
2005-10-26,2.1632564494439865
2005-10-27,2.1003470633152004
2005-10-28,2.0649113829350885
2005-10-31,2.0605265837795024
2005-11-01,2.0322767853536967
2005-11-02,2.0494284506632394
2005-11-03,2.074681792553453
2005-11-04,2.0947343520961788
2005-11-07,2.1434138064068398
2005-11-08,2.1754400945549683
2005-11-09,2.1797584813825117
2005-11-10,2.2110816962335407
2005-11-11,2.1285977870428443
2005-11-14,2.206126486406957
2005-11-15,2.2221837045946846
2005-11-16,2.2110732839409657
2005-11-17,2.1443606567630074
2005-11-18,2.1343909125005056
2005-11-21,2.0739833972261237
2005-11-22,2.090107515479699
2005-11-23,2.121823489644697
2005-11-25,2.109927478522279
2005-11-28,2.0875751809654632
2005-11-29,2.1317433365751683
2005-11-30,2.1746509384353265
2005-12-01,2.154318251832924
2005-12-02,2.1780921071703276
2005-12-05,2.1862676769956937
2005-12-06,2.1917697256442286
2005-12-07,2.1478554958066263
2005-12-08,2.196318259966776
2005-12-09,2.1432477787322926
2005-12-12,2.08740692714744
2005-12-13,2.102443352244782
2005-12-14,2.0810475074477304
2005-12-15,2.085212676541766
2005-12-16,2.0433744636729765
2005-12-19,2.085344824645041
2005-12-20,2.045858463894804
2005-12-21,2.001325151100353
2005-12-22,1.9911012052438128
2005-12-23,2.01249095093615
2005-12-27,2.0130430014472362
2005-12-28,1.9483261859514676
2005-12-29,1.9608681978046156
2005-12-30,1.9625123487886296
2006-01-03,1.9392325800412809
2006-01-04,1.8904296607462916
2006-01-05,1.9345788267727075
2006-01-06,1.8844847582425543
2006-01-09,1.8625934746718962
2006-01-10,1.8570365439568768
2006-01-11,1.8235592324975867
2006-01-12,1.8028119364204898
2006-01-13,1.8848519994765034
2006-01-17,1.9619266839555156
2006-01-18,1.9235002014903217
2006-01-19,1.9698044295492785
2006-01-20,1.9247756294199878
2006-01-23,1.8479049075541356
2006-01-24,1.8828730511432172
2006-01-25,1.8975315183552395
2006-01-26,1.888077048438354
2006-01-27,1.9737110385508942
2006-01-30,1.9488631715806868
2006-01-31,1.9236261621499071
2006-02-01,1.9093280954624738
2006-02-02,1.8785350102899485
2006-02-03,1.886841689270076
2006-02-06,1.9110079756558642
2006-02-07,1.9246274361026947
2006-02-08,1.9328422496648499
2006-02-09,1.9450505675897494
2006-02-10,1.9517214087267514
2006-02-13,1.9371443052402622
2006-02-14,1.9929426003420283
2006-02-15,2.019406573572612
2006-02-16,2.055460233929998
2006-02-17,2.0376554590766
2006-02-21,2.002243132836179
2006-02-22,2.009040322333964
2006-02-23,2.0580838068586758
2006-02-24,2.072552095621263
2006-02-27,2.092589739940632
2006-02-28,2.1501801673870897
2006-03-01,2.1785768070368343
2006-03-02,2.186605585599454
2006-03-03,2.217808244799247
2006-03-06,2.235094977754839
2006-03-07,2.2094318483239674
2006-03-08,2.1688718312436723
2006-03-09,2.198359640423927
2006-03-10,2.166029409115128
2006-03-13,2.2592472216797375
2006-03-14,2.2227699305314705
2006-03-15,2.2460370077501874
2006-03-16,2.289842037373837
2006-03-17,2.2651161125585135
2006-03-20,2.3327911689895733
2006-03-21,2.337141438289778
2006-03-22,2.32399255759848
2006-03-23,2.2179339100652973
2006-03-24,2.2251010076479996
2006-03-27,2.2459580706306967
2006-03-28,2.219175887847815
2006-03-29,2.167678962200027
2006-03-30,2.197106602503391
2006-03-31,2.216625752440098
2006-04-03,2.251165462489729
2006-04-04,2.3557383291158587
2006-04-05,2.360723744549033
2006-04-06,2.363186555572909
2006-04-07,2.3055480026585946
2006-04-10,2.3457888790997186
2006-04-11,2.352863023198344
2006-04-12,2.2973367709535877
2006-04-13,2.2751299811176895
2006-04-17,2.352467544048189
2006-04-18,2.3366606593226327
2006-04-19,2.2630484761390126
2006-04-20,2.199960601177096
2006-04-21,2.1952196840449782
2006-04-24,2.2317111975358244
2006-04-25,2.2240186344277815
2006-04-26,2.2637026025539777
2006-04-27,2.283965922846426
2006-04-28,2.2467654806178583
2006-05-01,2.200335727544313
2006-05-02,2.1911884931530516
2006-05-03,2.2533157366769405
2006-05-04,2.1541345985537035
2006-05-05,2.074934133289027
2006-05-08,2.1026758692916756
2006-05-09,2.082640416406221
2006-05-10,2.120855194203915
2006-05-11,2.1148172819990965
2006-05-12,2.1217015036132043
2006-05-15,2.1185473643499853
2006-05-16,2.2231499583628413
2006-05-17,2.220561237711455
2006-05-18,2.2830061165624924
2006-05-19,2.286537937253581
2006-05-22,2.193322190898756
2006-05-23,2.1259306677406773
2006-05-24,2.1036188824388184
2006-05-25,2.1376794857049437
2006-05-26,2.14357158054485
2006-05-30,2.153598008827034
2006-05-31,2.1601973281079783
2006-06-01,2.1341453319136074
2006-06-02,2.116752248788567
2006-06-05,2.0635394237800058
2006-06-06,2.0551066222691783
2006-06-07,2.0572517383581688
2006-06-08,2.0455578457687453
2006-06-09,1.924114891210048
2006-06-12,1.948803936777816
2006-06-13,1.9265151069290614
2006-06-14,1.9312523833161575
2006-06-15,1.9577810537684726
2006-06-16,1.9044306315850281
2006-06-19,1.8985611538029092
2006-06-20,1.9357138265267715
2006-06-21,1.9029001404259456
2006-06-22,1.9247409989932425
2006-06-23,1.889976273629905
2006-06-26,1.881890912535878
2006-06-27,1.9258133366625767
2006-06-28,1.9433628665556795
2006-06-29,1.9210356785145335
2006-06-30,1.901397648759563
2006-07-03,1.9207728381528446
2006-07-05,1.8781253415641224
2006-07-06,1.8503689318454943
2006-07-07,1.813468672679618
2006-07-10,1.8481700715370863
2006-07-11,1.8199832476275029
2006-07-12,1.804835597985747
2006-07-13,1.84596763560668
2006-07-14,1.8628502207118722
2006-07-17,1.8587974195207788
2006-07-18,1.9044623682285242
2006-07-19,1.8946992762069517
2006-07-20,1.828481021757653
2006-07-21,1.8583623125623225
2006-07-24,1.8548225321718632
2006-07-25,1.8254765947855602
2006-07-26,1.8382684604256108
2006-07-27,1.871638692396025
2006-07-28,1.934825241645062
2006-07-31,1.9261348164639924
2006-08-01,1.9111103457129766
2006-08-02,1.8984311927247621
2006-08-03,1.9050469599915079
2006-08-04,1.834386286962814
2006-08-07,1.7718944842310753
2006-08-08,1.7555842474527348
2006-08-09,1.7790023881364567
2006-08-10,1.7622208868808695
2006-08-11,1.774255297207808
2006-08-14,1.7592149835534425
2006-08-15,1.7768875578665877
2006-08-16,1.767470541997853
2006-08-17,1.7307277838761437
2006-08-18,1.6862633365570607
2006-08-21,1.7096170121546848
2006-08-22,1.7480056185017512
2006-08-23,1.7581179179030881
2006-08-24,1.773104842137727
2006-08-25,1.7098708132913845
2006-08-28,1.7141288584602477
2006-08-29,1.687775393097051
2006-08-30,1.7518980600446272
2006-08-31,1.7339767886850845
2006-09-01,1.7365907172523782
2006-09-05,1.7417940915539414
2006-09-06,1.7273978071616305
2006-09-07,1.6943480536021807
2006-09-08,1.6639283018193054
2006-09-11,1.6509998493807507
2006-09-12,1.6706100975400013
2006-09-13,1.6324663339795167
2006-09-14,1.5985431466111772
2006-09-15,1.5960732118306948
2006-09-18,1.620115724114746
2006-09-19,1.6344203530348744
2006-09-20,1.6702502153659866
2006-09-21,1.6841428494565758
2006-09-22,1.6719859913372306
2006-09-25,1.7081158550800775
2006-09-26,1.6901574055553472
2006-09-27,1.7375362398621745
2006-09-28,1.7429159264673706
2006-09-29,1.7717077005840942
2006-10-02,1.772406502121743
2006-10-03,1.740756364393758
2006-10-04,1.7765361364314214
2006-10-05,1.7443512291657228
2006-10-06,1.739189910846031
2006-10-09,1.6877177715827847
2006-10-10,1.6579959317707633
2006-10-11,1.6851106748903715
2006-10-12,1.6521323238200123
2006-10-13,1.6641822055175834
2006-10-16,1.6684956591515654
2006-10-17,1.651117150706461
2006-10-18,1.6846046387556526
2006-10-19,1.634275769709982
2006-10-20,1.5521132918779281
2006-10-23,1.5674244114019684
2006-10-24,1.559371606160806
2006-10-25,1.5762846580639969
2006-10-26,1.577408196763652
2006-10-27,1.5202595056726647
2006-10-30,1.5367560695257925
2006-10-31,1.555265875077052
2006-11-01,1.5773132190725012
2006-11-02,1.6029954314523953
2006-11-03,1.6267087502648363
2006-11-06,1.5606364903117547
2006-11-07,1.5966338666248647
2006-11-08,1.5936812117500172
2006-11-09,1.5830895638756044
2006-11-10,1.56331053981475
2006-11-13,1.560122585555339
2006-11-14,1.5633629737393617
2006-11-15,1.5812801313149263
2006-11-16,1.6278255529370558
2006-11-17,1.6791520193247156
2006-11-20,1.6654131739375937
2006-11-21,1.705729664729296
2006-11-22,1.6946327085666553
2006-11-24,1.6391974824819326
2006-11-27,1.649272438288995
2006-11-28,1.7026148929510485
2006-11-29,1.6749951702743413
2006-11-30,1.5695165773940858
2006-12-01,1.6086559576579016
2006-12-04,1.595352705262335
2006-12-05,1.5750722373356272
2006-12-06,1.5776508011883714
2006-12-07,1.522844518193785
2006-12-08,1.4919598845687296
2006-12-11,1.46139434274962
2006-12-12,1.4527688737806277
2006-12-13,1.4271739242123627
2006-12-14,1.397064396063558
2006-12-15,1.42075027675762
2006-12-18,1.4183172341065662
2006-12-19,1.436509321195357
2006-12-20,1.4325926005738963
2006-12-21,1.4197326075133323
2006-12-22,1.3974204087414581
2006-12-26,1.392818720530746
2006-12-27,1.3883303747256677
2006-12-28,1.3700756744572595
2006-12-29,1.3604120089191427
2007-01-03,1.3869397060673614
2007-01-04,1.3502588254247136
2007-01-05,1.3580227592754384
2007-01-08,1.3893858263573604
2007-01-09,1.3220116896475373
2007-01-10,1.3497250534768446
2007-01-11,1.3580353762409767
2007-01-12,1.3904522315470222
2007-01-16,1.3593664396140461
2007-01-17,1.366580459840037
2007-01-18,1.3266851998343023
2007-01-19,1.316799345895614
2007-01-22,1.3324878622907916
2007-01-23,1.3400347171578035
2007-01-24,1.3174139404689034
2007-01-25,1.3061507142701128
2007-01-26,1.2887731771636846
2007-01-29,1.2566713255694115
2007-01-30,1.2421748710368243
2007-01-31,1.2507406262479384
2007-02-01,1.2237847035889533
2007-02-02,1.1954246211218993
2007-02-05,1.1665694192050957
2007-02-06,1.193669082125725
2007-02-07,1.200472319970776
2007-02-08,1.2114878853494666
2007-02-09,1.218969695709363
2007-02-12,1.2340311126470727
2007-02-13,1.220400212932953
2007-02-14,1.2565999440817568
2007-02-15,1.2733096042660843
2007-02-16,1.275522089712646
2007-02-20,1.2461550302117916
2007-02-21,1.2183638431033237
2007-02-22,1.2215783002637102
2007-02-23,1.2335241673097093
2007-02-26,1.2532876971562046
2007-02-27,1.2677421632683594
2007-02-28,1.2461131122556282
2007-03-01,1.2134676923409917
2007-03-02,1.237932479640157
2007-03-05,1.2314760599826375
2007-03-06,1.234968608484462
2007-03-07,1.2288876942666627
2007-03-08,1.254089963176534
2007-03-09,1.2503200534773176
2007-03-12,1.2315667197280105
2007-03-13,1.260207056881905
2007-03-14,1.2457613214256136
2007-03-15,1.2346447500841187
2007-03-16,1.2153951683318895
2007-03-19,1.2028360449095632
2007-03-20,1.2035571055979544
2007-03-21,1.224985560246256
2007-03-22,1.227134839121259
2007-03-23,1.2415478813822156
2007-03-26,1.2430388795822618
2007-03-27,1.2450115062043265
2007-03-28,1.2841876859031391
2007-03-29,1.315972164427767
2007-03-30,1.3310165517664414
2007-04-02,1.3228740652167859
2007-04-03,1.352743681563406
2007-04-04,1.3525775288028465
2007-04-05,1.316400625096407
2007-04-09,1.34796176938984
2007-04-10,1.3701894921063364
2007-04-11,1.3717896188310421
2007-04-12,1.3132335975501066
2007-04-13,1.3450579978081918
2007-04-16,1.2933072853609406
2007-04-17,1.2788509193673125
2007-04-18,1.261742060429345
2007-04-19,1.2592235503326716
2007-04-20,1.2675273273927563
2007-04-23,1.2905617953699997
2007-04-24,1.2447467234920355
2007-04-25,1.2456199568827375
2007-04-26,1.255724099314726
2007-04-27,1.2684251214047042
2007-04-30,1.233682425607973
2007-05-01,1.239291352214117
2007-05-02,1.2522866890438082
2007-05-03,1.2611161806724713
2007-05-04,1.2562466444464622
2007-05-07,1.2901357692159618
2007-05-08,1.3125797370402013
2007-05-09,1.3220353412834827
2007-05-10,1.270131884850575
2007-05-11,1.2446661753481774
2007-05-14,1.248648374936488
2007-05-15,1.2638160701797447
2007-05-16,1.314904150868333
2007-05-17,1.3601449068466203
2007-05-18,1.365200799639771
2007-05-21,1.3430202770646686
2007-05-22,1.327977261304849
2007-05-23,1.3147728036114021
2007-05-24,1.2799996158169336
2007-05-25,1.2915236414118625
2007-05-29,1.2709077214031423
2007-05-30,1.261083726245237
2007-05-31,1.2530189822352498
2007-06-01,1.2519292993426692
2007-06-04,1.2714343046796934
2007-06-05,1.2703718566613806
2007-06-06,1.2555310580472474
2007-06-07,1.2425101348341279
2007-06-08,1.2528147830564766
2007-06-11,1.2488570269830035
2007-06-12,1.200885070575802
2007-06-13,1.2330011349409906
2007-06-14,1.2125663451248634
2007-06-15,1.231056473336032
2007-06-18,1.217702665926279
2007-06-19,1.1804694847920265
2007-06-20,1.2061475641536996
2007-06-21,1.2181122016838934
2007-06-22,1.2173955080158911
2007-06-25,1.1845526147729326
2007-06-26,1.2180175978986556
2007-06-27,1.2593082368253907
2007-06-28,1.2582157025244678
2007-06-29,1.2888562753283863
2007-07-02,1.2579104738374507
2007-07-03,1.217941567313021
2007-07-05,1.2077555082165552
2007-07-06,1.210533069744835
2007-07-09,1.2054737431926321
2007-07-10,1.196935787780851
2007-07-11,1.2039638653203888
2007-07-12,1.2066191788058853
2007-07-13,1.2334685499147442
2007-07-16,1.2219829249261533
2007-07-17,1.2004850540074392
2007-07-18,1.1768839208359754
2007-07-19,1.1805283679352907
2007-07-20,1.1745620218296067
2007-07-23,1.222920387280924
2007-07-24,1.2161811612320323
2007-07-25,1.2100046194691862
2007-07-26,1.1988701746152985
2007-07-27,1.2229697867157825
2007-07-30,1.2094626471098098
2007-07-31,1.1869106506715432
2007-08-01,1.179964654261301
2007-08-02,1.1535724695115854
2007-08-03,1.1610864586344751
2007-08-06,1.202698209507746
2007-08-07,1.2371710081699123
2007-08-08,1.2665700436036174
2007-08-09,1.235116427121316
2007-08-10,1.2217851978849383
2007-08-13,1.2481326240631119
2007-08-14,1.2337968613050363
2007-08-15,1.2067014360087207
2007-08-16,1.1691426265378118
2007-08-17,1.1870997045596638
2007-08-20,1.1949350821300706
2007-08-21,1.1857607755391342
2007-08-22,1.2351425900134323
2007-08-23,1.2360740901938332
2007-08-24,1.2417089965967196
2007-08-27,1.2692392631698823
2007-08-28,1.2647648769142832
2007-08-29,1.2902187170568309
2007-08-30,1.3118975102391994
2007-08-31,1.2807914059004437
2007-09-04,1.2621285513822198
2007-09-05,1.2751565737636117
2007-09-06,1.3334241915552227
2007-09-07,1.3357270272106885
2007-09-10,1.3801261082891783
2007-09-11,1.3757715824586074
2007-09-12,1.372431998322288
2007-09-13,1.3648660041743845
2007-09-14,1.3740829888428026
2007-09-17,1.3848008718189182
2007-09-18,1.3749481220035553
2007-09-19,1.365119568554583
2007-09-20,1.3346945070436513
2007-09-21,1.3441512372895807
2007-09-24,1.3110975498034816
2007-09-25,1.3931330549457643
2007-09-26,1.4230300950664798
2007-09-27,1.44660711006824
2007-09-28,1.442133761064491
2007-10-01,1.41484036261171
2007-10-02,1.4074701384878663
2007-10-03,1.4430518243495265
2007-10-04,1.4314970094892576
2007-10-05,1.4824154639803486
2007-10-08,1.5016276639824688
2007-10-09,1.518663868259627
2007-10-10,1.5039579336373972
2007-10-11,1.5270719471051426
2007-10-12,1.537810933880215
2007-10-15,1.5769128702669841
2007-10-16,1.583494746070647
2007-10-17,1.5568764455626634
2007-10-18,1.5574354377246014
2007-10-19,1.5827387638731218
2007-10-22,1.562125097756601
2007-10-23,1.538783544827469
2007-10-24,1.5641795832858454
2007-10-25,1.5315263740829559
2007-10-26,1.5386564009554093
2007-10-29,1.5219700401058684
2007-10-30,1.5109572152924342
2007-10-31,1.527282208775734
2007-11-01,1.5000910385756487
2007-11-02,1.5093625699815976
2007-11-05,1.5489230622227526
2007-11-06,1.6093127132911829
2007-11-07,1.6004928897955684
2007-11-08,1.598956765812241
2007-11-09,1.609508964788536
2007-11-12,1.6317265551982585
2007-11-13,1.6332952068718927
2007-11-14,1.6975993407038914
2007-11-15,1.7525405908590994
2007-11-16,1.7319458669107768
2007-11-19,1.7252942320281135
2007-11-20,1.70730317362452
2007-11-21,1.6385913995537662
2007-11-23,1.6229621015522948
2007-11-26,1.648917051801398
2007-11-27,1.6500460931348324
2007-11-28,1.648967746953271
2007-11-29,1.6808756973107357
2007-11-30,1.7753689413394804
2007-12-03,1.7760074770636687
2007-12-04,1.751453737578931
2007-12-05,1.7985904111735247
2007-12-06,1.793948250917796
2007-12-07,1.8103752121773622
2007-12-10,1.7733531127878233
2007-12-11,1.753307739287099
2007-12-12,1.8155191258797172
2007-12-13,1.83176393750514
2007-12-14,1.7941765459525865
2007-12-17,1.8306103814440835
2007-12-18,1.8224709142674318
2007-12-19,1.7807173665571414
2007-12-20,1.7440048084200064
2007-12-21,1.784646153247967
2007-12-24,1.8253527500022335
2007-12-26,1.819126957204813
2007-12-27,1.8151245259093405
2007-12-28,1.8570127044149374
2007-12-31,1.8229326889479995
2008-01-02,1.8602537913175636
2008-01-03,1.8901119097298884
2008-01-04,1.9149097629703442
2008-01-07,1.910302446596827
2008-01-08,1.977560503039737
2008-01-09,1.9969151503481133
2008-01-10,2.0414495739558345
2008-01-11,2.037227105403993
2008-01-14,2.0251780213459356
2008-01-15,2.0788567619208305
2008-01-16,2.0835706403310397
2008-01-17,2.0647035452286095
2008-01-18,2.0823807177379683
2008-01-22,2.0963996791584196
2008-01-23,2.083139796374346
2008-01-24,2.0268453535050277
2008-01-25,2.0304061657318164
2008-01-28,2.0152530574126564
2008-01-29,2.01000003671713
2008-01-30,2.0529970604207874
2008-01-31,2.0378217785255472
2008-02-01,2.0345487057688
2008-02-04,2.1088733937758697
2008-02-05,2.049732368213859
2008-02-06,2.0078719210906772
2008-02-07,2.0236083134618696
2008-02-08,2.0132005479245634
2008-02-11,2.0154462813473346
2008-02-12,2.0145413948918174
2008-02-13,2.0163036964468786
2008-02-14,2.004315077810395
2008-02-15,2.0959022718519353
2008-02-19,2.090371591171958
2008-02-20,2.03864848943313
2008-02-21,2.1059064304378987
2008-02-22,2.12140700911037
2008-02-25,2.1531152691035387
2008-02-26,2.155027997547363
2008-02-27,2.2183148978749823
2008-02-28,2.2140109383073154
2008-02-29,2.1901355662958233
2008-03-03,2.165448475058987
2008-03-04,2.1871381828414997
2008-03-05,2.2590137966118804
2008-03-06,2.188121207500635
2008-03-07,2.182003329902045
2008-03-10,2.1623052716202276
2008-03-11,2.099081401720586
2008-03-12,2.1510044680285243
2008-03-13,2.188678483324654
2008-03-14,2.204197637577421
2008-03-17,2.21915590702577
2008-03-18,2.2804165270319103
2008-03-19,2.316279791206566
2008-03-20,2.350232210005664
2008-03-24,2.403108451763456
2008-03-25,2.4403085925066503
2008-03-26,2.4443355780015716
2008-03-27,2.4252026926087074
2008-03-28,2.3212090953886606
2008-03-31,2.3896052387134485
2008-04-01,2.4668359091852645
2008-04-02,2.549021538008011
2008-04-03,2.5107897736406883
2008-04-04,2.5073335738618763
2008-04-07,2.4485886549716964
2008-04-08,2.518674508262223
2008-04-09,2.4574302217476958
2008-04-10,2.45902484549599
2008-04-11,2.471265493221066
2008-04-14,2.465438737309244
2008-04-15,2.523713129555943
2008-04-16,2.5593705812869607
2008-04-17,2.49663635420272
2008-04-18,2.4575976064679077
2008-04-21,2.4583415598477987
2008-04-22,2.381484570342584
2008-04-23,2.4393569174317205
2008-04-24,2.370927299543288
2008-04-25,2.391284954192774
2008-04-28,2.4119710881853753
2008-04-29,2.477607235499638
2008-04-30,2.4412685585250107
2008-05-01,2.39146170397638
2008-05-02,2.383062947651218
2008-05-05,2.372964371705686
2008-05-06,2.3808651120648627
2008-05-07,2.3832013667626057
2008-05-08,2.3543852783156134
2008-05-09,2.3837681123199292
2008-05-12,2.3604074018694607
2008-05-13,2.374604890911663
2008-05-14,2.3952188574401845
2008-05-15,2.3118017794138543
2008-05-16,2.31501566549926
2008-05-19,2.263277501473313
2008-05-20,2.303927335883265
2008-05-21,2.383385444970035
2008-05-22,2.373003632036008
2008-05-23,2.2737896291934336
2008-05-27,2.1880465870578183
2008-05-28,2.2798570482348026
2008-05-29,2.333970916601989
2008-05-30,2.355916192431152
2008-06-02,2.3131551801444186
2008-06-03,2.306190484441873
2008-06-04,2.3671108015383697
2008-06-05,2.3718182142991275
2008-06-06,2.4153269109538895
2008-06-09,2.4110309771484015
2008-06-10,2.4883214950924755
2008-06-11,2.4750738453564765
2008-06-12,2.4540417670258288
2008-06-13,2.407157421775502
2008-06-16,2.3814774662161735
2008-06-17,2.382664662158298
2008-06-18,2.3838428976395605
2008-06-19,2.3315017482552887
2008-06-20,2.325473909368946
2008-06-23,2.333012051093546
2008-06-24,2.3714867900423
2008-06-25,2.3234630916339536
2008-06-26,2.3611206598044934
2008-06-27,2.3080694639480877
2008-06-30,2.2886778403832344
2008-07-01,2.3629518603769193
2008-07-02,2.3806456281289843
2008-07-03,2.335108418172587
2008-07-07,2.3597754916146148
2008-07-08,2.3525431312852754
2008-07-09,2.3465409806872746
2008-07-10,2.345199603043002
2008-07-11,2.3016904364855413
2008-07-14,2.3722247104309897
2008-07-15,2.4302894327469
2008-07-16,2.4773902678936897
2008-07-17,2.473545000878114
2008-07-18,2.465918037900273
2008-07-21,2.471782601999392
2008-07-22,2.3807819368204237
2008-07-23,2.3607591276416278
2008-07-24,2.287963387064157
2008-07-25,2.3880362446568424
2008-07-28,2.4177275949619617
2008-07-29,2.2981029706258855
2008-07-30,2.301013725438962
2008-07-31,2.317970925645469
2008-08-01,2.3794963158672653
2008-08-04,2.3927379803450606
2008-08-05,2.3872245053577252
2008-08-06,2.3546316518981665
2008-08-07,2.3033305912768163
2008-08-08,2.3276138488979905
2008-08-11,2.3365524370467523
2008-08-12,2.392479245112666
2008-08-13,2.3694652605043416
2008-08-14,2.389705967514759
2008-08-15,2.3619661953788578
2008-08-18,2.3617809494575086
2008-08-19,2.3671583351182277
2008-08-20,2.2927913634651644
2008-08-21,2.3205951953640716
2008-08-22,2.366528720935875
2008-08-25,2.3025738029989875
2008-08-26,2.2810285247042588
2008-08-27,2.315065619357863
2008-08-28,2.313045153292021
2008-08-29,2.3660824331418233
2008-09-02,2.3438235307758752
2008-09-03,2.3120809194944965
2008-09-04,2.31651217331637
2008-09-05,2.3156579099692833
2008-09-08,2.3438829915321846
2008-09-09,2.3932685570132204
2008-09-10,2.361943898567901
2008-09-11,2.2795071568451046
2008-09-12,2.2572273388113144
2008-09-15,2.3406463287654105
2008-09-16,2.3604024640638137
2008-09-17,2.399482813567863
2008-09-18,2.353402555332485
2008-09-19,2.301289831607921
2008-09-22,2.288166744707413
2008-09-23,2.2888710893351423
2008-09-24,2.285655368368553
2008-09-25,2.3080459823959627
2008-09-26,2.284449706784559
2008-09-29,2.2466126380601232
2008-09-30,2.235535652618693
2008-10-01,2.281397028776987
2008-10-02,2.360380826261573
2008-10-03,2.4110122232675733
2008-10-06,2.405188038070495
2008-10-07,2.397067868244596
2008-10-08,2.4451877218244493
2008-10-09,2.4485412672150373
2008-10-10,2.4573793661482295
2008-10-13,2.4865425435690507
2008-10-14,2.5372826648911926
2008-10-15,2.487467995706137
2008-10-16,2.550691629540084
2008-10-17,2.5678486721681217
2008-10-20,2.5686728563779946
2008-10-21,2.4484336967616027
2008-10-22,2.500614903584641
2008-10-23,2.530173971347087
2008-10-24,2.526945789130913
2008-10-27,2.5397681596137933
2008-10-28,2.57412550719793
2008-10-29,2.5206803118000867
2008-10-30,2.5972821461425255
2008-10-31,2.6021874941774854
2008-11-03,2.6908867842207735
2008-11-04,2.6178227611738087
2008-11-05,2.630547644773309
2008-11-06,2.626126225903116
2008-11-07,2.5403133459938703
2008-11-10,2.5064987860029793
2008-11-11,2.4727175889588113
2008-11-12,2.5887616156854496
2008-11-13,2.6238767671789422
2008-11-14,2.6232560723926546
2008-11-17,2.5607742318542766
2008-11-18,2.503690357741949
2008-11-19,2.463998970581375
2008-11-20,2.3796636922810794
2008-11-21,2.3788357548154857
2008-11-24,2.3738380457712283
2008-11-25,2.374025537958897
2008-11-26,2.3158475131708895
2008-11-28,2.3169483940954705
2008-12-01,2.3037158210967026
2008-12-02,2.3532385958368707
2008-12-03,2.379240656931208
2008-12-04,2.366167226063896
2008-12-05,2.363198566481764
2008-12-08,2.3808004394880617
2008-12-09,2.3720932016093546
2008-12-10,2.4127599095671703
2008-12-11,2.3792998093061937
2008-12-12,2.3651266672683606
2008-12-15,2.3763564197467413
2008-12-16,2.38042845603493
2008-12-17,2.3437879598498443
2008-12-18,2.3332155470592695
2008-12-19,2.3256328412945884
2008-12-22,2.386047397290203
2008-12-23,2.4200426749802295
2008-12-24,2.396076600024579
2008-12-26,2.4996884894823648
2008-12-29,2.444095175222343
2008-12-30,2.434763337757581
2008-12-31,2.4214769241496126
2009-01-02,2.4347356548793737
2009-01-05,2.4833935019414177
2009-01-06,2.5867791609599204
2009-01-07,2.6137673900928555
2009-01-08,2.656452557706238
2009-01-09,2.7169262845104662
2009-01-12,2.698094327337988
2009-01-13,2.7465171003431244
2009-01-14,2.6992098555534283
2009-01-15,2.6250804930935447
2009-01-16,2.6533286573108925
2009-01-20,2.6336812339121582
2009-01-21,2.6477040769037057
2009-01-22,2.6864992377022223
2009-01-23,2.6414196750595424
2009-01-26,2.6862310296379612
2009-01-27,2.6305952696230763
2009-01-28,2.6529003724103615
2009-01-29,2.698954828789407
2009-01-30,2.5570425630239706
2009-02-02,2.5619653617497584
2009-02-03,2.591281394757826
2009-02-04,2.535058761123689
2009-02-05,2.5815907412162744
2009-02-06,2.620225625580164
2009-02-09,2.700409879630901
2009-02-10,2.8005915813771822
2009-02-11,2.7267992940372907
2009-02-12,2.65680549003642
2009-02-13,2.6907461568962603
2009-02-17,2.638478421143611
2009-02-18,2.5959788186706394
2009-02-19,2.6762590906816497
2009-02-20,2.667151244989703
2009-02-23,2.588412893231935
2009-02-24,2.7054312896127524
2009-02-25,2.7590142934400457
2009-02-26,2.7993510267883166
2009-02-27,2.829716740814364
2009-03-02,2.757706642909527
2009-03-03,2.85772349977184
2009-03-04,2.838407702023997
2009-03-05,2.886699053184449
2009-03-06,2.9479683305884117
2009-03-09,2.920095900671823
2009-03-10,2.883273982050317
2009-03-11,2.816598629257201
2009-03-12,2.8270556825836324
2009-03-13,2.770397278431058
2009-03-16,2.7926230903547693
2009-03-17,2.8635631183945787
2009-03-18,2.8119379247634537
2009-03-19,2.8218580814318313
2009-03-20,2.920579861115313
2009-03-23,2.983534265274718
2009-03-24,3.0650731173330708
2009-03-25,2.987308339668223
2009-03-26,3.0054855328759915
2009-03-27,3.06684858326017
2009-03-30,3.0028625123019936
2009-03-31,2.974754246093887
2009-04-01,3.0494317541661475
2009-04-02,2.9790048767118478
2009-04-03,2.9699284316353802
2009-04-06,3.014715986205451
2009-04-07,2.991885926039497
2009-04-08,2.9646137091781166
2009-04-09,2.936403621812296
2009-04-13,2.9029395102257185
2009-04-14,2.902928128984501
2009-04-15,2.9822764266590878
2009-04-16,3.0152355422074413
2009-04-17,3.0260602607979523
2009-04-20,2.9213789313979968
2009-04-21,2.887507749767172
2009-04-22,2.858247391288512
2009-04-23,2.8235855928127362
2009-04-24,2.772899709115906
2009-04-27,2.7795699544324686
2009-04-28,2.6968582816407927
2009-04-29,2.735247853493326
2009-04-30,2.706354927704462
2009-05-01,2.778925005294983
2009-05-04,2.8165261348243065
2009-05-05,2.779051769984612
2009-05-06,2.826310331361115
2009-05-07,2.8818496827011604
2009-05-08,2.949316562798578
2009-05-11,3.0580287632816447
2009-05-12,3.0220210458938235
2009-05-13,3.016364288579121
2009-05-14,2.9175671637021723
2009-05-15,2.932173655507627
2009-05-18,2.8937534381341465
2009-05-19,2.899491927763787
2009-05-20,2.8869472839569434
2009-05-21,2.792648505595884
2009-05-22,2.828419947211181
2009-05-26,2.952171429759221
2009-05-27,3.059181314543332
2009-05-28,3.024404037590486
2009-05-29,2.961384260965251
2009-06-01,3.0214436450966957
2009-06-02,2.956593406804494
2009-06-03,2.9690268592591926
2009-06-04,2.9067645410263276
2009-06-05,2.9645484580303667
2009-06-08,3.0373712993544504
2009-06-09,3.110690865639194
2009-06-10,3.023116597520059
2009-06-11,3.061600920772169
2009-06-12,3.1951057226260895
2009-06-15,3.201933212693236
2009-06-16,3.30591178735419
2009-06-17,3.3465678519498443
2009-06-18,3.367019923617576
2009-06-19,3.432258895600237
2009-06-22,3.4476621650233836
2009-06-23,3.4199912183871164
2009-06-24,3.2859221910618324
2009-06-25,3.1642928186274184
2009-06-26,3.109631788412894
2009-06-29,3.0922247691721823
2009-06-30,2.9160634895122324
2009-07-01,2.8523568822618333
2009-07-02,2.8042075665883766
2009-07-06,2.796061206605606
2009-07-07,2.7572223827061055
2009-07-08,2.766814781307073
2009-07-09,2.743619805701571
2009-07-10,2.720360457022891
2009-07-13,2.6654557513753403
2009-07-14,2.60270385796284
2009-07-15,2.645508355934968
2009-07-16,2.6595363541574155
2009-07-17,2.5738783782787986
2009-07-20,2.610977356002853
2009-07-21,2.578121893175443
2009-07-22,2.59260869259444
2009-07-23,2.544313008577707
2009-07-24,2.551349635952777
2009-07-27,2.6117320589107966
2009-07-28,2.698030543760564
2009-07-29,2.7045100083681852
2009-07-30,2.682913505557957
2009-07-31,2.599922233778042
2009-08-03,2.5731112287133584
2009-08-04,2.5221994140700867
2009-08-05,2.5974479110522957
2009-08-06,2.5797750926577447
2009-08-07,2.5761146045593755
2009-08-10,2.5802343558626943
2009-08-11,2.574596927756617
2009-08-12,2.6229768420451385
2009-08-13,2.5531171810368893
2009-08-14,2.5189271795798596
2009-08-17,2.5195918128041175
2009-08-18,2.515590500483282
2009-08-19,2.4735027785986876
2009-08-20,2.4621452465748908
2009-08-21,2.34857617109571
2009-08-24,2.447935756959871
2009-08-25,2.4006738246099424
2009-08-26,2.5004903768795415
2009-08-27,2.526690394184604
2009-08-28,2.5698378219150406
2009-08-31,2.5997956826929802
2009-09-01,2.6456293093040544
2009-09-02,2.675371646183026
2009-09-03,2.7434253014230663
2009-09-04,2.7156717720950625
2009-09-08,2.7260507841420654
2009-09-09,2.7472157810637885
2009-09-10,2.7045090157986307
2009-09-11,2.7791374639831896
2009-09-14,2.7341344755033345
2009-09-15,2.6504894517083146
2009-09-16,2.7152792882091012
2009-09-17,2.6328902208202773
2009-09-18,2.7086084884600816
2009-09-21,2.767437646563235
2009-09-22,2.7442608768830583
2009-09-23,2.7561357509927253
2009-09-24,2.774846337735615
2009-09-25,2.6903967131838447
2009-09-28,2.7323837285503405
2009-09-29,2.779318494715299
2009-09-30,2.7774800198589853
2009-10-01,2.7880117694441315
2009-10-02,2.7610211573819146
2009-10-05,2.7864082118277667
2009-10-06,2.8045905742838895
2009-10-07,2.8249427166038306
2009-10-08,2.770629978820356
2009-10-09,2.8828637692931656
2009-10-12,2.972340677018504
2009-10-13,3.020005611162865
2009-10-14,3.0501045813771293
2009-10-15,3.010961801982261
2009-10-16,2.890435999493272
2009-10-19,2.85260597914364
2009-10-20,2.740535083957629
2009-10-21,2.7805712273643315
2009-10-22,2.8056747030643283
2009-10-23,2.857216735923849
2009-10-26,2.9708271958786567
2009-10-27,2.909791405973795
2009-10-28,2.9428297318919237
2009-10-29,2.9623121742573013
2009-10-30,2.889035430165868
2009-11-02,2.7302617997122827
2009-11-03,2.663475234704383
2009-11-04,2.669064956071057
2009-11-05,2.6418539655381506
2009-11-06,2.622358427985556
2009-11-09,2.7317565750716812
2009-11-10,2.6463256993062236
2009-11-11,2.6112660309381517
2009-11-12,2.569999022200753
2009-11-13,2.6052545832766505
2009-11-16,2.58702545028193
2009-11-17,2.608712974885344
2009-11-18,2.6664015490263036
2009-11-19,2.7217347871864925
2009-11-20,2.683791767805362
2009-11-23,2.6894761904642204
2009-11-24,2.6676553738170954
2009-11-25,2.758239568734559
2009-11-27,2.6725987109744156
2009-11-30,2.638198129508107
2009-12-01,2.619377838612512
2009-12-02,2.535842095315088
2009-12-03,2.5353321268974636
2009-12-04,2.467338279649069
2009-12-07,2.4766190550942317
2009-12-08,2.513787826249419
2009-12-09,2.5999130477625694
2009-12-10,2.5919780124734833
2009-12-11,2.5842293786363113
2009-12-14,2.63852135068416
2009-12-15,2.56701641869229
2009-12-16,2.6289919360987923
2009-12-17,2.6806386218354037
2009-12-18,2.6962617857915863
2009-12-21,2.628328107887248
2009-12-22,2.5556366370741834
2009-12-23,2.5288903770316145
2009-12-24,2.5749578183550095
2009-12-28,2.458431261976522
2009-12-29,2.4675706046970634
2009-12-30,2.4838785325398365
2009-12-31,2.402250356215194
2010-01-04,2.3961212523302553
2010-01-05,2.422317089367072
2010-01-06,2.4220254636674263
2010-01-07,2.424578851942977
2010-01-08,2.4509505826094933
2010-01-11,2.4817947329096386
2010-01-12,2.4081545550319094
2010-01-13,2.3708686066703946
2010-01-14,2.398500145666813
2010-01-15,2.3666896951580956
2010-01-19,2.3381974376653023
2010-01-20,2.319143630568745
2010-01-21,2.3344839645114326
2010-01-22,2.323264363707019
2010-01-25,2.2646776861448603
2010-01-26,2.3089084994474343
2010-01-27,2.2893186437773854
2010-01-28,2.217409031290214
2010-01-29,2.210993364619854
2010-02-01,2.258475001552181
2010-02-02,2.266265962655125
2010-02-03,2.2536020156297463
2010-02-04,2.2084570300684874
2010-02-05,2.25001399386148
2010-02-08,2.279299387558282
2010-02-09,2.3028272897074844
2010-02-10,2.2999840712018336
2010-02-11,2.269548300187593
2010-02-12,2.337029740985531
2010-02-16,2.3192681480436597
2010-02-17,2.3088102242407444
2010-02-18,2.287601053127463
2010-02-19,2.2780349929706523
2010-02-22,2.272347879335966
2010-02-23,2.2076494706376866
2010-02-24,2.225543780269755
2010-02-25,2.1836029724259234
2010-02-26,2.184494685616605
2010-03-01,2.1074992473859617
2010-03-02,2.107672650353571
2010-03-03,2.1069222996882218
2010-03-04,2.042402911161887
2010-03-05,2.056556813166119
2010-03-08,2.108269518050046
2010-03-09,2.051841370509155
2010-03-10,2.0219134349150263
2010-03-11,2.0552264086064476
2010-03-12,2.035281800259101
2010-03-15,2.047120519916233
2010-03-16,2.0697890780248125
2010-03-17,2.1444831583751176
2010-03-18,2.1212209639329838
2010-03-19,2.0871678730896073
2010-03-22,2.1077575584123225
2010-03-23,2.1146329426008896
2010-03-24,2.145158120716972
2010-03-25,2.1673131621815296
2010-03-26,2.132706519675451
2010-03-29,2.15462826145068
2010-03-30,2.193673660061117
2010-03-31,2.219585016865123
2010-04-01,2.286530009066511
2010-04-05,2.184783889590381
2010-04-06,2.2484263284830233
2010-04-07,2.2296439130426657
2010-04-08,2.2303096211244786
2010-04-09,2.269035599929492
2010-04-12,2.252432272983098
2010-04-13,2.239832872469508
2010-04-14,2.222157854882198
2010-04-15,2.247114752576188
2010-04-16,2.2158867811872582
2010-04-19,2.2113241786954627
2010-04-20,2.28468875127888
2010-04-21,2.2986788246015464
2010-04-22,2.322615700632057
2010-04-23,2.3413635142982314
2010-04-26,2.425491968689733
2010-04-27,2.4404598623848144
2010-04-28,2.508123963624428
2010-04-29,2.5363553489157735
2010-04-30,2.5112868123719942
2010-05-03,2.4154526549003523
2010-05-04,2.395600908757778
2010-05-05,2.425486554264575
2010-05-06,2.4403614327428516
2010-05-07,2.448966822288276
2010-05-10,2.3552776769118564
2010-05-11,2.3543151566610967
2010-05-12,2.2644004851223145
2010-05-13,2.252019487417109
2010-05-14,2.233352257208363
2010-05-17,2.2761689733445385
2010-05-18,2.2939228940722547
2010-05-19,2.361835595895112
2010-05-20,2.3799586177372354
2010-05-21,2.375760484218338
2010-05-24,2.380059915619656
2010-05-25,2.4159657290256846
2010-05-26,2.4394651888056464
2010-05-27,2.457122056165665
2010-05-28,2.45527281090934
2010-06-01,2.5499021332830543
2010-06-02,2.511014357554701
2010-06-03,2.5184291066200912
2010-06-04,2.4877178817818884
2010-06-07,2.436710487928157
2010-06-08,2.5143787005694325
2010-06-09,2.473081193728593
2010-06-10,2.494854280469203
2010-06-11,2.540574159534949
2010-06-14,2.590278307356228
2010-06-15,2.677735197080241
2010-06-16,2.6690261887271056
2010-06-17,2.699044897855456
2010-06-18,2.7288594324927327
2010-06-21,2.7228864049694765
2010-06-22,2.8006349565460744
2010-06-23,2.861589809414853
2010-06-24,2.910536253719401
2010-06-25,3.0169916392425686
2010-06-28,2.9546184815805048
2010-06-29,2.9919827726020993
2010-06-30,3.1195020100693522
2010-07-01,3.072102158962736
2010-07-02,3.098648662140737
2010-07-06,3.0608669087031894
2010-07-07,3.082504362286274
2010-07-08,3.031325574906625
2010-07-09,3.0579661405603336
2010-07-12,3.0232463319571403
2010-07-13,2.9761312831625153
2010-07-14,3.063422708635471
2010-07-15,3.1135514431837596
2010-07-16,3.238274149205125
2010-07-19,3.157301628074534
2010-07-20,3.054418234606367
2010-07-21,2.961786429112571
2010-07-22,2.889202717195947
2010-07-23,2.820953438881664
2010-07-26,2.906141164245086
2010-07-27,2.9281640981852317
2010-07-28,2.9322864887625877
2010-07-29,3.0277119816577223
2010-07-30,2.9539720370304763
2010-08-02,2.926428580135281
2010-08-03,2.9098530671978415
2010-08-04,2.9127773606616354
2010-08-05,2.8068380110940474
2010-08-06,2.7394131846712044
2010-08-09,2.770665864720797
2010-08-10,2.7613110627465343
2010-08-11,2.73198496669959
2010-08-12,2.7031906201798988
2010-08-13,2.7220965873369907
2010-08-16,2.7049847595982075
2010-08-17,2.7141353048294996
2010-08-18,2.687270748615807
2010-08-19,2.6825139011628685
2010-08-20,2.6694553392789437
2010-08-23,2.669490684963872
2010-08-24,2.604203116278215
2010-08-25,2.6694753637702235
2010-08-26,2.670651418264469
2010-08-27,2.696567189520381
2010-08-30,2.7040101594209562
2010-08-31,2.5820885430875546
2010-09-01,2.5624089738863387
2010-09-02,2.5674852184782884
2010-09-03,2.5989000464838483
2010-09-07,2.5711277919536677
2010-09-08,2.539958939329215
2010-09-09,2.5159090944322413
2010-09-10,2.5054980950272756
2010-09-13,2.472439291078699
2010-09-14,2.406102734837032
2010-09-15,2.402173630892954
2010-09-16,2.4504306946031282
2010-09-17,2.425679310260681
2010-09-20,2.463258329899899
2010-09-21,2.4776982151015625
2010-09-22,2.407535135235973
2010-09-23,2.40727567049298
2010-09-24,2.5112703491913195
2010-09-27,2.4770749419474978
2010-09-28,2.4195479354415492
2010-09-29,2.4521441708468332
2010-09-30,2.4757169993062753
2010-10-01,2.4668641267481513
2010-10-04,2.530278567726403
2010-10-05,2.585500994639886
2010-10-06,2.5855583758354515
2010-10-07,2.560548711324947
2010-10-08,2.5331523733924897
2010-10-11,2.508240457720093
2010-10-12,2.556450072036231
2010-10-13,2.547631158926117
2010-10-14,2.5224999679388915
2010-10-15,2.5660234608067722
2010-10-18,2.6304594222864326
2010-10-19,2.646008044486549
2010-10-20,2.5759213045239617
2010-10-21,2.5795678572021257
2010-10-22,2.5167451563063596
2010-10-25,2.515730371460404
2010-10-26,2.486288208985481
2010-10-27,2.5298823174868184
2010-10-28,2.4923808388502313
2010-10-29,2.4727811055413005
2010-11-01,2.48771446596128
2010-11-02,2.458732730770021
2010-11-03,2.492440056997614
2010-11-04,2.4781483192522775
2010-11-05,2.443894239603364
2010-11-08,2.4657031521173214
2010-11-09,2.5706848550387984
2010-11-10,2.4784395344709003
2010-11-11,2.4675480338082525
2010-11-12,2.422221243014594
2010-11-15,2.4396812595963793
2010-11-16,2.414359680356042
2010-11-17,2.4053949488626643
2010-11-18,2.3920708301385365
2010-11-19,2.3657194258052368
2010-11-22,2.3730608536592386
2010-11-23,2.34388977456879
2010-11-24,2.4133573693087667
2010-11-26,2.4551842970835716
2010-11-29,2.410789111307566
2010-11-30,2.368466522403716
2010-12-01,2.3728419006234764
2010-12-02,2.3775177647478105
2010-12-03,2.382945902909069
2010-12-06,2.308144926201897
2010-12-07,2.305728826223631
2010-12-08,2.271068929709858
2010-12-09,2.2729294530073707
2010-12-10,2.2383724190657897
2010-12-13,2.267040602196888
2010-12-14,2.286469177704481
2010-12-15,2.1947877744260795
2010-12-16,2.2908135181224734
2010-12-17,2.280664717819322
2010-12-20,2.3373352098027818
2010-12-21,2.3356855069951274
2010-12-22,2.355374595228758
2010-12-23,2.380457569090076
2010-12-27,2.4214959236904354
2010-12-28,2.478591993527618
2010-12-29,2.4003912396339304
2010-12-30,2.3278601792393627
2010-12-31,2.3689743744942784
2011-01-03,2.3375375424287728
2011-01-04,2.2915311457538365
2011-01-05,2.4331491998468553
2011-01-06,2.373595948882539
2011-01-07,2.386971551152544
2011-01-10,2.3853519387875246
2011-01-11,2.4430912820719537
2011-01-12,2.4733197035209664
2011-01-13,2.4362192115398735
2011-01-14,2.3619537010730727
2011-01-18,2.3846100615651085
2011-01-19,2.414448956937582
2011-01-20,2.344970243117262
2011-01-21,2.4253642087601683
2011-01-24,2.4229848421167253
2011-01-25,2.417306160580287
2011-01-26,2.4158109136262276
2011-01-27,2.4317770395607416
2011-01-28,2.4696171620958838
2011-01-31,2.4748584935795894
2011-02-01,2.5177772933352305
2011-02-02,2.5083591766764695
2011-02-03,2.528449968447717
2011-02-04,2.543834078696767
2011-02-07,2.514813700952471
2011-02-08,2.538019413621637
2011-02-09,2.5610717195543033
2011-02-10,2.5707868562716
2011-02-11,2.532185826431331
2011-02-14,2.554582739318819
2011-02-15,2.5144488881851053
2011-02-16,2.4735544889979098
2011-02-17,2.501776417338066
2011-02-18,2.511173971828661
2011-02-22,2.5469868205556994
2011-02-23,2.5016679092465224
2011-02-24,2.463043101481255
2011-02-25,2.4870852727511172
2011-02-28,2.503085959913536
2011-03-01,2.5223640238558276
2011-03-02,2.4814727200857885
2011-03-03,2.4970347533650927
2011-03-04,2.4800373909259035
2011-03-07,2.471080454588908
2011-03-08,2.498252533511368
2011-03-09,2.5240237294089236
2011-03-10,2.5946398735101073
2011-03-11,2.6952186667337923
2011-03-14,2.7460711882032682
2011-03-15,2.8534159593771267
2011-03-16,2.8311508790999755
2011-03-17,2.8688594101978686
2011-03-18,2.843259759786001
2011-03-21,2.7768952955810677
2011-03-22,2.733963079970747
2011-03-23,2.704820052934216
2011-03-24,2.786294939501949
2011-03-25,2.7993254866087742
2011-03-28,2.7774288597772765
2011-03-29,2.918714257671605
2011-03-30,3.041745176491335
2011-03-31,3.045376179564794
2011-04-01,3.081534325372901
2011-04-04,3.0466627169592573
2011-04-05,3.0831123672868044
2011-04-06,3.0241696001986504
2011-04-07,3.082085975190716
2011-04-08,3.130941670848695
2011-04-11,3.0991504361433724
2011-04-12,3.0515135846697743
2011-04-13,3.0848192423751
2011-04-14,3.1361077313025194
2011-04-15,3.11531887270621
2011-04-18,3.0631951348840505
2011-04-19,3.091820945440922
2011-04-20,3.0842540209306177
2011-04-21,3.0983792461914725
2011-04-25,3.14516337981446
2011-04-26,3.2067409547232484
2011-04-27,3.145657752015834
2011-04-28,3.1242121687937656
2011-04-29,3.1998832871495826
2011-05-02,3.188507471726428
2011-05-03,3.222903544324335
2011-05-04,3.1278553624710885
2011-05-05,3.1166781713640828
2011-05-06,3.051425242648608
2011-05-09,3.0642493924872305
2011-05-10,3.0017905482061145
2011-05-11,3.0918120876998834
2011-05-12,3.0902831679203433
2011-05-13,2.9945561990748835
2011-05-16,2.9423162095449835
2011-05-17,2.8951749239123923
2011-05-18,2.8639712361172744
2011-05-19,2.808087839043995
2011-05-20,2.712097467067139
2011-05-23,2.6728306573561635
2011-05-24,2.702280908739992
2011-05-25,2.66859432074247
2011-05-26,2.7578405973376383
2011-05-27,2.7918698298227445
2011-05-31,2.7707220628283897
2011-06-01,2.779421244835059
2011-06-02,2.8029343722817592
2011-06-03,2.8325653550732657
2011-06-06,2.8179562203981248
2011-06-07,2.8049936699803015
2011-06-08,2.8211888542118952
2011-06-09,2.7705067213690544
2011-06-10,2.8721850728048612
2011-06-13,2.8174400866164766
2011-06-14,2.742613400906578
2011-06-15,2.6379049992112127
2011-06-16,2.675132675398661
2011-06-17,2.7185900609032227
2011-06-20,2.8223559133257017
2011-06-21,2.7853149478904817
2011-06-22,2.7906857024835054
2011-06-23,2.8107073147968644
2011-06-24,2.8824971283930556
2011-06-27,2.91294887752673
2011-06-28,2.922912758605869
2011-06-29,3.059027746049591
2011-06-30,3.0615512407334036
2011-07-01,3.014552433608751
2011-07-05,2.99152680394157
2011-07-06,2.8145268583887675
2011-07-07,2.748119027162711
2011-07-08,2.706685378017261
2011-07-11,2.68456845238315
2011-07-12,2.6473759833088186
2011-07-13,2.721650896760151
2011-07-14,2.784248194865834
2011-07-15,2.7440822479509586
2011-07-18,2.7705547001039146
2011-07-19,2.7802119493900905
2011-07-20,2.8790340536434456
2011-07-21,2.862321100363488
2011-07-22,2.9004371291579356
2011-07-25,2.8828936457211913
2011-07-26,2.8507273242109132
2011-07-27,2.8569523074716905
2011-07-28,2.890825584488332
2011-07-29,2.900323161643042
2011-08-01,2.943228340056234
2011-08-02,3.001091500334532
2011-08-03,3.030663037040747
2011-08-04,3.030252530918863
2011-08-05,3.0588142173006982
2011-08-08,2.977231357582565
2011-08-09,2.96928103938393
2011-08-10,2.9610831106305437
2011-08-11,2.8747071146850254
2011-08-12,2.8565332833901143
2011-08-15,2.81275388722676
2011-08-16,2.8375369163297584
2011-08-17,2.879792721400561
2011-08-18,2.9034280628220372
2011-08-19,3.057785509898165
2011-08-22,3.1610195710459084
2011-08-23,3.239324034809948
2011-08-24,3.1952099631267066
2011-08-25,3.227643055034868
2011-08-26,3.1834397002527655
2011-08-29,3.080444321759858
2011-08-30,3.035759707461011
2011-08-31,3.117569718738625
2011-09-01,3.1373372917602453
2011-09-02,3.161868975989108
2011-09-06,3.1623291743540767
2011-09-07,3.109565038988179
2011-09-08,3.106367610556563
2011-09-09,3.1882987805559924
2011-09-12,3.2599167236927444
2011-09-13,3.2799396729852934
2011-09-14,3.3102829861277305
2011-09-15,3.2825349389525686
2011-09-16,3.328496333254224
2011-09-19,3.3337480985138086
2011-09-20,3.297934730309777
2011-09-21,3.2874144486901953
2011-09-22,3.22490465252019
2011-09-23,3.0894505619287624
2011-09-26,3.006173372923437
2011-09-27,3.08051903194694
2011-09-28,3.128138342820192
2011-09-29,3.3217027461945894
2011-09-30,3.32021008001492
2011-10-03,3.3550845353445835
2011-10-04,3.3509817366232912
2011-10-05,3.376691779366457
2011-10-06,3.4248892978727006
2011-10-07,3.5447360206986414
2011-10-10,3.5245999277736275
2011-10-11,3.629337121757655
2011-10-12,3.61504262176044
2011-10-13,3.5507437694470667
2011-10-14,3.6922546538189893
2011-10-17,3.76976405021106
2011-10-18,3.8368356725132307
2011-10-19,3.707162224466255
2011-10-20,3.6807691946528855
2011-10-21,3.6487839248808593
2011-10-24,3.5729565522688866
2011-10-25,3.5911764324568147
2011-10-26,3.61906574070508
2011-10-27,3.509241779240573
2011-10-28,3.530404490915424
2011-10-31,3.534428980342256
2011-11-01,3.4804048272482278
2011-11-02,3.4894522438540174
2011-11-03,3.32995226700343
2011-11-04,3.282851743513447
2011-11-07,3.169891247080521
2011-11-08,3.213032231903413
2011-11-09,3.2191845499529754
2011-11-10,3.2345579226652053
2011-11-11,3.0539006995808546
2011-11-14,3.0827109366069285
2011-11-15,3.1595029959132592
2011-11-16,3.208864040675511
2011-11-17,3.2332555614756133
2011-11-18,3.2288101245724015
2011-11-21,3.214376928040903
2011-11-22,3.3767719360755555
2011-11-23,3.450337042928475
2011-11-25,3.42962404786811
2011-11-28,3.464310415386201
2011-11-29,3.430651151923156
2011-11-30,3.403342417610838
2011-12-01,3.3279744755438316
2011-12-02,3.4610205853231157
2011-12-05,3.516344592980103
2011-12-06,3.445390760217949
2011-12-07,3.4545608094153435
2011-12-08,3.376675999994074
2011-12-09,3.330983439191212
2011-12-12,3.356491642077976
2011-12-13,3.3912266631524
2011-12-14,3.493879095078702
2011-12-15,3.440085626569142
2011-12-16,3.4133476111503676
2011-12-19,3.421515248871703
2011-12-20,3.4385177764594936
2011-12-21,3.453437170437392
2011-12-22,3.383968072284466
2011-12-23,3.521250018522057
2011-12-27,3.5245683910708294
2011-12-28,3.697560239686519
2011-12-29,3.788059493421622
2011-12-30,3.8988297121081086
2012-01-03,4.0324671343245315
2012-01-04,4.035025328022025
2012-01-05,4.1272492154989555
2012-01-06,4.206357556725087
2012-01-09,4.130933507270454
2012-01-10,4.3035184674176445
2012-01-11,4.184014985786974
2012-01-12,4.378495389874228
2012-01-13,4.262014131018355
2012-01-17,4.19821212014886
2012-01-18,4.1658553138110594
2012-01-19,4.0703881425019075
2012-01-20,4.022073962814671
2012-01-23,3.922133328759892
2012-01-24,3.9212218355059814
2012-01-25,4.075555322204995
2012-01-26,4.082995212510573
2012-01-27,3.8976508118537283
2012-01-30,3.9007669084530296
2012-01-31,3.925244928544723
2012-02-01,3.8610998215584402
2012-02-02,3.864156706883841
2012-02-03,3.9540503312030895
2012-02-06,3.95087326984403
2012-02-07,3.9130989650408066
2012-02-08,3.8284485560450374
2012-02-09,3.8297830538183963
2012-02-10,3.8022341988521453
2012-02-13,3.798685512074937
2012-02-14,3.7716634149797956
2012-02-15,3.767349051260132
2012-02-16,3.6639924073482724
2012-02-17,3.574705567996533
2012-02-21,3.4815351427621417
2012-02-22,3.5636698994019063
2012-02-23,3.5646265891901545
2012-02-24,3.6564004712295004
2012-02-27,3.704642439153772
2012-02-28,3.7319146735237894
2012-02-29,3.7391790109973493
2012-03-01,3.764301283362434
2012-03-02,3.8274748725562486
2012-03-05,3.904827099174035
2012-03-06,3.907105524123052
2012-03-07,3.995741247622785
2012-03-08,4.004383197747099
2012-03-09,4.123448862064871
2012-03-12,4.055502933074137
2012-03-13,4.025514922795207
2012-03-14,4.188132814261195
2012-03-15,4.180798538316043
2012-03-16,4.3582911203057755
2012-03-19,4.357615066103362
2012-03-20,4.451621656748099
2012-03-21,4.464110400518762
2012-03-22,4.447336458207227
2012-03-23,4.432012537014938
2012-03-26,4.607791770122402
2012-03-27,4.568526572759628
2012-03-28,4.418645441222482
2012-03-29,4.387715179521637
2012-03-30,4.433328592687587
2012-04-02,4.354898999966626
2012-04-03,4.288631648489855
2012-04-04,4.211058030673584
2012-04-05,4.026613824899613
2012-04-09,4.032172757806038
2012-04-10,4.123567636340473
2012-04-11,4.125842625814036
2012-04-12,4.209042260799026
2012-04-13,4.329575589860822
2012-04-16,4.4469553069555845
2012-04-17,4.482334246135128
2012-04-18,4.668673831969
2012-04-19,4.803193094868456
2012-04-20,4.749549952657245
2012-04-23,4.739679862676631
2012-04-24,4.754106047059678
2012-04-25,4.8902802595209565
2012-04-26,5.100009250665493
2012-04-27,5.061321402683419
2012-04-30,5.041364421470832
2012-05-01,5.100173576107031
2012-05-02,5.232888064275376
2012-05-03,5.09414434959515
2012-05-04,5.066486787610723
2012-05-07,4.905644566676211
2012-05-08,4.778941002943674
2012-05-09,4.749071211732302
2012-05-10,4.819644515910541
2012-05-11,4.85972171786427
2012-05-14,4.922282045634983
2012-05-15,5.06758714626459
2012-05-16,5.1318685266993125
2012-05-17,5.148089853795172
2012-05-18,5.115082007787305
2012-05-21,5.1857209879814565
2012-05-22,5.196198000811969
2012-05-23,5.130761789771993
2012-05-24,5.1508971345050245
2012-05-25,5.116969299683517
2012-05-29,5.139717506925533
2012-05-30,5.148019966660429
2012-05-31,5.107092217458522
2012-06-01,5.205748423071352
2012-06-04,5.364862890578347
2012-06-05,5.377413037713966
2012-06-06,5.298646017624763
2012-06-07,5.488411767272428
2012-06-08,5.534566846215928
2012-06-11,5.684703961490201
2012-06-12,5.605938890289015
2012-06-13,5.5721067054725735
2012-06-14,5.589250032109042
2012-06-15,5.500462472518189
2012-06-18,5.446411020218993
2012-06-19,5.537685730291303
2012-06-20,5.568791434249212
2012-06-21,5.672002665096125
2012-06-22,5.777576418242018
2012-06-25,5.656502554842864
2012-06-26,5.684654710015261
2012-06-27,5.769188200417316
2012-06-28,5.812682643211364
2012-06-29,5.83812082546168
2012-07-02,5.709230938687012
2012-07-03,5.793804172650877
2012-07-05,5.95557120894591
2012-07-06,5.854775411920083
2012-07-09,5.752185072123753
2012-07-10,5.905480586881268
2012-07-11,5.891219948247643
2012-07-12,6.006817744945572
2012-07-13,6.149050171941519
2012-07-16,6.076422704605197
2012-07-17,6.141879004182605
2012-07-18,6.1407391169367225
2012-07-19,6.1308286543389015
2012-07-20,6.2239338015474255
2012-07-23,6.207037383275217
2012-07-24,6.089358600293697
2012-07-25,6.094200373616687
2012-07-26,6.163007506001486
2012-07-27,5.996333738890034
2012-07-30,6.087138531976721
2012-07-31,6.07628188318303
2012-08-01,5.963788430751667
2012-08-02,5.974033393696176
2012-08-03,6.026431184415371
2012-08-06,6.097838455488688
2012-08-07,6.252827183383653
2012-08-08,6.07335898273457
2012-08-09,6.022184401554792
2012-08-10,6.078149271791041
2012-08-13,6.0497478602770505
2012-08-14,6.017333966307435
2012-08-15,6.148883177124473
2012-08-16,6.021378321868183
2012-08-17,6.082749831430263
2012-08-20,6.2688061861790185
2012-08-21,6.385019009531901
2012-08-22,6.426962675952007
2012-08-23,6.44259966309892
2012-08-24,6.503045810097929
2012-08-27,6.531943741833645
2012-08-28,6.4811819161521225
2012-08-29,6.451574337218081
2012-08-30,6.4866106468639995
2012-08-31,6.786698762479249
2012-09-04,6.67355831421707
2012-09-05,6.509059087616079
2012-09-06,6.385919840872468
2012-09-07,6.265469671062255
2012-09-10,6.315447968058465
2012-09-11,6.235861081952516
2012-09-12,6.110948382634705
2012-09-13,6.169877468503541
2012-09-14,6.368999490580635
2012-09-17,6.416680934875035
2012-09-18,6.3695041414440245
2012-09-19,6.394128809588699
2012-09-20,6.273495248574977
2012-09-21,6.153749110312114
2012-09-24,6.075591228726077
2012-09-25,6.201690232239748
2012-09-26,6.18973589625468
2012-09-27,6.147799665658744
2012-09-28,6.11991439028167
2012-10-01,6.241277110776909
2012-10-02,6.265911118582535
2012-10-03,6.201319488810425
2012-10-04,6.04526127091946
2012-10-05,6.0133178400937135
2012-10-08,6.176189531576658
2012-10-09,5.989318210596838
2012-10-10,5.88504785770098
2012-10-11,5.945544019721797
2012-10-12,5.878913025406602
2012-10-15,6.036376617893232
2012-10-16,6.061977048047348
2012-10-17,6.112521592132495
2012-10-18,6.224095329697634
2012-10-19,6.246533708590998
2012-10-22,6.346372767809603
2012-10-23,6.394994635802442
2012-10-24,6.577660295943624
2012-10-25,6.554566314760348
2012-10-26,6.771849371637691
2012-10-31,6.671844025090337
2012-11-01,6.797415264686734
2012-11-02,6.824651764776704
2012-11-05,6.95019271930086
2012-11-06,6.9963323337644825
2012-11-07,7.200367626084529
2012-11-08,7.172156150782847
2012-11-09,7.126591460297664
2012-11-12,7.159108757337712
2012-11-13,7.110747422024197
2012-11-14,7.240479466842664
2012-11-15,7.271622231269403
2012-11-16,7.327116373906203
2012-11-19,7.066849810609962
2012-11-20,7.0071157598295395
2012-11-21,7.132237974215513
2012-11-23,6.905019518352081
2012-11-26,6.839737386650292
2012-11-27,6.682303007296045
2012-11-28,6.7270171633124125
2012-11-29,6.695149400148911
2012-11-30,6.872115033053799
2012-12-03,6.99177740534014
2012-12-04,7.108531151358164
2012-12-05,6.958509871249597
2012-12-06,6.800358750345691
2012-12-07,6.69375116853648
2012-12-10,6.656077552189312
2012-12-11,6.818103315448326
2012-12-12,6.778509148680639
2012-12-13,6.938580644303048
2012-12-14,7.103293558515455
2012-12-17,7.087776880116834
2012-12-18,7.169398266295187
2012-12-19,7.155390797127152
2012-12-20,7.130890706248998
2012-12-21,6.97793214089683
2012-12-24,6.961401149165248
2012-12-26,6.9211691577394
2012-12-27,6.834964197873798
2012-12-28,6.593065377007601
2012-12-31,6.552477340890429
2013-01-02,6.6611757186804095
2013-01-03,6.576164509449739
2013-01-04,6.431445870273091
2013-01-07,6.3656870328859645
2013-01-08,6.366165686845547
2013-01-09,6.2693138019855885
2013-01-10,6.216175235123993
2013-01-11,6.182655151876745
2013-01-14,6.258201531950583
2013-01-15,6.227352664900829
2013-01-16,6.155983782247001
2013-01-17,6.242301044386416
2013-01-18,6.279947520876034
2013-01-22,6.099845294376899
2013-01-23,6.141285868438296
2013-01-24,6.010034335134035
2013-01-25,6.024502080973209
2013-01-28,6.039647485975065
2013-01-29,6.0045107040742005
2013-01-30,6.042923787368035
2013-01-31,6.103033937587384
2013-02-01,6.092779594100981
2013-02-04,6.097500594406356
2013-02-05,6.078053940209426
2013-02-06,5.679541333882488
2013-02-07,5.743670541210037
2013-02-08,5.845032061683807
2013-02-11,5.6817453975359795
2013-02-12,5.870585567172425
2013-02-13,5.807800782204596
2013-02-14,5.925644898369977
2013-02-15,5.874409340712537
2013-02-19,5.793893423537834
2013-02-20,5.703948983251587
2013-02-21,5.825518231230415
2013-02-22,5.917184827081156
2013-02-25,5.8714596132850065
2013-02-26,5.853435107810396
2013-02-27,5.743978224900693
2013-02-28,5.663885577769921
2013-03-01,5.496149933672683
2013-03-04,5.50995468729052
2013-03-05,5.4212914008212785
2013-03-06,5.4005938488743475
2013-03-07,5.548549208105327
2013-03-08,5.5373076434759945
2013-03-11,5.47661013435344
2013-03-12,5.468837869201923
2013-03-13,5.393629095263271
2013-03-14,5.181762619780547
2013-03-15,5.202886473064345
2013-03-18,5.315652631092691
2013-03-19,5.457796994085886
2013-03-20,5.3154175776661665
2013-03-21,5.1464469626346006
2013-03-22,5.080368776139914
2013-03-25,5.10361332061385
2013-03-26,5.071930875429919
2013-03-27,5.1802373162825655
2013-03-28,5.382425702600563
2013-04-01,5.522583907030483
2013-04-02,5.45359841126955
2013-04-03,5.493950347996712
2013-04-04,5.674728706002977
2013-04-05,5.685863233723965
2013-04-08,5.4871240525103815
2013-04-09,5.22548569280095
2013-04-10,5.4147090658479895
2013-04-11,5.432632649757332
2013-04-12,5.252199746846666
2013-04-15,5.258912973415178
2013-04-16,5.3004438308918305
2013-04-17,5.304818863383651
2013-04-18,5.188690795594536
2013-04-19,5.298567207178751
2013-04-22,5.374412295040175
2013-04-23,5.248041267796198
2013-04-24,5.328405758165106
2013-04-25,5.363946288777201
2013-04-26,5.365934365480676
2013-04-29,5.382472944219995
2013-04-30,5.331131404497153
2013-05-01,5.279995125125691
2013-05-02,5.375621294572668
2013-05-03,5.385474931275452
2013-05-06,5.610182244991832
2013-05-07,5.504669743241257
2013-05-08,5.392017638791485
2013-05-09,5.4009270496241815
2013-05-10,5.32821677571961
2013-05-13,5.441131773882084
2013-05-14,5.443929382378749
2013-05-15,5.417640011758612
2013-05-16,5.358607761811287
2013-05-17,5.412942233472698
2013-05-20,5.377955156557917
2013-05-21,5.348492275607382
2013-05-22,5.329834286889079
2013-05-23,5.442133755115589
2013-05-24,5.559410038114626
2013-05-28,5.625454419175744
2013-05-29,5.754443224363659
2013-05-30,5.728221622445371
2013-05-31,5.812586188577884
2013-06-03,5.728003330300325
2013-06-04,5.609174988616942
2013-06-05,5.699875313535911
2013-06-06,5.823677713996103
2013-06-07,5.918797497999501
2013-06-10,5.936545597927717
2013-06-11,5.966997546343207
2013-06-12,6.060108564865535
2013-06-13,6.19920230225979
2013-06-14,6.261718892691426
2013-06-17,6.179934282679586
2013-06-18,6.085305472528449
2013-06-19,6.242953391502392
2013-06-20,6.414340271356984
2013-06-21,6.363226051280194
2013-06-24,6.4621916312760295
2013-06-25,6.524920866805356
2013-06-26,6.520486919826868
2013-06-27,6.722706080168238
2013-06-28,6.8014467031817105
2013-07-01,6.841549103916866
2013-07-02,6.74780887510083
2013-07-03,6.855373559967276
2013-07-05,6.909647328435702
2013-07-08,6.921611719612898
2013-07-09,6.764153349449039
2013-07-10,6.5305788743202715
2013-07-11,6.620719364526715
2013-07-12,6.6757659886623255
2013-07-15,6.840650232672061
2013-07-16,6.767220611230203
2013-07-17,6.772971397638083
2013-07-18,6.830835661028585
2013-07-19,6.928096381156847
2013-07-22,7.149374195599379
2013-07-23,7.031322785461912
2013-07-24,7.225467401128542
2013-07-25,7.293601990100677
2013-07-26,7.2628878622741055
2013-07-29,7.483924898758452
2013-07-30,7.619166714399929
2013-07-31,7.697633664305453
2013-08-01,7.684603634733565
2013-08-02,7.6078912406527675
2013-08-05,7.9122629559421185
2013-08-06,8.00640430908235
2013-08-07,8.222337882450615
2013-08-08,8.44954571870722
2013-08-09,8.360214104761493
2013-08-12,8.780683666445714
2013-08-13,8.422819903954409
2013-08-14,8.424217658346612
2013-08-15,8.381404607123278
2013-08-16,8.609158097134351
2013-08-19,8.295918656029956
2013-08-20,8.228173538874133
2013-08-21,8.372219793991706
2013-08-22,8.463362027391458
2013-08-23,8.46932208091597
2013-08-26,8.24929892768068
2013-08-27,7.899866904574459
2013-08-28,7.853557390842381
2013-08-29,7.997240054489556
2013-08-30,7.93068982640979
2013-09-03,7.739240173418429
2013-09-04,7.771370752280184
2013-09-05,7.903033770436501
2013-09-06,8.034755477029657
2013-09-09,7.89831944482925
2013-09-10,7.979894571516911
2013-09-11,7.9607205869672555
2013-09-12,8.185571113084777
2013-09-13,8.314096582950231
2013-09-16,8.187060296498306
2013-09-17,8.174564922221858
2013-09-18,7.977189514325293
2013-09-19,7.793219645389266
2013-09-20,8.022518305883514
2013-09-23,8.114594774156735
2013-09-24,8.350372669300235
2013-09-25,8.363377321553909
2013-09-26,8.25563515289004
2013-09-27,8.519622365796614
2013-09-30,8.51543051352047
2013-10-01,8.641790445670713
2013-10-02,8.42155329655224
2013-10-03,8.569036360376213
2013-10-04,8.597225950049202
2013-10-07,8.662435206683314
2013-10-08,8.649132235461067
2013-10-09,8.731460841346017
2013-10-10,8.81049446011113
2013-10-11,8.895070385253256
2013-10-14,8.912924924780512
2013-10-15,8.951368030127874
2013-10-16,8.897735608029924
2013-10-17,8.8814424262924
2013-10-18,9.019802889196963
2013-10-21,9.382867871614936
2013-10-22,9.52158303693218
2013-10-23,9.509912946668784
2013-10-24,9.490011822388116
2013-10-25,9.478924546217025
2013-10-28,9.359850757994078
2013-10-29,9.37276734145723
2013-10-30,9.419626815727435
2013-10-31,9.396240299864179
2013-11-01,9.346749068640909
2013-11-04,9.560813322650118
2013-11-05,9.604914315740237
2013-11-06,9.490986321972219
2013-11-07,9.431651041951087
2013-11-08,9.275074340526244
2013-11-11,9.12151302223647
2013-11-12,9.479856844915963
2013-11-13,9.562187962304941
2013-11-14,9.901679318882069
2013-11-15,9.890483535888917
2013-11-18,9.945131531207855
2013-11-19,10.21944706663975
2013-11-20,10.342089675437206
2013-11-21,10.382484743783749
2013-11-22,10.283181845112846
2013-11-25,10.00067282394525
2013-11-26,10.343769827748758
2013-11-27,10.293304430161696
2013-11-29,10.086786224487144
2013-12-02,10.13217231107724
2013-12-03,10.122986854099931
2013-12-04,10.307732688792038
2013-12-05,10.313754102871545
2013-12-06,10.147599594041534
2013-12-09,10.098399113363733
2013-12-10,10.379126520070532
2013-12-11,10.176926039519715
2013-12-12,10.199511821215413
2013-12-13,10.209446728650962
2013-12-16,9.918879643257519
2013-12-17,9.834768156633697
2013-12-18,9.67830093711876
2013-12-19,9.494211091565603
2013-12-20,9.868001552082163
2013-12-23,9.992476596277363
2013-12-24,9.92804324390979
2013-12-26,9.758323162822204
2013-12-27,9.668394985909778
2013-12-30,9.667952194329056
2013-12-31,9.337339350044452
2014-01-02,9.282380494539721
2014-01-03,9.338846324619437
2014-01-06,9.27032799957095
2014-01-07,9.214170820037934
2014-01-08,9.259378120393265
2014-01-09,9.165537263816784
2014-01-10,9.127224551063566
2014-01-13,8.854661774273264
2014-01-14,8.921609886642855
2014-01-15,9.070144055059664
2014-01-16,9.078731588115113
2014-01-17,9.123649241581015
2014-01-21,9.291340814551772
2014-01-22,9.08326308258745
2014-01-23,9.228822584903968
2014-01-24,9.352134577552759
2014-01-27,9.706356025268839
2014-01-28,9.813833165051665
2014-01-29,10.164760965699008
2014-01-30,9.696825214356576
2014-01-31,9.784814481666281
2014-02-03,9.938238689087393
2014-02-04,10.45772041852416
2014-02-05,10.529976500092395
2014-02-06,10.73467608124265
2014-02-07,10.666802886389869
2014-02-10,10.480225014610633
2014-02-11,10.591758478989087
2014-02-12,10.797652949127913
2014-02-13,10.918375468050183
2014-02-14,11.177266996075575
2014-02-18,11.015195905054389
2014-02-19,10.724319014567357
2014-02-20,10.878400119944576
2014-02-21,10.994434100018895
2014-02-24,10.691835786476432
2014-02-25,10.759148607932547
2014-02-26,10.834323033634883
2014-02-27,10.918491137022233
2014-02-28,10.748189309116436
2014-03-03,10.682498107717548
2014-03-04,10.801201966078347
2014-03-05,10.59624519783393
2014-03-06,10.861629040816133
2014-03-07,10.994267646554592
2014-03-10,10.90653005683004
2014-03-11,10.878910085301213
2014-03-12,10.951461028530565
2014-03-13,11.088604051021004
2014-03-14,10.902740045608178
2014-03-17,11.227981292221703
2014-03-18,11.19620689103769
2014-03-19,11.406402994955753
2014-03-20,11.195492811270634
2014-03-21,11.364668553852505
2014-03-24,11.294221172857226
2014-03-25,11.552986310063549
2014-03-26,11.840545917873337
2014-03-27,11.875643217661816
2014-03-28,12.063194947872923
2014-03-31,12.119518483579625
2014-04-01,11.825490089179802
2014-04-02,12.01380675404564
2014-04-03,11.940142273922683
2014-04-04,11.923001379885918
2014-04-07,11.571810478087238
2014-04-08,11.699803397210461
2014-04-09,12.17170458345699
2014-04-10,12.229818682112715
2014-04-11,12.350848275858734
2014-04-14,12.349658466642872
2014-04-15,12.326301645010416
2014-04-16,12.119730660721634
2014-04-17,12.257923052100873
2014-04-21,12.1596143958588
2014-04-22,12.289732462133141
2014-04-23,12.644539173392966
2014-04-24,13.026862567306068
2014-04-25,13.280808032715703
2014-04-28,13.660035295233811
2014-04-29,13.357405731726352
2014-04-30,13.611551684758705
2014-05-01,13.43667034824817
2014-05-02,13.479767235606028
2014-05-05,13.688296642496368
2014-05-06,13.679704806746344
2014-05-07,14.062211757975616
2014-05-08,14.681656589086547
2014-05-09,15.032149356731596
2014-05-12,14.99794564726028
2014-05-13,14.495419014438832
2014-05-14,14.629808224257172
2014-05-15,14.552524227875345
2014-05-16,14.804856616657078
2014-05-19,14.119476572664485
2014-05-20,14.353856530730326
2014-05-21,14.125737098195263
2014-05-22,14.313136488687597
2014-05-23,14.435252318998113
2014-05-27,14.504196720830896
2014-05-28,14.739403149681973
2014-05-29,14.195321574509201
2014-05-30,14.015949995938085
2014-06-02,14.077753741929515
2014-06-03,14.192589136689762
2014-06-04,13.659866859956406
2014-06-05,13.669634317622817
2014-06-06,13.326183035576953
2014-06-09,13.685777117930812
2014-06-10,13.650101895249714
2014-06-11,13.400366249419898
2014-06-12,13.261873307634524
2014-06-13,12.956867863683819
2014-06-16,12.967620816133152
2014-06-17,13.442171157172425
2014-06-18,13.216698494944756
2014-06-19,12.86310850562593
2014-06-20,13.089558804656228
2014-06-23,13.329879385792092
2014-06-24,13.10377008034081
2014-06-25,12.91002518047807
2014-06-26,12.893581694953136
2014-06-27,12.851881831239723
2014-06-30,12.800182375675414
2014-07-01,12.69534538167
2014-07-02,12.749465593615387
2014-07-03,13.093505053758276
2014-07-07,13.01134560425479
2014-07-08,13.194024332353658
2014-07-09,13.307459403395553
2014-07-10,13.170121931419212
2014-07-11,13.03787590531732
2014-07-14,12.984753412582638
2014-07-15,13.066603261535944
2014-07-16,12.746711946466155
2014-07-17,12.811955438062187
2014-07-18,13.346163121321501
2014-07-21,12.979219368889765
2014-07-22,13.073181746177452
2014-07-23,13.356823101442687
2014-07-24,13.599378419846309
2014-07-25,13.598532691421742
2014-07-28,13.720557241076962
2014-07-29,13.693807038938646
2014-07-30,13.835563701870754
2014-07-31,13.792050263440542
2014-08-01,13.795284080190303
2014-08-04,14.264973980876961
2014-08-05,13.767613817862628
2014-08-06,13.504363142564857
2014-08-07,13.645147237304279
2014-08-08,13.8111894833229
2014-08-11,13.934708674360662
2014-08-12,14.066013584281736
2014-08-13,14.969929096071349
2014-08-14,14.600976363936462
2014-08-15,14.240236057614338
2014-08-18,14.072186505824478
2014-08-19,14.465485132995227
2014-08-20,14.959174819940449
2014-08-21,14.530005511559454
2014-08-22,14.869338574389406
2014-08-25,14.730906657887909
2014-08-26,14.593504913167274
2014-08-27,14.76041031111351
2014-08-28,15.176314243161984
2014-08-29,14.90676935453264
2014-09-02,14.820797461817182
2014-09-03,14.27255994538959
2014-09-04,14.128578830663704
2014-09-05,14.371751253394518
2014-09-08,14.904760251665929
2014-09-09,15.245584249888454
2014-09-10,15.50855983304783
2014-09-11,15.315223046945711
2014-09-12,15.514007195137166
2014-09-15,15.62776685379505
2014-09-16,15.571158860821745
2014-09-17,15.937501871885969
2014-09-18,16.098932299994452
2014-09-19,16.310563048066033
2014-09-22,16.222884236817293
2014-09-23,16.559960405954406
2014-09-24,16.286436753031595
2014-09-25,16.033079178498916
2014-09-26,16.450877365274188
2014-09-29,16.940033723794635
2014-09-30,17.0978910651747
2014-10-01,17.480907853449423
2014-10-02,17.338532203148077
2014-10-03,17.46418488577402
2014-10-06,17.03115615753355
2014-10-07,17.20906504328523
2014-10-08,16.865294531953644
2014-10-09,17.249510411805627
2014-10-10,17.479236738442214
2014-10-13,17.51172297902738
2014-10-14,18.029850320284194
2014-10-15,17.94100312994551
2014-10-16,17.15923534981361
2014-10-17,16.94399612022611
2014-10-20,17.055559302200834
2014-10-21,17.240763155571326
2014-10-22,17.024251110599756
2014-10-23,16.854722303656462
2014-10-24,17.128302187177255
2014-10-27,17.79457818354012
2014-10-28,17.693727656274547
2014-10-29,17.912203476972632
2014-10-30,17.96680192442217
2014-10-31,18.01499234029911
2014-11-03,18.459767242053715
2014-11-04,18.25043927744596
2014-11-05,18.408966315853352
2014-11-06,18.868334585493812
2014-11-07,18.93715147528556
2014-11-10,18.788275126009687
2014-11-11,19.52010436209864
2014-11-12,19.611004063191338
2014-11-13,19.808169727122948
2014-11-14,19.27338967972477
2014-11-17,19.001856706990218
2014-11-18,19.375678287078117
2014-11-19,19.556856370351138
2014-11-20,19.068913389405786
2014-11-21,19.034992920635883
2014-11-24,19.239781430542028
2014-11-25,19.374241559987126
2014-11-26,19.262018722225648
2014-11-28,19.210034589923538
2014-12-01,19.38967916678117
2014-12-02,19.17945220770314
2014-12-03,19.93278301788128
2014-12-04,19.14736028170862
2014-12-05,18.80758896558201
2014-12-08,18.570389044293588
2014-12-09,18.417524722619003
2014-12-10,17.715371753143142
2014-12-11,17.521965069175486
2014-12-12,17.951176203842017
2014-12-15,17.802823653353236
2014-12-16,17.859660451061576
2014-12-17,18.382180390032495
2014-12-18,17.475210582167282
2014-12-19,17.837547636672102
2014-12-22,18.685268295218446
2014-12-23,18.181642903369553
2014-12-24,18.29569122475789
2014-12-26,17.876876819339092
2014-12-29,18.109567327226976
2014-12-30,18.479880803653256
2014-12-31,18.77018794434005
2015-01-02,18.489538713947066
2015-01-05,18.200916160535417
2015-01-06,18.283717461160645
2015-01-07,18.920037809078696
2015-01-08,18.84640699898606
2015-01-09,19.234378796245995
2015-01-12,19.17921523912426
2015-01-13,19.128277087760715
2015-01-14,18.43777998903616
2015-01-15,18.030571632175
2015-01-16,18.169929363946142
2015-01-20,17.872842097440966
2015-01-21,17.804448864416138
2015-01-22,17.683005356855553
2015-01-23,17.3925809467964
2015-01-26,17.738026137081828
2015-01-27,18.142710961948172
2015-01-28,18.39843258624938
2015-01-29,18.608244479960188
2015-01-30,18.5213114369656
2015-02-02,18.73453681381263
2015-02-03,19.312151120969137
2015-02-04,19.22636045212526
2015-02-05,19.34137199268507
2015-02-06,19.23531545640313
2015-02-09,19.538628313698418
2015-02-10,20.12339517913335
2015-02-11,19.444155459066213
2015-02-12,19.307157883419094
2015-02-13,19.50979233079122
2015-02-17,20.158885807583435
2015-02-18,19.993709666052133
2015-02-19,19.98348549299134
2015-02-20,19.221080798550247
2015-02-23,18.66108052004716
2015-02-24,18.658916403313263
2015-02-25,18.7997786929954
2015-02-26,19.24580944368559
2015-02-27,19.60248697646837
2015-03-02,19.30249039941668
2015-03-03,19.00625183299112
2015-03-04,19.381402257462074
2015-03-05,19.681984494820252
2015-03-06,20.171065496131206
2015-03-09,19.855005299425688
2015-03-10,19.97877182700584
2015-03-11,19.88977461898945
2015-03-12,19.660930940045112
2015-03-13,19.780272467186077
2015-03-16,19.786482495901875
2015-03-17,19.80448559561746
2015-03-18,20.425099214199424
2015-03-19,21.086756065809926
2015-03-20,21.155805109336182
2015-03-23,21.037237836790652
2015-03-24,20.954032178264775
2015-03-25,21.248040094947637
2015-03-26,20.874284708051693
2015-03-27,20.692547573576114
2015-03-30,20.982556638318894
2015-03-31,20.741629097374474
2015-04-01,20.809675080099897
2015-04-02,20.621687058928714
2015-04-06,20.024460812462152
2015-04-07,19.359406676639775
2015-04-08,19.636725911378257
2015-04-09,19.26847864988886
2015-04-10,19.224525079940843
2015-04-13,19.25359088443376
2015-04-14,18.93106416250894
2015-04-15,18.742229206070494
2015-04-16,19.338505357353018
2015-04-17,19.311215799095443
2015-04-20,19.61085009521702
2015-04-21,19.38071876943406
2015-04-22,19.707127863036625
2015-04-23,19.872175885148952
2015-04-24,20.303793689654068
2015-04-27,20.694274811778342
2015-04-28,21.16335276488907
2015-04-29,21.619893577219774
2015-04-30,21.75033466773507
2015-05-01,21.370964785116424
2015-05-04,21.999710107300505
2015-05-05,21.971254191265988
2015-05-06,21.691664310453078
2015-05-07,21.857329028219603
2015-05-08,22.340244694994926
2015-05-11,22.13838754510606
2015-05-12,22.62540467496212
2015-05-13,22.318368930486702
2015-05-14,22.822574112612017
2015-05-15,22.606987749330994
2015-05-18,23.350657945148797
2015-05-19,23.394716752536535
2015-05-20,22.95183193284343
2015-05-21,23.685430094907055
2015-05-22,23.14474781461848
2015-05-26,23.37868706504023
2015-05-27,23.224225359976327
2015-05-28,22.99369344504658
2015-05-29,23.052042402037337
2015-06-01,23.298124110033243
2015-06-02,23.290957652400788
2015-06-03,22.862309457999697
2015-06-04,22.88275400453271
2015-06-05,23.107716622227713
2015-06-08,23.76094183007858
2015-06-09,24.45784911371589
2015-06-10,25.180840016108807
2015-06-11,25.851117690943607
2015-06-12,25.117326841651764
2015-06-15,25.245144551351324
2015-06-16,25.42088429347021
2015-06-17,25.35180706668289
2015-06-18,24.838873121962244
2015-06-19,23.755043173349783
2015-06-22,24.06734699176415
2015-06-23,23.732438878165603
2015-06-24,23.442839668840655
2015-06-25,23.272050625653364
2015-06-26,23.668835078331078
2015-06-29,22.980646982913804
2015-06-30,22.872668931381714
2015-07-01,23.29486463541177
2015-07-02,22.92382752022571
2015-07-06,23.077683612312107
2015-07-07,23.14444147328282
2015-07-08,22.16598525454263
2015-07-09,22.382053760968702
2015-07-10,22.334433259927778
2015-07-13,22.570499661539674
2015-07-14,22.32164599707164
2015-07-15,22.22350404875182
2015-07-16,22.384068845967196
2015-07-17,22.824050556708446
2015-07-20,23.696912398788953
2015-07-21,23.129607853769055
2015-07-22,23.29899650186275
2015-07-23,23.033112194831155
2015-07-24,22.948656493856905
2015-07-27,22.60405583386694
2015-07-28,23.690857304010255
2015-07-29,23.61391219804655
2015-07-30,24.29941313465266
2015-07-31,24.025747903068332
2015-08-03,23.78203537804243
2015-08-04,24.76526032927955
2015-08-05,25.659288699369295
2015-08-06,25.371782689113175
2015-08-07,26.139759988890304
2015-08-10,26.758873262528905
2015-08-11,27.0316562465518
2015-08-12,27.0912724949886
2015-08-13,27.55446827752323
2015-08-14,26.97395769239672
2015-08-17,27.858787916763127
2015-08-18,27.314147222236027
2015-08-19,27.171205584433736
2015-08-20,26.43620527193213
2015-08-21,27.60571451465606
2015-08-24,27.132922497153405
2015-08-25,27.234814729377774
2015-08-26,26.470390694430534
2015-08-27,26.53613725050143
2015-08-28,25.46356058643452
2015-08-31,24.903789862336136
2015-09-01,24.23942330041358
2015-09-02,25.352636321465503
2015-09-03,25.069196053663603
2015-09-04,24.35266690542243
2015-09-08,23.989078392310994
2015-09-09,23.767906919193944
2015-09-10,24.019610701382096
2015-09-11,24.00963078727253
2015-09-14,24.42708434570448
2015-09-15,23.953042860246324
2015-09-16,24.072091277396762
2015-09-17,24.715377661832925
2015-09-18,23.7531908703666
2015-09-21,23.965508038031025
2015-09-22,23.663233564776466
2015-09-23,23.28942452023744
2015-09-24,23.717548604691213
2015-09-25,23.588261795462266
2015-09-28,23.977816083570723
2015-09-29,24.345746821170007
2015-09-30,23.734405803284705
2015-10-01,23.48087304361343
2015-10-02,24.005349766960606
2015-10-05,23.703494355043812
2015-10-06,23.201701769369684
2015-10-07,23.408148215253348
2015-10-08,23.60789340604348
2015-10-09,23.862957268612032
2015-10-12,23.895766275157115
2015-10-13,23.970475027121488
2015-10-14,23.862609987501322
2015-10-15,23.744130171928656
2015-10-16,24.108156605010496
2015-10-19,23.932591323591026
2015-10-20,24.31166337245762
2015-10-21,24.056119769222438
2015-10-22,24.736655491946234
2015-10-23,24.320853920634725
2015-10-26,24.084895111963718
2015-10-27,24.48232575014398
2015-10-28,24.910879772145375
2015-10-29,24.90548337114458
2015-10-30,25.031918770049153
2015-11-02,24.91769307034827
2015-11-03,24.473542170857097
2015-11-04,24.081116465562857
2015-11-05,24.477654824204706
2015-11-06,23.57859897213158
2015-11-09,23.95113063758913
2015-11-10,24.176503324482276
2015-11-11,24.46435691513646
2015-11-12,24.653045170148086
2015-11-13,25.038369080341948
2015-11-16,24.62809734333724
2015-11-17,24.53480983313918
2015-11-18,25.271057726659034
2015-11-19,24.639594653845204
2015-11-20,24.500557992163348
2015-11-23,24.867848562210163
2015-11-24,24.580405069116168
2015-11-25,23.562498658215898
2015-11-27,23.92190152749624
2015-11-30,23.37052024091777
2015-12-01,23.022917979492078
2015-12-02,22.60235206376092
2015-12-03,23.54576211930598
2015-12-04,23.548287108599784
2015-12-07,24.294519530418633
2015-12-08,24.841535736281372
2015-12-09,25.180439002712365
2015-12-10,24.864241493188786
2015-12-11,24.701156926950755
2015-12-14,24.084519224018027
2015-12-15,23.785932591756797
2015-12-16,23.05821127358396
2015-12-17,23.624687188733827
2015-12-18,23.25124148366003
2015-12-21,23.455728935888622
2015-12-22,23.80026104919482
2015-12-23,24.366101239202468
2015-12-24,25.11445414142133
2015-12-28,24.633106159834664
2015-12-29,25.253134661344006
2015-12-30,25.488293598861162
2015-12-31,25.6565708718739
2016-01-04,25.8146493542413
2016-01-05,25.953618392268385
2016-01-06,25.518202335395465
2016-01-07,25.789125799836942
2016-01-08,25.315202844463386
2016-01-11,26.034094360813473
2016-01-12,25.733650009145897
2016-01-13,26.04925173153341
2016-01-14,25.823594601018637
2016-01-15,25.379551633804287
2016-01-19,25.09545511612649
2016-01-20,24.732510147284795
2016-01-21,25.09167601656555
2016-01-22,25.309416201493367
2016-01-25,25.253764886421838
2016-01-26,25.614454243400704
2016-01-27,26.954959247515266
2016-01-28,27.234324024769556
2016-01-29,26.82888661062679
2016-02-01,26.7650477982175
2016-02-02,26.70736080897015
2016-02-03,27.582235796041957
2016-02-04,27.43180706933435
2016-02-05,27.28310645678218
2016-02-08,27.656519145985705
2016-02-09,28.150222277345264
2016-02-10,28.676158096826256
2016-02-11,28.718086748352434
2016-02-12,27.97461568582162
2016-02-16,27.955461723221692
2016-02-17,28.384200310345957
2016-02-18,28.99157480005682
2016-02-19,30.028384241646926
2016-02-22,29.465472392764685
2016-02-23,28.856994978030595
2016-02-24,29.31570641162378
2016-02-25,28.55304720535621
2016-02-26,28.57262924819461
2016-02-29,28.360256170255322
2016-03-01,28.44524983133396
2016-03-02,27.611625841970042
2016-03-03,27.37377352421584
2016-03-04,26.54670970734582
2016-03-07,26.437363969266368
2016-03-08,26.801165533617976
2016-03-09,26.090214669133896
2016-03-10,26.41335523496768
2016-03-11,27.22754769522862
2016-03-14,27.008349073843988
2016-03-15,27.366767529841013
2016-03-16,27.01623117188174
2016-03-17,27.64215625273091
2016-03-18,26.817319560909922
2016-03-21,27.87814216296048
2016-03-22,27.821293806908166
2016-03-23,28.488766060878692
2016-03-24,27.696472865743726
2016-03-28,27.681914141306184
2016-03-29,26.793368110351064
2016-03-30,26.83538646994707
2016-03-31,27.575801911281356
2016-04-01,27.0732646822053
2016-04-04,27.4057019748033
2016-04-05,27.45456265218367
2016-04-06,27.51531331895198
2016-04-07,26.911563763986535
2016-04-08,26.446047382375045
2016-04-11,27.065021593593755
2016-04-12,26.428679727923246
2016-04-13,26.616729904206696
2016-04-14,25.881829474261416
2016-04-15,25.545316398011288
2016-04-18,25.600292829179214
2016-04-19,26.14440448276144
2016-04-20,26.441907322527275
2016-04-21,26.106269944007575
2016-04-22,26.357538222358517
2016-04-25,25.773058704094517
2016-04-26,26.0931530050173
2016-04-27,25.92869787976056
2016-04-28,25.99409456895527
2016-04-29,26.485608827296538
2016-05-02,26.427034354736332
2016-05-03,27.116239319660284
2016-05-04,26.893548861276525
2016-05-05,26.92389687220808
2016-05-06,26.898645494500784
2016-05-09,26.74255190422044
2016-05-10,27.175410286843817
2016-05-11,26.208525603477256
2016-05-12,26.137827135915316
2016-05-13,26.225789743169468
2016-05-16,27.118333212676355
2016-05-17,27.213370175831137
2016-05-18,26.94784266725899
2016-05-19,27.466503250993043
2016-05-20,27.70868454032778
2016-05-23,28.327749076127503
2016-05-24,27.743626645531517
2016-05-25,27.352982521130016
2016-05-26,28.158508103637413
2016-05-27,27.807182907684485
2016-05-31,26.616131163257506
2016-06-01,26.162623267527223
2016-06-02,25.97973694713418
2016-06-03,25.508465160235165
2016-06-06,25.608768186356475
2016-06-07,25.660371500279012
2016-06-08,26.015205445325474
2016-06-09,25.988375549000036
2016-06-10,26.562888821174752
2016-06-13,26.137602468149247
2016-06-14,26.744370164208437
2016-06-15,27.168347558368016
2016-06-16,27.274157631551166
2016-06-17,27.965509336319172
2016-06-20,26.87033591101662
2016-06-21,26.10781087547456
2016-06-22,26.006233972792515
2016-06-23,25.98631188816922
2016-06-24,25.658061862258407
2016-06-27,25.66311006491493
2016-06-28,25.50415166040848
2016-06-29,25.59027263111515
2016-06-30,25.066651260697157
2016-07-01,25.212772739931502
2016-07-05,25.713960724911104
2016-07-06,25.87688268731745
2016-07-07,25.50815648510014
2016-07-08,25.20087361867595
2016-07-11,25.583307737079224
2016-07-12,25.69539691702095
2016-07-13,25.536014235262922
2016-07-14,25.004400738532627
2016-07-15,24.466077410785964
2016-07-18,23.46175764470964
2016-07-19,23.205793937089712
2016-07-20,22.924836700342617
2016-07-21,23.204274275679445
2016-07-22,23.474867157380903
2016-07-25,24.00417678011336
2016-07-26,23.823384749080365
2016-07-27,23.763294675516438
2016-07-28,23.570726162174395
2016-07-29,23.637047413146423
2016-08-01,22.93724726122793
2016-08-02,22.461406204277583
2016-08-03,22.45713250798284
2016-08-04,21.959477104504355
2016-08-05,22.420104844778887
2016-08-08,23.021238686498076
2016-08-09,21.661361343986062
2016-08-10,21.841755992988382
2016-08-11,21.815880696450566
2016-08-12,21.330788409692317
2016-08-15,21.120670336906016
2016-08-16,21.349473799219727
2016-08-17,22.51759917417416
2016-08-18,22.692406935319575
2016-08-19,23.695609695197046
2016-08-22,23.507816391458515
2016-08-23,23.931965450266997
2016-08-24,23.248437693017053
2016-08-25,23.926768018644232
2016-08-26,23.960037098418173
2016-08-29,24.25165176298537
2016-08-30,24.671601856558876
2016-08-31,24.859346774785504
2016-09-01,24.8147689561209
2016-09-02,24.47520690092009
2016-09-06,25.285266499114332
2016-09-07,25.265094476829944
2016-09-08,25.28135507362752
2016-09-09,25.166433336116654
2016-09-12,24.357040995159146
2016-09-13,23.776176287507397
2016-09-14,24.30154086151466
2016-09-15,24.315870663477373
2016-09-16,24.684492609923247
2016-09-19,24.374816955494637
2016-09-20,24.94426349228707
2016-09-21,25.333202528722552
2016-09-22,25.679831934428858
2016-09-23,24.488200137672777
2016-09-26,23.99322785120281
2016-09-27,23.040834236821716
2016-09-28,22.808786109106965
2016-09-29,23.365162561628285
2016-09-30,23.59077181663438
2016-10-03,24.403221194914128
2016-10-04,24.225130554409155
2016-10-05,23.66227455868356
2016-10-06,24.00364245759278
2016-10-07,24.25576218903129
2016-10-10,24.303879872136015
2016-10-11,24.042556876297745
2016-10-12,24.16340170217329
2016-10-13,23.940027681290324
2016-10-14,23.975028232327176
2016-10-17,23.98074983694463
2016-10-18,24.1619870196541
2016-10-19,24.143069336479755
2016-10-20,25.046175967562604
2016-10-21,25.040536181682075
2016-10-24,25.15907424992779
2016-10-25,25.154626673063916
2016-10-26,25.674764124158322
2016-10-27,25.9401259405581
2016-10-28,25.42132473334515
2016-10-31,24.444894918378466
2016-11-01,24.14927521368464
2016-11-02,24.507321037822045
2016-11-03,24.19650904812023
2016-11-04,23.741110001201378
2016-11-07,23.69236902018267
2016-11-08,23.909078864392875
2016-11-09,24.494601090595033
2016-11-10,25.110754487138298
2016-11-11,26.01166153832189
2016-11-14,25.520406128567323
2016-11-15,25.564030578168765
2016-11-16,25.507164333598745
2016-11-17,26.46396272840742
2016-11-18,26.68475706653881
2016-11-21,26.934939957872643
2016-11-22,26.317506574878347
2016-11-23,26.626192936186765
2016-11-25,25.784774275446594
2016-11-28,25.637798905428358
2016-11-29,27.201185543420884
2016-11-30,26.599224845254255
2016-12-01,26.56038987153189
2016-12-02,26.488206863140384
2016-12-05,26.30474957249181
2016-12-06,26.08858210411443
2016-12-07,26.148969458570573
2016-12-08,27.71912686200258
2016-12-09,28.34588539688989
2016-12-12,28.329617474899504
2016-12-13,28.957071539368982
2016-12-14,28.976888259514546
2016-12-15,28.409708008347703
2016-12-16,28.480697677622764
2016-12-19,29.542360670484623
2016-12-20,28.628118311177435
2016-12-21,28.524626421063324
2016-12-22,28.206345481021685
2016-12-23,28.192614862805634
2016-12-27,28.48016976893019
2016-12-28,28.178798581486443
2016-12-29,28.59821123494679
2016-12-30,30.153823496198555
2017-01-03,29.500392768435574
2017-01-04,29.592833465059766
2017-01-05,30.7786032344109
2017-01-06,31.175196897507924
2017-01-09,31.33881077882628
2017-01-10,31.616992173128146
2017-01-11,31.602263147568802
2017-01-12,32.01317015830861
2017-01-13,31.20646234459329
2017-01-17,30.787950060163958
2017-01-18,29.70959690525278
2017-01-19,29.75989706266032
2017-01-20,30.210765841335796
2017-01-23,30.172130043701692
2017-01-24,29.332664659791046
2017-01-25,29.02060660519563
2017-01-26,29.86027963896362
2017-01-27,30.00031760528195
2017-01-30,30.95459916130204
2017-01-31,30.899216045198497
2017-02-01,30.772771399658172
2017-02-02,29.98311528600694
2017-02-03,30.781023735169576
2017-02-06,30.80945597013022
2017-02-07,30.47983399383621
2017-02-08,31.47120605297918
2017-02-09,32.59070818054268
2017-02-10,33.13270691844576
2017-02-13,32.822938189879096
2017-02-14,32.627069861315825
2017-02-15,31.898111712824395
2017-02-16,31.83476202427402
2017-02-17,31.878580636294632
2017-02-21,32.49815603743574
2017-02-22,32.90622026482596
2017-02-23,32.17190048909711
2017-02-24,32.409611555042126
2017-02-27,31.879464145901455
2017-02-28,30.776995824896513
2017-03-01,31.238642152222237
2017-03-02,30.613365175908662
2017-03-03,30.186688866941285
2017-03-06,30.44868925257886
2017-03-07,31.00717447382033
2017-03-08,29.784548670460595
2017-03-09,30.430094643880572
2017-03-10,30.133107698695685
2017-03-13,29.77915372261748
2017-03-14,29.839454580232832
2017-03-15,29.948501523656812
2017-03-16,30.230125836496217
2017-03-17,29.428161273263758
2017-03-20,29.903061389604716
2017-03-21,30.971480384051826
2017-03-22,31.51807023201628
2017-03-23,31.899210629788552
2017-03-24,31.913506243294005
2017-03-27,32.5220953067728
2017-03-28,31.358793221528607
2017-03-29,31.088654034034246
2017-03-30,31.618337552455642
2017-03-31,31.80375789423555
2017-04-03,31.426441375355875
2017-04-04,31.67812486504254
2017-04-05,30.516876854006195
2017-04-06,30.646907932234967
2017-04-07,30.602506518397675
2017-04-10,31.50609708395952
2017-04-11,32.41334260446476
2017-04-12,31.839833463267883
2017-04-13,32.310948627624015
2017-04-17,32.82510281694378
2017-04-18,33.49512942675192
2017-04-19,32.986792749938616
2017-04-20,33.00304483489617
2017-04-21,32.30847452506789
2017-04-24,32.62629520965109
2017-04-25,32.81084090951695
2017-04-26,32.78358623085564
2017-04-27,33.673607857043834
2017-04-28,33.23794843086977
2017-05-01,34.473976026651314
2017-05-02,32.8455650192852
2017-05-03,32.19163257448189
2017-05-04,33.6217436378425
2017-05-05,33.346089565839556
2017-05-08,34.02141035960837
2017-05-09,34.96472224917227
2017-05-10,34.920947636954544
2017-05-11,34.6127027853223
2017-05-12,34.740292670945266
2017-05-15,34.551524099221155
2017-05-16,35.31473499395058
2017-05-17,35.993514807625594
2017-05-18,36.630657493043856
2017-05-19,35.89127976083725
2017-05-22,35.81792659493038
2017-05-23,36.011982786293785
2017-05-24,35.420791968143725
2017-05-25,35.3684433049392
2017-05-26,35.801660438458924
2017-05-30,36.64426450196848
2017-05-31,37.07729921434458
2017-06-01,35.86001276782073
2017-06-02,35.89786138968873
2017-06-05,34.80218314209334
2017-06-06,34.629342262849896
2017-06-07,33.740564776771585
2017-06-08,33.89277225628952
2017-06-09,33.70669651144628
2017-06-12,33.812152068420296
2017-06-13,32.72714981597963
2017-06-14,33.12916404795945
2017-06-15,33.40198634247269
2017-06-16,33.68189808889434
2017-06-19,32.775781661247315
2017-06-20,33.04642118846929
2017-06-21,33.25600519615101
2017-06-22,34.51045392233736
2017-06-23,34.49589175288603
2017-06-26,35.12050469322557
2017-06-27,35.10924171086229
2017-06-28,36.43666721661201
2017-06-29,36.24629321197591
2017-06-30,37.04312916430233
2017-07-03,36.64920269620323
2017-07-05,35.75894227975961
2017-07-06,35.51707720943969
2017-07-07,36.151844372341905
2017-07-10,35.515385469969054
2017-07-11,35.49160881118072
2017-07-12,35.8258338211432
2017-07-13,35.87078691620971
2017-07-14,36.04261065618345
2017-07-17,36.43743153655912
2017-07-18,35.5336019317524
2017-07-19,35.22790838591908
2017-07-20,34.83597548283724
2017-07-21,33.43669819371732
2017-07-24,33.68210348152241
2017-07-25,32.82603025477612
2017-07-26,32.81046922112815
2017-07-27,33.57162299886796
2017-07-28,35.16748741271007
2017-07-31,35.01389596498643
2017-08-01,35.662394271378915
2017-08-02,35.42027841587783
2017-08-03,34.864243573649055
2017-08-04,35.03786653804302
2017-08-07,35.35588520435258
2017-08-08,34.86942746987921
2017-08-09,34.531537274413736
2017-08-10,33.80875760445153
2017-08-11,32.547633574202564
2017-08-14,32.76230584240639
2017-08-15,34.18954793029508
2017-08-16,34.11546097501177
2017-08-17,34.08619194942199
2017-08-18,34.22136138335604
2017-08-21,35.36185776789404
2017-08-22,35.42915582370545
2017-08-23,36.34550445932651
2017-08-24,35.85925156483195
2017-08-25,36.96879001376142
2017-08-28,36.97593611398359
2017-08-29,36.738174986549566
2017-08-30,35.55409187825291
2017-08-31,34.61185786564974
2017-09-01,34.10745537896974
2017-09-05,33.64573286226261
2017-09-06,33.82325131821646
2017-09-07,35.446017988306586
2017-09-08,36.015948031567866
2017-09-11,37.078693423649725
2017-09-12,38.3868298915482
2017-09-13,39.41342414506163
2017-09-14,40.72852089951935
2017-09-15,40.7171204005722
2017-09-18,41.56789880733969
2017-09-19,42.13158228175422
2017-09-20,43.106394481907756
2017-09-21,43.41620336282017
2017-09-22,42.953649700034816
2017-09-25,42.28044083548485
2017-09-26,42.780896496188255
2017-09-27,41.19045825850538
2017-09-28,41.10619593494774
2017-09-29,41.690725097155365
2017-10-02,40.11657635418035
2017-10-03,39.613101268679884
2017-10-04,38.73955799324262
2017-10-05,39.59046810840873
2017-10-06,37.875303646919626
2017-10-09,38.55180344184221
2017-10-10,38.62649108659001
2017-10-11,37.92419673727941
2017-10-12,36.95882886653529
2017-10-13,37.15235652038811
2017-10-16,36.231489024017925
2017-10-17,36.013251336379646
2017-10-18,36.07285954778502
2017-10-19,35.91747794899995
2017-10-20,36.34093562277381
2017-10-23,36.73083322924225
2017-10-24,37.58266849057908
2017-10-25,39.063644888076716
2017-10-26,37.30295913870575
2017-10-27,36.86561736619296
2017-10-30,35.979136102845665
2017-10-31,35.71493084277724
2017-11-01,35.27663242253103
2017-11-02,36.05689120918761
2017-11-03,35.99690374951593
2017-11-06,36.504577822447075
2017-11-07,35.760382124712386
2017-11-08,34.878077931620325
2017-11-09,35.765856197416
2017-11-10,35.98048237903347
2017-11-13,35.23828908054462
2017-11-14,36.34817339635212
2017-11-15,36.718276653130744
2017-11-16,37.76498376050228
2017-11-17,37.21632824907578
2017-11-20,37.07493723100754
2017-11-21,38.03668068218033
2017-11-22,37.273489280649144
2017-11-24,37.21389329087306
2017-11-27,38.30589484260887
2017-11-28,39.08576133458818
2017-11-29,39.14245937257723
2017-11-30,38.64132852375197
2017-12-01,38.042087488140815
2017-12-04,37.38897140021094
2017-12-05,37.89688413962857
2017-12-06,37.99881715381449
2017-12-07,38.01668010529294
2017-12-08,38.09690127811873
2017-12-11,37.04844605665511
2017-12-12,37.54904680410352
2017-12-13,37.78048211001268
2017-12-14,38.34626029344038
2017-12-15,38.15302634569791
2017-12-18,37.48661242050502
2017-12-19,37.04004006739019
2017-12-20,36.289200173725035
2017-12-21,37.45503040782461
2017-12-22,36.645816979426364
2017-12-26,37.109632400119736
2017-12-27,36.5593913823633
2017-12-28,35.43562134594422
2017-12-29,35.21452983837988
2018-01-02,35.08711127813968
2018-01-03,36.41012563411675
2018-01-04,36.28359898022423
2018-01-05,36.21785872731399
2018-01-08,36.13945547424824
2018-01-09,36.37241393607744
2018-01-10,35.42453102285855
2018-01-11,35.617370298416645
2018-01-12,35.489259774774055
2018-01-16,35.930407914681396
2018-01-17,35.9779619955958
2018-01-18,36.22339332164849
2018-01-19,37.012838056774825
2018-01-22,37.631279042845485
2018-01-23,37.72236102726608
2018-01-24,36.36246978515601
2018-01-25,36.08451414242033
2018-01-26,35.49146444221011
2018-01-29,34.84472149169291
2018-01-30,35.4708439015677
2018-01-31,35.383622873539096
2018-02-01,35.58749047118176
2018-02-02,35.25772204288528
2018-02-05,35.4593867990377
2018-02-06,36.13375908437653
2018-02-07,37.094833799748514
2018-02-08,37.00461944415132
2018-02-09,37.21386540223417
2018-02-12,36.72547218536533
2018-02-13,36.20876878016485
2018-02-14,36.61860958618339
2018-02-15,35.779134517677576
2018-02-16,35.397470533093816
2018-02-20,34.98185854511316
2018-02-21,36.095971112164314
2018-02-22,36.350365253707174
2018-02-23,37.26545777300419
2018-02-26,36.69060416107731
2018-02-27,36.06144555794601
2018-02-28,36.13546486796334
2018-03-01,36.16205404274641
2018-03-02,35.70329697521938
2018-03-05,35.82079087198872
2018-03-06,35.790939363169336
2018-03-07,35.72689778761595
2018-03-08,35.8961495263741
2018-03-09,36.60946544363552
2018-03-12,35.980109713343076
2018-03-13,35.97681170331333
2018-03-14,35.79461024297249
2018-03-15,35.52000314070656
2018-03-16,35.071396868479994
2018-03-19,34.790342873395275
2018-03-20,35.117038303420365
2018-03-21,33.968028352622234
2018-03-22,33.57825072606635
2018-03-23,32.82839685504608
2018-03-26,32.043646211922486
2018-03-27,32.79717842650704
2018-03-28,32.34209647006263
2018-03-29,31.652947765863072
2018-04-02,31.93627228408338
2018-04-03,32.23830240082494
2018-04-04,32.915109645596
2018-04-05,33.25639390593204
2018-04-06,33.11672188139379
2018-04-09,33.26549262216257
2018-04-10,33.385671648068666
2018-04-11,32.47622128041824
2018-04-12,32.79912597607763
2018-04-13,33.16748949751217
2018-04-16,32.320070908938646
2018-04-17,32.84350028113562
2018-04-18,32.10755603884166
2018-04-19,32.496348697132404
2018-04-20,32.828226029176754
2018-04-23,32.67183012597032
2018-04-24,32.701852513662764
2018-04-25,34.06328910349078
2018-04-26,34.48623321078776
2018-04-27,35.475149596256436
2018-04-30,34.516973824291725
2018-05-01,35.93635168441434
2018-05-02,36.37766151534507
2018-05-03,37.17901564017666
2018-05-04,37.43639370333827
2018-05-07,36.40492023772206
2018-05-08,37.20944260608516
2018-05-09,36.88453452353881
2018-05-10,36.625863190590266
2018-05-11,36.66814763136272
2018-05-14,37.84325596847754
2018-05-15,38.93825992375854
2018-05-16,40.114576577586504
2018-05-17,41.27610949197814
2018-05-18,41.97092643533725
2018-05-21,41.173880658779886
2018-05-22,40.514080006958004
2018-05-23,40.11551079043596
2018-05-24,39.783373961239775
2018-05-25,39.329042963890224
2018-05-29,40.4810548647869
2018-05-30,39.258189321948244
2018-05-31,39.91906078776893
2018-06-01,38.99154619233645
2018-06-04,38.423182657055904
2018-06-05,39.13080132126502
2018-06-06,39.82525685305678
2018-06-07,41.27587980296584
2018-06-08,41.11804868360243
2018-06-11,39.970059873262855
2018-06-12,40.43552078336074
2018-06-13,40.071511660711884
2018-06-14,39.95629491101904
2018-06-15,40.02599423207452
2018-06-18,40.289509146538
2018-06-19,40.73771610272125
2018-06-20,40.28819499723179
2018-06-21,39.34856305426807
2018-06-22,39.20598515890579
2018-06-25,39.60023602976215
2018-06-26,40.56361765425271
2018-06-27,40.16795324511119
2018-06-28,39.48940660088595
2018-06-29,38.82335184173386
2018-07-02,37.62962079436787
2018-07-03,38.39397563097
2018-07-05,38.97207811544422
2018-07-06,39.55062571015665
2018-07-09,39.79748374400563
2018-07-10,40.86363715987398
2018-07-11,39.75666723963784
2018-07-12,40.77107143183073
2018-07-13,40.71794901757922
2018-07-16,41.66101313230525
2018-07-17,42.61455878706013
2018-07-18,42.065569826321244
2018-07-19,42.3590149523574
2018-07-20,42.1103538050208
2018-07-23,40.20171758004379
2018-07-24,41.675964081980865
2018-07-25,41.70061376106433
2018-07-26,41.85897534195409
2018-07-27,42.50167747124089
2018-07-30,41.20301646606686
2018-07-31,41.779241863110066
2018-08-01,42.010901033125684
2018-08-02,42.066039714137105
2018-08-03,43.85699850951609
2018-08-06,46.26278016092939
2018-08-07,46.48812686292297
2018-08-08,46.1334295091434
2018-08-09,46.4358439351966
2018-08-10,46.58072203323395
2018-08-13,46.55351819388616
2018-08-14,48.606566015212344
2018-08-15,48.25768058264881
2018-08-16,48.21030763893602
2018-08-17,47.70888996464242
2018-08-20,48.06330840315184
2018-08-21,49.07051127200153
2018-08-22,49.16281986291656
2018-08-23,49.774218529906705
2018-08-24,49.194550880743954
2018-08-27,48.94806932732907
2018-08-28,47.74609515957811
2018-08-29,46.51893857774376
2018-08-30,47.26985707146608
2018-08-31,47.62873502968075
2018-09-04,49.628738533045976
2018-09-05,48.93829889169616
2018-09-06,49.09913100947515
2018-09-07,47.73128695804898
2018-09-10,46.9995352047353
2018-09-11,48.52237497625347
2018-09-12,47.65652042451007
2018-09-13,49.00073944070581
2018-09-14,47.71806347808439
2018-09-17,47.412837996233364
2018-09-18,46.85610941973983
2018-09-19,47.395889203530366
2018-09-20,47.696788643704984
2018-09-21,49.78871059069169
2018-09-24,48.617538205345
2018-09-25,48.71643260085196
2018-09-26,46.949402228320686
2018-09-27,46.891834081526795
2018-09-28,46.69427535937738
2018-10-01,45.63226968780027
2018-10-02,46.391066032579104
2018-10-03,47.28241907573425
2018-10-04,47.50578210620739
2018-10-05,47.38696882668671
2018-10-08,46.82327508010174
2018-10-09,46.57657314335514
2018-10-10,46.678433521471526
2018-10-11,47.889633089161656
2018-10-12,50.19442774797954
2018-10-15,49.571640675437095
2018-10-16,49.85344153281563
2018-10-17,48.99209471426296
2018-10-18,50.09759438537392
2018-10-19,50.868418560066736
2018-10-22,51.21022718690245
2018-10-23,49.610309613851136
2018-10-24,50.478965184261405
2018-10-25,50.29036476173832
2018-10-26,49.39618258135252
2018-10-29,50.57474861904622
2018-10-30,51.02147776562718
2018-10-31,51.66779806405968
2018-11-01,51.827808773618834
2018-11-02,51.57865997672842
2018-11-05,51.42050821643979
2018-11-06,52.44035806922334
2018-11-07,52.21395309164302
2018-11-08,51.83651924400454
2018-11-09,50.53796926315117
2018-11-12,51.11657178586145
2018-11-13,50.23188901155183
2018-11-14,50.06482135068359
2018-11-15,51.26268048695259
2018-11-16,52.50700454368375
2018-11-19,51.42556672361012
2018-11-20,50.80751348240073
2018-11-21,50.404696900294866
2018-11-23,49.784460480648185
2018-11-26,48.64855689842174
2018-11-27,48.76665930274373
2018-11-28,48.72720609695601
2018-11-29,48.28818848565711
2018-11-30,49.19367278845239
2018-12-03,49.93778183687584
2018-12-04,48.79177424719516
2018-12-06,49.5462070832703
2018-12-07,48.62268514103936
2018-12-10,49.11165463181955
2018-12-11,49.92084057882974
2018-12-12,49.37807284367399
2018-12-13,48.44808539257697
2018-12-14,47.1267733755923
2018-12-17,48.407923018900966
2018-12-18,49.48127773108262
2018-12-19,51.6020582167745
2018-12-20,52.433193145548536
2018-12-21,51.362957397862345
2018-12-24,50.27489121699233
2018-12-26,49.11251078869827
2018-12-27,50.008345508441415
2018-12-28,50.06211125510048
2018-12-31,49.18694120170022
2019-01-02,49.09250420582875
2019-01-03,49.79075007162497
2019-01-04,49.71880602311785
2019-01-07,49.14119587042046
2019-01-08,50.11448018520322
2019-01-09,49.73015911250769
2019-01-10,49.27353106454028
2019-01-11,49.3088783544571
2019-01-14,48.15843168944439
2019-01-15,50.05520708589598
2019-01-16,51.80521677761623
2019-01-17,49.6309105194515
2019-01-18,48.66722120670572
2019-01-22,50.0530743717467
2019-01-23,50.54458750182242
2019-01-24,49.79288160496736
2019-01-25,50.46128017669931
2019-01-28,48.59806425157523
2019-01-29,48.36213474310227
2019-01-30,48.470643579114366
2019-01-31,48.74728709847519
2019-02-01,50.5160393429794
2019-02-04,49.15688366740526
2019-02-05,48.42570106528555
2019-02-06,48.040682611040964
2019-02-07,49.10435307176936
2019-02-08,48.016977913533424
2019-02-11,47.621560575452655
2019-02-12,47.934424460947106
2019-02-13,48.57477735068267
2019-02-14,49.26344106191406
2019-02-15,48.75366119542407
2019-02-19,48.23156347030054
2019-02-20,48.67805863554658
2019-02-21,48.09780827543117
2019-02-22,48.652952492148636
2019-02-25,49.387360495433825
2019-02-26,48.67643898380931
2019-02-27,49.48566634129645
2019-02-28,49.85393520479673
2019-03-01,49.77016467819376
2019-03-04,49.0147908325784
2019-03-05,49.041215641654325
2019-03-06,49.12122870987209
2019-03-07,48.45929816183763
2019-03-08,51.179122354883084
2019-03-11,51.04333082916383
2019-03-12,51.508150478393304
2019-03-13,52.66666810260489
2019-03-14,52.12955807309172
2019-03-15,52.28337335781454
2019-03-18,52.172270512222305
2019-03-19,51.24427841506285
2019-03-20,50.41212750172934
2019-03-21,50.384822443721156
2019-03-22,49.51855689987516
2019-03-25,48.25459195490579
2019-03-26,48.24337021746197
2019-03-27,47.082655160917014
2019-03-28,49.29434650151968
2019-03-29,50.1018579821142
2019-04-01,51.53493777602099
2019-04-02,49.59959896997634
2019-04-03,50.2436823006545
2019-04-04,49.09220505628698
2019-04-05,49.677492163020545
2019-04-08,49.3216669109698
2019-04-09,49.48609222650032
2019-04-10,49.91202026183957
2019-04-11,48.80437093208743
2019-04-12,47.208144512599894
2019-04-15,46.5411744907189
2019-04-16,46.12793862895928
2019-04-17,45.862487287074764
2019-04-18,46.52396780732834
2019-04-22,46.048988388313745
2019-04-23,46.344773371566305
2019-04-24,46.037067717096285
2019-04-25,46.72417264746097
2019-04-26,46.72834254257994
2019-04-29,46.48156398719597
2019-04-30,46.064283162921335
2019-05-01,45.10027915125074
2019-05-02,44.63634053135827
2019-05-03,44.369040183164564
2019-05-06,44.241067300195255
2019-05-07,44.616585954348324
2019-05-08,44.87863198993236
2019-05-09,43.82507165326846
2019-05-10,43.64765492890612
2019-05-13,42.929835527053065
2019-05-14,42.4157459071962
2019-05-15,41.501624935829824
2019-05-16,41.5769378281405
2019-05-17,42.71978277486241
2019-05-20,43.570795835071905
2019-05-21,45.05908116838907
2019-05-22,44.620319029561685
2019-05-23,45.16065669177361
2019-05-24,45.17960192551732
2019-05-28,46.049319786218256
2019-05-29,45.36646277144512
2019-05-30,45.56234528857912
2019-05-31,45.56737577692493
2019-06-03,46.13622277900068
2019-06-04,46.45045054602027
2019-06-05,45.8042381704079
2019-06-06,45.33866467706373
2019-06-07,45.29956393933739
2019-06-10,45.26963345238049
2019-06-11,45.78366369508792
2019-06-12,45.248070329727305
2019-06-13,45.930606347002644
2019-06-14,47.37662428214621
2019-06-17,48.128633442449775
2019-06-18,46.82000121579649
2019-06-19,48.11907658910607
2019-06-20,47.27664947608012
2019-06-21,47.47816639122967
2019-06-24,47.19292345590149
2019-06-25,47.71591493809329
2019-06-26,46.908155254265786
2019-06-27,46.685234472759575
2019-06-28,47.71245766734044
2019-07-01,47.404632461436684
2019-07-02,47.61087755127992
2019-07-03,47.07771610591323
2019-07-05,47.48940798290493
2019-07-08,47.346927812340645
2019-07-09,46.68991953398677
2019-07-10,46.70871451965333
2019-07-11,46.16744006639202
2019-07-12,46.65504239357402
2019-07-15,46.05668046270311
2019-07-16,46.40326287214433
2019-07-17,46.22985986862236
2019-07-18,46.438862995598235
2019-07-19,46.6508371305724
2019-07-22,48.38068314495729
2019-07-23,48.3848833233858
2019-07-24,47.916020251090885
2019-07-25,48.927262732811585
2019-07-26,49.751571678427574
2019-07-29,48.64653453015989
2019-07-30,48.627504471066274
2019-07-31,48.368206160501636
2019-08-01,48.25084452296236
2019-08-02,48.124237121717776
2019-08-05,47.669298168452144
2019-08-06,47.87095574079856
2019-08-07,46.68382250267536
2019-08-08,46.37445421158878
2019-08-09,45.28414755568841
2019-08-12,44.95076683909943
2019-08-13,44.553382424849914
2019-08-14,43.556322247161575
2019-08-15,44.95340237582792
2019-08-16,46.62633058785926
2019-08-19,46.26632316138096
2019-08-20,47.1885972657974
2019-08-21,47.09334100023795
2019-08-22,45.68919744873083
2019-08-23,47.16602217108619
2019-08-26,47.05362748723978
2019-08-27,46.9388403430139
2019-08-28,46.73786797626056
2019-08-29,46.094586421889346
2019-08-30,46.185845074958095
2019-09-03,46.69763001801013
2019-09-04,47.73849902574234
2019-09-05,47.41376619241996
2019-09-06,48.08354679819492
2019-09-09,48.90641803387395
2019-09-10,51.33836761771562
2019-09-11,52.12998883305093
2019-09-12,52.422223793814865
2019-09-13,53.1372119022538
2019-09-16,52.862850432816906
2019-09-17,53.71344451642708
2019-09-18,52.22596213433694
2019-09-19,52.66651057105502
2019-09-20,53.35302548364284
2019-09-23,52.97433555061983
2019-09-24,52.90108904758816
2019-09-25,54.73322912145045
2019-09-26,54.194526363834356
2019-09-27,52.636806149337005
2019-09-30,50.6825473219084
2019-10-01,52.61231056128171
2019-10-02,50.9781150430912
2019-10-03,50.9371420675059
2019-10-04,50.18920956918488
2019-10-07,50.088325191012935
2019-10-08,49.39703305063636
2019-10-09,48.8518102363869
2019-10-10,50.11187345109271
2019-10-11,50.17859342956773
2019-10-14,49.75371606563979
2019-10-15,50.40856247569241
2019-10-16,51.34076674598365
2019-10-17,52.251151165750855
2019-10-18,52.87010252081278
2019-10-21,52.06949275494373
2019-10-22,51.16016420185565
2019-10-23,50.78424216123421
2019-10-24,50.571296989793765
2019-10-25,49.962179706615736
2019-10-28,48.89780260261952
2019-10-29,47.677374073261475
2019-10-30,47.11032976148426
2019-10-31,48.29825520225552
2019-11-01,48.012630434950886
2019-11-04,47.9319515049301
2019-11-05,48.961506219191364
2019-11-06,49.69544570351248
2019-11-07,49.537688547459936
2019-11-08,49.309001421705396
2019-11-11,49.50792079738609
2019-11-12,47.70871276693229
2019-11-13,47.016594678476025
2019-11-14,46.477758343590374
2019-11-15,45.917112489404836
2019-11-18,46.86116478020476
2019-11-19,46.953296480192634
2019-11-20,47.00638925481572
2019-11-21,47.64633096690365
2019-11-22,46.971551304484706
2019-11-25,48.44214114774693
2019-11-26,48.6498655012018
2019-11-27,49.37245462584895
2019-11-29,49.29744545597959
2019-12-02,49.17528314130178
2019-12-03,47.65627680417964
2019-12-04,48.42891910083104
2019-12-05,47.940200246086924
2019-12-06,50.63964953662716
2019-12-09,52.54742184635581
2019-12-10,51.52306485013591
2019-12-11,52.46138018304508
2019-12-12,51.86028098663326
2019-12-13,52.939439318514445
2019-12-16,54.97455024313864
2019-12-17,54.7072105386991
2019-12-18,55.29911782324921
2019-12-19,54.76710471085077
2019-12-20,53.31435418241848
2019-12-23,53.662025625713355
2019-12-24,55.316806677906854
2019-12-26,56.17700997746289
2019-12-27,54.372188836491596
2019-12-30,53.05885335678801
2019-12-31,55.04256048995102
2020-01-02,56.72096792639133
2020-01-03,55.539895710367794
2020-01-06,56.2181743904587
2020-01-07,55.0040914568583
2020-01-08,53.93832429891864
2020-01-09,55.463040065054436
2020-01-10,55.35657403443974
2020-01-13,55.402030282686034
2020-01-14,56.56869272433392
2020-01-15,56.19102226637177
2020-01-16,56.960656377130164
2020-01-17,58.585535883421414
2020-01-21,58.769234373327684
2020-01-22,59.98781170321739
2020-01-23,60.7135284506791
2020-01-24,60.86858077057198
2020-01-27,59.58882457058388
2020-01-28,58.5658680070524
2020-01-29,59.76868237766607
2020-01-30,59.15993279763789
2020-01-31,58.93681439269463
2020-02-03,57.821583526005725
2020-02-04,58.15778693727698
2020-02-05,57.66728350274877
2020-02-06,56.858098706964334
2020-02-07,56.86648143394596
2020-02-10,57.34329776062646
2020-02-11,56.28764015350718
2020-02-12,54.96619090866731
2020-02-13,54.094476176699494
2020-02-14,53.684890344334804
2020-02-18,54.12150842382774
2020-02-19,53.301360668181765
2020-02-20,53.3934717986596
2020-02-21,52.16953024720832
2020-02-24,52.57536378328951
2020-02-25,51.63072298986268
2020-02-26,52.09086181891898
2020-02-27,52.04553920315762
2020-02-28,54.237277274452474
2020-03-02,56.61780881652642
2020-03-03,54.27596439682812
2020-03-04,53.809568989235835
2020-03-05,52.52471839990969
2020-03-06,51.564716604457175
2020-03-09,50.35726851921704
2020-03-10,51.366361930201876
2020-03-11,50.85245984176612
2020-03-12,50.8493599071818
2020-03-13,49.7147752754053
2020-03-16,51.618844636283946
2020-03-17,50.56556684289326
2020-03-18,49.10718500478594
2020-03-19,50.350563063270556
2020-03-20,47.762745556710655
2020-03-23,48.955205912416055
2020-03-24,49.23984182490304
2020-03-25,47.667839330725215
2020-03-26,48.36345374549752
2020-03-27,49.32378600773975
2020-03-30,49.09263031349447
2020-03-31,49.123532087435656
2020-04-01,50.335437103511715
2020-04-02,49.207514627116154
2020-04-03,50.244722997994074
2020-04-06,51.192976078288275
2020-04-07,51.307184646753356
2020-04-08,50.65024613988814
2020-04-09,49.884186594167815
2020-04-13,49.880717234244926
2020-04-14,50.98612851467264
2020-04-15,49.01224865404377
2020-04-16,49.32474263283476
2020-04-17,49.05482028090498
2020-04-20,49.944826417341815
2020-04-21,51.032016359546866
2020-04-22,49.88912457091038
2020-04-23,50.78716126164773
2020-04-24,50.11604063574879
2020-04-27,50.965980631986895
2020-04-28,50.94592540370581
2020-04-29,51.233668024516604
2020-04-30,50.816810716712325
2020-05-01,50.38580172459398
2020-05-04,50.34511692699746
2020-05-05,50.966204047351226
2020-05-06,51.42712155987305
2020-05-07,52.497729728183124
2020-05-08,50.989395996168504
2020-05-11,52.696352935591904
2020-05-12,51.878137672584565
2020-05-13,52.3688840075509
2020-05-14,52.775782814830926
2020-05-15,53.233995127825025
2020-05-18,54.43633277961327
2020-05-19,55.35020256902067
2020-05-20,53.80430454933012
2020-05-21,54.589563934564744
2020-05-22,55.64669197630156
2020-05-26,55.39540760978783
2020-05-27,56.448033679758204
2020-05-28,56.501826568906445
2020-05-29,56.00474513998891
2020-06-01,55.78666330426793
2020-06-02,56.49587143257756
2020-06-03,56.124897738214926
2020-06-04,54.478162390485885
2020-06-05,53.74592120565314
2020-06-08,53.3419846139046
2020-06-09,54.262331134254524
2020-06-10,54.82872538730939
2020-06-11,53.51328023422545
2020-06-12,54.05551280330287
2020-06-15,54.48100220001426
2020-06-16,55.23942850099597
2020-06-17,53.84756100363931
2020-06-18,54.42013312592238
2020-06-19,54.185214040202595
2020-06-22,55.459424579782876
2020-06-23,55.79325244485741
2020-06-24,54.93839817094
2020-06-25,55.811582939599404
2020-06-26,58.34444838612144
2020-06-29,59.76732354583804
2020-06-30,59.6169418020979
2020-07-01,61.373626164286975
2020-07-02,58.63067778210294
2020-07-06,59.31550619814822
2020-07-07,61.01736203888289
2020-07-08,61.89253931833034
2020-07-09,63.79027522743157
2020-07-10,61.98850646642118
2020-07-13,62.338676126549984
2020-07-14,62.26310290967049
2020-07-15,62.2092241669772
2020-07-16,60.103962865379266
2020-07-17,60.4991997987438
2020-07-20,60.01981413404856
2020-07-21,61.91856476779343
2020-07-22,61.02221453039598
2020-07-23,59.501943578943205
2020-07-24,61.33189548909709
2020-07-27,60.55545892974958
2020-07-28,59.31706118931949
2020-07-29,59.09748140684089
2020-07-30,56.83975011941704
2020-07-31,57.323435804735844
2020-08-03,55.64268581906152
2020-08-04,56.619568383387566
2020-08-05,55.279118062281604
2020-08-06,56.623887592086945
2020-08-07,57.61034634777293
2020-08-10,57.372581742191656
2020-08-11,58.376986138602824
2020-08-12,58.374134564315376
2020-08-13,61.20560724944942
2020-08-14,60.23371540416311
2020-08-17,59.463839752828534
2020-08-18,59.19974567345199
2020-08-19,58.71228907364019
2020-08-20,58.691804907883736
2020-08-21,57.763690165731326
2020-08-24,57.37261992403272
2020-08-25,56.804457014557194
2020-08-26,57.431472896554894
2020-08-27,56.99878869317169
2020-08-28,58.059572919925095
2020-08-31,57.23861364376824
2020-09-01,56.31940399948457
2020-09-02,55.48143566557076
2020-09-03,54.81406062390001
2020-09-04,54.55513039547905
2020-09-08,54.84605520742151
2020-09-09,54.21084019954493
2020-09-10,53.43966066078568
2020-09-11,54.005872947397876
2020-09-14,53.50399722526967
2020-09-15,56.83231493341193
2020-09-16,56.764780394217745
2020-09-17,56.9883081310978
2020-09-18,55.8702751156786
2020-09-21,56.35185923380811
2020-09-22,55.20977348939282
2020-09-23,56.55282732391042
2020-09-24,56.366656083027614
2020-09-25,55.885457919735885
2020-09-28,55.19863087797602
2020-09-29,55.32354385462294
2020-09-30,55.239716233226204
2020-10-01,54.128151834473265
2020-10-02,55.37815094475151
2020-10-05,56.068781414683
2020-10-06,56.33264503879883
2020-10-07,54.682709351915065
2020-10-08,53.391836693872506
2020-10-09,55.046050591311435
2020-10-12,54.85319036839648
2020-10-13,55.25888813214242
2020-10-14,55.94747625866537
2020-10-15,55.63500193325511
2020-10-16,53.58863729791343
2020-10-19,53.81311161112972
2020-10-20,54.16349888018946
2020-10-21,52.29427324262034
2020-10-22,52.447820126316984
2020-10-23,52.22568197252746
2020-10-26,52.478185025349546
2020-10-27,52.88244518413701
2020-10-28,53.31819834117977
2020-10-29,54.21238499152811
2020-10-30,54.55590383464804
2020-11-02,54.88884960924321
2020-11-03,54.28509240817259
2020-11-04,54.325632483593964
2020-11-05,53.02025983550321
2020-11-06,53.102893131514314
2020-11-09,52.20657494415475
2020-11-10,52.160293991490505
2020-11-11,52.05017728960957
2020-11-12,52.727227228524384
2020-11-13,51.65191509466618
2020-11-16,50.910496147989356
2020-11-17,50.172458924158846
2020-11-18,49.90100177262329
2020-11-19,48.92644721182298
2020-11-20,49.17644311582389
2020-11-23,49.08424599033541
2020-11-24,49.118605686197
2020-11-25,49.83882700211205
2020-11-27,49.195737984065744
2020-11-30,49.96151051793874
2020-12-01,51.29049037999791
2020-12-02,51.16141646857722
2020-12-03,50.580585316014066
2020-12-04,51.66002690141459
2020-12-07,52.344418220813886
2020-12-08,52.3905587452022
2020-12-09,53.98232533151043
2020-12-10,52.077230400389176
2020-12-11,52.53079934132385
2020-12-14,52.20255158491576
2020-12-15,52.57713955595018
2020-12-16,50.9126952774643
2020-12-17,51.769660067100126
2020-12-18,50.16500344875846
2020-12-21,50.43044976846136
2020-12-22,50.30947842419127
2020-12-23,51.142678438411494
2020-12-24,49.471247504961
2020-12-28,49.58622439188971
2020-12-29,48.76116820585975
2020-12-30,48.55193073256485
2020-12-31,48.93813664397515
2021-01-04,48.92911632726969
2021-01-05,47.73425592406703
2021-01-06,48.41411027711072
2021-01-07,48.52534304921057
2021-01-08,51.06726994639931
2021-01-11,50.603466813689906
2021-01-12,49.58149238342664
2021-01-13,49.0955350049121
2021-01-14,48.74606804594418
2021-01-15,50.51887438321782
2021-01-19,50.861416635185705
2021-01-20,51.33750395216342
2021-01-21,52.05878015509876
2021-01-22,51.16462957447986
2021-01-25,49.19562786102631
2021-01-26,50.277792923005975
2021-01-27,50.68184410166539
2021-01-28,49.20405028230675
2021-01-29,48.33089940892371
2021-02-01,49.64541670418396
2021-02-02,49.89065328816051
2021-02-03,50.29902179013201
2021-02-04,51.39299555134597
2021-02-05,51.58339093709472
2021-02-08,51.54681090927622
2021-02-09,50.55580644306804
2021-02-10,49.758025908739164
2021-02-11,49.07345712322596
2021-02-12,50.28829697107418
2021-02-16,51.91385004863462
2021-02-17,52.259533995994
2021-02-18,52.5435201670167
2021-02-19,52.28800609390664
2021-02-22,52.0438330962225
2021-02-23,52.16597704162739
2021-02-24,54.20473306921592
2021-02-25,56.79683588253808
2021-02-26,57.046540325939205
2021-03-01,55.69403473579991
2021-03-02,57.180369864692175
2021-03-03,57.47100261380693
2021-03-04,58.145576913784616
2021-03-05,59.843904380034964
2021-03-08,60.97063441462109
2021-03-09,62.11748768528856
2021-03-10,61.80241188321571
2021-03-11,61.7251786785178
2021-03-12,60.38911448511807
2021-03-15,59.8503702843253
2021-03-16,59.13068098526117
2021-03-17,59.63282206822533
2021-03-18,61.79148764941321
2021-03-19,61.89451844120393
2021-03-22,62.6954884957943
2021-03-23,63.60663674707477
2021-03-24,64.62881544430229
2021-03-25,64.23621787705422
2021-03-26,64.56073737692476
2021-03-29,62.75251923521487
2021-03-30,64.0623438363212
2021-03-31,64.64276200179879
2021-04-01,64.22010591298915
2021-04-05,63.38890448043109
2021-04-06,62.08964327142283
2021-04-07,63.797481967577724
2021-04-08,62.17774352576051
2021-04-09,63.971383478596096
2021-04-12,63.32064526049081
2021-04-13,62.81468788010506
2021-04-14,62.29924005228489
2021-04-15,62.1101272778821
2021-04-16,61.66159138521379
2021-04-19,62.472356438920016
2021-04-20,61.57102005121424
2021-04-21,61.598990133085884
2021-04-22,61.374804637713524
2021-04-23,60.15358079553942
2021-04-26,59.12787203202361
2021-04-27,59.538410070410016
2021-04-28,60.475524807424
2021-04-29,60.57686681295027
2021-04-30,59.91329762038288
2021-05-03,59.17636812718093
2021-05-04,58.070082635039604
2021-05-05,55.71185955997342
2021-05-06,54.566477053627366
2021-05-07,57.04430444872993
2021-05-10,58.25493047003658
2021-05-11,59.11653263076179
2021-05-12,60.077001123125484
2021-05-13,61.36032719144787
2021-05-14,60.90302138684459
2021-05-17,63.17117233708999
2021-05-18,61.274102122466786
2021-05-19,60.46002906095425
2021-05-20,60.411283794917715
2021-05-21,62.954900502206826
2021-05-24,64.18033260777027
2021-05-25,65.02541827415806
2021-05-26,64.60378786552728
2021-05-27,62.75399822239175
2021-05-28,61.83702696861162
2021-06-01,59.18879954556625
2021-06-02,59.10815219054487
2021-06-03,60.41124187207779
2021-06-04,60.36298798809728
2021-06-07,59.854597862541
2021-06-08,59.93258899301703
2021-06-09,59.01833507885711
2021-06-10,59.73091252825932
2021-06-11,60.93450530312478
2021-06-14,61.95399451328363
2021-06-15,60.109876042314255
2021-06-16,62.034222341667046
2021-06-17,61.83455515131039
2021-06-18,60.77212441262007
2021-06-21,61.11739539340569
2021-06-22,59.83977489448107
2021-06-23,60.983542886912
2021-06-24,60.61031502922703
2021-06-25,60.90660711587154
2021-06-28,63.516717892164266
2021-06-29,64.50241472195098
2021-06-30,64.17806770676222
2021-07-01,63.315230686475346
2021-07-02,63.34679141870227
2021-07-06,63.316926905256715
2021-07-07,62.544013931227845
2021-07-08,64.5702790289546
2021-07-09,64.86170454858413
2021-07-12,65.32110234049755
2021-07-13,63.38489480198591
2021-07-14,64.48407738738493
2021-07-15,63.69091207893447
2021-07-16,64.7577174795599
2021-07-19,64.93019481848762
2021-07-20,66.23599355263046
2021-07-21,65.15529738969425
2021-07-22,63.89084764905841
2021-07-23,63.76913738412243
2021-07-26,61.68338020336337
2021-07-27,62.808889699313895
2021-07-28,62.49112265173305
2021-07-29,62.209671153155696
2021-07-30,62.31565560705641
2021-08-02,63.369626668194314
2021-08-03,66.36717064369648
2021-08-04,67.97183788449743
2021-08-05,70.30266825971061
2021-08-06,71.20690308758658
2021-08-09,73.40524773791502
2021-08-10,71.61682277049849
2021-08-11,74.33626679901639
2021-08-12,75.2039833282509
2021-08-13,76.56188967487984
2021-08-16,78.29889233473205
2021-08-17,79.5480529721318
2021-08-18,79.21298210113574
2021-08-19,81.84029572613223
2021-08-20,81.22663653973163
2021-08-23,83.19695776549139
2021-08-24,85.12838710211302
2021-08-25,81.52938217200771
2021-08-26,81.51419581503333
2021-08-27,81.10241476688967
2021-08-30,81.43161662129847
2021-08-31,83.54853011006547
2021-09-01,82.65588869318013
2021-09-02,82.3457889059755
2021-09-03,81.96545659639446
2021-09-07,83.4704911964576
2021-09-08,86.08938448105042
2021-09-09,85.2287149339862
2021-09-10,84.46916578947157
2021-09-13,83.12979577657123
2021-09-14,84.11829221303975
2021-09-15,86.09094141109347
2021-09-16,86.43418825794141
2021-09-17,83.93509293573754
2021-09-20,82.70249852294273
2021-09-21,85.62794530285626
2021-09-22,86.0181006605197
2021-09-23,89.1917897501224
2021-09-24,91.3351129730823
2021-09-27,91.5394475190315
2021-09-28,89.67025030281198
2021-09-29,89.60856230591888
2021-09-30,90.6461393882389
2021-10-01,90.83174053255536
2021-10-04,92.12242949720977
2021-10-05,93.51545044537025
2021-10-06,93.18329344478533
2021-10-07,95.38879139629745
2021-10-08,95.64946941029912
2021-10-11,95.54780588473038
2021-10-12,95.2666754335851
2021-10-13,96.66402624160375
2021-10-14,96.93322792107973
2021-10-15,98.46676776414539
2021-10-18,98.76634789841142
2021-10-19,100.4813322778669
2021-10-20,99.81612589646757
2021-10-21,100.46415275653757
2021-10-22,99.45821031833245
2021-10-25,100.67375476345582
2021-10-26,100.13905791958399
2021-10-27,98.07031267305115
2021-10-28,98.86675764232606
2021-10-29,99.50994347065335
2021-11-01,100.36473154348157
2021-11-02,100.0203835260333
2021-11-03,99.3920949520714
2021-11-04,99.76483337201954
2021-11-05,97.89338428085001
2021-11-08,97.24987282037098
2021-11-09,95.85006957688496
2021-11-10,92.52589620749774
2021-11-11,92.63872469475457
2021-11-12,90.08612655258065
2021-11-15,90.20955680473887
2021-11-16,91.05320150683022
2021-11-17,91.20150137104314
2021-11-18,90.86695831346987
2021-11-19,90.26626808057154
2021-11-22,89.91778002312782
2021-11-23,90.76966846661233
2021-11-24,88.81940819255907
2021-11-26,87.3527378979379
2021-11-29,86.97792848082145
2021-11-30,85.70813370196112
2021-12-01,88.2618012755687
2021-12-02,90.6387739819018
2021-12-03,87.72438315947143
2021-12-06,88.06845476850684
2021-12-07,88.872731934615
2021-12-08,87.54671454821356
2021-12-09,87.90688771010807
2021-12-10,86.66586139362082
2021-12-13,86.00065597558824
2021-12-14,83.3455875985019
2021-12-15,83.29480274952301
2021-12-16,82.84690783329862
2021-12-17,82.5789536623532
2021-12-20,82.52315128527789
2021-12-21,82.54123478585443
2021-12-22,81.39948925099033
2021-12-23,81.98336731424607
2021-12-27,82.9281763385607
2021-12-28,84.04154777936277
2021-12-29,81.79869428273732
2021-12-30,86.08320568433362
2021-12-31,84.50580811349415
2022-01-03,83.20077830503931
2022-01-04,82.17594809625761
2022-01-05,79.42189959842277
2022-01-06,80.19119058948804
2022-01-07,79.45379435569707
2022-01-10,78.94528898873789
2022-01-11,77.36253063872174
2022-01-12,75.68380157194194
2022-01-13,77.31763906244898
2022-01-14,78.27600554916955
2022-01-18,79.2270322472281
2022-01-19,80.23559256473364
2022-01-20,80.28353925898422
2022-01-21,76.98347598280942
2022-01-24,77.34442642980879
2022-01-25,77.4756283701337
2022-01-26,77.26013449560334
2022-01-27,76.13878413861762
2022-01-28,74.5540599669056
2022-01-31,75.98693326862417
2022-02-01,76.78672506292413
2022-02-02,76.3986787220547
2022-02-03,77.20178894279022
2022-02-04,75.56664217390907
2022-02-07,76.26113652662222
2022-02-08,76.46491808824156
2022-02-09,75.59812918626741
2022-02-10,75.94180011462068
2022-02-11,75.99497176658024
2022-02-14,76.93743809362584
2022-02-15,77.64541363578405
2022-02-16,79.84030324491931
2022-02-17,80.77008573708386
2022-02-18,79.18454802341518
2022-02-22,79.105922070165
2022-02-23,78.41761702535763
2022-02-24,77.20018924216858
2022-02-25,77.19837208240193
2022-02-28,77.05820683020566
2022-03-01,75.86663529946502
2022-03-02,74.92304393957123
2022-03-03,72.91323451523309
2022-03-04,71.77032654683222
2022-03-07,74.58908163525265
2022-03-08,76.44824797549641
2022-03-09,76.9582766959236
2022-03-10,78.53287915869196
2022-03-11,79.78630775759508
2022-03-14,78.82388985902031
2022-03-15,75.45622033397962
2022-03-16,77.06442198202234
2022-03-17,80.38516412733176
2022-03-18,80.53973861541165
2022-03-21,83.14904670655974
2022-03-22,81.64777497257928
2022-03-23,82.53481095815702
2022-03-24,81.28276299542237
2022-03-25,81.74861080200996
2022-03-28,80.91821319050814
2022-03-29,80.81607526512205
2022-03-30,82.6117175505121
2022-03-31,84.588584943791
2022-04-01,87.26711969889966
2022-04-04,88.36055672722424
2022-04-05,91.65118174944764
2022-04-06,89.56889425289619
2022-04-07,91.5459990498
2022-04-08,92.43659627657728
2022-04-11,93.51528403983748
2022-04-12,92.85627186851353
2022-04-13,93.96888343392668
2022-04-14,97.6981311059843
2022-04-18,96.9175301224633
2022-04-19,96.03548359421997
2022-04-20,94.27483652285487
2022-04-21,90.87097606444843
2022-04-22,92.61611165108823
2022-04-25,93.79589100371076
2022-04-26,94.41783288965793
2022-04-27,93.12979992403268
2022-04-28,94.638910188892
2022-04-29,98.44211437182875
2022-05-02,96.22143817227261
2022-05-03,101.43081545485734
2022-05-04,102.17864795270977
2022-05-05,101.58999247182521
2022-05-06,103.1055465015949
2022-05-09,101.90728911146495
2022-05-10,104.43441582297152
2022-05-11,105.33333909604838
2022-05-12,105.61574906793174
2022-05-13,104.64268744911156
2022-05-16,104.58686844473198
2022-05-17,105.9112154342534
2022-05-18,106.57788016255599
2022-05-19,106.05860932137305
2022-05-20,107.01413574693171
2022-05-23,108.48144568645748
2022-05-24,106.77007366982838
2022-05-25,107.60841867806171
2022-05-26,107.17062489237617
2022-05-27,112.99880706459885
2022-05-31,112.19210365656826
2022-06-01,112.80900169436326
2022-06-02,111.7007933212277
2022-06-03,108.10494040462834
2022-06-06,107.10329912652924
2022-06-07,105.70618127815528
2022-06-08,103.84966060153594
2022-06-09,100.67366469300164
2022-06-10,100.88006331201495
2022-06-13,101.69421300159556
2022-06-14,102.3590977508991
2022-06-15,104.23182795704255
2022-06-16,106.09586832823244
2022-06-17,104.15288133268122
2022-06-21,103.47581442678903
2022-06-22,104.1307651229989
2022-06-23,102.03713750870187
2022-06-24,101.09043529362833
2022-06-27,98.56108076040479
2022-06-28,93.31822855588698
2022-06-29,95.13804104756396
2022-06-30,94.69338591105657
2022-07-01,96.96293207960487
2022-07-05,94.63088780236589
2022-07-06,97.09119892618504
2022-07-07,98.26927062324727
2022-07-08,100.90692934641812
2022-07-11,102.04704310020816
2022-07-12,102.19039333956606
2022-07-13,107.93873834320894
2022-07-14,109.74503122105536
2022-07-15,106.0185594880288
2022-07-18,104.67135165059821
2022-07-19,105.72661387853759
2022-07-20,103.55791227181241
2022-07-21,102.77930421697403
2022-07-22,103.71292114512785
2022-07-25,105.84753859554517
2022-07-26,106.54373352907423
2022-07-27,106.99963292606876
2022-07-28,108.24614205334747
2022-07-29,104.49908234261648
2022-08-01,105.02898022273635
2022-08-02,109.94812104388383
2022-08-03,113.03901760015012
2022-08-04,111.84882557487647
2022-08-05,111.65249390925122
2022-08-08,115.28639158350022
2022-08-09,113.47091683638457
2022-08-10,115.01254675236973
2022-08-11,117.3379015253292
2022-08-12,119.4161031114896
2022-08-15,116.78491611534255
2022-08-16,117.98503514823018
2022-08-17,115.82781433020875
2022-08-18,115.62905422286974
2022-08-19,116.61561289451001
2022-08-22,115.58642526812007
2022-08-23,116.55038859585527
2022-08-24,120.6009631908709
2022-08-25,117.43074635080198
2022-08-26,120.72598629602732
2022-08-29,124.11165613661522
2022-08-30,125.40888652522507
2022-08-31,123.77426610994719
2022-09-01,122.3143653819099
2022-09-02,126.87650433407049
2022-09-06,127.89023166240707
2022-09-07,128.02245551703683
2022-09-08,128.07792578268325
2022-09-09,126.52902707789937
2022-09-12,125.88905487220936
2022-09-13,127.07376752353997
2022-09-14,131.6871389549017
2022-09-15,126.98671855190034
2022-09-16,125.03984152262674
2022-09-19,123.47270394490714
2022-09-20,122.90640305398124
2022-09-21,118.88087260751225
2022-09-22,120.0222021606842
2022-09-23,121.35421578630093
2022-09-26,123.40313892963975
2022-09-27,125.69706013722649
2022-09-28,126.01773049989076
2022-09-29,127.4652055017418
2022-09-30,125.03122133277616
2022-10-03,127.4854065015222
2022-10-04,126.63778848666138
2022-10-05,124.43130564306088
2022-10-06,120.98374152148655
2022-10-07,120.53962256283955
2022-10-10,120.10565871054648
2022-10-11,120.04360441441523
2022-10-12,119.1924256191904
2022-10-13,117.7208596891011
2022-10-14,118.27134720016711
2022-10-17,117.29790987163423
2022-10-18,115.59404837698573
2022-10-19,112.0815969508504
2022-10-20,111.63486775965305
2022-10-21,105.73906450025216
2022-10-24,105.30366892058416
2022-10-25,106.76148097489299
2022-10-26,106.4419261591891
2022-10-27,107.21026403543763
2022-10-28,109.50915541200698
2022-10-31,114.444221809957
2022-11-01,113.06028079761882
2022-11-02,114.63438106773982
2022-11-03,116.28999842133202
2022-11-04,119.88555204484393
2022-11-07,123.43345471633037
2022-11-08,126.31987458382149
2022-11-09,127.63926933511371
2022-11-10,129.6661086059788
2022-11-11,133.4888131392076
2022-11-14,134.923846013468
2022-11-15,135.30151114166318
2022-11-16,138.87964624086598
2022-11-17,143.73761123659492
2022-11-18,143.14064351510063
2022-11-21,143.39232943968827
2022-11-22,145.81597614143112
2022-11-23,142.26937075006975
2022-11-25,138.6451385248541
2022-11-28,136.52940329929118
2022-11-29,135.54413143283628
2022-11-30,134.21499797655153
2022-12-01,134.07550300300935
2022-12-02,133.85725977838717
2022-12-05,130.98797078007956
2022-12-06,130.15981041751266
2022-12-07,124.96596862243948
2022-12-08,126.71652065018371
2022-12-09,130.31696818130087
2022-12-12,131.41464109039495
2022-12-13,130.22221063261802
2022-12-14,133.8201794021513
2022-12-15,129.85007142989997
2022-12-16,129.21164642290375
2022-12-19,129.03730011581595
2022-12-20,128.2587527262031
2022-12-21,130.06085169742548
2022-12-22,130.18809126877645
2022-12-23,126.07700485038352
2022-12-27,124.0330686915144
2022-12-28,123.47982309692371
2022-12-29,123.09083009996104
2022-12-30,127.15931720487023
2023-01-03,128.5003120004263
2023-01-04,129.66542168868833
2023-01-05,134.05253615204504
2023-01-06,135.1937255223447
2023-01-09,135.83121491524727
2023-01-10,137.50075626629794
2023-01-11,132.43171747554342
2023-01-12,132.07302698859272
2023-01-13,133.2658578666672
2023-01-17,133.5881633315615
2023-01-18,136.78499182108075
2023-01-19,135.22087990276998
2023-01-20,137.18827607488305
2023-01-23,138.84057289994246
2023-01-24,135.97119616058507
2023-01-25,137.48604791364554
2023-01-26,136.24908059609956
2023-01-27,137.8150811196911
2023-01-30,135.19742153749576
2023-01-31,135.7496615735144
2023-02-01,136.32509567090986
2023-02-02,137.12621757297563
2023-02-03,132.27617765625635
2023-02-06,131.57896432972726
2023-02-07,129.6472480228009
2023-02-08,130.57070018421962
2023-02-09,128.84838935282556
2023-02-10,126.9606388108707
2023-02-13,126.47921236074028
2023-02-14,125.0986373720738
2023-02-15,122.62204932459302
2023-02-16,121.8142670239601
2023-02-17,117.84257900833316
2023-02-21,117.64610030071022
2023-02-22,115.77964238422112
2023-02-23,115.8964829303402
2023-02-24,115.94450876287812
2023-02-27,115.30977013859922
2023-02-28,115.9492690919571
2023-03-01,118.52805318206958
2023-03-02,116.73845668533926
2023-03-03,117.25359664908355
2023-03-06,118.27855292087376
2023-03-07,115.94778545955954
2023-03-08,117.14733152676266
2023-03-09,112.95729438428684
2023-03-10,109.64260040523376
2023-03-13,107.02515385758103
2023-03-14,109.71184213627899
2023-03-15,117.17641381450382
2023-03-16,118.48879591709526
2023-03-17,118.87562182026358
2023-03-20,119.61769170953912
2023-03-21,122.40669420199106
2023-03-22,119.73780617146345
2023-03-23,119.28163120954227
2023-03-24,118.4978593244895
2023-03-27,122.61420050614264
2023-03-28,126.25185878226434
2023-03-29,127.96543408279713
2023-03-30,125.19817782071162
2023-03-31,123.70988849089579
2023-04-03,118.82125558152269
2023-04-04,119.21630781680491
2023-04-05,121.2625127945043
2023-04-06,118.56193698311235
2023-04-10,118.34953490447263
2023-04-11,118.54821321295587
2023-04-12,117.49553741345188
2023-04-13,118.84718896030276
2023-04-14,121.80530419955439
2023-04-17,124.18724896421023
2023-04-18,123.18319757586023
2023-04-19,124.07065524507685
2023-04-20,121.90136816622659
2023-04-21,121.33015795172514
2023-04-24,129.19139515635348
2023-04-25,136.2117089864069
2023-04-26,137.2798603904163
2023-04-27,140.8183811303741
2023-04-28,142.4787704055426
2023-05-01,143.33147751320593
2023-05-02,146.02090761361018
2023-05-03,146.70558522936014
2023-05-04,141.2587985186024
2023-05-05,142.73516213902423
2023-05-08,143.62971780871206
2023-05-09,146.47821094498133
2023-05-10,150.34175730300984
2023-05-11,146.38994385163434
2023-05-12,148.44701110529263
2023-05-15,149.13520923076328
2023-05-16,144.84007250657444
2023-05-17,141.98671905475558
2023-05-18,135.92287760915116
2023-05-19,127.88477489763463
2023-05-22,129.65753416459697
2023-05-23,131.1385462053353
2023-05-24,136.76025301638998
2023-05-25,133.8442986002564
2023-05-26,133.6924559822391
2023-05-30,134.4833233195967
2023-05-31,135.05560010995097
2023-06-01,135.40814275073834
2023-06-02,136.76049599224925
2023-06-05,135.31606051051617
2023-06-06,135.63218539377453
2023-06-07,135.00379378293655
2023-06-08,128.41609723721447
2023-06-09,128.01223887835604
2023-06-12,129.27180769864285
2023-06-13,129.8942763078465
2023-06-14,130.65309557993947
2023-06-15,125.47442604906139
2023-06-16,128.42930907056814
2023-06-20,126.5124753974368
2023-06-21,129.90153636991775
2023-06-22,133.8692218239295
2023-06-23,135.02203067217008
2023-06-26,139.03652211714953
2023-06-27,136.4467321806256
2023-06-28,138.27191755114933
2023-06-29,142.97782399113223
2023-06-30,145.699790384677
2023-07-03,142.55575279904093
2023-07-05,143.88890088985704
2023-07-06,142.69364245172142
2023-07-07,140.0017930197236
2023-07-10,141.74775896353808
2023-07-11,140.1063933352885
2023-07-12,139.46635670885462
2023-07-13,135.88188868926713
2023-07-14,134.17817138915643
2023-07-17,131.02073128331844
2023-07-18,134.03814854645768
2023-07-19,134.62421531417232
2023-07-20,134.33559160434513
2023-07-21,137.47173420866875
2023-07-24,137.5094052491533
2023-07-25,137.31309247838905
2023-07-26,138.81554254182385
2023-07-27,137.80756148341797
2023-07-28,138.78608744314255
2023-07-31,138.70850615629683
2023-08-01,141.43225824736413
2023-08-02,139.4459520105331
2023-08-03,141.45276696067316
2023-08-04,146.07463075937278
2023-08-07,143.542241413666
2023-08-08,138.43856343904315
2023-08-09,140.0343857653922
2023-08-10,135.5014912091487
2023-08-11,133.83156125949512
2023-08-14,131.69568063273454
2023-08-15,131.99823033659345
2023-08-16,132.0962513529171
2023-08-17,128.08618974841244
2023-08-18,120.55349899839008
2023-08-21,115.75059136613405
2023-08-22,120.58595557942452
2023-08-23,123.99468826762683
2023-08-24,123.78712038570548
2023-08-25,122.84371255076152
2023-08-28,119.17418665261413
2023-08-29,121.0879305864964
2023-08-30,124.16584987707658
2023-08-31,123.82473401378417
2023-09-01,122.47156558552693
2023-09-05,123.16649392682268
2023-09-06,125.81927940231061
2023-09-07,125.14498754613555
2023-09-08,126.38379037661456
2023-09-11,129.36640491683073
2023-09-12,130.16687771684664
2023-09-13,128.91526229293777
2023-09-14,129.71934942669284
2023-09-15,128.11369285300498
2023-09-18,125.48256463723014
2023-09-19,123.91963348461482
2023-09-20,124.51354789342209
2023-09-21,125.47345418005635
2023-09-22,120.28754134717927
2023-09-25,121.1866066824198
2023-09-26,120.12112084329911
2023-09-27,123.92002441234857
2023-09-28,126.00398079290106
2023-09-29,129.64815914485374
2023-10-02,131.65568436655042
2023-10-03,131.65293134013146
2023-10-04,135.7317165777393
2023-10-05,134.70207611660624
2023-10-06,134.09448199953937
2023-10-09,131.9468375667467
2023-10-10,131.30815180819263
2023-10-11,135.9282223152134
2023-10-12,139.45684062279676
2023-10-13,136.65271080433268
2023-10-16,139.6183150592425
2023-10-17,140.55022039567564
2023-10-18,140.10809658786548
2023-10-19,140.58837685156783
2023-10-20,141.96581274441928
2023-10-23,139.62676929568528
2023-10-24,135.2617198443947
2023-10-25,133.195036495459
2023-10-26,133.24501182193907
2023-10-27,131.67655260604909
2023-10-30,134.90260065387434
2023-10-31,135.59188059570465
2023-11-01,135.84314152602528
2023-11-02,139.22828928167027
2023-11-03,140.02038187242712
2023-11-06,136.32542690273127
2023-11-07,134.88612526357815
2023-11-08,135.5168804080918
2023-11-09,138.98678706104076
2023-11-10,142.21160866715655
2023-11-13,137.2792798949841
2023-11-14,133.43860817951835
2023-11-15,134.89744416412094
2023-11-16,136.287909036887
2023-11-17,134.2206200442694
2023-11-20,135.66028175028094
2023-11-21,138.08011066683036
2023-11-22,138.99305731807888
2023-11-24,139.34990641244326
2023-11-27,141.3102744475435
2023-11-28,139.31910453951392
2023-11-29,142.42661684266625
2023-11-30,148.17176760097095
2023-12-01,154.68401723934085
2023-12-04,157.3094834199577
2023-12-05,153.33076218811254
2023-12-06,153.14941349358466
2023-12-07,156.56946007178036
2023-12-08,159.64159292647437
2023-12-11,163.01706318599426
2023-12-12,159.6360875240054
2023-12-13,159.1036339288591
2023-12-14,158.3149467641546
2023-12-15,159.13349429371416
2023-12-18,164.8889035386825
2023-12-19,165.9434076026769
2023-12-20,162.937406609124
2023-12-21,152.28396756846442
2023-12-22,155.84168327114583
2023-12-26,157.9424980687802
2023-12-27,151.20770781929218
2023-12-28,159.28998502162588
2023-12-29,159.74124648689346
2024-01-02,164.77782194715573
2024-01-03,162.97905329145655
2024-01-04,167.91952892076586
2024-01-05,170.99230689725422
2024-01-08,169.31535874791967
2024-01-09,166.77763695957117
2024-01-10,168.1974071057868
2024-01-11,163.9765233499006
2024-01-12,168.26495524627455
2024-01-16,168.39123162801596
2024-01-17,168.26278126329646
2024-01-18,170.05761812239172
2024-01-19,171.59533891908657
2024-01-22,169.05159678322246
2024-01-23,171.4266242908672
2024-01-24,171.74503332124155
2024-01-25,168.08291152827204
2024-01-26,171.39091491422752
2024-01-29,172.76327541159543
2024-01-30,172.72162208026913
2024-01-31,169.0693199441996
2024-02-01,164.86936500371826
2024-02-02,165.96215821909706
2024-02-05,162.0029046175802
2024-02-06,158.84272626252707
2024-02-07,159.24174800825904
2024-02-08,160.3633699240909
2024-02-09,153.85382265194437
2024-02-12,154.69339150910304
2024-02-13,155.4271017621763
2024-02-14,150.1695822131898
2024-02-15,155.03198600693165
2024-02-16,151.54991592684584
2024-02-20,154.2307619508307
2024-02-21,156.93757385553926
2024-02-22,157.11509532482617
2024-02-23,151.6394407433408
2024-02-26,149.87921369695414
2024-02-27,150.13466533639132
2024-02-28,159.00767912307384
2024-02-29,162.9117707073792
2024-03-01,164.28663465233043
2024-03-04,162.43098586773115
2024-03-05,164.03381869288907
2024-03-06,163.72369589115794
2024-03-07,164.7852842604901
2024-03-08,165.25872002183067
2024-03-11,161.32620048227875
2024-03-12,159.76548317630167
2024-03-13,154.786038768316
2024-03-14,158.2046412037575
2024-03-15,161.46778143952122
2024-03-18,162.08357350999816
2024-03-19,158.60353029758036
2024-03-20,159.72648234343194
2024-03-21,160.9480903227415
2024-03-22,163.63856013287744
2024-03-25,157.03191870118016
2024-03-26,155.32365951542357
2024-03-27,157.8016117916056
2024-03-28,154.34536109352055
2024-04-01,151.44387400560203
2024-04-02,149.31704695895635
2024-04-03,146.805364081926
2024-04-04,147.37839268508299
2024-04-05,149.75857825093468
2024-04-08,148.8499299657778
2024-04-09,151.9878206594754
2024-04-10,152.07190044779813
2024-04-11,150.37479347336108
2024-04-12,149.9131603464437
2024-04-15,148.44629745611306
2024-04-16,152.89777197323554
2024-04-17,148.67025175704674
2024-04-18,146.13476037146933
2024-04-19,146.37021806918935
2024-04-22,147.583723035293
2024-04-23,145.44203410800534
2024-04-24,143.30439323110878
2024-04-25,142.96708818200136
2024-04-26,145.05688803465426
2024-04-29,143.2581470352894
2024-04-30,143.54967222879404
2024-05-01,142.24565900396294
2024-05-02,142.55378021309804
2024-05-03,139.98765195891139
2024-05-06,138.89949609466845
2024-05-07,142.04672240663436
2024-05-08,142.76895865274707
2024-05-09,145.24837354737235
2024-05-10,143.27678494891555
2024-05-13,143.6138761174862
2024-05-14,143.82295654595686
2024-05-15,143.19499749914658
2024-05-16,143.35264531506786
2024-05-17,144.665602012264
2024-05-20,138.61611985120706
2024-05-21,139.16475728152508
2024-05-22,136.8242103547553
2024-05-23,137.70832352264998
2024-05-24,138.39891876332385
2024-05-28,141.5864920523473
2024-05-29,135.9707495715318
2024-05-30,132.8339179983517
2024-05-31,130.69356988523896
2024-06-03,133.18382048062028
2024-06-04,131.20337390867434
2024-06-05,133.36236611314786
2024-06-06,133.8094575739534
2024-06-07,135.85026285646566
2024-06-10,136.45224217383287
2024-06-11,139.7568566383074
2024-06-12,138.93638947892185
2024-06-13,139.436625384508
2024-06-14,139.2888024008446
2024-06-17,139.78417043573663
2024-06-18,135.86715454097808
2024-06-20,139.38616042803727
2024-06-21,143.73742363314636
2024-06-24,144.919067984683
2024-06-25,140.33362844221838
2024-06-26,139.68895377274734
2024-06-27,141.0075283010603
2024-06-28,138.76402336175678
2024-07-01,135.94111765227441
2024-07-02,135.6279744933693
2024-07-03,138.41336701304812
2024-07-05,133.92637420792138
2024-07-08,133.96795499282723
2024-07-09,135.04585187928296
2024-07-10,135.84466742658563
2024-07-11,136.18476164923462
2024-07-12,136.6150920514816
2024-07-15,136.21569433928144
2024-07-16,135.1889310984556
2024-07-17,138.31067556814048
2024-07-18,139.77686716965172
2024-07-19,135.64899588955922
2024-07-22,138.12315960480524
2024-07-23,140.54529959119333
2024-07-24,139.28884377616828
2024-07-25,142.61123688753955
2024-07-26,140.52675395700692
2024-07-29,138.96826964059107
2024-07-30,136.14039278549492
2024-07-31,135.85204296346615
2024-08-01,137.79446523376026
2024-08-02,142.62680523238043
2024-08-05,141.9004637188582
2024-08-06,146.6142754513536
2024-08-07,148.76297094002908
2024-08-08,149.67217229058227
2024-08-09,147.9330006447053
2024-08-12,153.9613029880311
2024-08-13,146.40050555738205
2024-08-14,148.71830090628058
2024-08-15,151.0438209435093
2024-08-16,145.9926800020174
2024-08-19,150.55049024026962
2024-08-20,150.65951207862238
2024-08-21,152.34461366825235
2024-08-22,152.0114745825811
2024-08-23,147.60327517427578
2024-08-26,145.7621867783451
2024-08-27,148.80092304431864
2024-08-28,150.09182969588653
2024-08-29,149.44216160603585
2024-08-30,151.15718748300412
2024-09-03,151.77686226153597
2024-09-04,153.34192202794557
2024-09-05,146.65167350163352
2024-09-06,143.22926368498295
2024-09-09,145.95324624767633
2024-09-10,151.40413400979588
2024-09-11,151.35654045113364
2024-09-12,154.0021932517688
2024-09-13,157.84401218979878
2024-09-16,162.11617810260208
2024-09-17,160.2928339286379
2024-09-18,158.03028707713472
2024-09-19,163.53755846448135
2024-09-20,161.04799012635178
2024-09-23,162.3945726242899
2024-09-24,161.34133039070593
2024-09-25,156.75324690213947
2024-09-26,163.8158022329223
2024-09-27,165.95599710819488
2024-09-30,165.62179522574482
2024-10-01,166.68302309337184
2024-10-02,166.74630475500584
2024-10-03,169.8081294800769
2024-10-04,172.19002410188747
2024-10-07,177.1216398865218
2024-10-08,169.23259027509079
2024-10-09,171.15172468937158
2024-10-10,164.31890152022945
2024-10-11,161.319981367463
2024-10-14,158.68094848786393
2024-10-15,155.47655518909048
2024-10-16,153.92985933423614
2024-10-17,152.61771496809817
2024-10-18,156.49941707087132
2024-10-21,152.1759376250826
2024-10-22,150.21340258842582
2024-10-23,152.36469252190867
2024-10-24,153.68716634128083
2024-10-25,158.0842535870263
2024-10-28,155.55982485151299
2024-10-29,152.81661822894037
2024-10-30,148.47838733965492
2024-10-31,152.93446249564198
2024-11-01,148.3634487932684
2024-11-04,156.0435756815577
2024-11-05,157.51217708615638
2024-11-06,158.3455900796808
2024-11-07,151.18299207081867
2024-11-08,153.98772503754654
2024-11-11,153.55763396117698
2024-11-12,154.01362718471054
2024-11-13,160.79930877036
2024-11-14,163.20306525733346
2024-11-15,161.99900580113984
2024-11-18,161.37778369680922
2024-11-19,160.229497614503
2024-11-20,162.36057610153532
2024-11-21,163.66813359251955
2024-11-22,163.70602820877264
2024-11-25,159.02968116549897
2024-11-26,159.2057550723064
2024-11-27,156.68842809217566
2024-11-29,157.43487996828105
2024-12-02,157.2541498557713
2024-12-03,153.02576970091468
2024-12-04,158.57694673373686
2024-12-05,155.6130977953473
2024-12-06,150.10078460963467
2024-12-09,151.14955155960084
2024-12-10,147.90376180873696
2024-12-11,150.81319158656214
2024-12-12,155.16168156979606
2024-12-13,152.91836208848306
2024-12-16,157.34507212614236
2024-12-17,157.65790695132767
2024-12-18,160.49917133837843
2024-12-19,158.19156412052465
2024-12-20,158.86899362416284
2024-12-23,154.30737595425046
2024-12-24,151.8899396605251
2024-12-26,157.337452916611
2024-12-27,155.3641498549031
2024-12-30,154.83990787710195
2024-12-31,154.15759161077904
2025-01-02,152.8661242674993
2025-01-03,151.7663527493944
2025-01-06,153.0581929255774
2025-01-07,157.1465618902867
2025-01-08,159.1331403909094
2025-01-10,153.66027942842052
2025-01-13,152.1617040111178
2025-01-14,149.41882619290826
2025-01-15,153.31662436583707
2025-01-16,153.41344216273245
2025-01-17,149.04266358831129
2025-01-21,150.79749417781787
2025-01-22,148.45025108162014
2025-01-23,152.1185356447283
2025-01-24,152.77738129925183
2025-01-27,154.77599072880912
2025-01-28,155.12962253433724
2025-01-29,158.37995880167725
2025-01-30,159.35210757653127
2025-01-31,155.70358942848532
2025-02-03,155.46594272409024
2025-02-04,160.13867898555992
2025-02-05,163.4089962112477
2025-02-06,161.89745804095836
2025-02-07,157.05788671280865
2025-02-10,163.48612107943444
2025-02-11,161.2711190049702
2025-02-12,161.49182085821687
2025-02-13,162.60213182340286
2025-02-14,167.10919447284883
2025-02-18,167.18794037817415
2025-02-19,164.91140001731728
2025-02-20,164.28864749687517
2025-02-21,166.75965767031593
2025-02-24,163.41476309564683
2025-02-25,167.63868708111897
2025-02-26,166.75970251671612
2025-02-27,167.43923644883458
2025-02-28,166.09704642248616
2025-03-03,167.2921156522128
2025-03-04,168.3110366955385
2025-03-05,169.12283834084118
2025-03-06,170.94755323209998
2025-03-07,168.67862533282386
2025-03-10,167.0200939222764
2025-03-11,175.24565570954533
2025-03-12,175.82973105659707
2025-03-13,175.56327879084768
2025-03-14,179.5089151134315
2025-03-17,179.68752760678692
2025-03-18,182.3764478653443
2025-03-19,185.13328497799392
2025-03-20,182.71051787192093
2025-03-21,177.17183057721834
2025-03-24,176.65649562934058
2025-03-25,178.36410040188812
2025-03-26,180.3891279130441
2025-03-27,177.20874125858393
2025-03-28,172.70282544293931
2025-03-31,168.74157116939597
2025-04-01,167.03614608214826
2025-04-02,167.85445319432716
2025-04-03,168.54888891953618
2025-04-04,164.995499283362
2025-04-07,168.06999669534562
2025-04-08,173.08904155514608
2025-04-09,167.2317708220088
2025-04-10,172.39979844977034
2025-04-11,177.6845444166666
2025-04-14,172.62113048481254
2025-04-15,174.46419222532174
2025-04-16,174.32011819348622
2025-04-17,178.28803426827486
2025-04-21,180.5919904131409
2025-04-22,186.13912081127714
2025-04-23,184.69960487244447
2025-04-24,184.0369585748492
2025-04-25,181.36675441133985
2025-04-28,177.25285916874273
2025-04-29,181.65692404309422
2025-04-30,174.7794050624052
2025-05-01,176.11111851000177
2025-05-02,170.3244006505877
2025-05-05,172.7063046028371
2025-05-06,166.3283140472291
2025-05-07,167.80269657444492
2025-05-08,165.9663540151434
2025-05-09,163.85995937880898
2025-05-12,157.6632204826168
2025-05-13,158.21035003750953
2025-05-14,159.23150516880736
2025-05-15,157.03002554955359
2025-05-16,156.09422801016814
2025-05-19,156.60847362096294
2025-05-20,156.76391233554898
2025-05-21,161.38676484599523
2025-05-22,161.15092865362718
2025-05-23,161.58428320441735
2025-05-27,165.36607092871284
2025-05-28,160.39698600298985
2025-05-29,166.07753046700003
2025-05-30,164.7004195358377
2025-06-02,167.4744435547267
2025-06-03,164.84574572148534
2025-06-04,164.73962989010738
2025-06-05,165.8293169050415
2025-06-06,159.5403789247576
2025-06-09,154.72202528559973
2025-06-10,160.9382797013309
2025-06-11,164.3931703461
2025-06-12,165.70502066082895
2025-06-13,170.89235821903696
2025-06-16,169.97912559190027
2025-06-17,162.62582127335273
2025-06-18,161.0290162204951
2025-06-20,161.93376814341264
2025-06-23,159.52108388072799
2025-06-24,161.49244392635399
2025-06-25,163.26886126405643
2025-06-26,168.7752288378739
2025-06-27,166.1154550230751
2025-06-30,162.8096928829071
2025-07-01,162.69150656485624
2025-07-02,158.9698314742281
2025-07-03,154.63397721592762
2025-07-07,155.75957054085384
2025-07-08,156.85272950989528
2025-07-09,147.31036535229046
2025-07-10,146.27571736698783
2025-07-11,144.84695017538206
