Date,Close
2000-01-04,0.0870375037193298
2000-01-05,0.08768921487724435
2000-01-06,0.07917399645959303
2000-01-07,0.07676341971320022
2000-01-10,0.07707123200662072
2000-01-11,0.07987862833090731
2000-01-12,0.08262417034600625
2000-01-13,0.08647365406192921
2000-01-14,0.08583499942069228
2000-01-18,0.0803443650329223
2000-01-19,0.0821030952993088
2000-01-20,0.08220569904692522
2000-01-21,0.08228623946806382
2000-01-24,0.07807631295299752
2000-01-25,0.07528965991982468
2000-01-26,0.07893747237893205
2000-01-27,0.07823930112503638
2000-01-28,0.07358356230875808
2000-01-31,0.07448789768252416
2000-02-01,0.07323394375533555
2000-02-02,0.07443379248828655
2000-02-03,0.07480985834673248
2000-02-04,0.07251373852151444
2000-02-07,0.0729431425459227
2000-02-08,0.07287237414780998
2000-02-09,0.07595747381838149
2000-02-10,0.07749412470949833
2000-02-11,0.07897309529552853
2000-02-14,0.08134107621537054
2000-02-15,0.08387022951233655
2000-02-16,0.08722075892135338
2000-02-17,0.08443060534948929
2000-02-18,0.08676208390604491
2000-02-22,0.08506240066071658
2000-02-23,0.0826363302042412
2000-02-24,0.08218979281002527
2000-02-25,0.07981184002104033
2000-02-28,0.07996409044962952
2000-02-29,0.07922757723293529
2000-03-01,0.07981722711278762
2000-03-02,0.07667596823386674
2000-03-03,0.07686103293565297
2000-03-06,0.0790165734433755
2000-03-07,0.0793648939785843
2000-03-08,0.08117974184411605
2000-03-09,0.08249894743422143
2000-03-10,0.08678340968901359
2000-03-13,0.08995856827043404
2000-03-14,0.08837458959804169
2000-03-15,0.08667300790662356
2000-03-16,0.0848115291748474
2000-03-17,0.08356702964540903
2000-03-20,0.08078844103207088
2000-03-21,0.08009909931460676
2000-03-22,0.081401300214004
2000-03-23,0.07890660288664444
2000-03-24,0.08291877467922283
2000-03-27,0.07729185255595751
2000-03-28,0.06852689827502625
2000-03-29,0.06953357130968167
2000-03-30,0.0668552619190691
2000-03-31,0.06766422520984035
2000-04-03,0.06735570295489854
2000-04-04,0.063632929152228
2000-04-05,0.06277729364595794
2000-04-06,0.0641652814749227
2000-04-07,0.059560743991590975
2000-04-10,0.06031347300943307
2000-04-11,0.06587211608564077
2000-04-12,0.06820877388235938
2000-04-13,0.0689684352626571
2000-04-14,0.07055418466530024
2000-04-17,0.0705360120747433
2000-04-18,0.07275759475478905
2000-04-19,0.07085993324665853
2000-04-20,0.07339479583518678
2000-04-24,0.0740969617138652
2000-04-25,0.07090815091469194
2000-04-26,0.07233102117853527
2000-04-27,0.06974065609126993
2000-04-28,0.06465465437271066
2000-05-01,0.06256643310015404
2000-05-02,0.06394243354105382
2000-05-03,0.06261274053553727
2000-05-04,0.0639258648514909
2000-05-05,0.06341991847416577
2000-05-08,0.06310975768857893
2000-05-09,0.0639068806340767
2000-05-10,0.06557889055922538
2000-05-11,0.06571106497509902
2000-05-12,0.06231446744890129
2000-05-15,0.060575668416417275
2000-05-16,0.059982815772653
2000-05-17,0.06297523685445544
2000-05-18,0.060560910004520095
2000-05-19,0.0643725431218587
2000-05-22,0.06668730942796368
2000-05-23,0.061162544267657284
2000-05-24,0.061730621382491954
2000-05-25,0.05765385611314256
2000-05-26,0.055944278165068646
2000-05-30,0.059419928746932894
2000-05-31,0.059297545993149604
2000-06-01,0.060427329074400966
2000-06-02,0.05970972258267266
2000-06-05,0.0612600526713678
2000-06-06,0.06085406817367811
2000-06-07,0.0553069219508172
2000-06-08,0.05375478096334435
2000-06-09,0.055404768383260965
2000-06-12,0.05368773768132881
2000-06-13,0.056514194626269956
2000-06-14,0.056755935341665
2000-06-15,0.0574227879629305
2000-06-16,0.06163283973183923
2000-06-19,0.06323320054998254
2000-06-20,0.061530830534958614
2000-06-21,0.05955320408837743
2000-06-22,0.05570452487322842
2000-06-23,0.05541113694850155
2000-06-26,0.059018705330936214
2000-06-27,0.05704916615498946
2000-06-28,0.058586180165480735
2000-06-29,0.057450169022275975
2000-06-30,0.060160195921884714
2000-07-03,0.058530141285093734
2000-07-05,0.059358039632245486
2000-07-06,0.05966312968826114
2000-07-07,0.05861172020360525
2000-07-10,0.05647713470396959
2000-07-11,0.05566097481428674
2000-07-12,0.05370334108860123
2000-07-13,0.052260930411698166
2000-07-14,0.057701175994887235
2000-07-17,0.05628089424064507
2000-07-18,0.053812493117196644
2000-07-19,0.05612087883400855
2000-07-20,0.055047069921055417
2000-07-21,0.054042973688705295
2000-07-24,0.05117343882032618
2000-07-25,0.04803950073527266
2000-07-26,0.04966294103458194
2000-07-27,0.04826516504212487
2000-07-28,0.0477952260686425
2000-07-31,0.04919606002993629
2000-08-01,0.04887640890640943
2000-08-02,0.04725815832412289
2000-08-03,0.04708805430334184
2000-08-04,0.04711914653927991
2000-08-07,0.04944322187244165
2000-08-08,0.049289434397533825
2000-08-09,0.04723118472935728
2000-08-10,0.04591783255225223
2000-08-11,0.04386144535891478
2000-08-14,0.04306578736549658
2000-08-15,0.04238182941404006
2000-08-16,0.04188024547605178
2000-08-17,0.042027674609169556
2000-08-18,0.04234737960805219
2000-08-21,0.04082981983290421
2000-08-22,0.04154138927376917
2000-08-23,0.03993987707821935
2000-08-24,0.039907957030040464
2000-08-25,0.03858932502229424
2000-08-28,0.037225294235870086
2000-08-29,0.035842462779763044
2000-08-30,0.036281285216968634
2000-08-31,0.035105229428092515
2000-09-01,0.03846425872693848
2000-09-05,0.03906895763734551
2000-09-06,0.038965924750516454
2000-09-07,0.039394100726823575
2000-09-08,0.039892645667286224
2000-09-11,0.04310124616213958
2000-09-12,0.0422368307931175
2000-09-13,0.041848285497543734
2000-09-14,0.03859941398222696
2000-09-15,0.038743960686617826
2000-09-18,0.03857564481040021
2000-09-19,0.03954880445641712
2000-09-20,0.03709729160351357
2000-09-21,0.03877838018681468
2000-09-22,0.04055125459251924
2000-09-25,0.04063191540500698
2000-09-26,0.041031463123423734
2000-09-27,0.038670990748009636
2000-09-28,0.03860893938495563
2000-09-29,0.037537422950640255
2000-10-02,0.035397129733417375
2000-10-03,0.03446018505568887
2000-10-04,0.03523679648542916
2000-10-05,0.03591601551201455
2000-10-06,0.03711301944562352
2000-10-09,0.037607666560404755
2000-10-10,0.03730365261637645
2000-10-11,0.0360615248472839
2000-10-12,0.038314065467747536
2000-10-13,0.03639325888679031
2000-10-16,0.0369725140163303
2000-10-17,0.037474420679446396
2000-10-18,0.035889413148565856
2000-10-19,0.034406158631880165
2000-10-20,0.03392679256933513
2000-10-23,0.03451844132349851
2000-10-24,0.03406184105924667
2000-10-25,0.03393850985901748
2000-10-26,0.034042895216703305
2000-10-27,0.0333999072385421
2000-10-30,0.03367621331774795
2000-10-31,0.03535157184761958
2000-11-01,0.03494157477945482
2000-11-02,0.03559498238149833
2000-11-03,0.036340256280294726
2000-11-06,0.036091111478091735
2000-11-07,0.0374137542424805
2000-11-08,0.036935290445375336
2000-11-09,0.03912988013094217
2000-11-10,0.03909147467982581
2000-11-13,0.03885875636230036
2000-11-14,0.039254800380525846
2000-11-15,0.03798217301680268
2000-11-16,0.035058903865684436
2000-11-17,0.03481969687011016
2000-11-20,0.03385684901514852
2000-11-21,0.03409986898561636
2000-11-22,0.03240150709084777
2000-11-24,0.03186608259710795
2000-11-27,0.03208625503699738
2000-11-28,0.033237275841258546
2000-11-29,0.0332507560218922
2000-11-30,0.03254979972179919
2000-12-01,0.034181434286406964
2000-12-04,0.03251501655568535
2000-12-05,0.031191456560101798
2000-12-06,0.030810462145386765
2000-12-07,0.02968300476343687
2000-12-08,0.02832164512417588
2000-12-11,0.02926478371562182
2000-12-12,0.028579952698281553
2000-12-13,0.026854247775840254
2000-12-14,0.029334545514834047
2000-12-15,0.02950497504620813
2000-12-18,0.029980900104808843
2000-12-19,0.028806167571427847
2000-12-20,0.028319462945862715
2000-12-21,0.027605894286552274
2000-12-22,0.026586662348246227
2000-12-26,0.02634407540191787
2000-12-27,0.02660545117498147
2000-12-28,0.026768934988468964
2000-12-29,0.029833935347357156
2001-01-02,0.031086795991634966
2001-01-03,0.03134635473812545
2001-01-04,0.03210879272677892
2001-01-05,0.03330260797419815
2001-01-08,0.032069884417331676
2001-01-09,0.03294759244317512
2001-01-10,0.030954098570952285
2001-01-11,0.02941649375217967
2001-01-12,0.028917755646901827
2001-01-16,0.03008070110166708
2001-01-17,0.030338769468781626
2001-01-18,0.03018905309565359
2001-01-19,0.030728573865306776
2001-01-22,0.03145814767089932
2001-01-23,0.031514221456727165
2001-01-24,0.03195657538636077
2001-01-25,0.03378586411749315
2001-01-26,0.034959959634242865
2001-01-29,0.035670541415839634
2001-01-30,0.03543457857775391
2001-01-31,0.033972777925145636
2001-02-01,0.031854821029507326
2001-02-02,0.03294765016883627
2001-02-05,0.03281663639181883
2001-02-06,0.032828044400640105
2001-02-07,0.033010672026819045
2001-02-08,0.03265813669808184
2001-02-09,0.032287181060724535
2001-02-12,0.03230926880573279
2001-02-13,0.03291172707063322
2001-02-14,0.03352855808548793
2001-02-15,0.03444968892190574
2001-02-16,0.03423319539224477
2001-02-20,0.03551399501694201
2001-02-21,0.03509143092106134
2001-02-22,0.03519189192183224
2001-02-23,0.03306544137415105
2001-02-26,0.035090208725085476
2001-02-27,0.035481480997354466
2001-02-28,0.03443107857667331
2001-03-01,0.033479497785094146
2001-03-02,0.0330035875739053
2001-03-05,0.03263945575580345
2001-03-06,0.033055028329616716
2001-03-07,0.03360050190867529
2001-03-08,0.03269515167023999
2001-03-09,0.035305965758085055
2001-03-12,0.036816967508881734
2001-03-13,0.03535436930395574
2001-03-14,0.03752653206435873
2001-03-15,0.03799774343779372
2001-03-16,0.04045540211691246
2001-03-19,0.03747625659636337
2001-03-20,0.03482946476279599
2001-03-21,0.033961529817058515
2001-03-22,0.034895737833405764
2001-03-23,0.035863030706384386
2001-03-26,0.0355303705554806
2001-03-27,0.03766376936173236
2001-03-28,0.039030875823851494
2001-03-29,0.036886379070418855
2001-03-30,0.03537871969744374
2001-04-02,0.0343378570388857
2001-04-03,0.03361764196280903
2001-04-04,0.03248219141782041
2001-04-05,0.033762472867350256
2001-04-06,0.035219522936273465
2001-04-09,0.03711157073999587
2001-04-10,0.03650452815424067
2001-04-11,0.03509131268779842
2001-04-12,0.035613611476909966
2001-04-16,0.033721019039558854
2001-04-17,0.03523238428389732
2001-04-18,0.03586518254782379
2001-04-19,0.03560139092996094
2001-04-20,0.035957106577962646
2001-04-23,0.034027998689539984
2001-04-24,0.03423159511913265
2001-04-25,0.03483258024775064
2001-04-26,0.033744744317483664
2001-04-27,0.031099589624792017
2001-04-30,0.032526424807981125
2001-05-01,0.03438981497542262
2001-05-02,0.03464540911096779
2001-05-03,0.03565743540974598
2001-05-04,0.035784525602950194
2001-05-07,0.03529909067570392
2001-05-08,0.03356934564793682
2001-05-09,0.0335295908723709
2001-05-10,0.034433253214651266
2001-05-11,0.03457116876275687
2001-05-14,0.03272142771452357
2001-05-15,0.03153782256674177
2001-05-16,0.031297336044713873
2001-05-17,0.028947828636780217
2001-05-18,0.031130953391390635
2001-05-21,0.029586614432818948
2001-05-22,0.028300619503109546
2001-05-23,0.02756377272573633
2001-05-24,0.027410178903973056
2001-05-25,0.02813434558164797
2001-05-29,0.028397229196714863
2001-05-30,0.02772775650356931
2001-05-31,0.027468355521387173
2001-06-01,0.02680259987888784
2001-06-04,0.024824607569828468
2001-06-05,0.024089928471055833
2001-06-06,0.025019171247880098
2001-06-07,0.024352512824619595
2001-06-08,0.02359219017458582
2001-06-11,0.02394463733298649
2001-06-12,0.026101010906080108
2001-06-13,0.02485167646722203
2001-06-14,0.023953005132085713
2001-06-15,0.023175802908937043
2001-06-18,0.022404280115146582
2001-06-19,0.0228901855394886
2001-06-20,0.02424609099888562
2001-06-21,0.025368847833399228
2001-06-22,0.025435267126965127
2001-06-25,0.025166527494082623
2001-06-26,0.023836555789256798
2001-06-27,0.023218850512089165
2001-06-28,0.022756610617053297
2001-06-29,0.022272823961197664
2001-07-02,0.024169851980141373
2001-07-03,0.02472314494216851
2001-07-05,0.024031542263574887
2001-07-06,0.02390509559661491
2001-07-09,0.024930775247002684
2001-07-10,0.025577328518053583
2001-07-11,0.02490382848611252
2001-07-12,0.024210032591583153
2001-07-13,0.02271222854102969
2001-07-16,0.02317292415834397
2001-07-17,0.021868489861944333
2001-07-18,0.02250569586770658
2001-07-19,0.022864474768591596
2001-07-20,0.022987308887902493
2001-07-23,0.022863086710220568
2001-07-24,0.021210226207091943
2001-07-25,0.02207159298978252
2001-07-26,0.02188773785298812
2001-07-27,0.023253603885935042
2001-07-30,0.023969771597965227
2001-07-31,0.02350871206462276
2001-08-01,0.023421439194962583
2001-08-02,0.022590461866393307
2001-08-03,0.022485791311392264
2001-08-06,0.022894809599321057
2001-08-07,0.023633191816512158
2001-08-08,0.02510797886836581
2001-08-09,0.02549863179725686
2001-08-10,0.025429557359407946
2001-08-13,0.02775592201420644
2001-08-14,0.027897594954229724
2001-08-15,0.02972771179239182
2001-08-16,0.02981854789968488
2001-08-17,0.029586750847743124
2001-08-20,0.029237414378456783
2001-08-21,0.028150142450870774
2001-08-22,0.0278031451976336
2001-08-23,0.029499802496331908
2001-08-24,0.02937421793841017
2001-08-27,0.02926316283658698
2001-08-28,0.02809142975666378
2001-08-29,0.02860333356205018
2001-08-30,0.02712357400147448
2001-08-31,0.026852406671332662
2001-09-04,0.026970772027871383
2001-09-05,0.02811464411143828
2001-09-06,0.02993085140162686
2001-09-07,0.02901741172878525
2001-09-10,0.029777790048824224
2001-09-17,0.03141371164809177
2001-09-18,0.03004412470338947
2001-09-19,0.028559484142727166
2001-09-20,0.027133299976393875
2001-09-21,0.02613089369906774
2001-09-24,0.02739198943776228
2001-09-25,0.025958195362326596
2001-09-26,0.026337124097245375
2001-09-27,0.02504145099225653
2001-09-28,0.026004306995514117
2001-10-01,0.028997308439819774
2001-10-02,0.029047023925877855
2001-10-03,0.02971706744364586
2001-10-04,0.028981800260344012
2001-10-05,0.02962710316534589
2001-10-08,0.028433340284870174
2001-10-09,0.0271567731312057
2001-10-10,0.025149478709354616
2001-10-11,0.025686500924990738
2001-10-12,0.026416517954103623
2001-10-15,0.026800648390585755
2001-10-16,0.0262573506748328
2001-10-17,0.027546371378736816
2001-10-18,0.026979061149209626
2001-10-19,0.02681464114247615
2001-10-22,0.025667898778857487
2001-10-23,0.025337839410402466
2001-10-24,0.02560853775423013
2001-10-25,0.025867278297911803
2001-10-26,0.02744994562668144
2001-10-29,0.027701600885269198
2001-10-30,0.026645624407988684
2001-10-31,0.02667750824850007
2001-11-01,0.027683379870127284
2001-11-02,0.02769057626709493
2001-11-05,0.029890069841224498
2001-11-06,0.030351893943836215
2001-11-07,0.029876971913813426
2001-11-08,0.03051258756253912
2001-11-09,0.02945375317900769
2001-11-12,0.029358388390026885
2001-11-13,0.028269333130211814
2001-11-14,0.028998659275930715
2001-11-15,0.030996671561452065
2001-11-16,0.02996888083354098
2001-11-19,0.03301387185883178
2001-11-20,0.03127831162326786
2001-11-21,0.029317941846324927
2001-11-23,0.02988353943217443
2001-11-26,0.0299106542586062
2001-11-27,0.028614490231897362
2001-11-28,0.02868543800243482
2001-11-29,0.030379534594817657
2001-11-30,0.028967144339775208
2001-12-03,0.02772144391456924
2001-12-04,0.029100649408616314
2001-12-05,0.029538511965570616
2001-12-06,0.027957608308648216
2001-12-07,0.02886370681860165
2001-12-10,0.026761191952325368
2001-12-11,0.02576859048149157
2001-12-12,0.02543115796171393
2001-12-13,0.024863192046781266
2001-12-14,0.024907912355254132
2001-12-17,0.023774939232327295
2001-12-18,0.02441582954423321
2001-12-19,0.024920769756152154
2001-12-20,0.02507746847426341
2001-12-21,0.025513718121921408
2001-12-24,0.024694135214780203
2001-12-26,0.025895868311243873
2001-12-27,0.027302137927862295
2001-12-28,0.026374580224248344
2001-12-31,0.027452365986184814
2002-01-02,0.026890455631764346
2002-01-03,0.02667812478635813
2002-01-04,0.026854205500125235
2002-01-07,0.02768733926883042
2002-01-08,0.025849548731212247
2002-01-09,0.025803462116686802
2002-01-10,0.026401365856462976
2002-01-11,0.024179360152729215
2002-01-14,0.026244969405314424
2002-01-15,0.025167510541872582
2002-01-16,0.024684050500494072
2002-01-17,0.024421431172192528
2002-01-18,0.02403047761628167
2002-01-22,0.024034999744407634
2002-01-23,0.02453334475151051
2002-01-24,0.023668877102274062
2002-01-25,0.02342093146426146
2002-01-28,0.022698079188885664
2002-01-29,0.02242170841381857
2002-01-30,0.02242455350424878
2002-01-31,0.02241206647681048
2002-02-01,0.021344411094392585
2002-02-04,0.02076350059704934
2002-02-05,0.021640261335035237
2002-02-06,0.021442892352328814
2002-02-07,0.02042824553031523
2002-02-08,0.020381802836930595
2002-02-11,0.020210334553383294
2002-02-12,0.01939221725010635
2002-02-13,0.018541582395001643
2002-02-14,0.01880639932618231
2002-02-15,0.019967588429362346
2002-02-19,0.020235094384550765
2002-02-20,0.020151453707450938
2002-02-21,0.019012958227475427
2002-02-22,0.018664973118583807
2002-02-25,0.018085971428497362
2002-02-26,0.018148912314039287
2002-02-27,0.018922045491563545
2002-02-28,0.02056521425256949
2002-03-01,0.019812202791502392
2002-03-04,0.019674379904058775
2002-03-05,0.019445623682497512
2002-03-06,0.0196739118541448
2002-03-07,0.01800990829297317
2002-03-08,0.017753915917055718
2002-03-11,0.018416586963591747
2002-03-12,0.018460287982587524
2002-03-13,0.02057385312016221
2002-03-14,0.01997271350099557
2002-03-15,0.01950854059786367
2002-03-18,0.019600297269647463
2002-03-19,0.020352480446062016
2002-03-20,0.021152962521107474
2002-03-21,0.021758518211616923
2002-03-22,0.02117045922446842
2002-03-25,0.020668086196695353
2002-03-26,0.020987903057253645
2002-03-27,0.02139223510756013
2002-03-28,0.020101171796636595
2002-04-01,0.021304989631437694
2002-04-02,0.022011628873833972
2002-04-03,0.022171319539951634
2002-04-04,0.021452726753997713
2002-04-05,0.022016106320175515
2002-04-08,0.021912642647686786
2002-04-09,0.022702127847091733
2002-04-10,0.022467641355962544
2002-04-11,0.02303252088469954
2002-04-12,0.02221106484632962
2002-04-15,0.022581807915711335
2002-04-16,0.021944957006740373
2002-04-17,0.023905168634787376
2002-04-18,0.024798556655539053
2002-04-19,0.026663292799571508
2002-04-22,0.027342537586713185
2002-04-23,0.026489827794085683
2002-04-24,0.027905668270259816
2002-04-25,0.028103544433772793
2002-04-26,0.02829009318715913
2002-04-29,0.02803513436065406
2002-04-30,0.026600430192528616
2002-05-01,0.027587932234585756
2002-05-02,0.026016576493161556
2002-05-03,0.025456741401386276
2002-05-06,0.02546497363092416
2002-05-07,0.025721354371576025
2002-05-08,0.025291455438001587
2002-05-09,0.02465477793997621
2002-05-10,0.02604694742493754
2002-05-13,0.025684599380175425
2002-05-14,0.0269293715123637
2002-05-15,0.027144232003865485
2002-05-16,0.02677437554199485
2002-05-17,0.02647489647288635
2002-05-20,0.024571336691841295
2002-05-21,0.025439927479725424
2002-05-22,0.02630912356656378
2002-05-23,0.02573661871047948
2002-05-24,0.02537992280496272
2002-05-28,0.02515327644663842
2002-05-29,0.024585195432218068
2002-05-30,0.024925424417417515
2002-05-31,0.023771396534015842
2002-06-03,0.02272667706573689
2002-06-04,0.022461807725689193
2002-06-05,0.02186380167168113
2002-06-06,0.021354892277211834
2002-06-07,0.021172186458682223
2002-06-10,0.01985961099306363
2002-06-11,0.01994499714481497
2002-06-12,0.02072252244124501
2002-06-13,0.021715027795969368
2002-06-14,0.022249323030084575
2002-06-17,0.021740558449403428
2002-06-18,0.022341857240164607
2002-06-19,0.021916805342991216
2002-06-20,0.020796740298803157
2002-06-21,0.020827227705018738
2002-06-24,0.01936732746009168
2002-06-25,0.02041225174829517
2002-06-26,0.020874828963694487
2002-06-27,0.01969323734841996
2002-06-28,0.02043318773335721
2002-07-01,0.02044179825586268
2002-07-02,0.020638680227772724
2002-07-03,0.021109417489260377
2002-07-05,0.020083815628204507
2002-07-08,0.019901346391381105
2002-07-09,0.020876489716940366
2002-07-10,0.020564939527291125
2002-07-11,0.01945121937107969
2002-07-12,0.0200527947232547
2002-07-15,0.02015735421849006
2002-07-16,0.019882379666919033
2002-07-17,0.018870081639189865
2002-07-18,0.01901037818201404
2002-07-19,0.01859291599913791
2002-07-22,0.01960860514810295
2002-07-23,0.019738029546819028
2002-07-24,0.02026769567926788
2002-07-25,0.02141041559341524
2002-07-26,0.021104162964980418
2002-07-29,0.022188977421235406
2002-07-30,0.02148903146141895
2002-07-31,0.020017017489087924
2002-08-01,0.021663100510464862
2002-08-02,0.021577752317125668
2002-08-05,0.022060005279799396
2002-08-06,0.022653972988618445
2002-08-07,0.023860236719531948
2002-08-08,0.02385671455390135
2002-08-09,0.023524923050149155
2002-08-12,0.025058770277208525
2002-08-13,0.024413386846365164
2002-08-14,0.024450566671716745
2002-08-15,0.025912483724501074
2002-08-16,0.026007386263141273
2002-08-19,0.026335700283251783
2002-08-20,0.02732522107189843
2002-08-21,0.026777272696733447
2002-08-22,0.025975128548263397
2002-08-23,0.027119184173210804
2002-08-26,0.02805747681732837
2002-08-27,0.029331663298472314
2002-08-28,0.02941571549860173
2002-08-29,0.029054466458276005
2002-08-30,0.027684332073830444
2002-09-03,0.02778423523347795
2002-09-04,0.029132555972240116
2002-09-05,0.0286015418287637
2002-09-06,0.0291859613622037
2002-09-09,0.029398116297576906
2002-09-10,0.02925449838702043
2002-09-11,0.02937079635150257
2002-09-12,0.03030796769614434
2002-09-13,0.031010763357275945
2002-09-16,0.030677851779995085
2002-09-17,0.029050321293190025
2002-09-18,0.02845710271388434
2002-09-19,0.028120291989656116
2002-09-20,0.028600584638187557
2002-09-23,0.028982438410593815
2002-09-24,0.029774085768337653
2002-09-25,0.02844563251993407
2002-09-26,0.030570889159127885
2002-09-27,0.03054206171062917
2002-09-30,0.03095447934389573
2002-10-01,0.029337991013416553
2002-10-02,0.029353491526823056
2002-10-03,0.028806211031810684
2002-10-04,0.03087768794347606
2002-10-07,0.030722689889314588
2002-10-08,0.030098419583791163
2002-10-09,0.03002200460671348
2002-10-10,0.0314774380071457
2002-10-11,0.03175459961608732
2002-10-14,0.03214889553712008
2002-10-15,0.03106421777819007
2002-10-16,0.03150222215400952
2002-10-17,0.03191315333515113
2002-10-18,0.03263029813863187
2002-10-21,0.030506163929236402
2002-10-22,0.033872716423022406
2002-10-23,0.03443775829971694
2002-10-24,0.03145603862858022
2002-10-25,0.03139809822329287
2002-10-28,0.033122113730861664
2002-10-29,0.035231645308114255
2002-10-30,0.036405886920732884
2002-10-31,0.035832640441211726
2002-11-01,0.03614996711792871
2002-11-04,0.03736250800450649
2002-11-05,0.040103367930953496
2002-11-06,0.04212978964438593
2002-11-07,0.040203082328178825
2002-11-08,0.041158316852990685
2002-11-11,0.03887814678191077
2002-11-12,0.03872026079965131
2002-11-13,0.03703889601002755
2002-11-14,0.03750205269089781
2002-11-15,0.0388048423965216
2002-11-18,0.039602786950345664
2002-11-19,0.03973928781815221
2002-11-20,0.039241000322503904
2002-11-21,0.03832431000365292
2002-11-22,0.03613210815939131
2002-11-25,0.03469528029798788
2002-11-26,0.03319472749033648
2002-11-27,0.03326535223031912
2002-11-29,0.0339717818311445
2002-12-02,0.0345651067122767
2002-12-03,0.03341334606904183
2002-12-04,0.03279585619710574
2002-12-05,0.031923481247582354
2002-12-06,0.03016428141251107
2002-12-09,0.030205820037240143
2002-12-10,0.029673016046624787
2002-12-11,0.030911315675486026
2002-12-12,0.03239971679124977
2002-12-13,0.03361797523430537
2002-12-16,0.03269248831992221
2002-12-17,0.03255347630552541
2002-12-18,0.03228615746951586
2002-12-19,0.03278185497860767
2002-12-20,0.03165373635813342
2002-12-23,0.0313908399470577
2002-12-24,0.0319904035875847
2002-12-26,0.03163204156092891
2002-12-27,0.029752750717617717
2002-12-30,0.03011036625261806
2002-12-31,0.031786526107933095
2003-01-02,0.032328186094046626
2003-01-03,0.03178043903163486
2003-01-06,0.03095021483016087
2003-01-07,0.03164644129254384
2003-01-08,0.03278952454291068
2003-01-09,0.03297018006942578
2003-01-10,0.03199281209097729
2003-01-13,0.03255124042761553
2003-01-14,0.03470995001788269
2003-01-15,0.035477726108201255
2003-01-16,0.03587117163265956
2003-01-17,0.03422121644133849
2003-01-21,0.03623233160336807
2003-01-22,0.032789678024036796
2003-01-23,0.033428021474478056
2003-01-24,0.03205911827151567
2003-01-27,0.030941374956498558
2003-01-28,0.030857821555321272
2003-01-29,0.031226228585203
2003-01-30,0.029204935281305168
2003-01-31,0.028221961262750127
2003-02-03,0.028121089341591795
2003-02-04,0.026477929102382187
2003-02-05,0.027321100593299466
2003-02-06,0.027352987755501858
2003-02-07,0.027667406097337373
2003-02-10,0.028142576510034115
2003-02-11,0.02876207806544809
2003-02-12,0.028359134848103144
2003-02-13,0.029706358553936694
2003-02-14,0.03105270931925736
2003-02-18,0.028402428872961637
2003-02-19,0.029495885531787388
2003-02-20,0.029648456888983803
2003-02-21,0.03115274953971179
2003-02-24,0.030622153218010227
2003-02-25,0.030691134325919283
2003-02-26,0.030772896145324566
2003-02-27,0.02937177605548366
2003-02-28,0.030053784874436724
2003-03-03,0.029661274058013384
2003-03-04,0.029059754493538842
2003-03-05,0.027974064943730333
2003-03-06,0.02991205417723265
2003-03-07,0.029171619723546892
2003-03-10,0.029856551351632527
2003-03-11,0.030668073966744338
2003-03-12,0.029046393489843423
2003-03-13,0.030324637564724522
2003-03-14,0.030449008201710735
2003-03-17,0.03357857734712291
2003-03-18,0.03376395799706384
2003-03-19,0.035526204285407044
2003-03-20,0.03706312259208257
2003-03-21,0.038027299438160606
2003-03-24,0.0356317576787853
2003-03-25,0.03625623766071915
2003-03-26,0.03445913320210087
2003-03-27,0.035221297019099825
2003-03-28,0.037345018791312724
2003-03-31,0.03775948384056052
2003-04-01,0.03576327719449578
2003-04-02,0.03634163834811234
2003-04-03,0.03788689926974451
2003-04-04,0.03695812223141925
2003-04-07,0.03853563265687153
2003-04-08,0.03983720047183947
2003-04-09,0.0376318641634491
2003-04-10,0.03804086642704503
2003-04-11,0.038402510726742514
2003-04-14,0.03727359789572436
2003-04-15,0.035882311483320085
2003-04-16,0.03600729184969377
2003-04-17,0.03699795887095742
2003-04-21,0.036325513238762555
2003-04-22,0.03607725817970677
2003-04-23,0.03607161779756694
2003-04-24,0.03300132087803185
2003-04-25,0.03238489748671299
2003-04-28,0.03352467783420391
2003-04-29,0.0341246135671165
2003-04-30,0.0344237050132022
2003-05-01,0.03614094807395713
2003-05-02,0.03834812754506874
2003-05-05,0.0402606235038338
2003-05-06,0.03937966118070991
2003-05-07,0.0375440944540653
2003-05-08,0.03867842502812699
2003-05-09,0.03666421023201802
2003-05-12,0.037779372812390036
2003-05-13,0.035496318929455546
2003-05-14,0.0351173563473909
2003-05-15,0.03543608206872388
2003-05-16,0.03272929977397845
2003-05-19,0.0330648215571668
2003-05-20,0.03321292746245714
2003-05-21,0.03315246191136353
2003-05-22,0.033829989561365875
2003-05-23,0.03345650741445514
2003-05-27,0.03386123632385586
2003-05-28,0.035414850087341396
2003-05-29,0.03352653236891183
2003-05-30,0.034569571432969744
2003-06-02,0.03543573209191525
2003-06-03,0.038038002326531824
2003-06-04,0.039460911306371825
2003-06-05,0.03968359003518645
2003-06-06,0.040550317867623344
2003-06-09,0.04001535704213972
2003-06-10,0.041125700629597646
2003-06-11,0.040677089155846106
2003-06-12,0.0398193570114434
2003-06-13,0.0396605803765146
2003-06-16,0.03944094817338877
2003-06-17,0.035677826435271086
2003-06-18,0.036472396429111036
2003-06-19,0.03691453462720626
2003-06-20,0.04030695133978949
2003-06-23,0.04176903004872017
2003-06-24,0.04039148595177297
2003-06-25,0.03960676822172238
2003-06-26,0.04025595497892105
2003-06-27,0.03857430469436087
2003-06-30,0.03803299526430343
2003-07-01,0.04023228845413664
2003-07-02,0.04100288058279901
2003-07-03,0.04360036773754152
2003-07-07,0.04788028241604079
2003-07-08,0.04706763478741818
2003-07-09,0.044559453900867414
2003-07-10,0.04558320644517652
2003-07-11,0.04523846850296161
2003-07-14,0.047015355831345806
2003-07-15,0.046629200708963925
2003-07-16,0.046631468745282956
2003-07-17,0.0453776125171217
2003-07-18,0.04590951945315782
2003-07-21,0.047240647020107815
2003-07-22,0.05112120605425742
2003-07-23,0.05157314144464291
2003-07-24,0.05081473144366623
2003-07-25,0.04932288628433727
2003-07-28,0.04558568573795734
2003-07-29,0.04797208945856405
2003-07-30,0.04891142880189388
2003-07-31,0.04748003372533031
2003-08-01,0.04988132152968343
2003-08-04,0.05101091552090955
2003-08-05,0.05316372275707905
2003-08-06,0.05909893158691628
2003-08-07,0.06087312924115182
2003-08-08,0.05939106055660008
2003-08-11,0.0608501758373378
2003-08-12,0.058921020374811575
2003-08-13,0.05936785914092474
2003-08-14,0.05988380903696109
2003-08-15,0.059996658238687633
2003-08-18,0.0583358797460942
2003-08-19,0.05465609467117676
2003-08-20,0.054970996331316704
2003-08-21,0.05499891283508481
2003-08-22,0.056842174544474135
2003-08-25,0.06028029449118985
2003-08-26,0.05827112997112936
2003-08-27,0.056885296091516324
2003-08-28,0.054765309695540824
2003-08-29,0.05270600861461858
2003-09-02,0.0535084831572868
2003-09-03,0.05624972709328284
2003-09-04,0.0560769466613166
2003-09-05,0.05634224307160396
2003-09-08,0.05470294792679585
2003-09-09,0.056414121565754406
2003-09-10,0.057924164236125106
2003-09-11,0.06005491190387256
2003-09-12,0.061768032329693356
2003-09-15,0.0662902028670048
2003-09-16,0.06357736021366796
2003-09-17,0.06296208368467614
2003-09-18,0.06314484605424031
2003-09-19,0.06595003630033962
2003-09-22,0.06317341094016377
2003-09-23,0.06331857933748668
2003-09-24,0.062235238444860036
2003-09-25,0.06226299102462275
2003-09-26,0.06398718734078375
2003-09-29,0.06299868290486527
2003-09-30,0.06369124042168801
2003-10-01,0.06654478946181346
2003-10-02,0.06603792608152985
2003-10-03,0.067356808124242
2003-10-06,0.06999471068816947
2003-10-07,0.07098360470820958
2003-10-08,0.07355785802391317
2003-10-09,0.0745454922148992
2003-10-10,0.07588895709258967
2003-10-13,0.07203025850863522
2003-10-14,0.07516263817487134
2003-10-15,0.07531833744485546
2003-10-16,0.07361352485990655
2003-10-17,0.07712650775235769
2003-10-20,0.07738379861067414
2003-10-21,0.0844363052842833
2003-10-22,0.07814293675549601
2003-10-23,0.07652189382628437
2003-10-24,0.08015084937952197
2003-10-27,0.08123608874018692
2003-10-28,0.08200810809103264
2003-10-29,0.08330667367991132
2003-10-30,0.08180101096103302
2003-10-31,0.07846354449211308
2003-11-03,0.07651447558382102
2003-11-04,0.07567872532590735
2003-11-05,0.07494031035095025
2003-11-06,0.06967271269229834
2003-11-07,0.06770888306260872
2003-11-10,0.06923267848574234
2003-11-11,0.06799112455471161
2003-11-12,0.06526502278597866
2003-11-13,0.06747791353056541
2003-11-14,0.06875929132097097
2003-11-17,0.0668033521155429
2003-11-18,0.06561320907484038
2003-11-19,0.06745716774982553
2003-11-20,0.06957770456366165
2003-11-21,0.06667504443995234
2003-11-24,0.06750932385282749
2003-11-25,0.06631296943293423
2003-11-26,0.06671000627220577
2003-11-28,0.06266558195370776
2003-12-01,0.06420234340099763
2003-12-02,0.06259419529157152
2003-12-03,0.06189009983747787
2003-12-04,0.06266715395726338
2003-12-05,0.06365993244399025
2003-12-08,0.06420830281115335
2003-12-09,0.06511993171370507
2003-12-10,0.0674212892925062
2003-12-11,0.07014164193714312
2003-12-12,0.07525903530948788
2003-12-15,0.07831641721145231
2003-12-16,0.07628698229423551
2003-12-17,0.07555745687919783
2003-12-18,0.0758278736277583
2003-12-19,0.08486165470941781
2003-12-22,0.08466305160682301
2003-12-23,0.08224192907417231
2003-12-24,0.08247564555891825
2003-12-26,0.08750926505292557
2003-12-29,0.08038242915591662
2003-12-30,0.07755027977808686
2003-12-31,0.0715449570493209
2004-01-02,0.07182641147588538
2004-01-05,0.06911291516600765
2004-01-06,0.06939591972650327
2004-01-07,0.06629059143306161
2004-01-08,0.06460893259171469
2004-01-09,0.06233762271825351
2004-01-12,0.06260003205852616
2004-01-13,0.06193509528879209
2004-01-14,0.0611790225252208
2004-01-15,0.06233444628614583
2004-01-16,0.06265604282266501
2004-01-20,0.06376047612339047
2004-01-21,0.0655943828197017
2004-01-22,0.06531789484045192
2004-01-23,0.06276465872097323
2004-01-26,0.05936759841367723
2004-01-27,0.06349728058923487
2004-01-28,0.06560207855805537
2004-01-29,0.061581257018766794
2004-01-30,0.0650841399643673
2004-02-02,0.06838849664545604
2004-02-03,0.06920936075501147
2004-02-04,0.07149294927638151
2004-02-05,0.0746457822057056
2004-02-06,0.07733578794901357
2004-02-09,0.07232629086803133
2004-02-10,0.07223158672355232
2004-02-11,0.06904327910760513
2004-02-12,0.0676424648409125
2004-02-13,0.06498245227957905
2004-02-17,0.06651778789430235
2004-02-18,0.06663852441489564
2004-02-19,0.06781564484615728
2004-02-20,0.07043415988516681
2004-02-23,0.07066987449541885
2004-02-24,0.07316107021068032
2004-02-25,0.07614017711358344
2004-02-26,0.07692857856593699
2004-02-27,0.07573279385747357
2004-03-01,0.07370793610357154
2004-03-02,0.07357485054457107
2004-03-03,0.07548527639167993
2004-03-04,0.07157136934623493
2004-03-05,0.07492904372191728
2004-03-08,0.07184469454772642
2004-03-09,0.07192974890071109
2004-03-10,0.06706879641225237
2004-03-11,0.06542453160907152
2004-03-12,0.06567154422034001
2004-03-15,0.06367179377125705
2004-03-16,0.06469261530756744
2004-03-17,0.06580479688733838
2004-03-18,0.061311933552024876
2004-03-19,0.05990464064623807
2004-03-22,0.060034142653155466
2004-03-23,0.05457036668485417
2004-03-24,0.05556612896651014
2004-03-25,0.05447910814995396
2004-03-26,0.05518261144330408
2004-03-29,0.05622009396795917
2004-03-30,0.05779367437077472
2004-03-31,0.057359193107344754
2004-04-01,0.05720287944210227
2004-04-02,0.05839581589535124
2004-04-05,0.05942419769788334
2004-04-06,0.059502691472778806
2004-04-07,0.059564498118974595
2004-04-08,0.058302071035603406
2004-04-12,0.05999729831664056
2004-04-13,0.05850882843863661
2004-04-14,0.06069825772781622
2004-04-15,0.06242194680941506
2004-04-16,0.059269900468140645
2004-04-19,0.05729452675602874
2004-04-20,0.058640540958814893
2004-04-21,0.059386881708582154
2004-04-22,0.059682635503898775
2004-04-23,0.059467506598005516
2004-04-26,0.05781414407915878
2004-04-27,0.05592321565452606
2004-04-28,0.055177467856526816
2004-04-29,0.05351401261724496
2004-04-30,0.05405430660105417
2004-05-03,0.0533764308860399
2004-05-04,0.05319750795778629
2004-05-05,0.05262946061474944
2004-05-06,0.05293358016556431
2004-05-07,0.05084957222715878
2004-05-10,0.04972762079095726
2004-05-11,0.047200680002264024
2004-05-12,0.0439367017357119
2004-05-13,0.04303390785341303
2004-05-14,0.04399999309966632
2004-05-17,0.04303403286709994
2004-05-18,0.04418476049847834
2004-05-19,0.045526536539539884
2004-05-20,0.047034768378409676
2004-05-21,0.04675588359490653
2004-05-24,0.045760131073927915
2004-05-25,0.04295385979462183
2004-05-26,0.0424933726591863
2004-05-27,0.04314172504599655
2004-05-28,0.042128398183319614
2004-06-01,0.042523506280358135
2004-06-02,0.04237819244322989
2004-06-03,0.04432211736767789
2004-06-04,0.0488766154259486
2004-06-07,0.045896874334468284
2004-06-08,0.0449259112108968
2004-06-09,0.04605130312788549
2004-06-10,0.046986731625951364
2004-06-14,0.04477914759988456
2004-06-15,0.04237663254956623
2004-06-16,0.04166515768943963
2004-06-17,0.04091513792055257
2004-06-18,0.03903228317639526
2004-06-21,0.040116597782651545
2004-06-22,0.0434184240239274
2004-06-23,0.04333158238680353
2004-06-24,0.04243872804091743
2004-06-25,0.04365820994091507
2004-06-28,0.04094391371107718
2004-06-29,0.04170864853324526
2004-06-30,0.04194416470249406
2004-07-01,0.04320107775886248
2004-07-02,0.04296373404975239
2004-07-06,0.043301531848863525
2004-07-07,0.04288987252580719
2004-07-08,0.04129876864074952
2004-07-09,0.04041558267664651
2004-07-12,0.04005431926447515
2004-07-13,0.03893920858300916
2004-07-14,0.038660314016317
2004-07-15,0.03610918775464564
2004-07-16,0.038165036395681334
2004-07-19,0.03885111960878311
2004-07-20,0.03856791622252664
2004-07-21,0.03906777196512967
2004-07-22,0.038752411025313765
2004-07-23,0.03752136700339208
2004-07-26,0.03751425193825622
2004-07-27,0.03766471376887013
2004-07-28,0.03902264045852914
2004-07-29,0.04281136786415303
2004-07-30,0.04327240500289329
2004-08-02,0.041056855056493625
2004-08-03,0.04277878235777032
2004-08-04,0.0431925371412499
2004-08-05,0.0423678470881115
2004-08-06,0.04016227554907357
2004-08-09,0.03914366215704122
2004-08-10,0.037180145422993374
2004-08-11,0.03715723382542529
2004-08-12,0.0353903385750371
2004-08-13,0.034539838879489075
2004-08-16,0.03373123546429023
2004-08-17,0.03486988488103545
2004-08-18,0.035696983763624505
2004-08-19,0.03801786471483275
2004-08-20,0.03608696351857083
2004-08-23,0.039428964063855765
2004-08-24,0.04053449796245592
2004-08-25,0.0406202207598545
2004-08-26,0.04020368275249169
2004-08-27,0.03877955035458487
2004-08-30,0.038590776262467374
2004-08-31,0.04039127749387702
2004-09-01,0.04095062656079313
2004-09-02,0.03961671134749461
2004-09-03,0.041094955591338064
2004-09-07,0.04049938493273233
2004-09-08,0.04210883415582637
2004-09-09,0.042573922560874014
2004-09-10,0.041001589836828486
2004-09-13,0.04262203092174042
2004-09-14,0.04330733024210925
2004-09-15,0.0424657932246351
2004-09-16,0.0413790979406609
2004-09-17,0.042537427731382436
2004-09-20,0.04158062768040571
2004-09-21,0.041025589107547895
2004-09-22,0.04071890901182688
2004-09-23,0.04162939928684646
2004-09-24,0.041483136414157094
2004-09-27,0.04144318442662651
2004-09-28,0.04301494629027456
2004-09-29,0.04109178120113323
2004-09-30,0.04146527690343561
2004-10-01,0.044177177577229325
2004-10-04,0.04594167591941873
2004-10-05,0.04636401084053424
2004-10-06,0.04522846636385445
2004-10-07,0.04424524951590584
2004-10-08,0.04341239115835915
2004-10-11,0.041141958363899556
2004-10-12,0.040472741296910454
2004-10-13,0.03994299524378046
2004-10-14,0.04059246334760649
2004-10-15,0.03979020968472521
2004-10-18,0.0394383653328053
2004-10-19,0.04246208072958104
2004-10-20,0.04369668222350791
2004-10-21,0.044265823737671996
2004-10-22,0.04367698262565792
2004-10-25,0.04396335253403789
2004-10-26,0.043007912215419226
2004-10-27,0.04232415350411866
2004-10-28,0.04122584175384458
2004-10-29,0.03941550124023535
2004-11-01,0.039432523264642194
2004-11-02,0.041430598369119644
2004-11-03,0.04021223606437075
2004-11-04,0.04086616795740511
2004-11-05,0.04052948475933826
2004-11-08,0.042778924897494276
2004-11-09,0.041502378798860026
2004-11-10,0.04171047930375895
2004-11-11,0.041845314337205265
2004-11-12,0.04342539045213161
2004-11-15,0.042409934685978846
2004-11-16,0.04368254784243216
2004-11-17,0.044297156804144464
2004-11-18,0.043716007197341575
2004-11-19,0.04311357236168196
2004-11-22,0.041424580811057425
2004-11-23,0.040610590690356135
2004-11-24,0.037729663786901124
2004-11-26,0.0377583630539303
2004-11-29,0.036293646505163216
2004-11-30,0.036492141824830536
2004-12-01,0.03784205385312372
2004-12-02,0.037533996024346795
2004-12-03,0.038441730359045474
2004-12-06,0.038277622500501166
2004-12-07,0.0386743679193493
2004-12-08,0.03753816048001752
2004-12-09,0.038162161533899196
2004-12-10,0.037033705954098294
2004-12-13,0.0366678301414154
2004-12-14,0.03638291093755982
2004-12-15,0.03606289955871907
2004-12-16,0.03404183541732532
2004-12-17,0.03676757490124101
2004-12-20,0.03867280298078745
2004-12-21,0.03779152962252163
2004-12-22,0.03349313897973712
2004-12-23,0.03383327304572105
2004-12-27,0.0345919373805532
2004-12-28,0.03625333503092585
2004-12-29,0.03371665585962579
2004-12-30,0.03424777519462916
2004-12-31,0.034314358833479754
2005-01-03,0.03455418972130475
2005-01-04,0.035694588723579175
2005-01-05,0.03419788502739192
2005-01-06,0.034273194484197446
2005-01-07,0.03313174466758921
2005-01-10,0.03323547868407324
2005-01-11,0.033787705040194994
2005-01-12,0.034900619543291225
2005-01-13,0.034899138250751284
2005-01-14,0.03444998832293222
2005-01-18,0.03758702382565971
2005-01-19,0.03901316756735609
2005-01-20,0.041154006226595666
2005-01-21,0.043529908917074304
2005-01-24,0.043180442119795055
2005-01-25,0.04234354903995338
2005-01-26,0.039678451388961006
2005-01-27,0.039716558755449154
2005-01-28,0.04047587878740223
2005-01-31,0.04118364886853915
2005-02-01,0.040256797808172734
2005-02-02,0.040679709526623926
2005-02-03,0.03997167502201359
2005-02-04,0.04087142016626302
2005-02-07,0.04216529253158549
2005-02-08,0.04261072963716601
2005-02-09,0.04711467040049159
2005-02-10,0.044510683671440614
2005-02-11,0.04346735784061099
2005-02-14,0.04666744888795005
2005-02-15,0.04668777768798513
2005-02-16,0.04568594657299234
2005-02-17,0.04606232524194877
2005-02-18,0.04719170952006948
2005-02-22,0.04608002178360734
2005-02-23,0.045409655401949765
2005-02-24,0.04547809115909745
2005-02-25,0.04705717127578068
2005-02-28,0.044913322922284955
2005-03-01,0.0456182371094878
2005-03-02,0.044879260896627186
2005-03-03,0.04346485198781366
2005-03-04,0.04278846568409935
2005-03-07,0.04238130932833732
2005-03-08,0.04346732881122338
2005-03-09,0.04567061451807146
2005-03-10,0.04440869466541964
2005-03-11,0.042918700425571964
2005-03-14,0.04285105683755397
2005-03-15,0.04306096168642942
2005-03-16,0.044972319632675034
2005-03-17,0.047446592196408885
2005-03-18,0.046461004462246255
2005-03-21,0.045430111503194384
2005-03-22,0.04926130005643505
2005-03-23,0.05114050454981163
2005-03-24,0.05049712077581275
2005-03-28,0.049959578165511415
2005-03-29,0.047521604210916654
2005-03-30,0.048759886719289436
2005-03-31,0.05145503645289149
2005-04-01,0.050149207206525534
2005-04-04,0.05161973551171702
2005-04-05,0.052722658657001986
2005-04-06,0.056063631443236464
2005-04-07,0.05989176278021961
2005-04-08,0.057378308057913614
2005-04-11,0.058416769706815655
2005-04-12,0.0598935827995198
2005-04-13,0.06164742637573739
2005-04-14,0.06350142010217065
2005-04-15,0.06419818696574488
2005-04-18,0.06282574021433478
2005-04-19,0.06447232409703346
2005-04-20,0.06364446030225077
2005-04-21,0.06000798117860498
2005-04-22,0.0625694211354501
2005-04-25,0.05800599327207572
2005-04-26,0.057518665482766
2005-04-27,0.05631981175461334
2005-04-28,0.05781003713130672
2005-04-29,0.05710976063862662
2005-05-02,0.05863520772301574
2005-05-03,0.05980876186319709
2005-05-04,0.061096180004739174
2005-05-05,0.06149619790887599
2005-05-06,0.06418065142540796
2005-05-09,0.06961356376559297
2005-05-10,0.06587419799121894
2005-05-11,0.06684951553971176
2005-05-12,0.06732421203192276
2005-05-13,0.06656594531407622
2005-05-16,0.06854127091360385
2005-05-17,0.06527942701390695
2005-05-18,0.06335085099843861
2005-05-19,0.06384567774805329
2005-05-20,0.06310652143075214
2005-05-23,0.06145605917746109
2005-05-24,0.06487441903028683
2005-05-25,0.0649575753114067
2005-05-26,0.06954234058836406
2005-05-27,0.0692829668682574
2005-05-31,0.0677447557503403
2005-06-01,0.0677976355532398
2005-06-02,0.06683865599352033
2005-06-03,0.06667824812343018
2005-06-06,0.06766789744514036
2005-06-07,0.06849636345675625
2005-06-08,0.06517962214656463
2005-06-09,0.05946205812881132
2005-06-10,0.06146376383711816
2005-06-13,0.06288167816549374
2005-06-14,0.06102936046267701
2005-06-15,0.06413689394520068
2005-06-16,0.06746138701567035
2005-06-17,0.06530475059456273
2005-06-20,0.06440749916288803
2005-06-21,0.06290031378679205
2005-06-22,0.06337349231702204
2005-06-23,0.06042213821848137
2005-06-24,0.05842475452707889
2005-06-27,0.05991040752930459
2005-06-28,0.06258504370028493
2005-06-29,0.06279347990955535
2005-06-30,0.06156915413278976
2005-07-01,0.06152871098299208
2005-07-05,0.060904989487800744
2005-07-06,0.06389208843901062
2005-07-07,0.06114959113138695
2005-07-08,0.06077173131974329
2005-07-11,0.061101700120552715
2005-07-12,0.05916491014399417
2005-07-13,0.05981965478312044
2005-07-14,0.06095943595931951
2005-07-15,0.06203163592985021
2005-07-18,0.05864583036809292
2005-07-19,0.05849963819742348
2005-07-20,0.05646359122581727
2005-07-21,0.055284411470358265
2005-07-22,0.057009386137791725
2005-07-25,0.05390793627622667
2005-07-26,0.058334248950576456
2005-07-27,0.05908204298210594
2005-07-28,0.05806145244847708
2005-07-29,0.05834347872403108
2005-08-01,0.05650034702294601
2005-08-02,0.05802152390530211
2005-08-03,0.05914533249406497
2005-08-04,0.060339459328204975
2005-08-05,0.05741712942086447
2005-08-08,0.06118387955303413
2005-08-09,0.06265162726556092
2005-08-10,0.06839483881075599
2005-08-11,0.07029711749198649
2005-08-12,0.07265065870044277
2005-08-15,0.07387709237040549
2005-08-16,0.07291898685657561
2005-08-17,0.07088049709187168
2005-08-18,0.07131453699934472
2005-08-19,0.06832663798951857
2005-08-22,0.0724572352446495
2005-08-23,0.07186593774927134
2005-08-24,0.07117269345171363
2005-08-25,0.06953265390698125
2005-08-26,0.07190830791241236
2005-08-29,0.06645976685178366
2005-08-30,0.06755867299806657
2005-08-31,0.07145919748778541
2005-09-01,0.06758400937715286
2005-09-02,0.0689130683697492
2005-09-06,0.07290485214768659
2005-09-07,0.0714905667655173
2005-09-08,0.07219429835438905
2005-09-09,0.07510220171929903
2005-09-12,0.07486130191248519
2005-09-13,0.07348749222925008
2005-09-14,0.07199028622938296
2005-09-15,0.0756298744396511
2005-09-16,0.07619198126431706
2005-09-19,0.07953340799152107
2005-09-20,0.07838946998226738
2005-09-21,0.07636880997666362
2005-09-22,0.07314311732812313
2005-09-23,0.07196872029571413
2005-09-26,0.07245594233706967
2005-09-27,0.07720803667109674
2005-09-28,0.07806774946625143
2005-09-29,0.07831252253107465
2005-09-30,0.07721226196760454
2005-10-03,0.0796686684375632
2005-10-04,0.08488045657587616
2005-10-05,0.08359489103228951
2005-10-06,0.08909874323561515
2005-10-07,0.08810997531763294
2005-10-10,0.08763204397235971
2005-10-11,0.08873581911713375
2005-10-12,0.08891995852758251
2005-10-13,0.08770185543364449
2005-10-14,0.08776678777929309
2005-10-17,0.08817387982427081
2005-10-18,0.08510180422441362
2005-10-19,0.08629695027491817
2005-10-20,0.0870954296763186
2005-10-21,0.08481690002977861
2005-10-24,0.09336231586558526
2005-10-25,0.09388962719931881
2005-10-26,0.09275257346207955
2005-10-27,0.0942214402354357
2005-10-28,0.09411046619699838
2005-10-31,0.09975959042483679
2005-11-01,0.09815349166135245
2005-11-02,0.10266701828473053
2005-11-03,0.10074731433015413
2005-11-04,0.09545746330226203
2005-11-07,0.095050025413504
2005-11-08,0.09798655938774753
2005-11-09,0.10144945856159493
2005-11-10,0.09991419262757732
2005-11-11,0.10102492975461154
2005-11-14,0.10615676384423522
2005-11-15,0.1132634170217243
2005-11-16,0.11364156418491976
2005-11-17,0.1088527891488062
2005-11-18,0.1111721076350558
2005-11-21,0.10666189968589412
2005-11-22,0.1093965121656583
2005-11-23,0.11499945161581059
2005-11-25,0.11131623529306389
2005-11-28,0.11392100507979921
2005-11-29,0.11361990777365631
2005-11-30,0.11463719344918258
2005-12-01,0.1128736126437496
2005-12-02,0.11336204548211197
2005-12-05,0.10692333196544207
2005-12-06,0.11040609672636738
2005-12-07,0.10901444023700944
2005-12-08,0.11404910946398664
2005-12-09,0.11067964849705975
2005-12-12,0.10566054802293193
2005-12-13,0.10918492680487375
2005-12-14,0.10583763548535545
2005-12-15,0.10111042307629196
2005-12-16,0.10314555959741978
2005-12-19,0.10346137720113968
2005-12-20,0.10358904913344574
2005-12-21,0.10332203201533481
2005-12-22,0.10699364234238912
2005-12-23,0.10323690847770123
2005-12-27,0.1024197328559947
2005-12-28,0.1006517647232933
2005-12-29,0.0980774851598412
2005-12-30,0.0953435124486151
2006-01-03,0.09892840115129482
2006-01-04,0.09751034785655623
2006-01-05,0.09668073119726178
2006-01-06,0.09464435644815687
2006-01-09,0.09677617061997129
2006-01-10,0.10089949971900615
2006-01-11,0.1079654051218221
2006-01-12,0.10581768020752094
2006-01-13,0.10823961236909199
2006-01-17,0.09959900010239363
2006-01-18,0.10424893716710455
2006-01-19,0.09752362295887923
2006-01-20,0.0941155845526106
2006-01-23,0.09746212570634813
2006-01-24,0.09832944595159482
2006-01-25,0.10197084968856308
2006-01-26,0.09806776465500523
2006-01-27,0.10082568042890615
2006-01-30,0.09974019300115033
2006-01-31,0.10049186964749278
2006-02-01,0.11070270786819475
2006-02-02,0.10723870760010215
2006-02-03,0.10328437899461156
2006-02-06,0.10064274001476546
2006-02-07,0.10213645249106988
2006-02-08,0.10026826925146656
2006-02-09,0.09418944976166754
2006-02-10,0.08958792292264713
2006-02-13,0.08688057862568298
2006-02-14,0.08799809785877681
2006-02-15,0.08362881439985981
2006-02-16,0.08141867879486428
2006-02-17,0.07946279939120066
2006-02-21,0.07853294216337815
2006-02-22,0.08162443800344274
2006-02-23,0.0806325161144994
2006-02-24,0.07986137959028987
2006-02-27,0.08378679017881834
2006-02-28,0.08598414276590896
2006-03-01,0.0888478940257401
2006-03-02,0.09245556949106763
2006-03-03,0.09301213709004037
2006-03-06,0.08918751646052146
2006-03-07,0.08438055677717214
2006-03-08,0.08532672760056194
2006-03-09,0.08785204452910994
2006-03-10,0.09003382750976185
2006-03-13,0.09026869204217777
2006-03-14,0.0897323869414851
2006-03-15,0.09097108515323386
2006-03-16,0.09120970340350171
2006-03-17,0.09267899177101997
2006-03-20,0.0898438056807503
2006-03-21,0.0819847317311717
2006-03-22,0.08182265018691956
2006-03-23,0.07966355691272915
2006-03-24,0.07912557646347401
2006-03-27,0.07717535714478058
2006-03-28,0.07295203904009873
2006-03-29,0.07065877102078698
2006-03-30,0.07095095273924741
2006-03-31,0.06749262003798442
2006-04-03,0.06484994043359492
2006-04-04,0.06355769311176027
2006-04-05,0.0641244272322515
2006-04-06,0.06677835097151923
2006-04-07,0.06819903403989087
2006-04-10,0.06524574773139191
2006-04-11,0.062243337846530564
2006-04-12,0.058772087442911174
2006-04-13,0.056883472181933674
2006-04-17,0.05133420996899443
2006-04-18,0.05024866590737405
2006-04-19,0.046538454910800234
2006-04-20,0.048707948337965004
2006-04-21,0.050894793108515295
2006-04-24,0.05246708485672653
2006-04-25,0.05313776628648943
2006-04-26,0.05351285888016069
2006-04-27,0.05306978186492606
2006-04-28,0.05579288682037381
2006-05-01,0.05762590052577154
2006-05-02,0.058055522120910155
2006-05-03,0.054873495568063924
2006-05-04,0.05785208698661098
2006-05-05,0.05879454189398722
2006-05-08,0.0604062304070846
2006-05-09,0.06236263564496942
2006-05-10,0.05890139640862204
2006-05-11,0.06164198622706712
2006-05-12,0.06101162807813405
2006-05-15,0.059966317355510015
2006-05-16,0.06280457926221315
2006-05-17,0.06482453058305265
2006-05-18,0.06605617716552199
2006-05-19,0.06505741013042263
2006-05-22,0.06650198453186916
2006-05-23,0.06625985962108653
2006-05-24,0.06155693911978893
2006-05-25,0.057703579992761156
2006-05-26,0.06452060824629427
2006-05-30,0.06328768301266216
2006-05-31,0.06220564724432824
2006-06-01,0.061279902128120796
2006-06-02,0.060468985342761315
2006-06-05,0.0588396470231669
2006-06-06,0.05888066164513407
2006-06-07,0.05982400716088181
2006-06-08,0.05915846222826955
2006-06-09,0.06376402817689861
2006-06-12,0.0682364525758583
2006-06-13,0.07263734562461063
2006-06-14,0.07244769136059008
2006-06-15,0.07180296060676884
2006-06-16,0.07249517430688013
2006-06-19,0.07075900781321294
2006-06-20,0.06788029144589193
2006-06-21,0.06602498287522983
2006-06-22,0.06492923978297538
2006-06-23,0.06631993611284175
2006-06-26,0.06709298763258109
2006-06-27,0.06565232989493337
2006-06-28,0.06763734860540352
2006-06-29,0.06918867015883239
2006-06-30,0.06869974479138391
2006-07-03,0.06736768480964717
2006-07-05,0.06902551194225569
2006-07-06,0.0680789264069312
2006-07-07,0.07201166130864088
2006-07-10,0.07139005922909612
2006-07-11,0.06967942090370549
2006-07-12,0.06893856303660696
2006-07-13,0.06770887496103993
2006-07-14,0.06558231508349555
2006-07-17,0.06342369550509676
2006-07-18,0.062185971469014605
2006-07-19,0.06213442471207411
2006-07-20,0.0641715692706414
2006-07-21,0.061016397831310465
2006-07-24,0.0626188761348173
2006-07-25,0.06156213826327096
2006-07-26,0.061850173363894125
2006-07-27,0.05985974458830027
2006-07-28,0.0602670666845498
2006-07-31,0.05783669956114249
2006-08-01,0.05942648504279284
2006-08-02,0.05778208026421505
2006-08-03,0.059930903230307274
2006-08-04,0.05936914118857165
2006-08-07,0.0601585005113287
2006-08-08,0.06151009644261025
2006-08-09,0.05910658257763657
2006-08-10,0.06262820699867193
2006-08-11,0.06683173871485225
2006-08-14,0.06475397519168183
2006-08-15,0.06791179753188481
2006-08-16,0.06558783641979049
2006-08-17,0.06499093830037377
2006-08-18,0.06439295715015747
2006-08-21,0.06819764050128896
2006-08-22,0.06843518166960004
2006-08-23,0.07045766997182304
2006-08-24,0.0729264240529385
2006-08-25,0.07310080296418896
2006-08-28,0.07612594912893718
2006-08-29,0.07372455175569373
2006-08-30,0.0733037183013427
2006-08-31,0.0754683422606761
2006-09-01,0.07789170583567734
2006-09-05,0.07735475863236813
2006-09-06,0.0767879162417343
2006-09-07,0.07562833563246721
2006-09-08,0.07729589782337207
2006-09-11,0.08115965757473739
2006-09-12,0.07982848941561833
2006-09-13,0.08123652358791304
2006-09-14,0.0846366870060626
2006-09-15,0.08226718451538167
2006-09-18,0.0809055412173631
2006-09-19,0.08009971774884934
2006-09-20,0.0815406461039493
2006-09-21,0.07829015700991557
2006-09-22,0.07465359036796637
2006-09-25,0.07830309522951981
2006-09-26,0.07986897932313895
2006-09-27,0.07775412850033275
2006-09-28,0.08159069911872137
2006-09-29,0.07814160572728128
2006-10-02,0.07582615011813103
2006-10-03,0.07507270561414679
2006-10-04,0.07298052917681419
2006-10-05,0.07525422887959306
2006-10-06,0.07694719865284966
2006-10-09,0.07558706427228365
2006-10-10,0.0717497605542213
2006-10-11,0.0725372579775083
2006-10-12,0.06939054239168048
2006-10-13,0.06773268062488591
2006-10-16,0.06939793764606288
2006-10-17,0.07535680693790106
2006-10-18,0.07427952859064399
2006-10-19,0.0710834788956131
2006-10-20,0.072595129776497
2006-10-23,0.0736278529989297
2006-10-24,0.07215150892227033
2006-10-25,0.07555881763610814
2006-10-26,0.08054638797519759
2006-10-27,0.08254348821416023
2006-10-30,0.07970440095285282
2006-10-31,0.07613642708649243
2006-11-01,0.07710567484052358
2006-11-02,0.07633669417357943
2006-11-03,0.07562369856649301
2006-11-06,0.08042561404739848
2006-11-07,0.08069964104858016
2006-11-08,0.07800669158593292
2006-11-09,0.0746556165896463
2006-11-10,0.07534267971907546
2006-11-13,0.0777457652775499
2006-11-14,0.07510070872179957
2006-11-15,0.08000584642035025
2006-11-16,0.07913659713868695
2006-11-17,0.08476636661654448
2006-11-20,0.08732385275485036
2006-11-21,0.0891300348377416
2006-11-22,0.0829572826570438
2006-11-24,0.08216630072508246
2006-11-27,0.08512969242414568
2006-11-28,0.0807855149479194
2006-11-29,0.08112778068325535
2006-11-30,0.07812342806356157
2006-12-01,0.0798625662018422
2006-12-04,0.07735456915461372
2006-12-05,0.07667231372788492
2006-12-06,0.07580321852959652
2006-12-07,0.07711312527771005
2006-12-08,0.08166107355641022
2006-12-11,0.07925816076330797
2006-12-12,0.07815804364526444
2006-12-13,0.07378722815750494
2006-12-14,0.0735779070836438
2006-12-15,0.07504466647919747
2006-12-18,0.07666530222915667
2006-12-19,0.07628980109635655
2006-12-20,0.07624279031151666
2006-12-21,0.07790800163670022
2006-12-22,0.08041415994749568
2006-12-26,0.0786973035677157
2006-12-27,0.07490892202258824
2006-12-28,0.07331729132671773
2006-12-29,0.07703372982942201
2007-01-03,0.0837947303136887
2007-01-04,0.08526054508729271
2007-01-05,0.08740723242167676
2007-01-08,0.08843008148250944
2007-01-09,0.09191834571785243
2007-01-10,0.09681211811566091
2007-01-11,0.09212569723865857
2007-01-12,0.09131030574314114
2007-01-16,0.09179463843310255
2007-01-17,0.08598991745968942
2007-01-18,0.08493958076246394
2007-01-19,0.08486264157909375
2007-01-22,0.08607275508369003
2007-01-23,0.0847469560841962
2007-01-24,0.0827588325642962
2007-01-25,0.08022869209663519
2007-01-26,0.08129001243898823
2007-01-29,0.08039566578851014
2007-01-30,0.0822120141235215
2007-01-31,0.0801351895199382
2007-02-01,0.08159553083663534
2007-02-02,0.0809619089309367
2007-02-05,0.08416771060474514
2007-02-06,0.08467523754377536
2007-02-07,0.07897810220088464
2007-02-08,0.07993904924070827
2007-02-09,0.07889261896451431
2007-02-12,0.0771096257774101
2007-02-13,0.07801894850736513
2007-02-14,0.08034751338063997
2007-02-15,0.07608649834408646
2007-02-16,0.07410673972032784
2007-02-20,0.06882640675740538
2007-02-21,0.06594186050641325
2007-02-22,0.06541830468218128
2007-02-23,0.06749072119993672
2007-02-26,0.07115711379901304
2007-02-27,0.07232511673978016
2007-02-28,0.07203470384160073
2007-03-01,0.0658383163632119
2007-03-02,0.06487782304908632
2007-03-05,0.06590952400666152
2007-03-06,0.06287148885394232
2007-03-07,0.06158207131207471
2007-03-08,0.058160003123841106
2007-03-09,0.05760132849231324
2007-03-12,0.05841244765772036
2007-03-13,0.05624186756770285
2007-03-14,0.052187634203040956
2007-03-15,0.05213776871444645
2007-03-16,0.05220020871205758
2007-03-19,0.05366791400519004
2007-03-20,0.05163323103779951
2007-03-21,0.050110693593094675
2007-03-22,0.05386333870925919
2007-03-23,0.05250920179812046
2007-03-26,0.04939847455585972
2007-03-27,0.05076574062857496
2007-03-28,0.05223944746922397
2007-03-29,0.05014960142062704
2007-03-30,0.0501926942836156
2007-04-02,0.05101309913248199
2007-04-03,0.04905459241697952
2007-04-04,0.04671941446252098
2007-04-05,0.04752365248532919
2007-04-09,0.04595900399887418
2007-04-10,0.04479824831716002
2007-04-11,0.044523747378426716
2007-04-12,0.04124043214255171
2007-04-13,0.03858288640991446
2007-04-16,0.03906344525535019
2007-04-17,0.042106999142216966
2007-04-18,0.04089376301267895
2007-04-19,0.04186859875887519
2007-04-20,0.040865861564503315
2007-04-23,0.041993314896551046
2007-04-24,0.04198095236133239
2007-04-25,0.04406480563323384
2007-04-26,0.045828653850031424
2007-04-27,0.045062878428133196
2007-04-30,0.0410081143037324
2007-05-01,0.04143272136997963
2007-05-02,0.04476391096240059
2007-05-03,0.046218319404305146
2007-05-04,0.0455310377749029
2007-05-07,0.0444051147943569
2007-05-08,0.04381620603392956
2007-05-09,0.043825710106732856
2007-05-10,0.04383499596995435
2007-05-11,0.04267412845165697
2007-05-14,0.04351602607764013
2007-05-15,0.04285583531893725
2007-05-16,0.043251671849823245
2007-05-17,0.042734896385151926
2007-05-18,0.041273369550670194
2007-05-21,0.04277690540960142
2007-05-22,0.040949033066186684
2007-05-23,0.04200353268185271
2007-05-24,0.042328770784556914
2007-05-25,0.041773181340163903
2007-05-29,0.04208857796640727
2007-05-30,0.043483220887061906
2007-05-31,0.04104822242847392
2007-06-01,0.04190896419037159
2007-06-04,0.039055357603694114
2007-06-05,0.038723339275718464
2007-06-06,0.040095556186417844
2007-06-07,0.039677264570106265
2007-06-08,0.04162453780088758
2007-06-11,0.041491622898364375
2007-06-12,0.04162035736485911
2007-06-13,0.04149844788233584
2007-06-14,0.04023675987800994
2007-06-15,0.041334761722642784
2007-06-18,0.041564117553152244
2007-06-19,0.039817066824995966
2007-06-20,0.04261034604439394
2007-06-21,0.04211773383327652
2007-06-22,0.04197960779103641
2007-06-25,0.04098264941559769
2007-06-26,0.03869158638434627
2007-06-27,0.038947531704375475
2007-06-28,0.040774332081685606
2007-06-29,0.04557316000475619
2007-07-02,0.047738828327101274
2007-07-03,0.04906180221758882
2007-07-05,0.0496540947786727
2007-07-06,0.050667919204458
2007-07-09,0.05211567314642066
2007-07-10,0.05034609344851931
2007-07-11,0.04771713469926608
2007-07-12,0.046564937590247664
2007-07-13,0.05208676195197778
2007-07-16,0.052947278476845064
2007-07-17,0.05573539711440864
2007-07-18,0.05694037038932901
2007-07-19,0.05590152248712262
2007-07-20,0.05619210652914038
2007-07-23,0.05502743451523394
2007-07-24,0.057010034998768645
2007-07-25,0.05861526411489771
2007-07-26,0.06043336359608808
2007-07-27,0.058989029437645314
2007-07-30,0.05685827429053754
2007-07-31,0.05481559661969326
2007-08-01,0.05578217459710888
2007-08-02,0.05768733309242658
2007-08-03,0.0569033435070674
2007-08-06,0.05837432622808112
2007-08-07,0.05715706696656348
2007-08-08,0.05732823346384685
2007-08-09,0.061315318115792244
2007-08-10,0.06216697764875601
2007-08-13,0.06250484945859498
2007-08-14,0.06363221372168863
2007-08-15,0.06400764639776145
2007-08-16,0.06211722205757784
2007-08-17,0.06028047962484955
2007-08-20,0.06109872049077138
2007-08-21,0.060027840087454855
2007-08-22,0.06101726816876731
2007-08-23,0.05584705717431604
2007-08-24,0.05579255728327217
2007-08-27,0.05466145194299447
2007-08-28,0.05768161701056014
2007-08-29,0.054304164917489135
2007-08-30,0.054197883515897737
2007-08-31,0.05822228058007068
2007-09-04,0.05958906793884435
2007-09-05,0.05948555550279394
2007-09-06,0.06347694624787109
2007-09-07,0.06227655521022807
2007-09-10,0.060343487794540025
2007-09-11,0.06032574018408742
2007-09-12,0.06324010773323217
2007-09-13,0.06350059542197206
2007-09-14,0.060829093983593825
2007-09-17,0.060449138758818376
2007-09-18,0.0625747195743733
2007-09-19,0.06305138123011352
2007-09-20,0.06763686639884267
2007-09-21,0.06716337601896881
2007-09-24,0.06611327783285427
2007-09-25,0.06517826096609002
2007-09-26,0.06346308471757309
2007-09-27,0.06328412224619001
2007-09-28,0.06638249581710602
2007-10-01,0.06661457563286315
2007-10-02,0.0669994257001421
2007-10-03,0.06472035596254876
2007-10-04,0.06452761309941914
2007-10-05,0.06372028022780389
2007-10-08,0.06304976286056052
2007-10-09,0.06341891536296786
2007-10-10,0.06545839828763451
2007-10-11,0.06533026836584942
2007-10-12,0.06227253375082718
2007-10-15,0.06292380732238097
2007-10-16,0.06627459583791873
2007-10-17,0.0666403398265847
2007-10-18,0.0620777487571763
2007-10-19,0.060369703196661746
2007-10-22,0.059282787088651416
2007-10-23,0.05787022810520393
2007-10-24,0.05568965652406352
2007-10-25,0.05980249010491698
2007-10-26,0.0620381612209995
2007-10-29,0.06157110527313201
2007-10-30,0.06046006448065448
2007-10-31,0.059707746638094306
2007-11-01,0.059962930804316875
2007-11-02,0.058386696544100114
2007-11-05,0.06190376843433437
2007-11-06,0.06493981785987733
2007-11-07,0.06323760348044662
2007-11-08,0.06200791167981702
2007-11-09,0.06205254286572418
2007-11-12,0.06262621100586672
2007-11-13,0.06589295924077279
2007-11-14,0.06407034470924304
2007-11-15,0.06518629874549783
2007-11-16,0.06430173949107297
2007-11-19,0.06554566641384707
2007-11-20,0.0689941600404305
2007-11-21,0.06712163751046694
2007-11-23,0.07090236424234149
2007-11-26,0.07035749808773802
2007-11-27,0.06693885827454565
2007-11-28,0.06537638110899724
2007-11-29,0.06339279384502548
2007-11-30,0.06229556010514669
2007-12-03,0.06477860018770396
2007-12-04,0.06885529945447577
2007-12-05,0.06716100186777159
2007-12-06,0.0647416452383636
2007-12-07,0.06967195480847137
2007-12-10,0.07130609027918659
2007-12-11,0.07575213223378886
2007-12-12,0.07773743622355826
2007-12-13,0.07469424770545399
2007-12-14,0.07635876004464905
2007-12-17,0.07833152187236188
2007-12-18,0.07876575094046846
2007-12-19,0.07912103844006226
2007-12-20,0.07743214920549422
2007-12-21,0.08455392148850419
2007-12-24,0.08434135578682984
2007-12-26,0.07924359043089457
2007-12-27,0.07897423555507323
2007-12-28,0.08237368857631742
2007-12-31,0.08450168210632852
2008-01-02,0.08241112390541297
2008-01-03,0.07607575619732129
2008-01-04,0.07595254023863682
2008-01-07,0.07643855430167884
2008-01-08,0.07582746719126257
2008-01-09,0.07631756472226173
2008-01-10,0.07827576046482546
2008-01-11,0.07942562385942258
2008-01-14,0.07642699409137951
2008-01-15,0.08018540320731951
2008-01-16,0.07808170904004508
2008-01-17,0.07426191716747543
2008-01-18,0.07555715956663231
2008-01-22,0.0731317054904425
2008-01-23,0.07057894980324889
2008-01-24,0.0671814062866001
2008-01-25,0.06816343188252935
2008-01-28,0.06767929599050262
2008-01-29,0.0679370678222477
2008-01-30,0.07447199729391704
2008-01-31,0.07464357347902552
2008-02-01,0.07120385780558515
2008-02-04,0.07357617530855501
2008-02-05,0.07277246275599587
2008-02-06,0.0692894837641573
2008-02-07,0.07072594991005565
2008-02-08,0.06850486830215564
2008-02-11,0.06900199202673242
2008-02-12,0.06723978147402426
2008-02-13,0.06836531770327772
2008-02-14,0.06735451457949858
2008-02-15,0.07294581434392397
2008-02-19,0.06741646816368377
2008-02-20,0.06930641202761098
2008-02-21,0.06867617479878371
2008-02-22,0.07045202028787748
2008-02-25,0.069624723491653
2008-02-26,0.06630711419814336
2008-02-27,0.06980617183557289
2008-02-28,0.06710492643988306
2008-02-29,0.06918863455380919
2008-03-03,0.07344884305762675
2008-03-04,0.072361574774247
2008-03-05,0.0734864666540518
2008-03-06,0.07235677764581268
2008-03-07,0.07257551294404474
2008-03-10,0.0773466403784229
2008-03-11,0.07450919887085326
2008-03-12,0.07678000708798394
2008-03-13,0.07341667374402805
2008-03-14,0.07205389411805556
2008-03-17,0.07725038777104407
2008-03-18,0.07786704631048982
2008-03-19,0.08447487639722075
2008-03-20,0.08281571179287692
2008-03-24,0.08160560691714948
2008-03-25,0.07706959416609006
2008-03-26,0.07657972922547417
2008-03-27,0.07667784624985069
2008-03-28,0.07843217508842612
2008-03-31,0.0811644895521275
2008-04-01,0.0804471002532883
2008-04-02,0.07986765858674906
2008-04-03,0.07518497439324628
2008-04-04,0.07484292953626762
2008-04-07,0.07486680813270614
2008-04-08,0.0732225220696726
2008-04-09,0.07438768231427142
2008-04-10,0.07381485906384441
2008-04-11,0.06862058375986291
2008-04-14,0.07222030306296337
2008-04-15,0.06963293711570677
2008-04-16,0.07152021297063695
2008-04-17,0.07342968055065073
2008-04-18,0.0745293979104781
2008-04-21,0.07209241505577023
2008-04-22,0.07059140441125483
2008-04-23,0.07093271816986042
2008-04-24,0.07038876072291851
2008-04-25,0.07137307259371813
2008-04-28,0.0667901145434602
2008-04-29,0.0661014579485588
2008-04-30,0.06284250094128808
2008-05-01,0.06196848875088124
2008-05-02,0.063049690784194
2008-05-05,0.0610132635876611
2008-05-06,0.06141875390381481
2008-05-07,0.059978181147452965
2008-05-08,0.054275981834747765
2008-05-09,0.05460974677868231
2008-05-12,0.054952493265711354
2008-05-13,0.05737909289023435
2008-05-14,0.06022048198131811
2008-05-15,0.05948151447630525
2008-05-16,0.060684348673041795
2008-05-19,0.061623744346380196
2008-05-20,0.058132868335335174
2008-05-21,0.05628070764907401
2008-05-22,0.050717138440815795
2008-05-23,0.052308854561075945
2008-05-27,0.05070590129203089
2008-05-28,0.05219960475933412
2008-05-29,0.05064027194221557
2008-05-30,0.04825563074643261
2008-06-02,0.044376702612275123
2008-06-03,0.04458864401883758
2008-06-04,0.04314310758701687
2008-06-05,0.04034195906728178
2008-06-06,0.04102667081618231
2008-06-09,0.04113376003312467
2008-06-10,0.03958590173526
2008-06-11,0.04186494510608892
2008-06-12,0.04359920750048842
2008-06-13,0.0435266230995416
2008-06-16,0.045979036591711674
2008-06-17,0.04526944308403982
2008-06-18,0.0443716072273588
2008-06-19,0.04553494448643296
2008-06-20,0.04346661026477476
2008-06-23,0.0440171671363776
2008-06-24,0.04489450921473872
2008-06-25,0.04381601334151176
2008-06-26,0.04507815172195199
2008-06-27,0.04216629070592733
2008-06-30,0.04233400884825857
2008-07-01,0.04457317376414036
2008-07-02,0.04644735767338997
2008-07-03,0.046671689440838666
2008-07-07,0.05020426942780775
2008-07-08,0.051340903303297596
2008-07-09,0.05199839795070404
2008-07-10,0.047369587229612105
2008-07-11,0.047880001515569544
2008-07-14,0.051961008491027014
2008-07-15,0.049205022525015484
2008-07-16,0.049290647345471714
2008-07-17,0.046483671324367835
2008-07-18,0.04796842577466284
2008-07-21,0.04962303645368804
2008-07-22,0.051936655131090415
2008-07-23,0.050433683544104824
2008-07-24,0.050634435856254954
2008-07-25,0.051198645114119576
2008-07-28,0.0498629857562538
2008-07-29,0.048949425108524895
2008-07-30,0.05018985102749073
2008-07-31,0.050027349055463695
2008-08-01,0.04842913698862795
2008-08-04,0.04736686712175476
2008-08-05,0.045205440455710504
2008-08-06,0.044398476341576495
2008-08-07,0.04652505188854585
2008-08-08,0.0456500743623356
2008-08-11,0.047266346553099366
2008-08-12,0.04455002901872631
2008-08-13,0.04448602703213797
2008-08-14,0.043870924775253874
2008-08-15,0.04501350240531631
2008-08-18,0.046217427061428056
2008-08-19,0.046980578801294436
2008-08-20,0.04469209030463717
2008-08-21,0.0444625035603714
2008-08-22,0.04504394403448268
2008-08-25,0.04521395497484467
2008-08-26,0.04471570969368869
2008-08-27,0.04295797404115032
2008-08-28,0.044136779858207645
2008-08-29,0.0462980634979429
2008-09-02,0.04617814735147698
2008-09-03,0.04978665846978071
2008-09-04,0.04867167525470077
2008-09-05,0.04644632897835819
2008-09-08,0.04543680332229793
2008-09-09,0.04624725791737447
2008-09-10,0.0475250624544333
2008-09-11,0.04662803358158434
2008-09-12,0.044495681144491164
2008-09-15,0.044122221738811314
2008-09-16,0.046627704417202
2008-09-17,0.04658466467667333
2008-09-18,0.04732915325856714
2008-09-19,0.04754921374252973
2008-09-22,0.04628220634415889
2008-09-23,0.043399703076374224
2008-09-24,0.04375375465735419
2008-09-25,0.04342806321319055
2008-09-26,0.04411626155264357
2008-09-29,0.04383124563058314
2008-09-30,0.04401617976368869
2008-10-01,0.045210078785637105
2008-10-02,0.044382924231206225
2008-10-03,0.042489489085963415
2008-10-06,0.04327502298494342
2008-10-07,0.04514650347217892
2008-10-08,0.04840455787223274
2008-10-09,0.0482144223975136
2008-10-10,0.04742151852713415
2008-10-13,0.04438832355904309
2008-10-14,0.04533761553266266
2008-10-15,0.046036134210470266
2008-10-16,0.04696799044232561
2008-10-17,0.05107258674710109
2008-10-20,0.04865764247828748
2008-10-21,0.04944923491518697
2008-10-22,0.04863064139940667
2008-10-23,0.0513725697772856
2008-10-24,0.05134185406526043
2008-10-27,0.04762070738759632
2008-10-28,0.04802004398879899
2008-10-29,0.05096291008840394
2008-10-30,0.04834210232457888
2008-10-31,0.05054424423472818
2008-11-03,0.05077622801276097
2008-11-04,0.04988282053547387
2008-11-05,0.049235509166153095
2008-11-06,0.04693040168510028
2008-11-07,0.0473181008629281
2008-11-10,0.04598783811235288
2008-11-11,0.045421864065901756
2008-11-12,0.04749089586011889
2008-11-13,0.04736998848180358
2008-11-14,0.04785015673931027
2008-11-17,0.04571447479663288
2008-11-18,0.04458375211631504
2008-11-19,0.044850087954339375
2008-11-20,0.04506315432651562
2008-11-21,0.04335201977182776
2008-11-24,0.0455224670206534
2008-11-25,0.044903668371568464
2008-11-26,0.042737142234941496
2008-11-28,0.04399073315520306
2008-12-01,0.040177654056020584
2008-12-02,0.03809090420688151
2008-12-03,0.0397483666894985
2008-12-04,0.04145643380066498
2008-12-05,0.041018072743934174
2008-12-08,0.043692080252212266
2008-12-09,0.043439799958971834
2008-12-10,0.043777779038912765
2008-12-11,0.04251612458394639
2008-12-12,0.04127790327425561
2008-12-15,0.04232058067397179
2008-12-16,0.04120053805519538
2008-12-17,0.040839189679133046
2008-12-18,0.04060554371043289
2008-12-19,0.04118374024424999
2008-12-22,0.040969770253822056
2008-12-23,0.036046179912590535
2008-12-24,0.0364540181322728
2008-12-26,0.03928480396375065
2008-12-29,0.03774044084859035
2008-12-30,0.037987861946068416
2008-12-31,0.038986192332833944
2009-01-02,0.037963550718242235
2009-01-05,0.04060561248370181
2009-01-06,0.04156287796818178
2009-01-07,0.041737368211610684
2009-01-08,0.04217884226955234
2009-01-09,0.043214948958661376
2009-01-12,0.04380080516298419
2009-01-13,0.04517014208419508
2009-01-14,0.04414811250579033
2009-01-15,0.04315535441108054
2009-01-16,0.04208948950437081
2009-01-20,0.044416545691604824
2009-01-21,0.04284099577676218
2009-01-22,0.045522543563686325
2009-01-23,0.04272937665042989
2009-01-26,0.04352200027760612
2009-01-27,0.0453311565177845
2009-01-28,0.04654036830441041
2009-01-29,0.045317040456341946
2009-01-30,0.04667996264215019
2009-02-02,0.04730534849724504
2009-02-03,0.045850874096173645
2009-02-04,0.04525848551522244
2009-02-05,0.04409225788750766
2009-02-06,0.04343079053971464
2009-02-09,0.04372885187400046
2009-02-10,0.042828414561073225
2009-02-11,0.044650641669289004
2009-02-12,0.044877975939013666
2009-02-13,0.04538321564705814
2009-02-17,0.04657935734936957
2009-02-18,0.04536493361164981
2009-02-19,0.04333776473108824
2009-02-20,0.04403205744400927
2009-02-23,0.04344524310739347
2009-02-24,0.044494392933149225
2009-02-25,0.04135018215838216
2009-02-26,0.04444335033874084
2009-02-27,0.04721879661507202
2009-03-02,0.0482508074923232
2009-03-03,0.04607860479896072
2009-03-04,0.044614971379175736
2009-03-05,0.04596658586455032
2009-03-06,0.04790787403593152
2009-03-09,0.04829626511372154
2009-03-10,0.04964868774066318
2009-03-11,0.04750022910147635
2009-03-12,0.044252735063428396
2009-03-13,0.0459507050352077
2009-03-16,0.04556866950999734
2009-03-17,0.04636603396708575
2009-03-18,0.04725199594082737
2009-03-19,0.04721284057273207
2009-03-20,0.04785531196275607
2009-03-23,0.04634896134318938
2009-03-24,0.04627300804364341
2009-03-25,0.04357616257294218
2009-03-26,0.04211924191805697
2009-03-27,0.040321000429345916
2009-03-30,0.03903245252940714
2009-03-31,0.04008836834314578
2009-04-01,0.04163927148967086
2009-04-02,0.038187699205986164
2009-04-03,0.03897997219589021
2009-04-06,0.03830625385182712
2009-04-07,0.038330292458182105
2009-04-08,0.039538527763687936
2009-04-09,0.03788215670603437
2009-04-13,0.03810129844882591
2009-04-14,0.03852817703871133
2009-04-15,0.037370531222779516
2009-04-16,0.03735683359065202
2009-04-17,0.04085081723216997
2009-04-20,0.04122486030235669
2009-04-21,0.04144088685558289
2009-04-22,0.04231674625843328
2009-04-23,0.043975124817910716
2009-04-24,0.040466173002227365
2009-04-27,0.03922848144783717
2009-04-28,0.04077601173632943
2009-04-29,0.039734438337532936
2009-04-30,0.04002019481788615
2009-05-01,0.04151472881512654
2009-05-04,0.039267411890300925
2009-05-05,0.03755908420066379
2009-05-06,0.03527259234457101
2009-05-07,0.03423525395276706
2009-05-08,0.03479076096607951
2009-05-11,0.035256315875411594
2009-05-12,0.03599600216115879
2009-05-13,0.033494031943737006
2009-05-14,0.03242229953191683
2009-05-15,0.03272453637799789
2009-05-18,0.03147537482091364
2009-05-19,0.03085705529712286
2009-05-20,0.029870328559740256
2009-05-21,0.029690342360701505
2009-05-22,0.02910205361549355
2009-05-26,0.029094109235477582
2009-05-27,0.028313202562808188
2009-05-28,0.029049653232457687
2009-05-29,0.028445765702087712
2009-06-01,0.030177204312422563
2009-06-02,0.029852188701336664
2009-06-03,0.02924698242218038
2009-06-04,0.029700123301522937
2009-06-05,0.030002355410433834
2009-06-08,0.029116224807018105
2009-06-09,0.029113223841403406
2009-06-10,0.031081218620589973
2009-06-11,0.03082615868027494
2009-06-12,0.032412945341525244
2009-06-15,0.0328381530928051
2009-06-16,0.0327804303970514
2009-06-17,0.033936375142288186
2009-06-18,0.03689311863892773
2009-06-19,0.036420176897200084
2009-06-22,0.03349477518095768
2009-06-23,0.03265176252073306
2009-06-24,0.03255384045593529
2009-06-25,0.03564627520792555
2009-06-26,0.037521631918459586
2009-06-29,0.03838905209080643
2009-06-30,0.03694398898991912
2009-07-01,0.03521676546468266
2009-07-02,0.033633782226105566
2009-07-06,0.03203282270082865
2009-07-07,0.033194036689920776
2009-07-08,0.03540720695323615
2009-07-09,0.03631823618752436
2009-07-10,0.03551793495902005
2009-07-13,0.035144910849114794
2009-07-14,0.0331182132443103
2009-07-15,0.03165721435434843
2009-07-16,0.03128688714906615
2009-07-17,0.03231821244319434
2009-07-20,0.030627599226083727
2009-07-21,0.030416386165764524
2009-07-22,0.030912596914305195
2009-07-23,0.03086708949927731
2009-07-24,0.03239408895541025
2009-07-27,0.03182910737401803
2009-07-28,0.03056816449242232
2009-07-29,0.029933279403797874
2009-07-30,0.028938909812920473
2009-07-31,0.028871341936943563
2009-08-03,0.026906574992818042
2009-08-04,0.02753760891179399
2009-08-05,0.02645038142170241
2009-08-06,0.025624010080665952
2009-08-07,0.025686233516138787
2009-08-10,0.027246260177607486
2009-08-11,0.028075114083506828
2009-08-12,0.027339990889613107
2009-08-13,0.025410697705392025
2009-08-14,0.025801182756881383
2009-08-17,0.02642048602063558
2009-08-18,0.025596444452060992
2009-08-19,0.025163436308556154
2009-08-20,0.025459948123953628
2009-08-21,0.025439228722787356
2009-08-24,0.02545485952428379
2009-08-25,0.026963919424333408
2009-08-26,0.02725379122331534
2009-08-27,0.02750441546032793
2009-08-28,0.027425871154965607
2009-08-31,0.028336570418127767
2009-09-01,0.026431491226785113
2009-09-02,0.026001501768038997
2009-09-03,0.02503684625360535
2009-09-04,0.024363633056321988
2009-09-08,0.024203369824810902
2009-09-09,0.02485742289050404
2009-09-10,0.02292299355187052
2009-09-11,0.022871304344147716
2009-09-14,0.023963009606698185
2009-09-15,0.02370078922533948
2009-09-16,0.023477758586682978
2009-09-17,0.023364921208726384
2009-09-18,0.024880610421478863
2009-09-21,0.024533947116820488
2009-09-22,0.023784016089687936
2009-09-23,0.025542884351440167
2009-09-24,0.02587800369633233
2009-09-25,0.025412943901383316
2009-09-28,0.024308956175699815
2009-09-29,0.02456325138768889
2009-09-30,0.023732877862082044
2009-10-01,0.022420679772409694
2009-10-02,0.022450481130847126
2009-10-05,0.02150737332508083
2009-10-06,0.020613369096247162
2009-10-07,0.019448095989516842
2009-10-08,0.019532660829652427
2009-10-09,0.020627852243755285
2009-10-12,0.01891167423036505
2009-10-13,0.018731224250886584
2009-10-14,0.018297159368957188
2009-10-15,0.019210816306829977
2009-10-16,0.018989991276488115
2009-10-19,0.018968176564516572
2009-10-20,0.019826938880274907
2009-10-21,0.020168518029852277
2009-10-22,0.020117170558553926
2009-10-23,0.019484934996302748
2009-10-26,0.019704052281679003
2009-10-27,0.018810556301268325
2009-10-28,0.018681265232691587
2009-10-29,0.019158404339102337
2009-10-30,0.01998533017438842
2009-11-02,0.01993051237115328
2009-11-03,0.019959030926092518
2009-11-04,0.0192175174192812
2009-11-05,0.01958764604421709
2009-11-06,0.019072608352115186
2009-11-09,0.019549265647956806
2009-11-10,0.01915807586474781
2009-11-11,0.019266995880530918
2009-11-12,0.01822663788456193
2009-11-13,0.018211012362570063
2009-11-16,0.01731139006550257
2009-11-17,0.018420592697173124
2009-11-18,0.018938274053038388
2009-11-19,0.018919782930889816
2009-11-20,0.019173794001375605
2009-11-23,0.019790587615896756
2009-11-24,0.019829049828899617
2009-11-25,0.019829203709916518
2009-11-27,0.019079854115669825
2009-11-30,0.020033526155505795
2009-12-01,0.02025242535317691
2009-12-02,0.020076028504268307
2009-12-03,0.021075946059514242
2009-12-04,0.02216760491405772
2009-12-07,0.021774485001266206
2009-12-08,0.021503876642331905
2009-12-09,0.021194099463048646
2009-12-10,0.02157449097338917
2009-12-11,0.022319488338104793
2009-12-14,0.020805728335859332
2009-12-15,0.02030649851755289
2009-12-16,0.02082634502135362
2009-12-17,0.02218062510724786
2009-12-18,0.0202646896194478
2009-12-21,0.021543441868345822
2009-12-22,0.021884912875295075
2009-12-23,0.020893725610062718
2009-12-24,0.021118548309925367
2009-12-28,0.02108450232187537
2009-12-29,0.019686639332712773
2009-12-30,0.019821793419020094
2009-12-31,0.018560771653284777
2010-01-04,0.01864347774338321
2010-01-05,0.01788646809694979
2010-01-06,0.017538048176478874
2010-01-07,0.01669294046562253
2010-01-08,0.016007699546171445
2010-01-11,0.015768986029603672
2010-01-12,0.017048214074329313
2010-01-13,0.017721805706946803
2010-01-14,0.017891973043611606
2010-01-15,0.017897501644058945
2010-01-19,0.01873604306545175
2010-01-20,0.01894131591595465
2010-01-21,0.02007758298552102
2010-01-22,0.02035127752520273
2010-01-25,0.019207039725325576
2010-01-26,0.018907897835362484
2010-01-27,0.01812656206614929
2010-01-28,0.01854119467706159
2010-01-29,0.018579817590629544
2010-02-01,0.018710047785732938
2010-02-02,0.01946553732231752
2010-02-03,0.018592417965192502
2010-02-04,0.01817316902854137
2010-02-05,0.018982194314435822
2010-02-08,0.01949175491431417
2010-02-09,0.019792079663427938
2010-02-10,0.01991526346940406
2010-02-11,0.019957225585422685
2010-02-12,0.02087547292389761
2010-02-16,0.02051115947087828
2010-02-17,0.01955098283029143
2010-02-18,0.019223602984210025
2010-02-19,0.01830899944939677
2010-02-22,0.01783210525019069
2010-02-23,0.01680645905889071
2010-02-24,0.017274656831923908
2010-02-25,0.01635528865051663
2010-02-26,0.01733199014642764
2010-03-01,0.01719486828450979
2010-03-02,0.016672729685667624
2010-03-03,0.016202063968606708
2010-03-04,0.015464796278365094
2010-03-05,0.014962058885146047
2010-03-08,0.016117743274918557
2010-03-09,0.01585545025876009
2010-03-10,0.016098984501854662
2010-03-11,0.016083026990987022
2010-03-12,0.015619333895896995
2010-03-15,0.01643587223684498
2010-03-16,0.01612124323317868
2010-03-17,0.01629520668827964
2010-03-18,0.016293547070789244
2010-03-19,0.016122249870068238
2010-03-22,0.015855494573151684
2010-03-23,0.015930309112238975
2010-03-24,0.015226110405242205
2010-03-25,0.015632002615666128
2010-03-26,0.016204066987771427
2010-03-29,0.016612745517916368
2010-03-30,0.016586018986316765
2010-03-31,0.01697297112844502
2010-04-01,0.016970595014428325
2010-04-05,0.0167179523358185
2010-04-06,0.0167551771110615
2010-04-07,0.016578019874353634
2010-04-08,0.01635381570690578
2010-04-09,0.015467027425000624
2010-04-12,0.015324668377489184
2010-04-13,0.015288872988484492
2010-04-14,0.015307712947632678
2010-04-15,0.016174409235812506
2010-04-16,0.016397251950338143
2010-04-19,0.015777620846366355
2010-04-20,0.01471215782808963
2010-04-21,0.014454277994478343
2010-04-22,0.014059177448832769
2010-04-23,0.01369033931865291
2010-04-26,0.013560475826876939
2010-04-27,0.012912955908553746
2010-04-28,0.01334933623170632
2010-04-29,0.013600163513264844
2010-04-30,0.013997779722616187
2010-05-03,0.014148601816437434
2010-05-04,0.014021342125958505
2010-05-05,0.014907129383857349
2010-05-06,0.014453631582629708
2010-05-07,0.014255366808296087
2010-05-10,0.01482670227009147
2010-05-11,0.015496726658625807
2010-05-12,0.014808004424147057
2010-05-13,0.015014717213890033
2010-05-14,0.015774462948007648
2010-05-17,0.015882878802224526
2010-05-18,0.01645010444311385
2010-05-19,0.01845413732592703
2010-05-20,0.01905349165202625
2010-05-21,0.019906285013811302
2010-05-24,0.021241099263726304
2010-05-25,0.022040044852081712
2010-05-26,0.021206451650220236
2010-05-27,0.021188491319779002
2010-05-28,0.020256691801941503
2010-06-01,0.02026750444841384
2010-06-02,0.0190509846541796
2010-06-03,0.018903578801547753
2010-06-04,0.017706147869862774
2010-06-07,0.0181757247855024
2010-06-08,0.017526805803140387
2010-06-09,0.017996625753928644
2010-06-10,0.017932062804860947
2010-06-11,0.017340780895985144
2010-06-14,0.016965595311150685
2010-06-15,0.016538369813902446
2010-06-16,0.01693214017894432
2010-06-17,0.016352323122682408
2010-06-18,0.01610429193914257
2010-06-21,0.015995129190983674
2010-06-22,0.015611008227987881
2010-06-23,0.016272109640286306
2010-06-24,0.01632546964037437
2010-06-25,0.015948414853676655
2010-06-28,0.016816623075159274
2010-06-29,0.017101287637857936
2010-06-30,0.01719844171720448
2010-07-01,0.01727856672768294
2010-07-02,0.017231938042789288
2010-07-06,0.016812842806260237
2010-07-07,0.016620372477438503
2010-07-08,0.016189917694525133
2010-07-09,0.016019441667214824
2010-07-12,0.01628664666518058
2010-07-13,0.016296853092069716
2010-07-14,0.01591692066533792
2010-07-15,0.0167450624882811
2010-07-16,0.017412343202162926
2010-07-19,0.016823452520629376
2010-07-20,0.018358894866672325
2010-07-21,0.01880355921638858
2010-07-22,0.019526938372015273
2010-07-23,0.01941381686463776
2010-07-26,0.019020874560820925
2010-07-27,0.018125152415855102
2010-07-28,0.017399876750927752
2010-07-29,0.01705518533333566
2010-07-30,0.01777446155009013
2010-08-02,0.017296497488676694
2010-08-03,0.01758739398765639
2010-08-04,0.017734918411250414
2010-08-05,0.017836726796925027
2010-08-06,0.018161497092252798
2010-08-09,0.017687266008068008
2010-08-10,0.01716225958488676
2010-08-11,0.017601669052879493
2010-08-12,0.016342792123000837
2010-08-13,0.017973970570188708
2010-08-16,0.01813705628206533
2010-08-17,0.01890243473167741
2010-08-18,0.0198022066261582
2010-08-19,0.019824834307815176
2010-08-20,0.019759156757205867
2010-08-23,0.0192515813575592
2010-08-24,0.01949392372716439
2010-08-25,0.018623230800190044
2010-08-26,0.01891309193512653
2010-08-27,0.01969387615979802
2010-08-30,0.019625282466160427
2010-08-31,0.019568226047046902
2010-09-01,0.019094693241822988
2010-09-02,0.018889486621089333
2010-09-03,0.01834917648769793
2010-09-07,0.01731668889566994
2010-09-08,0.016190982232188855
2010-09-09,0.016089652583021332
2010-09-10,0.016306628771706473
2010-09-13,0.016563994192160765
2010-09-14,0.0169888812714091
2010-09-15,0.017094564653093437
2010-09-16,0.01623771487936643
2010-09-17,0.016706763940898275
2010-09-20,0.016590786105596098
2010-09-21,0.015764284100227163
2010-09-22,0.015508984968956061
2010-09-23,0.016001671194983927
2010-09-24,0.015810956227171505
2010-09-27,0.01593464886997606
2010-09-28,0.01693106398009799
2010-09-29,0.01620034663843098
2010-09-30,0.016148908562943494
2010-10-01,0.016887107068866425
2010-10-04,0.016531443738562652
2010-10-05,0.016536515489599612
2010-10-06,0.01594274868659424
2010-10-07,0.015119524935677437
2010-10-08,0.015079337988465908
2010-10-11,0.015496571567459358
2010-10-12,0.01518394056233423
2010-10-13,0.014382917559549981
2010-10-14,0.014343225302543032
2010-10-15,0.013666237465849107
2010-10-18,0.013903591512135006
2010-10-19,0.013777219577260556
2010-10-20,0.014727708863762623
2010-10-21,0.015290515970070305
2010-10-22,0.014745253346199451
2010-10-25,0.015030355125242553
2010-10-26,0.014360831157134222
2010-10-27,0.013913274702249694
2010-10-28,0.013394405897819312
2010-10-29,0.012936148767866876
2010-11-01,0.01253979820046045
2010-11-02,0.013923288601147233
2010-11-03,0.012662782621089714
2010-11-04,0.01247234618576566
2010-11-05,0.01349644793513248
2010-11-08,0.013829731271186483
2010-11-09,0.01355714729585251
2010-11-10,0.01356360164611033
2010-11-11,0.013235824025737265
2010-11-12,0.013328593296334153
2010-11-15,0.014226375542653078
2010-11-16,0.014252178551619707
2010-11-17,0.015308027953774419
2010-11-18,0.015083863332466828
2010-11-19,0.015556157545211738
2010-11-22,0.01634926456544257
2010-11-23,0.015831781806707225
2010-11-24,0.015951877279756416
2010-11-26,0.01537641110044906
2010-11-29,0.016047742663951575
2010-11-30,0.01600905126871586
2010-12-01,0.015565647959673932
2010-12-02,0.015440695342394901
2010-12-03,0.015197232705429152
2010-12-06,0.015296605079871404
2010-12-07,0.014938068771857408
2010-12-08,0.015115817640592928
2010-12-09,0.01588831647360609
2010-12-10,0.015629134326528585
2010-12-13,0.015077939082511756
2010-12-14,0.015315940405971035
2010-12-15,0.014890876433189806
2010-12-16,0.014295695645171117
2010-12-17,0.014765323731296711
2010-12-20,0.01396847777091193
2010-12-21,0.013581421882388513
2010-12-22,0.014089839659492304
2010-12-23,0.015128334305249463
2010-12-27,0.01483206915946781
2010-12-28,0.01531889642015194
2010-12-29,0.015134722105287842
2010-12-30,0.016223413362266556
2010-12-31,0.016831544849606524
2011-01-03,0.017525677948581186
2011-01-04,0.018062895292150254
2011-01-05,0.0186765078595054
2011-01-06,0.01971528136804828
2011-01-07,0.019958980677280653
2011-01-10,0.01948979374836301
2011-01-11,0.019289894277986722
2011-01-12,0.019365386612096212
2011-01-13,0.018886089479996773
2011-01-14,0.01847641325885085
2011-01-18,0.017931178810287055
2011-01-19,0.017142744975418844
2011-01-20,0.01684610969003863
2011-01-21,0.016993513362795466
2011-01-24,0.01696122913388593
2011-01-25,0.017137811718660904
2011-01-26,0.01719487496788053
2011-01-27,0.017014317147499142
2011-01-28,0.015939657875618008
2011-01-31,0.016256482146916537
2011-02-01,0.016015068917497762
2011-02-02,0.015006960907491748
2011-02-03,0.015203633068995569
2011-02-04,0.015582809545956079
2011-02-07,0.015065664528768986
2011-02-08,0.014642516740296945
2011-02-09,0.01565417830770464
2011-02-10,0.015458139939817523
2011-02-11,0.015227199567523969
2011-02-14,0.016074411860497673
2011-02-15,0.014789385734239458
2011-02-16,0.01489286382351214
2011-02-17,0.014829697533005719
2011-02-18,0.015225826551456833
2011-02-22,0.015032116732509952
2011-02-23,0.01577524651740642
2011-02-24,0.015409796532944109
2011-02-25,0.013824317782963275
2011-02-28,0.014465016342937755
2011-03-01,0.01448090578045334
2011-03-02,0.014647413902047893
2011-03-03,0.014513535352398356
2011-03-04,0.015881622908289237
2011-03-07,0.01576240214484273
2011-03-08,0.015864258263706136
2011-03-09,0.015784632565512338
2011-03-10,0.015611304906291956
2011-03-11,0.015137784758925821
2011-03-14,0.015694995341182783
2011-03-15,0.015240663441892099
2011-03-16,0.01449041781282524
2011-03-17,0.01390773709149032
2011-03-18,0.013819339126836696
2011-03-21,0.013522030522359367
2011-03-22,0.013004271516572638
2011-03-23,0.013005921759858133
2011-03-24,0.013784832807957227
2011-03-25,0.013315533157819534
2011-03-28,0.013585080049200966
2011-03-29,0.01287327160495718
2011-03-30,0.013482483673773332
2011-03-31,0.013016516141364056
2011-04-01,0.013287649224149321
2011-04-04,0.01298648986531787
2011-04-05,0.01255865163005376
2011-04-06,0.013073422421084469
2011-04-07,0.012793370631554071
2011-04-08,0.012968589383736458
2011-04-11,0.013614121023400417
2011-04-12,0.012755356111390491
2011-04-13,0.012303937623018383
2011-04-14,0.011998796764032872
2011-04-15,0.011129478401381817
2011-04-18,0.011492101663134248
2011-04-19,0.01164148170949637
2011-04-20,0.011422446567230479
2011-04-21,0.011823791129208429
2011-04-25,0.011670479764136986
2011-04-26,0.01225294021688493
2011-04-27,0.012370260672394016
2011-04-28,0.012797498592529464
2011-04-29,0.012489186468292163
2011-05-02,0.01255838517963007
2011-05-03,0.01284394084175655
2011-05-04,0.012550061804683228
2011-05-05,0.012187369988085306
2011-05-06,0.011854835203697381
2011-05-09,0.011851061773068241
2011-05-10,0.011529985786068132
2011-05-11,0.011674477718211515
2011-05-12,0.010983845136066941
2011-05-13,0.010469227211320086
2011-05-16,0.01081582476728686
2011-05-17,0.010439841328464759
2011-05-18,0.011125692256997598
2011-05-19,0.010367955105406869
2011-05-20,0.00976836466652023
2011-05-23,0.009836914295678715
2011-05-24,0.010003893075789276
2011-05-25,0.010186112420188303
2011-05-26,0.010320980175423036
2011-05-27,0.01002706796093592
2011-05-31,0.01068643799618379
2011-06-01,0.010358108747438708
2011-06-02,0.00982796831099048
2011-06-03,0.010396207077438902
2011-06-06,0.010544289450396304
2011-06-07,0.010558725032741101
2011-06-08,0.010189146685162938
2011-06-09,0.011017103528682
2011-06-10,0.011323376565654084
2011-06-13,0.011619765908478354
2011-06-14,0.011568285017371486
2011-06-15,0.01146908307086715
2011-06-16,0.011276440425116434
2011-06-17,0.011452277730073061
2011-06-20,0.01143105936933387
2011-06-21,0.010911294975631739
2011-06-22,0.010467391802005456
2011-06-23,0.010926343826997259
2011-06-24,0.011846909410204677
2011-06-27,0.011792039996772957
2011-06-28,0.011317119777579458
2011-06-29,0.011391539920218957
2011-06-30,0.012198208423615766
2011-07-01,0.01237742801317898
2011-07-05,0.01248902120092932
2011-07-06,0.012962938291171114
2011-07-07,0.012824018951410825
2011-07-08,0.012198816812086382
2011-07-11,0.013063286851330144
2011-07-12,0.012867564357866073
2011-07-13,0.012444301873968808
2011-07-14,0.012762053706669675
2011-07-15,0.013040198720746975
2011-07-18,0.012822650250741759
2011-07-19,0.012805245454853174
2011-07-20,0.012743699784174101
2011-07-21,0.011541994587436526
2011-07-22,0.011123033270703209
2011-07-25,0.010873874579447529
2011-07-26,0.010942329523960119
2011-07-27,0.010753240488648888
2011-07-28,0.011114284080689023
2011-07-29,0.011037052363203787
2011-08-01,0.011634698871729299
2011-08-02,0.011910688879182922
2011-08-03,0.012208073058525478
2011-08-04,0.012057082540781982
2011-08-05,0.012177594776920063
2011-08-08,0.011734041693948193
2011-08-09,0.011295542225155704
2011-08-10,0.011344204773102476
2011-08-11,0.011250737070133415
2011-08-12,0.011683411769349368
2011-08-15,0.011169223045604762
2011-08-16,0.010608809725884122
2011-08-17,0.010709951162317391
2011-08-18,0.01136571167838061
2011-08-19,0.011645313263661576
2011-08-22,0.011796332213882474
2011-08-23,0.012108402632205513
2011-08-24,0.011946149398022677
2011-08-25,0.012275899750275543
2011-08-26,0.01153244372691941
2011-08-29,0.011864210474245379
2011-08-30,0.012059510623990062
2011-08-31,0.011368189698501787
2011-09-01,0.011197908721200913
2011-09-02,0.011135484495409992
2011-09-06,0.010353554335923366
2011-09-07,0.01063285275968404
2011-09-08,0.010482920700957523
2011-09-09,0.010200284117937011
2011-09-12,0.010205457827815435
2011-09-13,0.010677477019073971
2011-09-14,0.010241453298287111
2011-09-15,0.010713585531997841
2011-09-16,0.010509150090109488
2011-09-19,0.010118230189920077
2011-09-20,0.01009346725410732
2011-09-21,0.010761155330508978
2011-09-22,0.010102564724600862
2011-09-23,0.009871643070327446
2011-09-26,0.00992323041070311
2011-09-27,0.010645902626117086
2011-09-28,0.010909390107128113
2011-09-29,0.011182104353970549
2011-09-30,0.01124940228673883
2011-10-03,0.011985001705973046
2011-10-04,0.012327925042365705
2011-10-05,0.011940789205395961
2011-10-06,0.011402986886771724
2011-10-07,0.011541570059220655
2011-10-10,0.011128998643862272
2011-10-11,0.010904664633011436
2011-10-12,0.010918722214734786
2011-10-13,0.01061805419448067
2011-10-14,0.011170336612146376
2011-10-17,0.010897875611607176
2011-10-18,0.010564388728688394
2011-10-19,0.010521385549402074
2011-10-20,0.010214919345488306
2011-10-21,0.009996925144992258
2011-10-24,0.010033071755472868
2011-10-25,0.010711112280750201
2011-10-26,0.010398479602549283
2011-10-27,0.010289479115207514
2011-10-28,0.0106897818195062
2011-10-31,0.010725400591582166
2011-11-01,0.010327648620501482
2011-11-02,0.010438964249131497
2011-11-03,0.010454390074006642
2011-11-04,0.010168553891618193
2011-11-07,0.009779991864561941
2011-11-08,0.010101151504158815
2011-11-09,0.010211542581049655
2011-11-10,0.009290383773380645
2011-11-11,0.009581637870851699
2011-11-14,0.009060061169153857
2011-11-15,0.009473484219925362
2011-11-16,0.010105742185373787
2011-11-17,0.010185163877807171
2011-11-18,0.010564521067782528
2011-11-21,0.010940779630033341
2011-11-22,0.010537824520479412
2011-11-23,0.010723529475503125
2011-11-25,0.010615972280579321
2011-11-28,0.01077264140307422
2011-11-29,0.01082977004163506
2011-11-30,0.011221011450138863
2011-12-01,0.011803985926598445
2011-12-02,0.0118221525944403
2011-12-05,0.011503033374887825
2011-12-06,0.010797069690842438
2011-12-07,0.01081537269013457
2011-12-08,0.011244677022181439
2011-12-09,0.011688394246069074
2011-12-12,0.011875845720589686
2011-12-13,0.012252468940514344
2011-12-14,0.012217562548283298
2011-12-15,0.011809508353165776
2011-12-16,0.011992772932836876
2011-12-19,0.011857678384293076
2011-12-20,0.01208482914500207
2011-12-21,0.012202228086816537
2011-12-22,0.011759193052884271
2011-12-23,0.011281501889543452
2011-12-27,0.010926794448850639
2011-12-28,0.010989664450066635
2011-12-29,0.011125550830942146
2011-12-30,0.011376320667854658
2012-01-03,0.011592204975328927
2012-01-04,0.011300984823591273
2012-01-05,0.010882006463241764
2012-01-06,0.010011786874473598
2012-01-09,0.01011663699776196
2012-01-10,0.010311201661358915
2012-01-11,0.009967231392092482
2012-01-12,0.00980817098856197
2012-01-13,0.009753108531822546
2012-01-17,0.00981434740852008
2012-01-18,0.009777214693239758
2012-01-19,0.009687409118202732
2012-01-20,0.009657049384752923
2012-01-23,0.009925283058840226
2012-01-24,0.0101722619972517
2012-01-25,0.010173203387115536
2012-01-26,0.009916950222489033
2012-01-27,0.010411117786404082
2012-01-30,0.010283153336078914
2012-01-31,0.009676472620820989
2012-02-01,0.009520704980360426
2012-02-02,0.009454720305085996
2012-02-03,0.008959886594616119
2012-02-06,0.008775089476428634
2012-02-07,0.009454076175625605
2012-02-08,0.009241146613999392
2012-02-09,0.008979768642152282
2012-02-10,0.008716212317519656
2012-02-13,0.008764695714364662
2012-02-14,0.008902048452029495
2012-02-15,0.008435096013835621
2012-02-16,0.008655492823178745
2012-02-17,0.008361805642645314
2012-02-21,0.008500202806976775
2012-02-22,0.008440381122456209
2012-02-23,0.00833604085625324
2012-02-24,0.007939105809003052
2012-02-27,0.00787579259820505
2012-02-28,0.008451296516666588
2012-02-29,0.008771886567727623
2012-03-01,0.008566660922800794
2012-03-02,0.008269777712855246
2012-03-05,0.00812899964387395
2012-03-06,0.008499162837045254
2012-03-07,0.008137294482265913
2012-03-08,0.008567013415203039
2012-03-09,0.00879249307728476
2012-03-12,0.00923225559670337
2012-03-13,0.009263372785809966
2012-03-14,0.009611224387903898
2012-03-15,0.009291883663884115
2012-03-16,0.010121140338967289
2012-03-19,0.009733755814150279
2012-03-20,0.009950350771950311
2012-03-21,0.01050678831999988
2012-03-22,0.010501488290953341
2012-03-23,0.010378165838764247
2012-03-26,0.010268334950177815
2012-03-27,0.01029484932415225
2012-03-28,0.01048708852155184
2012-03-29,0.00966441296613998
2012-03-30,0.009608626123811704
2012-04-02,0.010204437039233355
2012-04-03,0.009867626214367651
2012-04-04,0.009369235089650029
2012-04-05,0.009223337064349538
2012-04-09,0.01001615731327796
2012-04-10,0.010225559229801959
2012-04-11,0.009717690818102248
2012-04-12,0.009970332605759065
2012-04-13,0.009744968404873194
2012-04-16,0.010346992001657453
2012-04-17,0.0104757899224879
2012-04-18,0.011388259649185023
2012-04-19,0.012127916567788135
2012-04-20,0.012116481969231813
2012-04-23,0.012606900858620469
2012-04-24,0.01147501457129636
2012-04-25,0.011992626731291317
2012-04-26,0.01159966746771225
2012-04-27,0.011095799517557518
2012-04-30,0.0109172118617341
2012-05-01,0.010721472715274214
2012-05-02,0.010400788269644051
2012-05-03,0.010564136933767851
2012-05-04,0.010535910798635978
2012-05-07,0.010584966149939116
2012-05-08,0.010722099173512068
2012-05-09,0.010792925568759344
2012-05-10,0.011275332917395535
2012-05-11,0.011274260793395247
2012-05-14,0.010834641944775274
2012-05-15,0.011089729767096181
2012-05-16,0.01113862080297745
2012-05-17,0.010758258135081166
2012-05-18,0.011207432241022993
2012-05-21,0.011554601958764335
2012-05-22,0.011576051423787903
2012-05-23,0.011709660087153968
2012-05-24,0.011880725715615917
2012-05-25,0.011594378295494185
2012-05-29,0.01183039528569734
2012-05-30,0.011329995638735444
2012-05-31,0.011667003376072878
2012-06-01,0.011537370254944394
2012-06-04,0.0111380343193713
2012-06-05,0.01209797191245107
2012-06-06,0.012106982752930501
2012-06-07,0.011853209294505099
2012-06-08,0.011920823194311597
2012-06-11,0.012798961808481437
2012-06-12,0.01343812970619319
2012-06-13,0.0130714656370439
2012-06-14,0.013295302793262765
2012-06-15,0.01310020355693447
2012-06-18,0.01318883753449023
2012-06-19,0.013515255338146601
2012-06-20,0.01436613039768497
2012-06-21,0.014264048474460164
2012-06-22,0.014553136389999013
2012-06-25,0.013749173081034826
2012-06-26,0.013541000711285923
2012-06-27,0.01304189112196732
2012-06-28,0.01311155215322707
2012-06-29,0.0129935668072634
2012-07-02,0.014031338334229832
2012-07-03,0.013278027815553055
2012-07-05,0.013964336102876992
2012-07-06,0.014136775187259842
2012-07-09,0.014266070569702742
2012-07-10,0.013922953141592453
2012-07-11,0.014145672799794945
2012-07-12,0.014527583728037419
2012-07-13,0.013850124911300799
2012-07-16,0.013935005848846134
2012-07-17,0.01481197810549121
2012-07-18,0.014880630722099405
2012-07-19,0.01474227937296217
2012-07-20,0.014215598190738159
2012-07-23,0.014489452585640543
2012-07-24,0.014638789772607363
2012-07-25,0.014869627839884575
2012-07-26,0.015511079067350572
2012-07-27,0.015878758075468045
2012-07-30,0.016927759782220154
2012-07-31,0.01698464654331911
2012-08-01,0.01753065509307572
2012-08-02,0.017574055639375034
2012-08-03,0.017152191428607657
2012-08-06,0.016943610294710698
2012-08-07,0.01591629166513693
2012-08-08,0.015174956774524954
2012-08-09,0.01666646198518532
2012-08-10,0.016585828846862077
2012-08-13,0.016944415199953506
2012-08-14,0.017374917879943247
2012-08-15,0.017114851516327478
2012-08-16,0.017267384151995507
2012-08-17,0.01678545000486347
2012-08-20,0.01652713402217575
2012-08-21,0.0166810144331906
2012-08-22,0.017175226951423306
2012-08-23,0.01770631243705879
2012-08-24,0.017949796553493907
2012-08-27,0.018893108306425512
2012-08-28,0.01818452675770479
2012-08-29,0.018471835597926627
2012-08-30,0.019779770939419437
2012-08-31,0.02061016286641014
2012-09-04,0.021018377852017184
2012-09-05,0.02108407088971674
2012-09-06,0.021506300429659952
2012-09-07,0.02150845812826102
2012-09-10,0.02146394626497389
2012-09-11,0.021318294034346295
2012-09-12,0.02136847682709188
2012-09-13,0.022041934251407585
2012-09-14,0.020075725146823663
2012-09-17,0.02066730251204049
2012-09-18,0.021239163829601983
2012-09-19,0.021694477551674533
2012-09-20,0.021338305174239583
2012-09-21,0.020365284550460275
2012-09-24,0.01977763611327417
2012-09-25,0.0197465426400615
2012-09-26,0.01969972350646172
2012-09-27,0.020077999376136885
2012-09-28,0.019299885984536618
2012-10-01,0.018956165082729105
2012-10-02,0.020146213742325024
2012-10-03,0.019417695312266867
2012-10-04,0.019157295846175787
2012-10-05,0.018588866491606355
2012-10-08,0.01831400452320536
2012-10-09,0.01794840904160115
2012-10-10,0.017212402997938473
2012-10-11,0.016221134345385996
2012-10-12,0.01616396448008413
2012-10-15,0.015881803889261685
2012-10-16,0.015106853273980076
2012-10-17,0.015220290725796006
2012-10-18,0.014483999882271077
2012-10-19,0.014079508826561987
2012-10-22,0.0137495324261653
2012-10-23,0.014170508394262812
2012-10-24,0.013771381082966033
2012-10-25,0.01422714056923619
2012-10-26,0.014210819580664875
2012-10-31,0.014598701080442332
2012-11-01,0.014690872159372596
2012-11-02,0.014689038874442999
2012-11-05,0.014035479165387707
2012-11-06,0.01377324010545245
2012-11-07,0.013392680607779407
2012-11-08,0.01298470915043576
2012-11-09,0.013159643344862668
2012-11-12,0.012430448169563154
2012-11-13,0.011855330630249891
2012-11-14,0.01171100440199154
2012-11-15,0.01123455726872986
2012-11-16,0.011241844230719769
2012-11-19,0.010673422311654954
2012-11-20,0.010847910840176063
2012-11-21,0.010493738923793669
2012-11-23,0.010774779258048916
2012-11-26,0.010551230049578853
2012-11-27,0.010051581853860821
2012-11-28,0.010820205040008293
2012-11-29,0.010641549685067244
2012-11-30,0.010696982657379105
2012-12-03,0.010557250825486765
2012-12-04,0.010718942158669958
2012-12-05,0.010431625400476568
2012-12-06,0.010397886101035834
2012-12-07,0.01054872495461522
2012-12-10,0.009813273760659113
2012-12-11,0.010340738522514542
2012-12-12,0.010357517647948079
2012-12-13,0.010385220290955566
2012-12-14,0.010225873174951553
2012-12-17,0.010719905370800597
2012-12-18,0.011512354493248951
2012-12-19,0.01241407850484313
2012-12-20,0.013323702485847723
2012-12-21,0.013103055700018363
2012-12-24,0.012803456459618669
2012-12-26,0.011795896546017832
2012-12-27,0.011443926895804684
2012-12-28,0.010833274729596427
2012-12-31,0.010866141603028838
2013-01-02,0.010366089544493477
2013-01-03,0.01081959275835658
2013-01-04,0.01009787667391323
2013-01-07,0.009973251845432934
2013-01-08,0.009712494028805842
2013-01-09,0.009804427936377008
2013-01-10,0.009374159200953892
2013-01-11,0.009192909832900132
2013-01-14,0.009292764723900995
2013-01-15,0.009338465451924908
2013-01-16,0.009453676000512988
2013-01-17,0.009655463229208626
2013-01-18,0.009338792363864777
2013-01-22,0.009308892567582322
2013-01-23,0.009168701850098866
2013-01-24,0.009313871741584368
2013-01-25,0.008655187211982622
2013-01-28,0.008739504483766427
2013-01-29,0.008660674076342375
2013-01-30,0.00892906265749721
2013-01-31,0.009285107168462583
2013-02-01,0.00911650062251569
2013-02-04,0.008947000101423732
2013-02-05,0.009033809689016454
2013-02-06,0.008883615757654216
2013-02-07,0.00877259989271015
2013-02-08,0.008847614257931782
2013-02-11,0.008572641387651767
2013-02-12,0.008441380034608165
2013-02-13,0.00814217903541708
2013-02-14,0.007618205062343176
2013-02-15,0.007651051040960826
2013-02-19,0.007615581932787847
2013-02-20,0.0075416259356442875
2013-02-21,0.007801654945001051
2013-02-22,0.007474476370878491
2013-02-25,0.007702248566170485
2013-02-26,0.0077921123767043686
2013-02-27,0.008133604187264266
2013-02-28,0.00783711558976579
2013-03-01,0.007315817083469456
2013-03-04,0.007036681597380413
2013-03-05,0.006994159898848127
2013-03-06,0.00673689972921296
2013-03-07,0.00656273506241115
2013-03-08,0.006196647320636597
2013-03-11,0.006133820552949221
2013-03-12,0.006106236557341775
2013-03-13,0.006319952224940419
2013-03-14,0.006422981939105833
2013-03-15,0.006647033691481865
2013-03-18,0.006202983415668956
2013-03-19,0.006187215462904968
2013-03-20,0.00635099643017057
2013-03-21,0.006078929930111723
2013-03-22,0.006191750542459987
2013-03-25,0.006441382084978256
2013-03-26,0.006867330997603616
2013-03-27,0.006799296080878603
2013-03-28,0.006852317553840777
2013-04-01,0.007006395454303084
2013-04-02,0.007645263016645726
2013-04-03,0.00792343335755409
2013-04-04,0.008161038422625744
2013-04-05,0.008175450575002003
2013-04-08,0.008674755673812635
2013-04-09,0.008592785777304678
2013-04-10,0.008963181683133549
2013-04-11,0.009704503727178316
2013-04-12,0.009098240470545589
2013-04-15,0.00900316275777898
2013-04-16,0.009558179745328627
2013-04-17,0.009770960858037813
2013-04-18,0.009727714886833307
2013-04-19,0.010335307399683002
2013-04-22,0.010440665971845212
2013-04-23,0.011650125519896047
2013-04-24,0.011285689334353076
2013-04-25,0.011390230100541203
2013-04-26,0.011224648371647165
2013-04-29,0.012057321507274588
2013-04-30,0.012221520583742948
2013-05-01,0.01194664225299739
2013-05-02,0.01146576497015465
2013-05-03,0.011025811647092416
2013-05-06,0.011193385159401102
2013-05-07,0.010812439789245214
2013-05-08,0.011335476533390725
2013-05-09,0.011160411289044792
2013-05-10,0.010652083721692253
2013-05-13,0.010625641762184725
2013-05-14,0.010830791916235094
2013-05-15,0.010845629287497284
2013-05-16,0.011666198707689167
2013-05-17,0.012157061741307741
2013-05-20,0.011396783559949202
2013-05-21,0.012151690486588472
2013-05-22,0.012882816851180088
2013-05-23,0.012701180476928482
2013-05-24,0.013151849972911491
2013-05-28,0.01242489202663778
2013-05-29,0.012360510707680128
2013-05-30,0.011782511431742153
2013-05-31,0.011966755200554438
2013-06-03,0.01247717949529633
2013-06-04,0.011905274639901233
2013-06-05,0.012164739741501823
2013-06-06,0.011607943539500877
2013-06-07,0.011824110970834143
2013-06-10,0.011825330874624675
2013-06-11,0.01124496267636598
2013-06-12,0.011805652292980917
2013-06-13,0.011105950846784467
2013-06-14,0.010883941215962518
2013-06-17,0.011081235553288462
2013-06-18,0.011200115097201247
2013-06-19,0.011426906846996343
2013-06-20,0.011035141272916528
2013-06-21,0.011496762198445079
2013-06-24,0.011749922799374106
2013-06-25,0.012233375248338545
2013-06-26,0.012746172791043495
2013-06-27,0.013073033329536984
2013-06-28,0.013397786823021772
2013-07-01,0.012839766080600182
2013-07-02,0.013184091429364045
2013-07-03,0.012732087875887057
2013-07-05,0.012032131194786902
2013-07-08,0.012900613016539629
2013-07-09,0.013479392136655879
2013-07-10,0.013927035157710137
2013-07-11,0.013905956553622157
2013-07-12,0.014883733792975886
2013-07-15,0.014409750511134634
2013-07-16,0.014196437899489963
2013-07-17,0.01402223770313184
2013-07-18,0.013293761246146743
2013-07-19,0.013681358932080145
2013-07-22,0.013725224935329954
2013-07-23,0.014368544557520754
2013-07-24,0.01420368386389574
2013-07-25,0.014121712265642199
2013-07-26,0.013830778818290632
2013-07-29,0.013821183778023261
2013-07-30,0.014574829425666501
2013-07-31,0.013923919858051689
2013-08-01,0.014790142579217349
2013-08-02,0.0146660782917771
2013-08-05,0.01509913398868734
2013-08-06,0.015482718899565923
2013-08-07,0.014545553040523674
2013-08-08,0.01537870249331961
2013-08-09,0.0153044054540446
2013-08-12,0.015761914996240245
2013-08-13,0.015737195353950625
2013-08-14,0.015892709689602443
2013-08-15,0.014615919747516514
2013-08-16,0.01533123529251151
2013-08-19,0.01569009637350817
2013-08-20,0.01511908075643103
2013-08-21,0.014502957514410785
2013-08-22,0.01508612472543183
2013-08-23,0.01579881263084798
2013-08-26,0.015771066740102722
2013-08-27,0.016265976108080164
2013-08-28,0.01580802191801384
2013-08-29,0.015362060241702821
2013-08-30,0.014308694101333725
2013-09-03,0.013933173384391633
2013-09-04,0.014048484095535435
2013-09-05,0.014201390823830573
2013-09-06,0.0146885305853394
2013-09-09,0.014340192691683589
2013-09-10,0.014300870139758937
2013-09-11,0.014013860217507517
2013-09-12,0.014162957776001158
2013-09-13,0.013753474044695893
2013-09-16,0.013886039856337082
2013-09-17,0.013574264243932667
2013-09-18,0.013699719626481956
2013-09-19,0.01364376520610726
2013-09-20,0.013472107552051667
2013-09-23,0.012643674075962424
2013-09-24,0.01323317137099931
2013-09-25,0.013618340617874612
2013-09-26,0.014351026436709966
2013-09-27,0.01453029113526408
2013-09-30,0.014974549375176019
2013-10-01,0.014305384299656328
2013-10-02,0.013631161049169286
2013-10-03,0.013140626863348756
2013-10-04,0.013136471684413672
2013-10-07,0.01312713648430381
2013-10-08,0.012316568570996276
2013-10-09,0.013006817502311755
2013-10-10,0.012944400036828115
2013-10-11,0.012982525512275331
2013-10-14,0.013319005059620853
2013-10-15,0.012682617070442895
2013-10-16,0.012783406301249176
2013-10-17,0.012380988276853268
2013-10-18,0.012910352836265616
2013-10-21,0.012506316463428143
2013-10-22,0.01317553560598291
2013-10-23,0.013401385505804045
2013-10-24,0.01388689026440841
2013-10-25,0.013286346466031326
2013-10-28,0.013719951451978837
2013-10-29,0.014411728296604533
2013-10-30,0.013170926212035253
2013-10-31,0.013332354212220454
2013-11-01,0.012830766986133925
2013-11-04,0.012042100300955476
2013-11-05,0.011492955580070192
2013-11-06,0.011161625906078566
2013-11-07,0.011397638823154404
2013-11-08,0.011756665449226295
2013-11-11,0.01255380085429492
2013-11-12,0.012169414264219735
2013-11-13,0.011969079073777963
2013-11-14,0.011783496170439804
2013-11-15,0.012084708451682507
2013-11-18,0.011904791083041405
2013-11-19,0.011841374386370066
2013-11-20,0.011767834553623081
2013-11-21,0.013130865908848603
2013-11-22,0.012967290491187031
2013-11-25,0.012321758954891555
2013-11-26,0.012521796234560149
2013-11-27,0.012322664740843224
2013-11-29,0.011778712120219206
2013-12-02,0.011970887340513978
2013-12-03,0.010985458807663443
2013-12-04,0.011128026606584959
2013-12-05,0.010459214545503323
2013-12-06,0.010827973765147785
2013-12-09,0.0102207968783304
2013-12-10,0.009058899228547388
2013-12-11,0.008623950727286334
2013-12-12,0.00836858025193269
2013-12-13,0.008097325647453439
2013-12-16,0.007772260919617005
2013-12-17,0.007993211814058977
2013-12-18,0.007770460985043083
2013-12-19,0.0076194131101458016
2013-12-20,0.007354762688022129
2013-12-23,0.007439824680272467
2013-12-24,0.0072743769903208105
2013-12-26,0.007002229891415651
2013-12-27,0.007409183578649762
2013-12-30,0.0074780486716510336
2013-12-31,0.00791600568158525
2014-01-02,0.0077670473010757555
2014-01-03,0.0077823177393877
2014-01-06,0.007455026064856877
2014-01-07,0.007174327328972964
2014-01-08,0.007094120147283751
2014-01-09,0.0066530967432374775
2014-01-10,0.006319776866858766
2014-01-13,0.006188236358661209
2014-01-14,0.006026973057562404
2014-01-15,0.005825842921923892
2014-01-16,0.0057148093477857025
2014-01-17,0.00574363683601412
2014-01-21,0.005634367276571858
2014-01-22,0.005266808988249719
2014-01-23,0.005645153527096134
2014-01-24,0.005600534148722939
2014-01-27,0.00582774311587681
2014-01-28,0.006247428256112999
2014-01-29,0.006138214817567699
2014-01-30,0.006290832946494083
2014-01-31,0.005912793355410603
2014-02-03,0.005528706193069792
2014-02-04,0.0054241853681413
2014-02-05,0.005252499836831818
2014-02-06,0.005426004930441756
2014-02-07,0.005439320494715483
2014-02-10,0.0050273310380905606
2014-02-11,0.00480281450950865
2014-02-12,0.005325740767681146
2014-02-13,0.005335542171827261
2014-02-14,0.0053944609624600615
2014-02-18,0.006125302186916944
2014-02-19,0.006061957841240473
2014-02-20,0.005835830973892997
2014-02-21,0.0056319872166200775
2014-02-24,0.00559892627143867
2014-02-25,0.005794041456249983
2014-02-26,0.005836488261123332
2014-02-27,0.005841229475680746
2014-02-28,0.005558621617878978
2014-03-03,0.0057278146544614125
2014-03-04,0.006080229129070398
2014-03-05,0.005999856106141807
2014-03-06,0.006037364987832374
2014-03-07,0.005875594861384202
2014-03-10,0.005956271883814163
2014-03-11,0.006067276192540728
2014-03-12,0.006471891118222012
2014-03-13,0.006606776952255546
2014-03-14,0.006252323508127963
2014-03-17,0.006246347312925183
2014-03-18,0.006004551139687239
2014-03-19,0.00574639675896434
2014-03-20,0.0061305698461903224
2014-03-21,0.006170158836891634
2014-03-24,0.006151807938275072
2014-03-25,0.006151398554671994
2014-03-26,0.006177362176979194
2014-03-27,0.006289025836495385
2014-03-28,0.006398684945165015
2014-03-31,0.0065508223636778495
2014-04-01,0.006483428010893116
2014-04-02,0.006609481803369897
2014-04-03,0.007091738095151567
2014-04-04,0.0070678824464735284
2014-04-07,0.006973911420830652
2014-04-08,0.007046292542333206
2014-04-09,0.006689895606241965
2014-04-10,0.00700208499443443
2014-04-11,0.006752257715892272
2014-04-14,0.006796327166972735
2014-04-15,0.007065041035411148
2014-04-16,0.0067872703505251165
2014-04-17,0.006441744809615758
2014-04-21,0.00637149941873484
2014-04-22,0.006171952926771051
2014-04-23,0.006285880697137005
2014-04-24,0.006105912037253536
2014-04-25,0.0062596610599167
2014-04-28,0.0060844913200674925
2014-04-29,0.00611483243442895
2014-04-30,0.006198434644454334
2014-05-01,0.006345787879186902
2014-05-02,0.006409755460337781
2014-05-05,0.006385589243939607
2014-05-06,0.006047246779935913
2014-05-07,0.0063308241800024
2014-05-08,0.006788949204090467
2014-05-09,0.006905103130237401
2014-05-12,0.007020253796426897
2014-05-13,0.006636432396459871
2014-05-14,0.006687803812488081
2014-05-15,0.006650098974580638
2014-05-16,0.006740684830509238
2014-05-19,0.00691816074289546
2014-05-20,0.006991919671658753
2014-05-21,0.006941319425236942
2014-05-22,0.006753167203360424
2014-05-23,0.007241420759696905
2014-05-27,0.007060741664559683
2014-05-28,0.007183462705253492
2014-05-29,0.007413788360205017
2014-05-30,0.007186732232761255
2014-06-02,0.007013986181002274
2014-06-03,0.007077914178916646
2014-06-04,0.006946556470125215
2014-06-05,0.00676501178586786
2014-06-06,0.006480700620890309
2014-06-09,0.006744666379664708
2014-06-10,0.006866024126941246
2014-06-11,0.007308406074205014
2014-06-12,0.007002868956985201
2014-06-13,0.00723712463480733
2014-06-16,0.00724110589623573
2014-06-17,0.0069224943932801545
2014-06-18,0.006907606997802289
2014-06-19,0.006920918160790728
2014-06-20,0.007116076469075309
2014-06-23,0.007669712583086912
2014-06-24,0.007805042998672518
2014-06-25,0.008310114009653884
2014-06-26,0.00829098884965653
2014-06-27,0.00819952206897936
2014-06-30,0.0082999566504012
2014-07-01,0.008852372786449065
2014-07-02,0.00888986511818164
2014-07-03,0.009016085078065342
2014-07-07,0.009248149432819756
2014-07-08,0.00926034756809333
2014-07-09,0.009621214528163889
2014-07-10,0.010251612547144063
2014-07-11,0.010225644555270653
2014-07-14,0.009897263350342229
2014-07-15,0.009905700719418846
2014-07-16,0.010361063054415927
2014-07-17,0.010884133955283221
2014-07-18,0.01065591675939635
2014-07-21,0.010396206107450743
2014-07-22,0.00990673832854123
2014-07-23,0.009933708247840966
2014-07-24,0.010437028175511792
2014-07-25,0.010656241076607993
2014-07-28,0.01098609325477036
2014-07-29,0.011403956649968294
2014-07-30,0.011402515151884708
2014-07-31,0.011163051721260432
2014-08-01,0.011165536607642959
2014-08-04,0.010821344501904584
2014-08-05,0.011341433254715464
2014-08-06,0.011677081441112408
2014-08-07,0.011783497831406791
2014-08-08,0.012626954181090095
2014-08-11,0.01261226148970409
2014-08-12,0.012754588391204287
2014-08-13,0.012935594717033356
2014-08-14,0.012326277078200193
2014-08-15,0.012378426644197476
2014-08-18,0.013063978487064594
2014-08-19,0.013357547884460962
2014-08-20,0.013807716701251993
2014-08-21,0.014595228066924829
2014-08-22,0.014596989056501034
2014-08-25,0.01531769712749368
2014-08-26,0.016483875487587132
2014-08-27,0.01726828814818811
2014-08-28,0.017768658433880733
2014-08-29,0.016791146250853643
2014-09-02,0.016907891187586805
2014-09-03,0.016871517712992667
2014-09-04,0.01751056095250286
2014-09-05,0.01733393042040914
2014-09-08,0.01647040984301782
2014-09-09,0.01586298335120072
2014-09-10,0.01617191067625322
2014-09-11,0.016281351068411717
2014-09-12,0.01613157213077214
2014-09-15,0.015787481235905357
2014-09-16,0.016767200873907696
2014-09-17,0.01708058846512152
2014-09-18,0.016252687129356097
2014-09-19,0.016514891658641114
2014-09-22,0.016305830190116742
2014-09-23,0.01678350771912984
2014-09-24,0.016485833187237203
2014-09-25,0.01754495683765564
2014-09-26,0.017786626553359056
2014-09-29,0.018760516859933785
2014-09-30,0.018315509722787886
2014-10-01,0.018599058566960314
2014-10-02,0.017763834566906018
2014-10-03,0.0182279746406233
2014-10-06,0.018056141301158866
2014-10-07,0.017773343756240217
2014-10-08,0.017444128032388106
2014-10-09,0.017715746700369732
2014-10-10,0.01815920461769885
2014-10-13,0.01801164476796829
2014-10-14,0.017351130690928775
2014-10-15,0.017199615226959935
2014-10-16,0.01640509953089661
2014-10-17,0.01703893511478159
2014-10-20,0.015970279155234093
2014-10-21,0.01494976849441282
2014-10-22,0.014698168566709259
2014-10-23,0.014143378631746297
2014-10-24,0.014221866403271001
2014-10-27,0.014305009186180792
2014-10-28,0.014352393744845681
2014-10-29,0.01430408015974223
2014-10-30,0.014150294239529062
2014-10-31,0.014168585651594168
2014-11-03,0.0147269134491328
2014-11-04,0.014606299402490645
2014-11-05,0.014202509138976454
2014-11-06,0.014431289605023651
2014-11-07,0.015267928660752439
2014-11-10,0.015132008983069729
2014-11-11,0.014741236279796392
2014-11-12,0.014316540186183373
2014-11-13,0.015303280490688569
2014-11-14,0.015809940710539375
2014-11-17,0.015520023809425854
2014-11-18,0.015508184488328976
2014-11-19,0.015361013350055637
2014-11-20,0.015329356228660003
2014-11-21,0.015210695677901084
2014-11-24,0.015581610046173386
2014-11-25,0.015689358511232272
2014-11-26,0.014755809083578802
2014-11-28,0.01389811079116712
2014-12-01,0.013920334190739604
2014-12-02,0.01353936777709524
2014-12-03,0.013477759145023914
2014-12-04,0.014294391539359944
2014-12-05,0.015019649249855656
2014-12-08,0.0157955155047859
2014-12-09,0.015668814201540274
2014-12-10,0.016576162653486746
2014-12-11,0.016237624056264485
2014-12-12,0.016176720477651837
2014-12-15,0.015539690533504987
2014-12-16,0.015229530052153889
2014-12-17,0.014778396239700094
2014-12-18,0.014489115314018426
2014-12-19,0.014842047993413798
2014-12-22,0.015162955007087925
2014-12-23,0.014612538145415794
2014-12-24,0.015039318191554019
2014-12-26,0.014600162707468436
2014-12-29,0.014127143672425615
2014-12-30,0.014015111789861213
2014-12-31,0.014558950079106875
2015-01-02,0.015155239229023744
2015-01-05,0.015121038416246074
2015-01-06,0.015372299936025844
2015-01-07,0.015636404870643994
2015-01-08,0.01557144462329933
2015-01-09,0.015760536691428736
2015-01-12,0.015792282092490104
2015-01-13,0.01597517097695568
2015-01-14,0.016168421632112538
2015-01-15,0.016597113567114293
2015-01-16,0.01786213693585814
2015-01-20,0.017496196109652508
2015-01-21,0.0172314833415034
2015-01-22,0.017359844201781098
2015-01-23,0.017522061842509644
2015-01-26,0.017370485337957816
2015-01-27,0.017057969919547143
2015-01-28,0.016611960038304
2015-01-29,0.017128685468968383
2015-01-30,0.016415790853184023
2015-02-02,0.016011144986838893
2015-02-03,0.01643242876343435
2015-02-04,0.01635180779511454
2015-02-05,0.01768067038615584
2015-02-06,0.018736848415679064
2015-02-09,0.019988931162400206
2015-02-10,0.019670268105599967
2015-02-11,0.019193822943448468
2015-02-12,0.01970051378262091
2015-02-13,0.019834671154982407
2015-02-17,0.01945410653642753
2015-02-18,0.0198152514133458
2015-02-19,0.019073325843668176
2015-02-20,0.01889447061508502
2015-02-23,0.019954913123849678
2015-02-24,0.01934832524768228
2015-02-25,0.019222800493392474
2015-02-26,0.01925672058085285
2015-02-27,0.019792076788455053
2015-03-02,0.020472111548565895
2015-03-03,0.020298930567678015
2015-03-04,0.021301097884165815
2015-03-05,0.02177132943631707
2015-03-06,0.02115743914923956
2015-03-09,0.020316621690670538
2015-03-10,0.01952445323311861
2015-03-11,0.019224997267659596
2015-03-12,0.018443002382903872
2015-03-13,0.018703554265897763
2015-03-16,0.017559329616371668
2015-03-17,0.018646401808594747
2015-03-18,0.020055252899501705
2015-03-19,0.0205305710382363
2015-03-20,0.021806441871078407
2015-03-23,0.022749880609655663
2015-03-24,0.02225089310735767
2015-03-25,0.02179625667021053
2015-03-26,0.0210518921143437
2015-03-27,0.021342981282978547
2015-03-30,0.02135307745908223
2015-03-31,0.02132317913276407
2015-04-01,0.022757025237141727
2015-04-02,0.021355284187657562
2015-04-06,0.020730858487712653
2015-04-07,0.02105302592507659
2015-04-08,0.020572595030923176
2015-04-09,0.020246678904618575
2015-04-10,0.02064633582861693
2015-04-13,0.022162113136862904
2015-04-14,0.021402055641500196
2015-04-15,0.020775747444253236
2015-04-16,0.021037703983563548
2015-04-17,0.02142424510206871
2015-04-20,0.02185998223609738
2015-04-21,0.02111071740833946
2015-04-22,0.022453580199561465
2015-04-23,0.02165998096074329
2015-04-24,0.021453069933028597
2015-04-27,0.020230132454184983
2015-04-28,0.01951849400797406
2015-04-29,0.01987435630158446
2015-04-30,0.02035947901150419
2015-05-01,0.021813335627444794
2015-05-04,0.022128512923110306
2015-05-05,0.022322948067679326
2015-05-06,0.023570036816193334
2015-05-07,0.021997738733067256
2015-05-08,0.023025446685986026
2015-05-11,0.023318633253955785
2015-05-12,0.022711650916689963
2015-05-13,0.023646611994637527
2015-05-14,0.024316055899787647
2015-05-15,0.023858737403314043
2015-05-18,0.02212241520662683
2015-05-19,0.022580646158076083
2015-05-20,0.022820023552224605
2015-05-21,0.02180299815040941
2015-05-22,0.021645644719943694
2015-05-26,0.021564327745182608
2015-05-27,0.02020968116810809
2015-05-28,0.02145346873182421
2015-05-29,0.021565868563560884
2015-06-01,0.02225763550390658
2015-06-02,0.022984626421179776
2015-06-03,0.02457272232976107
2015-06-04,0.02429207535559795
2015-06-05,0.023799623800526828
2015-06-08,0.023450580807635808
2015-06-09,0.022588352576968805
2015-06-10,0.02242057105303905
2015-06-11,0.02419105588427316
2015-06-12,0.022631216200256307
2015-06-15,0.02289797147946206
2015-06-16,0.02298548152247914
2015-06-17,0.02267318185616428
2015-06-18,0.022101436866347437
2015-06-19,0.023638557132446374
2015-06-22,0.02327032749007009
2015-06-23,0.022511127848196644
2015-06-24,0.02294800908504218
2015-06-25,0.0213194449146699
2015-06-26,0.021308252315010056
2015-06-29,0.0208232271563609
2015-06-30,0.019253501892174955
2015-07-01,0.019168306281206526
2015-07-02,0.017665290981290133
2015-07-06,0.018758506106810152
2015-07-07,0.018007344165253777
2015-07-08,0.017058394077481276
2015-07-09,0.01783056541849521
2015-07-10,0.017943013852719406
2015-07-13,0.019308586595323814
2015-07-14,0.02013997272758404
2015-07-15,0.02001655977704003
2015-07-16,0.020542302598301105
2015-07-17,0.02022802390381167
2015-07-20,0.020671870532181835
2015-07-21,0.020377747450300823
2015-07-22,0.020770290139586145
2015-07-23,0.020799017605080534
2015-07-24,0.02144942137331426
2015-07-27,0.020357374217685333
2015-07-28,0.01982280770781534
2015-07-29,0.020016195308895684
2015-07-30,0.019999899561955106
2015-07-31,0.020034667374081314
2015-08-03,0.021150911185000693
2015-08-04,0.02064482825544472
2015-08-05,0.02099286718480253
2015-08-06,0.021322400881628675
2015-08-07,0.022542795483060846
2015-08-10,0.021705555474689362
2015-08-11,0.021507757641144425
2015-08-12,0.020992623450332284
2015-08-13,0.02134331255749622
2015-08-14,0.0217014798342643
2015-08-17,0.021824126434653514
2015-08-18,0.022290803321779046
2015-08-19,0.023220581397148752
2015-08-20,0.022968314126231616
2015-08-21,0.023752114176751542
2015-08-24,0.02374519650412764
2015-08-25,0.02380832135628564
2015-08-26,0.022822952754661244
2015-08-27,0.021168396795685305
2015-08-28,0.020303369290375958
2015-08-31,0.019391872655593563
2015-09-01,0.0180389340420879
2015-09-02,0.019364723363868262
2015-09-03,0.019335203521245854
2015-09-04,0.01896420807553944
2015-09-08,0.019401818434006353
2015-09-09,0.020656616442957933
2015-09-10,0.021856408840536287
2015-09-11,0.021639210074719376
2015-09-14,0.021778243797117538
2015-09-15,0.022932550531735863
2015-09-16,0.021863690303351488
2015-09-17,0.02239170484238429
2015-09-18,0.022139153710684346
2015-09-21,0.02234096242667239
2015-09-22,0.02330935638156712
2015-09-23,0.02525823056635907
2015-09-24,0.027641677648192482
2015-09-25,0.02854678993374758
2015-09-28,0.028574056773264238
2015-09-29,0.028331113722673343
2015-09-30,0.026627069753113092
2015-10-01,0.02578017011313327
2015-10-02,0.025891750097530312
2015-10-05,0.023780810551533704
2015-10-06,0.02421068249141756
2015-10-07,0.023564273864387076
2015-10-08,0.026230126632593727
2015-10-09,0.026850801053790965
2015-10-12,0.02567436833740545
2015-10-13,0.026025930290916023
2015-10-14,0.025834045505994375
2015-10-15,0.024055025058248792
2015-10-16,0.02438240688486062
2015-10-19,0.023559797971294507
2015-10-20,0.02407245442672037
2015-10-21,0.024022401671369827
2015-10-22,0.023993500077365296
2015-10-23,0.023385101214159775
2015-10-26,0.023274612713595395
2015-10-27,0.023239988743117744
2015-10-28,0.023761881507022457
2015-10-29,0.023139989552295688
2015-10-30,0.02202543483306876
2015-11-02,0.023274502368598318
2015-11-03,0.02282280109367917
2015-11-04,0.022682522975116415
2015-11-05,0.02210168221924525
2015-11-06,0.021455187853020648
2015-11-09,0.021244272312139018
2015-11-10,0.021530073488787025
2015-11-11,0.021608079303367812
2015-11-12,0.022149204809528072
2015-11-13,0.021250437049624895
2015-11-16,0.02145620611509706
2015-11-17,0.02053501361343462
2015-11-18,0.021750900979114224
2015-11-19,0.02309855230637777
2015-11-20,0.021778588104450353
2015-11-23,0.022305141552318327
2015-11-24,0.022322912097876936
2015-11-25,0.022694923525754546
2015-11-27,0.02338760460161244
2015-11-30,0.023171832514769484
2015-12-01,0.02350965527617303
2015-12-02,0.02467086772166798
2015-12-03,0.02466003469256425
2015-12-04,0.025352228972873384
2015-12-07,0.025547567001745115
2015-12-08,0.026513526745745954
2015-12-09,0.026001597068434572
2015-12-10,0.02501544428018057
2015-12-11,0.026710626909664116
2015-12-14,0.028802784349034712
2015-12-15,0.028186150374054638
2015-12-16,0.02659778437364147
2015-12-17,0.026850283692030064
2015-12-18,0.025213535004965773
2015-12-21,0.024842616145606226
2015-12-22,0.02430630797159444
2015-12-23,0.024327229403880945
2015-12-24,0.024064535933569633
2015-12-28,0.024015435140666813
2015-12-29,0.02348509665998529
2015-12-30,0.024518715337235788
2015-12-31,0.025648464256836305
2016-01-04,0.024398112174923003
2016-01-05,0.023419305854477764
2016-01-06,0.02510286219012152
2016-01-07,0.024399169406498614
2016-01-08,0.026226364873022216
2016-01-11,0.02660358599773778
2016-01-12,0.026975546184031206
2016-01-13,0.027265235377846347
2016-01-14,0.029356107014133003
2016-01-15,0.030514567753013536
2016-01-19,0.02960174491770883
2016-01-20,0.031235574920876807
2016-01-21,0.03273678753579292
2016-01-22,0.0322722659700023
2016-01-25,0.032240115238466066
2016-01-26,0.031479342174925574
2016-01-27,0.029880299676437808
2016-01-28,0.030778237079677535
2016-01-29,0.030121626446129795
2016-02-01,0.02764683458920185
2016-02-02,0.026399903686774466
2016-02-03,0.027342081579724845
2016-02-04,0.027179601826525186
2016-02-05,0.026440062743481547
2016-02-08,0.026207301967280824
2016-02-09,0.025325595729257848
2016-02-10,0.0250655243802333
2016-02-11,0.02483365215864786
2016-02-12,0.024836214571579213
2016-02-16,0.023686367238489412
2016-02-17,0.022876138064795267
2016-02-18,0.023708028969908784
2016-02-19,0.023225176888282635
2016-02-22,0.02340984326500472
2016-02-23,0.024209558842375523
2016-02-24,0.024232306742789197
2016-02-25,0.022940045819775365
2016-02-26,0.022364422694698745
2016-02-29,0.021872841708814497
2016-03-01,0.022009853233966738
2016-03-02,0.022433042372875727
2016-03-03,0.022951153583119166
2016-03-04,0.023232720075612237
2016-03-07,0.02283080138866852
2016-03-08,0.023556755962809494
2016-03-09,0.023467939030780486
2016-03-10,0.024005739194066473
2016-03-11,0.023204695163885788
2016-03-14,0.024119381431942127
2016-03-15,0.025424630563720695
2016-03-16,0.025135798942790867
2016-03-17,0.02558059119161524
2016-03-18,0.025299287113833013
2016-03-21,0.02592145849101155
2016-03-22,0.025860468059639537
2016-03-23,0.026171977987809302
2016-03-24,0.026213741601905084
2016-03-28,0.028145318126541564
2016-03-29,0.030238666624519323
2016-03-30,0.030386188672784052
2016-03-31,0.03136959879999068
2016-04-01,0.032703919427779955
2016-04-04,0.031112305317792452
2016-04-05,0.029087311823137046
2016-04-06,0.02915035160425325
2016-04-07,0.02912453955001755
2016-04-08,0.02760905484572093
2016-04-11,0.027511861259866946
2016-04-12,0.027131779113332064
2016-04-13,0.02644010237733819
2016-04-14,0.027955645307858035
2016-04-15,0.02719304111491028
2016-04-18,0.02673530250378145
2016-04-19,0.025168899268990602
2016-04-20,0.024532717486779373
2016-04-21,0.02530843279277002
2016-04-22,0.025958633069168933
2016-04-25,0.02448689826281079
2016-04-26,0.02243333433609301
2016-04-27,0.022250719805026697
2016-04-28,0.021979608649745606
2016-04-29,0.023344793691771674
2016-05-02,0.024598037079790778
2016-05-03,0.02649749962459083
2016-05-04,0.02556580542255266
2016-05-05,0.02514801260548369
2016-05-06,0.02368874638717392
2016-05-09,0.02375891809824348
2016-05-10,0.024232439266692645
2016-05-11,0.026039805984541288
2016-05-12,0.025912621389741864
2016-05-13,0.024879174554258216
2016-05-16,0.025610196635463704
2016-05-17,0.02386646876898883
2016-05-18,0.02422452476109513
2016-05-19,0.02469013669746078
2016-05-20,0.02386862935521854
2016-05-23,0.024307166454795356
2016-05-24,0.02448784661723138
2016-05-25,0.023544247833573426
2016-05-26,0.02280812644943001
2016-05-27,0.02211075745486971
2016-05-31,0.020370182976075665
2016-06-01,0.019933158963876315
2016-06-02,0.02037214509307584
2016-06-03,0.01918821725920199
2016-06-06,0.017897519368001238
2016-06-07,0.01787772919711378
2016-06-08,0.01726926031992903
2016-06-09,0.016593051252044612
2016-06-10,0.016602232234249278
2016-06-13,0.016811164500342667
2016-06-14,0.016649366778014804
2016-06-15,0.017192939151533058
2016-06-16,0.016191186718769127
2016-06-17,0.016018775355481765
2016-06-20,0.015770424176318944
2016-06-21,0.015064815942391799
2016-06-22,0.01467699712640133
2016-06-23,0.014120701919601117
2016-06-24,0.014219136734845783
2016-06-27,0.014826054100060923
2016-06-28,0.014853995185471149
2016-06-29,0.015634062173597956
2016-06-30,0.01565503082884477
2016-07-01,0.016016645531307872
2016-07-05,0.016324199949423603
2016-07-06,0.01675751049660337
2016-07-07,0.01704182498745799
2016-07-08,0.017085591990059087
2016-07-11,0.017550949400906887
2016-07-12,0.01751798053133334
2016-07-13,0.017964771153372742
2016-07-14,0.01781464391420449
2016-07-15,0.01754584375113888
2016-07-18,0.018530169505629277
2016-07-19,0.01836710361723319
2016-07-20,0.018749221108489474
2016-07-21,0.017286623657423
2016-07-22,0.01574687470267589
2016-07-25,0.014961238547511812
2016-07-26,0.015647224303558506
2016-07-27,0.01581419336960853
2016-07-28,0.01551027669065823
2016-07-29,0.01602313780407941
2016-08-01,0.016318138160753975
2016-08-02,0.015857206494575057
2016-08-03,0.016421411308027548
2016-08-04,0.016664738710539976
2016-08-05,0.015761287088687848
2016-08-08,0.014880625354584266
2016-08-09,0.014679869925878188
2016-08-10,0.014426316336641081
2016-08-11,0.014188734552820883
2016-08-12,0.01495188315161911
2016-08-15,0.014477474061968884
2016-08-16,0.014227256344232738
2016-08-17,0.014709596662787571
2016-08-18,0.014256887669212957
2016-08-19,0.013654847348543825
2016-08-22,0.013226948169789272
2016-08-23,0.014203126950748992
2016-08-24,0.014249774929212268
2016-08-25,0.013796904483810027
2016-08-26,0.013638754753886193
2016-08-29,0.01318484055681019
2016-08-30,0.013439904849738919
2016-08-31,0.013887489762388443
2016-09-01,0.01437574907682035
2016-09-02,0.013147414344916421
2016-09-06,0.012967555544068853
2016-09-07,0.013160901410786553
2016-09-08,0.013566839480674936
2016-09-09,0.01272499342011974
2016-09-12,0.012870266958573484
2016-09-13,0.012736013213211262
2016-09-14,0.012216258321121325
2016-09-15,0.012141559641021323
2016-09-16,0.012148035263105548
2016-09-19,0.01195274809019761
2016-09-20,0.012770156116835202
2016-09-21,0.01304294782496837
2016-09-22,0.013550553211311303
2016-09-23,0.012808563665811012
2016-09-26,0.012002206579772967
2016-09-27,0.012438616290249208
2016-09-28,0.012911070373263436
2016-09-29,0.012529828324879427
2016-09-30,0.012444613300188135
2016-10-03,0.012562449914043792
2016-10-04,0.012442090368464222
2016-10-05,0.0128167280376176
2016-10-06,0.013089817937361524
2016-10-07,0.013030950082552345
2016-10-10,0.013257872022835675
2016-10-11,0.013565787896796057
2016-10-12,0.013508846770630892
2016-10-13,0.014059060533583757
2016-10-14,0.014960697926532075
2016-10-17,0.015097194192495543
2016-10-18,0.013725999330975097
2016-10-19,0.01422809339915749
2016-10-20,0.012758221675816864
2016-10-21,0.01326756977699798
2016-10-24,0.013939193688063841
2016-10-25,0.013680108095301551
2016-10-26,0.013074761147663016
2016-10-27,0.012326694190754786
2016-10-28,0.013255344419746039
2016-10-31,0.013339597310156793
2016-11-01,0.013228099041635922
2016-11-02,0.012915571239660356
2016-11-03,0.013071358014610917
2016-11-04,0.012878115268807746
2016-11-07,0.01319771787639458
2016-11-08,0.013416152111045031
2016-11-09,0.013456187610841245
2016-11-10,0.014249802137673646
2016-11-11,0.014363116996092669
2016-11-14,0.014947231355734654
2016-11-15,0.014871248196006635
2016-11-16,0.014832718446708528
2016-11-17,0.014094881565331075
2016-11-18,0.013976535096082853
2016-11-21,0.014379156947616278
2016-11-22,0.013781280900859278
2016-11-23,0.0140504366147858
2016-11-25,0.013574541907414759
2016-11-28,0.012993691652592608
2016-11-29,0.013489340926729185
2016-11-30,0.013341368125447341
2016-12-01,0.013200669279993122
2016-12-02,0.013955597240937536
2016-12-05,0.01345480603261498
2016-12-06,0.013933538803580916
2016-12-07,0.013284936184899251
2016-12-08,0.013956931046687137
2016-12-09,0.013557195545876833
2016-12-12,0.012673723203276423
2016-12-13,0.012154769606357791
2016-12-14,0.012957290765512062
2016-12-15,0.012672924743893416
2016-12-16,0.012022506897906337
2016-12-19,0.012312044314694027
2016-12-20,0.012245213820555297
2016-12-21,0.012520439182839025
2016-12-22,0.01277602481858755
2016-12-23,0.013446046614226183
2016-12-27,0.01348605340464029
2016-12-28,0.013179181054794101
2016-12-29,0.01346684464846036
2016-12-30,0.013495395892912777
2017-01-03,0.013451965962259681
2017-01-04,0.01279139404766598
2017-01-05,0.012424712709748292
2017-01-06,0.011611212847638927
2017-01-09,0.011849478303907944
2017-01-10,0.012037010281573873
2017-01-11,0.012112822892825935
2017-01-12,0.012050660047637385
2017-01-13,0.012886364847033562
2017-01-17,0.012324259771885395
2017-01-18,0.011567116870022043
2017-01-19,0.01208198476426729
2017-01-20,0.010928908848486463
2017-01-23,0.01123007642511898
2017-01-24,0.011884379025865898
2017-01-25,0.012041038568093689
2017-01-26,0.012376427956520324
2017-01-27,0.012846296292745179
2017-01-30,0.012533773682731657
2017-01-31,0.011679579070735241
2017-02-01,0.011424771960922913
2017-02-02,0.011596026002836405
2017-02-03,0.01166552256227719
2017-02-06,0.012101235761635505
2017-02-07,0.011899035081181033
2017-02-08,0.011604612664592022
2017-02-09,0.012334604583754726
2017-02-10,0.012166293029367175
2017-02-13,0.011783841832304222
2017-02-14,0.011714365542170185
2017-02-15,0.011361627943536875
2017-02-16,0.011004973629091643
2017-02-17,0.011053991487547859
2017-02-21,0.010862913318671123
2017-02-22,0.011092405789825205
2017-02-23,0.010886219518735266
2017-02-24,0.011212513542242451
2017-02-27,0.011707095448274587
2017-02-28,0.01140471398800015
2017-03-01,0.011890262778162313
2017-03-02,0.012649698593003961
2017-03-03,0.012784247936272584
2017-03-06,0.012926246179450812
2017-03-07,0.012528391809411076
2017-03-08,0.012056220172240208
2017-03-09,0.01209628660953028
2017-03-10,0.012448784118328927
2017-03-13,0.012657592052973487
2017-03-14,0.01283460466584063
2017-03-15,0.012820046562408254
2017-03-16,0.013184288169767534
2017-03-17,0.013331749193299342
2017-03-20,0.013349968176740917
2017-03-21,0.013912483188461344
2017-03-22,0.014292753729513058
2017-03-23,0.014954477602082083
2017-03-24,0.01441873833977738
2017-03-27,0.014877032159969236
2017-03-28,0.014467767321737796
2017-03-29,0.015146063041669277
2017-03-30,0.014531151315750536
2017-03-31,0.014560232726572602
2017-04-03,0.013934555786006447
2017-04-04,0.013985034943418176
2017-04-05,0.014616483348731122
2017-04-06,0.014475985496201004
2017-04-07,0.01478103994763118
2017-04-10,0.015559631353479925
2017-04-11,0.015435490783126744
2017-04-12,0.0150086731638921
2017-04-13,0.015101653258574438
2017-04-17,0.014625393125529755
2017-04-18,0.015130865372049078
2017-04-19,0.014709352292389979
2017-04-20,0.0142511243083887
2017-04-21,0.014217518772893978
2017-04-24,0.014218815808795809
2017-04-25,0.014343968122255761
2017-04-26,0.01391600432813661
2017-04-27,0.013564120392883546
2017-04-28,0.013880481203876048
2017-05-01,0.013473313887831476
2017-05-02,0.01322179312374127
2017-05-03,0.012783195056569467
2017-05-04,0.011992113249176107
2017-05-05,0.011885151305473874
2017-05-08,0.012122528919144207
2017-05-09,0.011848474371449425
2017-05-10,0.01221312778018732
2017-05-11,0.012477975493654815
2017-05-12,0.012383399436452754
2017-05-15,0.012474158759605282
2017-05-16,0.012977842690213992
2017-05-17,0.012806291805834707
2017-05-18,0.012644990253746042
2017-05-19,0.012420449483640211
2017-05-22,0.012276439590835556
2017-05-23,0.011884976513071707
2017-05-24,0.012087392301349264
2017-05-25,0.012128078804765135
2017-05-26,0.012583097871955173
2017-05-30,0.012331838389150475
2017-05-31,0.0120749853477758
2017-06-01,0.012126209284123864
2017-06-02,0.012296027547235341
2017-06-05,0.012024444288937336
2017-06-06,0.01186552799449975
2017-06-07,0.011678681648900912
2017-06-08,0.011204260836465101
2017-06-09,0.011341779590530563
2017-06-12,0.010939856400562557
2017-06-13,0.011043798675536218
2017-06-14,0.010834908938696165
2017-06-15,0.011955065901564088
2017-06-16,0.012305502014525762
2017-06-19,0.0122712769422757
2017-06-20,0.01181402120364784
2017-06-21,0.011475035113857706
2017-06-22,0.01213761884211078
2017-06-23,0.01280830685708042
2017-06-26,0.012781526542589666
2017-06-27,0.013934589382397371
2017-06-28,0.013204009629375311
2017-06-29,0.013138570590928577
2017-06-30,0.01384433281229798
2017-07-03,0.014164751963149
2017-07-05,0.01345239445949488
2017-07-06,0.012996099992487234
2017-07-07,0.013522909344252505
2017-07-10,0.014499535628710423
2017-07-11,0.013778168544211183
2017-07-12,0.013902177213953645
2017-07-13,0.013494313610460685
2017-07-14,0.014212270043954176
2017-07-17,0.013544073754769008
2017-07-18,0.013142413704384385
2017-07-19,0.013701323492903933
2017-07-20,0.013419291980109917
2017-07-21,0.01361145411628249
2017-07-24,0.012610089133355066
2017-07-25,0.01270860654743445
2017-07-26,0.013188425409698524
2017-07-27,0.012882583480574847
2017-07-28,0.01268440014646337
2017-07-31,0.013905851539421563
2017-08-01,0.013787092013029164
2017-08-02,0.014097832726075739
2017-08-03,0.01346576122473081
2017-08-04,0.013895668221987297
2017-08-07,0.013440500689186553
2017-08-08,0.012821506493015273
2017-08-09,0.012574419301473043
2017-08-10,0.012678335972024134
2017-08-11,0.0126720851165803
2017-08-14,0.01270648025512331
2017-08-15,0.012207758210518971
2017-08-16,0.01211615326620625
2017-08-17,0.012662064156738236
2017-08-18,0.012556001760756061
2017-08-21,0.013235559848315427
2017-08-22,0.012805517251326833
2017-08-23,0.011807386945853933
2017-08-24,0.011549182303692423
2017-08-25,0.011701092148841581
2017-08-28,0.012157432687187565
2017-08-29,0.01183160236749362
2017-08-30,0.012444561644258998
2017-08-31,0.011502274857579677
2017-09-01,0.011793758226206106
2017-09-05,0.01125097175786489
2017-09-06,0.01101629796043786
2017-09-07,0.010309454272785987
2017-09-08,0.011461734008529487
2017-09-11,0.011387391485999142
2017-09-12,0.011381531335692646
2017-09-13,0.011512421541553955
2017-09-14,0.012169009369431447
2017-09-15,0.01235751714230682
2017-09-18,0.012558945736793902
2017-09-19,0.011969746103835164
2017-09-20,0.012280724399398117
2017-09-21,0.0121337032122793
2017-09-22,0.012151814039872732
2017-09-25,0.012349605571371755
2017-09-26,0.012956737142742494
2017-09-27,0.012287252351508514
2017-09-28,0.012635319875415255
2017-09-29,0.013023445832842337
2017-10-02,0.012670766328396648
2017-10-03,0.011534979185758949
2017-10-04,0.011266696629951112
2017-10-05,0.011548058574928162
2017-10-06,0.011770108816972236
2017-10-09,0.012083183337106243
2017-10-10,0.012115677110608911
2017-10-11,0.013020392214564924
2017-10-12,0.012602045734933386
2017-10-13,0.012603309213625943
2017-10-16,0.012447467233889386
2017-10-17,0.012835793267772556
2017-10-18,0.013956912791765226
2017-10-19,0.01340653037403771
2017-10-20,0.01434350399028686
2017-10-23,0.014082979955334802
2017-10-24,0.013675682276916262
2017-10-25,0.013044794922637631
2017-10-26,0.013569778298317287
2017-10-27,0.013896607774135532
2017-10-30,0.013111231836053002
2017-10-31,0.013136527045385527
2017-11-01,0.013248867639190821
2017-11-02,0.01361315963184533
2017-11-03,0.013224489832866781
2017-11-06,0.012950571248421555
2017-11-07,0.011940759699770355
2017-11-08,0.012416053433265477
2017-11-09,0.012119436566469258
2017-11-10,0.01171199351061884
2017-11-13,0.012565288701073027
2017-11-14,0.012923621863124493
2017-11-15,0.012855797695404623
2017-11-16,0.012499158754043654
2017-11-17,0.01264534009506504
2017-11-20,0.01268376962750663
2017-11-21,0.012752162464756724
2017-11-22,0.012218010340551906
2017-11-24,0.01161438314228473
2017-11-27,0.011477651264972301
2017-11-28,0.012577706873303052
2017-11-29,0.01218694382870761
2017-11-30,0.012381041797439579
2017-12-01,0.012196009511844887
2017-12-04,0.012080036512731002
2017-12-05,0.011474861025450657
2017-12-06,0.011273976226362179
2017-12-07,0.011233944034904682
2017-12-08,0.010967151930115522
2017-12-11,0.011204207331028027
2017-12-12,0.011456918852690881
2017-12-13,0.011778853382995228
2017-12-14,0.010934512611501605
2017-12-15,0.011077191494243348
2017-12-18,0.011588250787849454
2017-12-19,0.011185233509598267
2017-12-20,0.011821662019892917
2017-12-21,0.011540280670594661
2017-12-22,0.011668480864531174
2017-12-26,0.011517692911946873
2017-12-27,0.011239357042269109
2017-12-28,0.010534817711900976
2017-12-29,0.0104023305683819
2018-01-02,0.009704999994838552
2018-01-03,0.010031312962819514
2018-01-04,0.010476319543272751
2018-01-05,0.01046709316331193
2018-01-08,0.010643220326119076
2018-01-09,0.010789617530403873
2018-01-10,0.01115621198691039
2018-01-11,0.011595093192423517
2018-01-12,0.011204882012923634
2018-01-16,0.010951294446736605
2018-01-17,0.010332029405417192
2018-01-18,0.01092789456769061
2018-01-19,0.010686012128283214
2018-01-22,0.009652756124537708
2018-01-23,0.010324119460796402
2018-01-24,0.00979663946064659
2018-01-25,0.00950185644926853
2018-01-26,0.009166009108539831
2018-01-29,0.009436726831519056
2018-01-30,0.009416402140191349
2018-01-31,0.009710644049896295
2018-02-01,0.009651668573827063
2018-02-02,0.00980265752610656
2018-02-05,0.009970760237860204
2018-02-06,0.010104682399190688
2018-02-07,0.009714072308612216
2018-02-08,0.009626805478672283
2018-02-09,0.009872062281100229
2018-02-12,0.009590451470778564
2018-02-13,0.009145015971541551
2018-02-14,0.009479769939424176
2018-02-15,0.009442794812216406
2018-02-16,0.009620959376465645
2018-02-20,0.009819288712281807
2018-02-21,0.010137100708055074
2018-02-22,0.010195642490966038
2018-02-23,0.010871518765908675
2018-02-26,0.011337182104694735
2018-02-27,0.011231253158634663
2018-02-28,0.010790073551931328
2018-03-01,0.011049272565066326
2018-03-02,0.011391855178415476
2018-03-05,0.01101246944689709
2018-03-06,0.010779685500643808
2018-03-07,0.010912323912472878
2018-03-08,0.010989474667081533
2018-03-09,0.011715953516609841
2018-03-12,0.01139217913569833
2018-03-13,0.011913936937743785
2018-03-14,0.012054128645218924
2018-03-15,0.012359441311535895
2018-03-16,0.01219856196137001
2018-03-19,0.01226581845141006
2018-03-20,0.012596104667909459
2018-03-21,0.0129287963981966
2018-03-22,0.013084393025184592
2018-03-23,0.012638587593284002
2018-03-26,0.012988268162717828
2018-03-27,0.012688071332228367
2018-03-28,0.012611107679993818
2018-03-29,0.012865889319146777
2018-04-02,0.012702619547552354
2018-04-03,0.013443964017263468
2018-04-04,0.012535539751140976
2018-04-05,0.011666773915002355
2018-04-06,0.011527137796407644
2018-04-09,0.01264610706773736
2018-04-10,0.012718056285058512
2018-04-11,0.012821418959810852
2018-04-12,0.012979930257831996
2018-04-13,0.012515707969947406
2018-04-16,0.012265698826180338
2018-04-17,0.012780825503403682
2018-04-18,0.01280501605065799
2018-04-19,0.012737901958733096
2018-04-20,0.012544175033888076
2018-04-23,0.011616261204400865
2018-04-24,0.011655943253362848
2018-04-25,0.012102034693787327
2018-04-26,0.011924505846303023
2018-04-27,0.011908544963043909
2018-04-30,0.0119628382071
2018-05-01,0.012337925520967524
2018-05-02,0.01358826297738225
2018-05-03,0.013796261551200239
2018-05-04,0.013460034198641469
2018-05-07,0.013831336787245246
2018-05-08,0.013207008607523121
2018-05-09,0.01308560040471022
2018-05-10,0.013210493259359017
2018-05-11,0.012285562438917411
2018-05-14,0.012361344342873976
2018-05-15,0.01269777673900366
2018-05-16,0.01184359631738628
2018-05-17,0.012178240586117562
2018-05-18,0.011459792310542756
2018-05-21,0.011471985262488087
2018-05-22,0.011892415966894058
2018-05-23,0.01204333348713611
2018-05-24,0.01172357060921843
2018-05-25,0.0119130632292399
2018-05-29,0.012268252792911568
2018-05-30,0.011847154360047518
2018-05-31,0.01231802013797651
2018-06-01,0.013032502886123109
2018-06-04,0.013454105693959719
2018-06-05,0.013031552123375804
2018-06-06,0.012618852497015628
2018-06-07,0.012769531495603946
2018-06-08,0.012153824363441907
2018-06-11,0.011889495512757064
2018-06-12,0.011717246044279275
2018-06-13,0.012479104300330893
2018-06-14,0.011896006779091996
2018-06-15,0.012062369613548294
2018-06-18,0.011827451728411533
2018-06-19,0.011778692741849275
2018-06-20,0.0119375848569235
2018-06-21,0.011972790741472889
2018-06-22,0.011625218183794108
2018-06-25,0.011034805076066058
2018-06-26,0.011089605778954442
2018-06-27,0.010688749046710735
2018-06-28,0.010813033667437846
2018-06-29,0.010539090521843845
2018-07-02,0.010418399383093949
2018-07-03,0.010230448166568998
2018-07-05,0.010362889966201555
2018-07-06,0.010796531325750968
2018-07-09,0.01039587955137206
2018-07-10,0.01071154188872359
2018-07-11,0.009517015921145632
2018-07-12,0.010193712334598088
2018-07-13,0.01050506201927023
2018-07-16,0.010099601818184855
2018-07-17,0.009872374234322382
2018-07-18,0.010034396514062854
2018-07-19,0.009977490510626512
2018-07-20,0.010040539261570143
2018-07-23,0.0102061646049828
2018-07-24,0.010151977109641488
2018-07-25,0.010302046303229532
2018-07-26,0.010004095003648135
2018-07-27,0.009150529261701153
2018-07-30,0.008881388249142055
2018-07-31,0.008504308380074838
2018-08-01,0.008443261548016515
2018-08-02,0.008228484560529055
2018-08-03,0.008580765523321465
2018-08-06,0.008078122558546856
2018-08-07,0.008129643116683447
2018-08-08,0.007437337220072178
2018-08-09,0.007237029363437355
2018-08-10,0.007199993114636927
2018-08-13,0.00760029647620959
2018-08-14,0.007977758033370823
2018-08-15,0.007841990920280305
2018-08-16,0.007772267305901577
2018-08-17,0.0077973860053228315
2018-08-20,0.007538691879080937
2018-08-21,0.007496920106872724
2018-08-22,0.007406086659832006
2018-08-23,0.007412807262465298
2018-08-24,0.007283064208266554
2018-08-27,0.007269744248565403
2018-08-28,0.007344402153421441
2018-08-29,0.007357020386342092
2018-08-30,0.007148476914128555
2018-08-31,0.00694808954456643
2018-09-04,0.006778506778763293
2018-09-05,0.006564744041503571
2018-09-06,0.00630536298671995
2018-09-07,0.00613219995729361
2018-09-10,0.006062746401095238
2018-09-11,0.005865461481620236
2018-09-12,0.005693842541944041
2018-09-13,0.005641612442216354
2018-09-14,0.006228038403825168
2018-09-17,0.006315401390021362
2018-09-18,0.006335495625453881
2018-09-19,0.006729467814201356
2018-09-20,0.0061247675529814945
2018-09-21,0.006067551087168323
2018-09-24,0.005729296272653132
2018-09-25,0.006212360443895561
2018-09-26,0.006649234704455266
2018-09-27,0.006704873922215517
2018-09-28,0.006588061779739323
2018-10-01,0.0065947602639691285
2018-10-02,0.006872370103711163
2018-10-03,0.007053578240459104
2018-10-04,0.0071731341301406815
2018-10-05,0.007047934419664751
2018-10-08,0.007222145784755463
2018-10-09,0.006958804158351437
2018-10-10,0.006659086011656083
2018-10-11,0.0060397244848027125
2018-10-12,0.005835702167784623
2018-10-15,0.005901266595611032
2018-10-16,0.005860384421716412
2018-10-17,0.006235033862941918
2018-10-18,0.0060689616442628535
2018-10-19,0.006195971570611079
2018-10-22,0.006057857432591202
2018-10-23,0.006276193891457035
2018-10-24,0.006167558015307915
2018-10-25,0.00625912986275209
2018-10-26,0.006502791394433854
2018-10-29,0.006933865312582793
2018-10-30,0.0071357444554108395
2018-10-31,0.007568516745082144
2018-11-01,0.00773758164642404
2018-11-02,0.007904595350159556
2018-11-05,0.00787417578604998
2018-11-06,0.008619154106559026
2018-11-07,0.008743381086416133
2018-11-08,0.008496120854655186
2018-11-09,0.008835084757332372
2018-11-12,0.00895588802259351
2018-11-13,0.008533457498411215
2018-11-14,0.008267183916854534
2018-11-15,0.00785376794717953
2018-11-16,0.008120563749969893
2018-11-19,0.007677441960696114
2018-11-20,0.007625233016482456
2018-11-21,0.007525242801305779
2018-11-23,0.008081491185002693
2018-11-26,0.008023557183649822
2018-11-27,0.007993177870137008
2018-11-28,0.0074111585957989294
2018-11-29,0.007402919397458571
2018-11-30,0.007408896178632292
2018-12-03,0.00749340533491926
2018-12-04,0.007506552515558464
2018-12-06,0.007727444014635344
2018-12-07,0.008008181986233593
2018-12-10,0.008085752242891098
2018-12-11,0.007733662260551734
2018-12-12,0.007163201210743271
2018-12-13,0.006849556797907118
2018-12-14,0.006940275824333485
2018-12-17,0.006991910588006648
2018-12-18,0.00667315169675756
2018-12-19,0.0067840349552769335
2018-12-20,0.006784917086778584
2018-12-21,0.006773539544580814
2018-12-24,0.007020521973972893
2018-12-26,0.00644363039818342
2018-12-27,0.006871332291342201
2018-12-28,0.006889151726384023
2018-12-31,0.0072079265292018
2019-01-02,0.007160697887814547
2019-01-03,0.007614866049789535
2019-01-04,0.007415682265769783
2019-01-07,0.006951894581404941
2019-01-08,0.007404805459291813
2019-01-09,0.007864421619433657
2019-01-10,0.0077712361751519484
2019-01-11,0.0077330384392729126
2019-01-14,0.00791364374845887
2019-01-15,0.007546049804838805
2019-01-16,0.00758639660496798
2019-01-17,0.007461782948669984
2019-01-18,0.007492970739633925
2019-01-22,0.0074573695601884895
2019-01-23,0.007552349722422242
2019-01-24,0.007347884820721557
2019-01-25,0.007426095497960372
2019-01-28,0.007033000122673086
2019-01-29,0.007051833065173756
2019-01-30,0.007266477704184501
2019-01-31,0.007384519398113787
2019-02-01,0.007927022782930756
2019-02-04,0.008205051806258816
2019-02-05,0.00798430712086837
2019-02-06,0.008008372494534824
2019-02-07,0.007959394770252391
2019-02-08,0.007892166203883522
2019-02-11,0.007702484812519712
2019-02-12,0.0074931457002243495
2019-02-13,0.007877155587367563
2019-02-14,0.0074789138887580665
2019-02-15,0.007474883659794517
2019-02-19,0.0072841605576269945
2019-02-20,0.0071941238127780725
2019-02-21,0.007545305995217075
2019-02-22,0.007587299923596452
2019-02-25,0.007964612751298493
2019-02-26,0.007847291979079608
2019-02-27,0.007662025166759805
2019-02-28,0.007396507689305012
2019-03-01,0.0074692561605133045
2019-03-04,0.007418310654238118
2019-03-05,0.007598864150574267
2019-03-06,0.007801357285521789
2019-03-07,0.00801296742705326
2019-03-08,0.007568661263472489
2019-03-11,0.007519563037868161
2019-03-12,0.008221150978465012
2019-03-13,0.008855019688928302
2019-03-14,0.008899233162769188
2019-03-15,0.008812332737235109
2019-03-18,0.009017950487141943
2019-03-19,0.008707313966456492
2019-03-20,0.008988205959211022
2019-03-21,0.00869183097684923
2019-03-22,0.009052797214722007
2019-03-25,0.00902502385168098
2019-03-26,0.009107441867778114
2019-03-27,0.00876913741288784
2019-03-28,0.009218589561136716
2019-03-29,0.009190345180732539
2019-04-01,0.009845809822608239
2019-04-02,0.010141826987267396
2019-04-03,0.010329532479595657
2019-04-04,0.010507354084654535
2019-04-05,0.01055059035975064
2019-04-08,0.010451562843480295
2019-04-09,0.010133488696906917
2019-04-10,0.010762750607369746
2019-04-11,0.011198258561570366
2019-04-12,0.011399824174225182
2019-04-15,0.012473081327602272
2019-04-16,0.012616250962898593
2019-04-17,0.012560825399571707
2019-04-18,0.012558965315706565
2019-04-22,0.012052722882086354
2019-04-23,0.012111211347944439
2019-04-24,0.012097610674031083
2019-04-25,0.011741199857687646
2019-04-26,0.011462043970592417
2019-04-29,0.010795036851470721
2019-04-30,0.011130255425198837
2019-05-01,0.011263355222043303
2019-05-02,0.011225672252244358
2019-05-03,0.011088329857644194
2019-05-06,0.010937316788835357
2019-05-07,0.010767594961401748
2019-05-08,0.010057075196519615
2019-05-09,0.010222074545801409
2019-05-10,0.011086763920217887
2019-05-13,0.01082646505283199
2019-05-14,0.01073901083078093
2019-05-15,0.011370760940775942
2019-05-16,0.01145631350666834
2019-05-17,0.011425114158176446
2019-05-20,0.011494783525054252
2019-05-21,0.011260809358392607
2019-05-22,0.011726960547198751
2019-05-23,0.012065936143151169
2019-05-24,0.013067702060897043
2019-05-28,0.012972200721357038
2019-05-29,0.01257749749191995
2019-05-30,0.012977074306862471
2019-05-31,0.013803415758492319
2019-06-03,0.014071829253716537
2019-06-04,0.014740072289231233
2019-06-05,0.014515643247608949
2019-06-06,0.01382085847943052
2019-06-07,0.012931564142423147
2019-06-10,0.01218140813561411
2019-06-11,0.011727327649056303
2019-06-12,0.01155538500261112
2019-06-13,0.01228590005950267
2019-06-14,0.012466629786436981
2019-06-17,0.01247360346750715
2019-06-18,0.011285963921558888
2019-06-19,0.011173888131740028
2019-06-20,0.011010499430760629
2019-06-21,0.01093351023326621
2019-06-24,0.010562168431146048
2019-06-25,0.010875638386807157
2019-06-26,0.011115464598078226
2019-06-27,0.011792115095091354
2019-06-28,0.01206830266866949
2019-07-01,0.011697103782406074
2019-07-02,0.011775467548013048
2019-07-03,0.011352858815407142
2019-07-05,0.011494555372207584
2019-07-08,0.012062415831325874
2019-07-09,0.01202799617255264
2019-07-10,0.011767408415837536
2019-07-11,0.011067989172172922
2019-07-12,0.01057342765416067
2019-07-15,0.011020499249824173
2019-07-16,0.011213157852348563
2019-07-17,0.011158979446643194
2019-07-18,0.010937461824873073
2019-07-19,0.010816903508359331
2019-07-22,0.01130192249721884
2019-07-23,0.011148568465622984
2019-07-24,0.011126445617480482
2019-07-25,0.01190498630673889
2019-07-26,0.012521320409662105
2019-07-29,0.012490441584146547
2019-07-30,0.012840342468712275
2019-07-31,0.013274143778678056
2019-08-01,0.012914676573372905
2019-08-02,0.01269812052559713
2019-08-05,0.012563813645170088
2019-08-06,0.01258415174248844
2019-08-07,0.013146096239140762
2019-08-08,0.013618951794841978
2019-08-09,0.013629313095064672
2019-08-12,0.01463477554996753
2019-08-13,0.01471686708167221
2019-08-14,0.014769900194314518
2019-08-15,0.013668134735094532
2019-08-16,0.013779420657521609
2019-08-19,0.013416693881355447
2019-08-20,0.013416050984807342
2019-08-21,0.013989716618701104
2019-08-22,0.013983201302511265
2019-08-23,0.013797363734921748
2019-08-26,0.013192446359883538
2019-08-27,0.013479596046798745
2019-08-28,0.012574850927663382
2019-08-29,0.012388810570056412
2019-08-30,0.011973128320409324
2019-09-03,0.011689596585563644
2019-09-04,0.01143369132161128
2019-09-05,0.010788742502528054
2019-09-06,0.0106101319494776
2019-09-09,0.009707900362304237
2019-09-10,0.0094029397845028
2019-09-11,0.009306889790388271
2019-09-12,0.009332061088142074
2019-09-13,0.009593195160283556
2019-09-16,0.01077571155159217
2019-09-17,0.010023611243458342
2019-09-18,0.010369206902640019
2019-09-19,0.010057538921580001
2019-09-20,0.009972604999876655
2019-09-23,0.010058441160552834
2019-09-24,0.010381376608656989
2019-09-25,0.010085188266891561
2019-09-26,0.01032322911691262
2019-09-27,0.010139241639384086
2019-09-30,0.010420018494744708
2019-10-01,0.010517823778222678
2019-10-02,0.011015981169718896
2019-10-03,0.011420798523559655
2019-10-04,0.010212919350516525
2019-10-07,0.010611943321009306
2019-10-08,0.010711082543886039
2019-10-09,0.01055210855041841
2019-10-10,0.011146717593217958
2019-10-11,0.011743236929017043
2019-10-14,0.011682722941994812
2019-10-15,0.011525280243460482
2019-10-16,0.012019261357032254
2019-10-17,0.012395617054059456
2019-10-18,0.012109737994648494
2019-10-21,0.012145633374237644
2019-10-22,0.011875191878405755
2019-10-23,0.011860533367272488
2019-10-24,0.01171308685850673
2019-10-25,0.011520485203322455
2019-10-28,0.011561383829175048
2019-10-29,0.011415419301379832
2019-10-30,0.011603857027318755
2019-10-31,0.011145548092009067
2019-11-01,0.01104281963508583
2019-11-04,0.010533470942981049
2019-11-05,0.01055446663614136
2019-11-06,0.009818941223236155
2019-11-07,0.00895156465222843
2019-11-08,0.008448336184209536
2019-11-11,0.00885699911634011
2019-11-12,0.008879417271526134
2019-11-13,0.00918322910836787
2019-11-14,0.009300372552899491
2019-11-15,0.008972839235221283
2019-11-18,0.00865434518297092
2019-11-19,0.009194886526285808
2019-11-20,0.009120619555492617
2019-11-21,0.009217803964268263
2019-11-22,0.008394232476661406
2019-11-25,0.008550851157756351
2019-11-26,0.008970233927705604
2019-11-27,0.009321502274836456
2019-11-29,0.009555667669048131
2019-12-02,0.00948992277732283
2019-12-03,0.00949310111971808
2019-12-04,0.009230381831479888
2019-12-05,0.009460709516198179
2019-12-06,0.008753643924872538
2019-12-09,0.009276033031451912
2019-12-10,0.009781492016753516
2019-12-11,0.009878767706880202
2019-12-12,0.009814109631136238
2019-12-13,0.009661461291651102
2019-12-16,0.009192133999584092
2019-12-17,0.009271279334739481
2019-12-18,0.008815360614024886
2019-12-19,0.008654260227393504
2019-12-20,0.00848688055322767
2019-12-23,0.00907987781396622
2019-12-24,0.00940615308872855
2019-12-26,0.00962100031146892
2019-12-27,0.01000310645868693
2019-12-30,0.010460984492067518
2019-12-31,0.010812808366803381
2020-01-02,0.010700390996982927
2020-01-03,0.010694601169749662
2020-01-06,0.01057273184365536
2020-01-07,0.011033788128506947
2020-01-08,0.010639015861573913
2020-01-09,0.010985508957537039
2020-01-10,0.011046485943986812
2020-01-13,0.01126566975951624
2020-01-14,0.011247397664316892
2020-01-15,0.011392834192826553
2020-01-16,0.0114023122366375
2020-01-17,0.011663860405746717
2020-01-21,0.01213671249265602
2020-01-22,0.011820088845145725
2020-01-23,0.011949442539581825
2020-01-24,0.011810627296346413
2020-01-27,0.012091194686735786
2020-01-28,0.012166249747249913
2020-01-29,0.011974013654805734
2020-01-30,0.011547477855310661
2020-01-31,0.011038366074420462
2020-02-03,0.011277220943281225
2020-02-04,0.011148734786345574
2020-02-05,0.010592734968624774
2020-02-06,0.01059087571594858
2020-02-07,0.010568638558830157
2020-02-10,0.010209206266106078
2020-02-11,0.009938413520791901
2020-02-12,0.010344299956657923
2020-02-13,0.01003628418003972
2020-02-14,0.01007989337430766
2020-02-18,0.010734843334543333
2020-02-19,0.011224702618460876
2020-02-20,0.01153607563150253
2020-02-21,0.011985870839141814
2020-02-24,0.01158988952222141
2020-02-25,0.011031401373738177
2020-02-26,0.011305342018549694
2020-02-27,0.011013543086163338
2020-02-28,0.011055638691436987
2020-03-02,0.010723262652101896
2020-03-03,0.01044316292529858
2020-03-04,0.011233491174358384
2020-03-05,0.01142995820860626
2020-03-06,0.011274047176852544
2020-03-09,0.011768948565177344
2020-03-10,0.012075721221366027
2020-03-11,0.011462606037299938
2020-03-12,0.011240764913358977
2020-03-13,0.011410194660303664
2020-03-16,0.010138200010600817
2020-03-17,0.010875500438687867
2020-03-18,0.011144796137889863
2020-03-19,0.010515979969332331
2020-03-20,0.011001662858973176
2020-03-23,0.011534299017790545
2020-03-24,0.011724698253409752
2020-03-25,0.011678813932004723
2020-03-26,0.011899828367136862
2020-03-27,0.012352480111229695
2020-03-30,0.01274091552221684
2020-03-31,0.01239072907299452
2020-04-01,0.011838255670699994
2020-04-02,0.011681434169120342
2020-04-03,0.012181516083915576
2020-04-06,0.011462645315919253
2020-04-07,0.011366788973871658
2020-04-08,0.011750541549922095
2020-04-09,0.011780977256826357
2020-04-13,0.01175997015877253
2020-04-14,0.012050147625932697
2020-04-15,0.012511406215434954
2020-04-16,0.012329541999545932
2020-04-17,0.012299523457622256
2020-04-20,0.01212700587158512
2020-04-21,0.012409446481830332
2020-04-22,0.012939177367345218
2020-04-23,0.0130986038838747
2020-04-24,0.013142894631518097
2020-04-27,0.013890829574699665
2020-04-28,0.014229437046420159
2020-04-29,0.015095598791801465
2020-04-30,0.01509967208177221
2020-05-01,0.015074654461336712
2020-05-04,0.014601389225655844
2020-05-05,0.01488952514031955
2020-05-06,0.015375138371686645
2020-05-07,0.016036559277358267
2020-05-08,0.016149243035716344
2020-05-11,0.017237344550468655
2020-05-12,0.017473317529158542
2020-05-13,0.016835998178262656
2020-05-14,0.016906563481035274
2020-05-15,0.017184033049942
2020-05-18,0.01731007091572661
2020-05-19,0.016838411823603603
2020-05-20,0.01712507858316672
2020-05-21,0.016799636464247973
2020-05-22,0.01644856965708575
2020-05-26,0.016486816607229803
2020-05-27,0.01653380552097846
2020-05-28,0.016674281437674868
2020-05-29,0.01758245508075268
2020-06-01,0.017403153880576783
2020-06-02,0.017031534404141055
2020-06-03,0.016575185914455476
2020-06-04,0.017588249685205816
2020-06-05,0.01745611880210883
2020-06-08,0.018793447590201986
2020-06-09,0.019354562936794134
2020-06-10,0.019635110041558775
2020-06-11,0.020856465224937858
2020-06-12,0.020070638116611764
2020-06-15,0.02012067212027639
2020-06-16,0.018628028601762357
2020-06-17,0.018730504240278972
2020-06-18,0.019579980120893587
2020-06-19,0.021414395005625815
2020-06-22,0.02153621102480766
2020-06-23,0.021027806302907594
2020-06-24,0.021200032168526072
2020-06-25,0.02017416651981299
2020-06-26,0.021302441389875814
2020-06-29,0.022066153701108353
2020-06-30,0.022539647799218483
2020-07-01,0.02165617498891052
2020-07-02,0.021504273698352918
2020-07-06,0.02179356332198623
2020-07-07,0.021436457545637246
2020-07-08,0.021259280047320774
2020-07-09,0.021149922262766782
2020-07-10,0.021519828153138652
2020-07-13,0.021191900360865684
2020-07-14,0.02028096018288203
2020-07-15,0.019628892596867124
2020-07-16,0.019456828462677156
2020-07-17,0.019355625544583054
2020-07-20,0.01927018184004034
2020-07-21,0.019652319753373344
2020-07-22,0.01864014995690168
2020-07-23,0.018472621621656717
2020-07-24,0.0185658377219492
2020-07-27,0.018628343000041465
2020-07-28,0.01864760076714512
2020-07-29,0.01998981067841431
2020-07-30,0.02040880504518493
2020-07-31,0.019104556132369336
2020-08-03,0.01919787581155147
2020-08-04,0.01961161499591533
2020-08-05,0.01913221886760564
2020-08-06,0.018629892482785987
2020-08-07,0.018090051131480087
2020-08-10,0.020290739164087936
2020-08-11,0.020858455342514192
2020-08-12,0.020775472827647516
2020-08-13,0.021802211211536058
2020-08-14,0.02135761577115715
2020-08-17,0.022034233571497624
2020-08-18,0.02163644283394437
2020-08-19,0.021583275037761723
2020-08-20,0.02049387216783117
2020-08-21,0.021136765825122205
2020-08-24,0.02014279965805352
2020-08-25,0.019533837381787354
2020-08-26,0.019889104047915104
2020-08-27,0.021364342849477677
2020-08-28,0.01983585120051875
2020-08-31,0.021630231024560465
2020-09-01,0.021304801443344318
2020-09-02,0.020450515186737784
2020-09-03,0.0203715228692585
2020-09-04,0.01872423080002373
2020-09-08,0.018941110877899965
2020-09-09,0.01946596666047377
2020-09-10,0.019363663183919654
2020-09-11,0.020241629574418954
2020-09-14,0.021359185339520706
2020-09-15,0.020988765336318507
2020-09-16,0.02048660373138721
2020-09-17,0.018772282672121283
2020-09-18,0.01804358365258575
2020-09-21,0.018057238645314416
2020-09-22,0.01931193719380111
2020-09-23,0.01903168501591944
2020-09-24,0.0184747682592874
2020-09-25,0.019222206107335976
2020-09-28,0.01990902747738928
2020-09-29,0.01971971416701716
2020-09-30,0.019624148249601528
2020-10-01,0.02047532503258812
2020-10-02,0.019931868944232843
2020-10-05,0.01940072343376311
2020-10-06,0.01830198477844136
2020-10-07,0.01880277593004212
2020-10-08,0.01876517364832184
2020-10-09,0.01881777547106407
2020-10-12,0.019203286911345062
2020-10-13,0.019306299071469257
2020-10-14,0.018983357636039647
2020-10-15,0.018814517503380864
2020-10-16,0.019618860417269793
2020-10-19,0.019171581498304675
2020-10-20,0.018380970965459213
2020-10-21,0.01782724045287877
2020-10-22,0.019356087054506508
2020-10-23,0.018563215585569007
2020-10-26,0.017954037550003164
2020-10-27,0.017984144417612907
2020-10-28,0.01865253030618564
2020-10-29,0.01863130702300158
2020-10-30,0.019051739044681007
2020-11-02,0.019222379807096464
2020-11-03,0.018732421550705893
2020-11-04,0.019450620678189784
2020-11-05,0.01943735908353834
2020-11-06,0.02174990365449693
2020-11-09,0.02202022843746933
2020-11-10,0.022580858427655653
2020-11-11,0.023633955139994164
2020-11-12,0.02391485805104087
2020-11-13,0.02385911762177209
2020-11-16,0.02317251573252969
2020-11-17,0.023235814307843314
2020-11-18,0.02257030323843731
2020-11-19,0.023036166609870387
2020-11-20,0.023372641708861108
2020-11-23,0.023577703860151764
2020-11-24,0.02299902041150994
2020-11-25,0.023086055577215756
2020-11-27,0.022319949030293454
2020-11-30,0.023114708396912757
2020-12-01,0.023374545412984345
2020-12-02,0.024227621457431986
2020-12-03,0.023114174001507216
2020-12-04,0.022530358170377997
2020-12-07,0.02231444747483034
2020-12-08,0.021522252208420765
2020-12-09,0.022237064469805015
2020-12-10,0.022755970964569112
2020-12-11,0.021973672577809505
2020-12-14,0.021696941077681692
2020-12-15,0.021115235915374616
2020-12-16,0.021172943430230483
2020-12-17,0.020346477907320956
2020-12-18,0.020266893301965412
2020-12-21,0.020313312012016055
2020-12-22,0.02239517028268338
2020-12-23,0.021698069368933242
2020-12-24,0.02201029140737773
2020-12-28,0.021561275041104184
2020-12-29,0.02072036096224342
2020-12-30,0.01980231234186621
2020-12-31,0.021238624052086614
2021-01-04,0.020779383405979058
2021-01-05,0.0227244478573355
2021-01-06,0.023823808247962285
2021-01-07,0.025191010260221643
2021-01-08,0.025082810711060145
2021-01-11,0.023745550378262637
2021-01-12,0.024510708178740924
2021-01-13,0.024181761901126097
2021-01-14,0.024819154619923792
2021-01-15,0.02465772788760206
2021-01-19,0.024940152905855703
2021-01-20,0.024905417049866277
2021-01-21,0.024963685428432785
2021-01-22,0.02575311056821325
2021-01-25,0.025293375112771698
2021-01-26,0.026499452446751268
2021-01-27,0.025138914734780797
2021-01-28,0.02474974145980038
2021-01-29,0.02606345281427934
2021-02-01,0.024447428845675818
2021-02-02,0.023864945620717563
2021-02-03,0.023281329131793326
2021-02-04,0.024280818998589162
2021-02-05,0.023903371317330814
2021-02-08,0.022614939441001538
2021-02-09,0.022842754572858424
2021-02-10,0.022400632759534883
2021-02-11,0.02169204937433889
2021-02-12,0.0219494063025586
2021-02-16,0.024782534397388395
2021-02-17,0.026543876971301245
2021-02-18,0.027435457899973523
2021-02-19,0.027239245445985622
2021-02-22,0.029807043748974884
2021-02-23,0.02856238250731667
2021-02-24,0.027759650195328493
2021-02-25,0.029164563824595768
2021-02-26,0.02770217973908081
2021-03-01,0.027556379879479863
2021-03-02,0.026388201717576196
2021-03-03,0.02674467756481302
2021-03-04,0.02625927806452146
2021-03-05,0.028263573770206614
2021-03-08,0.02801030514334268
2021-03-09,0.027421163400951968
2021-03-10,0.027571568163283815
2021-03-11,0.02490784788306719
2021-03-12,0.02525042836242179
2021-03-15,0.026554687617907285
2021-03-16,0.0275129083212608
2021-03-17,0.028505127590160568
2021-03-18,0.028798760459655893
2021-03-19,0.02805488677479319
2021-03-22,0.02782715553891631
2021-03-23,0.02823554100092109
2021-03-24,0.027975349610841343
2021-03-25,0.027304537108645464
2021-03-26,0.027130554095959835
2021-03-29,0.02499758476148184
2021-03-30,0.02589849037121873
2021-03-31,0.02675980770567459
2021-04-01,0.027895119589083858
2021-04-05,0.027842445887113338
2021-04-06,0.029406236265443003
2021-04-07,0.029783410034594945
2021-04-08,0.030132870992261872
2021-04-09,0.028569607927361462
2021-04-12,0.028432838646501313
2021-04-13,0.028881316106320328
2021-04-14,0.02886088744938468
2021-04-15,0.029120954499902037
2021-04-16,0.02873164831476936
2021-04-19,0.02879853406681603
2021-04-20,0.030107854336522234
2021-04-21,0.02739187009056156
2021-04-22,0.027826992048836166
2021-04-23,0.026150627895566513
2021-04-26,0.026195157794371562
2021-04-27,0.025803742079368613
2021-04-28,0.02541039266988395
2021-04-29,0.02666896709898541
2021-04-30,0.0269961400653727
2021-05-03,0.025913358235121964
2021-05-04,0.024916739765585866
2021-05-05,0.02480978343040262
2021-05-06,0.023666277209601728
2021-05-07,0.023649535613786483
2021-05-10,0.02339489542923702
2021-05-11,0.02234043090148564
2021-05-12,0.021054007968500685
2021-05-13,0.019879790965919634
2021-05-14,0.019695182949767496
2021-05-17,0.020737988489971354
2021-05-18,0.021011376172174596
2021-05-19,0.02145249394761595
2021-05-20,0.021131846477482938
2021-05-21,0.021497889940874614
2021-05-24,0.022829181167468925
2021-05-25,0.023045117308296226
2021-05-26,0.022700537376617223
2021-05-27,0.02317485072354999
2021-05-28,0.022534410901613906
2021-06-01,0.022082693724046056
2021-06-02,0.023676409163956372
2021-06-03,0.022935251088488907
2021-06-04,0.022450321944732652
2021-06-07,0.023770623360254116
2021-06-08,0.023483682232762225
2021-06-09,0.023876329444303127
2021-06-10,0.02488715413730587
2021-06-11,0.024134166952808723
2021-06-14,0.02386730467763839
2021-06-15,0.02345253195777715
2021-06-16,0.025003070192390585
2021-06-17,0.02581956651384285
2021-06-18,0.026113218460841997
2021-06-21,0.027322554200967897
2021-06-22,0.026918422823714785
2021-06-23,0.024778131692056258
2021-06-24,0.026178216240691058
2021-06-25,0.02575124935531039
2021-06-28,0.02623139326350895
2021-06-29,0.025394529147113366
2021-06-30,0.025879660984041795
2021-07-01,0.02548757512960331
2021-07-02,0.025104240432517796
2021-07-06,0.024769189983115406
2021-07-07,0.023942723271222155
2021-07-08,0.02433001056468504
2021-07-09,0.02520467445250512
2021-07-12,0.026251163504882102
2021-07-13,0.02773828506395114
2021-07-14,0.02784009187201886
2021-07-15,0.02744437600545723
2021-07-16,0.026205687618655445
2021-07-19,0.02654539875288608
2021-07-20,0.02758795315950549
2021-07-21,0.02871144210543058
2021-07-22,0.02765921009722144
2021-07-23,0.028597906788056654
2021-07-26,0.027639996572396377
2021-07-27,0.02939792674478801
2021-07-28,0.03000856793674622
2021-07-29,0.029204009749143806
2021-07-30,0.02971813967245851
2021-08-02,0.031090529272535628
2021-08-03,0.031085236030810003
2021-08-04,0.03160158138486436
2021-08-05,0.03170943482637524
2021-08-06,0.029694851483393955
2021-08-09,0.031430203503007015
2021-08-10,0.032571517844051615
2021-08-11,0.03186623617670744
2021-08-12,0.03291009791527221
2021-08-13,0.035524618478453535
2021-08-16,0.034845187265649044
2021-08-17,0.03407481908740653
2021-08-18,0.03329413379602809
2021-08-19,0.03387423130584395
2021-08-20,0.033565027423109565
2021-08-23,0.035298531370752555
2021-08-24,0.035343327494257566
2021-08-25,0.0352256977635424
2021-08-26,0.03546180984240003
2021-08-27,0.033570142876189986
2021-08-30,0.034419987226771157
2021-08-31,0.035254958362293115
2021-09-01,0.0366319735570151
2021-09-02,0.0355010706916418
2021-09-03,0.03564612923277964
2021-09-07,0.036410038467531256
2021-09-08,0.034810879283924866
2021-09-09,0.033096176873366794
2021-09-10,0.03155698844056179
2021-09-13,0.0294072141787925
2021-09-14,0.03123042118550509
2021-09-15,0.03089269197200974
2021-09-16,0.03050911759853229
2021-09-17,0.030679166694198477
2021-09-20,0.030528091677191123
2021-09-21,0.030363624096696885
2021-09-22,0.030298704257144135
2021-09-23,0.03066421877592611
2021-09-24,0.03189865914656992
2021-09-27,0.032087155945319884
2021-09-28,0.03150425711828781
2021-09-29,0.03271011835869438
2021-09-30,0.03217429433803801
2021-10-01,0.031037168587198193
2021-10-04,0.03073186574077257
2021-10-05,0.029968171628106628
2021-10-06,0.02984862523434937
2021-10-07,0.028605363739043047
2021-10-08,0.028925278256615526
2021-10-11,0.029063192102660253
2021-10-12,0.028303778421296444
2021-10-13,0.029901784464399884
2021-10-14,0.02902065200489601
2021-10-15,0.02975660195498575
2021-10-18,0.0288321557109919
2021-10-19,0.028715628918502736
2021-10-20,0.029347995122274276
2021-10-21,0.028915444756834014
2021-10-22,0.028278907519946214
2021-10-25,0.028287059218674873
2021-10-26,0.02681524148527818
2021-10-27,0.026459201426931655
2021-10-28,0.025879991702151748
2021-10-29,0.025960657959745302
2021-11-01,0.025779506681646375
2021-11-02,0.02472841695511196
2021-11-03,0.024359536901343504
2021-11-04,0.022843855095250304
2021-11-05,0.022172868108879046
2021-11-08,0.02280245521059967
2021-11-09,0.022212435349502874
2021-11-10,0.022198247758150685
2021-11-11,0.023053708189780333
2021-11-12,0.02294095344162034
2021-11-15,0.02385030907140453
2021-11-16,0.023631034213298978
2021-11-17,0.023537760543120803
2021-11-18,0.024073415210627988
2021-11-19,0.02488688298805635
2021-11-22,0.025757456905179613
2021-11-23,0.026456906361545664
2021-11-24,0.026454762494743114
2021-11-26,0.027200854648389772
2021-11-29,0.02716748479050399
2021-11-30,0.02581587381327613
2021-12-01,0.025046902245542034
2021-12-02,0.02538311933094638
2021-12-03,0.025747158967318277
2021-12-06,0.02580278085633189
2021-12-07,0.02801374472186179
2021-12-08,0.027704595655916812
2021-12-09,0.027992146201945713
2021-12-10,0.027508169145160306
2021-12-13,0.0262930614426188
2021-12-14,0.026518367056554394
2021-12-15,0.025810406713059994
2021-12-16,0.02623388764675545
2021-12-17,0.026547751350537115
2021-12-20,0.02674775503933646
2021-12-21,0.02490787217114738
2021-12-22,0.02484067762548618
2021-12-23,0.02366328177132342
2021-12-27,0.02353652502503483
2021-12-28,0.02265405278078918
2021-12-29,0.022647524409366276
2021-12-30,0.02290730714606052
2021-12-31,0.023571736629814585
2022-01-03,0.023476562420924878
2022-01-04,0.0241522514360172
2022-01-05,0.02515578124550417
2022-01-06,0.02541198380853989
2022-01-07,0.025576789956084176
2022-01-10,0.02649556239665752
2022-01-11,0.027990200998241975
2022-01-12,0.02690363294832048
2022-01-13,0.026918169394702585
2022-01-14,0.026543337920612853
2022-01-18,0.026940060005413175
2022-01-19,0.0256812195604545
2022-01-20,0.027971692113958904
2022-01-21,0.029528087276026644
2022-01-24,0.03253155396703931
2022-01-25,0.032641438728869265
2022-01-26,0.03316972037349771
2022-01-27,0.03303222245986566
2022-01-28,0.03167455175847875
2022-01-31,0.032508512550898275
2022-02-01,0.030717147827828077
2022-02-02,0.029992885222466983
2022-02-03,0.03130989089420121
2022-02-04,0.03350267138985135
2022-02-07,0.03393103367591409
2022-02-08,0.032666321703310776
2022-02-09,0.03262393346050913
2022-02-10,0.031170048108001003
2022-02-11,0.03148778157292908
2022-02-14,0.0298265746017787
2022-02-15,0.03032621029180013
2022-02-16,0.030395430359717885
2022-02-17,0.029491991525904458
2022-02-18,0.03256452510316932
2022-02-22,0.03274674329799103
2022-02-23,0.03372111388316974
2022-02-24,0.03370296952595628
2022-02-25,0.033744493419097084
2022-02-28,0.0332709598398091
2022-03-01,0.03306783731348742
2022-03-02,0.03354946220431015
2022-03-03,0.03479545582254747
2022-03-04,0.03601902189652577
2022-03-07,0.035034427708872044
2022-03-08,0.03561525157114401
2022-03-09,0.03286315093816462
2022-03-10,0.03383230427724426
2022-03-11,0.033812369511038394
2022-03-14,0.03331350693680446
2022-03-15,0.03221510408964552
2022-03-16,0.03268410516994564
2022-03-17,0.031234450627744298
2022-03-18,0.03143312261824274
2022-03-21,0.03216707525648048
2022-03-22,0.030734585220297508
2022-03-23,0.030722780515154185
2022-03-24,0.030703761123314327
2022-03-25,0.030960519888088303
2022-03-28,0.032059475620083114
2022-03-29,0.032161140693899005
2022-03-30,0.03259409553440064
2022-03-31,0.03382775273429047
2022-04-01,0.031039603462526634
2022-04-04,0.029816584768490292
2022-04-05,0.028775682416050816
2022-04-06,0.02863373201446508
2022-04-07,0.028890660784191884
2022-04-08,0.02903770152704191
2022-04-11,0.029850936991763968
2022-04-12,0.02937416812619208
2022-04-13,0.03016477502290585
2022-04-14,0.030996455118866152
2022-04-18,0.03100177801515083
2022-04-19,0.031578834082008275
2022-04-20,0.0316808647686622
2022-04-21,0.03215128838235463
2022-04-22,0.032632808789246424
2022-04-25,0.03169800852646549
2022-04-26,0.0322243672562202
2022-04-27,0.0324931325458179
2022-04-28,0.03358450508933988
2022-04-29,0.03274059838385411
2022-05-02,0.034629298550264406
2022-05-03,0.03542359222956081
2022-05-04,0.03587550271624956
2022-05-05,0.03696174369529291
2022-05-06,0.03774354740289237
2022-05-09,0.038166955602468855
2022-05-10,0.03697746689351361
2022-05-11,0.038000877631146256
2022-05-12,0.038778213676617886
2022-05-13,0.04072108261733587
2022-05-16,0.04078665535618539
2022-05-17,0.04030146309412597
2022-05-18,0.03732439088588572
2022-05-19,0.038111828261392984
2022-05-20,0.039066786219447806
2022-05-23,0.0381079821210777
2022-05-24,0.03887623122540177
2022-05-25,0.037255130478987056
2022-05-26,0.03749913841778598
2022-05-27,0.039454036353517345
2022-05-31,0.0395362949078628
2022-06-01,0.0376533516237673
2022-06-02,0.037225364304361915
2022-06-03,0.039120015130165546
2022-06-06,0.039182165912969205
2022-06-07,0.040051944298692195
2022-06-08,0.03875654483560877
2022-06-09,0.039127106045723815
2022-06-10,0.04106432146645113
2022-06-13,0.041594094097738704
2022-06-14,0.040059627149686465
2022-06-15,0.03924514671817099
2022-06-16,0.0404685971494444
2022-06-17,0.0389523631107462
2022-06-21,0.038783742430864326
2022-06-22,0.035456727839929425
2022-06-23,0.03563190906491104
2022-06-24,0.03531482524044058
2022-06-27,0.03922814376164214
2022-06-28,0.03879742625773445
2022-06-29,0.04050225978039815
2022-06-30,0.04176191241288661
2022-07-01,0.039251872364337324
2022-07-05,0.04027372097164732
2022-07-06,0.040266847105970394
2022-07-07,0.04036342618559833
2022-07-08,0.0395485484042153
2022-07-11,0.04105758302669615
2022-07-12,0.03875507931588554
2022-07-13,0.03792884831089809
2022-07-14,0.03943950780393053
2022-07-15,0.036900872189690445
2022-07-18,0.0382761476139373
2022-07-19,0.03762989395177569
2022-07-20,0.03632527920159159
2022-07-21,0.03520075240304507
2022-07-22,0.03491982588029744
2022-07-25,0.03477555136757457
2022-07-26,0.03497904441903926
2022-07-27,0.0323627512690544
2022-07-28,0.03288765416648611
2022-07-29,0.032398748290835645
2022-08-01,0.03177349324839545
2022-08-02,0.032377467334763606
2022-08-03,0.033879258905592693
2022-08-04,0.03583591633827139
2022-08-05,0.03696957589421304
2022-08-08,0.036363950999485084
2022-08-09,0.035931825433982136
2022-08-10,0.035289183300051076
2022-08-11,0.03717665851075044
2022-08-12,0.03797711042528943
2022-08-15,0.04248997000355658
2022-08-16,0.042636277634595376
2022-08-17,0.040822310854833066
2022-08-18,0.0409856822576539
2022-08-19,0.039800579001061494
2022-08-22,0.04131499394895018
2022-08-23,0.04194260221055699
2022-08-24,0.04379672972213648
2022-08-25,0.04271962460593182
2022-08-26,0.043417458256920144
2022-08-29,0.04329589672082325
2022-08-30,0.04507712173566132
2022-08-31,0.04798389130234269
2022-09-01,0.04886837866526979
2022-09-02,0.048978684566805104
2022-09-06,0.04862929224696085
2022-09-07,0.047054418672546595
2022-09-08,0.05128181085990653
2022-09-09,0.05110857087352775
2022-09-12,0.05057355906177966
2022-09-13,0.051784605707837356
2022-09-14,0.0520587657191888
2022-09-15,0.0552454961867287
2022-09-16,0.055679502525584214
2022-09-19,0.053517370897059914
2022-09-20,0.0546815457010014
2022-09-21,0.056068092794868865
2022-09-22,0.05440600268486587
2022-09-23,0.05253694091063907
2022-09-26,0.0538069478049813
2022-09-27,0.058957367960289844
2022-09-28,0.05676102952958363
2022-09-29,0.05560270109335697
2022-09-30,0.0529584872115422
2022-10-03,0.054648235464990015
2022-10-04,0.05480258812073374
2022-10-05,0.0551337920953805
2022-10-06,0.053105624977612315
2022-10-07,0.05088854068720766
2022-10-10,0.052335224553375345
2022-10-11,0.05578300388645292
2022-10-12,0.055832608339772785
2022-10-13,0.05545241721540796
2022-10-14,0.054128166347981205
2022-10-17,0.05206728868609989
2022-10-18,0.05152898439227086
2022-10-19,0.05273972769163692
2022-10-20,0.048486399839477716
2022-10-21,0.05113509362681398
2022-10-24,0.050710115166622036
2022-10-25,0.04966977146909157
2022-10-26,0.05484250138822388
2022-10-27,0.055083902403093084
2022-10-28,0.05277050241639697
2022-10-31,0.05413934603483056
2022-11-01,0.053789711377534306
2022-11-02,0.0537073484213414
2022-11-03,0.05576725231339045
2022-11-04,0.05547911396491351
2022-11-07,0.05463703471098537
2022-11-08,0.051861677551400885
2022-11-09,0.054952396131747856
2022-11-10,0.055946030517029365
2022-11-11,0.05671617210825871
2022-11-14,0.0588851775397039
2022-11-15,0.057329606485600315
2022-11-16,0.05670853597850027
2022-11-17,0.06025226619850863
2022-11-18,0.06317772073717788
2022-11-21,0.06534915144922969
2022-11-22,0.06298894343833168
2022-11-23,0.0630710652232704
2022-11-25,0.06325371760650329
2022-11-28,0.06172339689846325
2022-11-29,0.058670072116336285
2022-11-30,0.05854994055157693
2022-12-01,0.05973537032500508
2022-12-02,0.05832259818119515
2022-12-05,0.0597193324376161
2022-12-06,0.06088006603577463
2022-12-07,0.06297485145926929
2022-12-08,0.06705636287219807
2022-12-09,0.06474843627913271
2022-12-12,0.0681371966630902
2022-12-13,0.07093221430369091
2022-12-14,0.06819171719508046
2022-12-15,0.06842191948152511
2022-12-16,0.06415259651498956
2022-12-19,0.06428133424848549
2022-12-20,0.06503725437137561
2022-12-21,0.06165169022734487
2022-12-22,0.061855965500610274
2022-12-23,0.0635404973964432
2022-12-27,0.06216538442458846
2022-12-28,0.06498800778253232
2022-12-29,0.06587926536124991
2022-12-30,0.06202765064219916
2023-01-03,0.0633570944644256
2023-01-04,0.0635221878874589
2023-01-05,0.06254628840494059
2023-01-06,0.06321526599878427
2023-01-09,0.06303535563634775
2023-01-10,0.06308974334915003
2023-01-11,0.06134732982920805
2023-01-12,0.06449254880503867
2023-01-13,0.06491711269718786
2023-01-17,0.06170792312985746
2023-01-18,0.06341807450296562
2023-01-19,0.06288580650558497
2023-01-20,0.06742952954238038
2023-01-23,0.06497469487182823
2023-01-24,0.064013899776674
2023-01-25,0.0657769513753085
2023-01-26,0.06688378376977441
2023-01-27,0.070845415545946
2023-01-30,0.06846384872732293
2023-01-31,0.06936464442358677
2023-02-01,0.06916506947622396
2023-02-02,0.07106032340559848
2023-02-03,0.06891968045282268
2023-02-06,0.06657327872595896
2023-02-07,0.06593041223964913
2023-02-08,0.065471209850569
2023-02-09,0.06037785375095317
2023-02-10,0.06241156614980356
2023-02-13,0.06637686371663276
2023-02-14,0.06513443008986596
2023-02-15,0.0675213081461367
2023-02-16,0.06584840388760381
2023-02-17,0.07152181423232475
2023-02-21,0.07393058758103632
2023-02-22,0.0712927182072368
2023-02-23,0.07325842408787629
2023-02-24,0.07747650430304501
2023-02-27,0.07530942505330174
2023-02-28,0.07686309357943215
2023-03-01,0.0753667187926862
2023-03-02,0.07996651304717657
2023-03-03,0.07628300796434302
2023-03-06,0.0734103953935261
2023-03-07,0.07690325644902811
2023-03-08,0.0719460036892395
2023-03-09,0.07606426555114199
2023-03-10,0.07404691422887945
2023-03-13,0.07182689441973174
2023-03-14,0.07156476566800704
2023-03-15,0.06813563518080817
2023-03-16,0.07426294217746332
2023-03-17,0.074543914032575
2023-03-20,0.07382903398048545
2023-03-21,0.07382723853348938
2023-03-22,0.07746915111071609
2023-03-23,0.07784248316747548
2023-03-24,0.07705212459862511
2023-03-27,0.07894275861503894
2023-03-28,0.08537217539711593
2023-03-29,0.0888754994553513
2023-03-30,0.08913146220512153
2023-03-31,0.08482259301633167
2023-04-03,0.08314670556902125
2023-04-04,0.07396912359545514
2023-04-05,0.07734711958326086
2023-04-06,0.07786018737257965
2023-04-10,0.07653718876497817
2023-04-11,0.07863268713150055
2023-04-12,0.07706227746513704
2023-04-13,0.07846689904067099
2023-04-14,0.07681509101677479
2023-04-17,0.07331663771870386
2023-04-18,0.0701279978314124
2023-04-19,0.06678279363178916
2023-04-20,0.06630971313394524
2023-04-21,0.06889483976930962
2023-04-24,0.06765603586810656
2023-04-25,0.0735293522637574
2023-04-26,0.06710094506406761
2023-04-27,0.06605115645865142
2023-04-28,0.06789820161066075
2023-05-01,0.0679898480970853
2023-05-02,0.06784846891433853
2023-05-03,0.0689565086243959
2023-05-04,0.06838881070080624
2023-05-05,0.07195811549482847
2023-05-08,0.0719929120961654
2023-05-09,0.07235032341905963
2023-05-10,0.07558328262517887
2023-05-11,0.07500340402834425
2023-05-12,0.07551742093290464
2023-05-15,0.07393075997027038
2023-05-16,0.07135769289891448
2023-05-17,0.07494349086755231
2023-05-18,0.07642988887718574
2023-05-19,0.07597732006654351
2023-05-22,0.07858058163216333
2023-05-23,0.07609088597018844
2023-05-24,0.07664357751293063
2023-05-25,0.07808051451280039
2023-05-26,0.07712763776198715
2023-05-30,0.07840420575704064
2023-05-31,0.07823349725816732
2023-06-01,0.07595269497281919
2023-06-02,0.07558036237780003
2023-06-05,0.07787520471832161
2023-06-06,0.08112266366016094
2023-06-07,0.07990380021155491
2023-06-08,0.07785479751020212
2023-06-09,0.07712110683489516
2023-06-12,0.07845383422283975
2023-06-13,0.07869364826898743
2023-06-14,0.07651392359985945
2023-06-15,0.07339783276253212
2023-06-16,0.07220618169090925
2023-06-20,0.07301604629809318
2023-06-21,0.07210318773783726
2023-06-22,0.07209602479854008
2023-06-23,0.07324340526782226
2023-06-26,0.07196479458862252
2023-06-27,0.06801957270048499
2023-06-28,0.06402804963180247
2023-06-29,0.06565652067704421
2023-06-30,0.06392912521987777
2023-07-03,0.06406975643136752
2023-07-05,0.06113306491935802
2023-07-06,0.06552610090717938
2023-07-07,0.07007283884560837
2023-07-10,0.07026264404490752
2023-07-11,0.06854949418674133
2023-07-12,0.0694842098158171
2023-07-13,0.06847948069464299
2023-07-14,0.07091183551407065
2023-07-17,0.07011276636351975
2023-07-18,0.07082853747427291
2023-07-19,0.0659107827782443
2023-07-20,0.06725990606067349
2023-07-21,0.06655100288094255
2023-07-24,0.06577502971968266
2023-07-25,0.07002978403788797
2023-07-26,0.07016353608943593
2023-07-27,0.07110168995713649
2023-07-28,0.07045890688089944
2023-07-31,0.07372309292903512
2023-08-01,0.07169057780781794
2023-08-02,0.0731789129362699
2023-08-03,0.07177070854469492
2023-08-04,0.06937602121513951
2023-08-07,0.07172382831589005
2023-08-08,0.06769900237220623
2023-08-09,0.07045806885882895
2023-08-10,0.06994944623527925
2023-08-11,0.07037836789419954
2023-08-14,0.07113372272828378
2023-08-15,0.07058020839290795
2023-08-16,0.06708129441790962
2023-08-17,0.06976171977221028
2023-08-18,0.06535197622825115
2023-08-21,0.06852650146321417
2023-08-22,0.07077323347528679
2023-08-23,0.07019694526095047
2023-08-24,0.07067918485211752
2023-08-25,0.07124005244590766
2023-08-28,0.07140759943149118
2023-08-29,0.07582632804210707
2023-08-30,0.07657732608239261
2023-08-31,0.07469282234452931
2023-09-01,0.0760765876857249
2023-09-05,0.07693971885584691
2023-09-06,0.08015348854492306
2023-09-07,0.08344448251717378
2023-09-08,0.08237193667690884
2023-09-11,0.08118922566838643
2023-09-12,0.07857620817226209
2023-09-13,0.08311781273560097
2023-09-14,0.08087868800893619
2023-09-15,0.0813344633363358
2023-09-18,0.08307492148718335
2023-09-19,0.07898873899718054
2023-09-20,0.08204449892470901
2023-09-21,0.08030825976908393
2023-09-22,0.07811855902925449
2023-09-25,0.07535745111901486
2023-09-26,0.07833429187680244
2023-09-27,0.08606425787245171
2023-09-28,0.0842198106632792
2023-09-29,0.08947207817979666
2023-10-02,0.09108775798241239
2023-10-03,0.09566084309523715
2023-10-04,0.09574366784637711
2023-10-05,0.09840286367052338
2023-10-06,0.10765811009088477
2023-10-09,0.11105222033976822
2023-10-10,0.10687698930337661
2023-10-11,0.10826438398827815
2023-10-12,0.113611665714136
2023-10-13,0.10756182918517992
2023-10-16,0.10567959523798988
2023-10-17,0.09820081753180314
2023-10-18,0.10151543361078363
2023-10-19,0.10356552399904492
2023-10-20,0.1004560321171083
2023-10-23,0.10479768881844731
2023-10-24,0.11106636588481149
2023-10-25,0.11825419950082296
2023-10-26,0.11788637024024441
2023-10-27,0.11709752720952739
2023-10-30,0.11500215354791947
2023-10-31,0.12049720578400178
2023-11-01,0.1292696994231338
2023-11-02,0.12723278778955963
2023-11-03,0.12702782651713626
2023-11-06,0.1338304905054793
2023-11-07,0.13304001827230552
2023-11-08,0.12594921584042554
2023-11-09,0.1264347427093981
2023-11-10,0.12214790687585815
2023-11-13,0.12963069149383358
2023-11-14,0.12297373504201604
2023-11-15,0.12587068610570878
2023-11-16,0.1271080707355049
2023-11-17,0.13041689529711775
2023-11-20,0.13226800622394894
2023-11-21,0.1274606458995299
2023-11-22,0.12928863369625027
2023-11-24,0.12562383986724618
2023-11-27,0.12165141462326325
2023-11-28,0.11724739296373847
2023-11-29,0.11730611063120103
2023-11-30,0.1124505925020907
2023-12-01,0.11712652413562
2023-12-04,0.11891115482417466
2023-12-05,0.12476508824122656
2023-12-06,0.120166248404558
2023-12-07,0.1131548224830719
2023-12-08,0.11206717903300101
2023-12-11,0.11554170898999533
2023-12-12,0.10568247276891037
2023-12-13,0.10608433696679191
2023-12-14,0.10799208528043482
2023-12-15,0.10671625593617126
2023-12-18,0.10049916602210608
2023-12-19,0.09564456888939775
2023-12-20,0.0935342523334068
2023-12-21,0.09373070191900305
2023-12-22,0.0982654078918141
2023-12-26,0.09970606206148805
2023-12-27,0.10375331554560216
2023-12-28,0.10256524114402339
2023-12-29,0.10208309231981509
2024-01-02,0.10285376504781264
2024-01-03,0.10042714263762924
2024-01-04,0.09984248001921966
2024-01-05,0.09464623401918602
2024-01-08,0.09340784541788845
2024-01-09,0.10057517733550632
2024-01-10,0.09996877347126744
2024-01-11,0.09795655211067675
2024-01-12,0.09867364350727804
2024-01-16,0.09830533941342441
2024-01-17,0.10032554558136414
2024-01-18,0.09951957017655022
2024-01-19,0.0970954488926939
2024-01-22,0.09742961746663148
2024-01-23,0.09793070592149104
2024-01-24,0.09397347051850033
2024-01-25,0.09741615739426868
2024-01-26,0.093996827554484
2024-01-29,0.09647957007233246
2024-01-30,0.09439256253230892
2024-01-31,0.0977843459021086
2024-02-01,0.09976876902749757
2024-02-02,0.10014598551432548
2024-02-05,0.09691537409671709
2024-02-06,0.10049918949928928
2024-02-07,0.09752298946592534
2024-02-08,0.0924015583929125
2024-02-09,0.09809339492271485
2024-02-12,0.0895165390477701
2024-02-13,0.09072144629956994
2024-02-14,0.08430656049371235
2024-02-15,0.08476093728734178
2024-02-16,0.08543362104661899
2024-02-20,0.08430397221352409
2024-02-21,0.08305515074750693
2024-02-22,0.08226903246694561
2024-02-23,0.08511128296350419
2024-02-26,0.0899751769842604
2024-02-27,0.09661358333069851
2024-02-28,0.09942188178498539
2024-02-29,0.09610587376453472
2024-03-01,0.09676269472278295
2024-03-04,0.09267200001785476
2024-03-05,0.09294475816268961
2024-03-06,0.09387662641075818
2024-03-07,0.09187904810559966
2024-03-08,0.09469555872196722
2024-03-11,0.09619654477609658
2024-03-12,0.10521787489647756
2024-03-13,0.10419588900487622
2024-03-14,0.09935546440467072
2024-03-15,0.10433641578968599
2024-03-18,0.1015766620695231
2024-03-19,0.10084723445259867
2024-03-20,0.10006623401690555
2024-03-21,0.10486822779646607
2024-03-22,0.10823763827097052
2024-03-25,0.11032732178980835
2024-03-26,0.11208982614255875
2024-03-27,0.11039857787789423
2024-03-28,0.11342233268826725
2024-04-01,0.11054668988751822
2024-04-02,0.11369034250684504
2024-04-03,0.11070568304903715
2024-04-04,0.11343690695731214
2024-04-05,0.10678001617900172
2024-04-08,0.10667921677170983
2024-04-09,0.10678034030639841
2024-04-10,0.10521424303129742
2024-04-11,0.10863658284828237
2024-04-12,0.10208386545302825
2024-04-15,0.09924488322724481
2024-04-16,0.09661676900806891
2024-04-17,0.10101704343824178
2024-04-18,0.10698518861893311
2024-04-19,0.10548835140181335
2024-04-22,0.10334708330183243
2024-04-23,0.09397058092898739
2024-04-24,0.09188041727554361
2024-04-25,0.0963310643417319
2024-04-26,0.0937038179871139
2024-04-29,0.09358174738993726
2024-04-30,0.09179534415816913
2024-05-01,0.08609651576747854
2024-05-02,0.08065265940898288
2024-05-03,0.08010757327488134
2024-05-06,0.0775864132692063
2024-05-07,0.08091296470319664
2024-05-08,0.08601958088753038
2024-05-09,0.08627634211921355
2024-05-10,0.08582210611603318
2024-05-13,0.08812955688886939
2024-05-14,0.08843178790917886
2024-05-15,0.09260823992892543
2024-05-16,0.09279580358478651
2024-05-17,0.09597495120260306
2024-05-20,0.09888812750067943
2024-05-21,0.09910777889436831
2024-05-22,0.1020374471999392
2024-05-23,0.1015140894088911
2024-05-24,0.10924207793585648
2024-05-28,0.11535962976477837
2024-05-29,0.11555651882035947
2024-05-30,0.1167185668002621
2024-05-31,0.11470953853908385
2024-06-03,0.12103879201249235
2024-06-04,0.1188072171661088
2024-06-05,0.12374326824162578
2024-06-06,0.12512114742523112
2024-06-07,0.12623732278256672
2024-06-10,0.12844886241639938
2024-06-11,0.12570536334387208
2024-06-12,0.12798930770724054
2024-06-13,0.1307170221119384
2024-06-14,0.12423155823721208
2024-06-17,0.1221952634659011
2024-06-18,0.12056142051716072
2024-06-20,0.12165049042303862
2024-06-21,0.11618138664708663
2024-06-24,0.1100807077994459
2024-06-25,0.11530606158238037
2024-06-26,0.1171255764436388
2024-06-27,0.12280363081846012
2024-06-28,0.12739730162794288
2024-07-01,0.12738723508940797
2024-07-02,0.13118621226158722
2024-07-03,0.13374760366916547
2024-07-05,0.14691859009023647
2024-07-08,0.1485006876695524
2024-07-09,0.14244541932174296
2024-07-10,0.13751037696498405
2024-07-11,0.15651591258946376
2024-07-12,0.16190113219457106
2024-07-15,0.1769334322519529
2024-07-16,0.1767981722281608
2024-07-17,0.17585922247377808
2024-07-18,0.1720115592630457
2024-07-19,0.1656748265748996
2024-07-22,0.17479977200686198
2024-07-23,0.17720568072918313
2024-07-24,0.18273998110197986
2024-07-25,0.18216849777077945
2024-07-26,0.16594452985826885
2024-07-29,0.16065423240343793
2024-07-30,0.1631540720324876
2024-07-31,0.16013076468717227
2024-08-01,0.15851923686078945
2024-08-02,0.1599495822691226
2024-08-05,0.15697012143671032
2024-08-06,0.15464262847831506
2024-08-07,0.15587805288032197
2024-08-08,0.14636812296594556
2024-08-09,0.142377932554139
2024-08-12,0.13771003189091294
2024-08-13,0.14143991489104224
2024-08-14,0.13944282019863402
2024-08-15,0.14250930003051535
2024-08-16,0.14762367996118375
2024-08-19,0.14992760440427977
2024-08-20,0.15301238665308317
2024-08-21,0.15517639161178434
2024-08-22,0.15554031509770988
2024-08-23,0.16198935604449005
2024-08-26,0.17152887584007737
2024-08-27,0.16643058313426118
2024-08-28,0.15971211147828715
2024-08-29,0.16527270066808433
2024-08-30,0.16731419526963695
2024-09-03,0.16595725443237547
2024-09-04,0.16704742036523418
2024-09-05,0.1734435937460432
2024-09-06,0.18053294630758157
2024-09-09,0.17233104269807975
2024-09-10,0.17406552652648555
2024-09-11,0.17503883242053694
2024-09-12,0.17928581542546163
2024-09-13,0.17586843289067972
2024-09-16,0.1762124726952816
2024-09-17,0.18254084336255458
2024-09-18,0.18375743779295697
2024-09-19,0.18005366674127513
2024-09-20,0.17484021113693476
2024-09-23,0.1780319825961147
2024-09-24,0.17420713859066714
2024-09-25,0.1607149829172728
2024-09-26,0.15533475509116457
2024-09-27,0.16483937298851217
2024-09-30,0.15851354695119907
2024-10-01,0.15985652375928314
2024-10-02,0.15240349629086014
2024-10-03,0.14579017742111872
2024-10-04,0.148300459861615
2024-10-07,0.14293295269954526
2024-10-08,0.14037328408637448
2024-10-09,0.1465779334584829
2024-10-10,0.13559475464662943
2024-10-11,0.1366458205020698
2024-10-14,0.1373879709625438
2024-10-15,0.14119831964049245
2024-10-16,0.14017832937060679
2024-10-17,0.1424071831598018
2024-10-18,0.14606445843058563
2024-10-21,0.14439706263352944
2024-10-22,0.14144917990168804
2024-10-23,0.144966416334855
2024-10-24,0.14251304240899507
2024-10-25,0.14181454522383832
2024-10-28,0.1422534191125443
2024-10-29,0.13596904308856245
2024-10-30,0.13424070042203923
2024-10-31,0.14031716907968728
2024-11-01,0.14370378948520357
2024-11-04,0.14680494653688975
2024-11-05,0.15592836174060787
2024-11-06,0.16273472412768242
2024-11-07,0.16661865753451766
2024-11-08,0.16763074188993363
2024-11-11,0.1609920133660749
2024-11-12,0.16087379037534877
2024-11-13,0.16501336177563566
2024-11-14,0.17980954510321123
2024-11-15,0.17771348025392314
2024-11-18,0.18353668875389573
2024-11-19,0.2010213758199563
2024-11-20,0.20189514122919014
2024-11-21,0.21322417374088012
2024-11-22,0.19729550059836906
2024-11-25,0.20425710419893367
2024-11-26,0.19583220519890704
2024-11-27,0.1937261739539044
2024-11-29,0.20040917513943035
2024-12-02,0.18859186074414727
2024-12-03,0.18312798789181803
2024-12-04,0.17345371204254323
2024-12-05,0.16559058617221797
2024-12-06,0.1669536036549573
2024-12-09,0.1646820521748265
2024-12-10,0.15480877584309374
2024-12-11,0.15806503901368735
2024-12-12,0.15906000740356713
2024-12-13,0.15627240611083354
2024-12-16,0.15487482920734846
2024-12-17,0.160997964461779
2024-12-18,0.16396424194580156
2024-12-19,0.155316337920265
2024-12-20,0.15622592543161093
2024-12-23,0.15494366096029905
2024-12-24,0.1546358324395281
2024-12-26,0.15094575581811018
2024-12-27,0.14939788669144224
2024-12-30,0.14696035402998706
2024-12-31,0.14481212250447642
2025-01-02,0.14389996142719946
2025-01-03,0.1467934420343239
2025-01-06,0.14726742204971766
2025-01-07,0.14498707629719287
2025-01-08,0.14571639814690646
2025-01-10,0.15256160013606887
2025-01-13,0.1566692104745616
2025-01-14,0.15272658175634857
2025-01-15,0.14503827991552715
2025-01-16,0.1484503238109661
2025-01-17,0.16166534573419855
2025-01-21,0.15499502324665587
2025-01-22,0.1624280007468376
2025-01-23,0.16388502143520914
2025-01-24,0.17037076999005482
2025-01-27,0.16222628801573574
2025-01-28,0.1690679732945276
2025-01-29,0.15807577382061608
2025-01-30,0.14703156415337956
2025-01-31,0.1379645966846101
2025-02-03,0.13423793709376072
2025-02-04,0.13335956656576067
2025-02-05,0.13329616006090483
2025-02-06,0.13588264079525658
2025-02-07,0.1353236384002393
2025-02-10,0.13382645385465505
2025-02-11,0.13231775663280587
2025-02-12,0.12841026700376615
2025-02-13,0.12149473079133064
2025-02-14,0.1145335972470852
2025-02-18,0.10918620869784533
2025-02-19,0.10507452059202009
2025-02-20,0.10468893363979682
2025-02-21,0.1015496867577589
2025-02-24,0.1004684800635908
2025-02-25,0.09554834671677351
2025-02-26,0.09664359204632679
2025-02-27,0.09861186107795951
2025-02-28,0.09265582761209422
2025-03-03,0.10398472935834983
2025-03-04,0.10335878639569694
2025-03-05,0.09862893911910198
2025-03-06,0.09670114104087993
2025-03-07,0.0953039294780334
2025-03-10,0.09587999780943837
2025-03-11,0.09816273133026403
2025-03-12,0.09398094955715519
2025-03-13,0.09459408343040436
2025-03-14,0.10314360589579895
2025-03-17,0.10298403178451579
2025-03-18,0.10704244176980549
2025-03-19,0.10155106511749104
2025-03-20,0.09986376270285742
2025-03-21,0.09617697837569275
2025-03-24,0.09858125029796203
2025-03-25,0.10257145174620196
2025-03-26,0.10472046768682786
2025-03-27,0.10709622084987344
2025-03-28,0.10340990258857591
2025-03-31,0.10813075885539529
2025-04-01,0.10249238635521524
2025-04-02,0.10400180256846636
2025-04-03,0.10130990184482573
2025-04-04,0.09768554611685631
2025-04-07,0.09552884751545751
2025-04-08,0.09606914039994133
2025-04-09,0.1009454373842805
2025-04-10,0.09946400030835327
2025-04-11,0.10135500413602548
2025-04-14,0.10682650154769263
2025-04-15,0.1097089489036877
2025-04-16,0.10634262790360417
2025-04-17,0.11290224977758324
2025-04-21,0.10711903424258487
2025-04-22,0.10872371386559529
2025-04-23,0.1124066298014787
2025-04-24,0.11565877990105253
2025-04-25,0.11658316736875184
2025-04-28,0.1110544816243998
2025-04-29,0.10944090046803032
2025-04-30,0.1064565116867776
2025-05-01,0.10494152750794931
2025-05-02,0.11050778120968088
2025-05-05,0.10616981190642441
2025-05-06,0.11100359724905094
2025-05-07,0.11098666741145485
2025-05-08,0.1112478179227136
2025-05-09,0.10609767688479531
2025-05-12,0.11178595401010395
2025-05-13,0.11065234978833526
2025-05-14,0.10975107915272155
2025-05-15,0.1076809340717924
2025-05-16,0.11096136702180898
2025-05-19,0.11095375638307006
2025-05-20,0.12181422347597366
2025-05-21,0.12407264702648779
2025-05-22,0.12556783553748316
2025-05-23,0.12605418044347635
2025-05-27,0.12891889769753803
2025-05-28,0.13477856858050322
2025-05-29,0.13654546077837773
2025-05-30,0.14067644782039967
2025-06-02,0.1405539854834856
2025-06-03,0.13421782083284492
2025-06-04,0.13202296515152492
2025-06-05,0.12535103830387373
2025-06-06,0.13107718709649335
2025-06-09,0.12671188067154224
2025-06-10,0.12328040250613492
2025-06-11,0.12394157477667574
2025-06-12,0.12810688403511167
2025-06-13,0.1264868741929116
2025-06-16,0.12078913664315047
2025-06-17,0.12339292750503442
2025-06-18,0.12863453561442978
2025-06-20,0.12791592216792716
2025-06-23,0.1254407020630983
2025-06-24,0.11515338122422775
2025-06-25,0.11283843955227048
2025-06-26,0.11514544185413039
2025-06-27,0.1098301037608921
2025-06-30,0.10938955376295656
2025-07-01,0.10848650927262599
2025-07-02,0.10781410917905572
2025-07-03,0.11367728996579868
2025-07-07,0.11552677254274157
2025-07-08,0.1152848301756663
2025-07-09,0.11393910061748011
2025-07-10,0.11830943561349594
2025-07-11,0.10957905280040961
