Date,Close
2010-10-21,276.8959045410156
2010-10-22,275.8638664191524
2010-10-25,274.4568892076715
2010-10-26,272.63729824986626
2010-10-27,279.32976521984756
2010-10-28,284.53651615057277
2010-10-29,285.5378490478762
2010-11-01,292.72750369309614
2010-11-02,285.8466177450663
2010-11-03,287.9299432709708
2010-11-04,290.583886983508
2010-11-08,293.06763689858514
2010-11-09,304.6051931575389
2010-11-10,320.37426701821687
2010-11-11,331.1772369303908
2010-11-12,325.60147737732626
2010-11-15,327.3164086640945
2010-11-16,319.8280972149356
2010-11-18,336.2128990789991
2010-11-19,340.2656680044469
2010-11-22,335.77757868684625
2010-11-23,339.4428770533413
2010-11-24,337.0066100494703
2010-11-25,337.6138195171654
2010-11-26,338.94290237695446
2010-11-29,339.6996974466321
2010-11-30,324.8035294178568
2010-12-01,323.6905736919929
2010-12-02,309.81454834856567
2010-12-03,309.78863907121286
2010-12-06,313.7470408987772
2010-12-07,317.6701641438009
2010-12-08,317.10499506383053
2010-12-09,310.0344968957956
2010-12-10,302.2526598130674
2010-12-13,296.774823803056
2010-12-14,305.4544359517928
2010-12-15,309.0783194709941
2010-12-16,307.75496471977544
2010-12-20,311.8704569781001
2010-12-21,314.7354772723194
2010-12-22,317.8402069158314
2010-12-23,319.1929067424489
2010-12-24,325.44163853500237
2010-12-27,308.8840615341457
2010-12-28,303.13864030550513
2010-12-29,301.1320782959857
2010-12-30,303.7629836215554
2010-12-31,303.336862855577
2011-01-03,300.20121316318915
2011-01-04,308.27380015927884
2011-01-05,300.44400090449017
2011-01-06,316.166340277772
2011-01-07,312.7327676519703
2011-01-10,308.6254501256435
2011-01-11,311.97224619884986
2011-01-12,322.114059850523
2011-01-13,330.33138163404135
2011-01-14,331.3403648504371
2011-01-17,336.1561140817022
2011-01-18,347.89592075314494
2011-01-19,338.3886930612663
2011-01-20,327.8087699577422
2011-01-21,331.2814090799121
2011-01-24,315.4677030905816
2011-01-25,317.3015232585821
2011-01-27,312.43565308574813
2011-01-28,301.1584418467726
2011-01-31,304.9455325441975
2011-02-01,295.8032413095047
2011-02-02,307.45407613009024
2011-02-03,318.4335720658268
2011-02-04,335.2488030998167
2011-02-07,330.53861159113904
2011-02-08,327.374237714343
2011-02-09,321.71606847619546
2011-02-10,313.7440977123857
2011-02-11,320.0551616149959
2011-02-14,321.1883629855087
2011-02-15,320.7892260752541
2011-02-16,321.1609520388532
2011-02-17,318.1489675121872
2011-02-18,306.38894968385154
2011-02-21,298.50846246816207
2011-02-22,292.4557976962888
2011-02-23,293.44590480615926
2011-02-24,293.9073170681477
2011-02-25,311.9546650543899
2011-02-28,321.4810546629618
2011-03-01,318.46290495326105
2011-03-03,325.09684460618075
2011-03-04,309.5040749597506
2011-03-07,308.9251431994599
2011-03-08,325.14150232662877
2011-03-09,330.1816648697931
2011-03-10,333.6458414110927
2011-03-11,329.0764916242526
2011-03-14,317.67534031618686
2011-03-15,294.876658175458
2011-03-16,296.00813361996705
2011-03-17,292.20165452977875
2011-03-18,279.438858622786
2011-03-21,275.8487195749805
2011-03-22,275.10935980936483
2011-03-23,279.68361591249163
2011-03-24,282.9118835736002
2011-03-25,283.1424786287396
2011-03-28,275.60752415942
2011-03-29,285.40738072457265
2011-03-30,287.1253035884072
2011-03-31,271.05233118091667
2011-04-01,275.7625868924943
2011-04-04,273.16454622592533
2011-04-05,271.5625126896754
2011-04-06,277.6986223074087
2011-04-07,279.53829554624156
2011-04-08,275.17017597220905
2011-04-11,280.2812169527384
2011-04-13,285.77074648228097
2011-04-15,279.61808583405417
2011-04-18,277.3879059539146
2011-04-19,276.0465124760663
2011-04-20,269.38062848645103
2011-04-21,276.0816754763213
2011-04-25,277.86686524581586
2011-04-26,279.9782311423013
2011-04-27,288.9006609648191
2011-04-28,290.66010168913607
2011-04-29,295.801127412292
2011-05-02,291.89631592091877
2011-05-03,278.9727914938693
2011-05-04,283.72615880898826
2011-05-05,283.5372490871213
2011-05-06,289.9326975962977
2011-05-09,291.46667187654265
2011-05-10,288.5126576409734
2011-05-11,289.06740317134216
2011-05-12,288.09590530490647
2011-05-13,294.21067405566555
2011-05-16,300.4876627016439
2011-05-17,303.9669133654279
2011-05-18,300.45689265064726
2011-05-19,292.21729571937806
2011-05-20,288.0048481197637
2011-05-23,285.7158665467321
2011-05-24,288.4195321252308
2011-05-25,300.02314545696254
2011-05-26,299.15017431211174
2011-05-27,307.7037490293772
2011-05-30,305.55545800731204
2011-05-31,309.82148063680825
2011-06-01,320.49390915341905
2011-06-02,329.6457132843362
2011-06-03,342.06094661965284
2011-06-06,340.3597581618383
2011-06-07,340.0724518507067
2011-06-08,342.39106141704434
2011-06-09,340.63334021785494
2011-06-10,335.34255610606454
2011-06-13,335.835320653772
2011-06-14,344.29037674716733
2011-06-15,335.0398433959174
2011-06-16,326.2123710831107
2011-06-17,319.26582907548914
2011-06-20,310.60078451611884
2011-06-21,325.3198116785893
2011-06-22,316.1120409256859
2011-06-23,307.4409932766821
2011-06-24,294.85623988696204
2011-06-27,298.78896881374976
2011-06-28,295.9992957753905
2011-06-29,294.8171052868977
2011-06-30,294.97592764590354
2011-07-01,299.3164611453791
2011-07-04,297.69316308548923
2011-07-05,299.699459839851
2011-07-06,293.603955805219
2011-07-07,297.03572989600826
2011-07-08,294.82568552798546
2011-07-11,294.7154738490151
2011-07-12,302.93907968255644
2011-07-13,310.68486275380286
2011-07-14,311.6479943011013
2011-07-15,298.6255277365909
2011-07-18,299.7905938709227
2011-07-19,290.3905862125843
2011-07-20,290.6410159434829
2011-07-21,290.90560132208265
2011-07-22,290.5402956364438
2011-07-25,287.07376671637144
2011-07-26,288.3014496944276
2011-07-27,286.2807706660561
2011-07-28,282.1492190011409
2011-07-29,273.51182698512537
2011-08-01,271.7195049059074
2011-08-02,266.2825523362895
2011-08-03,261.7787471562212
2011-08-04,257.2219876111561
2011-08-05,262.94836864280154
2011-08-08,263.4519330788434
2011-08-09,266.04683411432455
2011-08-10,277.9423157106869
2011-08-11,282.19530203930185
2011-08-12,294.48262067386713
2011-08-16,293.1052354031962
2011-08-17,290.79757392171393
2011-08-18,306.0004457179033
2011-08-19,305.54549965214335
2011-08-22,312.1778313715578
2011-08-23,308.3963057505512
2011-08-24,302.71721604288985
2011-08-25,299.47704331846575
2011-08-26,293.61017763031305
2011-08-29,293.0905565756003
2011-08-30,302.9152175016976
2011-09-02,308.0147385723728
2011-09-05,300.8888724909074
2011-09-06,301.0271621613713
2011-09-07,309.47262807624105
2011-09-08,302.9901693014724
2011-09-09,306.999059538567
2011-09-12,315.91579233895476
2011-09-13,319.87579376073694
2011-09-14,317.0987722387613
2011-09-15,325.0387509820734
2011-09-16,332.47360242151814
2011-09-19,337.3350092751295
2011-09-20,331.21682213323646
2011-09-21,343.90980181916365
2011-09-22,355.43148139786746
2011-09-23,359.3810039171051
2011-09-26,357.9889347641939
2011-09-27,369.4450861798998
2011-09-28,374.40373316175203
2011-09-29,370.69416290159705
2011-09-30,370.50969709351523
2011-10-03,371.9480581520869
2011-10-04,392.74514060796895
2011-10-05,398.1093007804951
2011-10-07,395.8372896804392
2011-10-10,387.5060714390903
2011-10-11,368.51648452969073
2011-10-12,359.40609944125595
2011-10-13,364.8134747182409
2011-10-14,360.49412628413324
2011-10-17,360.5229161986473
2011-10-18,355.0089579142285
2011-10-19,353.6781324415045
2011-10-20,362.1616937567837
2011-10-21,364.5380648624561
2011-10-24,360.8835559842302
2011-10-25,358.37950733028913
2011-10-28,359.8633401582173
2011-10-31,363.32335435066767
2011-11-01,352.3237490141658
2011-11-02,346.9903867484678
2011-11-03,353.90072040489804
2011-11-04,357.10270348205154
2011-11-08,355.29170875197036
2011-11-09,349.3858833374161
2011-11-11,351.4583255982888
2011-11-14,353.6445666642778
2011-11-15,354.5811655139088
2011-11-16,352.7134516051952
2011-11-17,358.09857595598623
2011-11-18,345.4273804993551
2011-11-21,343.1061671942097
2011-11-22,343.06666175461237
2011-11-23,346.1632262543892
2011-11-24,349.73988883067153
2011-11-25,335.7197186124971
2011-11-28,333.5506135079394
2011-11-29,330.937931734668
2011-11-30,339.4384263955804
2011-12-01,325.652118428509
2011-12-02,320.29205737312475
2011-12-05,315.071136944966
2011-12-07,305.07151429923266
2011-12-08,296.8647589164912
2011-12-09,307.5141309108044
2011-12-12,314.9832644551756
2011-12-13,306.3944409961983
2011-12-14,293.95041033561137
2011-12-15,294.0576570920775
2011-12-16,286.0018334975269
2011-12-19,282.11479673687666
2011-12-20,284.9696959137618
2011-12-21,296.33742846862265
2011-12-22,297.41228509529276
2011-12-23,297.96244551456687
2011-12-26,313.2262592048974
2011-12-27,345.290932708861
2011-12-28,354.81048559932105
2011-12-29,340.22055442482866
2011-12-30,346.0499958167193
2012-01-02,350.50393249889464
2012-01-03,345.29223792575493
2012-01-04,356.1898077487866
2012-01-05,348.1211910585939
2012-01-06,330.5704616253454
2012-01-09,340.9236572176294
2012-01-10,320.9900082005548
2012-01-11,325.05096249093543
2012-01-12,321.9481979802282
2012-01-13,331.99647917459214
2012-01-16,321.7067147761539
2012-01-17,318.25552104836856
2012-01-18,318.6423669502354
2012-01-19,331.17613980406475
2012-01-20,334.45746225060367
2012-01-23,326.9073578538075
2012-01-24,321.9811659666638
2012-01-25,324.91563912797994
2012-01-27,330.2719916820384
2012-01-30,356.09786368321454
2012-01-31,369.8176429560126
2012-02-01,362.97008332523217
2012-02-02,370.12312770158184
2012-02-03,372.77633233210173
2012-02-06,379.4450568786067
2012-02-07,385.87575486752746
2012-02-08,389.15394116391593
2012-02-09,383.1467038831748
2012-02-10,390.6280062855244
2012-02-13,393.21718781379343
2012-02-14,395.06778936149703
2012-02-15,414.0887102726345
2012-02-16,421.90465289039406
2012-02-17,429.72807176957514
2012-02-21,444.10790782390796
2012-02-22,466.39233784416746
2012-02-23,460.24240506822827
2012-02-24,458.57761198309026
2012-02-27,456.66682721252056
2012-02-28,446.2981418991127
2012-02-29,431.8836977900399
2012-03-01,435.7274158980374
2012-03-02,427.1074555064285
2012-03-05,414.4760580895263
2012-03-06,421.7579966452644
2012-03-07,437.9518255539155
2012-03-09,441.97846771602207
2012-03-12,443.08495256246573
2012-03-13,447.8302453273999
2012-03-14,459.4878395663259
2012-03-15,448.6138993765511
2012-03-16,445.46773951147304
2012-03-19,464.7323420108244
2012-03-20,465.00207279297496
2012-03-21,456.5694603787658
2012-03-22,446.67151232877484
2012-03-23,425.61220784384176
2012-03-26,426.71306966116384
2012-03-27,431.9865821874318
2012-03-28,430.3068179023018
2012-03-29,438.18640098244896
2012-03-30,438.8868252882831
2012-04-02,441.52587725618565
2012-04-03,440.4611846475829
2012-04-04,456.4576678564853
2012-04-09,452.4416843370306
2012-04-10,467.75471731589175
2012-04-11,475.02182780917934
2012-04-12,472.6661984746711
2012-04-13,469.1106018246089
2012-04-16,454.19350461840395
2012-04-17,447.1792159289506
2012-04-18,453.0064357487215
2012-04-19,439.56448675877306
2012-04-20,435.2157369491532
2012-04-23,436.51793921783536
2012-04-24,430.12740202330383
2012-04-25,427.3054840892081
2012-04-26,435.8014933795453
2012-04-27,427.52262092723106
2012-04-30,439.9426612806511
2012-05-02,445.07574859387336
2012-05-03,447.9299053902219
2012-05-04,449.21008029799424
2012-05-07,443.85740703918606
2012-05-08,438.59816132733454
2012-05-09,436.3639523765208
2012-05-10,442.9791052852057
2012-05-11,435.78953656271966
2012-05-14,431.9311140571715
2012-05-15,410.98412159926545
2012-05-16,422.54293993604995
2012-05-17,435.19830031299864
2012-05-18,432.4763552089015
2012-05-21,440.6611540052133
2012-05-22,422.34267965987823
2012-05-23,415.295877257408
2012-05-24,419.26148837545304
2012-05-25,432.98123958176905
2012-05-28,413.7070914645374
2012-05-29,431.21869173283187
2012-05-30,427.1314530503781
2012-05-31,419.32626876721037
2012-06-01,431.9241932473399
2012-06-04,434.0078162660879
2012-06-05,426.6351256583245
2012-06-06,427.3286082660113
2012-06-07,420.2448529992596
2012-06-08,417.94037285793576
2012-06-11,416.6747043776889
2012-06-12,396.19437464660444
2012-06-13,396.4071856440932
2012-06-14,395.548457241289
2012-06-15,373.85738753378035
2012-06-18,373.9215662130339
2012-06-19,363.1204697242081
2012-06-20,366.03262851955776
2012-06-21,377.0847981668563
2012-06-22,368.4442496434767
2012-06-25,361.84256238325474
2012-06-26,351.6878489394545
2012-06-27,357.63957194622645
2012-06-28,364.13685946670796
2012-06-29,361.90088954147245
2012-07-02,359.6870504599852
2012-07-03,361.43820209409813
2012-07-04,352.8226504289081
2012-07-05,348.19628504038457
2012-07-06,361.3213284438126
2012-07-09,363.49807745775144
2012-07-10,373.11889581554556
2012-07-11,366.8917389645612
2012-07-12,372.8887408035036
2012-07-13,363.86026895666174
2012-07-16,355.2902406676536
2012-07-17,356.70036745409345
2012-07-18,360.63471729910844
2012-07-19,357.4359684310302
2012-07-20,347.5141477689465
2012-07-23,353.4515629791132
2012-07-24,361.7235820016351
2012-07-25,345.3866622825159
2012-07-26,347.8974358174289
2012-07-27,342.53571776943784
2012-07-30,350.28044502562346
2012-07-31,348.2592179350476
2012-08-01,354.8797895929355
2012-08-02,347.01420204841605
2012-08-03,341.09038481192505
2012-08-06,337.01302709251047
2012-08-07,333.45669141106606
2012-08-08,346.0856326814111
2012-08-09,347.02358319105207
2012-08-10,343.13085180992215
2012-08-13,346.21269718853955
2012-08-14,345.91066414054126
2012-08-16,354.83906336075245
2012-08-17,344.5604384710198
2012-08-21,336.58648352129023
2012-08-22,347.4291336552138
2012-08-23,334.07009577432194
2012-08-24,332.9320077600328
2012-08-27,339.59069623909807
2012-08-28,362.2443530021281
2012-08-29,355.28513563456244
2012-08-30,349.57800746577345
2012-08-31,359.1393518617116
2012-09-03,344.91845807482304
2012-09-04,340.410969267526
2012-09-05,330.11310809704213
2012-09-06,321.97215307465603
2012-09-07,315.519936070248
2012-09-10,306.8742322339285
2012-09-11,310.67331642292515
2012-09-12,309.42477738085245
2012-09-13,323.0162240936574
2012-09-14,313.6186773457775
2012-09-17,320.4488955791153
2012-09-18,312.51948159946835
2012-09-20,311.60125099184535
2012-09-21,314.5804219344863
2012-09-24,312.2780416759751
2012-09-25,317.15305438439054
2012-09-26,314.6686874677612
2012-09-27,322.22694094860555
2012-09-28,316.0519057437017
2012-10-01,316.3075103558514
2012-10-03,306.34281806867943
2012-10-04,303.98464819285294
2012-10-05,296.9317451580129
2012-10-08,310.0008714499239
2012-10-09,302.2430487805533
2012-10-10,299.36622014566444
2012-10-11,299.2772249332286
2012-10-12,296.12606800312494
2012-10-15,302.2542520095477
2012-10-16,309.0455803919922
2012-10-17,292.8295342189168
2012-10-18,290.90114681024323
2012-10-19,288.79569499208066
2012-10-22,286.52077466802666
2012-10-23,277.8802001378841
2012-10-25,280.3590374977923
2012-10-29,283.6912987496269
2012-10-30,288.03929267824816
2012-10-31,294.37551378999285
2012-11-01,298.5954883387708
2012-11-02,307.3172908202756
2012-11-05,308.3182233473408
2012-11-06,289.89675745984226
2012-11-07,294.49885557574055
2012-11-08,288.48184717159205
2012-11-09,284.9000394470695
2012-11-12,287.4704652977254
2012-11-15,282.1972364006404
2012-11-16,286.7252476620293
2012-11-19,274.85457672634726
2012-11-20,279.703276011325
2012-11-21,281.55398699476746
2012-11-22,288.5418247087539
2012-11-23,292.09652769392653
2012-11-26,286.2675390593594
2012-11-27,293.8665721557831
2012-11-29,290.5419141886379
2012-11-30,295.90248359138434
2012-12-03,294.5727532870643
2012-12-04,295.2681148966853
2012-12-05,293.71959396628563
2012-12-06,297.9084658294072
2012-12-07,305.1254167899437
2012-12-10,304.9150292227017
2012-12-11,303.79281311349365
2012-12-12,315.4797907440291
2012-12-13,309.6613735083973
2012-12-14,329.1571948089544
2012-12-17,327.648214195379
2012-12-18,331.78854016934326
2012-12-19,328.79261261121337
2012-12-20,335.3354591467129
2012-12-21,338.3446408390605
2012-12-24,341.3337979464346
2012-12-26,346.1034176328419
2012-12-27,335.76499640409406
2012-12-28,327.6758170088978
2012-12-31,323.4159611200985
2013-01-01,319.229944881064
2013-01-02,309.0003694139823
2013-01-03,302.4121569502608
2013-01-04,306.4356313521189
2013-01-07,313.82144881804425
2013-01-08,309.62108101668775
2013-01-09,312.5462436674358
2013-01-10,311.9787831951686
2013-01-11,320.4095344654133
2013-01-14,317.0965997381162
2013-01-15,309.40808882952814
2013-01-16,307.63866425977136
2013-01-17,310.85272761974323
2013-01-18,310.1871082693809
2013-01-21,315.63841803691514
2013-01-22,310.4431355300045
2013-01-23,319.92726512768445
2013-01-24,309.2591087193502
2013-01-25,310.10551010627046
2013-01-28,307.6150683442252
2013-01-29,308.67178488275897
2013-01-30,326.23926721269964
2013-01-31,323.92546243761205
2013-02-01,326.7459677865259
2013-02-04,328.6827741661449
2013-02-05,308.02405913168667
2013-02-06,300.9927518497459
2013-02-07,294.7211648640143
2013-02-08,291.324492878722
2013-02-11,282.8185187703456
2013-02-12,281.0135629982685
2013-02-13,274.77300662966115
2013-02-14,261.5201095378971
2013-02-15,275.24966245324856
2013-02-18,270.2411126154574
2013-02-19,267.6940997697045
2013-02-20,267.21018885184344
2013-02-21,263.32188362192306
2013-02-22,263.83558948906176
2013-02-25,268.00694713356927
2013-02-26,267.0843229187045
2013-02-27,261.93976152707006
2013-02-28,260.47139417740254
2013-03-01,259.7434936355572
2013-03-04,252.87389783552254
2013-03-05,243.98921932386887
2013-03-06,239.1701136068823
2013-03-07,229.6052098720346
2013-03-08,233.11960989852201
2013-03-11,235.82544461797224
2013-03-12,235.78271875524572
2013-03-13,239.12912789021297
2013-03-14,251.15805452438207
2013-03-15,260.67912462777514
2013-03-18,257.4641624636234
2013-03-19,257.21976276175616
2013-03-20,258.0747850456149
2013-03-21,255.1372782477273
2013-03-22,261.2039955052745
2013-03-25,257.85514285730386
2013-03-26,263.34271953924053
2013-03-28,271.7938270780621
2013-04-01,267.27345517748637
2013-04-02,265.6542056469825
2013-04-03,266.65448601876676
2013-04-04,271.7877640328373
2013-04-05,266.5980718174132
2013-04-08,269.4394392002995
2013-04-09,266.39779139513155
2013-04-10,266.80789361550666
2013-04-11,269.44912450911653
2013-04-12,259.4476554366805
2013-04-15,257.9905179963715
2013-04-16,261.8763995516972
2013-04-17,254.53100224249704
2013-04-18,256.23558544969643
2013-04-22,264.8396510779095
2013-04-23,259.5092184994333
2013-04-25,257.0355444441651
2013-04-26,255.72017476160127
2013-04-29,255.57596104493678
2013-04-30,257.60271931734053
2013-05-02,246.20601874656816
2013-05-03,244.5330377440505
2013-05-06,243.09875440778347
2013-05-07,239.9231555337253
2013-05-08,236.89569174454678
2013-05-09,237.9172834252452
2013-05-10,235.4984434450464
2013-05-13,239.92467986607502
2013-05-14,236.2116820857956
2013-05-15,232.6353882033472
2013-05-16,228.93330168756646
2013-05-17,222.79607972013685
2013-05-20,221.94789604493212
2013-05-21,219.93961272987605
2013-05-22,226.52875531578496
2013-05-23,231.12843100999373
2013-05-24,233.2174021047509
2013-05-27,230.49213599535773
2013-05-28,223.11810018741483
2013-05-29,219.02033027190828
2013-05-30,218.62129966311488
2013-05-31,227.04572621032844
2013-06-03,224.97323376041302
2013-06-04,221.13994641485604
2013-06-05,213.37954145576768
2013-06-06,218.57454160237234
2013-06-07,224.03138524099396
2013-06-10,228.2979130449655
2013-06-11,229.40363226770623
2013-06-12,234.16753488749316
2013-06-13,229.93489231908606
2013-06-14,221.03543856770673
2013-06-17,222.1916981159611
2013-06-18,211.8957502589535
2013-06-19,211.18603785566378
2013-06-20,216.58218182454408
2013-06-21,218.75324841595324
2013-06-24,222.1487838711987
2013-06-25,218.26584187129117
2013-06-26,221.26215920835537
2013-06-27,217.6704213999089
2013-06-28,210.81470865056266
2013-07-01,206.27034564474852
2013-07-02,206.3491285941939
2013-07-03,208.98102085105114
2013-07-04,199.01410411147714
2013-07-05,198.5073705813833
2013-07-08,198.35073043123907
2013-07-09,193.4390263446369
2013-07-10,187.00544674108713
2013-07-11,183.4631916671884
2013-07-12,185.10515650954994
2013-07-15,185.2253303737677
2013-07-16,186.5779475211736
2013-07-17,180.67161118608436
2013-07-18,181.69539040002178
2013-07-19,182.17118714807967
2013-07-22,182.14022751909286
2013-07-23,182.46215518807716
2013-07-24,173.73212236798764
2013-07-25,172.0251026226396
2013-07-26,169.64499162342844
2013-07-29,169.64550005278195
2013-07-30,166.93778826277702
2013-07-31,166.32429667324692
2013-08-01,160.56966940025265
2013-08-02,165.6646595838564
2013-08-05,173.12051583616662
2013-08-06,172.00880396376343
2013-08-07,174.2495380422144
2013-08-08,174.61242710467326
2013-08-12,175.5592706500834
2013-08-13,175.08943360468913
2013-08-14,163.17452779284653
2013-08-16,166.08990803400167
2013-08-19,160.63056567093955
2013-08-20,156.82660196241142
2013-08-21,161.31096448989956
2013-08-22,159.78827441880318
2013-08-23,164.61218921766812
2013-08-26,167.48118508176952
2013-08-27,170.13406085832372
2013-08-28,166.6066666073286
2013-08-29,165.8209934842109
2013-08-30,168.07859693296714
2013-09-02,166.57840267034106
2013-09-03,167.95375822775347
2013-09-04,165.02739503911135
2013-09-05,168.5426848954141
2013-09-06,166.9194931804239
2013-09-10,172.25772889209708
2013-09-11,172.32677394943406
2013-09-12,171.87913424291193
2013-09-13,168.97091649634106
2013-09-16,169.2108919421285
2013-09-17,166.4541512686522
2013-09-18,167.5750344944102
2013-09-19,169.81851015935155
2013-09-20,167.7939866516364
2013-09-23,161.34186502543588
2013-09-24,161.29533101794507
2013-09-25,167.17339854086234
2013-09-26,169.17025537787376
2013-09-27,173.0399412607871
2013-09-30,173.05969108733808
2013-10-01,173.00663696831558
2013-10-03,167.20739080968877
2013-10-04,166.77529861904185
2013-10-07,161.53287659280693
2013-10-08,164.05710454502295
2013-10-09,168.84009128317322
2013-10-10,162.94201890154477
2013-10-11,161.7528419762254
2013-10-14,166.16244467291946
2013-10-15,174.10406810506606
2013-10-17,168.0922743115972
2013-10-18,169.3962077901283
2013-10-21,170.74659082921323
2013-10-22,168.89162645263983
2013-10-23,159.8576728234594
2013-10-24,161.2638079182434
2013-10-25,168.38379278031192
2013-10-28,173.3469540701944
2013-10-29,177.3866187541397
2013-10-30,170.69214237679415
2013-10-31,175.70286913022707
2013-11-01,177.38172050144073
2013-11-05,174.85983601724718
2013-11-06,178.16604993112009
2013-11-07,184.74959256395218
2013-11-08,181.34802563765518
2013-11-11,182.30372226369965
2013-11-12,170.15463923962076
2013-11-13,169.56862934913232
2013-11-14,169.47635346643187
2013-11-18,167.61176300377744
2013-11-19,157.1784095154736
2013-11-20,157.44873111968653
2013-11-21,153.01255281670433
2013-11-22,157.5267514756224
2013-11-25,158.9361897877291
2013-11-26,149.63618198317764
2013-11-27,150.01455865515302
2013-11-28,149.7421459161163
2013-11-29,147.0506560316491
2013-12-02,148.64587372196252
2013-12-03,145.4801429222532
2013-12-04,142.655602532118
2013-12-05,143.21013756320204
2013-12-06,148.12730157155775
2013-12-09,142.475698100704
2013-12-10,142.0277104531985
2013-12-11,140.59430020274698
2013-12-12,138.81631604253786
2013-12-13,143.40132528593125
2013-12-16,146.70009122909582
2013-12-17,150.01638133421685
2013-12-18,152.15464961373064
2013-12-19,149.64867795362704
2013-12-20,147.43680328404105
2013-12-23,150.80796352693682
2013-12-24,156.75627987068222
2013-12-26,158.69177576055606
2013-12-27,157.16012640971732
2013-12-30,158.8687179550007
2013-12-31,152.86188660402155
2014-01-01,152.8875939650033
2014-01-02,149.12303574334183
2014-01-03,144.73568308002007
2014-01-06,143.58335383272063
2014-01-07,139.23894490397308
2014-01-08,139.21235652076993
2014-01-09,135.96764072232628
2014-01-10,133.32749614967761
2014-01-13,127.71130508029286
2014-01-14,126.7852007555245
2014-01-15,128.5880211749878
2014-01-16,127.96278430882273
2014-01-17,130.86429083396516
2014-01-20,137.72854156907388
2014-01-21,141.03344821571622
2014-01-22,136.46104164578009
2014-01-23,140.82599424681356
2014-01-24,139.75892681784165
2014-01-27,143.40761547773988
2014-01-28,139.60762959201006
2014-01-29,137.22144941590867
2014-01-30,137.84668447095558
2014-01-31,135.56221778866103
2014-02-03,135.72584034589062
2014-02-04,135.81768095910613
2014-02-05,139.7016143727934
2014-02-06,138.44466275027696
2014-02-07,138.7530494354534
2014-02-10,138.80518727432863
2014-02-11,141.28622731944478
2014-02-12,141.61970978075078
2014-02-13,144.41588088487367
2014-02-14,140.71387976097103
2014-02-17,145.36283383308933
2014-02-18,149.62978269754169
2014-02-19,151.1183176290055
2014-02-20,155.16375294437955
2014-02-21,161.65707012366286
2014-02-24,155.1996434356066
2014-02-25,151.70906434179017
2014-02-26,150.57982940288622
2014-02-28,146.123446238807
2014-03-03,140.52379148065083
2014-03-04,142.40852398975656
2014-03-05,149.82582849548467
2014-03-06,149.76849398477566
2014-03-07,154.52115995039793
2014-03-10,160.54225494321892
2014-03-11,161.7347883482084
2014-03-12,155.08158708075052
2014-03-13,157.2394225778889
2014-03-14,157.39609328261795
2014-03-18,157.69691073809386
2014-03-19,161.9215747378107
2014-03-20,164.3932163493537
2014-03-21,167.68736024734565
2014-03-24,167.13112825368404
2014-03-25,171.20405708333357
2014-03-26,168.48044035417058
2014-03-27,161.2171038682638
2014-03-28,160.3233978005894
2014-03-31,154.7495850805377
2014-04-01,156.07250744956758
2014-04-02,153.5830700117311
2014-04-03,154.0440668048569
2014-04-04,156.76869366710716
2014-04-07,153.15630857266086
2014-04-09,161.06223796309567
2014-04-10,160.69033750851872
2014-04-11,163.62753063135247
2014-04-15,165.77992818758096
2014-04-16,161.30305590565942
2014-04-17,161.43143140051487
2014-04-21,167.28897748992478
2014-04-22,165.96981423311124
2014-04-23,168.12852255081154
2014-04-24,169.18240754573355
2014-04-25,170.0087684591435
2014-04-28,174.05248479326923
2014-04-29,171.8748350999564
2014-04-30,175.09992051069176
2014-05-02,172.4495151047557
2014-05-05,172.13465989859313
2014-05-06,165.36820229866694
2014-05-07,168.2998187261114
2014-05-08,163.10971817939893
2014-05-09,162.10974901431118
2014-05-12,163.74906888614393
2014-05-13,162.5525561667915
2014-05-14,165.1652287435767
2014-05-15,162.30887825747882
2014-05-16,162.4168679426268
2014-05-19,159.44686154082362
2014-05-20,150.5310491451532
2014-05-21,148.24287421611243
2014-05-22,143.78826641556375
2014-05-23,147.10984781794903
2014-05-26,145.2533113390461
2014-05-27,147.20864207135116
2014-05-28,146.6676106787395
2014-05-29,142.66561468509207
2014-05-30,141.3912453267281
2014-06-02,142.72069273499594
2014-06-03,144.37252041917304
2014-06-04,146.9504730107151
2014-06-05,145.63021949675294
2014-06-06,145.07196670249985
2014-06-09,145.10570759311048
2014-06-10,144.17794227204647
2014-06-11,139.66708524605573
2014-06-12,144.79863203644004
2014-06-13,144.02843105999065
2014-06-16,141.7898789001066
2014-06-17,142.71632347554566
2014-06-18,132.51236491662362
2014-06-19,127.35501036023157
2014-06-20,126.53467162070497
2014-06-23,130.59814759912828
2014-06-24,125.46500674891283
2014-06-25,128.0394827938416
2014-06-26,127.19913171304908
2014-06-27,124.67311431146582
2014-06-30,126.22667717017187
2014-07-01,126.16909695145193
2014-07-02,131.51833539737012
2014-07-03,132.8301459980023
2014-07-04,135.82248639445805
2014-07-07,135.17837912187275
2014-07-08,136.84151044965222
2014-07-09,135.740563575321
2014-07-10,135.73672448736184
2014-07-11,140.38556115052657
2014-07-14,141.36381644843627
2014-07-15,143.74336715970284
2014-07-16,149.79305635808598
2014-07-17,149.95135271959143
2014-07-18,147.45232350863157
2014-07-21,151.70871223494024
2014-07-22,145.7554660446221
2014-07-23,151.48232635879427
2014-07-24,148.12609463309903
2014-07-25,146.74462153506403
2014-07-28,143.35684493952655
2014-07-30,137.0289837040126
2014-07-31,136.6508580966753
2014-08-01,129.87514952524327
2014-08-04,125.02468271157036
2014-08-05,123.54928781448926
2014-08-06,124.20273737192548
2014-08-07,125.73020203283426
2014-08-08,126.93993590836493
2014-08-11,125.53284431802423
2014-08-12,129.40771615647654
2014-08-13,124.8632206430825
2014-08-14,131.67904276602025
2014-08-18,133.24675451687975
2014-08-19,130.61364994291534
2014-08-20,126.30471948085743
2014-08-21,127.16752245935206
2014-08-22,125.62118566717231
2014-08-25,129.46444573569391
2014-08-26,131.12822637319562
2014-08-27,127.96758568100847
2014-08-28,127.14299547978577
2014-09-01,122.66376379114358
2014-09-02,123.35022104949071
2014-09-03,124.73181331728505
2014-09-04,132.640024709419
2014-09-05,132.14157287522085
2014-09-08,134.45416488734855
2014-09-09,134.93078740727262
2014-09-10,136.7306410842972
2014-09-11,135.5771276821938
2014-09-12,136.31918360398646
2014-09-15,140.2563866841483
2014-09-16,137.82573576037245
2014-09-17,135.93251477718928
2014-09-18,134.39233825817843
2014-09-19,133.81017820298462
2014-09-22,128.69118048528543
2014-09-23,127.11264079197396
2014-09-24,132.82223345391543
2014-09-25,140.30868346409295
2014-09-26,143.61808073388767
2014-09-29,149.49147894217782
2014-09-30,149.30652463415828
2014-10-01,154.80218023661348
2014-10-07,150.80605522762534
2014-10-08,152.01441311932263
2014-10-09,151.1276864754886
2014-10-10,153.08413464612818
2014-10-13,156.41359026462317
2014-10-14,162.22790785771758
2014-10-15,164.29467481179196
2014-10-16,171.94616991697893
2014-10-17,176.54053715198143
2014-10-20,169.41425351163517
2014-10-21,165.39926831697193
2014-10-22,166.89366199519884
2014-10-27,160.69733958286187
2014-10-28,159.4157062781802
2014-10-29,158.09069497162457
2014-10-30,156.3232351976611
2014-10-31,158.70731468328248
2014-11-03,155.55749385630529
2014-11-05,155.12822425433973
2014-11-07,159.16616039811163
2014-11-10,156.30486483557814
2014-11-11,154.55572012812308
2014-11-12,157.74322462952048
2014-11-13,154.0254918658941
2014-11-14,147.78047136296752
2014-11-17,146.36755510093292
2014-11-18,146.2439742912219
2014-11-19,144.57070309530175
2014-11-20,147.54759287927095
2014-11-21,146.80438450287446
2014-11-24,144.6090306027179
2014-11-25,146.56847638544448
2014-11-26,145.02563011717072
2014-11-27,149.91383903420956
2014-11-28,150.78295185172922
2014-12-01,145.66756416477844
2014-12-02,145.20169470300996
2014-12-03,145.96275021647426
2014-12-04,140.87848224068918
2014-12-05,139.0387713061797
2014-12-08,139.6837869300677
2014-12-09,134.13477939650338
2014-12-10,137.4977654735684
2014-12-11,139.7705563908687
2014-12-12,139.67298253155695
2014-12-15,142.05284153998838
2014-12-16,142.06330721740255
2014-12-17,145.29347062601715
2014-12-18,144.78920809443534
2014-12-19,139.72744918274017
2014-12-22,143.09938780017725
2014-12-23,151.00477520984936
2014-12-24,147.7225684305494
2014-12-26,145.19748314548215
2014-12-29,146.432054305534
2014-12-30,143.91809556329636
2014-12-31,149.55111869264033
2015-01-01,149.61411781550325
2015-01-02,153.34610986497506
2015-01-05,157.78881607627778
2015-01-06,162.31383961650153
2015-01-07,171.50686126808478
2015-01-08,165.49488562045022
2015-01-09,167.12244051223948
2015-01-12,160.69534288872433
2015-01-13,153.6319945984782
2015-01-14,146.0252322459411
2015-01-15,149.9275514330102
2015-01-16,152.14250442588556
2015-01-19,152.97538596636372
2015-01-20,151.32625036401922
2015-01-21,146.27732394389298
2015-01-22,147.58907612531405
2015-01-23,146.80571923875112
2015-01-27,144.97930779180408
2015-01-28,147.0105195083834
2015-01-29,148.67480890693426
2015-01-30,154.90821648607144
2015-02-02,160.90318573508256
2015-02-03,167.85767644507777
2015-02-04,175.00397907766316
2015-02-05,176.7235588618575
2015-02-06,179.08682164635684
2015-02-09,180.92311028328976
2015-02-10,175.61543345066224
2015-02-11,178.6974035507418
2015-02-12,175.92890066582368
2015-02-13,176.81937918322572
2015-02-16,177.50595741319836
2015-02-18,175.91694589155045
2015-02-19,179.12513046903092
2015-02-20,177.57170836903782
2015-02-23,176.42455441076962
2015-02-24,177.90272333633447
2015-02-25,177.71384096399487
2015-02-26,175.72557113073424
2015-02-27,179.60891664060253
2015-03-02,181.0943373723395
2015-03-03,178.81911863619757
2015-03-04,178.29313178812362
2015-03-05,182.76100869130147
2015-03-09,182.78872991566905
2015-03-10,181.9056467387336
2015-03-11,186.54763847295655
2015-03-12,188.6512953720486
2015-03-13,186.2438185820302
2015-03-16,187.61403089117908
2015-03-17,184.98288792707132
2015-03-18,188.71364509542192
2015-03-19,188.27294077510936
2015-03-20,189.1509570773925
2015-03-23,190.43863941946293
2015-03-24,195.66398655288495
2015-03-25,190.501766441076
2015-03-26,200.01780337861496
2015-03-27,190.87552686211126
2015-03-30,190.94111527336665
2015-03-31,191.61781380493238
2015-04-01,192.11137518673928
2015-04-06,192.05747883849781
2015-04-07,194.1034769699058
2015-04-08,194.83343352079206
2015-04-09,197.09624804601756
2015-04-10,189.55443043475165
2015-04-13,192.64654523038007
2015-04-15,194.93467805786025
2015-04-16,188.24193326093138
2015-04-17,184.53935247028375
2015-04-20,190.89361582509684
2015-04-21,193.25588656054373
2015-04-22,194.5863751330449
2015-04-23,190.65426830947416
2015-04-24,189.88570104965504
2015-04-27,184.5264106159221
2015-04-28,179.35064321455366
2015-04-29,179.19292639108832
2015-04-30,180.12806517377544
2015-05-04,180.29853485175332
2015-05-05,177.372737989674
2015-05-06,180.9081436909038
2015-05-07,185.9746698928054
2015-05-08,183.0998239214764
2015-05-11,184.6435311986513
2015-05-12,177.17068674091712
2015-05-13,184.15465188890653
2015-05-14,187.36365192796003
2015-05-15,188.1861780820053
2015-05-18,181.60449997546357
2015-05-19,184.58128352867672
2015-05-20,180.6386161994061
2015-05-21,175.37975087889973
2015-05-22,177.01241099279443
2015-05-25,179.5499071500966
2015-05-26,172.63352745551
2015-05-27,170.69124065913184
2015-05-28,175.11958007195574
2015-05-29,170.79513071991275
2015-06-01,166.4894682231342
2015-06-02,165.348652002514
2015-06-03,169.5166572387178
2015-06-04,172.04339216427158
2015-06-05,169.730160554349
2015-06-08,175.178327266469
2015-06-09,171.59699205158472
2015-06-10,170.6124623642403
2015-06-11,172.5092202482702
2015-06-12,171.5973684293598
2015-06-15,171.8613043956501
2015-06-16,167.6430968397705
2015-06-17,174.8692185548211
2015-06-18,182.54502859424127
2015-06-19,182.1372498316578
2015-06-22,192.39666695977087
2015-06-23,192.89487417378132
2015-06-24,195.18273939241968
2015-06-25,186.6914808223183
2015-06-26,189.40758331783312
2015-06-29,184.6851636732023
2015-06-30,176.7881620429153
2015-07-01,176.485383718145
2015-07-02,172.60327769892453
2015-07-03,179.80137246259062
2015-07-06,184.95497991255758
2015-07-07,183.48126351638356
2015-07-08,179.77593174519788
2015-07-09,178.29676114080965
2015-07-10,175.14145984400065
2015-07-13,176.45603395138272
2015-07-14,178.52760973699478
2015-07-15,179.31624158566558
2015-07-16,182.85534468670392
2015-07-17,187.02381683522967
2015-07-20,180.7565773372782
2015-07-21,182.81191116769406
2015-07-22,190.68781828498442
2015-07-23,186.91971731506482
2015-07-24,191.81017460301342
2015-07-27,203.79893933267297
2015-07-28,209.08810157067128
2015-07-29,214.65957940948462
2015-07-30,223.42911251816795
2015-07-31,213.20349876633574
2015-08-03,213.04188418899963
2015-08-04,210.8748380548262
2015-08-05,209.54805776270538
2015-08-06,215.67387442431297
2015-08-07,206.34421375423153
2015-08-10,205.79704216742718
2015-08-11,199.76742341156395
2015-08-12,199.2072190384985
2015-08-13,204.76453733985292
2015-08-14,203.66365089026286
2015-08-17,207.77139265294244
2015-08-18,203.4755568061736
2015-08-19,207.5695806655509
2015-08-20,207.62978107477187
2015-08-21,200.77070438149576
2015-08-24,197.23155705563047
2015-08-25,196.508579100751
2015-08-26,189.4331377997628
2015-08-27,182.00074565878379
2015-08-28,183.1766989698142
2015-08-31,176.32676615952676
2015-09-01,174.24438080131412
2015-09-02,169.83966492929454
2015-09-03,170.81934604909836
2015-09-04,173.207502302032
2015-09-07,171.82031793563627
2015-09-08,178.0268346289957
2015-09-09,181.41571983492625
2015-09-10,185.79878618396182
2015-09-11,182.80589758194895
2015-09-14,181.1763334239193
2015-09-15,184.61004193270483
2015-09-16,181.25965370471886
2015-09-18,180.59918639464178
2015-09-21,189.46318928261704
2015-09-22,189.34718366969287
2015-09-23,188.9395988104708
2015-09-24,194.70259039324333
2015-09-28,202.14263432280313
2015-09-29,209.44205885085591
2015-09-30,214.45640819469503
2015-10-01,220.90787630833933
2015-10-05,226.74246704902527
2015-10-06,227.98029278623608
2015-10-07,224.68060857415279
2015-10-08,224.32652387126822
2015-10-09,223.92304753738122
2015-10-12,232.95244876600535
2015-10-13,232.03076244989245
2015-10-14,234.22386329238822
2015-10-15,238.15022223792792
2015-10-16,232.15826715995522
2015-10-19,225.1884388345934
2015-10-20,237.96869382378642
2015-10-21,241.31684691105286
2015-10-23,240.32214418092724
2015-10-26,237.14780992331555
2015-10-27,247.47334130396297
2015-10-28,260.98080604196855
2015-10-29,255.0223208216951
2015-10-30,255.29897873625242
2015-11-02,252.17405937688633
2015-11-03,253.11159548130985
2015-11-04,262.9691380835367
2015-11-05,270.0803096107992
2015-11-06,279.7596161980251
2015-11-09,277.0318954753023
2015-11-10,268.2952718724076
2015-11-13,280.7150112349024
2015-11-16,282.3689985818873
2015-11-17,298.1504295789516
2015-11-18,303.3260629626198
2015-11-19,310.9907280449259
2015-11-20,317.24598414743144
2015-11-23,322.6192318370377
2015-11-24,327.1300060905828
2015-11-26,323.3072959466741
2015-11-27,322.7160623675829
2015-11-30,311.75246438690675
2015-12-01,303.82119700397567
2015-12-02,295.9781823193785
2015-12-03,289.13069111257533
2015-12-04,288.64389089905103
2015-12-07,283.358619162833
2015-12-08,280.8185017148654
2015-12-09,269.9383219641339
2015-12-10,269.08415495028646
2015-12-11,266.43278981045046
2015-12-14,263.2292289212737
2015-12-15,275.57449269854243
2015-12-16,274.42073213310016
2015-12-17,278.1493021893936
2015-12-18,287.879197996582
2015-12-21,289.8436896329738
2015-12-22,279.81510641587147
2015-12-23,277.6380350450712
2015-12-24,274.5731878795523
2015-12-28,270.96646899813965
2015-12-29,269.93949107900323
2015-12-30,282.1132257301798
2015-12-31,276.7332662400626
2016-01-01,272.9243315704979
2016-01-04,267.4645774484007
2016-01-05,259.0855201810673
2016-01-06,242.78540264783948
2016-01-07,246.9072328128754
2016-01-08,236.12096380704023
2016-01-11,239.1479994217204
2016-01-12,240.44759977574233
2016-01-13,244.5513632369303
2016-01-14,244.95917069549375
2016-01-15,242.51829496865201
2016-01-18,251.37011572015544
2016-01-19,241.686436100012
2016-01-20,243.69596536655223
2016-01-21,244.4280555314761
2016-01-22,242.347326421529
2016-01-25,255.10067325585484
2016-01-27,259.9792723601848
2016-01-28,256.9565016774598
2016-01-29,250.80316605628542
2016-02-01,244.17178477676077
2016-02-02,254.53567096043284
2016-02-03,254.28193475937292
2016-02-04,252.4662616988087
2016-02-05,251.20200356848844
2016-02-08,248.83398900773528
2016-02-09,236.09459328692373
2016-02-10,227.56231290455946
2016-02-11,229.56972698650043
2016-02-12,237.28210272190435
2016-02-15,242.67294888363728
2016-02-16,243.6374360844315
2016-02-17,238.4796805951607
2016-02-18,245.54575878403358
2016-02-19,240.75179553190068
2016-02-22,239.6666977118776
2016-02-23,250.30441740312943
2016-02-24,247.25590890611676
2016-02-25,237.74207534881876
2016-02-26,236.91384414915154
2016-02-29,232.02830052827656
2016-03-01,225.23082882910785
2016-03-02,226.90036764094873
2016-03-03,224.90275779613387
2016-03-04,223.0933674357959
2016-03-08,232.3312610313825
2016-03-09,238.85816990431857
2016-03-10,237.76482841598525
2016-03-11,239.51433282104776
2016-03-14,255.52734599863163
2016-03-15,257.88015281362937
2016-03-16,263.80508272810454
2016-03-17,259.1184897920357
2016-03-18,265.9182306837063
2016-03-21,266.718541188396
2016-03-22,259.32974351172965
2016-03-23,251.3687419118193
2016-03-28,257.4805500828188
2016-03-29,266.62028655005207
2016-03-30,260.00533910299185
2016-03-31,257.22946724320263
2016-04-01,269.5015575384532
2016-04-04,271.1998350713224
2016-04-05,262.49069176398007
2016-04-06,256.8731757586856
2016-04-07,257.13964613513315
2016-04-08,252.21709862583748
2016-04-11,252.05598139436583
2016-04-12,255.60038402133608
2016-04-13,253.521624891717
2016-04-18,247.95394518147214
2016-04-20,240.6414900710629
2016-04-21,239.67825695549226
2016-04-22,234.70559068026418
2016-04-25,236.53710479841902
2016-04-26,246.29722957695498
2016-04-27,258.8311098110782
2016-04-28,247.88237861089348
2016-04-29,240.93475767727924
2016-05-02,242.75722732621807
2016-05-03,241.9802624863761
2016-05-04,244.29453444366897
2016-05-05,253.75193955910638
2016-05-06,262.0073137733816
2016-05-09,264.16645864981444
2016-05-10,265.89607570277195
2016-05-11,253.63501056001908
2016-05-12,254.1447119394983
2016-05-13,260.87700779631405
2016-05-16,259.78589387088965
2016-05-17,257.5009944880359
2016-05-18,256.80257420325313
2016-05-19,262.64724985052146
2016-05-20,256.20891565640284
2016-05-23,253.79709377548488
2016-05-24,253.73589886664692
2016-05-25,264.8518730370749
2016-05-26,262.45904246925033
2016-05-27,267.4921725360191
2016-05-30,265.0199581974274
2016-05-31,266.3561877939905
2016-06-01,268.9326211050549
2016-06-02,271.4895989828628
2016-06-03,274.60419364541
2016-06-06,278.37576386853453
2016-06-07,286.98897090373487
2016-06-08,288.0451516430889
2016-06-09,299.1276549094458
2016-06-10,293.6386938062169
2016-06-13,297.66683057128444
2016-06-14,303.5240083012308
2016-06-15,302.2875816522013
2016-06-16,303.4665210461005
2016-06-17,304.4390956313202
2016-06-20,300.5318400269972
2016-06-21,307.7875183228176
2016-06-22,321.7914218444267
2016-06-23,316.17633899439653
2016-06-24,318.278410048995
2016-06-27,316.1771599343718
2016-06-28,323.0686216447261
2016-06-29,316.8167289587684
2016-06-30,322.27689280108325
2016-07-01,312.54118466502086
2016-07-04,313.22810003611835
2016-07-05,296.0136431387815
2016-07-07,299.19033757652744
2016-07-08,309.39471356638427
2016-07-11,308.88921848278204
2016-07-12,305.3930617717039
2016-07-13,291.4104215681474
2016-07-14,295.7459316993456
2016-07-15,296.22613604656203
2016-07-18,299.93208852118164
2016-07-19,286.52396936523286
2016-07-20,281.7918595363915
2016-07-21,280.53640043063825
2016-07-22,280.27788316101004
2016-07-25,280.6005868908424
2016-07-26,275.4271738916679
2016-07-27,271.55073198092333
2016-07-28,268.31218516976986
2016-07-29,271.09480226395004
2016-08-01,266.56571292362503
2016-08-02,273.5165332537939
2016-08-03,270.3696177770307
2016-08-04,276.9731442180443
2016-08-05,284.3293613749192
2016-08-08,275.9267773415067
2016-08-09,280.1482614180327
2016-08-10,288.38913884334943
2016-08-11,299.23624876392563
2016-08-12,314.98943608949526
2016-08-16,309.25630968244644
2016-08-17,314.806068271978
2016-08-18,321.6991487131142
2016-08-19,334.4598473979118
2016-08-22,332.7891762227525
2016-08-23,337.231506337562
2016-08-24,343.61683602510936
2016-08-25,346.22297797461994
2016-08-26,354.3123646473126
2016-08-29,343.9174386065359
2016-08-30,344.35583584589494
2016-08-31,340.60423606422734
2016-09-01,339.8611203160973
2016-09-02,340.7340071190998
2016-09-06,335.82676722731446
2016-09-07,325.90717432321884
2016-09-08,318.64873322279175
2016-09-09,322.60936019632027
2016-09-12,329.25577060412814
2016-09-14,325.0020911248505
2016-09-15,316.48607462320837
2016-09-16,323.23855373968684
2016-09-19,318.1781744635075
2016-09-20,313.3231831818523
2016-09-21,301.72151843602484
2016-09-22,298.23486551730934
2016-09-23,311.28118217700705
2016-09-26,313.7440777961634
2016-09-27,319.3848447900435
2016-09-28,314.55690228809823
2016-09-29,315.4270821234061
2016-09-30,323.0425851276628
2016-10-03,321.976402227435
2016-10-04,324.78180019233014
2016-10-05,323.44292502653633
2016-10-06,312.59257035174534
2016-10-07,320.4381470308597
2016-10-10,321.0282406422147
2016-10-13,315.2822299870104
2016-10-14,324.62693460482325
2016-10-17,337.17985563710226
2016-10-18,327.08349097046
2016-10-19,331.18921503669884
2016-10-20,331.78907786209425
2016-10-21,345.79252515577707
2016-10-24,337.24730147883406
2016-10-25,334.47153414668975
2016-10-26,333.67903713288104
2016-10-27,336.3968714933334
2016-10-28,338.9613038357507
2016-11-01,334.8586000151371
2016-11-02,340.7211179927933
2016-11-03,339.9170807161774
2016-11-04,342.3351215205738
2016-11-07,341.44647193115986
2016-11-08,325.64269875128406
2016-11-09,329.0312200918737
2016-11-10,342.63964294918196
2016-11-11,362.42543091465427
2016-11-15,368.5582921238818
2016-11-16,370.0303000760834
2016-11-17,377.5041697887068
2016-11-18,380.5839727624951
2016-11-21,392.5264031545761
2016-11-22,408.148843164404
2016-11-23,417.95215475314444
2016-11-24,422.3711769985675
2016-11-25,431.8732669360523
2016-11-28,417.85353240998063
2016-11-29,427.9891502453996
2016-11-30,422.54870387794404
2016-12-01,412.1580505168981
2016-12-02,406.84218213620323
2016-12-05,403.7175470912091
2016-12-06,399.01925764489647
2016-12-07,395.70652337677745
2016-12-08,408.01187046788897
2016-12-09,392.1692791136234
2016-12-12,396.3433712918553
2016-12-13,382.1435451279947
2016-12-14,377.3566539262704
2016-12-15,355.98881374350646
2016-12-16,358.56068270885044
2016-12-19,369.2846403494806
2016-12-20,370.7330601244344
2016-12-21,358.2463919951619
2016-12-22,349.28502580558603
2016-12-23,344.28352344375884
2016-12-26,357.22830276063127
2016-12-27,341.86604936171676
2016-12-28,342.1222086795379
2016-12-29,333.63940109654845
2016-12-30,336.51358281728005
2017-01-02,334.09909586280133
2017-01-03,341.79436995939045
2017-01-04,353.36465859136223
2017-01-05,341.5435463702285
2017-01-06,346.6258516018099
2017-01-09,339.6920690596414
2017-01-10,356.29475230745385
2017-01-11,369.8846164969846
2017-01-12,376.3564870330177
2017-01-13,380.81854204094805
2017-01-16,366.37830007570193
2017-01-17,359.7962617710202
2017-01-18,359.87052265488586
2017-01-19,347.89436188589633
2017-01-20,354.54930725354
2017-01-23,364.3676699047185
2017-01-24,366.64555276996435
2017-01-25,356.3688969656328
2017-01-27,358.4385955781444
2017-01-30,360.9771276247916
2017-01-31,361.5255707616041
2017-02-01,378.5155284929406
2017-02-02,377.6625622618426
2017-02-03,387.4790943863396
2017-02-06,387.4844678371421
2017-02-07,400.8615540396989
2017-02-08,413.2903402262994
2017-02-09,413.21196894727626
2017-02-10,418.40933007950287
2017-02-13,413.59013627217655
2017-02-14,415.5171946412611
2017-02-15,417.7440279049896
2017-02-16,421.3276674771504
2017-02-17,428.6020475049983
2017-02-20,441.3344282288464
2017-02-21,438.98405002007377
2017-02-22,439.57793004660573
2017-02-23,425.96348040109064
2017-02-27,414.110686104015
2017-02-28,407.8588348721814
2017-03-01,398.53170941201057
2017-03-02,421.27793545140315
2017-03-03,433.0717165520097
2017-03-06,456.93134768878554
2017-03-07,454.39185737819565
2017-03-08,453.49753971298196
2017-03-09,452.92160434168966
2017-03-10,453.6742278936122
2017-03-14,443.28494158883484
2017-03-15,428.3750476203746
2017-03-16,429.48383198240896
2017-03-17,436.0704866196545
2017-03-20,445.3387185466831
2017-03-21,433.9558384170668
2017-03-22,434.33263017931785
2017-03-23,436.17967570472274
2017-03-24,433.03038181542775
2017-03-27,432.2227650071464
2017-03-28,438.04581360712575
2017-03-29,431.902561559186
2017-03-30,428.8283685701962
2017-03-31,439.38135692289086
2017-04-03,444.7809622664702
2017-04-05,439.45725531276014
2017-04-06,439.5205267364717
2017-04-07,455.03418237184974
2017-04-10,442.273656313591
2017-04-11,444.4362455622392
2017-04-12,432.56427952418886
2017-04-13,431.2972481445193
2017-04-17,423.8540074069195
2017-04-18,433.9853973200011
2017-04-19,427.6305197595906
2017-04-20,421.983445802396
2017-04-21,421.50999374922355
2017-04-24,427.4674559057436
2017-04-25,417.3066264605062
2017-04-26,434.7813815478684
2017-04-27,431.10560647843903
2017-04-28,412.45004015240016
2017-05-02,402.6972294066644
2017-05-03,423.1141340448985
2017-05-04,403.8330349288821
2017-05-05,396.4055997664267
2017-05-08,396.57764893588785
2017-05-09,389.3582246007649
2017-05-10,403.6097642222526
2017-05-11,417.8599904775302
2017-05-12,418.1752912197596
2017-05-15,419.7595062675861
2017-05-16,411.0640463076608
2017-05-17,409.6747896233564
2017-05-18,402.8769201903273
2017-05-19,407.16115697985236
2017-05-22,402.37618804578585
2017-05-23,407.28715690239693
2017-05-24,417.9861759871844
2017-05-25,420.8375721422582
2017-05-26,428.0565021296426
2017-05-29,436.7771495464834
2017-05-30,425.6629529344407
2017-05-31,422.27936335466427
2017-06-01,415.1444076863271
2017-06-02,406.63302534018356
2017-06-05,417.1481851591392
2017-06-06,415.3194496225615
2017-06-07,394.5909501524712
2017-06-08,381.2609415791907
2017-06-09,379.9182914542485
2017-06-12,386.963377984312
2017-06-13,371.31859779996864
2017-06-14,363.5228321292219
2017-06-15,362.4865234505608
2017-06-16,356.11079794811076
2017-06-19,360.9668185585909
2017-06-20,360.3067072071945
2017-06-21,371.72625842915824
2017-06-22,383.1916402873005
2017-06-23,379.83041293809447
2017-06-27,401.1816202182571
2017-06-28,402.1918744530361
2017-06-29,409.0679224963526
2017-06-30,410.6603328299205
2017-07-03,400.5594334327802
2017-07-04,411.0227290206154
2017-07-05,421.59643704994494
2017-07-06,421.21207970786713
2017-07-07,415.66493041556043
2017-07-10,427.84167847964625
2017-07-11,469.6112166456963
2017-07-12,465.5820451919747
2017-07-13,467.0663214488992
2017-07-14,460.9447074889826
2017-07-17,452.6107398717897
2017-07-18,445.92724635227955
2017-07-19,438.96867310675026
2017-07-20,439.9204512186061
2017-07-21,441.15329372650257
2017-07-24,437.7150794777465
2017-07-25,431.7396337768679
2017-07-26,425.1353965554622
2017-07-27,426.1107780581477
2017-07-28,445.5505508070714
2017-07-31,458.3251542683663
2017-08-01,456.33745175962747
2017-08-02,456.55665935526383
2017-08-03,457.75005462655935
2017-08-04,459.71505551821156
2017-08-07,467.8689604710513
2017-08-08,466.06048723707426
2017-08-09,468.4239699174489
2017-08-10,461.03696622293495
2017-08-11,468.48800320141663
2017-08-14,478.9248035661719
2017-08-16,484.26332742027154
2017-08-17,480.8651289646079
2017-08-18,502.0127238760101
2017-08-21,505.0373104162305
2017-08-22,494.2471793084426
2017-08-23,486.32570049355905
2017-08-24,509.83039196738525
2017-08-28,515.579014331679
2017-08-29,546.7384195740013
2017-08-30,531.6624615402447
2017-08-31,527.2909046038092
2017-09-01,531.0614985691224
2017-09-04,550.3013819792446
2017-09-05,528.7090319644858
2017-09-06,535.5307646532584
2017-09-07,538.455829646282
2017-09-08,552.7640912263435
2017-09-11,569.4722340646297
2017-09-12,576.0650692422207
2017-09-13,572.4538719295537
2017-09-14,573.2711326396566
2017-09-15,565.9599832246078
2017-09-18,558.5298997444821
2017-09-19,562.4948784026608
2017-09-20,542.6318741496369
2017-09-21,546.9417311242049
2017-09-22,532.7638357699097
2017-09-25,557.601693231875
2017-09-26,561.7993052056489
2017-09-27,558.0688525207665
2017-09-28,559.6391268590581
2017-09-29,567.7714291985003
2017-10-03,582.9898979312184
2017-10-04,586.3483921503785
2017-10-05,603.7213496084527
2017-10-06,606.4585815044785
2017-10-09,615.3591361697556
2017-10-10,600.2768895256447
2017-10-11,601.2702785761874
2017-10-12,593.7300458532052
2017-10-13,597.2297410180778
2017-10-16,602.2596844185234
2017-10-17,598.4566463599068
2017-10-18,605.3997345234468
2017-10-19,597.6518138925063
2017-10-23,631.5820769117397
2017-10-24,665.2367787906873
2017-10-25,662.5916299643429
2017-10-26,658.1428678134281
2017-10-27,639.8189735675057
2017-10-30,647.4500536916594
2017-10-31,637.1873141027661
2017-11-01,629.7835702077015
2017-11-02,637.2407372864125
2017-11-03,622.6165489622592
2017-11-06,612.855158897837
2017-11-07,627.4213139503486
2017-11-08,604.2599829294849
2017-11-09,597.929094346578
2017-11-10,594.6815041901572
2017-11-13,588.9804382159879
2017-11-14,593.1649204084065
2017-11-15,607.8528293673739
2017-11-16,618.0858927288826
2017-11-17,626.8277204393996
2017-11-20,624.747900220157
2017-11-21,616.9131930523735
2017-11-22,608.9371102552918
2017-11-23,608.3054151961477
2017-11-24,629.1853783371373
2017-11-27,654.8168291843266
2017-11-28,649.5035819511975
2017-11-29,662.0938460889657
2017-11-30,664.9273673476237
2017-12-01,666.3986103235923
2017-12-04,658.5387383616844
2017-12-05,632.0532089250922
2017-12-06,640.164375134265
2017-12-07,622.3494414032104
2017-12-08,615.149364635922
2017-12-11,611.1420504496941
2017-12-12,631.8658629408374
2017-12-13,636.2016900420662
2017-12-14,643.6864993834245
2017-12-15,651.2701126304746
2017-12-18,638.2678918857365
2017-12-19,644.2499665896038
2017-12-20,642.2383363350156
2017-12-21,649.9352254044715
2017-12-22,645.2908147800896
2017-12-26,651.1628541828451
2017-12-27,640.7561922070065
2017-12-28,648.2415984333996
2017-12-29,644.5922686442245
2018-01-01,650.3029885963851
2018-01-02,635.1684435494167
2018-01-03,640.4991951250992
2018-01-04,675.0601482021201
2018-01-05,675.32676733643
2018-01-08,664.0043810870455
2018-01-09,692.6202356065309
2018-01-10,696.1591581615274
2018-01-11,702.849535433752
2018-01-12,689.912265351789
2018-01-15,695.2271781116895
2018-01-16,681.269127990423
2018-01-17,684.3693690788668
2018-01-18,719.0806966231722
2018-01-19,749.8512764401174
2018-01-22,767.1726276171086
2018-01-23,746.3703757748127
2018-01-24,756.4055728289211
2018-01-25,745.3151868290995
2018-01-29,738.4391856065898
2018-01-30,759.7461925578625
2018-01-31,761.9323778472211
2018-02-01,789.8776802418838
2018-02-02,786.2342984221503
2018-02-05,769.9812840566896
2018-02-06,742.1253273182588
2018-02-07,741.8623036756912
2018-02-08,747.7181890796577
2018-02-09,735.2472823830867
2018-02-12,746.1277938111133
2018-02-14,718.1846168946851
2018-02-15,751.4634604721214
2018-02-16,741.8136280829121
2018-02-19,718.5718629984933
2018-02-20,703.0006820443853
2018-02-21,729.487070788601
2018-02-22,715.8705479147626
2018-02-23,722.4927424614053
2018-02-26,728.6519306613905
2018-02-27,758.1764335922305
2018-02-28,778.0300343555222
2018-03-01,782.6295095580515
2018-03-05,775.7743730500413
2018-03-06,788.1941113699255
2018-03-07,767.9144115910655
2018-03-08,744.561825934574
2018-03-09,725.7628734139399
2018-03-12,744.1513339820045
2018-03-13,736.1770646898885
2018-03-14,730.9990209534815
2018-03-15,750.8345742396499
2018-03-16,729.17017814257
2018-03-19,756.0509377051644
2018-03-20,728.1326175635002
2018-03-21,741.9672840745295
2018-03-22,729.005799881341
2018-03-23,743.8954495673414
2018-03-26,724.5410245313495
2018-03-27,701.6223999185668
2018-03-28,701.6865497981431
2018-04-02,686.9860307274877
2018-04-03,680.9858768372169
2018-04-04,671.780801446437
2018-04-05,660.410698633052
2018-04-06,640.0926249219026
2018-04-09,606.863889039305
2018-04-10,615.279078820976
2018-04-11,618.4900309524752
2018-04-12,625.0424557756805
2018-04-13,630.4492167333161
2018-04-16,629.8782591146493
2018-04-17,621.2234822151984
2018-04-18,602.2437378353014
2018-04-19,612.1716810725851
2018-04-20,597.7743450700724
2018-04-23,610.0850717792256
2018-04-24,622.5262973114466
2018-04-25,659.2280635798336
2018-04-26,669.4741624004756
2018-04-27,692.9876555660193
2018-04-30,710.8757340778433
2018-05-02,697.623236998759
2018-05-03,703.275688629605
2018-05-04,701.0889828332643
2018-05-07,705.7601255987166
2018-05-08,670.2114174351182
2018-05-09,661.3977629658739
2018-05-10,665.3484060415918
2018-05-11,665.7438475846122
2018-05-14,670.8526079038635
2018-05-15,685.2695268037962
2018-05-16,670.8507858956044
2018-05-17,656.5793801313044
2018-05-18,675.6319681833949
2018-05-21,661.8320076001597
2018-05-22,661.2601212334288
2018-05-23,659.6311124283485
2018-05-24,673.1236083311969
2018-05-25,689.5646512561193
2018-05-28,674.9369442716663
2018-05-29,674.7928345014167
2018-05-30,670.2927838220999
2018-05-31,684.4386264849313
2018-06-01,686.5682324796229
2018-06-04,681.4480201482148
2018-06-05,690.7788078959899
2018-06-06,669.2104880338477
2018-06-07,650.9250960303617
2018-06-08,629.8954915516213
2018-06-11,606.8830295898147
2018-06-12,599.5602427293886
2018-06-13,584.5438344225685
2018-06-14,577.5051019493986
2018-06-15,588.7396097648725
2018-06-18,590.844462076458
2018-06-19,591.3587945221082
2018-06-20,585.3970297706816
2018-06-21,580.1686914196412
2018-06-22,593.9351687944187
2018-06-25,612.5787864697473
2018-06-26,636.8804120179349
2018-06-27,632.4506645814995
2018-06-28,649.9872114968779
2018-06-29,647.8959907991464
2018-07-02,684.7089703950506
2018-07-03,685.3215486017971
2018-07-04,698.1437950887934
2018-07-05,715.5427947023569
2018-07-06,712.2423259860404
2018-07-09,683.1693458671347
2018-07-10,699.5369296377114
2018-07-11,685.5953526861259
2018-07-12,689.312555758488
2018-07-13,666.4479923673031
2018-07-16,668.4837397562663
2018-07-17,691.7664851339102
2018-07-18,721.4276768944759
2018-07-19,694.2561344126984
2018-07-20,696.5331281598943
2018-07-23,690.4444592712138
2018-07-24,693.182302229455
2018-07-25,702.6180769328238
2018-07-26,703.8112692236115
2018-07-27,699.7048554636158
2018-07-30,673.5611591116385
2018-07-31,679.9506515006299
2018-08-01,664.9547210506425
2018-08-02,667.559174458087
2018-08-03,673.976620674529
2018-08-06,673.2696292793553
2018-08-07,671.4201585652384
2018-08-08,654.9238391479759
2018-08-09,654.1849975303103
2018-08-10,645.1683785248648
2018-08-13,660.9582467867173
2018-08-14,658.132499888531
2018-08-16,666.9899027825803
2018-08-17,653.0634528191821
2018-08-20,663.2394248224796
2018-08-21,676.6757165501587
2018-08-23,654.6465290394639
2018-08-24,657.4369839482985
2018-08-27,669.3260477641339
2018-08-28,657.1363190365888
2018-08-29,636.7414284757006
2018-08-30,637.7077637886175
2018-08-31,636.0636739044189
2018-09-03,636.0638548286116
2018-09-04,623.0212354714879
2018-09-05,629.3187393406063
2018-09-06,620.0683653475986
2018-09-07,607.2028974550874
2018-09-10,623.017699163119
2018-09-11,621.6913717617839
2018-09-12,605.930209376023
2018-09-14,601.7430424118427
2018-09-17,607.5027976741356
2018-09-18,602.1161045990095
2018-09-19,606.4812613590034
2018-09-21,619.4032754333435
2018-09-24,629.3155718746146
2018-09-25,640.8149099075982
2018-09-26,624.674230217828
2018-09-27,620.4011214755492
2018-09-28,604.0123497107161
2018-10-01,597.7898512615525
2018-10-03,602.2449492049884
2018-10-04,612.1575790588531
2018-10-05,599.3413474354165
2018-10-08,599.6566053848516
2018-10-09,580.7548256786594
2018-10-10,582.3285891576498
2018-10-11,586.6070784308826
2018-10-12,601.7857063209768
2018-10-15,596.6450115685998
2018-10-16,617.2248530964704
2018-10-17,614.5413895297723
2018-10-19,622.7334210693017
2018-10-22,609.154978362229
2018-10-23,611.0255101614601
2018-10-24,646.0359323477489
2018-10-25,660.4203346535312
2018-10-26,666.3891974987649
2018-10-29,667.5594535698718
2018-10-30,663.2387425399745
2018-10-31,661.5254453026142
2018-11-01,670.3624594939199
2018-11-02,690.3462152818637
2018-11-05,690.4736775245814
2018-11-06,704.2487262207991
2018-11-07,671.0833191119697
2018-11-09,692.02408840769
2018-11-12,693.8328479721923
2018-11-13,719.672277275124
2018-11-14,687.0122531018875
2018-11-15,681.7417372688444
2018-11-16,704.1328717876083
2018-11-19,706.514298689428
2018-11-20,704.3715423699905
2018-11-21,706.9438796979398
2018-11-22,723.4284468820782
2018-11-26,690.7521508274186
2018-11-27,684.4391581346721
2018-11-28,686.4591838976895
2018-11-29,684.3874881847652
2018-11-30,651.4070049540711
2018-12-03,620.168504968351
2018-12-04,612.3421974370607
2018-12-05,620.6977858379103
2018-12-06,644.8622172221711
2018-12-07,626.7979270400916
2018-12-10,629.754205857901
2018-12-11,633.695674946885
2018-12-12,631.661423484599
2018-12-13,651.3044312367653
2018-12-14,632.908514395373
2018-12-17,614.0177088857423
2018-12-18,589.5247356791067
2018-12-19,575.9647837252347
2018-12-20,567.2251132088068
2018-12-21,575.2683103052464
2018-12-24,586.822734960779
2018-12-26,574.852137309867
2018-12-27,577.2052106415787
2018-12-28,590.7235393322081
2018-12-31,588.0268659023499
2019-01-01,586.0983576153619
2019-01-02,602.4636184267971
2019-01-03,588.1238259599985
2019-01-04,573.1377291612049
2019-01-07,576.4107124975123
2019-01-08,573.9340823181715
2019-01-09,578.6388733749777
2019-01-10,595.1791628953284
2019-01-11,598.8767932567689
2019-01-14,601.9920317633289
2019-01-15,625.9169027019614
2019-01-16,625.3533374942027
2019-01-17,635.4027317776198
2019-01-18,625.8575795634144
2019-01-21,649.8558724714263
2019-01-22,632.0763959936432
2019-01-23,603.7485608537396
2019-01-24,603.8860620417299
2019-01-25,602.0595418764135
2019-01-28,604.1956438641984
2019-01-29,608.7227029157002
2019-01-30,631.2278023261529
2019-01-31,660.2911757851343
2019-02-01,648.3757704208908
2019-02-04,651.5686748098769
2019-02-05,656.0718015102923
2019-02-06,658.7348324402705
2019-02-07,627.4472929393365
2019-02-08,623.8769465500033
2019-02-11,622.8736807289038
2019-02-12,638.4935938814958
2019-02-14,645.4493743623074
2019-02-15,636.9446331012956
2019-02-18,635.0420810016009
2019-02-19,648.9457779131444
2019-02-20,654.2938699443989
2019-02-21,656.157741446467
2019-02-22,636.3666574409352
2019-02-25,636.6414044867422
2019-02-26,608.8627801734943
2019-02-27,601.8962479302846
2019-02-28,613.5025495810503
2019-03-01,608.0693834288735
2019-03-05,614.3265449268147
2019-03-06,585.5661192471345
2019-03-07,603.5251722200495
2019-03-08,617.378513682611
2019-03-11,627.3912795000244
2019-03-12,606.4800801703262
2019-03-13,616.3711718575622
2019-03-14,639.6142280818042
2019-03-15,659.0881015875309
2019-03-18,672.3467481488626
2019-03-19,662.0964566876289
2019-03-20,648.5141897096224
2019-03-22,638.0190126133161
2019-03-25,665.3454495604225
2019-03-26,670.8866262314073
2019-03-27,670.4682563658201
2019-03-28,679.0037595813029
2019-04-01,685.9870931306585
2019-04-02,669.4230515887446
2019-04-03,659.142644587854
2019-04-04,669.0143380938164
2019-04-05,670.5436508688857
2019-04-08,666.1685283371114
2019-04-09,681.6883246754147
2019-04-10,684.0885346079474
2019-04-11,715.9615850925564
2019-04-12,701.3422545492969
2019-04-15,668.6851092507146
2019-04-16,680.8561459863182
2019-04-18,642.1722421900523
2019-04-22,620.043886674826
2019-04-23,633.6739494181003
2019-04-24,655.2643588420112
2019-04-25,634.0217104226779
2019-04-26,643.7721125461402
2019-04-30,653.7000376717439
2019-05-02,660.402467148855
2019-05-03,665.6516065496111
2019-05-06,683.0723117538867
2019-05-07,682.8203215417575
2019-05-08,679.6543705330512
2019-05-09,675.3337596025825
2019-05-10,698.1351987216632
2019-05-13,692.8821404028507
2019-05-14,703.0700779791181
2019-05-15,707.9889936583226
2019-05-16,714.3533477651707
2019-05-17,695.6918084228508
2019-05-20,685.3358195681952
2019-05-21,698.852119607804
2019-05-22,702.6631790738242
2019-05-23,686.9237801094029
2019-05-24,707.5881998932623
2019-05-27,711.1376884284323
2019-05-28,737.1480686967631
2019-05-29,743.0895791205633
2019-05-30,763.1669559487906
2019-05-31,735.4070644762535
2019-06-03,707.6948615052647
2019-06-04,689.5547305483003
2019-06-06,690.9784748523954
2019-06-07,703.9378741916952
2019-06-10,698.7281694563067
2019-06-11,699.6861560881256
2019-06-12,719.774230737668
2019-06-13,725.1676739357571
2019-06-14,731.4934236479799
2019-06-17,739.523675787088
2019-06-18,703.5098140035776
2019-06-19,688.8437583960109
2019-06-20,710.8203881093239
2019-06-21,699.9938254045153
2019-06-24,680.2383536190339
2019-06-25,695.0770027341949
2019-06-26,678.0862019645729
2019-06-27,632.0186242104581
2019-06-28,608.3458074431971
2019-07-01,607.7615516358003
2019-07-02,587.9891880407342
2019-07-03,587.6273428884141
2019-07-04,578.6686024514744
2019-07-05,570.3728739381594
2019-07-08,588.9056883084743
2019-07-09,579.5518259333519
2019-07-10,579.1836361017689
2019-07-11,609.4299292226316
2019-07-12,606.1700869307135
2019-07-15,590.6447290647917
2019-07-16,565.6924780428407
2019-07-17,572.4873896701739
2019-07-18,565.3175476228702
2019-07-19,548.5919520559767
2019-07-22,517.4186287841187
2019-07-23,507.41393854198697
2019-07-24,507.2506704554511
2019-07-25,493.85221122860384
2019-07-26,517.7934978223608
2019-07-29,517.1415107286673
2019-07-30,523.60668277038
2019-07-31,513.0928791362464
2019-08-01,516.7441425117419
2019-08-02,525.2627399966179
2019-08-05,487.2243908108869
2019-08-06,465.1666030221181
2019-08-07,460.0410928488724
2019-08-08,458.9768475931919
2019-08-09,459.4334111301573
2019-08-13,457.55069196043274
2019-08-14,486.4127840705808
2019-08-16,469.18792534424836
2019-08-19,460.65734610913233
2019-08-20,433.78819844644636
2019-08-21,437.18843056209084
2019-08-22,458.6343460079936
2019-08-23,454.3538405189766
2019-08-26,436.0904978199576
2019-08-27,457.244593432287
2019-08-28,461.35645353657276
2019-08-29,464.3928151700986
2019-08-30,467.46176999170933
2019-09-03,443.8602173429974
2019-09-04,430.90894498587204
2019-09-05,434.674207591563
2019-09-06,442.43432893034554
2019-09-09,435.6806022517763
2019-09-11,426.4066424804853
2019-09-12,448.03949371985294
2019-09-13,447.73569401569046
2019-09-16,453.1171632355269
2019-09-17,451.2803620778377
2019-09-18,452.8074267014328
2019-09-19,448.24294595152213
2019-09-20,454.4701032620114
2019-09-23,445.4508862010961
2019-09-24,450.64997522205084
2019-09-25,455.7037125555423
2019-09-26,455.58385189355096
2019-09-27,471.3546852938127
2019-09-30,466.0952176613128
2019-10-01,460.3454269464708
2019-10-03,464.26348438339835
2019-10-04,478.3279281633051
2019-10-07,455.78614668787446
2019-10-09,444.50329592944763
2019-10-10,433.84578304966374
2019-10-11,441.5788283789052
2019-10-14,455.9213797922096
2019-10-15,485.1813171622906
2019-10-16,470.1733765746463
2019-10-17,468.1713880386585
2019-10-18,484.2590456306958
2019-10-22,490.9828659038367
2019-10-23,479.91355962549454
2019-10-24,476.49434267588157
2019-10-25,468.3250903512786
2019-10-27,472.5365873422286
2019-10-29,481.8208291444249
2019-10-30,476.35345800599214
2019-10-31,480.075240757667
2019-11-01,484.076137297454
2019-11-04,490.79411414430444
2019-11-05,511.2459913655817
2019-11-06,504.6545236906223
2019-11-07,499.9797488716668
2019-11-08,497.95410492482165
2019-11-11,518.2924930159322
2019-11-13,541.469318276705
2019-11-14,531.7169927145804
2019-11-15,505.61003954409665
2019-11-18,500.88174933579705
2019-11-19,505.1829308592215
2019-11-20,496.94482333461013
2019-11-21,478.5652498459789
2019-11-22,459.3006425631817
2019-11-25,461.38845376440634
2019-11-26,458.53919123485144
2019-11-27,464.1440183411211
2019-11-28,455.75020223514025
2019-11-29,463.1511571913929
2019-12-02,460.70818751804387
2019-12-03,473.14892945626127
2019-12-04,482.5991745559342
2019-12-05,476.93501781316473
2019-12-06,474.5270345879407
2019-12-09,479.0368878303507
2019-12-10,492.65619388653323
2019-12-11,488.53403510405445
2019-12-12,493.89909802866964
2019-12-13,482.6394820804503
2019-12-16,483.5953756210092
2019-12-17,473.42929686455807
2019-12-18,477.6159285937854
2019-12-19,477.4088566810408
2019-12-20,494.9009560633369
2019-12-23,509.78391798915396
2019-12-24,508.7332122769471
2019-12-26,504.2784578504564
2019-12-27,478.41535405895456
2019-12-30,469.8615991590547
2019-12-31,449.697476272786
2020-01-01,455.04456093321056
2020-01-02,448.72902198571825
2020-01-03,434.2213470787107
2020-01-06,432.7629146317036
2020-01-07,428.1363408192043
2020-01-08,423.82465422974104
2020-01-09,430.00660741491424
2020-01-10,412.5708012870865
2020-01-13,401.42772435150755
2020-01-14,375.334242324998
2020-01-15,372.78623973335306
2020-01-16,375.5319289494509
2020-01-17,371.10768363942145
2020-01-20,376.4661071035616
2020-01-21,371.7186358237056
2020-01-22,390.3073322298401
2020-01-23,389.1062323080918
2020-01-24,387.756281428556
2020-01-27,374.3217652231298
2020-01-28,369.06209441578864
2020-01-29,358.2532850043152
2020-01-30,353.0558500889188
2020-01-31,355.59292995742976
2020-02-03,341.14548747412766
2020-02-04,337.4031393770948
2020-02-05,343.26518683838486
2020-02-06,342.6002323674226
2020-02-07,331.4225861892841
2020-02-10,334.8143802009036
2020-02-11,348.12364291037994
2020-02-12,349.77757797629624
2020-02-13,352.9266118720473
2020-02-14,344.09601903607137
2020-02-17,348.35514845982965
2020-02-18,355.2991091231268
2020-02-19,351.45396103935536
2020-02-20,342.0195545228274
2020-02-24,329.918167945831
2020-02-25,339.5559198350543
2020-02-26,347.5062989675347
2020-02-27,357.28113771818516
2020-02-28,358.0466809449374
2020-03-02,352.9594585374931
2020-03-03,363.0563006848401
2020-03-04,354.74429954507724
2020-03-05,338.28963970579537
2020-03-06,325.97254936788136
2020-03-09,312.90030502898344
2020-03-11,308.05359542963
2020-03-12,301.0508978850363
2020-03-13,298.3228786071378
2020-03-16,308.3584920955797
2020-03-17,315.33190667931086
2020-03-18,320.8754604885343
2020-03-19,323.0273754639728
2020-03-20,315.53158342725715
2020-03-23,334.3400940526039
2020-03-24,324.41079296045797
2020-03-25,327.6193976439194
2020-03-26,328.2991509028701
2020-03-27,325.82763691747476
2020-03-30,339.686859185778
2020-03-31,348.5305265349793
2020-04-01,335.40630493364563
2020-04-03,317.63460347382886
2020-04-07,308.19286073061517
2020-04-08,312.62444507562395
2020-04-09,303.4494274960048
2020-04-13,319.23110956006576
2020-04-15,336.94721003653336
2020-04-16,317.3293654495407
2020-04-17,319.59936485493887
2020-04-20,310.2430193871167
2020-04-21,311.8330819004612
2020-04-22,305.0786671954071
2020-04-23,308.69796111236946
2020-04-24,308.470196228986
2020-04-27,311.43123107566566
2020-04-28,304.001625971801
2020-04-29,301.40887690359136
2020-04-30,302.97525296014294
2020-05-04,304.6389097601247
2020-05-05,304.0505293021814
2020-05-06,297.5330768489826
2020-05-07,289.23976623620297
2020-05-08,289.52192944393187
2020-05-11,287.94758926919525
2020-05-12,296.1914856175917
2020-05-13,290.7246157872943
2020-05-14,276.63753328012405
2020-05-15,284.2781633520306
2020-05-18,281.91551558949953
2020-05-19,280.5568449112059
2020-05-20,274.94865007417457
2020-05-21,276.5522336148741
2020-05-22,282.8890816447749
2020-05-26,272.45708436218445
2020-05-27,271.01001039721393
2020-05-28,271.8852687376228
2020-05-29,277.7289897371817
2020-06-01,278.6644622229399
2020-06-02,277.1965958611138
2020-06-03,283.53138044846355
2020-06-04,286.5819840803353
2020-06-05,292.9301801201084
2020-06-08,284.77273935664624
2020-06-09,295.128258017317
2020-06-10,292.208402124177
2020-06-11,298.18947705553023
2020-06-12,284.56866726599253
2020-06-15,285.243298130708
2020-06-16,277.9740211630482
2020-06-17,280.9416773245726
2020-06-18,290.9759955535239
2020-06-19,278.50047666223895
2020-06-22,281.0720041695038
2020-06-23,266.12834290124067
2020-06-24,266.04726602733984
2020-06-25,263.615730910313
2020-06-26,256.96198294043734
2020-06-29,258.1885870373407
2020-06-30,260.3362623491175
2020-07-01,265.13608767322506
2020-07-02,263.20147406114876
2020-07-03,264.82608445608105
2020-07-06,269.6563799308553
2020-07-07,273.4928172502639
2020-07-08,276.1712885682452
2020-07-09,271.80202886418493
2020-07-10,255.2363903608005
2020-07-13,252.52518107292127
2020-07-14,251.4390244756218
2020-07-15,250.4537675205571
2020-07-16,243.77806222862748
2020-07-17,244.6668279028629
2020-07-20,250.25066102718975
2020-07-21,256.54948262999875
2020-07-22,257.590492346281
2020-07-23,257.5331752320831
2020-07-24,263.5615003596535
2020-07-27,260.6326038357764
2020-07-28,255.08887955486153
2020-07-29,267.70384618563816
2020-07-30,272.5262376218393
2020-07-31,280.97282097858476
2020-08-03,279.85266828431014
2020-08-04,276.12701405159424
2020-08-05,269.594374177009
2020-08-06,275.3144496254384
2020-08-07,261.73950025383033
2020-08-10,258.1737455822971
2020-08-11,256.72913628041675
2020-08-12,262.62065936426103
2020-08-13,259.72511400481955
2020-08-14,253.98550466275506
2020-08-17,262.8682076527821
2020-08-18,261.5387109952359
2020-08-19,261.2702069823515
2020-08-20,266.13282762099396
2020-08-21,269.1481575953311
2020-08-24,276.9111823413332
2020-08-25,267.4091152906545
2020-08-26,267.8838901677527
2020-08-27,260.8924514464976
2020-08-28,266.6313022763518
2020-08-31,259.26859383457736
2020-09-01,267.7881604006353
2020-09-02,264.6863087342664
2020-09-03,268.321512518367
2020-09-04,275.5043343857181
2020-09-07,266.0536314147958
2020-09-08,278.09122714913764
2020-09-09,285.01349355924117
2020-09-10,286.3123200300994
2020-09-11,285.40092349274477
2020-09-14,283.11736916721236
2020-09-15,276.2908880218378
2020-09-16,277.70919881147086
2020-09-17,274.58068235145595
2020-09-18,281.76771153756715
2020-09-21,291.8667107570232
2020-09-22,280.0258448533789
2020-09-23,286.52190336635397
2020-09-24,285.0913878899806
2020-09-25,296.17413339823753
2020-09-28,300.5241773908641
2020-09-29,309.9827229415499
2020-09-30,305.11575146090064
2020-10-01,292.5332712385773
2020-10-05,290.9296666600128
2020-10-06,296.45555890247704
2020-10-07,303.45136944163664
2020-10-08,304.27833444701963
2020-10-09,313.38149194020644
2020-10-12,305.0540801427762
2020-10-13,304.73283201561503
2020-10-14,304.61002385180063
2020-10-15,304.32151529229617
2020-10-16,303.792744905566
2020-10-19,309.7083298557631
2020-10-20,304.684755640794
2020-10-21,314.5881278801483
2020-10-22,306.02542170098127
2020-10-23,306.69586520547824
2020-10-26,302.09876410559616
2020-10-27,304.40603174792284
2020-10-28,299.31894477015635
2020-10-29,298.0839784748847
2020-10-30,305.676786955279
2020-11-02,305.0540276396019
2020-11-03,311.10496130749516
2020-11-04,323.4657945441114
2020-11-05,320.1084517043343
2020-11-06,300.72590640715316
2020-11-09,297.51515428101413
2020-11-10,291.05601939495193
2020-11-11,292.80091326600035
2020-11-12,291.9007270182033
2020-11-13,285.9753926318382
2020-11-14,290.5923410457444
2020-11-17,294.7540723155496
2020-11-18,297.0362821086822
2020-11-19,300.3954485071977
2020-11-20,297.64204298887967
2020-11-23,288.5418338851111
2020-11-24,294.79679731879276
2020-11-25,294.50881745072013
2020-11-26,280.1817908876644
2020-11-27,279.9761333954807
2020-12-01,277.8511998422571
2020-12-02,268.04457472144543
2020-12-03,273.4991347098272
2020-12-04,286.9550553063704
2020-12-07,284.4756267911699
2020-12-08,294.3172135728733
2020-12-09,289.6154489355929
2020-12-10,294.5945822093026
2020-12-11,297.89589125178395
2020-12-14,306.4246860257572
2020-12-15,310.1906304070242
2020-12-16,300.32789552315086
2020-12-17,293.60412412636447
2020-12-18,293.6528778300845
2020-12-21,293.679920886895
2020-12-22,290.08855847052604
2020-12-23,289.5607902677632
2020-12-24,293.39677429375763
2020-12-28,292.1708222133337
2020-12-29,287.78847795605446
2020-12-30,293.0574858484956
2020-12-31,278.11447141692094
2021-01-01,290.77371895169364
2021-01-04,283.01303957131375
2021-01-05,284.80116028966
2021-01-06,269.47613539690497
2021-01-07,274.4307377859614
2021-01-08,272.68254185311673
2021-01-11,277.8182356239742
2021-01-12,271.8802078552439
2021-01-13,270.92305536600867
2021-01-14,283.4623250656755
2021-01-15,284.2708295016481
2021-01-18,292.3801902447241
2021-01-19,283.94281072499564
2021-01-20,286.1990189534416
2021-01-21,280.01918357079643
2021-01-22,283.10810368621975
2021-01-25,274.5411784300478
2021-01-27,267.8520690207937
2021-01-28,265.48328347260815
2021-01-29,266.0143144365856
2021-02-01,263.53143809571094
2021-02-02,264.13254380644236
2021-02-03,263.2276979069479
2021-02-04,261.32517507489837
2021-02-05,262.3710792848855
2021-02-08,260.2505936789914
2021-02-09,258.1063650589804
2021-02-10,252.86556124329078
2021-02-11,241.46985530217202
2021-02-12,234.21888246413212
2021-02-15,238.7309868993397
2021-02-16,241.98655567430606
2021-02-17,237.0088511938998
2021-02-18,237.3704104422537
2021-02-19,245.75605403070142
2021-02-22,243.36558096951035
2021-02-23,246.04759121036804
2021-02-24,248.95532421817438
2021-02-25,245.39610352913996
2021-02-26,250.7165852673008
2021-03-01,252.98577464458754
2021-03-02,257.3568713386884
2021-03-03,268.8525255304101
2021-03-04,264.5111082890018
2021-03-05,271.56304827825585
2021-03-08,266.21622764574795
2021-03-09,262.5268364108952
2021-03-10,258.85418987596336
2021-03-12,264.76719322567675
2021-03-15,268.9475015370059
2021-03-16,276.68938954396157
2021-03-17,267.21811085867176
2021-03-18,265.86828446778617
2021-03-19,255.18876901860202
2021-03-22,251.0645916488324
2021-03-23,249.31200960125608
2021-03-24,259.2160536445659
2021-03-25,255.07432235397852
2021-03-26,266.18769023686536
2021-03-30,267.45982502155664
2021-03-31,265.6902876645695
2021-04-01,263.6394453643537
2021-04-05,257.5544323157662
2021-04-06,257.89375621913814
2021-04-07,261.7372415454566
2021-04-08,268.8651561562937
2021-04-09,282.97970410118944
2021-04-12,284.8189398495946
2021-04-13,286.712422592441
2021-04-15,291.5754375392095
2021-04-16,304.93619399089664
2021-04-19,315.956557512486
2021-04-20,316.13424963271336
2021-04-22,320.92175013685926
2021-04-23,329.33652943324756
2021-04-26,325.3972123194804
2021-04-27,327.65952162638695
2021-04-28,336.23436930376135
2021-04-29,336.6668172719415
2021-04-30,341.4582146973985
2021-05-03,351.7876014667824
2021-05-04,360.74644846218047
2021-05-05,377.0221255284815
2021-05-06,386.81156093577806
2021-05-07,392.0851263485371
2021-05-10,381.7693882595289
2021-05-11,391.1008720441439
2021-05-12,385.3633402227404
2021-05-14,385.57823483442985
2021-05-17,388.3556180113206
2021-05-18,399.33770784679183
2021-05-19,392.28346031914276
2021-05-20,391.14988470171863
2021-05-21,385.12725292658354
2021-05-24,385.166715429286
2021-05-25,382.6706446601244
2021-05-26,379.46960119065267
2021-05-27,377.88317831713704
2021-05-28,382.9383961104612
2021-05-31,388.1296116464176
2021-06-01,389.29463633541235
2021-06-02,381.8709269874841
2021-06-03,394.3243766059767
2021-06-04,413.79194009029254
2021-06-07,428.3367128795069
2021-06-08,416.2019255155681
2021-06-09,420.91228297824836
2021-06-10,430.0039623397568
2021-06-11,459.09727307807594
2021-06-14,482.30071346654137
2021-06-15,488.3521072588003
2021-06-16,499.4732508400933
2021-06-17,519.2684694237761
2021-06-18,515.8884668310985
2021-06-21,513.7979737020584
2021-06-22,516.4285913054852
2021-06-23,507.79237388460587
2021-06-24,523.8296499892099
2021-06-25,525.3295419286309
2021-06-28,526.1827572112147
2021-06-29,530.4281715289442
2021-06-30,529.4872482292973
2021-07-01,526.0127213962063
2021-07-02,527.2904091486037
2021-07-05,521.3088429848589
2021-07-06,540.6543909236284
2021-07-07,545.5816418434615
2021-07-08,554.0857632654516
2021-07-09,552.744885275917
2021-07-12,548.6808003893008
2021-07-13,550.5257725147743
2021-07-14,548.8321878065137
2021-07-15,583.180471123402
2021-07-16,583.7118610813766
2021-07-19,596.8660199091695
2021-07-20,612.8065103029121
2021-07-22,598.8189365460552
2021-07-23,602.0237406393792
2021-07-26,608.5453772672174
2021-07-27,601.8553565290467
2021-07-28,606.5337423909928
2021-07-29,602.4244403218468
2021-07-30,586.9550455222791
2021-08-02,583.0165905103999
2021-08-03,596.4916320846032
2021-08-04,597.0371755546978
2021-08-05,609.8935892112409
2021-08-06,621.716499751509
2021-08-09,624.5419126248719
2021-08-10,633.0724687537812
2021-08-11,619.705347446999
2021-08-12,621.8190168284851
2021-08-13,605.5801568894271
2021-08-16,601.9128608861715
2021-08-17,596.1801243574706
2021-08-18,611.7169927114425
2021-08-20,609.9489667882032
2021-08-23,621.0158139881875
2021-08-24,618.412717521329
2021-08-25,639.2201788639109
2021-08-26,616.6037085095911
2021-08-27,611.5442266757736
2021-08-30,620.147893343571
2021-08-31,602.8528769245038
2021-09-01,569.6143476577544
2021-09-02,549.5806833351221
2021-09-03,545.4233747299139
2021-09-06,516.6983226962249
2021-09-07,529.7153593127836
2021-09-08,510.5711804607114
2021-09-09,533.0717504059897
2021-09-13,527.7355221096852
2021-09-14,532.8424094291556
2021-09-15,526.347953899227
2021-09-16,507.85004133868415
2021-09-17,504.11384524519985
2021-09-20,490.75594079112557
2021-09-21,469.7863805169588
2021-09-22,466.29518689127843
2021-09-23,463.72708360803557
2021-09-24,467.8883385489675
2021-09-27,452.70871160049177
2021-09-28,435.6021465198305
2021-09-29,430.3495276508867
2021-09-30,440.0002375945636
2021-10-01,429.586062220211
2021-10-04,428.5061389751427
2021-10-05,441.54477488490056
2021-10-06,427.1409685194225
2021-10-07,418.7040060700965
2021-10-08,415.63346813303235
2021-10-11,425.97274723606716
2021-10-12,437.0876410322418
2021-10-13,436.37321134240625
2021-10-14,445.275300959896
2021-10-18,433.6717652463688
2021-10-19,434.94133657977824
2021-10-20,434.46114286625095
2021-10-21,445.21436615562766
2021-10-22,433.63087728938905
2021-10-25,429.4854092898355
2021-10-26,435.1029522497562
2021-10-27,424.5823219919658
2021-10-28,426.20326388450064
2021-10-29,409.21328666966303
2021-11-01,411.6025289087361
2021-11-02,424.64397240312263
2021-11-03,422.06069784744517
2021-11-04,425.3146710530612
2021-11-08,422.53980516446893
2021-11-09,436.12231425559906
2021-11-10,454.64390752739786
2021-11-11,445.3810854378175
2021-11-12,441.94037683202896
2021-11-15,439.91993747492154
2021-11-16,436.990418234217
2021-11-17,450.22094325280506
2021-11-18,475.353462391188
2021-11-22,497.7434728766041
2021-11-23,508.8006290543747
2021-11-24,504.11491866227124
2021-11-25,512.4255137528121
2021-11-26,498.0358022718051
2021-11-29,497.5224143303629
2021-11-30,487.0503390485214
2021-12-01,482.76862156125213
2021-12-02,479.5682515632369
2021-12-03,507.63632654394314
2021-12-06,495.61597419894633
2021-12-07,489.8568888261257
2021-12-08,484.18652513393204
2021-12-09,485.56540597406917
2021-12-10,488.66066928135405
2021-12-13,487.41114478373146
2021-12-14,483.09768613716875
2021-12-15,478.55689520195733
2021-12-16,493.7231751804028
2021-12-17,496.17508847145945
2021-12-20,487.37770561770856
2021-12-21,479.23040548609276
2021-12-22,486.05022742439235
2021-12-23,490.86282306629744
2021-12-24,508.1429590528965
2021-12-27,517.2682955597486
2021-12-28,518.9061271098683
2021-12-29,500.3627483605697
2021-12-30,507.5964414795504
2021-12-31,509.84400184980575
2022-01-03,508.6720204292179
2022-01-04,523.2486467131412
2022-01-05,526.1219332178483
2022-01-06,517.2552473286975
2022-01-07,535.0911289388695
2022-01-10,524.6762057749564
2022-01-11,523.8941204432516
2022-01-12,523.718775224956
2022-01-13,530.4671304649423
2022-01-14,535.6850805960182
2022-01-17,520.8611694333742
2022-01-18,510.14377397650225
2022-01-19,514.0749443821893
2022-01-20,516.3632194773346
2022-01-21,528.3073857373341
2022-01-24,512.4175704821954
2022-01-25,525.2131605678388
2022-01-27,502.12833272146025
2022-01-28,512.8399683774958
2022-01-31,520.1957546344939
2022-02-01,540.9531253974646
2022-02-02,542.6140253482132
2022-02-03,535.5274073582634
2022-02-04,539.3440992870006
2022-02-07,535.0517026536378
2022-02-08,549.2037180651464
2022-02-09,544.9914202168028
2022-02-10,549.6671156480747
2022-02-11,547.5423656752298
2022-02-14,536.1859923419377
2022-02-15,548.9731027029521
2022-02-16,554.689111190141
2022-02-17,547.7438366235734
2022-02-18,566.6841281681747
2022-02-21,542.3881065032788
2022-02-22,555.0542539130804
2022-02-23,556.6555628654975
2022-02-24,525.2197134299759
2022-02-25,525.2454293923967
2022-02-28,527.2755604543974
2022-03-02,525.5794884981182
2022-03-03,535.6286580485884
2022-03-04,522.0269188768755
2022-03-07,524.0578287801898
2022-03-08,540.6959513970792
2022-03-09,525.1729124476988
2022-03-10,517.4789855021093
2022-03-11,512.9477716492598
2022-03-14,499.54217489066264
2022-03-15,509.22015264821243
2022-03-16,537.6792721450784
2022-03-17,534.4241573092879
2022-03-21,541.8014257946184
2022-03-22,565.1653750224244
2022-03-23,538.1425057831018
2022-03-24,546.0237066300266
2022-03-25,546.4099253119253
2022-03-28,533.1712693096102
2022-03-29,558.0555541453201
2022-03-30,558.0615789684089
2022-03-31,555.5392747048908
2022-04-01,573.3968560567054
2022-04-04,576.8119108965582
2022-04-05,561.3698130708995
2022-04-06,562.8438965553554
2022-04-07,573.3966120019336
2022-04-08,576.8789350172476
2022-04-11,595.7451320929675
2022-04-12,601.3705190414223
2022-04-13,612.0788881617749
2022-04-18,596.3391353511068
2022-04-19,610.9711608855621
2022-04-20,604.1259911325903
2022-04-21,633.5983684356681
2022-04-22,620.9313276220639
2022-04-25,628.3616800072857
2022-04-26,633.97438319677
2022-04-27,625.7717478627701
2022-04-28,630.775099536652
2022-04-29,652.9720415147231
2022-05-02,679.5475722231804
2022-05-04,656.6855858323239
2022-05-05,652.5074031631989
2022-05-06,659.8972786121253
2022-05-09,664.3411844023957
2022-05-10,650.1695129548292
2022-05-11,645.4430472837478
2022-05-12,639.1168154166822
2022-05-13,648.8943433610254
2022-05-16,640.1880422832913
2022-05-17,620.1886014105044
2022-05-18,626.3039742412327
2022-05-19,619.4355350566173
2022-05-20,624.173329079602
2022-05-23,624.5128496027586
2022-05-24,614.3626835639373
2022-05-25,611.7718351551528
2022-05-26,574.3716362457435
2022-05-27,587.5887328322679
2022-05-30,577.210026023239
2022-05-31,564.5781853624095
2022-06-01,567.5191539878889
2022-06-02,563.3970886974092
2022-06-03,543.7087393945505
2022-06-06,537.1237757645747
2022-06-07,552.0749100920096
2022-06-08,558.4289156328841
2022-06-09,552.3995696134494
2022-06-10,534.3236516398986
2022-06-13,541.1973443651362
2022-06-14,560.2903551466451
2022-06-15,541.4654094791631
2022-06-16,533.8336236226223
2022-06-17,539.5732833893434
2022-06-20,530.22053863112
2022-06-21,540.3096485855033
2022-06-22,558.5422993224709
2022-06-23,566.8670391093161
2022-06-24,592.9762915695305
2022-06-27,589.9239203583629
2022-06-28,578.674344220816
2022-06-29,585.8853984097856
2022-06-30,615.5586339382481
2022-07-01,593.9479976416172
2022-07-04,620.6131340704488
2022-07-05,618.3580927520626
2022-07-06,619.6868667382822
2022-07-07,634.3981441556817
2022-07-08,631.5555232175865
2022-07-11,631.7566111858015
2022-07-12,638.5392433581575
2022-07-13,631.2843286762346
2022-07-14,619.8358775557069
2022-07-15,636.532190884683
2022-07-18,630.9127674526685
2022-07-19,634.7310038659076
2022-07-20,639.0539797010375
2022-07-21,616.1877909749735
2022-07-22,617.560793457735
2022-07-25,626.8352228576717
2022-07-26,638.4492996542808
2022-07-27,647.7680668781155
2022-07-28,660.0446050302048
2022-07-29,680.7767577630553
2022-08-01,704.103937016414
2022-08-02,725.7065944273858
2022-08-03,728.0894737239988
2022-08-04,734.3974265088584
2022-08-05,753.3042748656324
2022-08-08,724.8799553086998
2022-08-10,719.7502717892712
2022-08-11,710.1383728126716
2022-08-12,701.2718183415157
2022-08-16,701.0686894721681
2022-08-17,701.4662288393698
2022-08-18,700.3171097570507
2022-08-19,709.3067855545684
2022-08-22,706.227229668346
2022-08-23,723.9089652506302
2022-08-24,721.7458648601914
2022-08-25,730.5463918979883
2022-08-26,722.4208391115203
2022-08-29,717.726381462975
2022-08-30,713.9117488204134
2022-09-01,734.2247053997079
2022-09-02,727.3504141452119
2022-09-05,706.8742387149521
2022-09-06,686.0179028499552
2022-09-07,656.3206641692038
2022-09-08,650.8187636950194
2022-09-09,663.8910612569423
2022-09-12,659.0699447604323
2022-09-13,676.4523352544746
2022-09-14,677.7725722136216
2022-09-15,674.2274218801474
2022-09-16,664.4851949051464
2022-09-19,665.1096416205565
2022-09-20,653.1152736413974
2022-09-21,651.0099341205329
2022-09-22,663.5171469656402
2022-09-23,680.4092023408447
2022-09-26,684.2944569403269
2022-09-27,708.4260292462722
2022-09-28,707.9894865562035
2022-09-29,710.5469167778507
2022-09-30,708.1630506483494
2022-10-03,672.4978510840209
2022-10-04,695.1212472533032
2022-10-06,700.5629611347696
2022-10-07,699.2186004559862
2022-10-10,722.029435919122
2022-10-11,720.2045486069424
2022-10-12,722.6515920964708
2022-10-13,716.1525396348416
2022-10-14,746.506922014328
2022-10-17,711.6703808812288
2022-10-18,716.6932003544034
2022-10-19,711.85954387054
2022-10-20,727.5997129932181
2022-10-21,717.580194995119
2022-10-24,726.2132378584067
2022-10-25,731.5448383738502
2022-10-27,760.0183844715053
2022-10-28,776.3721837315471
2022-10-31,770.2181263366707
2022-11-01,761.2444462589078
2022-11-02,780.1465384787683
2022-11-03,755.2488825578993
2022-11-04,758.0582474807205
2022-11-07,774.5698043887234
2022-11-09,783.3442553154339
2022-11-10,795.0868736302018
2022-11-11,831.211311445856
2022-11-14,824.5157054556399
2022-11-15,799.6688373658434
2022-11-16,789.8281466370186
2022-11-17,761.6507524476356
2022-11-18,747.5584725994519
2022-11-21,797.9922079866021
2022-11-22,789.2424412042782
2022-11-23,783.6198411156931
2022-11-24,774.0789911494778
2022-11-25,749.2047469567698
2022-11-28,774.7911342321687
2022-11-29,774.5148936604197
2022-11-30,781.7932766681453
2022-12-01,792.7952810885848
2022-12-02,794.3561902609572
2022-12-05,783.7525665704616
2022-12-06,757.2986617381183
2022-12-07,748.0718135324189
2022-12-08,766.3144978364876
2022-12-09,743.9945763648965
2022-12-12,746.0733664067797
2022-12-13,754.4454352877945
2022-12-14,781.2216379638837
2022-12-15,776.3300730467637
2022-12-16,770.103736311854
2022-12-19,779.6159208300688
2022-12-20,790.8429578925537
2022-12-21,763.0402887241946
2022-12-22,755.529351172705
2022-12-23,748.5120612845081
2022-12-26,767.2275101080602
2022-12-27,762.7172437350803
2022-12-28,761.7553884440141
2022-12-29,752.5064519544854
2022-12-30,746.1745282266614
2023-01-02,746.0144436960412
2023-01-03,718.4211128410266
2023-01-04,706.9529347797735
2023-01-05,703.2461118863931
2023-01-06,696.739607928238
2023-01-09,675.8914832308596
2023-01-10,656.9040200985125
2023-01-11,660.647598710333
2023-01-12,633.6436312724588
2023-01-13,623.449420854694
2023-01-16,619.4070557385852
2023-01-17,604.3288608920619
2023-01-18,583.7155512972461
2023-01-19,574.4457262740113
2023-01-20,582.1773992255034
2023-01-23,581.6107162926403
2023-01-24,582.1308169985854
2023-01-25,595.9020574675889
2023-01-27,602.3313047905258
2023-01-30,597.7397693755346
2023-01-31,589.3714919398237
2023-02-01,567.3321507490715
2023-02-02,549.0606455016766
2023-02-03,532.9922981954766
2023-02-06,547.6589244178384
2023-02-07,564.2850406993149
2023-02-08,555.1319851147736
2023-02-09,566.5378952806348
2023-02-10,566.8722266167853
2023-02-13,580.7618134894939
2023-02-14,587.7715662311983
2023-02-15,578.9218115742517
2023-02-16,569.1471740868559
2023-02-17,564.6140206323515
2023-02-20,590.7648918998276
2023-02-21,582.2719829790765
2023-02-22,602.9037370335362
2023-02-23,579.905643641132
2023-02-24,578.4975260163361
2023-02-27,574.6305821331886
2023-02-28,572.9117690984648
2023-03-01,584.7101001969183
2023-03-02,600.1148814579301
2023-03-03,619.2955689324084
2023-03-06,616.8229129277622
2023-03-08,634.3461802379612
2023-03-09,623.6119554548571
2023-03-10,622.7889690824057
2023-03-13,619.7517791496687
2023-03-14,600.4869805995091
2023-03-15,576.6888563592292
2023-03-16,590.542652571637
2023-03-17,595.567213509853
2023-03-20,596.0815137015721
2023-03-21,601.8695749367132
2023-03-22,626.8720125990013
2023-03-23,640.8548545190091
2023-03-24,627.6384991942012
2023-03-27,614.6155418070662
2023-03-28,608.200877549862
2023-03-29,607.4037600912044
2023-03-31,625.3361261703665
2023-04-03,609.8642789977416
2023-04-05,601.2693912608955
2023-04-06,614.0632326721322
2023-04-10,591.2480141903861
2023-04-11,575.4354132552901
2023-04-12,569.9049719176999
2023-04-13,573.941469246499
2023-04-17,566.8129794874177
2023-04-18,578.1691275553467
2023-04-19,580.007380484318
2023-04-20,585.7468118511489
2023-04-21,567.1315176446412
2023-04-24,552.5107298425158
2023-04-25,573.2739684131745
2023-04-26,600.0392087181883
2023-04-27,610.1769381907725
2023-04-28,605.1609288250651
2023-05-02,610.4126573705323
2023-05-03,620.2683779347323
2023-05-04,624.8975892259631
2023-05-05,638.0522749709762
2023-05-08,648.496624822712
2023-05-09,641.6253243750522
2023-05-10,650.9019134914045
2023-05-11,653.5139527638785
2023-05-12,637.1056075092686
2023-05-15,629.3107642131172
2023-05-16,632.1757857489808
2023-05-17,614.4828983616537
2023-05-18,601.3076433760517
2023-05-19,631.856588537934
2023-05-22,612.5282175033805
2023-05-23,598.5767159865029
2023-05-24,584.4589050952383
2023-05-25,593.2815385088674
2023-05-26,601.3750430245883
2023-05-29,609.1667440741126
2023-05-30,582.2250545534456
2023-05-31,610.1851893158275
2023-06-01,595.9292622487784
2023-06-02,605.0646257901645
2023-06-05,613.0448386497354
2023-06-06,595.2671824040171
2023-06-07,564.6229728188692
2023-06-08,563.3303719916776
2023-06-09,574.2668773315918
2023-06-12,590.9174489445802
2023-06-13,582.9076322049037
2023-06-14,561.5769419619687
2023-06-15,547.5718136782107
2023-06-16,548.2242463811717
2023-06-19,549.9879805355154
2023-06-20,562.5338748040506
2023-06-21,556.4913911927142
2023-06-22,564.7518338091854
2023-06-23,565.1890975639348
2023-06-26,561.727498388596
2023-06-27,541.3505220257148
2023-06-28,543.2913913252413
2023-06-30,532.4888277430705
2023-07-03,511.629766000612
2023-07-04,505.4654056106123
2023-07-05,482.1466503501477
2023-07-06,488.3236055381022
2023-07-07,472.2739504186207
2023-07-10,458.283216819145
2023-07-11,450.9381995412721
2023-07-12,469.7562955877245
2023-07-13,456.5505581205918
2023-07-14,463.2043515777811
2023-07-17,465.15594355797515
2023-07-18,478.7599349647254
2023-07-19,462.9029676378962
2023-07-20,481.399030135778
2023-07-21,500.8021623580879
2023-07-24,501.96241518861325
2023-07-25,509.88115524438285
2023-07-26,521.6899027472945
2023-07-27,501.34540581943986
2023-07-28,519.8312109971754
2023-07-31,501.4439475263721
2023-08-01,520.0944935405506
2023-08-02,536.6609896137413
2023-08-03,550.5847489464061
2023-08-04,535.6729492673509
2023-08-07,536.9781378811119
2023-08-08,543.1706412507325
2023-08-09,532.4450496811824
2023-08-10,531.2709149350256
2023-08-11,538.2285403136427
2023-08-14,521.8600731467074
2023-08-16,520.5910742166951
2023-08-17,497.5983967642198
2023-08-18,490.8208293644932
2023-08-21,502.3747394502641
2023-08-22,509.55467619766785
2023-08-23,507.22908945274526
2023-08-24,516.7859409885912
2023-08-25,528.3509991447146
2023-08-28,523.9432696445765
2023-08-29,534.5979454576247
2023-08-30,531.0561812069121
2023-08-31,536.388041420506
2023-09-01,528.6286491635756
2023-09-04,525.174801200838
2023-09-05,517.8102361361487
2023-09-06,519.7014157327246
2023-09-07,530.0523850329205
2023-09-08,546.4305322897652
2023-09-11,546.4567706573865
2023-09-12,526.1136636702971
2023-09-13,531.8691419729262
2023-09-14,525.1333532881353
2023-09-15,522.9357689840148
2023-09-18,516.1523500772853
2023-09-20,506.82421874324916
2023-09-21,505.2600745402299
2023-09-22,509.52537195404926
2023-09-25,518.4073527285278
2023-09-26,519.4308114851971
2023-09-27,523.0673461083634
2023-09-28,515.4161824879626
2023-09-29,515.4650557514873
2023-10-03,491.49858534370594
2023-10-04,496.64338423292685
2023-10-05,506.49151946353413
2023-10-06,500.80184398910603
2023-10-09,513.390761415705
2023-10-10,526.82199518152
2023-10-11,531.0938142205325
2023-10-12,553.2210980241808
2023-10-13,564.2292562227819
2023-10-16,564.0006542771979
2023-10-17,578.334349364409
2023-10-18,593.5953623122248
2023-10-19,581.9195228279872
2023-10-20,576.9189177610793
2023-10-23,561.2730726187588
2023-10-25,572.9715753860881
2023-10-26,554.3015193752949
2023-10-27,541.1450053733954
2023-10-30,529.4607311512982
2023-10-31,522.8536661303707
2023-11-01,522.1472199595385
2023-11-02,522.7328914702213
2023-11-03,548.8245008246395
2023-11-06,568.4033849812378
2023-11-07,573.4318584773632
2023-11-08,561.7510987703951
2023-11-09,551.7228778993504
2023-11-10,553.6784487884739
2023-11-13,570.9064255609704
2023-11-15,578.5156917038807
2023-11-16,576.5482991367576
2023-11-17,582.8225779414306
2023-11-20,588.9289172132399
2023-11-21,588.1590478553736
2023-11-22,582.0726249366595
2023-11-23,597.0836351738942
2023-11-24,604.3006617113149
2023-11-28,608.8636878943538
2023-11-29,643.9903291894526
2023-11-30,639.469346538151
2023-12-01,610.6843949171543
2023-12-04,617.6201617579445
2023-12-05,616.3489896415675
2023-12-06,612.0185396133166
2023-12-07,624.7773415519456
2023-12-08,617.1810898922178
2023-12-11,634.6133945074928
2023-12-12,648.7522763258032
2023-12-13,645.7281254493869
2023-12-14,665.9637580954912
2023-12-15,666.1395370152867
2023-12-18,675.1269030032663
2023-12-19,680.1587461315095
2023-12-20,691.0936066332148
2023-12-21,713.2810021191424
2023-12-22,748.7903455531975
2023-12-26,775.4353772840283
2023-12-27,797.9580930904423
2023-12-28,807.9760574707342
2023-12-29,801.8545150121051
2024-01-01,799.9295722877066
2024-01-02,785.9115820914099
2024-01-03,786.074044498878
2024-01-04,775.0856663188137
2024-01-05,773.1568058061282
2024-01-08,762.2504331100563
2024-01-09,759.6292520349112
2024-01-10,723.9773567850209
2024-01-11,703.0932411814771
2024-01-12,679.3988250244952
2024-01-15,680.4067580622575
2024-01-16,689.5432617395317
2024-01-17,712.1754807035614
2024-01-18,663.6933778323403
2024-01-19,684.3467261893434
2024-01-23,674.456195145904
2024-01-24,695.405069233016
2024-01-25,705.8748208326178
2024-01-29,723.9827644319915
2024-01-30,744.9718481264944
2024-01-31,710.9154773985128
2024-02-01,686.0948227993953
2024-02-02,666.9651306025387
2024-02-05,649.409242872937
2024-02-06,654.4120231371598
2024-02-07,641.2201206311827
2024-02-08,642.3434790614327
2024-02-09,652.2373373164553
2024-02-12,629.2214426284752
2024-02-13,620.4917749824168
2024-02-14,639.2124027670188
2024-02-15,658.0403735705632
2024-02-16,672.8553451497626
2024-02-19,667.1171494805868
2024-02-20,671.2526146568858
2024-02-21,655.6517324283276
2024-02-22,652.6175045587798
2024-02-23,661.7857349368909
2024-02-26,677.463836111669
2024-02-27,651.5764819619858
2024-02-28,669.3307895237244
2024-02-29,693.674823639978
2024-03-01,714.859312914375
2024-03-04,707.5453912314852
2024-03-05,704.3204181247297
2024-03-06,705.472537701254
2024-03-07,703.3141537630626
2024-03-11,742.0504238561443
2024-03-12,738.1297555787401
2024-03-13,744.9879060537259
2024-03-14,739.2778779446635
2024-03-15,759.6601315728556
2024-03-18,752.3024918547453
2024-03-19,737.0298360125068
2024-03-20,715.9569601254717
2024-03-21,702.0705069620358
2024-03-22,725.257038300448
2024-03-26,696.026538320578
2024-03-27,668.5411934550443
2024-03-28,678.800372500106
2024-04-01,681.0364391105555
2024-04-02,672.2818457161576
2024-04-03,649.5360543546543
2024-04-04,618.9059553120704
2024-04-05,612.5878968784971
2024-04-08,627.0234229647008
2024-04-09,632.8614806297744
2024-04-10,647.5127327407102
2024-04-12,633.2674514428097
2024-04-15,637.3772440256753
2024-04-16,653.7974409517715
2024-04-18,687.8211623927494
2024-04-19,686.6087563136505
2024-04-22,708.6785146896293
2024-04-23,695.3305667318367
2024-04-24,679.5196580375156
2024-04-25,699.5229985797148
2024-04-26,701.2210453504338
2024-04-29,742.8096578312369
2024-04-30,729.3947220418664
2024-05-02,729.1220978637458
2024-05-03,730.3080545103148
2024-05-06,705.2829361193774
2024-05-07,674.9400910388182
2024-05-08,670.7180437177171
2024-05-09,663.5973939711935
2024-05-10,636.2841066754802
2024-05-13,620.8578549222241
2024-05-14,621.3929769435113
2024-05-15,637.1788499963692
2024-05-16,633.9240983973987
2024-05-17,641.9112964071794
2024-05-21,657.5649611751961
2024-05-22,645.1552302502174
2024-05-23,646.1488733664194
2024-05-24,622.9041075643835
2024-05-27,608.6212128506806
2024-05-28,607.401675336516
2024-05-29,614.055357205612
2024-05-30,624.2205714414746
2024-05-31,646.8915200781396
2024-06-03,676.0565058518741
2024-06-04,692.9086685852164
2024-06-05,714.2856772533028
2024-06-06,726.7623611176457
2024-06-07,699.0120318522032
2024-06-10,681.9049371974766
2024-06-11,684.2063676743927
2024-06-12,706.1331600151192
2024-06-13,707.5545815593119
2024-06-14,702.6687719633115
2024-06-18,713.1217194275663
2024-06-19,703.909364280197
2024-06-20,703.9125076999371
2024-06-21,705.4937342817525
2024-06-24,698.3513878468887
2024-06-25,687.1526278958567
2024-06-26,681.0988415425569
2024-06-27,699.4441819081069
2024-06-28,712.3258273492088
2024-07-01,692.7163198041425
2024-07-02,691.5027356097853
2024-07-03,663.8986951784516
2024-07-04,633.5966699974315
2024-07-05,638.1627175438058
2024-07-08,663.781905762447
2024-07-09,688.2280181024386
2024-07-10,691.747316576703
2024-07-11,708.9118156973635
2024-07-12,715.7540643663797
2024-07-15,712.3955293849294
2024-07-16,753.6594086545207
2024-07-18,766.5396105688395
2024-07-19,805.4027949367894
2024-07-22,823.2019548508484
2024-07-23,822.8806128291345
2024-07-24,824.0004295649352
2024-07-25,828.0070592838654
2024-07-26,806.9106898626777
2024-07-29,805.2306532296187
2024-07-30,834.0929073398722
2024-07-31,809.5127940384502
2024-08-01,807.7866939927812
2024-08-02,796.451556164259
2024-08-05,807.5151078176466
2024-08-06,792.7581888028722
2024-08-07,805.9215819664975
2024-08-08,804.7790272693632
2024-08-09,816.1610580937433
2024-08-12,789.093107557941
2024-08-13,798.9822968086917
2024-08-14,762.0521890505561
2024-08-16,796.6714090950402
2024-08-19,783.5534896180609
2024-08-20,801.178334602683
2024-08-21,802.4058639647375
2024-08-22,757.011504085261
2024-08-23,771.3492508794387
2024-08-26,793.0740263993428
2024-08-27,766.7779506013106
2024-08-28,736.7986221413865
2024-08-29,753.7539670392866
2024-08-30,774.7711297497715
2024-09-02,770.9189580713687
2024-09-03,781.640155808827
2024-09-04,751.306805495408
2024-09-05,753.8037065406298
2024-09-06,788.2930253568275
2024-09-09,791.1506454563595
2024-09-10,805.8453983749515
2024-09-11,792.6960883059169
2024-09-12,780.1309697571238
2024-09-13,768.3238705222702
2024-09-16,764.2347901796518
2024-09-17,769.5105533121348
2024-09-18,770.5959781709589
2024-09-19,763.9312487110901
2024-09-20,731.9724862674528
2024-09-23,709.7945034096208
2024-09-24,702.8508341080199
2024-09-25,705.6295899063903
2024-09-26,702.0566086645838
2024-09-27,706.092091015229
2024-09-30,713.8811911043286
2024-10-01,714.303398392845
2024-10-03,706.8778562796227
2024-10-04,728.4683704037669
2024-10-07,702.2504565269795
2024-10-08,692.9040371788813
2024-10-09,662.6589697128047
2024-10-10,653.4672360079437
2024-10-11,655.6285354854639
2024-10-14,646.1692714902892
2024-10-15,661.8064375617249
2024-10-16,672.73477490091
2024-10-17,648.8953057773347
2024-10-18,612.3938651313675
2024-10-21,623.4027714955392
2024-10-22,623.4926544413438
2024-10-23,648.0617123078335
2024-10-24,638.975570199534
2024-10-25,624.1792145263291
2024-10-28,608.9535188882561
2024-10-29,575.5628403427877
2024-10-30,558.7530653242918
2024-10-31,571.9140947694951
2024-11-01,568.3822791642725
2024-11-04,582.6542314194554
2024-11-05,601.1213221806763
2024-11-06,625.9982691762098
2024-11-07,623.3005404103858
2024-11-08,624.7364092345446
2024-11-11,631.6624657622228
2024-11-12,632.5646237125093
2024-11-13,610.2916992108535
2024-11-14,591.0832522192228
2024-11-18,586.1819352214866
2024-11-19,578.6710560726381
2024-11-21,576.3724674206793
2024-11-22,572.8904465013827
2024-11-25,577.9316880801027
2024-11-26,563.7036887822047
2024-11-27,569.9844435363323
2024-11-28,570.8422416243485
2024-11-29,569.2571400961069
2024-12-02,592.1678958222333
2024-12-03,607.9146316790824
2024-12-04,600.3286814980981
2024-12-05,576.2609967251797
2024-12-06,590.2829165438993
2024-12-09,612.2512796391367
2024-12-10,603.5928765772245
2024-12-11,601.7738450069052
2024-12-12,604.9015989011261
2024-12-13,619.4424874929329
2024-12-16,616.1610766236403
2024-12-17,616.2878863590897
2024-12-18,632.3127878285827
2024-12-19,642.3663629720135
2024-12-20,629.2198140688748
2024-12-23,602.948233035633
2024-12-24,585.9291289133472
2024-12-26,584.8268718408369
2024-12-27,589.1476249043845
2024-12-30,583.8326672525518
2024-12-31,569.7234309834255
2025-01-01,551.7667412630789
2025-01-02,553.7416209498188
2025-01-03,548.0254634959832
2025-01-06,530.310693510293
2025-01-07,519.4687675167376
2025-01-08,533.3068252095194
2025-01-09,535.8376610554377
2025-01-10,518.7617642605348
2025-01-13,505.17481674218743
2025-01-14,500.18232284908873
2025-01-15,514.4428998215793
2025-01-16,520.2485255281605
2025-01-17,518.5088338529445
2025-01-20,496.05294615392415
2025-01-21,516.1607421656887
2025-01-22,505.2697008744556
2025-01-23,486.77186192339764
2025-01-24,493.65105923839496
2025-01-27,488.88783676548695
2025-01-28,505.02652323669605
2025-01-29,505.69533853727836
2025-01-30,520.2713454280444
2025-01-31,517.7863798081139
2025-02-01,508.5589200000248
2025-02-03,501.6193150397289
2025-02-04,504.6744930737733
2025-02-05,493.4192614891762
2025-02-06,501.7895149127658
2025-02-07,513.3592736920589
2025-02-10,503.2761567584916
2025-02-11,524.6447234235831
2025-02-12,541.9936356121814
2025-02-13,528.8707301333218
2025-02-14,514.7499743400368
2025-02-17,499.87200933635535
2025-02-18,489.1481880726342
2025-02-19,479.9189910107999
2025-02-20,495.52539983222067
2025-02-21,496.25985644941795
2025-02-24,498.0126854492043
2025-02-25,500.0535965512879
2025-02-27,522.528702061922
2025-02-28,533.6971502020158
2025-03-03,530.4320408124963
2025-03-04,535.9504144766762
2025-03-05,557.3232519056185
2025-03-06,565.8123020594445
2025-03-07,578.1890307079402
2025-03-10,546.3719089991122
2025-03-11,540.9615584842375
2025-03-12,535.6117617336731
2025-03-13,527.2904417363792
2025-03-17,536.7310631002592
2025-03-18,515.7267225199693
2025-03-19,523.3813763906621
2025-03-20,521.4334972380093
2025-03-21,523.7226462657003
2025-03-24,525.4197604381324
2025-03-25,558.834436497664
2025-03-26,562.8586602236692
2025-03-27,567.0829684016503
2025-03-28,566.6318353030789
2025-04-01,564.0583322840484
2025-04-02,570.8184082742439
2025-04-03,570.1627622890308
2025-04-04,577.6782106102866
2025-04-07,598.7578322856276
2025-04-08,620.6885217027581
2025-04-09,618.9906994763976
2025-04-11,603.8179010213006
2025-04-15,598.1608504021272
2025-04-16,602.4282853416233
2025-04-17,608.3132694623121
2025-04-21,608.8441351931388
2025-04-22,569.6439072684623
2025-04-23,574.2519333555899
2025-04-24,580.7870344097093
2025-04-25,585.1114698007596
2025-04-28,585.4258482476772
2025-04-29,589.5354801135152
2025-04-30,589.8623937253604
2025-05-02,575.7206500133328
2025-05-05,578.5806197243985
2025-05-06,596.1167664455675
2025-05-07,604.8689276237666
2025-05-08,593.7874175885922
2025-05-09,608.3495562585518
2025-05-12,614.4918426427777
2025-05-13,612.4318827687526
2025-05-14,615.7334076605403
2025-05-15,619.8770040105093
2025-05-16,624.4966360104909
2025-05-19,640.1447011863402
2025-05-20,631.5388315152001
2025-05-21,630.8763129597484
2025-05-22,641.4656183479902
2025-05-23,634.7709181714912
2025-05-26,645.3467883661659
2025-05-27,641.1674911059304
2025-05-28,638.3771020162811
2025-05-29,645.659003883801
2025-05-30,637.9791652013043
2025-06-02,637.3801910111004
2025-06-03,647.4247439803813
2025-06-04,626.6590132581355
2025-06-05,616.7110963233824
2025-06-06,620.5635232089788
2025-06-09,613.0148987276748
2025-06-10,600.7026114249634
2025-06-11,598.5432422344431
2025-06-12,579.3345118837731
2025-06-13,580.1898822699723
2025-06-16,584.1810508512535
2025-06-17,585.168074335364
2025-06-18,573.6690684623695
2025-06-19,559.1224689974946
2025-06-20,547.2717349065362
2025-06-23,543.7597634121971
2025-06-24,528.1315277610356
2025-06-25,495.1750750574681
2025-06-26,490.5522058585711
2025-06-27,508.0999730128289
2025-06-30,518.0342292231267
2025-07-01,516.5429784583278
2025-07-02,532.548537392138
2025-07-03,513.0920386864177
2025-07-04,520.6440832112529
2025-07-07,548.2667697987839
2025-07-08,547.3091835591508
2025-07-09,543.998304152424
2025-07-10,535.5461240564041
2025-07-11,535.3155569249273
