Datetime,Close
2023-07-14 04:45:00+00:00,728.2063902149226
2023-07-14 05:45:00+00:00,734.9883123743897
2023-07-14 06:45:00+00:00,724.251110736747
2023-07-14 07:45:00+00:00,717.5102414052996
2023-07-14 08:45:00+00:00,715.3132051712797
2023-07-14 09:45:00+00:00,709.0524342370602
2023-07-17 03:45:00+00:00,697.6292996772692
2023-07-17 04:45:00+00:00,681.49393637199
2023-07-17 05:45:00+00:00,682.1295405101496
2023-07-17 06:45:00+00:00,673.2296475138755
2023-07-17 07:45:00+00:00,673.5363662155172
2023-07-17 08:45:00+00:00,665.7727278119318
2023-07-17 09:45:00+00:00,670.4826044273001
2023-07-18 03:45:00+00:00,678.2431310240459
2023-07-18 04:45:00+00:00,672.6899611445895
2023-07-18 05:45:00+00:00,676.5574979609974
2023-07-18 06:45:00+00:00,667.821620888624
2023-07-18 07:45:00+00:00,666.1282435429971
2023-07-18 08:45:00+00:00,656.8757939073372
2023-07-18 09:45:00+00:00,662.8026987067835
2023-07-19 03:45:00+00:00,653.2887305039221
2023-07-19 04:45:00+00:00,646.2496560910137
2023-07-19 05:45:00+00:00,665.1550551227225
2023-07-19 06:45:00+00:00,665.4371317123033
2023-07-19 07:45:00+00:00,670.4540912522758
2023-07-19 08:45:00+00:00,672.0452665055411
2023-07-19 09:45:00+00:00,674.258958461337
2023-07-20 03:45:00+00:00,669.9553429598833
2023-07-20 04:45:00+00:00,674.8974910745162
2023-07-20 05:45:00+00:00,672.7176024460458
2023-07-20 06:45:00+00:00,670.4210537296673
2023-07-20 07:45:00+00:00,660.8044780907298
2023-07-20 08:45:00+00:00,667.0739444137865
2023-07-20 09:45:00+00:00,659.1519975571337
2023-07-21 03:45:00+00:00,658.931938897585
2023-07-21 04:45:00+00:00,655.1980635085391
2023-07-21 05:45:00+00:00,647.7112065420004
2023-07-21 06:45:00+00:00,648.5973444942381
2023-07-21 07:45:00+00:00,637.9575315274118
2023-07-21 08:45:00+00:00,644.7696451672396
2023-07-21 09:45:00+00:00,649.740002572669
2023-07-24 03:45:00+00:00,652.6310186796543
2023-07-24 04:45:00+00:00,647.8925895051675
2023-07-24 05:45:00+00:00,648.9777858532049
2023-07-24 06:45:00+00:00,639.281105451677
2023-07-24 07:45:00+00:00,635.0358273028575
2023-07-24 08:45:00+00:00,629.373823643631
2023-07-24 09:45:00+00:00,632.748185358696
2023-07-25 03:45:00+00:00,640.4368854728821
2023-07-25 04:45:00+00:00,647.3408266542691
2023-07-25 05:45:00+00:00,665.0689328848741
2023-07-25 06:45:00+00:00,659.198113427141
2023-07-25 07:45:00+00:00,675.0553880199327
2023-07-25 08:45:00+00:00,681.7310899696388
2023-07-25 09:45:00+00:00,676.5028107234285
2023-07-26 03:45:00+00:00,670.9165904205668
2023-07-26 04:45:00+00:00,662.2522865506986
2023-07-26 05:45:00+00:00,665.2685673980556
2023-07-26 06:45:00+00:00,659.6084486075091
2023-07-26 07:45:00+00:00,653.4422107018228
2023-07-26 08:45:00+00:00,648.8950247794997
2023-07-26 09:45:00+00:00,648.3845235992895
2023-07-27 03:45:00+00:00,635.6435250458863
2023-07-27 04:45:00+00:00,640.4294685060383
2023-07-27 05:45:00+00:00,637.7103262243666
2023-07-27 06:45:00+00:00,637.4000437695034
2023-07-27 07:45:00+00:00,620.3860479344073
2023-07-27 08:45:00+00:00,609.0959320133624
2023-07-27 09:45:00+00:00,612.7519589304411
2023-07-28 03:45:00+00:00,605.5612344383096
2023-07-28 04:45:00+00:00,609.3597463174303
2023-07-28 05:45:00+00:00,617.4471999053579
2023-07-28 06:45:00+00:00,617.259392732749
2023-07-28 07:45:00+00:00,618.7639924233473
2023-07-28 08:45:00+00:00,623.279385884007
2023-07-28 09:45:00+00:00,624.8692325351295
2023-07-31 03:45:00+00:00,625.1028093998362
2023-07-31 04:45:00+00:00,629.5680981634988
2023-07-31 05:45:00+00:00,618.9043888134249
2023-07-31 06:45:00+00:00,607.8285207573623
2023-07-31 07:45:00+00:00,605.2882698244892
2023-07-31 08:45:00+00:00,603.8010560367824
2023-07-31 09:45:00+00:00,605.0298960678431
2023-08-01 03:45:00+00:00,598.2943451669435
2023-08-01 04:45:00+00:00,594.5556837291643
2023-08-01 05:45:00+00:00,594.3968333525611
2023-08-01 06:45:00+00:00,593.5905116176414
2023-08-01 07:45:00+00:00,591.5003004657472
2023-08-01 08:45:00+00:00,587.2987757849852
2023-08-01 09:45:00+00:00,591.4368969423049
2023-08-02 03:45:00+00:00,576.553214167675
2023-08-02 04:45:00+00:00,569.6012119604942
2023-08-02 05:45:00+00:00,567.7249480492678
2023-08-02 06:45:00+00:00,561.5016394868101
2023-08-02 07:45:00+00:00,556.2329302887333
2023-08-02 08:45:00+00:00,557.4594469924816
2023-08-02 09:45:00+00:00,565.9636914451884
2023-08-03 03:45:00+00:00,563.1517190657277
2023-08-03 04:45:00+00:00,557.2044076364584
2023-08-03 05:45:00+00:00,562.3568122013245
2023-08-03 06:45:00+00:00,575.7992212888456
2023-08-03 07:45:00+00:00,571.9657062305173
2023-08-03 08:45:00+00:00,570.3891620674796
2023-08-03 09:45:00+00:00,571.1498202819516
2023-08-04 03:45:00+00:00,569.486137247155
2023-08-04 04:45:00+00:00,568.3777401678115
2023-08-04 05:45:00+00:00,567.000883142928
2023-08-04 06:45:00+00:00,562.2205264673198
2023-08-04 07:45:00+00:00,557.899177186749
2023-08-04 08:45:00+00:00,552.2280716160508
2023-08-04 09:45:00+00:00,548.0519166610418
2023-08-07 03:45:00+00:00,542.8752679292795
2023-08-07 04:45:00+00:00,546.477595860433
2023-08-07 05:45:00+00:00,546.8164977475922
2023-08-07 06:45:00+00:00,552.1185941705946
2023-08-07 07:45:00+00:00,552.3894613313159
2023-08-07 08:45:00+00:00,552.1222928402498
2023-08-07 09:45:00+00:00,552.7836894968036
2023-08-08 03:45:00+00:00,549.8472868125049
2023-08-08 04:45:00+00:00,547.0727323183177
2023-08-08 05:45:00+00:00,546.0844490648731
2023-08-08 06:45:00+00:00,552.7994608662863
2023-08-08 07:45:00+00:00,552.7117504391309
2023-08-08 08:45:00+00:00,547.545558435593
2023-08-08 09:45:00+00:00,538.7673216522002
2023-08-09 03:45:00+00:00,543.2377552070287
2023-08-09 04:45:00+00:00,546.278532047298
2023-08-09 05:45:00+00:00,553.4839370311926
2023-08-09 06:45:00+00:00,553.8349636700258
2023-08-09 07:45:00+00:00,556.5385958410353
2023-08-09 08:45:00+00:00,560.2429481437637
2023-08-09 09:45:00+00:00,567.0178233275539
2023-08-10 03:45:00+00:00,569.3747453008245
2023-08-10 04:45:00+00:00,572.5293349877174
2023-08-10 05:45:00+00:00,579.1884984716537
2023-08-10 06:45:00+00:00,575.8008546071518
2023-08-10 07:45:00+00:00,566.24278710836
2023-08-10 08:45:00+00:00,565.5774286235629
2023-08-10 09:45:00+00:00,568.568637046132
2023-08-11 03:45:00+00:00,566.0187691965772
2023-08-11 04:45:00+00:00,572.1309223805281
2023-08-11 05:45:00+00:00,567.5551801706381
2023-08-11 06:45:00+00:00,571.3983976088091
2023-08-11 07:45:00+00:00,563.7771476762568
2023-08-11 08:45:00+00:00,570.1963989657085
2023-08-11 09:45:00+00:00,580.9034547161594
2023-08-14 03:45:00+00:00,581.4078373590934
2023-08-14 04:45:00+00:00,591.0794945760119
2023-08-14 05:45:00+00:00,601.9615088216159
2023-08-14 06:45:00+00:00,610.9654936087741
2023-08-14 07:45:00+00:00,605.3114365713606
2023-08-14 08:45:00+00:00,603.0054068024037
2023-08-14 09:45:00+00:00,604.5096876805341
2023-08-16 03:45:00+00:00,599.7105464563078
2023-08-16 04:45:00+00:00,598.2624438645456
2023-08-16 05:45:00+00:00,595.6837987126966
2023-08-16 06:45:00+00:00,597.8940341099801
2023-08-16 07:45:00+00:00,602.0355758450022
2023-08-16 08:45:00+00:00,611.6909863514272
2023-08-16 09:45:00+00:00,604.9298709180681
2023-08-17 03:45:00+00:00,605.3627810020213
2023-08-17 04:45:00+00:00,618.4486549311583
2023-08-17 05:45:00+00:00,617.0995402334395
2023-08-17 06:45:00+00:00,614.8681811069603
2023-08-17 07:45:00+00:00,607.9031797314312
2023-08-17 08:45:00+00:00,606.9841732935917
2023-08-17 09:45:00+00:00,615.1583883644516
2023-08-18 03:45:00+00:00,618.8221847737674
2023-08-18 04:45:00+00:00,604.8547857521363
2023-08-18 05:45:00+00:00,602.3312410308205
2023-08-18 06:45:00+00:00,613.3641616371018
2023-08-18 07:45:00+00:00,622.9836908243399
2023-08-18 08:45:00+00:00,617.0793763963201
2023-08-18 09:45:00+00:00,616.0446839461547
2023-08-21 03:45:00+00:00,627.0337004465828
2023-08-21 04:45:00+00:00,622.9892845096578
2023-08-21 05:45:00+00:00,620.139448197658
2023-08-21 06:45:00+00:00,616.3239910792302
2023-08-21 07:45:00+00:00,616.082437542264
2023-08-21 08:45:00+00:00,616.7562623343863
2023-08-21 09:45:00+00:00,619.8497236071942
2023-08-22 03:45:00+00:00,615.3611068064864
2023-08-22 04:45:00+00:00,619.0484490507569
2023-08-22 05:45:00+00:00,621.8525637979716
2023-08-22 06:45:00+00:00,624.4405093371138
2023-08-22 07:45:00+00:00,618.9147291656269
2023-08-22 08:45:00+00:00,625.7586991249152
2023-08-22 09:45:00+00:00,630.5939730209711
2023-08-23 03:45:00+00:00,638.2284526595208
2023-08-23 04:45:00+00:00,632.8681976648975
2023-08-23 05:45:00+00:00,637.2003195810353
2023-08-23 06:45:00+00:00,632.230574616418
2023-08-23 07:45:00+00:00,633.3997368344752
2023-08-23 08:45:00+00:00,641.7792757475754
2023-08-23 09:45:00+00:00,644.4164543802322
2023-08-24 03:45:00+00:00,647.4333548712369
2023-08-24 04:45:00+00:00,653.3418894694695
2023-08-24 05:45:00+00:00,654.4530275615048
2023-08-24 06:45:00+00:00,660.4127016246366
2023-08-24 07:45:00+00:00,663.5374566794775
2023-08-24 08:45:00+00:00,652.5833098989933
2023-08-24 09:45:00+00:00,646.5159055939247
2023-08-25 03:45:00+00:00,655.6430425233465
2023-08-25 04:45:00+00:00,653.446909039415
2023-08-25 05:45:00+00:00,642.3016336011343
2023-08-25 06:45:00+00:00,651.5631312480234
2023-08-25 07:45:00+00:00,645.3269622612054
2023-08-25 08:45:00+00:00,646.9182241051964
2023-08-25 09:45:00+00:00,657.5587852688174
2023-08-28 03:45:00+00:00,656.191301074501
2023-08-28 04:45:00+00:00,657.4572874663725
2023-08-28 05:45:00+00:00,659.0491289197513
2023-08-28 06:45:00+00:00,664.2577890314026
2023-08-28 07:45:00+00:00,663.4522608769021
2023-08-28 08:45:00+00:00,670.5510941374617
2023-08-28 09:45:00+00:00,679.1614616488179
2023-08-29 03:45:00+00:00,691.5365099313542
2023-08-29 04:45:00+00:00,693.5496478487643
2023-08-29 05:45:00+00:00,702.1328146303714
2023-08-29 06:45:00+00:00,699.5555406759916
2023-08-29 07:45:00+00:00,700.4021421778217
2023-08-29 08:45:00+00:00,698.6853943985624
2023-08-29 09:45:00+00:00,695.1342168534775
2023-08-30 03:45:00+00:00,694.521504817825
2023-08-30 04:45:00+00:00,699.9874760078318
2023-08-30 05:45:00+00:00,698.4619630383874
2023-08-30 06:45:00+00:00,705.6148889577596
2023-08-30 07:45:00+00:00,707.7167908646642
2023-08-30 08:45:00+00:00,703.8386079344789
2023-08-30 09:45:00+00:00,707.1468781265168
2023-08-31 03:45:00+00:00,700.0717005991884
2023-08-31 04:45:00+00:00,697.8281687181112
2023-08-31 05:45:00+00:00,710.5202106007133
2023-08-31 06:45:00+00:00,713.2675992286829
2023-08-31 07:45:00+00:00,723.1757267128272
2023-08-31 08:45:00+00:00,720.8071886062777
2023-08-31 09:45:00+00:00,719.5238118549703
2023-09-01 03:45:00+00:00,716.4996649001498
2023-09-01 04:45:00+00:00,718.9516763752639
2023-09-01 05:45:00+00:00,713.6316489135
2023-09-01 06:45:00+00:00,721.1738310153517
2023-09-01 07:45:00+00:00,721.4513075198043
2023-09-01 08:45:00+00:00,718.0978102397538
2023-09-01 09:45:00+00:00,718.0641799165271
2023-09-04 03:45:00+00:00,720.3357294481672
2023-09-04 04:45:00+00:00,718.799198391798
2023-09-04 05:45:00+00:00,719.2759625230992
2023-09-04 06:45:00+00:00,721.712787561766
2023-09-04 07:45:00+00:00,723.5941732007483
2023-09-04 08:45:00+00:00,726.0339018597352
2023-09-04 09:45:00+00:00,723.2231683304448
2023-09-05 03:45:00+00:00,717.7319319473446
2023-09-05 04:45:00+00:00,717.7395953582209
2023-09-05 05:45:00+00:00,717.3928074796804
2023-09-05 06:45:00+00:00,716.1897222422264
2023-09-05 07:45:00+00:00,710.2690622359364
2023-09-05 08:45:00+00:00,714.044342281366
2023-09-05 09:45:00+00:00,705.256094939232
2023-09-06 03:45:00+00:00,713.439578023588
2023-09-06 04:45:00+00:00,719.0483746832914
2023-09-06 05:45:00+00:00,726.0139375952773
2023-09-06 06:45:00+00:00,724.0048476095538
2023-09-06 07:45:00+00:00,726.2759834069652
2023-09-06 08:45:00+00:00,730.8232377688257
2023-09-06 09:45:00+00:00,744.8228164159003
2023-09-07 03:45:00+00:00,739.2752454061881
2023-09-07 04:45:00+00:00,728.6120753234703
2023-09-07 05:45:00+00:00,726.5886570651217
2023-09-07 06:45:00+00:00,720.5997273986167
2023-09-07 07:45:00+00:00,722.9779301737191
2023-09-07 08:45:00+00:00,729.4953597483105
2023-09-07 09:45:00+00:00,729.5278892521729
2023-09-08 03:45:00+00:00,742.5589212714276
2023-09-08 04:45:00+00:00,745.9145685789279
2023-09-08 05:45:00+00:00,746.6897181040026
2023-09-08 06:45:00+00:00,736.8737821024826
2023-09-08 07:45:00+00:00,726.2897326626271
2023-09-08 08:45:00+00:00,726.8555438069906
2023-09-08 09:45:00+00:00,722.9532903156495
2023-09-11 03:45:00+00:00,728.7296415640084
2023-09-11 04:45:00+00:00,724.9924524122644
2023-09-11 05:45:00+00:00,731.0640939035948
2023-09-11 06:45:00+00:00,727.128476311339
2023-09-11 07:45:00+00:00,729.2562401085388
2023-09-11 08:45:00+00:00,749.0817568473678
2023-09-11 09:45:00+00:00,759.9148522460722
2023-09-12 03:45:00+00:00,752.9993236993676
2023-09-12 04:45:00+00:00,755.5260943913881
2023-09-12 05:45:00+00:00,726.4218070447178
2023-09-12 06:45:00+00:00,711.1150351513714
2023-09-12 07:45:00+00:00,704.9540986955245
2023-09-12 08:45:00+00:00,712.8988655431477
2023-09-12 09:45:00+00:00,719.7659229970335
2023-09-13 03:45:00+00:00,715.0916376708176
2023-09-13 04:45:00+00:00,720.7193532303369
2023-09-13 05:45:00+00:00,748.6573564414697
2023-09-13 06:45:00+00:00,745.594614052424
2023-09-13 07:45:00+00:00,745.6855455471119
2023-09-13 08:45:00+00:00,737.8811051257948
2023-09-13 09:45:00+00:00,746.2920076605709
2023-09-14 03:45:00+00:00,730.6929807055187
2023-09-14 04:45:00+00:00,725.7020898688316
2023-09-14 05:45:00+00:00,724.7363164904963
2023-09-14 06:45:00+00:00,729.5522155209613
2023-09-14 07:45:00+00:00,730.0842156182333
2023-09-14 08:45:00+00:00,724.3448197235954
2023-09-14 09:45:00+00:00,732.7761222937316
2023-09-15 03:45:00+00:00,733.5329789166135
2023-09-15 04:45:00+00:00,725.5533195681686
2023-09-15 05:45:00+00:00,741.0384575611448
2023-09-15 06:45:00+00:00,746.3188360663038
2023-09-15 07:45:00+00:00,745.771194327124
2023-09-15 08:45:00+00:00,747.1596436093731
2023-09-15 09:45:00+00:00,746.8673118302002
2023-09-18 03:45:00+00:00,755.5602708297624
2023-09-18 04:45:00+00:00,753.2029856206711
2023-09-18 05:45:00+00:00,747.5046256436651
2023-09-18 06:45:00+00:00,739.5077593997406
2023-09-18 07:45:00+00:00,740.5419924020741
2023-09-18 08:45:00+00:00,744.6759575610612
2023-09-18 09:45:00+00:00,749.0816131818463
2023-09-20 03:45:00+00:00,747.1070645360965
2023-09-20 04:45:00+00:00,750.3419954827935
2023-09-20 05:45:00+00:00,753.8788557856894
2023-09-20 06:45:00+00:00,752.886802116174
2023-09-20 07:45:00+00:00,751.0594182936197
2023-09-20 08:45:00+00:00,737.5363456595267
2023-09-20 09:45:00+00:00,752.2473086925506
2023-09-21 03:45:00+00:00,751.127927220451
2023-09-21 04:45:00+00:00,733.2658122523496
2023-09-21 05:45:00+00:00,726.2706272184116
2023-09-21 06:45:00+00:00,719.9562070101907
2023-09-21 07:45:00+00:00,716.9289860739585
2023-09-21 08:45:00+00:00,715.5083802133066
2023-09-21 09:45:00+00:00,716.7682110605859
2023-09-22 03:45:00+00:00,716.5708698903626
2023-09-22 04:45:00+00:00,722.830103626779
2023-09-22 05:45:00+00:00,730.1303147600453
2023-09-22 06:45:00+00:00,726.2589204103914
2023-09-22 07:45:00+00:00,733.1276174220349
2023-09-22 08:45:00+00:00,743.3948921235211
2023-09-22 09:45:00+00:00,760.9696150419792
2023-09-25 03:45:00+00:00,757.3306915483729
2023-09-25 04:45:00+00:00,753.3376097121759
2023-09-25 05:45:00+00:00,756.0466454780699
2023-09-25 06:45:00+00:00,761.1588598457034
2023-09-25 07:45:00+00:00,752.322105393649
2023-09-25 08:45:00+00:00,758.5073221963794
2023-09-25 09:45:00+00:00,748.4073153467224
2023-09-26 03:45:00+00:00,761.6394913974055
2023-09-26 04:45:00+00:00,768.1379440813363
2023-09-26 05:45:00+00:00,757.326644054202
2023-09-26 06:45:00+00:00,760.7933977591834
2023-09-26 07:45:00+00:00,748.6069618271662
2023-09-26 08:45:00+00:00,744.1484332788859
2023-09-26 09:45:00+00:00,743.3464990030706
2023-09-27 03:45:00+00:00,760.0599713228561
2023-09-27 04:45:00+00:00,758.3499975367876
2023-09-27 05:45:00+00:00,761.194724404818
2023-09-27 06:45:00+00:00,753.1707789272907
2023-09-27 07:45:00+00:00,754.1059329311062
2023-09-27 08:45:00+00:00,750.7758854164274
2023-09-27 09:45:00+00:00,753.6949615313569
2023-09-28 03:45:00+00:00,743.9603337765066
2023-09-28 04:45:00+00:00,754.1336949376739
2023-09-28 05:45:00+00:00,759.568967377238
2023-09-28 06:45:00+00:00,768.3394780177824
2023-09-28 07:45:00+00:00,771.6078557134264
2023-09-28 08:45:00+00:00,773.5059464242137
2023-09-28 09:45:00+00:00,767.6657896243071
2023-09-29 03:45:00+00:00,759.8253206530162
2023-09-29 04:45:00+00:00,754.4461278900469
2023-09-29 05:45:00+00:00,754.6890005911757
2023-09-29 06:45:00+00:00,753.0499886305226
2023-09-29 07:45:00+00:00,757.3188323812352
2023-09-29 08:45:00+00:00,741.9824828334308
2023-09-29 09:45:00+00:00,748.1144968729242
2023-10-03 03:45:00+00:00,755.09633291681
2023-10-03 04:45:00+00:00,750.2241660735265
2023-10-03 05:45:00+00:00,760.4204709881533
2023-10-03 06:45:00+00:00,765.1370573280141
2023-10-03 07:45:00+00:00,765.6454608637433
2023-10-03 08:45:00+00:00,765.1057084071687
2023-10-03 09:45:00+00:00,770.7039182191644
2023-10-04 03:45:00+00:00,783.6084666547315
2023-10-04 04:45:00+00:00,798.5322043562943
2023-10-04 05:45:00+00:00,794.2948687106417
2023-10-04 06:45:00+00:00,796.4739110646516
2023-10-04 07:45:00+00:00,793.5033835184253
2023-10-04 08:45:00+00:00,786.7250102458843
2023-10-04 09:45:00+00:00,778.8563639627735
2023-10-05 03:45:00+00:00,767.9358750841558
2023-10-05 04:45:00+00:00,777.1492795079877
2023-10-05 05:45:00+00:00,767.9535247085352
2023-10-05 06:45:00+00:00,770.3737558247904
2023-10-05 07:45:00+00:00,787.0804351962532
2023-10-05 08:45:00+00:00,780.1439750796154
2023-10-05 09:45:00+00:00,778.0909576348677
2023-10-06 03:45:00+00:00,775.1060130296321
2023-10-06 04:45:00+00:00,769.8725101844377
2023-10-06 05:45:00+00:00,766.2943976396784
2023-10-06 06:45:00+00:00,762.220794202541
2023-10-06 07:45:00+00:00,756.8014990974349
2023-10-06 08:45:00+00:00,750.5966208976217
2023-10-06 09:45:00+00:00,745.3245428395957
2023-10-09 03:45:00+00:00,752.1211363917645
2023-10-09 04:45:00+00:00,764.7382600730922
2023-10-09 05:45:00+00:00,755.631216303986
2023-10-09 06:45:00+00:00,753.5043016244679
2023-10-09 07:45:00+00:00,749.5267402726321
2023-10-09 08:45:00+00:00,753.7116639916834
2023-10-09 09:45:00+00:00,741.0894928107947
2023-10-10 03:45:00+00:00,734.5596176745194
2023-10-10 04:45:00+00:00,719.0350440553377
2023-10-10 05:45:00+00:00,720.7016478451256
2023-10-10 06:45:00+00:00,727.081420395904
2023-10-10 07:45:00+00:00,735.4232243686645
2023-10-10 08:45:00+00:00,746.8954784573419
2023-10-10 09:45:00+00:00,754.8477501666282
2023-10-11 03:45:00+00:00,765.7963992894785
2023-10-11 04:45:00+00:00,750.6700968063453
2023-10-11 05:45:00+00:00,740.1512621426226
2023-10-11 06:45:00+00:00,735.7048216150346
2023-10-11 07:45:00+00:00,731.3589158232733
2023-10-11 08:45:00+00:00,733.7905870624794
2023-10-11 09:45:00+00:00,725.9320531146795
2023-10-12 03:45:00+00:00,732.071878359846
2023-10-12 04:45:00+00:00,728.4532464153102
2023-10-12 05:45:00+00:00,739.7222738401776
2023-10-12 06:45:00+00:00,730.5724875978233
2023-10-12 07:45:00+00:00,724.8863536546813
2023-10-12 08:45:00+00:00,722.80066322143
2023-10-12 09:45:00+00:00,727.8564154921835
2023-10-13 03:45:00+00:00,736.9444032166036
2023-10-13 04:45:00+00:00,756.340835314442
2023-10-13 05:45:00+00:00,757.843716844596
2023-10-13 06:45:00+00:00,750.5433230401799
2023-10-13 07:45:00+00:00,753.5289244362165
2023-10-13 08:45:00+00:00,744.942865806318
2023-10-13 09:45:00+00:00,737.5082168350951
2023-10-16 03:45:00+00:00,737.5448872427994
2023-10-16 04:45:00+00:00,747.602956113254
2023-10-16 05:45:00+00:00,754.3073729232234
2023-10-16 06:45:00+00:00,754.7375168931935
2023-10-16 07:45:00+00:00,748.7805822284881
2023-10-16 08:45:00+00:00,746.6361653246372
2023-10-16 09:45:00+00:00,739.0992900969928
2023-10-17 03:45:00+00:00,744.0007036218389
2023-10-17 04:45:00+00:00,740.6667445567599
2023-10-17 05:45:00+00:00,738.712133116501
2023-10-17 06:45:00+00:00,733.3114455811891
2023-10-17 07:45:00+00:00,727.7131838536615
2023-10-17 08:45:00+00:00,725.2568837090656
2023-10-17 09:45:00+00:00,722.4096392156848
2023-10-18 03:45:00+00:00,709.6650903478136
2023-10-18 04:45:00+00:00,717.9464746107949
2023-10-18 05:45:00+00:00,718.7823256542437
2023-10-18 06:45:00+00:00,717.4308996228116
2023-10-18 07:45:00+00:00,712.0048904912887
2023-10-18 08:45:00+00:00,712.5706970666013
2023-10-18 09:45:00+00:00,703.807466587891
2023-10-19 03:45:00+00:00,707.0568168029655
2023-10-19 04:45:00+00:00,719.530787847746
2023-10-19 05:45:00+00:00,715.7193288470486
2023-10-19 06:45:00+00:00,710.2762808962991
2023-10-19 07:45:00+00:00,722.7211238873962
2023-10-19 08:45:00+00:00,725.5866473738795
2023-10-19 09:45:00+00:00,718.6617176831534
2023-10-20 03:45:00+00:00,715.8114687212582
2023-10-20 04:45:00+00:00,707.4565975568638
2023-10-20 05:45:00+00:00,697.4731632925018
2023-10-20 06:45:00+00:00,706.9479078489384
2023-10-20 07:45:00+00:00,689.6889949605622
2023-10-20 08:45:00+00:00,692.7092880767128
2023-10-20 09:45:00+00:00,687.3087229099252
2023-10-23 03:45:00+00:00,686.3449186883098
2023-10-23 04:45:00+00:00,678.8230139186923
2023-10-23 05:45:00+00:00,684.9553006371594
2023-10-23 06:45:00+00:00,678.5917327645326
2023-10-23 07:45:00+00:00,686.4924827836904
2023-10-23 08:45:00+00:00,684.3711191239106
2023-10-23 09:45:00+00:00,675.7795489537917
2023-10-25 03:45:00+00:00,673.1479885401822
2023-10-25 04:45:00+00:00,675.7126378715036
2023-10-25 05:45:00+00:00,679.8445608273462
2023-10-25 06:45:00+00:00,682.3403513778342
2023-10-25 07:45:00+00:00,694.8461609725306
2023-10-25 08:45:00+00:00,695.1659068527011
2023-10-25 09:45:00+00:00,692.425903560226
2023-10-26 03:45:00+00:00,682.4265686730939
2023-10-26 04:45:00+00:00,677.4258785983192
2023-10-26 05:45:00+00:00,677.4500160588635
2023-10-26 06:45:00+00:00,677.2737607360233
2023-10-26 07:45:00+00:00,675.9864640039272
2023-10-26 08:45:00+00:00,679.2612500807219
2023-10-26 09:45:00+00:00,678.6767995927346
2023-10-27 03:45:00+00:00,683.1945921826249
2023-10-27 04:45:00+00:00,684.613937478926
2023-10-27 05:45:00+00:00,717.4524706427277
2023-10-27 06:45:00+00:00,710.386790254502
2023-10-27 07:45:00+00:00,717.435026947392
2023-10-27 08:45:00+00:00,707.0160742232727
2023-10-27 09:45:00+00:00,706.9733378180352
2023-10-30 03:45:00+00:00,709.0732428288384
2023-10-30 04:45:00+00:00,692.8072074512673
2023-10-30 05:45:00+00:00,695.7684294707174
2023-10-30 06:45:00+00:00,701.4142442372312
2023-10-30 07:45:00+00:00,700.013255911678
2023-10-30 08:45:00+00:00,699.715573571127
2023-10-30 09:45:00+00:00,698.3618826439297
2023-10-31 03:45:00+00:00,688.3299395040638
2023-10-31 04:45:00+00:00,687.306309219596
2023-10-31 05:45:00+00:00,692.4878621671404
2023-10-31 06:45:00+00:00,686.7367097259961
2023-10-31 07:45:00+00:00,687.4342270044823
2023-10-31 08:45:00+00:00,696.099349775118
2023-10-31 09:45:00+00:00,681.6068846161685
2023-11-01 03:45:00+00:00,692.1047862914585
2023-11-01 04:45:00+00:00,687.1772948995547
2023-11-01 05:45:00+00:00,684.1057709936648
2023-11-01 06:45:00+00:00,692.0048395626524
2023-11-01 07:45:00+00:00,700.6039503909974
2023-11-01 08:45:00+00:00,708.7401984975193
2023-11-01 09:45:00+00:00,710.8167309880953
2023-11-02 03:45:00+00:00,720.463654632
2023-11-02 04:45:00+00:00,710.3003559471379
2023-11-02 05:45:00+00:00,711.4335056765589
2023-11-02 06:45:00+00:00,708.529437952532
2023-11-02 07:45:00+00:00,706.7173845837938
2023-11-02 08:45:00+00:00,716.985973421036
2023-11-02 09:45:00+00:00,723.0922340834718
2023-11-03 03:45:00+00:00,721.6664854139393
2023-11-03 04:45:00+00:00,719.2328235162853
2023-11-03 05:45:00+00:00,717.4347394953263
2023-11-03 06:45:00+00:00,715.4330305718908
2023-11-03 07:45:00+00:00,721.6578169413851
2023-11-03 08:45:00+00:00,722.8116784102614
2023-11-03 09:45:00+00:00,721.9094689438317
2023-11-06 03:45:00+00:00,726.1667472359438
2023-11-06 04:45:00+00:00,733.0250089717459
2023-11-06 05:45:00+00:00,730.0445706993313
2023-11-06 06:45:00+00:00,733.6009784361256
2023-11-06 07:45:00+00:00,721.5670258200726
2023-11-06 08:45:00+00:00,715.2265071737114
2023-11-06 09:45:00+00:00,713.7643662927742
2023-11-07 03:45:00+00:00,730.1125585081232
2023-11-07 04:45:00+00:00,736.2772972292213
2023-11-07 05:45:00+00:00,733.1597810407093
2023-11-07 06:45:00+00:00,729.0003519663788
2023-11-07 07:45:00+00:00,731.7904868727605
2023-11-07 08:45:00+00:00,729.3635831729551
2023-11-07 09:45:00+00:00,726.4566858662565
2023-11-08 03:45:00+00:00,715.5567302587455
2023-11-08 04:45:00+00:00,721.7879877410178
2023-11-08 05:45:00+00:00,724.1265979658175
2023-11-08 06:45:00+00:00,713.0396814258169
2023-11-08 07:45:00+00:00,703.2869743471636
2023-11-08 08:45:00+00:00,693.5684132707757
2023-11-08 09:45:00+00:00,687.1374122583107
2023-11-09 03:45:00+00:00,693.1482186279945
2023-11-09 04:45:00+00:00,695.9873096976015
2023-11-09 05:45:00+00:00,696.2164692105472
2023-11-09 06:45:00+00:00,694.9880595605867
2023-11-09 07:45:00+00:00,672.8900475372318
2023-11-09 08:45:00+00:00,663.2277991482
2023-11-09 09:45:00+00:00,653.0550012500586
2023-11-10 03:45:00+00:00,663.7620074819021
2023-11-10 04:45:00+00:00,681.6448846264041
2023-11-10 05:45:00+00:00,688.6204490265418
2023-11-10 06:45:00+00:00,682.5813055833625
2023-11-10 07:45:00+00:00,691.3485195680014
2023-11-10 08:45:00+00:00,694.2957246432702
2023-11-10 09:45:00+00:00,691.6865402006727
2023-11-13 03:45:00+00:00,698.4690534071907
2023-11-13 04:45:00+00:00,703.9566394929234
2023-11-13 05:45:00+00:00,696.8592137885515
2023-11-13 06:45:00+00:00,709.0516923929155
2023-11-13 07:45:00+00:00,703.3315458851055
2023-11-13 08:45:00+00:00,708.0200578851588
2023-11-13 09:45:00+00:00,700.4189401513934
2023-11-15 03:45:00+00:00,696.6210291991724
2023-11-15 04:45:00+00:00,674.8313983735211
2023-11-15 05:45:00+00:00,670.8396135203005
2023-11-15 06:45:00+00:00,667.5305544451684
2023-11-15 07:45:00+00:00,667.5199742736711
2023-11-15 08:45:00+00:00,676.3516340861381
2023-11-15 09:45:00+00:00,675.5619154650938
2023-11-16 03:45:00+00:00,682.1040042872526
2023-11-16 04:45:00+00:00,677.02025467989
2023-11-16 05:45:00+00:00,679.8134130409844
2023-11-16 06:45:00+00:00,667.0908806224885
2023-11-16 07:45:00+00:00,666.5550852540541
2023-11-16 08:45:00+00:00,670.0487626567129
2023-11-16 09:45:00+00:00,665.0159618412034
2023-11-17 03:45:00+00:00,653.5734847771062
2023-11-17 04:45:00+00:00,656.3147509377602
2023-11-17 05:45:00+00:00,652.554141569329
2023-11-17 06:45:00+00:00,657.375838237213
2023-11-17 07:45:00+00:00,655.1327069662968
2023-11-17 08:45:00+00:00,650.9965611393059
2023-11-17 09:45:00+00:00,642.9885052639063
2023-11-20 03:45:00+00:00,637.6371226974909
2023-11-20 04:45:00+00:00,639.2202456507093
2023-11-20 05:45:00+00:00,653.2624539610484
2023-11-20 06:45:00+00:00,655.1944822584426
2023-11-20 07:45:00+00:00,660.7513260526803
2023-11-20 08:45:00+00:00,653.0378338337322
2023-11-20 09:45:00+00:00,665.8619262000562
2023-11-21 03:45:00+00:00,661.0801903980256
2023-11-21 04:45:00+00:00,660.2677076770725
2023-11-21 05:45:00+00:00,665.8431409719863
2023-11-21 06:45:00+00:00,673.539640381391
2023-11-21 07:45:00+00:00,667.3023029406435
2023-11-21 08:45:00+00:00,658.0983988952279
2023-11-21 09:45:00+00:00,654.773817366888
2023-11-22 03:45:00+00:00,655.4918861201271
2023-11-22 04:45:00+00:00,648.578225868237
2023-11-22 05:45:00+00:00,646.5841050770674
2023-11-22 06:45:00+00:00,633.4452169715257
2023-11-22 07:45:00+00:00,626.6042840132573
2023-11-22 08:45:00+00:00,621.85699810915
2023-11-22 09:45:00+00:00,611.9223826565116
2023-11-23 03:45:00+00:00,606.8365723746651
2023-11-23 04:45:00+00:00,613.9600579083353
2023-11-23 05:45:00+00:00,600.4532299416896
2023-11-23 06:45:00+00:00,605.889893788209
2023-11-23 07:45:00+00:00,609.2526855965638
2023-11-23 08:45:00+00:00,611.9600977673351
2023-11-23 09:45:00+00:00,617.8819490490756
2023-11-24 03:45:00+00:00,608.4587464461495
2023-11-24 04:45:00+00:00,602.9303014461326
2023-11-24 05:45:00+00:00,603.3584733974848
2023-11-24 06:45:00+00:00,599.5904613536924
2023-11-24 07:45:00+00:00,599.3918470796697
2023-11-24 08:45:00+00:00,604.1146105773048
2023-11-24 09:45:00+00:00,612.8513974004045
2023-11-28 03:45:00+00:00,610.4038314131907
2023-11-28 04:45:00+00:00,615.4014414099686
2023-11-28 05:45:00+00:00,614.541133321044
2023-11-28 06:45:00+00:00,608.9837116832309
2023-11-28 07:45:00+00:00,609.3301515840781
2023-11-28 08:45:00+00:00,608.6421813299958
2023-11-28 09:45:00+00:00,611.8526418146652
2023-11-29 03:45:00+00:00,602.0501445960821
2023-11-29 04:45:00+00:00,606.3189612537261
2023-11-29 05:45:00+00:00,608.7417128141221
2023-11-29 06:45:00+00:00,599.60570517027
2023-11-29 07:45:00+00:00,599.4098781806758
2023-11-29 08:45:00+00:00,599.0668484705616
2023-11-29 09:45:00+00:00,595.0157268282056
2023-11-30 03:45:00+00:00,583.4129577538139
2023-11-30 04:45:00+00:00,575.40581324605
2023-11-30 05:45:00+00:00,571.1432750035552
2023-11-30 06:45:00+00:00,566.9844401222759
2023-11-30 07:45:00+00:00,565.3995068076842
2023-11-30 08:45:00+00:00,551.3625893353408
2023-11-30 09:45:00+00:00,550.1471266625106
2023-12-01 03:45:00+00:00,549.457870134146
2023-12-01 04:45:00+00:00,551.5559419119502
2023-12-01 05:45:00+00:00,548.7996211406487
2023-12-01 06:45:00+00:00,542.3929400665967
2023-12-01 07:45:00+00:00,544.2442225764019
2023-12-01 08:45:00+00:00,543.0881128346724
2023-12-01 09:45:00+00:00,538.4417699628193
2023-12-04 03:45:00+00:00,534.6781410786284
2023-12-04 04:45:00+00:00,538.8372382160971
2023-12-04 05:45:00+00:00,543.2740339414302
2023-12-04 06:45:00+00:00,546.2887234794513
2023-12-04 07:45:00+00:00,545.6656697800954
2023-12-04 08:45:00+00:00,545.0473527008141
2023-12-04 09:45:00+00:00,550.965830548421
2023-12-05 03:45:00+00:00,555.2494786568772
2023-12-05 04:45:00+00:00,547.8192703539502
2023-12-05 05:45:00+00:00,550.6455988656501
2023-12-05 06:45:00+00:00,548.1549318222459
2023-12-05 07:45:00+00:00,541.3037377653225
2023-12-05 08:45:00+00:00,542.8591240657929
2023-12-05 09:45:00+00:00,543.4233139500311
2023-12-06 03:45:00+00:00,546.2117718690815
2023-12-06 04:45:00+00:00,543.9607803644576
2023-12-06 05:45:00+00:00,542.8856488128722
2023-12-06 06:45:00+00:00,546.8715309352818
2023-12-06 07:45:00+00:00,544.9868060548072
2023-12-06 08:45:00+00:00,547.8011242266329
2023-12-06 09:45:00+00:00,550.9759234969052
2023-12-07 03:45:00+00:00,554.0628787663071
2023-12-07 04:45:00+00:00,553.8522180808377
2023-12-07 05:45:00+00:00,562.5419365414806
2023-12-07 06:45:00+00:00,574.7591416231332
2023-12-07 07:45:00+00:00,584.4528025057393
2023-12-07 08:45:00+00:00,579.7966902818956
2023-12-07 09:45:00+00:00,575.9524530600607
2023-12-08 03:45:00+00:00,575.341566525276
2023-12-08 04:45:00+00:00,593.1383563462551
2023-12-08 05:45:00+00:00,582.6390731746716
2023-12-08 06:45:00+00:00,588.4282553773581
2023-12-08 07:45:00+00:00,599.0423460677606
2023-12-08 08:45:00+00:00,600.3167916053371
2023-12-08 09:45:00+00:00,604.6945746691208
2023-12-11 03:45:00+00:00,595.3876997030694
2023-12-11 04:45:00+00:00,596.5150514165186
2023-12-11 05:45:00+00:00,594.2684887956297
2023-12-11 06:45:00+00:00,598.742991242664
2023-12-11 07:45:00+00:00,601.1134656721191
2023-12-11 08:45:00+00:00,597.819536158522
2023-12-11 09:45:00+00:00,597.9146581237951
2023-12-12 03:45:00+00:00,596.8004732368535
2023-12-12 04:45:00+00:00,599.5861352517846
2023-12-12 05:45:00+00:00,584.3933336938719
2023-12-12 06:45:00+00:00,589.8254656882283
2023-12-12 07:45:00+00:00,582.8365835333151
2023-12-12 08:45:00+00:00,589.8180881661942
2023-12-12 09:45:00+00:00,586.576166571952
2023-12-13 03:45:00+00:00,578.1323410011585
2023-12-13 04:45:00+00:00,584.0295752391653
2023-12-13 05:45:00+00:00,579.8613230928167
2023-12-13 06:45:00+00:00,579.4835595207254
2023-12-13 07:45:00+00:00,576.6764877828823
2023-12-13 08:45:00+00:00,581.6377349428062
2023-12-13 09:45:00+00:00,584.4027872606106
2023-12-14 03:45:00+00:00,582.5420477434806
2023-12-14 04:45:00+00:00,577.8457997355092
2023-12-14 05:45:00+00:00,573.0669200284849
2023-12-14 06:45:00+00:00,581.5580566450864
2023-12-14 07:45:00+00:00,576.2434762275573
2023-12-14 08:45:00+00:00,569.3750967114322
2023-12-14 09:45:00+00:00,571.135750329346
2023-12-15 03:45:00+00:00,572.3219256985556
2023-12-15 04:45:00+00:00,586.5028588617654
2023-12-15 05:45:00+00:00,584.060661031355
2023-12-15 06:45:00+00:00,587.9130226587165
2023-12-15 07:45:00+00:00,595.1933223422799
2023-12-15 08:45:00+00:00,596.68878823947
2023-12-15 09:45:00+00:00,599.1342169249494
2023-12-18 03:45:00+00:00,598.7598349588654
2023-12-18 04:45:00+00:00,596.7734483746655
2023-12-18 05:45:00+00:00,588.8385215584215
2023-12-18 06:45:00+00:00,596.4034930707559
2023-12-18 07:45:00+00:00,585.8739030208326
2023-12-18 08:45:00+00:00,581.2591783280226
2023-12-18 09:45:00+00:00,577.0508530828795
2023-12-19 03:45:00+00:00,578.7052079062952
2023-12-19 04:45:00+00:00,587.6951313531381
2023-12-19 05:45:00+00:00,586.9169068991198
2023-12-19 06:45:00+00:00,583.270447796039
2023-12-19 07:45:00+00:00,584.3641806608094
2023-12-19 08:45:00+00:00,580.7843966907658
2023-12-19 09:45:00+00:00,580.2438355769893
2023-12-20 03:45:00+00:00,582.9060108489841
2023-12-20 04:45:00+00:00,584.5928308086528
2023-12-20 05:45:00+00:00,575.2138309746288
2023-12-20 06:45:00+00:00,576.8399645024239
2023-12-20 07:45:00+00:00,581.0840727849946
2023-12-20 08:45:00+00:00,581.6242816176415
2023-12-20 09:45:00+00:00,588.3141377943667
2023-12-21 03:45:00+00:00,593.8245793765951
2023-12-21 04:45:00+00:00,584.3439060242131
2023-12-21 05:45:00+00:00,588.0931001939643
2023-12-21 06:45:00+00:00,586.6409441043226
2023-12-21 07:45:00+00:00,581.4692483857223
2023-12-21 08:45:00+00:00,584.710279368632
2023-12-21 09:45:00+00:00,579.4111712932196
2023-12-22 03:45:00+00:00,591.1505781593205
2023-12-22 04:45:00+00:00,593.2447266840585
2023-12-22 05:45:00+00:00,602.1209723302237
2023-12-22 06:45:00+00:00,598.1718334337926
2023-12-22 07:45:00+00:00,596.3817199693564
2023-12-22 08:45:00+00:00,596.5130202814129
2023-12-22 09:45:00+00:00,592.2883800249552
2023-12-26 03:45:00+00:00,596.110000355184
2023-12-26 04:45:00+00:00,594.6039380450776
2023-12-26 05:45:00+00:00,587.874181936791
2023-12-26 06:45:00+00:00,585.9754157800274
2023-12-26 07:45:00+00:00,583.1264079046841
2023-12-26 08:45:00+00:00,589.7249653468608
2023-12-26 09:45:00+00:00,592.1427792406234
2023-12-27 03:45:00+00:00,602.9508080401326
2023-12-27 04:45:00+00:00,599.1373657517778
2023-12-27 05:45:00+00:00,601.0177282261471
2023-12-27 06:45:00+00:00,605.3190450549814
2023-12-27 07:45:00+00:00,595.9576134672296
2023-12-27 08:45:00+00:00,609.4641795771106
2023-12-27 09:45:00+00:00,604.5808516065612
2023-12-28 03:45:00+00:00,607.3140758525949
2023-12-28 04:45:00+00:00,614.5778670219053
2023-12-28 05:45:00+00:00,616.0745742763589
2023-12-28 06:45:00+00:00,617.9002126058841
2023-12-28 07:45:00+00:00,620.7692143403985
2023-12-28 08:45:00+00:00,611.6626685799005
2023-12-28 09:45:00+00:00,605.5662168734802
2023-12-29 03:45:00+00:00,602.6058068927301
2023-12-29 04:45:00+00:00,589.4782385068438
2023-12-29 05:45:00+00:00,589.8007353125538
2023-12-29 06:45:00+00:00,589.7184020045067
2023-12-29 07:45:00+00:00,574.9862270792157
2023-12-29 08:45:00+00:00,577.3377075201445
2023-12-29 09:45:00+00:00,577.8465848950392
2024-01-01 03:45:00+00:00,578.4224020525292
2024-01-01 04:45:00+00:00,579.1328637578291
2024-01-01 05:45:00+00:00,584.3796433030642
2024-01-01 06:45:00+00:00,586.128697784771
2024-01-01 07:45:00+00:00,593.1520852345853
2024-01-01 08:45:00+00:00,590.8794428543388
2024-01-01 09:45:00+00:00,586.8325465476569
2024-01-02 03:45:00+00:00,593.9359271758902
2024-01-02 04:45:00+00:00,595.0263624876983
2024-01-02 05:45:00+00:00,595.273395206411
2024-01-02 06:45:00+00:00,602.7402196957023
2024-01-02 07:45:00+00:00,609.7938209918657
2024-01-02 08:45:00+00:00,616.9923054231573
2024-01-02 09:45:00+00:00,612.3203168493294
2024-01-03 03:45:00+00:00,612.8918613162035
2024-01-03 04:45:00+00:00,620.6724023312963
2024-01-03 05:45:00+00:00,619.3347756876578
2024-01-03 06:45:00+00:00,623.6715823371579
2024-01-03 07:45:00+00:00,622.1303775317436
2024-01-03 08:45:00+00:00,623.2929113869474
2024-01-03 09:45:00+00:00,619.4876940802401
2024-01-04 03:45:00+00:00,616.8959264278091
2024-01-04 04:45:00+00:00,614.3542277786706
2024-01-04 05:45:00+00:00,619.6630841682913
2024-01-04 06:45:00+00:00,606.1307863874761
2024-01-04 07:45:00+00:00,606.1145471008899
2024-01-04 08:45:00+00:00,610.5183173132743
2024-01-04 09:45:00+00:00,606.0618675954252
2024-01-05 03:45:00+00:00,607.7610684926047
2024-01-05 04:45:00+00:00,607.7835276520198
2024-01-05 05:45:00+00:00,613.322883155723
2024-01-05 06:45:00+00:00,613.2226503470433
2024-01-05 07:45:00+00:00,613.8396744318603
2024-01-05 08:45:00+00:00,610.7359699151173
2024-01-05 09:45:00+00:00,613.0720776393989
2024-01-08 03:45:00+00:00,615.076357885672
2024-01-08 04:45:00+00:00,623.3133732742032
2024-01-08 05:45:00+00:00,636.2409319925106
2024-01-08 06:45:00+00:00,635.2650913386452
2024-01-08 07:45:00+00:00,651.887022947098
2024-01-08 08:45:00+00:00,644.9759959027457
2024-01-08 09:45:00+00:00,643.6846707873428
2024-01-09 03:45:00+00:00,634.1332444564604
2024-01-09 04:45:00+00:00,629.518477981547
2024-01-09 05:45:00+00:00,639.0277345625863
2024-01-09 06:45:00+00:00,637.1907435314865
2024-01-09 07:45:00+00:00,643.4661337042986
2024-01-09 08:45:00+00:00,631.6896393027141
2024-01-09 09:45:00+00:00,629.2516056581569
2024-01-10 03:45:00+00:00,631.7508486378051
2024-01-10 04:45:00+00:00,642.9160498831593
2024-01-10 05:45:00+00:00,647.4740553857156
2024-01-10 06:45:00+00:00,646.7116359408845
2024-01-10 07:45:00+00:00,643.3793747931819
2024-01-10 08:45:00+00:00,642.2141052261812
2024-01-10 09:45:00+00:00,639.0206012814593
2024-01-11 03:45:00+00:00,634.169041803841
2024-01-11 04:45:00+00:00,628.1160578459592
2024-01-11 05:45:00+00:00,639.9525946976635
2024-01-11 06:45:00+00:00,634.3109463849695
2024-01-11 07:45:00+00:00,626.9873573316061
2024-01-11 08:45:00+00:00,634.6080140054336
2024-01-11 09:45:00+00:00,633.6569477970975
2024-01-12 03:45:00+00:00,622.2991368857917
2024-01-12 04:45:00+00:00,627.452280239813
2024-01-12 05:45:00+00:00,632.9007153622493
2024-01-12 06:45:00+00:00,636.0589755945493
2024-01-12 07:45:00+00:00,638.7849720930736
2024-01-12 08:45:00+00:00,645.139467018647
2024-01-12 09:45:00+00:00,642.7262417260387
2024-01-15 03:45:00+00:00,648.1641255672205
2024-01-15 04:45:00+00:00,662.4901099250666
2024-01-15 05:45:00+00:00,666.9687853486445
2024-01-15 06:45:00+00:00,661.7173672875949
2024-01-15 07:45:00+00:00,656.7722177628893
2024-01-15 08:45:00+00:00,656.2352355215495
2024-01-15 09:45:00+00:00,661.1633366033568
2024-01-16 03:45:00+00:00,657.7315712531124
2024-01-16 04:45:00+00:00,652.5363156282637
2024-01-16 05:45:00+00:00,649.7100552269239
2024-01-16 06:45:00+00:00,655.4378129696374
2024-01-16 07:45:00+00:00,651.4996427457772
2024-01-16 08:45:00+00:00,646.2882147600932
2024-01-16 09:45:00+00:00,638.816609594419
2024-01-17 03:45:00+00:00,633.1697380614328
2024-01-17 04:45:00+00:00,624.7091140451905
2024-01-17 05:45:00+00:00,634.4070257730862
2024-01-17 06:45:00+00:00,639.1162279305505
2024-01-17 07:45:00+00:00,632.300122916879
2024-01-17 08:45:00+00:00,633.3147429475139
2024-01-17 09:45:00+00:00,635.5558255837939
2024-01-18 03:45:00+00:00,638.1921499525971
2024-01-18 04:45:00+00:00,642.2482687087634
2024-01-18 05:45:00+00:00,641.8134551335293
2024-01-18 06:45:00+00:00,624.0271662834876
2024-01-18 07:45:00+00:00,621.0141569010943
2024-01-18 08:45:00+00:00,629.7420951937073
2024-01-18 09:45:00+00:00,627.9982961384769
2024-01-19 03:45:00+00:00,624.5610910804236
2024-01-19 04:45:00+00:00,625.0365161712244
2024-01-19 05:45:00+00:00,622.3199552516642
2024-01-19 06:45:00+00:00,626.8104442200538
2024-01-19 07:45:00+00:00,621.9362393406878
2024-01-19 08:45:00+00:00,633.0778585381707
2024-01-19 09:45:00+00:00,640.0981564508926
2024-01-23 03:45:00+00:00,652.1736572201469
2024-01-23 04:45:00+00:00,659.0298557253419
2024-01-23 05:45:00+00:00,667.585317344147
2024-01-23 06:45:00+00:00,677.5317943394753
2024-01-23 07:45:00+00:00,688.5715985341901
2024-01-23 08:45:00+00:00,688.5922418194988
2024-01-23 09:45:00+00:00,680.9897056202617
2024-01-24 03:45:00+00:00,688.9084039535273
2024-01-24 04:45:00+00:00,693.9239377517031
2024-01-24 05:45:00+00:00,688.6961665121779
2024-01-24 06:45:00+00:00,693.1634607929767
2024-01-24 07:45:00+00:00,687.3330876596164
2024-01-24 08:45:00+00:00,675.673111598855
2024-01-24 09:45:00+00:00,672.833481680018
2024-01-25 03:45:00+00:00,665.8896041953835
2024-01-25 04:45:00+00:00,667.9125948025143
2024-01-25 05:45:00+00:00,657.5714817298582
2024-01-25 06:45:00+00:00,667.3732113870112
2024-01-25 07:45:00+00:00,668.5370688754655
2024-01-25 08:45:00+00:00,653.075635493306
2024-01-25 09:45:00+00:00,649.3829699565391
2024-01-29 03:45:00+00:00,647.8707799317809
2024-01-29 04:45:00+00:00,636.1817600677432
2024-01-29 05:45:00+00:00,632.4701219635925
2024-01-29 06:45:00+00:00,631.0240851666966
2024-01-29 07:45:00+00:00,633.2302527260215
2024-01-29 08:45:00+00:00,634.5483792195579
2024-01-29 09:45:00+00:00,636.0142493826152
2024-01-30 03:45:00+00:00,636.9034662372076
2024-01-30 04:45:00+00:00,632.9303813656742
2024-01-30 05:45:00+00:00,641.8896029285329
2024-01-30 06:45:00+00:00,643.3012883015565
2024-01-30 07:45:00+00:00,638.2165171010901
2024-01-30 08:45:00+00:00,640.0114374937727
2024-01-30 09:45:00+00:00,638.105681278667
2024-01-31 03:45:00+00:00,657.7486185025535
2024-01-31 04:45:00+00:00,665.4836974867544
2024-01-31 05:45:00+00:00,639.1851652667125
2024-01-31 06:45:00+00:00,642.6777724837958
2024-01-31 07:45:00+00:00,646.2387258633568
2024-01-31 08:45:00+00:00,649.7651426270164
2024-01-31 09:45:00+00:00,650.3578983394718
2024-02-01 03:45:00+00:00,637.3372494884958
2024-02-01 04:45:00+00:00,638.3859841567892
2024-02-01 05:45:00+00:00,634.3266311261234
2024-02-01 06:45:00+00:00,642.4767090411065
2024-02-01 07:45:00+00:00,644.6904485024263
2024-02-01 08:45:00+00:00,645.2350055740607
2024-02-01 09:45:00+00:00,648.1775601562515
2024-02-02 03:45:00+00:00,648.4040045934381
2024-02-02 04:45:00+00:00,653.1148018011723
2024-02-02 05:45:00+00:00,657.3246521829861
2024-02-02 06:45:00+00:00,665.0090489032153
2024-02-02 07:45:00+00:00,664.1327286755134
2024-02-02 08:45:00+00:00,664.884742388894
2024-02-02 09:45:00+00:00,668.4231741803652
2024-02-05 03:45:00+00:00,665.2271823010614
2024-02-05 04:45:00+00:00,665.697739710283
2024-02-05 05:45:00+00:00,659.762422346555
2024-02-05 06:45:00+00:00,656.7909733005346
2024-02-05 07:45:00+00:00,673.9428721233278
2024-02-05 08:45:00+00:00,668.4268330923132
2024-02-05 09:45:00+00:00,675.097777500807
2024-02-06 03:45:00+00:00,671.8855805241346
2024-02-06 04:45:00+00:00,673.9590589528372
2024-02-06 05:45:00+00:00,678.0948340820244
2024-02-06 06:45:00+00:00,673.4741556664974
2024-02-06 07:45:00+00:00,668.8920860593454
2024-02-06 08:45:00+00:00,671.3672773412552
2024-02-06 09:45:00+00:00,677.4394808241952
2024-02-07 03:45:00+00:00,684.5372836428345
2024-02-07 04:45:00+00:00,694.0835333722383
2024-02-07 05:45:00+00:00,690.4336453077669
2024-02-07 06:45:00+00:00,698.6359813202354
2024-02-07 07:45:00+00:00,698.8292064798309
2024-02-07 08:45:00+00:00,700.2264167420083
2024-02-07 09:45:00+00:00,705.0696815552058
2024-02-08 03:45:00+00:00,704.0897512222781
2024-02-08 04:45:00+00:00,717.3562574064337
2024-02-08 05:45:00+00:00,718.5162296628481
2024-02-08 06:45:00+00:00,714.5884481451662
2024-02-08 07:45:00+00:00,719.6492879075686
2024-02-08 08:45:00+00:00,718.3582454887598
2024-02-08 09:45:00+00:00,713.5230755399006
2024-02-09 03:45:00+00:00,718.51717232904
2024-02-09 04:45:00+00:00,717.7221304451368
2024-02-09 05:45:00+00:00,708.3067400061137
2024-02-09 06:45:00+00:00,716.6099291201502
2024-02-09 07:45:00+00:00,721.7922452242249
2024-02-09 08:45:00+00:00,722.614989159641
2024-02-09 09:45:00+00:00,710.4077917570621
2024-02-12 03:45:00+00:00,701.9792970662588
2024-02-12 04:45:00+00:00,711.6054360002629
2024-02-12 05:45:00+00:00,707.5002899444945
2024-02-12 06:45:00+00:00,714.1521407742778
2024-02-12 07:45:00+00:00,714.0972296952251
2024-02-12 08:45:00+00:00,726.2090657056568
2024-02-12 09:45:00+00:00,718.7769701231493
2024-02-13 03:45:00+00:00,710.9494717621216
2024-02-13 04:45:00+00:00,707.6079074934955
2024-02-13 05:45:00+00:00,706.7762969813261
2024-02-13 06:45:00+00:00,698.4568716869734
2024-02-13 07:45:00+00:00,709.2959690188319
2024-02-13 08:45:00+00:00,702.9714002923298
2024-02-13 09:45:00+00:00,704.929150564163
2024-02-14 03:45:00+00:00,690.7099049291575
2024-02-14 04:45:00+00:00,698.8882943825366
2024-02-14 05:45:00+00:00,717.3439690508061
2024-02-14 06:45:00+00:00,711.3228318853851
2024-02-14 07:45:00+00:00,695.3770100119518
2024-02-14 08:45:00+00:00,684.8470846047468
2024-02-14 09:45:00+00:00,685.7359892311586
2024-02-15 03:45:00+00:00,680.4787831669552
2024-02-15 04:45:00+00:00,686.1095354961502
2024-02-15 05:45:00+00:00,696.1009037069125
2024-02-15 06:45:00+00:00,695.9794237599253
2024-02-15 07:45:00+00:00,702.8077814987155
2024-02-15 08:45:00+00:00,681.0544196110507
2024-02-15 09:45:00+00:00,672.4356012629293
2024-02-16 03:45:00+00:00,670.9913814257351
2024-02-16 04:45:00+00:00,674.6425370525483
2024-02-16 05:45:00+00:00,683.1106658702106
2024-02-16 06:45:00+00:00,683.134795752311
2024-02-16 07:45:00+00:00,689.5838933590296
2024-02-16 08:45:00+00:00,689.8985222120776
2024-02-16 09:45:00+00:00,694.7444025665798
2024-02-19 03:45:00+00:00,696.950192134658
2024-02-19 04:45:00+00:00,694.8483039396074
2024-02-19 05:45:00+00:00,681.5888001270042
2024-02-19 06:45:00+00:00,688.3457920392597
2024-02-19 07:45:00+00:00,687.5705314886782
2024-02-19 08:45:00+00:00,691.0107925550801
2024-02-19 09:45:00+00:00,692.9905352777093
2024-02-20 03:45:00+00:00,674.826327827356
2024-02-20 04:45:00+00:00,673.5239445160981
2024-02-20 05:45:00+00:00,680.2211099150481
2024-02-20 06:45:00+00:00,691.4923744859794
2024-02-20 07:45:00+00:00,687.7847710476947
2024-02-20 08:45:00+00:00,680.6052440796408
2024-02-20 09:45:00+00:00,689.6631835049884
2024-02-21 03:45:00+00:00,689.480017709511
2024-02-21 04:45:00+00:00,690.6419176290854
2024-02-21 05:45:00+00:00,694.232307803395
2024-02-21 06:45:00+00:00,691.3976680290857
2024-02-21 07:45:00+00:00,700.2546514120334
2024-02-21 08:45:00+00:00,690.4506983693998
2024-02-21 09:45:00+00:00,686.3758235799594
2024-02-22 03:45:00+00:00,681.4518959664007
2024-02-22 04:45:00+00:00,676.1144084933144
2024-02-22 05:45:00+00:00,672.8940373899069
2024-02-22 06:45:00+00:00,673.9474944081006
2024-02-22 07:45:00+00:00,677.3611745868805
2024-02-22 08:45:00+00:00,678.3641922166785
2024-02-22 09:45:00+00:00,677.7023982986508
2024-02-23 03:45:00+00:00,676.2904094741796
2024-02-23 04:45:00+00:00,678.3139878555102
2024-02-23 05:45:00+00:00,684.2554528855574
2024-02-23 06:45:00+00:00,679.7450851684778
2024-02-23 07:45:00+00:00,673.7801309552859
2024-02-23 08:45:00+00:00,679.9581755337962
2024-02-23 09:45:00+00:00,672.9893825963269
2024-02-26 03:45:00+00:00,676.1635784581977
2024-02-26 04:45:00+00:00,688.4950428991798
2024-02-26 05:45:00+00:00,696.550900095142
2024-02-26 06:45:00+00:00,700.1536391138155
2024-02-26 07:45:00+00:00,691.4633820588829
2024-02-26 08:45:00+00:00,697.0241045968387
2024-02-26 09:45:00+00:00,705.6920828017276
2024-02-27 03:45:00+00:00,705.916581426618
2024-02-27 04:45:00+00:00,703.3928913964556
2024-02-27 05:45:00+00:00,704.3222982803878
2024-02-27 06:45:00+00:00,700.7474449224882
2024-02-27 07:45:00+00:00,703.5399592776166
2024-02-27 08:45:00+00:00,714.7256396491148
2024-02-27 09:45:00+00:00,711.6304845862951
2024-02-28 03:45:00+00:00,714.9976477642927
2024-02-28 04:45:00+00:00,707.0035202080396
2024-02-28 05:45:00+00:00,708.7157275579601
2024-02-28 06:45:00+00:00,703.9618959951259
2024-02-28 07:45:00+00:00,704.7617067707861
2024-02-28 08:45:00+00:00,714.6560391109531
2024-02-28 09:45:00+00:00,718.7120119208599
2024-02-29 03:45:00+00:00,725.1468761084069
2024-02-29 04:45:00+00:00,724.9367236453969
2024-02-29 05:45:00+00:00,735.5401872167131
2024-02-29 06:45:00+00:00,762.991496804947
2024-02-29 07:45:00+00:00,759.4618011327833
2024-02-29 08:45:00+00:00,758.378261945807
2024-02-29 09:45:00+00:00,761.2311712818807
2024-03-01 03:45:00+00:00,752.3426736506096
2024-03-01 04:45:00+00:00,757.7968276780331
2024-03-01 05:45:00+00:00,758.4211763603888
2024-03-01 06:45:00+00:00,767.6866256498618
2024-03-01 07:45:00+00:00,762.8965710805702
2024-03-01 08:45:00+00:00,775.1334978918705
2024-03-01 09:45:00+00:00,779.4252593247207
2024-03-04 03:45:00+00:00,779.1661390175359
2024-03-04 04:45:00+00:00,788.8052066558076
2024-03-04 05:45:00+00:00,764.756363428382
2024-03-04 06:45:00+00:00,757.8213024953143
2024-03-04 07:45:00+00:00,751.6261964195089
2024-03-04 08:45:00+00:00,738.8713235037602
2024-03-04 09:45:00+00:00,736.6456057211414
2024-03-05 03:45:00+00:00,742.17624626639
2024-03-05 04:45:00+00:00,738.9427539113408
2024-03-05 05:45:00+00:00,734.0837613578458
2024-03-05 06:45:00+00:00,740.8241426824685
2024-03-05 07:45:00+00:00,735.8244496702972
2024-03-05 08:45:00+00:00,741.9553619763244
2024-03-05 09:45:00+00:00,753.1218699279074
2024-03-06 03:45:00+00:00,758.8518451081297
2024-03-06 04:45:00+00:00,770.2428113654348
2024-03-06 05:45:00+00:00,764.8330601536943
2024-03-06 06:45:00+00:00,762.7353648505723
2024-03-06 07:45:00+00:00,765.4504918800063
2024-03-06 08:45:00+00:00,767.1855028243045
2024-03-06 09:45:00+00:00,760.1964471570743
2024-03-07 03:45:00+00:00,762.3878439854997
2024-03-07 04:45:00+00:00,763.1930204171332
2024-03-07 05:45:00+00:00,762.9880090369111
2024-03-07 06:45:00+00:00,762.1546769252476
2024-03-07 07:45:00+00:00,751.4421521491091
2024-03-07 08:45:00+00:00,784.5035855057291
2024-03-07 09:45:00+00:00,785.5626533911211
2024-03-11 03:45:00+00:00,787.7152882323309
2024-03-11 04:45:00+00:00,796.0151664479797
2024-03-11 05:45:00+00:00,797.6238858016868
2024-03-11 06:45:00+00:00,795.5694622951532
2024-03-11 07:45:00+00:00,785.9241992420028
2024-03-11 08:45:00+00:00,787.7701328322062
2024-03-11 09:45:00+00:00,793.5006120419363
2024-03-12 03:45:00+00:00,798.761845137772
2024-03-12 04:45:00+00:00,786.4944711511387
2024-03-12 05:45:00+00:00,786.7019337311327
2024-03-12 06:45:00+00:00,782.499667114385
2024-03-12 07:45:00+00:00,795.9371865965759
2024-03-12 08:45:00+00:00,795.0078990322979
2024-03-12 09:45:00+00:00,794.2298647086844
2024-03-13 03:45:00+00:00,792.1912406897522
2024-03-13 04:45:00+00:00,790.825616411693
2024-03-13 05:45:00+00:00,777.5325587311696
2024-03-13 06:45:00+00:00,781.5313921120145
2024-03-13 07:45:00+00:00,798.3206062249142
2024-03-13 08:45:00+00:00,805.8686460130631
2024-03-13 09:45:00+00:00,811.9424212486151
2024-03-14 03:45:00+00:00,805.7811527307249
2024-03-14 04:45:00+00:00,780.6662086452633
2024-03-14 05:45:00+00:00,764.195581178175
2024-03-14 06:45:00+00:00,769.441573251362
2024-03-14 07:45:00+00:00,785.4439172235484
2024-03-14 08:45:00+00:00,777.0502571467516
2024-03-14 09:45:00+00:00,772.9346754065158
2024-03-15 03:45:00+00:00,780.9786323884184
2024-03-15 04:45:00+00:00,794.4475958872191
2024-03-15 05:45:00+00:00,794.2634527087926
2024-03-15 06:45:00+00:00,785.3728431052194
2024-03-15 07:45:00+00:00,782.5400026376977
2024-03-15 08:45:00+00:00,782.5824289135279
2024-03-15 09:45:00+00:00,776.1507239462038
2024-03-18 03:45:00+00:00,780.8690545560318
2024-03-18 04:45:00+00:00,786.8471242009381
2024-03-18 05:45:00+00:00,793.6545264560452
2024-03-18 06:45:00+00:00,786.5599853689189
2024-03-18 07:45:00+00:00,776.6257108824573
2024-03-18 08:45:00+00:00,761.6235753555985
2024-03-18 09:45:00+00:00,754.7392054413234
2024-03-19 03:45:00+00:00,742.538367461348
2024-03-19 04:45:00+00:00,745.9534677984076
2024-03-19 05:45:00+00:00,749.2506659146558
2024-03-19 06:45:00+00:00,741.6399251853296
2024-03-19 07:45:00+00:00,745.6129328173627
2024-03-19 08:45:00+00:00,741.6749182123191
2024-03-19 09:45:00+00:00,757.0055602363891
2024-03-20 03:45:00+00:00,754.7828198989947
2024-03-20 04:45:00+00:00,749.623441860476
2024-03-20 05:45:00+00:00,747.673641365733
2024-03-20 06:45:00+00:00,748.6155906906821
2024-03-20 07:45:00+00:00,742.5903698027339
2024-03-20 08:45:00+00:00,754.501202825944
2024-03-20 09:45:00+00:00,753.8148547018976
2024-03-21 03:45:00+00:00,768.6170157145796
2024-03-21 04:45:00+00:00,762.0497525556672
2024-03-21 05:45:00+00:00,774.9905713682257
2024-03-21 06:45:00+00:00,777.9360942087931
2024-03-21 07:45:00+00:00,762.2287950458556
2024-03-21 08:45:00+00:00,756.4482680366006
2024-03-21 09:45:00+00:00,749.1688240482856
2024-03-22 03:45:00+00:00,759.218730965421
2024-03-22 04:45:00+00:00,760.4343287193867
2024-03-22 05:45:00+00:00,778.5277608634048
2024-03-22 06:45:00+00:00,774.9595320467586
2024-03-22 07:45:00+00:00,788.55688629855
2024-03-22 08:45:00+00:00,778.8933768171272
2024-03-22 09:45:00+00:00,777.4286894093508
2024-03-26 03:45:00+00:00,784.2465397853103
2024-03-26 04:45:00+00:00,786.3669733460309
2024-03-26 05:45:00+00:00,783.0507610452861
2024-03-26 06:45:00+00:00,782.8633478057367
2024-03-26 07:45:00+00:00,778.0904213136573
2024-03-26 08:45:00+00:00,771.6966694303522
2024-03-26 09:45:00+00:00,761.0125471249764
2024-03-27 03:45:00+00:00,754.4968882972511
2024-03-27 04:45:00+00:00,769.6451107317126
2024-03-27 05:45:00+00:00,776.1205437324552
2024-03-27 06:45:00+00:00,783.5299078335755
2024-03-27 07:45:00+00:00,779.5898552878658
2024-03-27 08:45:00+00:00,783.2165874820101
2024-03-27 09:45:00+00:00,780.6333780623132
2024-03-28 03:45:00+00:00,791.9939330947738
2024-03-28 04:45:00+00:00,793.1603269149674
2024-03-28 05:45:00+00:00,787.9331051508218
2024-03-28 06:45:00+00:00,787.3194492288208
2024-03-28 07:45:00+00:00,792.9134890879616
2024-03-28 08:45:00+00:00,782.6766419803363
2024-03-28 09:45:00+00:00,780.0341711945895
2024-04-01 03:45:00+00:00,778.6926962653163
2024-04-01 04:45:00+00:00,779.1511032643153
2024-04-01 05:45:00+00:00,786.7164919735823
2024-04-01 06:45:00+00:00,777.0930645783512
2024-04-01 07:45:00+00:00,785.3295246902265
2024-04-01 08:45:00+00:00,797.6666848511745
2024-04-01 09:45:00+00:00,780.951871421534
2024-04-02 03:45:00+00:00,779.2564149474753
2024-04-02 04:45:00+00:00,774.4772459038445
2024-04-02 05:45:00+00:00,762.6339744886889
2024-04-02 06:45:00+00:00,756.4973397056949
2024-04-02 07:45:00+00:00,751.5451846229978
2024-04-02 08:45:00+00:00,739.4566942055294
2024-04-02 09:45:00+00:00,728.7548166027897
2024-04-03 03:45:00+00:00,723.3127264373721
2024-04-03 04:45:00+00:00,725.0764307772725
2024-04-03 05:45:00+00:00,714.7485994839919
2024-04-03 06:45:00+00:00,734.0710324761106
2024-04-03 07:45:00+00:00,734.5150901516233
2024-04-03 08:45:00+00:00,719.4741865445408
2024-04-03 09:45:00+00:00,733.515232023589
2024-04-04 03:45:00+00:00,743.1588328871183
2024-04-04 04:45:00+00:00,743.452681566289
2024-04-04 05:45:00+00:00,741.8113874748833
2024-04-04 06:45:00+00:00,742.4929386965135
2024-04-04 07:45:00+00:00,730.9891704824224
2024-04-04 08:45:00+00:00,725.9877987305044
2024-04-04 09:45:00+00:00,734.1632254774182
2024-04-05 03:45:00+00:00,730.8146543920699
2024-04-05 04:45:00+00:00,747.7348018647227
2024-04-05 05:45:00+00:00,748.1952625567898
2024-04-05 06:45:00+00:00,754.3909053868491
2024-04-05 07:45:00+00:00,748.8542831182081
2024-04-05 08:45:00+00:00,748.4973346788573
2024-04-05 09:45:00+00:00,761.1059450578059
2024-04-08 03:45:00+00:00,760.445561530248
2024-04-08 04:45:00+00:00,757.7014736461882
2024-04-08 05:45:00+00:00,747.7982540975678
2024-04-08 06:45:00+00:00,735.7427123003575
2024-04-08 07:45:00+00:00,731.031107802562
2024-04-08 08:45:00+00:00,726.0077224410187
2024-04-08 09:45:00+00:00,721.934333096356
2024-04-09 03:45:00+00:00,722.5757616486693
2024-04-09 04:45:00+00:00,729.5854625524363
2024-04-09 05:45:00+00:00,723.4685410227527
2024-04-09 06:45:00+00:00,733.0207043197679
2024-04-09 07:45:00+00:00,734.8491622827871
2024-04-09 08:45:00+00:00,737.9698546803553
2024-04-09 09:45:00+00:00,739.3457524828953
2024-04-10 03:45:00+00:00,731.168322135534
2024-04-10 04:45:00+00:00,741.1965304797618
2024-04-10 05:45:00+00:00,737.4982528461522
2024-04-10 06:45:00+00:00,750.7343216500064
2024-04-10 07:45:00+00:00,767.7685050619382
2024-04-10 08:45:00+00:00,766.2908776805727
2024-04-10 09:45:00+00:00,767.4648208223839
2024-04-12 03:45:00+00:00,779.4070005259453
2024-04-12 04:45:00+00:00,786.3560355862083
2024-04-12 05:45:00+00:00,783.9817550661078
2024-04-12 06:45:00+00:00,782.5448375743227
2024-04-12 07:45:00+00:00,796.21970591383
2024-04-12 08:45:00+00:00,788.9235694360174
2024-04-12 09:45:00+00:00,786.4714934334909
2024-04-15 03:45:00+00:00,777.2108314552288
2024-04-15 04:45:00+00:00,777.9914133143625
2024-04-15 05:45:00+00:00,778.896520605642
2024-04-15 06:45:00+00:00,765.8684582529476
2024-04-15 07:45:00+00:00,757.6425136828719
2024-04-15 08:45:00+00:00,767.1850339412903
2024-04-15 09:45:00+00:00,761.6456059299231
2024-04-16 03:45:00+00:00,760.2637841386102
2024-04-16 04:45:00+00:00,765.9710385373907
2024-04-16 05:45:00+00:00,760.7494882030372
2024-04-16 06:45:00+00:00,760.5060729978379
2024-04-16 07:45:00+00:00,755.0378765136601
2024-04-16 08:45:00+00:00,753.3563191659796
2024-04-16 09:45:00+00:00,764.4863737996877
2024-04-18 03:45:00+00:00,768.9409472822119
2024-04-18 04:45:00+00:00,758.0367314105594
2024-04-18 05:45:00+00:00,748.7477881236055
2024-04-18 06:45:00+00:00,750.4691585218222
2024-04-18 07:45:00+00:00,741.0003570371775
2024-04-18 08:45:00+00:00,727.8934046782318
2024-04-18 09:45:00+00:00,727.1826593791183
2024-04-19 03:45:00+00:00,725.4090176283482
2024-04-19 04:45:00+00:00,729.8406705661374
2024-04-19 05:45:00+00:00,733.4771076438524
2024-04-19 06:45:00+00:00,735.8983257597391
2024-04-19 07:45:00+00:00,738.1268670533238
2024-04-19 08:45:00+00:00,729.5867397085866
2024-04-19 09:45:00+00:00,719.7856217414604
2024-04-22 03:45:00+00:00,708.4210328853171
2024-04-22 04:45:00+00:00,714.5970517234033
2024-04-22 05:45:00+00:00,715.1326509963128
2024-04-22 06:45:00+00:00,706.7231231572396
2024-04-22 07:45:00+00:00,709.8587667302133
2024-04-22 08:45:00+00:00,713.9329792420399
2024-04-22 09:45:00+00:00,704.4572435028377
2024-04-23 03:45:00+00:00,702.2223132290641
2024-04-23 04:45:00+00:00,701.599861879827
2024-04-23 05:45:00+00:00,698.8859420073612
2024-04-23 06:45:00+00:00,698.2530363488959
2024-04-23 07:45:00+00:00,691.5582905497836
2024-04-23 08:45:00+00:00,693.7121858625179
2024-04-23 09:45:00+00:00,702.711811370157
2024-04-24 03:45:00+00:00,702.6979764333867
2024-04-24 04:45:00+00:00,708.0796115212225
2024-04-24 05:45:00+00:00,719.4936775855114
2024-04-24 06:45:00+00:00,725.533819412037
2024-04-24 07:45:00+00:00,726.0134057216762
2024-04-24 08:45:00+00:00,704.0745101062292
2024-04-24 09:45:00+00:00,690.6339624687697
2024-04-25 03:45:00+00:00,691.3198054502265
2024-04-25 04:45:00+00:00,693.0973629176437
2024-04-25 05:45:00+00:00,692.4928833546948
2024-04-25 06:45:00+00:00,691.0263866578638
2024-04-25 07:45:00+00:00,692.9615416575018
2024-04-25 08:45:00+00:00,688.2161378511615
2024-04-25 09:45:00+00:00,687.025065787037
2024-04-26 03:45:00+00:00,688.3271454995092
2024-04-26 04:45:00+00:00,687.8913035240614
2024-04-26 05:45:00+00:00,700.6321711820302
2024-04-26 06:45:00+00:00,699.133273662785
2024-04-26 07:45:00+00:00,700.7998513946152
2024-04-26 08:45:00+00:00,705.0485171009025
2024-04-26 09:45:00+00:00,707.6745186750703
2024-04-29 03:45:00+00:00,713.7321399471375
2024-04-29 04:45:00+00:00,714.0663728641597
2024-04-29 05:45:00+00:00,710.7411796904797
2024-04-29 06:45:00+00:00,710.5853576180169
2024-04-29 07:45:00+00:00,714.2788325262575
2024-04-29 08:45:00+00:00,718.9575366849497
2024-04-29 09:45:00+00:00,723.1211003811464
2024-04-30 03:45:00+00:00,724.0431574293264
2024-04-30 04:45:00+00:00,724.1332715923062
2024-04-30 05:45:00+00:00,717.4205618408397
2024-04-30 06:45:00+00:00,722.4726478423912
2024-04-30 07:45:00+00:00,717.9988201471654
2024-04-30 08:45:00+00:00,722.2904850095111
2024-04-30 09:45:00+00:00,719.4048222147959
2024-05-02 03:45:00+00:00,721.0397769441053
2024-05-02 04:45:00+00:00,725.1714935259845
2024-05-02 05:45:00+00:00,726.1093861584652
2024-05-02 06:45:00+00:00,723.6205665066424
2024-05-02 07:45:00+00:00,730.5133940471687
2024-05-02 08:45:00+00:00,735.1439811274811
2024-05-02 09:45:00+00:00,723.5857385583785
2024-05-03 03:45:00+00:00,719.7016011333252
2024-05-03 04:45:00+00:00,715.5382202800632
2024-05-03 05:45:00+00:00,724.1676069065531
2024-05-03 06:45:00+00:00,725.4778754308196
2024-05-03 07:45:00+00:00,723.3144626330087
2024-05-03 08:45:00+00:00,723.5147086431351
2024-05-03 09:45:00+00:00,712.3814537686297
2024-05-06 03:45:00+00:00,713.8696179276042
2024-05-06 04:45:00+00:00,708.917635051003
2024-05-06 05:45:00+00:00,720.441785303249
2024-05-06 06:45:00+00:00,734.4254576274911
2024-05-06 07:45:00+00:00,732.6760724862032
2024-05-06 08:45:00+00:00,742.6822694393703
2024-05-06 09:45:00+00:00,743.5022858627233
2024-05-07 03:45:00+00:00,746.4927037176758
2024-05-07 04:45:00+00:00,742.1314290018504
2024-05-07 05:45:00+00:00,750.9927581394287
2024-05-07 06:45:00+00:00,749.7657527479303
2024-05-07 07:45:00+00:00,746.3955638557693
2024-05-07 08:45:00+00:00,740.7303419545855
2024-05-07 09:45:00+00:00,743.6871278184844
2024-05-08 03:45:00+00:00,734.5149837607736
2024-05-08 04:45:00+00:00,733.2904876682067
2024-05-08 05:45:00+00:00,734.1573400734933
2024-05-08 06:45:00+00:00,721.8628847818301
2024-05-08 07:45:00+00:00,724.7049528796764
2024-05-08 08:45:00+00:00,724.3595626977796
2024-05-08 09:45:00+00:00,710.161871971569
2024-05-09 03:45:00+00:00,696.5869210647465
2024-05-09 04:45:00+00:00,691.4641337193868
2024-05-09 05:45:00+00:00,688.6923482370865
2024-05-09 06:45:00+00:00,693.0189967954408
2024-05-09 07:45:00+00:00,698.8324726011836
2024-05-09 08:45:00+00:00,700.7217042737279
2024-05-09 09:45:00+00:00,683.3747003916563
2024-05-10 03:45:00+00:00,685.8501082216078
2024-05-10 04:45:00+00:00,687.7756545071572
2024-05-10 05:45:00+00:00,689.241028281475
2024-05-10 06:45:00+00:00,684.36120260388
2024-05-10 07:45:00+00:00,697.5248666993444
2024-05-10 08:45:00+00:00,685.9846415078608
2024-05-10 09:45:00+00:00,685.8294132941508
2024-05-13 03:45:00+00:00,686.7832808778459
2024-05-13 04:45:00+00:00,690.972564605323
2024-05-13 05:45:00+00:00,685.499745913399
2024-05-13 06:45:00+00:00,685.7114103730778
2024-05-13 07:45:00+00:00,693.7386434293493
2024-05-13 08:45:00+00:00,699.9179130178493
2024-05-13 09:45:00+00:00,710.4543051236614
2024-05-14 03:45:00+00:00,713.1718851376005
2024-05-14 04:45:00+00:00,717.77705534345
2024-05-14 05:45:00+00:00,715.3771692680807
2024-05-14 06:45:00+00:00,730.9676716873712
2024-05-14 07:45:00+00:00,724.4063548327445
2024-05-14 08:45:00+00:00,720.2774710469303
2024-05-14 09:45:00+00:00,723.1479008330415
2024-05-15 03:45:00+00:00,714.6924419328834
2024-05-15 04:45:00+00:00,715.9152131169946
2024-05-15 05:45:00+00:00,717.8320227715876
2024-05-15 06:45:00+00:00,705.8224259343596
2024-05-15 07:45:00+00:00,702.9977795102
2024-05-15 08:45:00+00:00,688.7551917699235
2024-05-15 09:45:00+00:00,685.1031564789806
2024-05-16 03:45:00+00:00,682.9645402325856
2024-05-16 04:45:00+00:00,678.8163753687576
2024-05-16 05:45:00+00:00,678.8437384823056
2024-05-16 06:45:00+00:00,692.5445612707517
2024-05-16 07:45:00+00:00,683.2667877438162
2024-05-16 08:45:00+00:00,688.5030414139144
2024-05-16 09:45:00+00:00,693.158193700139
2024-05-17 03:45:00+00:00,700.6911624443314
2024-05-17 04:45:00+00:00,702.0318024312027
2024-05-17 05:45:00+00:00,701.3760266226169
2024-05-17 06:45:00+00:00,713.4738792531753
2024-05-17 07:45:00+00:00,727.3192726473052
2024-05-17 08:45:00+00:00,740.9915165078224
2024-05-17 09:45:00+00:00,746.2391212509193
2024-05-21 03:45:00+00:00,746.229888400765
2024-05-21 04:45:00+00:00,749.0700361998269
2024-05-21 05:45:00+00:00,750.3324205101696
2024-05-21 06:45:00+00:00,744.6200824846761
2024-05-21 07:45:00+00:00,752.5141024111291
2024-05-21 08:45:00+00:00,754.9876657962411
2024-05-21 09:45:00+00:00,752.0062686258251
2024-05-22 03:45:00+00:00,766.1017185182964
2024-05-22 04:45:00+00:00,775.0090584805868
2024-05-22 05:45:00+00:00,774.2209399884603
2024-05-22 06:45:00+00:00,777.9605324564102
2024-05-22 07:45:00+00:00,777.3358447285709
2024-05-22 08:45:00+00:00,767.3723097348009
2024-05-22 09:45:00+00:00,767.2042495954977
2024-05-23 03:45:00+00:00,769.439061561466
2024-05-23 04:45:00+00:00,756.2763641718096
2024-05-23 05:45:00+00:00,762.3656567217716
2024-05-23 06:45:00+00:00,763.8453013185822
2024-05-23 07:45:00+00:00,745.764924361997
2024-05-23 08:45:00+00:00,720.3965446428272
2024-05-23 09:45:00+00:00,718.7691045008928
2024-05-24 03:45:00+00:00,710.1618701659728
2024-05-24 04:45:00+00:00,694.9511469056407
2024-05-24 05:45:00+00:00,695.1741980821379
2024-05-24 06:45:00+00:00,706.4678193640673
2024-05-24 07:45:00+00:00,703.9941639345357
2024-05-24 08:45:00+00:00,704.7022722455032
2024-05-24 09:45:00+00:00,697.4979045735698
2024-05-27 03:45:00+00:00,694.3213429378062
2024-05-27 04:45:00+00:00,704.5258808625767
2024-05-27 05:45:00+00:00,717.2058826086446
2024-05-27 06:45:00+00:00,712.0037010306818
2024-05-27 07:45:00+00:00,703.0418405346198
2024-05-27 08:45:00+00:00,712.7940315194616
2024-05-27 09:45:00+00:00,705.9876304189781
2024-05-28 03:45:00+00:00,709.6723643889533
2024-05-28 04:45:00+00:00,712.3230843453728
2024-05-28 05:45:00+00:00,723.3709090888213
2024-05-28 06:45:00+00:00,712.6670398787892
2024-05-28 07:45:00+00:00,705.5707845255257
2024-05-28 08:45:00+00:00,701.3933580935766
2024-05-28 09:45:00+00:00,704.4506909136214
2024-05-29 03:45:00+00:00,710.4981331008204
2024-05-29 04:45:00+00:00,703.3420222995532
2024-05-29 05:45:00+00:00,696.45699895326
2024-05-29 06:45:00+00:00,703.3851980892596
2024-05-29 07:45:00+00:00,700.6529818115648
2024-05-29 08:45:00+00:00,696.3988585829918
2024-05-29 09:45:00+00:00,694.1122472203118
2024-05-30 03:45:00+00:00,695.1386205839158
2024-05-30 04:45:00+00:00,694.8293543953149
2024-05-30 05:45:00+00:00,685.1549899369448
2024-05-30 06:45:00+00:00,684.6491274676906
2024-05-30 07:45:00+00:00,687.2276787950761
2024-05-30 08:45:00+00:00,692.6075376299663
2024-05-30 09:45:00+00:00,679.8340817974439
2024-05-31 03:45:00+00:00,690.6586534528429
2024-05-31 04:45:00+00:00,698.0392558387919
2024-05-31 05:45:00+00:00,706.1401319033756
2024-05-31 06:45:00+00:00,702.8539197746744
2024-05-31 07:45:00+00:00,694.1438400487299
2024-05-31 08:45:00+00:00,686.0738251922317
2024-05-31 09:45:00+00:00,687.6454997592961
2024-06-03 03:45:00+00:00,687.6655496486428
2024-06-03 04:45:00+00:00,688.6013336068046
2024-06-03 05:45:00+00:00,669.6344530819337
2024-06-03 06:45:00+00:00,658.870470897846
2024-06-03 07:45:00+00:00,666.9909818821651
2024-06-03 08:45:00+00:00,664.9799763985116
2024-06-03 09:45:00+00:00,671.5011441746204
2024-06-04 03:45:00+00:00,683.4607934108877
2024-06-04 04:45:00+00:00,670.4713894129861
2024-06-04 05:45:00+00:00,677.4611595836961
2024-06-04 06:45:00+00:00,675.0802007964528
2024-06-04 07:45:00+00:00,671.1095843980285
2024-06-04 08:45:00+00:00,672.4089128411231
2024-06-04 09:45:00+00:00,679.0401632419556
2024-06-05 03:45:00+00:00,676.1688276928176
2024-06-05 04:45:00+00:00,676.7879098592529
2024-06-05 05:45:00+00:00,675.0815980699682
2024-06-05 06:45:00+00:00,672.8761721060803
2024-06-05 07:45:00+00:00,670.0414932800406
2024-06-05 08:45:00+00:00,665.2309718295314
2024-06-05 09:45:00+00:00,654.3524945064572
2024-06-06 03:45:00+00:00,654.0121366427602
2024-06-06 04:45:00+00:00,632.9149830924481
2024-06-06 05:45:00+00:00,631.921872459264
2024-06-06 06:45:00+00:00,618.5212284856093
2024-06-06 07:45:00+00:00,620.096571666143
2024-06-06 08:45:00+00:00,622.2999485195504
2024-06-06 09:45:00+00:00,623.4061155145823
2024-06-07 03:45:00+00:00,625.0023254331711
2024-06-07 04:45:00+00:00,626.1170216590215
2024-06-07 05:45:00+00:00,627.1838399466668
2024-06-07 06:45:00+00:00,628.7974989933772
2024-06-07 07:45:00+00:00,624.1886326339004
2024-06-07 08:45:00+00:00,621.787498004759
2024-06-07 09:45:00+00:00,622.1286134800946
2024-06-10 03:45:00+00:00,612.7374091930828
2024-06-10 04:45:00+00:00,614.6572335590324
2024-06-10 05:45:00+00:00,624.979010737513
2024-06-10 06:45:00+00:00,630.3028416016396
2024-06-10 07:45:00+00:00,619.9291029754413
2024-06-10 08:45:00+00:00,602.8156138363505
2024-06-10 09:45:00+00:00,602.2049569786403
2024-06-11 03:45:00+00:00,605.532691580982
2024-06-11 04:45:00+00:00,606.28910223066
2024-06-11 05:45:00+00:00,607.1681201393953
2024-06-11 06:45:00+00:00,606.349935897881
2024-06-11 07:45:00+00:00,601.854701946375
2024-06-11 08:45:00+00:00,607.0074577995522
2024-06-11 09:45:00+00:00,620.7096042293613
2024-06-12 03:45:00+00:00,617.0193182321815
2024-06-12 04:45:00+00:00,616.5385276643643
2024-06-12 05:45:00+00:00,612.7515981195533
2024-06-12 06:45:00+00:00,619.6714139595142
2024-06-12 07:45:00+00:00,614.2943576784492
2024-06-12 08:45:00+00:00,617.2145296626501
2024-06-12 09:45:00+00:00,616.1022822533957
2024-06-13 03:45:00+00:00,617.972133900987
2024-06-13 04:45:00+00:00,622.576671669026
2024-06-13 05:45:00+00:00,627.0270719023458
2024-06-13 06:45:00+00:00,622.8969062001767
2024-06-13 07:45:00+00:00,627.1501645248663
2024-06-13 08:45:00+00:00,638.8018899435135
2024-06-13 09:45:00+00:00,638.844199645159
2024-06-14 03:45:00+00:00,648.5130244409323
2024-06-14 04:45:00+00:00,648.6926074625728
2024-06-14 05:45:00+00:00,645.0051080859537
2024-06-14 06:45:00+00:00,652.2420437663844
2024-06-14 07:45:00+00:00,655.0670397782847
2024-06-14 08:45:00+00:00,656.6929087289249
2024-06-14 09:45:00+00:00,643.4713628736733
2024-06-18 03:45:00+00:00,642.9414327425495
2024-06-18 04:45:00+00:00,644.4644355986181
2024-06-18 05:45:00+00:00,643.1262763170007
2024-06-18 06:45:00+00:00,633.9862107449817
2024-06-18 07:45:00+00:00,645.1288592971472
2024-06-18 08:45:00+00:00,647.7235876876098
2024-06-18 09:45:00+00:00,640.8728650604713
2024-06-19 03:45:00+00:00,645.5164366494776
2024-06-19 04:45:00+00:00,661.7023024687198
2024-06-19 05:45:00+00:00,662.3708141590677
2024-06-19 06:45:00+00:00,664.2206388557032
2024-06-19 07:45:00+00:00,660.4394944548442
2024-06-19 08:45:00+00:00,658.9895350503521
2024-06-19 09:45:00+00:00,642.3307455184731
2024-06-20 03:45:00+00:00,652.2523240802583
2024-06-20 04:45:00+00:00,647.0938477901312
2024-06-20 05:45:00+00:00,642.0305612817548
2024-06-20 06:45:00+00:00,641.4224301968189
2024-06-20 07:45:00+00:00,640.1379774527123
2024-06-20 08:45:00+00:00,641.7630744687593
2024-06-20 09:45:00+00:00,638.3876171602151
2024-06-21 03:45:00+00:00,624.3195847166138
2024-06-21 04:45:00+00:00,621.7108724890306
2024-06-21 05:45:00+00:00,625.0258705347488
2024-06-21 06:45:00+00:00,615.7432408071404
2024-06-21 07:45:00+00:00,615.7386027913049
2024-06-21 08:45:00+00:00,619.6526317301343
2024-06-21 09:45:00+00:00,624.5300470077951
2024-06-24 03:45:00+00:00,621.3949904226852
2024-06-24 04:45:00+00:00,631.2310276169168
2024-06-24 05:45:00+00:00,629.5266719484297
2024-06-24 06:45:00+00:00,628.7683960445127
2024-06-24 07:45:00+00:00,631.8695995994307
2024-06-24 08:45:00+00:00,643.9098666873336
2024-06-24 09:45:00+00:00,652.5624768535432
2024-06-25 03:45:00+00:00,647.907892436645
2024-06-25 04:45:00+00:00,655.1200483163738
2024-06-25 05:45:00+00:00,661.9473693932173
2024-06-25 06:45:00+00:00,655.4123442478318
2024-06-25 07:45:00+00:00,659.7230715884417
2024-06-25 08:45:00+00:00,654.9206423781185
2024-06-25 09:45:00+00:00,651.2488337364003
2024-06-26 03:45:00+00:00,641.8521110395133
2024-06-26 04:45:00+00:00,636.2535394384854
2024-06-26 05:45:00+00:00,636.3196990711167
2024-06-26 06:45:00+00:00,637.2823101959846
2024-06-26 07:45:00+00:00,624.2829043870491
2024-06-26 08:45:00+00:00,620.5958066667264
2024-06-26 09:45:00+00:00,627.1188384653238
2024-06-27 03:45:00+00:00,620.0087869077219
2024-06-27 04:45:00+00:00,620.720652160658
2024-06-27 05:45:00+00:00,619.8245278722633
2024-06-27 06:45:00+00:00,615.3361560471212
2024-06-27 07:45:00+00:00,617.604680810825
2024-06-27 08:45:00+00:00,627.7033200389338
2024-06-27 09:45:00+00:00,630.816308670362
2024-06-28 03:45:00+00:00,637.3677689621832
2024-06-28 04:45:00+00:00,637.4972994733306
2024-06-28 05:45:00+00:00,624.2468291421729
2024-06-28 06:45:00+00:00,619.5385210345821
2024-06-28 07:45:00+00:00,614.8372994028748
2024-06-28 08:45:00+00:00,615.7500849032423
2024-06-28 09:45:00+00:00,616.3724145849499
2024-07-01 03:45:00+00:00,615.6297541627112
2024-07-01 04:45:00+00:00,612.9702302689005
2024-07-01 05:45:00+00:00,616.9051111689607
2024-07-01 06:45:00+00:00,619.8389346127077
2024-07-01 07:45:00+00:00,611.5857867172994
2024-07-01 08:45:00+00:00,611.6594815511033
2024-07-01 09:45:00+00:00,609.562471314707
2024-07-02 03:45:00+00:00,609.6071141299457
2024-07-02 04:45:00+00:00,613.5838622719872
2024-07-02 05:45:00+00:00,609.671867712222
2024-07-02 06:45:00+00:00,610.4825848057939
2024-07-02 07:45:00+00:00,607.3525023604018
2024-07-02 08:45:00+00:00,605.088439894193
2024-07-02 09:45:00+00:00,607.2156701114885
2024-07-03 03:45:00+00:00,608.6772981781426
2024-07-03 04:45:00+00:00,597.4682428900678
2024-07-03 05:45:00+00:00,597.2452204481456
2024-07-03 06:45:00+00:00,603.3211826835097
2024-07-03 07:45:00+00:00,598.3909460863704
2024-07-03 08:45:00+00:00,591.8770590642569
2024-07-03 09:45:00+00:00,594.138563270585
2024-07-04 03:45:00+00:00,604.7761695360086
2024-07-04 04:45:00+00:00,606.8332365927696
2024-07-04 05:45:00+00:00,616.4990079148932
2024-07-04 06:45:00+00:00,621.033264510398
2024-07-04 07:45:00+00:00,626.1455348971904
2024-07-04 08:45:00+00:00,632.8909928375751
2024-07-04 09:45:00+00:00,642.118874943921
2024-07-05 03:45:00+00:00,650.065031613265
2024-07-05 04:45:00+00:00,650.381798522175
2024-07-05 05:45:00+00:00,648.774564877254
2024-07-05 06:45:00+00:00,652.9763676970982
2024-07-05 07:45:00+00:00,644.3925278637786
2024-07-05 08:45:00+00:00,641.8948959067402
2024-07-05 09:45:00+00:00,643.7322782947653
2024-07-08 03:45:00+00:00,642.7145735368335
2024-07-08 04:45:00+00:00,647.674833273303
2024-07-08 05:45:00+00:00,655.0390224208833
2024-07-08 06:45:00+00:00,657.5058153679502
2024-07-08 07:45:00+00:00,658.4004146704243
2024-07-08 08:45:00+00:00,672.9390028430199
2024-07-08 09:45:00+00:00,668.1554396310584
2024-07-09 03:45:00+00:00,662.4791112127226
2024-07-09 04:45:00+00:00,666.8094364823371
2024-07-09 05:45:00+00:00,667.1311177050651
2024-07-09 06:45:00+00:00,668.891763213099
2024-07-09 07:45:00+00:00,669.795835661398
2024-07-09 08:45:00+00:00,674.5254058893787
2024-07-09 09:45:00+00:00,677.8153515250373
2024-07-10 03:45:00+00:00,679.6312894956014
2024-07-10 04:45:00+00:00,680.8929901633696
2024-07-10 05:45:00+00:00,690.3568769629755
2024-07-10 06:45:00+00:00,693.2414390990061
2024-07-10 07:45:00+00:00,689.6561632206908
2024-07-10 08:45:00+00:00,681.4473427060492
2024-07-10 09:45:00+00:00,679.1353575444153
2024-07-11 03:45:00+00:00,680.0556831613758
2024-07-11 04:45:00+00:00,678.4813045136963
2024-07-11 05:45:00+00:00,673.3299127237705
2024-07-11 06:45:00+00:00,668.1046492377168
2024-07-11 07:45:00+00:00,678.0904555295248
2024-07-11 08:45:00+00:00,682.1233340192806
2024-07-11 09:45:00+00:00,670.7130752884641
2024-07-12 03:45:00+00:00,675.482742406442
2024-07-12 04:45:00+00:00,671.6132607478006
2024-07-12 05:45:00+00:00,671.9240680250167
2024-07-12 06:45:00+00:00,670.3059901709063
2024-07-12 07:45:00+00:00,673.7053310774563
2024-07-12 08:45:00+00:00,672.4850565015521
2024-07-12 09:45:00+00:00,674.3160747403143
2024-07-15 04:45:00+00:00,686.4687128827608
2024-07-15 05:45:00+00:00,680.2318671704197
2024-07-15 06:45:00+00:00,685.6137342072343
2024-07-15 07:45:00+00:00,690.074166027353
2024-07-15 08:45:00+00:00,702.9882485726254
2024-07-15 09:45:00+00:00,702.6926332927341
2024-07-16 03:45:00+00:00,701.3066258714111
2024-07-16 04:45:00+00:00,712.7669404401723
2024-07-16 05:45:00+00:00,698.4175697784236
2024-07-16 06:45:00+00:00,695.810691759561
2024-07-16 07:45:00+00:00,692.774707301429
2024-07-16 08:45:00+00:00,696.2707609906347
2024-07-16 09:45:00+00:00,694.9028502227786
2024-07-18 03:45:00+00:00,704.6347655864311
2024-07-18 04:45:00+00:00,706.2018937062577
2024-07-18 05:45:00+00:00,691.8939240857927
2024-07-18 06:45:00+00:00,690.2960541334845
2024-07-18 07:45:00+00:00,686.0128365162536
2024-07-18 08:45:00+00:00,687.549315073607
2024-07-18 09:45:00+00:00,708.0285725529432
2024-07-19 03:45:00+00:00,708.9068391983262
2024-07-19 04:45:00+00:00,721.0296221098041
2024-07-19 05:45:00+00:00,731.7259415118732
2024-07-19 06:45:00+00:00,732.0817040256352
2024-07-19 07:45:00+00:00,743.4658063572341
2024-07-19 08:45:00+00:00,746.0106899159423
2024-07-19 09:45:00+00:00,760.6064867562652
2024-07-22 03:45:00+00:00,747.2284499681898
2024-07-22 04:45:00+00:00,752.034115972224
2024-07-22 05:45:00+00:00,769.0863153446196
2024-07-22 06:45:00+00:00,755.1858497242025
2024-07-22 07:45:00+00:00,737.0206032037314
2024-07-22 08:45:00+00:00,731.406738599528
2024-07-22 09:45:00+00:00,733.9770754044672
2024-07-23 03:45:00+00:00,733.4944092221165
2024-07-23 04:45:00+00:00,736.442322127381
2024-07-23 05:45:00+00:00,746.7123758232915
2024-07-23 06:45:00+00:00,748.8096117833543
2024-07-23 07:45:00+00:00,746.4442704305163
2024-07-23 08:45:00+00:00,733.1511798740464
2024-07-23 09:45:00+00:00,726.9393804995818
2024-07-24 03:45:00+00:00,723.262450575835
2024-07-24 04:45:00+00:00,732.0856942306658
2024-07-24 05:45:00+00:00,747.0232463832657
2024-07-24 06:45:00+00:00,748.9376462724067
2024-07-24 07:45:00+00:00,747.6796369847214
2024-07-24 08:45:00+00:00,757.1196029456715
2024-07-24 09:45:00+00:00,759.8641484082676
2024-07-25 03:45:00+00:00,753.452513803891
2024-07-25 04:45:00+00:00,750.6854156243745
2024-07-25 05:45:00+00:00,751.7807516884043
2024-07-25 06:45:00+00:00,750.1829803880756
2024-07-25 07:45:00+00:00,759.8115796940499
2024-07-25 08:45:00+00:00,755.8066786431303
2024-07-25 09:45:00+00:00,750.8275058511766
2024-07-26 03:45:00+00:00,752.6709828122785
2024-07-26 04:45:00+00:00,752.8077609602042
2024-07-26 05:45:00+00:00,733.9969072037583
2024-07-26 06:45:00+00:00,737.3842565489158
2024-07-26 07:45:00+00:00,733.3291616999762
2024-07-26 08:45:00+00:00,727.4877837959546
2024-07-26 09:45:00+00:00,727.3609138336459
2024-07-29 03:45:00+00:00,715.6118128906124
2024-07-29 04:45:00+00:00,715.2966925056099
2024-07-29 05:45:00+00:00,710.0483698431194
2024-07-29 06:45:00+00:00,714.5985357488063
2024-07-29 07:45:00+00:00,717.1296583000509
2024-07-29 08:45:00+00:00,715.8052070113347
2024-07-29 09:45:00+00:00,713.9850618095495
2024-07-30 03:45:00+00:00,729.7523429626937
2024-07-30 04:45:00+00:00,724.4971763890767
2024-07-30 05:45:00+00:00,726.5318215787782
2024-07-30 06:45:00+00:00,726.694983169115
2024-07-30 07:45:00+00:00,725.5694478590327
2024-07-30 08:45:00+00:00,724.1338312239478
2024-07-30 09:45:00+00:00,726.1699386547158
2024-07-31 03:45:00+00:00,722.8170971541219
2024-07-31 04:45:00+00:00,717.8788818769636
2024-07-31 05:45:00+00:00,694.7305792705087
2024-07-31 06:45:00+00:00,692.7423729887118
2024-07-31 07:45:00+00:00,690.5476776052534
2024-07-31 08:45:00+00:00,692.8983594532374
2024-07-31 09:45:00+00:00,696.3943550048198
2024-08-01 03:45:00+00:00,701.4158765701435
2024-08-01 04:45:00+00:00,704.7001329038777
2024-08-01 05:45:00+00:00,702.3424388607623
2024-08-01 06:45:00+00:00,698.318615756978
2024-08-01 07:45:00+00:00,692.0422706054095
2024-08-01 08:45:00+00:00,689.5324615112229
2024-08-01 09:45:00+00:00,690.3167386351739
2024-08-02 03:45:00+00:00,702.4387839748323
2024-08-02 04:45:00+00:00,697.7095691716702
2024-08-02 05:45:00+00:00,698.2402942774684
2024-08-02 06:45:00+00:00,699.9084253823324
2024-08-02 07:45:00+00:00,697.3846861486287
2024-08-02 08:45:00+00:00,687.2949407227088
2024-08-02 09:45:00+00:00,689.2243556278402
2024-08-05 03:45:00+00:00,694.599854308079
2024-08-05 04:45:00+00:00,699.2262944122177
2024-08-05 05:45:00+00:00,695.2720592862423
2024-08-05 06:45:00+00:00,698.5969237011352
2024-08-05 07:45:00+00:00,710.9899354212814
2024-08-05 08:45:00+00:00,707.3396132837834
2024-08-05 09:45:00+00:00,701.3047898224227
2024-08-06 03:45:00+00:00,707.6487181766412
2024-08-06 04:45:00+00:00,698.7590699089646
2024-08-06 05:45:00+00:00,691.3782483931186
2024-08-06 06:45:00+00:00,689.8449717877031
2024-08-06 07:45:00+00:00,682.4773466909429
2024-08-06 08:45:00+00:00,665.1197102748628
2024-08-06 09:45:00+00:00,666.1334195554523
2024-08-07 03:45:00+00:00,670.1644867566647
2024-08-07 04:45:00+00:00,677.0968276449573
2024-08-07 05:45:00+00:00,671.8277890978363
2024-08-07 06:45:00+00:00,675.2220594133847
2024-08-07 07:45:00+00:00,676.2221717447916
2024-08-07 08:45:00+00:00,666.6891181277854
2024-08-07 09:45:00+00:00,660.9640755537612
2024-08-08 03:45:00+00:00,658.0008685158202
2024-08-08 04:45:00+00:00,655.6421523372227
2024-08-08 05:45:00+00:00,653.7873027536436
2024-08-08 06:45:00+00:00,664.3575174505442
2024-08-08 07:45:00+00:00,670.0786097378591
2024-08-08 08:45:00+00:00,658.0183761665448
2024-08-08 09:45:00+00:00,666.2404613939672
2024-08-09 03:45:00+00:00,667.2052815578506
2024-08-09 04:45:00+00:00,666.4525325507373
2024-08-09 05:45:00+00:00,661.591382265004
2024-08-09 06:45:00+00:00,661.411095016162
2024-08-09 07:45:00+00:00,667.7478114962247
2024-08-09 08:45:00+00:00,645.6406524031643
2024-08-09 09:45:00+00:00,640.9290373465203
2024-08-12 03:45:00+00:00,632.3448268695271
2024-08-12 04:45:00+00:00,631.9321689771646
2024-08-12 05:45:00+00:00,650.2575034871899
2024-08-12 06:45:00+00:00,645.8808207445167
2024-08-12 07:45:00+00:00,640.6829875446828
2024-08-12 08:45:00+00:00,639.8708739364229
2024-08-12 09:45:00+00:00,635.5189150903249
2024-08-13 03:45:00+00:00,643.1128747131639
2024-08-13 04:45:00+00:00,657.7161014355684
2024-08-13 05:45:00+00:00,654.9778395413498
2024-08-13 06:45:00+00:00,652.2958674167464
2024-08-13 07:45:00+00:00,655.2776318777655
2024-08-13 08:45:00+00:00,652.4800769115335
2024-08-13 09:45:00+00:00,635.5609961272986
2024-08-14 03:45:00+00:00,652.9907483012553
2024-08-14 04:45:00+00:00,664.3635996378542
2024-08-14 05:45:00+00:00,656.6800016788171
2024-08-14 06:45:00+00:00,658.8957298786823
2024-08-14 07:45:00+00:00,663.8556401148936
2024-08-14 08:45:00+00:00,662.4157987959125
2024-08-14 09:45:00+00:00,662.9804407991035
2024-08-16 03:45:00+00:00,664.1068406737512
2024-08-16 04:45:00+00:00,653.5694326363326
2024-08-16 05:45:00+00:00,656.4760297272006
2024-08-16 06:45:00+00:00,652.9656051624622
2024-08-16 07:45:00+00:00,666.9147172823748
2024-08-16 08:45:00+00:00,669.1149275718877
2024-08-16 09:45:00+00:00,678.1065618375156
2024-08-19 03:45:00+00:00,668.874711364487
2024-08-19 04:45:00+00:00,688.0994649059811
2024-08-19 05:45:00+00:00,684.9141379942141
2024-08-19 06:45:00+00:00,694.5303734532505
2024-08-19 07:45:00+00:00,686.1222257593678
2024-08-19 08:45:00+00:00,678.7902921790914
2024-08-19 09:45:00+00:00,675.4069608700972
2024-08-20 03:45:00+00:00,671.4011645643285
2024-08-20 04:45:00+00:00,679.4123280144141
2024-08-20 05:45:00+00:00,677.6042786501748
2024-08-20 06:45:00+00:00,675.0604708509916
2024-08-20 07:45:00+00:00,661.1356629949728
2024-08-20 08:45:00+00:00,648.4621071579141
2024-08-20 09:45:00+00:00,651.589620841478
2024-08-21 03:45:00+00:00,650.265062134286
2024-08-21 04:45:00+00:00,637.7319799221772
2024-08-21 05:45:00+00:00,632.9302823192055
2024-08-21 06:45:00+00:00,627.4482367994525
2024-08-21 07:45:00+00:00,628.7161786333363
2024-08-21 08:45:00+00:00,616.6888337314765
2024-08-21 09:45:00+00:00,623.2258910763527
2024-08-22 03:45:00+00:00,619.429614960099
2024-08-22 04:45:00+00:00,620.6498381552674
2024-08-22 05:45:00+00:00,623.7792597338346
2024-08-22 06:45:00+00:00,622.892839676674
2024-08-22 07:45:00+00:00,636.8757260912176
2024-08-22 08:45:00+00:00,630.2325007048763
2024-08-22 09:45:00+00:00,636.3276916361831
2024-08-23 03:45:00+00:00,637.513871034527
2024-08-23 04:45:00+00:00,633.6532592758214
2024-08-23 05:45:00+00:00,624.519952023204
2024-08-23 06:45:00+00:00,645.198708078086
2024-08-23 07:45:00+00:00,647.3865755987911
2024-08-23 08:45:00+00:00,656.0924429812706
2024-08-23 09:45:00+00:00,653.8250949128981
2024-08-26 03:45:00+00:00,647.1626331795129
2024-08-26 04:45:00+00:00,653.144527737739
2024-08-26 05:45:00+00:00,649.5217903711891
2024-08-26 06:45:00+00:00,656.9536618090752
2024-08-26 07:45:00+00:00,655.2827477643264
2024-08-26 08:45:00+00:00,657.7679283139166
2024-08-26 09:45:00+00:00,663.1711876954371
2024-08-27 03:45:00+00:00,668.0856184731688
2024-08-27 04:45:00+00:00,665.1800208221549
2024-08-27 05:45:00+00:00,664.3781212773632
2024-08-27 06:45:00+00:00,650.093113358351
2024-08-27 07:45:00+00:00,653.6753675234074
2024-08-27 08:45:00+00:00,661.7114332076101
2024-08-27 09:45:00+00:00,659.8285118412374
2024-08-28 03:45:00+00:00,659.100996203302
2024-08-28 04:45:00+00:00,659.11216310231
2024-08-28 05:45:00+00:00,665.0360158007439
2024-08-28 06:45:00+00:00,678.9259110599872
2024-08-28 07:45:00+00:00,680.0623110941732
2024-08-28 08:45:00+00:00,675.2150045757944
2024-08-28 09:45:00+00:00,676.0505750421487
2024-08-29 03:45:00+00:00,675.0094471627563
2024-08-29 04:45:00+00:00,673.4102529745545
2024-08-29 05:45:00+00:00,672.6544665986662
2024-08-29 06:45:00+00:00,663.0853345690062
2024-08-29 07:45:00+00:00,671.6491107603304
2024-08-29 08:45:00+00:00,662.7303626049529
2024-08-29 09:45:00+00:00,665.9172939575819
2024-08-30 03:45:00+00:00,671.2721775930221
2024-08-30 04:45:00+00:00,675.7092413106792
2024-08-30 05:45:00+00:00,663.5704675395228
2024-08-30 06:45:00+00:00,667.114657599619
2024-08-30 07:45:00+00:00,650.9315421744403
2024-08-30 08:45:00+00:00,652.1121924250344
2024-08-30 09:45:00+00:00,652.5367876713661
2024-09-02 03:45:00+00:00,654.5318119516782
2024-09-02 04:45:00+00:00,654.5330026177086
2024-09-02 05:45:00+00:00,651.5273690486207
2024-09-02 06:45:00+00:00,651.3994173382122
2024-09-02 07:45:00+00:00,648.3729574009285
2024-09-02 08:45:00+00:00,654.8836448230187
2024-09-02 09:45:00+00:00,661.006747294678
2024-09-03 03:45:00+00:00,661.041060802512
2024-09-03 04:45:00+00:00,665.5643990346741
2024-09-03 05:45:00+00:00,673.9524577340658
2024-09-03 06:45:00+00:00,682.5521786127543
2024-09-03 07:45:00+00:00,684.8782896985432
2024-09-03 08:45:00+00:00,688.01986444666
2024-09-03 09:45:00+00:00,695.6566485224313
2024-09-04 03:45:00+00:00,702.1637672873744
2024-09-04 04:45:00+00:00,691.3500533873611
2024-09-04 05:45:00+00:00,693.1748160941119
2024-09-04 06:45:00+00:00,690.192090870165
2024-09-04 07:45:00+00:00,689.540938950735
2024-09-04 08:45:00+00:00,691.4778015442624
2024-09-04 09:45:00+00:00,697.3315462007137
2024-09-05 03:45:00+00:00,696.4374948211512
2024-09-05 04:45:00+00:00,699.6746680460593
2024-09-05 05:45:00+00:00,699.0090157952052
2024-09-05 06:45:00+00:00,707.8678632529725
2024-09-05 07:45:00+00:00,709.3846716707924
2024-09-05 08:45:00+00:00,716.6144599100191
2024-09-05 09:45:00+00:00,735.1354808128816
2024-09-06 03:45:00+00:00,733.7691007993996
2024-09-06 04:45:00+00:00,745.7028153345898
2024-09-06 05:45:00+00:00,738.6437196256941
2024-09-06 06:45:00+00:00,726.9951298088934
2024-09-06 07:45:00+00:00,726.698501667227
2024-09-06 08:45:00+00:00,718.7685077364372
2024-09-06 09:45:00+00:00,721.7127657903494
2024-09-09 03:45:00+00:00,709.1484826987835
2024-09-09 04:45:00+00:00,708.1107533459376
2024-09-09 05:45:00+00:00,702.9113465185578
2024-09-09 06:45:00+00:00,713.6195058364865
2024-09-09 07:45:00+00:00,703.7517772163595
2024-09-09 08:45:00+00:00,715.5423037150347
2024-09-09 09:45:00+00:00,716.1429994862807
2024-09-10 03:45:00+00:00,726.7208013223933
2024-09-10 04:45:00+00:00,733.7076400639435
2024-09-10 05:45:00+00:00,733.6291717760988
2024-09-10 06:45:00+00:00,729.4397955654014
2024-09-10 07:45:00+00:00,723.525671854465
2024-09-10 08:45:00+00:00,715.4607801776277
2024-09-10 09:45:00+00:00,716.9149077171942
2024-09-11 03:45:00+00:00,718.1154431744615
2024-09-11 04:45:00+00:00,737.5316203605819
2024-09-11 05:45:00+00:00,737.7324379566419
2024-09-11 06:45:00+00:00,732.2589966446976
2024-09-11 07:45:00+00:00,741.768148026725
2024-09-11 08:45:00+00:00,747.500919244795
2024-09-11 09:45:00+00:00,737.1404430495074
2024-09-12 03:45:00+00:00,724.5918212447712
2024-09-12 04:45:00+00:00,705.9167272853178
2024-09-12 05:45:00+00:00,705.9083414807841
2024-09-12 06:45:00+00:00,709.4347738448922
2024-09-12 07:45:00+00:00,704.0938596631163
2024-09-12 08:45:00+00:00,695.5830083686792
2024-09-12 09:45:00+00:00,708.2245738646218
2024-09-13 03:45:00+00:00,682.284943190434
2024-09-13 04:45:00+00:00,684.5167815247584
2024-09-13 05:45:00+00:00,680.785676210826
2024-09-13 06:45:00+00:00,670.9607452922049
2024-09-13 07:45:00+00:00,668.8942806716811
2024-09-13 08:45:00+00:00,662.417348791473
2024-09-13 09:45:00+00:00,670.67856883854
2024-09-16 03:45:00+00:00,670.3587225083338
2024-09-16 04:45:00+00:00,675.0082682948082
2024-09-16 05:45:00+00:00,675.6810161161524
2024-09-16 06:45:00+00:00,680.549306478606
2024-09-16 07:45:00+00:00,680.63241511973
2024-09-16 08:45:00+00:00,683.9521565798912
2024-09-16 09:45:00+00:00,683.7304681683914
2024-09-17 03:45:00+00:00,692.2008757537543
2024-09-17 04:45:00+00:00,701.176046182213
2024-09-17 05:45:00+00:00,724.3208107482405
2024-09-17 06:45:00+00:00,736.1869719514801
2024-09-17 07:45:00+00:00,729.9333143011447
2024-09-17 08:45:00+00:00,738.5376330772353
2024-09-17 09:45:00+00:00,735.7635497283031
2024-09-18 03:45:00+00:00,742.6619878504105
2024-09-18 04:45:00+00:00,742.0773578348798
2024-09-18 05:45:00+00:00,741.3794878290267
2024-09-18 06:45:00+00:00,729.6714125383176
2024-09-18 07:45:00+00:00,732.8880988670606
2024-09-18 08:45:00+00:00,732.9504309619648
2024-09-18 09:45:00+00:00,744.1525150736306
2024-09-19 03:45:00+00:00,740.1917084943211
2024-09-19 04:45:00+00:00,744.7909119556937
2024-09-19 05:45:00+00:00,738.2458709367147
2024-09-19 06:45:00+00:00,738.103919093251
2024-09-19 07:45:00+00:00,739.0272996955063
2024-09-19 08:45:00+00:00,746.403225582102
2024-09-19 09:45:00+00:00,750.3122924184477
2024-09-20 03:45:00+00:00,751.6791419833711
2024-09-20 04:45:00+00:00,739.1163759498772
2024-09-20 05:45:00+00:00,745.563855664932
2024-09-20 06:45:00+00:00,743.1072973050057
2024-09-20 07:45:00+00:00,752.0197478868126
2024-09-20 08:45:00+00:00,752.4542727998789
2024-09-20 09:45:00+00:00,745.8560365328954
2024-09-23 03:45:00+00:00,761.058948139182
2024-09-23 04:45:00+00:00,775.1494563602424
2024-09-23 05:45:00+00:00,780.2011520331337
2024-09-23 06:45:00+00:00,781.0591450880713
2024-09-23 07:45:00+00:00,776.8281709345522
2024-09-23 08:45:00+00:00,781.7039136763381
2024-09-23 09:45:00+00:00,777.0226433217766
2024-09-24 03:45:00+00:00,781.3324264683048
2024-09-24 04:45:00+00:00,790.0946842994684
2024-09-24 05:45:00+00:00,794.7111628633933
2024-09-24 06:45:00+00:00,780.2668577744599
2024-09-24 07:45:00+00:00,781.5394076495194
2024-09-24 08:45:00+00:00,790.5726654258344
2024-09-24 09:45:00+00:00,793.4793499070049
2024-09-25 03:45:00+00:00,802.02359753561
2024-09-25 04:45:00+00:00,792.7544575644043
2024-09-25 05:45:00+00:00,793.3851387635707
2024-09-25 06:45:00+00:00,794.9346489000858
2024-09-25 07:45:00+00:00,785.7584560698972
2024-09-25 08:45:00+00:00,795.3009672226968
2024-09-25 09:45:00+00:00,821.9080275270566
2024-09-26 03:45:00+00:00,828.0613732479299
2024-09-26 04:45:00+00:00,810.4151395962606
2024-09-26 05:45:00+00:00,791.5519092999195
2024-09-26 06:45:00+00:00,798.0482306863714
2024-09-26 07:45:00+00:00,805.895986474199
2024-09-26 08:45:00+00:00,802.7420950712483
2024-09-26 09:45:00+00:00,804.4117992060795
2024-09-27 03:45:00+00:00,794.3267845105963
2024-09-27 04:45:00+00:00,793.037332086701
2024-09-27 05:45:00+00:00,794.8954784028476
2024-09-27 06:45:00+00:00,795.1019413841028
2024-09-27 07:45:00+00:00,782.6367143419798
2024-09-27 08:45:00+00:00,796.5346392578002
2024-09-27 09:45:00+00:00,803.7117604894828
2024-09-30 03:45:00+00:00,804.3581779743939
2024-09-30 04:45:00+00:00,795.6832135752292
2024-09-30 05:45:00+00:00,774.8710155335106
2024-09-30 06:45:00+00:00,783.3778737968919
2024-09-30 07:45:00+00:00,785.8519193692646
2024-09-30 08:45:00+00:00,788.6690727645197
2024-09-30 09:45:00+00:00,792.9126065219922
2024-10-01 03:45:00+00:00,795.0439580677814
2024-10-01 04:45:00+00:00,794.3338798952637
2024-10-01 05:45:00+00:00,794.1261460042402
2024-10-01 06:45:00+00:00,789.7527876928192
2024-10-01 07:45:00+00:00,792.7363772872781
2024-10-01 08:45:00+00:00,783.1872553875543
2024-10-01 09:45:00+00:00,782.2267796953502
2024-10-03 03:45:00+00:00,782.9740352008369
2024-10-03 04:45:00+00:00,789.110141290424
2024-10-03 05:45:00+00:00,783.5317015214238
2024-10-03 06:45:00+00:00,785.867322845972
2024-10-03 07:45:00+00:00,778.6415792853963
2024-10-03 08:45:00+00:00,785.9837955134376
2024-10-03 09:45:00+00:00,792.0637840544764
2024-10-04 03:45:00+00:00,792.4953734684001
2024-10-04 04:45:00+00:00,794.1592969328137
2024-10-04 05:45:00+00:00,800.9696688229042
2024-10-04 06:45:00+00:00,794.0161820524527
2024-10-04 07:45:00+00:00,791.099706640587
2024-10-04 08:45:00+00:00,782.6914426739737
2024-10-04 09:45:00+00:00,791.3033940941968
2024-10-07 03:45:00+00:00,784.3927264055666
2024-10-07 04:45:00+00:00,782.7208119614928
2024-10-07 05:45:00+00:00,771.1283357355713
2024-10-07 06:45:00+00:00,769.7791987840125
2024-10-07 07:45:00+00:00,767.6078585344266
2024-10-07 08:45:00+00:00,782.1055241839965
2024-10-07 09:45:00+00:00,786.9808197186688
2024-10-08 03:45:00+00:00,781.351323266243
2024-10-08 04:45:00+00:00,774.7737498282233
2024-10-08 05:45:00+00:00,766.0776726979246
2024-10-08 06:45:00+00:00,761.542220423372
2024-10-08 07:45:00+00:00,760.3813558231377
2024-10-08 08:45:00+00:00,762.5207349525807
2024-10-08 09:45:00+00:00,749.2356287447001
2024-10-09 03:45:00+00:00,746.9708155174275
2024-10-09 04:45:00+00:00,749.1128878125476
2024-10-09 05:45:00+00:00,746.9795754574759
2024-10-09 06:45:00+00:00,748.6496778425202
2024-10-09 07:45:00+00:00,756.5861535619259
2024-10-09 08:45:00+00:00,755.3053081648883
2024-10-09 09:45:00+00:00,751.8042306695236
2024-10-10 03:45:00+00:00,749.065114109844
2024-10-10 04:45:00+00:00,734.2873543447029
2024-10-10 05:45:00+00:00,740.8807836536004
2024-10-10 06:45:00+00:00,742.9173053530367
2024-10-10 07:45:00+00:00,749.003447289419
2024-10-10 08:45:00+00:00,749.6220863312356
2024-10-10 09:45:00+00:00,740.9998692812419
2024-10-11 03:45:00+00:00,743.7133942946936
2024-10-11 04:45:00+00:00,747.0090722978205
2024-10-11 05:45:00+00:00,752.7540954452816
2024-10-11 06:45:00+00:00,751.3095787485985
2024-10-11 07:45:00+00:00,767.9230923181527
2024-10-11 08:45:00+00:00,772.5070976426823
2024-10-11 09:45:00+00:00,780.1981275669192
2024-10-14 03:45:00+00:00,793.9634947542494
2024-10-14 04:45:00+00:00,795.0738613802671
2024-10-14 05:45:00+00:00,803.9733780834516
2024-10-14 06:45:00+00:00,807.0846065355956
2024-10-14 07:45:00+00:00,825.9069560288128
2024-10-14 08:45:00+00:00,847.7902511150274
2024-10-14 09:45:00+00:00,849.5570661630876
2024-10-15 03:45:00+00:00,846.9237539052945
2024-10-15 04:45:00+00:00,839.068891248177
2024-10-15 05:45:00+00:00,833.3025001101531
2024-10-15 06:45:00+00:00,845.29526685628
2024-10-15 07:45:00+00:00,853.6811640807125
2024-10-15 08:45:00+00:00,859.2907875809459
2024-10-15 09:45:00+00:00,857.3765966825873
2024-10-16 03:45:00+00:00,864.6448016494862
2024-10-16 04:45:00+00:00,868.1460851342389
2024-10-16 05:45:00+00:00,882.4723509394375
2024-10-16 06:45:00+00:00,878.0629493855732
2024-10-16 07:45:00+00:00,869.742178833117
2024-10-16 08:45:00+00:00,872.3760351588696
2024-10-16 09:45:00+00:00,865.9083973338861
2024-10-17 03:45:00+00:00,863.2409435018875
2024-10-17 04:45:00+00:00,841.3412842546423
2024-10-17 05:45:00+00:00,835.9719893894732
2024-10-17 06:45:00+00:00,836.2384608690935
2024-10-17 07:45:00+00:00,833.5238579237961
2024-10-17 08:45:00+00:00,816.3885119504216
2024-10-17 09:45:00+00:00,814.2153797613746
2024-10-18 03:45:00+00:00,812.890980992066
2024-10-18 04:45:00+00:00,815.1388306589545
2024-10-18 05:45:00+00:00,829.4289276269493
2024-10-18 06:45:00+00:00,838.0664553441303
2024-10-18 07:45:00+00:00,828.3539368223455
2024-10-18 08:45:00+00:00,831.5392492351326
2024-10-18 09:45:00+00:00,830.2494302640442
2024-10-21 03:45:00+00:00,817.6496733105023
2024-10-21 04:45:00+00:00,803.554815264372
2024-10-21 05:45:00+00:00,806.2503246167735
2024-10-21 06:45:00+00:00,790.9739068059167
2024-10-21 07:45:00+00:00,787.5643841676275
2024-10-21 08:45:00+00:00,795.5336685498421
2024-10-21 09:45:00+00:00,788.6585118029018
2024-10-22 03:45:00+00:00,788.5598850064038
2024-10-22 04:45:00+00:00,785.8331565130392
2024-10-22 05:45:00+00:00,779.0795042596586
2024-10-22 06:45:00+00:00,777.4464028132363
2024-10-22 07:45:00+00:00,779.7726895213845
2024-10-22 08:45:00+00:00,781.617482398455
2024-10-22 09:45:00+00:00,764.072366569441
2024-10-23 03:45:00+00:00,758.7145358102432
2024-10-23 04:45:00+00:00,756.0288671467464
2024-10-23 05:45:00+00:00,761.4257557178563
2024-10-23 06:45:00+00:00,756.2753642376961
2024-10-23 07:45:00+00:00,748.4595912021991
2024-10-23 08:45:00+00:00,746.1680286231302
2024-10-23 09:45:00+00:00,757.3376618685869
2024-10-24 03:45:00+00:00,755.4512181279772
2024-10-24 04:45:00+00:00,763.2678580255517
2024-10-24 05:45:00+00:00,761.5652875357417
2024-10-24 06:45:00+00:00,770.6773381240164
2024-10-24 07:45:00+00:00,772.5823351218403
2024-10-24 08:45:00+00:00,761.8260828248701
2024-10-24 09:45:00+00:00,763.8890350262338
2024-10-25 03:45:00+00:00,763.7633044511905
2024-10-25 04:45:00+00:00,762.0024795883907
2024-10-25 05:45:00+00:00,767.7274670417294
2024-10-25 06:45:00+00:00,742.5302941136812
2024-10-25 07:45:00+00:00,737.8737079280846
2024-10-25 08:45:00+00:00,737.6517375552149
2024-10-25 09:45:00+00:00,746.0927212355605
2024-10-28 03:45:00+00:00,743.2010815052694
2024-10-28 04:45:00+00:00,735.440542538462
2024-10-28 05:45:00+00:00,731.2116804691975
2024-10-28 06:45:00+00:00,729.6103036485432
2024-10-28 07:45:00+00:00,728.5544575716567
2024-10-28 08:45:00+00:00,732.1544633009104
2024-10-28 09:45:00+00:00,732.7539423717175
2024-10-29 03:45:00+00:00,720.7947206096562
2024-10-29 04:45:00+00:00,723.161857295256
2024-10-29 05:45:00+00:00,743.2115358317978
2024-10-29 06:45:00+00:00,743.2161965227624
2024-10-29 07:45:00+00:00,746.6569050080636
2024-10-29 08:45:00+00:00,752.5930606160694
2024-10-29 09:45:00+00:00,754.3783780760788
2024-10-30 03:45:00+00:00,763.5678734125547
2024-10-30 04:45:00+00:00,772.3476267263491
2024-10-30 05:45:00+00:00,763.8355328465469
2024-10-30 06:45:00+00:00,771.5072713179712
2024-10-30 07:45:00+00:00,774.8454436241669
2024-10-30 08:45:00+00:00,775.5792097454012
2024-10-30 09:45:00+00:00,753.7675646904869
2024-10-31 03:45:00+00:00,758.3801432981726
2024-10-31 04:45:00+00:00,756.0232016017603
2024-10-31 05:45:00+00:00,748.555411577834
2024-10-31 06:45:00+00:00,767.5234833993931
2024-10-31 07:45:00+00:00,765.7259773529962
2024-10-31 08:45:00+00:00,759.9134366685357
2024-10-31 09:45:00+00:00,753.9204561469862
2024-11-04 03:45:00+00:00,743.594283161538
2024-11-04 04:45:00+00:00,747.3798367506458
2024-11-04 05:45:00+00:00,743.101010028178
2024-11-04 06:45:00+00:00,750.7447391270742
2024-11-04 07:45:00+00:00,746.8848033783376
2024-11-04 08:45:00+00:00,752.7725994684346
2024-11-04 09:45:00+00:00,748.6037358595803
2024-11-05 03:45:00+00:00,747.2396772634264
2024-11-05 04:45:00+00:00,750.5950432441413
2024-11-05 05:45:00+00:00,745.4381026905351
2024-11-05 06:45:00+00:00,746.5007280690867
2024-11-05 07:45:00+00:00,741.1034166179894
2024-11-05 08:45:00+00:00,733.2857176492646
2024-11-05 09:45:00+00:00,739.9084803188224
2024-11-06 03:45:00+00:00,737.0309206642124
2024-11-06 04:45:00+00:00,732.6851077436846
2024-11-06 05:45:00+00:00,733.2421108193494
2024-11-06 06:45:00+00:00,730.305126033607
2024-11-06 07:45:00+00:00,737.3139921549174
2024-11-06 08:45:00+00:00,730.8501561994041
2024-11-06 09:45:00+00:00,726.2845603419438
2024-11-07 03:45:00+00:00,725.3943814074745
2024-11-07 04:45:00+00:00,721.7297057154171
2024-11-07 05:45:00+00:00,721.5104323625299
2024-11-07 06:45:00+00:00,709.8774658208138
2024-11-07 07:45:00+00:00,712.6498141099145
2024-11-07 08:45:00+00:00,705.6437318681266
2024-11-07 09:45:00+00:00,706.2656375831854
2024-11-08 03:45:00+00:00,707.9761455990663
2024-11-08 04:45:00+00:00,704.8951161872852
2024-11-08 05:45:00+00:00,703.6530282158943
2024-11-08 06:45:00+00:00,700.8880958658216
2024-11-08 07:45:00+00:00,698.5901048915231
2024-11-08 08:45:00+00:00,699.128974218446
2024-11-08 09:45:00+00:00,707.301817447955
2024-11-11 03:45:00+00:00,703.4047834435095
2024-11-11 04:45:00+00:00,704.9960364726023
2024-11-11 05:45:00+00:00,698.6359251895619
2024-11-11 06:45:00+00:00,696.2456444812839
2024-11-11 07:45:00+00:00,708.3329804457843
2024-11-11 08:45:00+00:00,710.2847824262097
2024-11-11 09:45:00+00:00,703.0123205806362
2024-11-12 03:45:00+00:00,712.8085543592787
2024-11-12 04:45:00+00:00,710.999331338141
2024-11-12 05:45:00+00:00,715.1906082767548
2024-11-12 06:45:00+00:00,719.850475555513
2024-11-12 07:45:00+00:00,737.8390005439677
2024-11-12 08:45:00+00:00,729.5540115872066
2024-11-12 09:45:00+00:00,732.227645043562
2024-11-13 03:45:00+00:00,740.8617068079137
2024-11-13 04:45:00+00:00,741.1046712532378
2024-11-13 05:45:00+00:00,739.2614907914775
2024-11-13 06:45:00+00:00,749.5216607918096
2024-11-13 07:45:00+00:00,744.1727417517524
2024-11-13 08:45:00+00:00,735.8397816369026
2024-11-13 09:45:00+00:00,743.0947560410626
2024-11-14 03:45:00+00:00,745.1686628832412
2024-11-14 04:45:00+00:00,744.7453619803442
2024-11-14 05:45:00+00:00,744.992331314522
2024-11-14 06:45:00+00:00,752.2557271837346
2024-11-14 07:45:00+00:00,748.3114404941948
2024-11-14 08:45:00+00:00,740.0767827581606
2024-11-14 09:45:00+00:00,737.5409203930649
2024-11-18 03:45:00+00:00,732.7612730579424
2024-11-18 04:45:00+00:00,730.6556647355683
2024-11-18 05:45:00+00:00,729.9369774484247
2024-11-18 06:45:00+00:00,717.9463815380684
2024-11-18 07:45:00+00:00,731.7953788293368
2024-11-18 08:45:00+00:00,743.2586165598566
2024-11-18 09:45:00+00:00,738.5799751032064
2024-11-19 03:45:00+00:00,734.4996892896581
2024-11-19 04:45:00+00:00,745.5642405748903
2024-11-19 05:45:00+00:00,738.2515228449518
2024-11-19 06:45:00+00:00,733.2136465135272
2024-11-19 07:45:00+00:00,726.0557695035886
2024-11-19 08:45:00+00:00,710.8104057807601
2024-11-19 09:45:00+00:00,706.641222939261
2024-11-21 03:45:00+00:00,698.9344355090569
2024-11-21 04:45:00+00:00,697.316257388256
2024-11-21 05:45:00+00:00,692.6641856378325
2024-11-21 06:45:00+00:00,695.593672928374
2024-11-21 07:45:00+00:00,702.2977589914223
2024-11-21 08:45:00+00:00,705.3660771250135
2024-11-21 09:45:00+00:00,708.1161045388459
2024-11-22 03:45:00+00:00,719.4043539023478
2024-11-22 04:45:00+00:00,728.0303425873226
2024-11-22 05:45:00+00:00,725.0272856638335
2024-11-22 06:45:00+00:00,724.7194485534669
2024-11-22 07:45:00+00:00,738.2659471960526
2024-11-22 08:45:00+00:00,751.0006112217802
2024-11-22 09:45:00+00:00,748.9010089221981
2024-11-25 03:45:00+00:00,750.6631608915075
2024-11-25 04:45:00+00:00,753.438402006277
2024-11-25 05:45:00+00:00,752.5072321372992
2024-11-25 06:45:00+00:00,763.0916255131863
2024-11-25 07:45:00+00:00,764.1725508674926
2024-11-25 08:45:00+00:00,763.036580682372
2024-11-25 09:45:00+00:00,780.0901421449477
2024-11-26 03:45:00+00:00,784.6549139435208
2024-11-26 04:45:00+00:00,776.836833379075
2024-11-26 05:45:00+00:00,782.4457434654316
2024-11-26 06:45:00+00:00,782.0002665984196
2024-11-26 07:45:00+00:00,792.091478785779
2024-11-26 08:45:00+00:00,804.2110437560812
2024-11-26 09:45:00+00:00,787.7308314453687
2024-11-27 03:45:00+00:00,796.8086188043143
2024-11-27 04:45:00+00:00,795.9509218688777
2024-11-27 05:45:00+00:00,794.5287624019526
2024-11-27 06:45:00+00:00,793.0823426453247
2024-11-27 07:45:00+00:00,772.3384571975934
2024-11-27 08:45:00+00:00,759.1096449200232
2024-11-27 09:45:00+00:00,756.8447288958266
2024-11-28 03:45:00+00:00,763.0350098689329
2024-11-28 04:45:00+00:00,766.7323933970367
2024-11-28 05:45:00+00:00,769.9826297034882
2024-11-28 06:45:00+00:00,773.0634275689525
2024-11-28 07:45:00+00:00,770.9532256131806
2024-11-28 08:45:00+00:00,761.1575015299226
2024-11-28 09:45:00+00:00,761.3664175881709
2024-11-29 03:45:00+00:00,752.751840269923
2024-11-29 04:45:00+00:00,749.2644702568413
2024-11-29 05:45:00+00:00,737.5905223971173
2024-11-29 06:45:00+00:00,735.4650938594799
2024-11-29 07:45:00+00:00,729.426182152838
2024-11-29 08:45:00+00:00,728.6629641762918
2024-11-29 09:45:00+00:00,746.8906983708055
2024-12-02 03:45:00+00:00,745.8145164926495
2024-12-02 04:45:00+00:00,752.847004159444
2024-12-02 05:45:00+00:00,747.3778596023864
2024-12-02 06:45:00+00:00,745.2147818093755
2024-12-02 07:45:00+00:00,743.9127046115359
2024-12-02 08:45:00+00:00,749.4653797911194
2024-12-02 09:45:00+00:00,751.876853946693
2024-12-03 03:45:00+00:00,739.451585356245
2024-12-03 04:45:00+00:00,731.2134438270652
2024-12-03 05:45:00+00:00,742.2512756946086
2024-12-03 06:45:00+00:00,754.3613753253521
2024-12-03 07:45:00+00:00,755.616967083378
2024-12-03 08:45:00+00:00,770.23395833258
2024-12-03 09:45:00+00:00,773.274007400725
2024-12-04 03:45:00+00:00,780.5927176307581
2024-12-04 04:45:00+00:00,774.2291412470983
2024-12-04 05:45:00+00:00,779.5821643300981
2024-12-04 06:45:00+00:00,785.4136312065559
2024-12-04 07:45:00+00:00,782.2120209839783
2024-12-04 08:45:00+00:00,792.9071856936587
2024-12-04 09:45:00+00:00,784.3809855050745
2024-12-05 03:45:00+00:00,800.9569979430631
2024-12-05 04:45:00+00:00,803.84600458014
2024-12-05 05:45:00+00:00,807.4005472834482
2024-12-05 06:45:00+00:00,808.1795688171434
2024-12-05 07:45:00+00:00,804.3771681836922
2024-12-05 08:45:00+00:00,795.6377662951764
2024-12-05 09:45:00+00:00,797.7544304042583
2024-12-06 03:45:00+00:00,787.1026785351075
2024-12-06 04:45:00+00:00,785.300089635177
2024-12-06 05:45:00+00:00,805.997664798451
2024-12-06 06:45:00+00:00,814.5756710010635
2024-12-06 07:45:00+00:00,812.3928271416653
2024-12-06 08:45:00+00:00,805.9173115943561
2024-12-06 09:45:00+00:00,808.3893133686513
2024-12-09 03:45:00+00:00,814.7300226113216
2024-12-09 04:45:00+00:00,809.5265590216936
2024-12-09 05:45:00+00:00,806.3485018810825
2024-12-09 06:45:00+00:00,810.6829979567663
2024-12-09 07:45:00+00:00,805.1981674247385
2024-12-09 08:45:00+00:00,814.3429119925585
2024-12-09 09:45:00+00:00,826.893564692606
2024-12-10 03:45:00+00:00,826.9294396540473
2024-12-10 04:45:00+00:00,816.4395602898015
2024-12-10 05:45:00+00:00,821.3203615312538
2024-12-10 06:45:00+00:00,814.2628321439461
2024-12-10 07:45:00+00:00,790.9756968266129
2024-12-10 08:45:00+00:00,793.1562561669651
2024-12-10 09:45:00+00:00,808.3463038209355
2024-12-11 03:45:00+00:00,808.3063801851131
2024-12-11 04:45:00+00:00,811.2391199784036
2024-12-11 05:45:00+00:00,805.6238182615572
2024-12-11 06:45:00+00:00,804.0954770305159
2024-12-11 07:45:00+00:00,799.5205528031573
2024-12-11 08:45:00+00:00,806.5138762926506
2024-12-11 09:45:00+00:00,827.5809520980021
2024-12-12 03:45:00+00:00,841.1901006799328
2024-12-12 04:45:00+00:00,844.3555035054554
2024-12-12 05:45:00+00:00,847.33068014867
2024-12-12 06:45:00+00:00,847.9778526586213
2024-12-12 07:45:00+00:00,844.288683493704
2024-12-12 08:45:00+00:00,847.1845313495005
2024-12-12 09:45:00+00:00,856.931849803532
2024-12-13 03:45:00+00:00,860.7390295493582
2024-12-13 04:45:00+00:00,862.0157023569727
2024-12-13 05:45:00+00:00,871.4093759200632
2024-12-13 06:45:00+00:00,883.0229811595345
2024-12-13 07:45:00+00:00,884.6034551969535
2024-12-13 08:45:00+00:00,885.5544393944807
2024-12-13 09:45:00+00:00,895.2949084038399
2024-12-16 03:45:00+00:00,881.753816470356
2024-12-16 04:45:00+00:00,877.2425162852401
2024-12-16 05:45:00+00:00,879.1553229546632
2024-12-16 06:45:00+00:00,887.6863133482287
2024-12-16 07:45:00+00:00,903.8863543769354
2024-12-16 08:45:00+00:00,897.6130254734114
2024-12-16 09:45:00+00:00,896.5709617508535
2024-12-17 03:45:00+00:00,911.6748281147843
2024-12-17 04:45:00+00:00,903.4098446429431
2024-12-17 05:45:00+00:00,908.0280582400136
2024-12-17 06:45:00+00:00,913.4639564891042
2024-12-17 07:45:00+00:00,918.5096015008531
2024-12-17 08:45:00+00:00,935.2714894424446
2024-12-17 09:45:00+00:00,933.3779358115701
2024-12-18 03:45:00+00:00,929.1901030470673
2024-12-18 04:45:00+00:00,934.3907205067771
2024-12-18 05:45:00+00:00,946.693247928252
2024-12-18 06:45:00+00:00,936.7796711402414
2024-12-18 07:45:00+00:00,943.3899688697738
2024-12-18 08:45:00+00:00,945.0835011611343
2024-12-18 09:45:00+00:00,940.8000492986467
2024-12-19 03:45:00+00:00,941.3276550953126
2024-12-19 04:45:00+00:00,963.0452312767953
2024-12-19 05:45:00+00:00,964.5885806346705
2024-12-19 06:45:00+00:00,967.8268425742303
2024-12-19 07:45:00+00:00,988.1849383532616
2024-12-19 08:45:00+00:00,986.8056175069567
2024-12-19 09:45:00+00:00,981.776586736094
2024-12-20 03:45:00+00:00,975.6693976438846
2024-12-20 04:45:00+00:00,982.3571782003228
2024-12-20 05:45:00+00:00,981.7329561277215
2024-12-20 06:45:00+00:00,973.6409953171591
2024-12-20 07:45:00+00:00,982.030360862034
2024-12-20 08:45:00+00:00,986.4694484447631
2024-12-20 09:45:00+00:00,986.9705128401426
2024-12-23 03:45:00+00:00,964.6490371201714
2024-12-23 04:45:00+00:00,950.8845600942292
2024-12-23 05:45:00+00:00,953.5315692073727
2024-12-23 06:45:00+00:00,952.9147538789674
2024-12-23 07:45:00+00:00,961.8296822195141
2024-12-23 08:45:00+00:00,959.4823261701238
2024-12-23 09:45:00+00:00,947.389082991861
2024-12-24 03:45:00+00:00,940.7038322558561
2024-12-24 04:45:00+00:00,938.5699267762163
2024-12-24 05:45:00+00:00,953.679403185859
2024-12-24 06:45:00+00:00,947.4897029621864
2024-12-24 07:45:00+00:00,954.1507729723675
2024-12-24 08:45:00+00:00,947.7688044714031
2024-12-24 09:45:00+00:00,968.4475399079654
2024-12-26 03:45:00+00:00,966.4559894178693
2024-12-26 04:45:00+00:00,973.05739496659
2024-12-26 05:45:00+00:00,964.2651975584484
2024-12-26 06:45:00+00:00,960.724712080357
2024-12-26 07:45:00+00:00,950.1190524744429
2024-12-26 08:45:00+00:00,960.331792681012
2024-12-26 09:45:00+00:00,965.6873570670601
2024-12-27 03:45:00+00:00,967.8122974026273
2024-12-27 04:45:00+00:00,956.0843208763591
2024-12-27 05:45:00+00:00,964.7411194029829
2024-12-27 06:45:00+00:00,964.3147037478245
2024-12-27 07:45:00+00:00,965.257651196448
2024-12-27 08:45:00+00:00,968.2277687347818
2024-12-27 09:45:00+00:00,966.5380702971567
2024-12-30 03:45:00+00:00,963.9240789456109
2024-12-30 04:45:00+00:00,953.8304336131159
2024-12-30 05:45:00+00:00,958.8589234421537
2024-12-30 06:45:00+00:00,970.8668061234731
2024-12-30 07:45:00+00:00,978.8836644548891
2024-12-30 08:45:00+00:00,978.4940475467566
2024-12-30 09:45:00+00:00,982.7321164296957
2024-12-31 03:45:00+00:00,995.4559601673844
2024-12-31 04:45:00+00:00,990.7470338656016
2024-12-31 05:45:00+00:00,994.2226616066781
2024-12-31 06:45:00+00:00,985.4500316002554
2024-12-31 07:45:00+00:00,981.8613649987849
2024-12-31 08:45:00+00:00,971.0824889609515
2024-12-31 09:45:00+00:00,971.8720186762126
2025-01-01 03:45:00+00:00,979.9321609306539
2025-01-01 04:45:00+00:00,982.8922043561779
2025-01-01 05:45:00+00:00,973.7055844661902
2025-01-01 06:45:00+00:00,973.9977742152229
2025-01-01 07:45:00+00:00,971.6711094317999
2025-01-01 08:45:00+00:00,963.6408678894047
2025-01-01 09:45:00+00:00,984.2622682767112
2025-01-02 03:45:00+00:00,974.184394393911
2025-01-02 04:45:00+00:00,972.8103474218327
2025-01-02 05:45:00+00:00,958.1600787331843
2025-01-02 06:45:00+00:00,965.6850259873696
2025-01-02 07:45:00+00:00,961.7248526565762
2025-01-02 08:45:00+00:00,965.7264249358365
2025-01-02 09:45:00+00:00,951.9014502934594
2025-01-03 03:45:00+00:00,963.610332932177
2025-01-03 04:45:00+00:00,951.8314795336854
2025-01-03 05:45:00+00:00,957.4057293667821
2025-01-03 06:45:00+00:00,940.275704410145
2025-01-03 07:45:00+00:00,940.5083413117812
2025-01-03 08:45:00+00:00,920.0678805402785
2025-01-03 09:45:00+00:00,922.6492589063529
2025-01-06 03:45:00+00:00,911.3401431908352
2025-01-06 04:45:00+00:00,913.9619269431922
2025-01-06 05:45:00+00:00,932.4363757964643
2025-01-06 06:45:00+00:00,921.5157409538523
2025-01-06 07:45:00+00:00,919.3350661696503
2025-01-06 08:45:00+00:00,918.8621479350755
2025-01-06 09:45:00+00:00,919.3365083426913
2025-01-07 03:45:00+00:00,925.5743862456878
2025-01-07 04:45:00+00:00,918.313753848698
2025-01-07 05:45:00+00:00,918.9740994768783
2025-01-07 06:45:00+00:00,922.6609000779122
2025-01-07 07:45:00+00:00,936.7680555078862
2025-01-07 08:45:00+00:00,924.7233359471437
2025-01-07 09:45:00+00:00,941.8824001516281
2025-01-08 03:45:00+00:00,946.5662483591752
2025-01-08 04:45:00+00:00,942.4990079315559
2025-01-08 05:45:00+00:00,967.7425742306749
2025-01-08 06:45:00+00:00,972.2073397705061
2025-01-08 07:45:00+00:00,974.3844310463398
2025-01-08 08:45:00+00:00,981.3783932762267
2025-01-08 09:45:00+00:00,968.7526144809298
2025-01-09 03:45:00+00:00,971.1319745124803
2025-01-09 04:45:00+00:00,971.6007057932499
2025-01-09 05:45:00+00:00,966.5523143611664
2025-01-09 06:45:00+00:00,946.7275172839295
2025-01-09 07:45:00+00:00,940.7332520425484
2025-01-09 08:45:00+00:00,944.5781244235145
2025-01-09 09:45:00+00:00,935.446134486928
2025-01-10 03:45:00+00:00,924.518882730205
2025-01-10 04:45:00+00:00,909.7065713960711
2025-01-10 05:45:00+00:00,904.4851781671765
2025-01-10 06:45:00+00:00,907.672944452197
2025-01-10 07:45:00+00:00,904.7835962716284
2025-01-10 08:45:00+00:00,908.673064499563
2025-01-10 09:45:00+00:00,890.5916913041298
2025-01-13 03:45:00+00:00,874.8955149141718
2025-01-13 04:45:00+00:00,877.2407264877281
2025-01-13 05:45:00+00:00,870.4648240294289
2025-01-13 06:45:00+00:00,861.5379443233633
2025-01-13 07:45:00+00:00,869.2205087459034
2025-01-13 08:45:00+00:00,882.4769124484217
2025-01-13 09:45:00+00:00,868.1929079730232
2025-01-14 03:45:00+00:00,833.2587514237252
2025-01-14 04:45:00+00:00,846.3041227232385
2025-01-14 05:45:00+00:00,847.156929592429
2025-01-14 06:45:00+00:00,838.9120112092098
2025-01-14 07:45:00+00:00,834.2516364634297
2025-01-14 08:45:00+00:00,828.0405357023405
2025-01-14 09:45:00+00:00,834.3252832506383
2025-01-15 03:45:00+00:00,849.6791920222163
2025-01-15 04:45:00+00:00,853.6729399781374
2025-01-15 05:45:00+00:00,859.3683757594416
2025-01-15 06:45:00+00:00,864.0300249511847
2025-01-15 07:45:00+00:00,864.7940974429841
2025-01-15 08:45:00+00:00,855.8815545729717
2025-01-15 09:45:00+00:00,862.1172112794846
2025-01-16 03:45:00+00:00,873.7392289963217
2025-01-16 04:45:00+00:00,892.7663588516305
2025-01-16 05:45:00+00:00,899.5087793487153
2025-01-16 06:45:00+00:00,896.472962208732
2025-01-16 07:45:00+00:00,917.846792496277
2025-01-16 08:45:00+00:00,926.2834066591583
2025-01-16 09:45:00+00:00,925.7815099499185
2025-01-17 03:45:00+00:00,915.9298545556
2025-01-17 04:45:00+00:00,921.8191166083417
2025-01-17 05:45:00+00:00,925.0612789061465
2025-01-17 06:45:00+00:00,930.3662574842054
2025-01-17 07:45:00+00:00,934.4197891264134
2025-01-17 08:45:00+00:00,939.5651589788033
2025-01-17 09:45:00+00:00,944.5376153394412
2025-01-20 03:45:00+00:00,942.981733276218
2025-01-20 04:45:00+00:00,940.3111721846525
2025-01-20 05:45:00+00:00,934.8323933296667
2025-01-20 06:45:00+00:00,952.1311295657431
2025-01-20 07:45:00+00:00,957.6787929090264
2025-01-20 08:45:00+00:00,958.788236591116
2025-01-20 09:45:00+00:00,951.9771306728528
2025-01-21 03:45:00+00:00,950.0386787436211
2025-01-21 04:45:00+00:00,962.6208519199739
2025-01-21 05:45:00+00:00,973.1976694778581
2025-01-21 06:45:00+00:00,970.7639677546741
2025-01-21 07:45:00+00:00,975.5938995044608
2025-01-21 08:45:00+00:00,990.1843790161145
2025-01-21 09:45:00+00:00,998.3207626239301
2025-01-22 03:45:00+00:00,1001.7577411562846
2025-01-22 04:45:00+00:00,1006.0224197288507
2025-01-22 05:45:00+00:00,1019.8666809176176
2025-01-22 06:45:00+00:00,1019.1471837035618
2025-01-22 07:45:00+00:00,1025.5252034015848
2025-01-22 08:45:00+00:00,1035.6343771192144
2025-01-22 09:45:00+00:00,1043.1564083792505
2025-01-23 03:45:00+00:00,1045.3005942334487
2025-01-23 04:45:00+00:00,1021.1786152379133
2025-01-23 05:45:00+00:00,1030.8080170467579
2025-01-23 06:45:00+00:00,1051.4959484678375
2025-01-23 07:45:00+00:00,1049.599695847349
2025-01-23 08:45:00+00:00,1052.1132497288688
2025-01-23 09:45:00+00:00,1042.3856215515464
2025-01-24 03:45:00+00:00,1042.7433015221864
2025-01-24 04:45:00+00:00,1039.1363166284245
2025-01-24 05:45:00+00:00,1046.520765701405
2025-01-24 06:45:00+00:00,1055.859343189236
2025-01-24 07:45:00+00:00,1067.4377504579115
2025-01-24 08:45:00+00:00,1058.7949958597287
2025-01-24 09:45:00+00:00,1065.1162529616527
2025-01-27 03:45:00+00:00,1070.5319887860417
2025-01-27 04:45:00+00:00,1061.9732784490475
2025-01-27 05:45:00+00:00,1058.5302523846356
2025-01-27 06:45:00+00:00,1052.231125785948
2025-01-27 07:45:00+00:00,1057.8559052013475
2025-01-27 08:45:00+00:00,1071.009618310231
2025-01-27 09:45:00+00:00,1070.939359683422
2025-01-28 03:45:00+00:00,1070.8797953500123
2025-01-28 04:45:00+00:00,1054.2240662590507
2025-01-28 05:45:00+00:00,1062.406148619219
2025-01-28 06:45:00+00:00,1052.7888841709932
2025-01-28 07:45:00+00:00,1067.632301872069
2025-01-28 08:45:00+00:00,1072.7848902175085
2025-01-28 09:45:00+00:00,1071.0226295102484
2025-01-29 03:45:00+00:00,1054.4645239492502
2025-01-29 04:45:00+00:00,1065.745951664603
2025-01-29 05:45:00+00:00,1067.243275830812
2025-01-29 06:45:00+00:00,1050.2306943306912
2025-01-29 07:45:00+00:00,1054.7176235339123
2025-01-29 08:45:00+00:00,1058.1963712187192
2025-01-29 09:45:00+00:00,1047.0297141207059
2025-01-30 03:45:00+00:00,1048.0794764629372
2025-01-30 04:45:00+00:00,1055.0560404513187
2025-01-30 05:45:00+00:00,1075.0073878943535
2025-01-30 06:45:00+00:00,1084.4390542270105
2025-01-30 07:45:00+00:00,1075.8587730953082
2025-01-30 08:45:00+00:00,1073.265109476581
2025-01-30 09:45:00+00:00,1083.4042897350794
2025-01-31 03:45:00+00:00,1080.2911793820729
2025-01-31 04:45:00+00:00,1074.5605136458732
2025-01-31 05:45:00+00:00,1082.5144644663087
2025-01-31 06:45:00+00:00,1075.2976829068987
2025-01-31 07:45:00+00:00,1067.6424925780407
2025-01-31 08:45:00+00:00,1041.2056037564187
2025-01-31 09:45:00+00:00,1046.979692586309
2025-02-03 03:45:00+00:00,1047.852535522783
2025-02-03 04:45:00+00:00,1043.1764990978509
2025-02-03 05:45:00+00:00,1025.4052935636919
2025-02-03 06:45:00+00:00,1037.6278457596018
2025-02-03 07:45:00+00:00,1028.4464822595553
2025-02-03 08:45:00+00:00,1019.0379733089308
2025-02-03 09:45:00+00:00,1021.0816712561858
2025-02-04 03:45:00+00:00,1018.9709701973087
2025-02-04 04:45:00+00:00,1011.4823404507714
2025-02-04 05:45:00+00:00,1021.97846923091
2025-02-04 06:45:00+00:00,1031.0497838200363
2025-02-04 07:45:00+00:00,1043.5270221808628
2025-02-04 08:45:00+00:00,1047.7059167091265
2025-02-04 09:45:00+00:00,1051.6776892947007
2025-02-05 03:45:00+00:00,1050.95838328014
2025-02-05 04:45:00+00:00,1053.8752538072943
2025-02-05 05:45:00+00:00,1046.279816482583
2025-02-05 06:45:00+00:00,1047.3263978731993
2025-02-05 07:45:00+00:00,1037.7231882330766
2025-02-05 08:45:00+00:00,1038.105557335036
2025-02-05 09:45:00+00:00,1024.2394004997352
2025-02-06 03:45:00+00:00,1035.2643138090993
2025-02-06 04:45:00+00:00,1023.0690735236309
2025-02-06 05:45:00+00:00,1023.1503176679652
2025-02-06 06:45:00+00:00,1020.145212607052
2025-02-06 07:45:00+00:00,1017.6136851260453
2025-02-06 08:45:00+00:00,1039.5603322172053
2025-02-06 09:45:00+00:00,1048.1823303193753
2025-02-07 03:45:00+00:00,1039.2946651062439
2025-02-07 04:45:00+00:00,1024.1933595781898
2025-02-07 05:45:00+00:00,1038.7797984502351
2025-02-07 06:45:00+00:00,1042.0924671007856
2025-02-07 07:45:00+00:00,1042.10781584819
2025-02-07 08:45:00+00:00,1046.7001876762831
2025-02-07 09:45:00+00:00,1045.8902909410403
2025-02-10 03:45:00+00:00,1034.2167782929193
2025-02-10 04:45:00+00:00,1038.998973064172
2025-02-10 05:45:00+00:00,1044.4592670510524
2025-02-10 06:45:00+00:00,1044.523856337406
2025-02-10 07:45:00+00:00,1042.3109597872938
2025-02-10 08:45:00+00:00,1042.0852527079073
2025-02-10 09:45:00+00:00,1038.5706210896412
2025-02-11 03:45:00+00:00,1053.029544873321
2025-02-11 04:45:00+00:00,1064.2754985612125
2025-02-11 05:45:00+00:00,1051.9410075776973
2025-02-11 06:45:00+00:00,1029.9265257079683
2025-02-11 07:45:00+00:00,1027.3487403156923
2025-02-11 08:45:00+00:00,1026.6980807396171
2025-02-11 09:45:00+00:00,1019.5684209104718
2025-02-12 03:45:00+00:00,998.1367317059559
2025-02-12 04:45:00+00:00,995.8524140909391
2025-02-12 05:45:00+00:00,974.3109277541663
2025-02-12 06:45:00+00:00,966.5696170052227
2025-02-12 07:45:00+00:00,973.9168861473014
2025-02-12 08:45:00+00:00,943.8219720184146
2025-02-12 09:45:00+00:00,949.5500231065321
2025-02-13 03:45:00+00:00,963.1015685369614
2025-02-13 04:45:00+00:00,947.5608726327054
2025-02-13 05:45:00+00:00,939.1800805075849
2025-02-13 06:45:00+00:00,936.5712719987
2025-02-13 07:45:00+00:00,932.5841794647079
2025-02-13 08:45:00+00:00,925.0067636155925
2025-02-13 09:45:00+00:00,927.3260209815633
2025-02-14 03:45:00+00:00,914.2902373106862
2025-02-14 04:45:00+00:00,893.9071090451051
2025-02-14 05:45:00+00:00,888.2381934524693
2025-02-14 06:45:00+00:00,866.9474983703382
2025-02-14 07:45:00+00:00,859.522704319048
2025-02-14 08:45:00+00:00,854.4838392058945
2025-02-14 09:45:00+00:00,854.4135625294912
2025-02-17 03:45:00+00:00,854.6890165416354
2025-02-17 04:45:00+00:00,852.5619365326601
2025-02-17 05:45:00+00:00,847.1511357471338
2025-02-17 06:45:00+00:00,846.1673968192441
2025-02-17 07:45:00+00:00,860.0403351156124
2025-02-17 08:45:00+00:00,852.6009233031384
2025-02-17 09:45:00+00:00,843.3237022471308
2025-02-18 03:45:00+00:00,853.383891817935
2025-02-18 04:45:00+00:00,833.2907560428149
2025-02-18 05:45:00+00:00,837.2251671932257
2025-02-18 06:45:00+00:00,844.3460836045441
2025-02-18 07:45:00+00:00,840.2632164463887
2025-02-18 08:45:00+00:00,844.5130696593767
2025-02-18 09:45:00+00:00,857.9808571728344
2025-02-19 03:45:00+00:00,855.8354749619492
2025-02-19 04:45:00+00:00,861.581194692064
2025-02-19 05:45:00+00:00,865.5547241876352
2025-02-19 06:45:00+00:00,851.7739783765082
2025-02-19 07:45:00+00:00,848.8294260594859
2025-02-19 08:45:00+00:00,848.3300567087773
2025-02-19 09:45:00+00:00,846.9533265270802
2025-02-20 03:45:00+00:00,847.9260109948355
2025-02-20 04:45:00+00:00,855.18832037174
2025-02-20 05:45:00+00:00,859.3766513730295
2025-02-20 06:45:00+00:00,856.8509307444867
2025-02-20 07:45:00+00:00,844.4643232734203
2025-02-20 08:45:00+00:00,846.1823994406014
2025-02-20 09:45:00+00:00,865.0136144062343
2025-02-21 03:45:00+00:00,882.4718386964796
2025-02-21 04:45:00+00:00,890.8235178067478
2025-02-21 05:45:00+00:00,893.0152467375826
2025-02-21 06:45:00+00:00,896.3344032215174
2025-02-21 07:45:00+00:00,896.9865367384674
2025-02-21 08:45:00+00:00,881.3061307262336
2025-02-21 09:45:00+00:00,890.8663342229161
2025-02-24 03:45:00+00:00,892.8542921053287
2025-02-24 04:45:00+00:00,892.6758673352368
2025-02-24 05:45:00+00:00,898.803006363575
2025-02-24 06:45:00+00:00,892.0742147911697
2025-02-24 07:45:00+00:00,901.6579219048481
2025-02-24 08:45:00+00:00,907.6253811592934
2025-02-24 09:45:00+00:00,907.2915063169975
2025-02-25 03:45:00+00:00,917.0510323641618
2025-02-25 04:45:00+00:00,918.8004067109871
2025-02-25 05:45:00+00:00,916.7613509509556
2025-02-25 06:45:00+00:00,924.575480120851
2025-02-25 07:45:00+00:00,926.6995037164348
2025-02-25 08:45:00+00:00,913.6699866482655
2025-02-25 09:45:00+00:00,918.0484455484215
2025-02-27 03:45:00+00:00,916.4256658612628
2025-02-27 04:45:00+00:00,918.6777203728417
2025-02-27 05:45:00+00:00,921.7472276959836
2025-02-27 06:45:00+00:00,940.7122740556822
2025-02-27 07:45:00+00:00,950.3604877620967
2025-02-27 08:45:00+00:00,947.7544867768885
2025-02-27 09:45:00+00:00,952.0284758394423
2025-02-28 03:45:00+00:00,970.4124488564745
2025-02-28 04:45:00+00:00,975.6393091454581
2025-02-28 05:45:00+00:00,971.7073676801199
2025-02-28 06:45:00+00:00,978.9185195125739
2025-02-28 07:45:00+00:00,966.6611653653839
2025-02-28 08:45:00+00:00,966.1734903942402
2025-02-28 09:45:00+00:00,961.3281378225334
2025-03-03 03:45:00+00:00,963.2596539069687
2025-03-03 04:45:00+00:00,970.5806607467863
2025-03-03 05:45:00+00:00,977.6193908395629
2025-03-03 06:45:00+00:00,971.1205462379631
2025-03-03 07:45:00+00:00,968.9734738852695
2025-03-03 08:45:00+00:00,975.1682527579188
2025-03-03 09:45:00+00:00,974.2968515943699
2025-03-04 03:45:00+00:00,965.9670466133613
2025-03-04 04:45:00+00:00,960.6716206179783
2025-03-04 05:45:00+00:00,960.0118646318506
2025-03-04 06:45:00+00:00,959.3252519416782
2025-03-04 07:45:00+00:00,953.5710015329026
2025-03-04 08:45:00+00:00,949.9015746858997
2025-03-04 09:45:00+00:00,930.456553090945
2025-03-05 03:45:00+00:00,923.8758736238958
2025-03-05 04:45:00+00:00,921.087139143786
2025-03-05 05:45:00+00:00,910.1670247171515
2025-03-05 06:45:00+00:00,907.1599911777723
2025-03-05 07:45:00+00:00,904.668523642124
2025-03-05 08:45:00+00:00,907.040870434363
2025-03-05 09:45:00+00:00,901.9860134777159
2025-03-06 03:45:00+00:00,890.7638161358777
2025-03-06 04:45:00+00:00,890.1065308630698
2025-03-06 05:45:00+00:00,887.396335982126
2025-03-06 06:45:00+00:00,872.4675410803584
2025-03-06 07:45:00+00:00,882.0041577753534
2025-03-06 08:45:00+00:00,877.7972473576683
2025-03-06 09:45:00+00:00,882.0058923796042
2025-03-07 03:45:00+00:00,876.7172263509023
2025-03-07 04:45:00+00:00,888.1149753679534
2025-03-07 05:45:00+00:00,893.1948147568835
2025-03-07 06:45:00+00:00,888.8536454804079
2025-03-07 07:45:00+00:00,893.2936588974263
2025-03-07 08:45:00+00:00,890.5348669782503
2025-03-07 09:45:00+00:00,895.2646907362756
2025-03-10 03:45:00+00:00,908.2001975087256
2025-03-10 04:45:00+00:00,913.5905631261664
2025-03-10 05:45:00+00:00,910.7517267747855
2025-03-10 06:45:00+00:00,918.1433008768342
2025-03-10 07:45:00+00:00,913.5097336543636
2025-03-10 08:45:00+00:00,905.700821410977
2025-03-10 09:45:00+00:00,902.0726253619994
2025-03-11 03:45:00+00:00,903.0973201729261
2025-03-11 04:45:00+00:00,885.5273418472083
2025-03-11 05:45:00+00:00,885.9187667265901
2025-03-11 06:45:00+00:00,876.4406793265965
2025-03-11 07:45:00+00:00,871.1867092738881
2025-03-11 08:45:00+00:00,871.2039008101943
2025-03-11 09:45:00+00:00,875.0170072419659
2025-03-12 03:45:00+00:00,872.2385257762984
2025-03-12 04:45:00+00:00,868.7164175601905
2025-03-12 05:45:00+00:00,862.8696741204108
2025-03-12 06:45:00+00:00,860.5380572310598
2025-03-12 07:45:00+00:00,869.5051863707221
2025-03-12 08:45:00+00:00,888.7220655920604
2025-03-12 09:45:00+00:00,884.3227488568748
2025-03-13 03:45:00+00:00,874.269136302967
2025-03-13 04:45:00+00:00,884.0073364833588
2025-03-13 05:45:00+00:00,882.6558077352606
2025-03-13 06:45:00+00:00,884.7372481434979
2025-03-13 07:45:00+00:00,888.975836892312
2025-03-13 08:45:00+00:00,897.8939863196823
2025-03-13 09:45:00+00:00,908.0781493448518
2025-03-17 03:45:00+00:00,907.1502246824705
2025-03-17 04:45:00+00:00,908.1500296156576
2025-03-17 05:45:00+00:00,908.9077206646048
2025-03-17 06:45:00+00:00,922.7840196783844
2025-03-17 07:45:00+00:00,925.6025932929132
2025-03-17 08:45:00+00:00,933.7181439170741
2025-03-17 09:45:00+00:00,914.842248049953
2025-03-18 03:45:00+00:00,918.8129118592282
2025-03-18 04:45:00+00:00,914.8203817893934
2025-03-18 05:45:00+00:00,909.3625573719462
2025-03-18 06:45:00+00:00,932.6116394097404
2025-03-18 07:45:00+00:00,935.1949428239532
2025-03-18 08:45:00+00:00,941.6624466595867
2025-03-18 09:45:00+00:00,942.4721314179363
2025-03-19 03:45:00+00:00,930.5838050003257
2025-03-19 04:45:00+00:00,930.5202742374219
2025-03-19 05:45:00+00:00,933.1160149113996
2025-03-19 06:45:00+00:00,925.6259551625759
2025-03-19 07:45:00+00:00,920.0691322355744
2025-03-19 08:45:00+00:00,926.7802159991625
2025-03-19 09:45:00+00:00,937.1439755904984
2025-03-20 03:45:00+00:00,941.3104533627981
2025-03-20 04:45:00+00:00,952.4586346401095
2025-03-20 05:45:00+00:00,942.9665107065847
2025-03-20 06:45:00+00:00,949.8720370782527
2025-03-20 07:45:00+00:00,937.380571127223
2025-03-20 08:45:00+00:00,921.1022159303998
2025-03-20 09:45:00+00:00,926.2263377195848
2025-03-21 03:45:00+00:00,924.617515589881
2025-03-21 04:45:00+00:00,921.346765641086
2025-03-21 05:45:00+00:00,929.7237388613131
2025-03-21 06:45:00+00:00,900.6922766441205
2025-03-21 07:45:00+00:00,906.8027985570151
2025-03-21 08:45:00+00:00,901.8264005196174
2025-03-21 09:45:00+00:00,902.6147170826748
2025-03-24 03:45:00+00:00,914.8106846964224
2025-03-24 04:45:00+00:00,911.8314665315435
2025-03-24 05:45:00+00:00,901.0617497849998
2025-03-24 06:45:00+00:00,894.2931233742387
2025-03-24 07:45:00+00:00,903.3775525350699
2025-03-24 08:45:00+00:00,905.725178323563
2025-03-24 09:45:00+00:00,888.2112245393264
2025-03-25 03:45:00+00:00,910.1205164937446
2025-03-25 04:45:00+00:00,901.2083996203099
2025-03-25 05:45:00+00:00,909.212711765377
2025-03-25 06:45:00+00:00,916.2368711238381
2025-03-25 07:45:00+00:00,921.7409607461542
2025-03-25 08:45:00+00:00,932.9599862849643
2025-03-25 09:45:00+00:00,946.270807559359
2025-03-26 03:45:00+00:00,946.0916839570218
2025-03-26 04:45:00+00:00,952.1405698387034
2025-03-26 05:45:00+00:00,947.034196329829
2025-03-26 06:45:00+00:00,949.1636634148612
2025-03-26 07:45:00+00:00,953.9345099940557
2025-03-26 08:45:00+00:00,953.4986669510292
2025-03-26 09:45:00+00:00,964.9820221697003
2025-03-27 03:45:00+00:00,969.4445095019477
2025-03-27 04:45:00+00:00,973.143944964365
2025-03-27 05:45:00+00:00,963.0779220249544
2025-03-27 06:45:00+00:00,951.9221118563902
2025-03-27 07:45:00+00:00,946.91742755273
2025-03-27 08:45:00+00:00,936.6727036673454
2025-03-27 09:45:00+00:00,938.3528037281418
2025-03-28 03:45:00+00:00,929.9118713984922
2025-03-28 04:45:00+00:00,944.4800270306504
2025-03-28 05:45:00+00:00,929.6774432881413
2025-03-28 06:45:00+00:00,937.7202423939434
2025-03-28 07:45:00+00:00,937.2698156272068
2025-03-28 08:45:00+00:00,939.1270667376286
2025-03-28 09:45:00+00:00,958.700918567027
2025-04-01 03:45:00+00:00,961.6104505437326
2025-04-01 04:45:00+00:00,955.767232855235
2025-04-01 05:45:00+00:00,958.497456618943
2025-04-01 06:45:00+00:00,951.604335447406
2025-04-01 07:45:00+00:00,943.6238131170805
2025-04-01 08:45:00+00:00,941.7878266321969
2025-04-01 09:45:00+00:00,944.5056204993729
2025-04-02 03:45:00+00:00,966.017105873341
2025-04-02 04:45:00+00:00,968.2292170920716
2025-04-02 05:45:00+00:00,952.301492205132
2025-04-02 06:45:00+00:00,954.8622507958381
2025-04-02 07:45:00+00:00,962.3576872681479
2025-04-02 08:45:00+00:00,983.061403071083
2025-04-02 09:45:00+00:00,995.772322265766
2025-04-03 03:45:00+00:00,989.7413052430892
2025-04-03 04:45:00+00:00,985.8706303603269
2025-04-03 05:45:00+00:00,982.8851602803477
2025-04-03 06:45:00+00:00,981.6613966224438
2025-04-03 07:45:00+00:00,975.2131685961847
2025-04-03 08:45:00+00:00,975.9023086116279
2025-04-03 09:45:00+00:00,951.9696702777522
2025-04-04 03:45:00+00:00,939.4386640459226
2025-04-04 04:45:00+00:00,945.2860257750486
2025-04-04 05:45:00+00:00,949.7913507036394
2025-04-04 06:45:00+00:00,937.1736280747242
2025-04-04 07:45:00+00:00,954.6948258127221
2025-04-04 08:45:00+00:00,968.3042813954688
2025-04-04 09:45:00+00:00,976.2929650748727
2025-04-07 03:45:00+00:00,980.3292781275037
2025-04-07 04:45:00+00:00,984.2702192866177
2025-04-07 05:45:00+00:00,987.9255994209584
2025-04-07 06:45:00+00:00,983.6121753243845
2025-04-07 07:45:00+00:00,986.3118587544155
2025-04-07 08:45:00+00:00,1002.7037731195023
2025-04-07 09:45:00+00:00,983.4727167833809
2025-04-08 03:45:00+00:00,974.9171617365337
2025-04-08 04:45:00+00:00,969.6734560556172
2025-04-08 05:45:00+00:00,968.6233179040439
2025-04-08 06:45:00+00:00,979.258827484522
2025-04-08 07:45:00+00:00,1006.9779898277782
2025-04-08 08:45:00+00:00,1014.8964983287609
2025-04-08 09:45:00+00:00,1020.3528641925377
2025-04-09 03:45:00+00:00,1026.359867446236
2025-04-09 04:45:00+00:00,1035.1146644118755
2025-04-09 05:45:00+00:00,1028.3787690045858
2025-04-09 06:45:00+00:00,1027.0876148162088
2025-04-09 07:45:00+00:00,1043.3562662874126
2025-04-09 08:45:00+00:00,1054.869290406313
2025-04-09 09:45:00+00:00,1046.2866433151942
2025-04-11 03:45:00+00:00,1041.494133755096
2025-04-11 04:45:00+00:00,1020.2545824623735
2025-04-11 05:45:00+00:00,1010.4726779422567
2025-04-11 06:45:00+00:00,1008.7969146288195
2025-04-11 07:45:00+00:00,988.4944041606018
2025-04-11 08:45:00+00:00,1004.5686304787482
2025-04-11 09:45:00+00:00,1001.563344278018
2025-04-15 03:45:00+00:00,994.3939067389837
2025-04-15 04:45:00+00:00,998.7090155445352
2025-04-15 05:45:00+00:00,1002.5868494597413
2025-04-15 06:45:00+00:00,1004.4441830899432
2025-04-15 07:45:00+00:00,1003.1718097597881
2025-04-15 08:45:00+00:00,1009.7420417368411
2025-04-15 09:45:00+00:00,999.3998612847518
2025-04-16 03:45:00+00:00,995.151868175073
2025-04-16 04:45:00+00:00,982.4536825301868
2025-04-16 05:45:00+00:00,993.0778132245293
2025-04-16 06:45:00+00:00,998.5190805940223
2025-04-16 07:45:00+00:00,992.7601019911244
2025-04-16 08:45:00+00:00,1009.9755046355577
2025-04-16 09:45:00+00:00,1010.1775283869555
2025-04-17 03:45:00+00:00,1025.0004836779717
2025-04-17 04:45:00+00:00,1017.7890855282478
2025-04-17 05:45:00+00:00,1041.8546624596484
2025-04-17 06:45:00+00:00,1056.675766369591
2025-04-17 07:45:00+00:00,1060.195382785325
2025-04-17 08:45:00+00:00,1054.9829848684506
2025-04-17 09:45:00+00:00,1053.4043540959374
2025-04-21 03:45:00+00:00,1047.9509378857183
2025-04-21 04:45:00+00:00,1036.6311598127681
2025-04-21 05:45:00+00:00,1040.1053261460324
2025-04-21 06:45:00+00:00,1050.1637786112178
2025-04-21 07:45:00+00:00,1048.5466233410284
2025-04-21 08:45:00+00:00,1050.589896025213
2025-04-21 09:45:00+00:00,1031.6231384353277
2025-04-22 03:45:00+00:00,1033.8603767033144
2025-04-22 04:45:00+00:00,1043.269798593443
2025-04-22 05:45:00+00:00,1039.9943785032958
2025-04-22 06:45:00+00:00,1041.6803147147614
2025-04-22 07:45:00+00:00,1047.9397538035266
2025-04-22 08:45:00+00:00,1039.9162304466956
2025-04-22 09:45:00+00:00,1039.501072711512
2025-04-23 03:45:00+00:00,1028.951476203873
2025-04-23 04:45:00+00:00,1014.6866762913115
2025-04-23 05:45:00+00:00,1012.6720389790282
2025-04-23 06:45:00+00:00,1018.0495118812016
2025-04-23 07:45:00+00:00,1011.9353680451096
2025-04-23 08:45:00+00:00,1021.1434823277249
2025-04-23 09:45:00+00:00,1024.7739263431365
2025-04-24 03:45:00+00:00,1015.007484876455
2025-04-24 04:45:00+00:00,1011.8774904809144
2025-04-24 05:45:00+00:00,1031.1494890755353
2025-04-24 06:45:00+00:00,1033.4985235351646
2025-04-24 07:45:00+00:00,1028.2687151646878
2025-04-24 08:45:00+00:00,1040.6883562938458
2025-04-24 09:45:00+00:00,1038.5041006870115
2025-04-25 03:45:00+00:00,1031.5933033658341
2025-04-25 04:45:00+00:00,1009.7050352001684
2025-04-25 05:45:00+00:00,1014.8334931015627
2025-04-25 06:45:00+00:00,1009.8853181003425
2025-04-25 07:45:00+00:00,999.7348471730446
2025-04-25 08:45:00+00:00,1000.9990202417941
2025-04-25 09:45:00+00:00,989.6013061885183
2025-04-28 03:45:00+00:00,1001.7639889360942
2025-04-28 04:45:00+00:00,1019.6618480324295
2025-04-28 05:45:00+00:00,1008.7790056069439
2025-04-28 06:45:00+00:00,1009.9925855990643
2025-04-28 07:45:00+00:00,994.8254237058107
2025-04-28 08:45:00+00:00,991.6458192584291
2025-04-28 09:45:00+00:00,991.4232685200467
2025-04-29 03:45:00+00:00,992.6203598955797
2025-04-29 04:45:00+00:00,988.241269576706
2025-04-29 05:45:00+00:00,996.9668826099271
2025-04-29 06:45:00+00:00,992.3688228025333
2025-04-29 07:45:00+00:00,976.6744553314246
2025-04-29 08:45:00+00:00,986.8795551933008
2025-04-29 09:45:00+00:00,980.9136041660304
2025-04-30 03:45:00+00:00,971.8064749283391
2025-04-30 04:45:00+00:00,958.4368263083559
2025-04-30 05:45:00+00:00,954.8079359174715
2025-04-30 06:45:00+00:00,957.177397044899
2025-04-30 07:45:00+00:00,956.2656166545407
2025-04-30 08:45:00+00:00,952.7194321841305
2025-04-30 09:45:00+00:00,979.3248508761377
2025-05-02 03:45:00+00:00,986.5920950882548
2025-05-02 04:45:00+00:00,995.9916240722205
2025-05-02 05:45:00+00:00,977.8514353553658
2025-05-02 06:45:00+00:00,992.4287047802388
2025-05-02 07:45:00+00:00,991.2437654051736
2025-05-02 08:45:00+00:00,992.1366504811217
2025-05-02 09:45:00+00:00,976.9862250628522
2025-05-05 03:45:00+00:00,990.7420014188708
2025-05-05 04:45:00+00:00,989.6235459715421
2025-05-05 05:45:00+00:00,1012.1710465016006
2025-05-05 06:45:00+00:00,1015.0888329078464
2025-05-05 07:45:00+00:00,995.9277263050758
2025-05-05 08:45:00+00:00,976.4244132515433
2025-05-05 09:45:00+00:00,987.9014165323468
2025-05-06 03:45:00+00:00,982.2888620387401
2025-05-06 04:45:00+00:00,974.2976026452023
2025-05-06 05:45:00+00:00,978.1447008232815
2025-05-06 06:45:00+00:00,966.6491964228377
2025-05-06 07:45:00+00:00,955.6298666837627
2025-05-06 08:45:00+00:00,947.8482836944345
2025-05-06 09:45:00+00:00,953.5299744885656
2025-05-07 03:45:00+00:00,957.5839460570168
2025-05-07 04:45:00+00:00,948.2258359749051
2025-05-07 05:45:00+00:00,964.2512239715006
2025-05-07 06:45:00+00:00,963.9861807513479
2025-05-07 07:45:00+00:00,955.8898091810037
2025-05-07 08:45:00+00:00,950.0583985425641
2025-05-07 09:45:00+00:00,951.9359410239045
2025-05-08 03:45:00+00:00,950.5679694164696
2025-05-08 04:45:00+00:00,942.8824652948274
2025-05-08 05:45:00+00:00,936.706036828753
2025-05-08 06:45:00+00:00,909.6084511463282
2025-05-08 07:45:00+00:00,915.0707726504268
2025-05-08 08:45:00+00:00,911.4227856913842
2025-05-08 09:45:00+00:00,907.8283393818625
2025-05-09 03:45:00+00:00,897.8579642194809
2025-05-09 04:45:00+00:00,882.2767389075245
2025-05-09 05:45:00+00:00,884.8926350018822
2025-05-09 06:45:00+00:00,900.4146989879891
2025-05-09 07:45:00+00:00,890.5394079594167
2025-05-09 08:45:00+00:00,883.851273568078
2025-05-09 09:45:00+00:00,874.4344849819771
2025-05-12 03:45:00+00:00,874.8342627206675
2025-05-12 04:45:00+00:00,880.6712879289064
2025-05-12 05:45:00+00:00,908.8892377798317
2025-05-12 06:45:00+00:00,913.8846212699108
2025-05-12 07:45:00+00:00,909.1898080884229
2025-05-12 08:45:00+00:00,915.9092078069946
2025-05-12 09:45:00+00:00,914.1127424586999
2025-05-13 03:45:00+00:00,910.5379430985163
2025-05-13 04:45:00+00:00,926.6301828249085
2025-05-13 05:45:00+00:00,930.9738279385659
2025-05-13 06:45:00+00:00,956.700601504794
2025-05-13 07:45:00+00:00,949.9011239841294
2025-05-13 08:45:00+00:00,941.7573011962986
2025-05-13 09:45:00+00:00,946.7525720812525
2025-05-14 03:45:00+00:00,964.0238611709212
2025-05-14 04:45:00+00:00,956.7033904456345
2025-05-14 05:45:00+00:00,945.971710194721
2025-05-14 06:45:00+00:00,944.2137977314541
2025-05-14 07:45:00+00:00,936.7197027567797
2025-05-14 08:45:00+00:00,942.2993355154865
2025-05-14 09:45:00+00:00,917.1265498509846
2025-05-15 03:45:00+00:00,910.186086270179
2025-05-15 04:45:00+00:00,916.3073491539174
2025-05-15 05:45:00+00:00,910.1471642680254
2025-05-15 06:45:00+00:00,915.4436709235629
2025-05-15 07:45:00+00:00,919.2400404180011
2025-05-15 08:45:00+00:00,909.8995933415171
2025-05-15 09:45:00+00:00,910.7410900580302
2025-05-16 03:45:00+00:00,910.4036601023067
2025-05-16 04:45:00+00:00,915.1741935120809
2025-05-16 05:45:00+00:00,915.8161801655705
2025-05-16 06:45:00+00:00,919.0158163865927
2025-05-16 07:45:00+00:00,917.6867264104606
2025-05-16 08:45:00+00:00,912.1732132477329
2025-05-16 09:45:00+00:00,911.9904774708888
2025-05-19 03:45:00+00:00,905.6860314102312
2025-05-19 04:45:00+00:00,914.1582214428563
2025-05-19 05:45:00+00:00,915.7402900089214
2025-05-19 06:45:00+00:00,914.2125523818535
2025-05-19 07:45:00+00:00,917.9613670802464
2025-05-19 08:45:00+00:00,928.3137480284474
2025-05-19 09:45:00+00:00,900.9472563589262
2025-05-20 03:45:00+00:00,899.6442179876719
2025-05-20 04:45:00+00:00,904.3996643141144
2025-05-20 05:45:00+00:00,891.9111838263318
2025-05-20 06:45:00+00:00,886.2708763405873
2025-05-20 07:45:00+00:00,889.7802600129393
2025-05-20 08:45:00+00:00,896.5410357743694
2025-05-20 09:45:00+00:00,884.0553267935846
2025-05-21 03:45:00+00:00,877.342409751039
2025-05-21 04:45:00+00:00,888.6643871600841
2025-05-21 05:45:00+00:00,882.674955603873
2025-05-21 06:45:00+00:00,870.7083033402531
2025-05-21 07:45:00+00:00,873.972641008783
2025-05-21 08:45:00+00:00,859.6162480987211
2025-05-21 09:45:00+00:00,868.2577205449221
2025-05-22 03:45:00+00:00,875.9540837934796
2025-05-22 04:45:00+00:00,875.7205163077323
2025-05-22 05:45:00+00:00,870.7466990840743
2025-05-22 06:45:00+00:00,889.303330106626
2025-05-22 07:45:00+00:00,890.1969584923063
2025-05-22 08:45:00+00:00,879.0861207846215
2025-05-22 09:45:00+00:00,872.7938563659169
2025-05-23 03:45:00+00:00,881.1250134833539
2025-05-23 04:45:00+00:00,885.6189839180686
2025-05-23 05:45:00+00:00,887.760673978122
2025-05-23 06:45:00+00:00,889.7011186838823
2025-05-23 07:45:00+00:00,888.4260002731603
2025-05-23 08:45:00+00:00,904.1593278557854
2025-05-23 09:45:00+00:00,885.0279084713128
2025-05-26 03:45:00+00:00,875.0502296091212
2025-05-26 04:45:00+00:00,888.0352138512263
2025-05-26 05:45:00+00:00,881.3499802316749
2025-05-26 06:45:00+00:00,865.9105153179255
2025-05-26 07:45:00+00:00,858.790459385261
2025-05-26 08:45:00+00:00,874.2682951404851
2025-05-26 09:45:00+00:00,860.6354158247792
2025-05-27 03:45:00+00:00,862.4119654958073
2025-05-27 04:45:00+00:00,870.3500621160783
2025-05-27 05:45:00+00:00,866.8594939689082
2025-05-27 06:45:00+00:00,858.1307600344444
2025-05-27 07:45:00+00:00,844.1658700365427
2025-05-27 08:45:00+00:00,852.0303785141685
2025-05-27 09:45:00+00:00,835.9315176761733
2025-05-28 03:45:00+00:00,840.3856848851224
2025-05-28 04:45:00+00:00,836.3069079640152
2025-05-28 05:45:00+00:00,846.574259477571
2025-05-28 06:45:00+00:00,840.7961676568037
2025-05-28 07:45:00+00:00,848.6463081122248
2025-05-28 08:45:00+00:00,851.0300390731927
2025-05-28 09:45:00+00:00,853.2955727329394
2025-05-29 03:45:00+00:00,848.9579839730781
2025-05-29 04:45:00+00:00,854.0815312187593
2025-05-29 05:45:00+00:00,848.032928041771
2025-05-29 06:45:00+00:00,855.6273888794487
2025-05-29 07:45:00+00:00,843.7641315540397
2025-05-29 08:45:00+00:00,850.066325156622
2025-05-29 09:45:00+00:00,845.0141709261719
2025-05-30 03:45:00+00:00,831.6998862257153
2025-05-30 04:45:00+00:00,836.2773511850324
2025-05-30 05:45:00+00:00,834.6294703857315
2025-05-30 06:45:00+00:00,837.7533500632385
2025-05-30 07:45:00+00:00,835.6682688244404
2025-05-30 08:45:00+00:00,832.417071846251
2025-05-30 09:45:00+00:00,826.2023122069057
2025-06-02 03:45:00+00:00,823.8428383400175
2025-06-02 04:45:00+00:00,821.0742698726743
2025-06-02 05:45:00+00:00,815.9143419229217
2025-06-02 06:45:00+00:00,823.4921220227445
2025-06-02 07:45:00+00:00,809.4394766100852
2025-06-02 08:45:00+00:00,800.0452524772213
2025-06-02 09:45:00+00:00,808.3909342723367
2025-06-03 03:45:00+00:00,807.6621573088744
2025-06-03 04:45:00+00:00,820.8064173269804
2025-06-03 05:45:00+00:00,814.3883008746672
2025-06-03 06:45:00+00:00,823.490841408999
2025-06-03 07:45:00+00:00,818.0125701534288
2025-06-03 08:45:00+00:00,835.8374527952203
2025-06-03 09:45:00+00:00,850.14333395013
2025-06-04 03:45:00+00:00,844.8156594222152
2025-06-04 04:45:00+00:00,830.0665565401285
2025-06-04 05:45:00+00:00,828.5473923022759
2025-06-04 06:45:00+00:00,822.4822664021466
2025-06-04 07:45:00+00:00,811.7465995041307
2025-06-04 08:45:00+00:00,811.1932875786141
2025-06-04 09:45:00+00:00,813.463878417702
2025-06-05 03:45:00+00:00,810.5372978905748
2025-06-05 04:45:00+00:00,806.1762377581856
2025-06-05 05:45:00+00:00,816.9686129051184
2025-06-05 06:45:00+00:00,813.1999190874858
2025-06-05 07:45:00+00:00,818.205842571379
2025-06-05 08:45:00+00:00,814.1669118912881
2025-06-05 09:45:00+00:00,805.8498940621935
2025-06-06 03:45:00+00:00,802.1260314691839
2025-06-06 04:45:00+00:00,806.3359508945911
2025-06-06 05:45:00+00:00,795.0799358892057
2025-06-06 06:45:00+00:00,792.3318641982391
2025-06-06 07:45:00+00:00,787.8270474090277
2025-06-06 08:45:00+00:00,774.7172873661734
2025-06-06 09:45:00+00:00,770.9871049326996
2025-06-09 03:45:00+00:00,770.8181999109023
2025-06-09 04:45:00+00:00,768.6832201511247
2025-06-09 05:45:00+00:00,776.810714487863
2025-06-09 06:45:00+00:00,782.1649290021326
2025-06-09 07:45:00+00:00,773.9145014765332
2025-06-09 08:45:00+00:00,777.1764904381733
2025-06-09 09:45:00+00:00,777.3438114664034
2025-06-10 03:45:00+00:00,778.5075503865626
2025-06-10 04:45:00+00:00,786.8435897541862
2025-06-10 05:45:00+00:00,787.988361658219
2025-06-10 06:45:00+00:00,792.5565810851722
2025-06-10 07:45:00+00:00,806.6398083208065
2025-06-10 08:45:00+00:00,809.3592711814391
2025-06-10 09:45:00+00:00,801.0809415937283
2025-06-11 03:45:00+00:00,790.5465335411257
2025-06-11 04:45:00+00:00,792.5180397566163
2025-06-11 05:45:00+00:00,781.5615571667493
2025-06-11 06:45:00+00:00,780.5260240001907
2025-06-11 07:45:00+00:00,771.146918059832
2025-06-11 08:45:00+00:00,773.2195889221027
2025-06-11 09:45:00+00:00,765.5656335149788
2025-06-12 03:45:00+00:00,751.336048664844
2025-06-12 04:45:00+00:00,756.2469742169171
2025-06-12 05:45:00+00:00,761.7739799526075
2025-06-12 06:45:00+00:00,761.3829547725575
2025-06-12 07:45:00+00:00,751.3684646812028
2025-06-12 08:45:00+00:00,754.2392381262002
2025-06-12 09:45:00+00:00,749.9391852957565
2025-06-13 03:45:00+00:00,763.3305811115707
2025-06-13 04:45:00+00:00,780.6620682313624
2025-06-13 05:45:00+00:00,769.3283928118608
2025-06-13 06:45:00+00:00,764.0030543037703
2025-06-13 07:45:00+00:00,746.4687913989069
2025-06-13 08:45:00+00:00,750.4589187952278
2025-06-13 09:45:00+00:00,751.9128570870414
2025-06-16 03:45:00+00:00,751.2851232227011
2025-06-16 04:45:00+00:00,739.7758160548893
2025-06-16 05:45:00+00:00,742.6050201623201
2025-06-16 06:45:00+00:00,751.587946747892
2025-06-16 07:45:00+00:00,753.0874952151196
2025-06-16 08:45:00+00:00,753.1789874016956
2025-06-16 09:45:00+00:00,758.1370158725044
2025-06-17 03:45:00+00:00,757.1916725586448
2025-06-17 04:45:00+00:00,765.4240734002324
2025-06-17 05:45:00+00:00,782.2388400962445
2025-06-17 06:45:00+00:00,780.1998687836528
2025-06-17 07:45:00+00:00,768.8108817689584
2025-06-17 08:45:00+00:00,774.9857352871647
2025-06-17 09:45:00+00:00,769.9144887548623
2025-06-18 03:45:00+00:00,764.019406036902
2025-06-18 04:45:00+00:00,778.3726199909394
2025-06-18 05:45:00+00:00,771.7660627146016
2025-06-18 06:45:00+00:00,775.0270097813325
2025-06-18 07:45:00+00:00,783.1512885071481
2025-06-18 08:45:00+00:00,764.9680237888604
2025-06-18 09:45:00+00:00,754.6813937822601
2025-06-19 03:45:00+00:00,767.5550813012824
2025-06-19 04:45:00+00:00,757.4230309907203
2025-06-19 05:45:00+00:00,767.4969357381422
2025-06-19 06:45:00+00:00,759.2736129409428
2025-06-19 07:45:00+00:00,751.7203676266888
2025-06-19 08:45:00+00:00,768.984921332737
2025-06-19 09:45:00+00:00,781.2472597564782
2025-06-20 03:45:00+00:00,760.492859065426
2025-06-20 04:45:00+00:00,742.3511010651495
2025-06-20 05:45:00+00:00,734.7504133344389
2025-06-20 06:45:00+00:00,736.4067409542564
2025-06-20 07:45:00+00:00,748.3433422713412
2025-06-20 08:45:00+00:00,762.891304446393
2025-06-20 09:45:00+00:00,758.2128179667556
2025-06-23 03:45:00+00:00,757.8531509380302
2025-06-23 04:45:00+00:00,773.8684948141431
2025-06-23 05:45:00+00:00,765.6203832415872
2025-06-23 06:45:00+00:00,763.1707272097846
2025-06-23 07:45:00+00:00,761.8483988579234
2025-06-23 08:45:00+00:00,771.695109842136
2025-06-23 09:45:00+00:00,778.1307484537352
2025-06-24 03:45:00+00:00,765.5521658580888
2025-06-24 04:45:00+00:00,747.4578467489282
2025-06-24 05:45:00+00:00,745.9038346767059
2025-06-24 06:45:00+00:00,736.2388365074478
2025-06-24 07:45:00+00:00,749.2378149140654
2025-06-24 08:45:00+00:00,748.6620743820207
2025-06-24 09:45:00+00:00,757.169839427576
2025-06-25 03:45:00+00:00,761.9020039407727
2025-06-25 04:45:00+00:00,752.4830823095065
2025-06-25 05:45:00+00:00,757.7377382235535
2025-06-25 06:45:00+00:00,748.0643902601723
2025-06-25 07:45:00+00:00,748.0100269903998
2025-06-25 08:45:00+00:00,731.343194925334
2025-06-25 09:45:00+00:00,723.2987075860912
2025-06-26 03:45:00+00:00,724.2216197012407
2025-06-26 04:45:00+00:00,726.0671101883809
2025-06-26 05:45:00+00:00,721.752416874421
2025-06-26 06:45:00+00:00,729.5636869356237
2025-06-26 07:45:00+00:00,733.6743684345213
2025-06-26 08:45:00+00:00,735.2401340677244
2025-06-26 09:45:00+00:00,735.3519918987874
2025-06-27 03:45:00+00:00,743.2031444840954
2025-06-27 04:45:00+00:00,749.5979212503295
2025-06-27 05:45:00+00:00,750.559596981517
2025-06-27 06:45:00+00:00,761.0708815700084
2025-06-27 07:45:00+00:00,766.3913709274585
2025-06-27 08:45:00+00:00,777.4966596658941
2025-06-27 09:45:00+00:00,788.41324989775
2025-06-30 03:45:00+00:00,793.5622845529888
2025-06-30 04:45:00+00:00,780.7720632378927
2025-06-30 05:45:00+00:00,779.1071647065305
2025-06-30 06:45:00+00:00,785.7229500717567
2025-06-30 07:45:00+00:00,776.850717031613
2025-06-30 08:45:00+00:00,788.408428647765
2025-06-30 09:45:00+00:00,790.2792075216026
2025-07-01 03:45:00+00:00,784.413893213507
2025-07-01 04:45:00+00:00,787.7058288093649
2025-07-01 05:45:00+00:00,793.5755289598844
2025-07-01 06:45:00+00:00,800.1024008304882
2025-07-01 07:45:00+00:00,801.5631864479956
2025-07-01 08:45:00+00:00,800.2706058399054
2025-07-01 09:45:00+00:00,805.3269341094425
2025-07-02 03:45:00+00:00,814.5413265343993
2025-07-02 04:45:00+00:00,810.9637682527286
2025-07-02 05:45:00+00:00,826.0924097497405
2025-07-02 06:45:00+00:00,833.694601891185
2025-07-02 07:45:00+00:00,831.7864823164841
2025-07-02 08:45:00+00:00,821.7154183159709
2025-07-02 09:45:00+00:00,818.866596973522
2025-07-03 03:45:00+00:00,806.9536473096388
2025-07-03 04:45:00+00:00,799.5997097056027
2025-07-03 05:45:00+00:00,787.8052323074976
2025-07-03 06:45:00+00:00,784.1847944102716
2025-07-03 07:45:00+00:00,792.0948400164823
2025-07-03 08:45:00+00:00,804.1216544471998
2025-07-03 09:45:00+00:00,798.9992533330643
2025-07-04 03:45:00+00:00,807.9435791651138
2025-07-04 04:45:00+00:00,807.7241316924063
2025-07-04 05:45:00+00:00,799.0830089407349
2025-07-04 06:45:00+00:00,799.6619583280316
2025-07-04 07:45:00+00:00,789.9996843733351
2025-07-04 08:45:00+00:00,798.3720461437961
2025-07-04 09:45:00+00:00,803.4640675749158
2025-07-07 03:45:00+00:00,796.5226493813019
2025-07-07 04:45:00+00:00,783.0691702886248
2025-07-07 05:45:00+00:00,790.6851136290325
2025-07-07 06:45:00+00:00,794.3262864551361
2025-07-07 07:45:00+00:00,807.7407015587487
2025-07-07 08:45:00+00:00,803.0035936829016
2025-07-07 09:45:00+00:00,804.1354056797801
2025-07-08 03:45:00+00:00,798.627365664873
2025-07-08 04:45:00+00:00,801.8467589889161
2025-07-08 05:45:00+00:00,793.6326970181054
2025-07-08 06:45:00+00:00,812.2799305759742
2025-07-08 07:45:00+00:00,826.7788164932992
2025-07-08 08:45:00+00:00,834.5065122264173
2025-07-08 09:45:00+00:00,832.2654287193479
2025-07-09 03:45:00+00:00,839.4121689027335
2025-07-09 04:45:00+00:00,842.1870218073577
2025-07-09 05:45:00+00:00,849.6410334363896
2025-07-09 06:45:00+00:00,846.7326096063034
2025-07-09 07:45:00+00:00,850.5351550401956
2025-07-09 08:45:00+00:00,850.9163794334872
2025-07-09 09:45:00+00:00,875.5223887864593
2025-07-10 03:45:00+00:00,872.4338926900434
2025-07-10 04:45:00+00:00,881.3094672909266
2025-07-10 05:45:00+00:00,885.7882423993597
2025-07-10 06:45:00+00:00,878.6697298394182
2025-07-10 07:45:00+00:00,875.99132597072
2025-07-10 08:45:00+00:00,864.2174043755462
2025-07-10 09:45:00+00:00,847.5188278064569
2025-07-11 03:45:00+00:00,849.2023771727582
2025-07-11 04:45:00+00:00,839.5417937779731
2025-07-11 05:45:00+00:00,855.2045702822263
2025-07-11 06:45:00+00:00,851.1260143050106
2025-07-11 07:45:00+00:00,856.1041606854862
2025-07-11 08:45:00+00:00,843.1600460299559
2025-07-11 09:45:00+00:00,835.3632399458473
