Datetime,Close
2023-07-14 04:45:00+00:00,299.07019095091476
2023-07-14 05:45:00+00:00,298.56937865629885
2023-07-14 06:45:00+00:00,299.6326969037371
2023-07-14 07:45:00+00:00,300.02779955632343
2023-07-14 08:45:00+00:00,301.4314849127715
2023-07-14 09:45:00+00:00,301.95632230944466
2023-07-17 03:45:00+00:00,302.1380665431828
2023-07-17 04:45:00+00:00,301.56694611819404
2023-07-17 05:45:00+00:00,299.9303051761592
2023-07-17 06:45:00+00:00,300.39795997004416
2023-07-17 07:45:00+00:00,300.8002288353206
2023-07-17 08:45:00+00:00,301.07484239438816
2023-07-17 09:45:00+00:00,300.5638802981816
2023-07-18 03:45:00+00:00,300.8445513733112
2023-07-18 04:45:00+00:00,301.21645464360085
2023-07-18 05:45:00+00:00,302.2467494920611
2023-07-18 06:45:00+00:00,302.91313294429716
2023-07-18 07:45:00+00:00,302.86247328562126
2023-07-18 08:45:00+00:00,301.85096110148055
2023-07-18 09:45:00+00:00,301.83983167750534
2023-07-19 03:45:00+00:00,300.7696974270445
2023-07-19 04:45:00+00:00,301.99027400181296
2023-07-19 05:45:00+00:00,301.84824044537186
2023-07-19 06:45:00+00:00,305.6932095585939
2023-07-19 07:45:00+00:00,307.67616471016294
2023-07-19 08:45:00+00:00,305.9375962400274
2023-07-19 09:45:00+00:00,304.9553067195646
2023-07-20 03:45:00+00:00,305.2912878591631
2023-07-20 04:45:00+00:00,305.37494072822255
2023-07-20 05:45:00+00:00,305.75510441984534
2023-07-20 06:45:00+00:00,304.9781035583628
2023-07-20 07:45:00+00:00,303.571032092328
2023-07-20 08:45:00+00:00,302.52053960924
2023-07-20 09:45:00+00:00,302.40698299645464
2023-07-21 03:45:00+00:00,302.3432074952687
2023-07-21 04:45:00+00:00,302.45099760390104
2023-07-21 05:45:00+00:00,302.24920259215145
2023-07-21 06:45:00+00:00,301.9078924665603
2023-07-21 07:45:00+00:00,304.133963958017
2023-07-21 08:45:00+00:00,301.47010351144854
2023-07-21 09:45:00+00:00,301.54044064281015
2023-07-24 03:45:00+00:00,302.54865097679635
2023-07-24 04:45:00+00:00,303.04439513888406
2023-07-24 05:45:00+00:00,301.40490254428113
2023-07-24 06:45:00+00:00,303.07335544894505
2023-07-24 07:45:00+00:00,301.7998807778959
2023-07-24 08:45:00+00:00,300.535576551073
2023-07-24 09:45:00+00:00,298.2995472459377
2023-07-25 03:45:00+00:00,298.05036469307305
2023-07-25 04:45:00+00:00,296.8341233090532
2023-07-25 05:45:00+00:00,296.0061741258779
2023-07-25 06:45:00+00:00,296.85884297579116
2023-07-25 07:45:00+00:00,298.6314865693077
2023-07-25 08:45:00+00:00,299.39160246618906
2023-07-26 03:45:00+00:00,299.7742614402385
2023-07-26 04:45:00+00:00,299.8755301711661
2023-07-26 05:45:00+00:00,299.17897029374075
2023-07-26 06:45:00+00:00,297.051326739647
2023-07-26 07:45:00+00:00,297.5600925158012
2023-07-26 08:45:00+00:00,296.5748430071471
2023-07-26 09:45:00+00:00,296.0850564131913
2023-07-27 03:45:00+00:00,297.23992431204914
2023-07-27 04:45:00+00:00,297.214874660257
2023-07-27 05:45:00+00:00,298.017710882608
2023-07-27 06:45:00+00:00,301.0529120316844
2023-07-27 07:45:00+00:00,301.7370192543761
2023-07-27 08:45:00+00:00,301.86830185690593
2023-07-28 03:45:00+00:00,301.29009254232034
2023-07-28 04:45:00+00:00,302.70063432311514
2023-07-28 05:45:00+00:00,303.64861015511053
2023-07-28 06:45:00+00:00,305.01687725744483
2023-07-28 07:45:00+00:00,301.903736730769
2023-07-28 08:45:00+00:00,300.11258450516885
2023-07-28 09:45:00+00:00,301.4511700514832
2023-07-31 03:45:00+00:00,300.04427152466474
2023-07-31 04:45:00+00:00,299.07208872908075
2023-07-31 05:45:00+00:00,296.8100882258432
2023-07-31 06:45:00+00:00,297.2145695791244
2023-07-31 07:45:00+00:00,296.9505180118614
2023-07-31 08:45:00+00:00,298.01078916515604
2023-07-31 09:45:00+00:00,299.76073273560166
2023-08-01 03:45:00+00:00,299.3463355364596
2023-08-01 04:45:00+00:00,298.11001045736305
2023-08-01 05:45:00+00:00,297.1490590748256
2023-08-01 06:45:00+00:00,297.99085800380044
2023-08-01 07:45:00+00:00,297.8706637725184
2023-08-01 08:45:00+00:00,297.50125291501837
2023-08-01 09:45:00+00:00,298.8249065430343
2023-08-02 03:45:00+00:00,299.0856463643608
2023-08-02 04:45:00+00:00,299.6797185300337
2023-08-02 05:45:00+00:00,300.65326764014765
2023-08-02 06:45:00+00:00,301.4669951288179
2023-08-02 07:45:00+00:00,300.2320382123874
2023-08-02 08:45:00+00:00,299.8083233419552
2023-08-02 09:45:00+00:00,302.01734590482596
2023-08-03 03:45:00+00:00,301.2198132315276
2023-08-03 04:45:00+00:00,298.24674706315824
2023-08-03 05:45:00+00:00,299.0667900649687
2023-08-03 06:45:00+00:00,298.4853033363708
2023-08-03 07:45:00+00:00,298.7169457863473
2023-08-03 08:45:00+00:00,300.58692067675196
2023-08-04 03:45:00+00:00,300.6534535625328
2023-08-04 04:45:00+00:00,301.02083160387616
2023-08-04 05:45:00+00:00,303.58705686261
2023-08-04 06:45:00+00:00,301.89645372282536
2023-08-04 07:45:00+00:00,301.11874295422524
2023-08-04 08:45:00+00:00,300.6267027653362
2023-08-04 09:45:00+00:00,299.48180682561076
2023-08-07 03:45:00+00:00,299.8362802063917
2023-08-07 04:45:00+00:00,300.4276552673726
2023-08-07 05:45:00+00:00,299.07787651904636
2023-08-07 06:45:00+00:00,301.1802852927129
2023-08-07 07:45:00+00:00,299.55217870050797
2023-08-07 08:45:00+00:00,300.89573035316374
2023-08-07 09:45:00+00:00,301.92620719043447
2023-08-08 03:45:00+00:00,301.1462347233694
2023-08-08 04:45:00+00:00,299.19330786933534
2023-08-08 05:45:00+00:00,298.5617432912571
2023-08-08 06:45:00+00:00,297.4231074138007
2023-08-08 07:45:00+00:00,296.82360197719885
2023-08-08 08:45:00+00:00,297.15675705050086
2023-08-08 09:45:00+00:00,295.75968987670706
2023-08-09 03:45:00+00:00,296.5118629589051
2023-08-09 04:45:00+00:00,296.24816688426995
2023-08-09 05:45:00+00:00,296.07757581779725
2023-08-09 06:45:00+00:00,296.24169870704725
2023-08-09 07:45:00+00:00,297.8284611896498
2023-08-09 08:45:00+00:00,299.03813317280486
2023-08-09 09:45:00+00:00,298.7446954740299
2023-08-10 03:45:00+00:00,298.85670694810307
2023-08-10 04:45:00+00:00,297.81224304824656
2023-08-10 05:45:00+00:00,297.1290012459988
2023-08-10 06:45:00+00:00,297.8337172083776
2023-08-10 07:45:00+00:00,297.3268475548216
2023-08-10 08:45:00+00:00,299.2232379677384
2023-08-10 09:45:00+00:00,297.9926746626657
2023-08-11 03:45:00+00:00,297.81917307709847
2023-08-11 04:45:00+00:00,296.5571062128608
2023-08-11 05:45:00+00:00,294.9669948622477
2023-08-11 06:45:00+00:00,295.03583888063235
2023-08-11 07:45:00+00:00,295.5648775548642
2023-08-11 08:45:00+00:00,294.63534057279367
2023-08-11 09:45:00+00:00,295.02295599884866
2023-08-14 03:45:00+00:00,292.9591246382617
2023-08-14 04:45:00+00:00,290.97446868902944
2023-08-14 05:45:00+00:00,289.146859600187
2023-08-14 06:45:00+00:00,288.7971375966608
2023-08-14 07:45:00+00:00,288.4865129651572
2023-08-14 08:45:00+00:00,287.2549365033948
2023-08-14 09:45:00+00:00,287.2811439375196
2023-08-16 03:45:00+00:00,288.61379948961365
2023-08-16 04:45:00+00:00,287.18708443143703
2023-08-16 05:45:00+00:00,291.87924134202876
2023-08-16 06:45:00+00:00,291.70084079156436
2023-08-16 07:45:00+00:00,290.3108352051722
2023-08-16 08:45:00+00:00,290.9681230821616
2023-08-16 09:45:00+00:00,291.7103455469034
2023-08-17 03:45:00+00:00,290.0623496103352
2023-08-17 04:45:00+00:00,289.211503784055
2023-08-17 05:45:00+00:00,286.29833774239916
2023-08-17 06:45:00+00:00,288.5398620166812
2023-08-17 07:45:00+00:00,289.2693821993185
2023-08-17 08:45:00+00:00,291.3468012405171
2023-08-17 09:45:00+00:00,291.58825121763994
2023-08-18 03:45:00+00:00,290.8586012553654
2023-08-18 04:45:00+00:00,289.4896923526689
2023-08-18 05:45:00+00:00,289.81233870826884
2023-08-18 06:45:00+00:00,288.2859780425391
2023-08-18 07:45:00+00:00,287.72625668073704
2023-08-18 08:45:00+00:00,288.25190761815355
2023-08-18 09:45:00+00:00,289.27456633672466
2023-08-21 03:45:00+00:00,290.92420413196936
2023-08-21 04:45:00+00:00,291.63511819842665
2023-08-21 05:45:00+00:00,289.94131630507593
2023-08-21 06:45:00+00:00,288.686323528518
2023-08-21 07:45:00+00:00,288.4407363093742
2023-08-21 08:45:00+00:00,286.232126610872
2023-08-21 09:45:00+00:00,282.93959563610167
2023-08-22 03:45:00+00:00,281.73299775803616
2023-08-22 04:45:00+00:00,280.92250940031283
2023-08-22 05:45:00+00:00,282.0751503987926
2023-08-22 06:45:00+00:00,282.96550921754584
2023-08-22 07:45:00+00:00,283.8970268558829
2023-08-22 08:45:00+00:00,284.98147579596747
2023-08-22 09:45:00+00:00,284.18662180728734
2023-08-23 03:45:00+00:00,283.97046102322497
2023-08-23 04:45:00+00:00,283.30300832795314
2023-08-23 05:45:00+00:00,282.7282172757376
2023-08-23 06:45:00+00:00,282.3329162603787
2023-08-23 07:45:00+00:00,282.78837366821523
2023-08-23 08:45:00+00:00,281.94878268010973
2023-08-23 09:45:00+00:00,282.7538099260029
2023-08-24 03:45:00+00:00,282.4278100421332
2023-08-24 04:45:00+00:00,283.57021528583266
2023-08-24 05:45:00+00:00,283.7385700707314
2023-08-24 06:45:00+00:00,280.3141867091977
2023-08-24 07:45:00+00:00,280.4959803542196
2023-08-24 08:45:00+00:00,279.96026759269654
2023-08-24 09:45:00+00:00,278.2831143256219
2023-08-25 03:45:00+00:00,276.36154309544867
2023-08-25 04:45:00+00:00,276.7114841513509
2023-08-25 05:45:00+00:00,276.86255652169217
2023-08-25 06:45:00+00:00,274.0720090633665
2023-08-25 07:45:00+00:00,274.8857706672277
2023-08-25 08:45:00+00:00,275.02185362283524
2023-08-25 09:45:00+00:00,274.3017880594257
2023-08-28 03:45:00+00:00,273.4096702420784
2023-08-28 04:45:00+00:00,271.071356874344
2023-08-28 05:45:00+00:00,271.87395348616184
2023-08-28 06:45:00+00:00,271.5351698309919
2023-08-28 07:45:00+00:00,271.4821076832805
2023-08-28 08:45:00+00:00,272.20975393985003
2023-08-28 09:45:00+00:00,272.94994487737756
2023-08-29 03:45:00+00:00,270.3764012228383
2023-08-29 04:45:00+00:00,270.6077687326758
2023-08-29 05:45:00+00:00,268.74985135367
2023-08-29 06:45:00+00:00,267.3247089952123
2023-08-29 07:45:00+00:00,267.0205182001721
2023-08-29 08:45:00+00:00,266.6194637040796
2023-08-29 09:45:00+00:00,266.3453640214266
2023-08-30 03:45:00+00:00,265.2652428549584
2023-08-30 04:45:00+00:00,264.0453369892289
2023-08-30 05:45:00+00:00,265.9700254436705
2023-08-30 06:45:00+00:00,266.4408521954129
2023-08-30 07:45:00+00:00,265.2740481835058
2023-08-30 08:45:00+00:00,266.32602462619207
2023-08-30 09:45:00+00:00,265.8844637880833
2023-08-31 03:45:00+00:00,264.958496416499
2023-08-31 04:45:00+00:00,265.10217583720663
2023-08-31 05:45:00+00:00,265.1515509655276
2023-08-31 06:45:00+00:00,266.43137788536706
2023-08-31 07:45:00+00:00,266.83438854320025
2023-08-31 08:45:00+00:00,266.2177998757422
2023-08-31 09:45:00+00:00,265.60321702046804
2023-09-01 03:45:00+00:00,267.5168081012128
2023-09-01 04:45:00+00:00,268.18591612029945
2023-09-01 05:45:00+00:00,265.82822528912874
2023-09-01 06:45:00+00:00,265.52781585009996
2023-09-01 07:45:00+00:00,265.22217142480616
2023-09-01 08:45:00+00:00,266.38958116823443
2023-09-01 09:45:00+00:00,265.41778072972363
2023-09-04 03:45:00+00:00,265.2525749365928
2023-09-04 04:45:00+00:00,265.43080233276817
2023-09-04 05:45:00+00:00,264.7860568988494
2023-09-04 06:45:00+00:00,263.36773458571014
2023-09-04 07:45:00+00:00,263.24762567595997
2023-09-04 08:45:00+00:00,264.6986338258992
2023-09-04 09:45:00+00:00,263.94034919071726
2023-09-05 03:45:00+00:00,263.751869105752
2023-09-05 04:45:00+00:00,260.9814124566626
2023-09-05 05:45:00+00:00,260.9770117188725
2023-09-05 06:45:00+00:00,260.7725482220577
2023-09-05 07:45:00+00:00,261.60120121469055
2023-09-05 08:45:00+00:00,260.36379395599255
2023-09-05 09:45:00+00:00,260.40520552283095
2023-09-06 03:45:00+00:00,260.9431861400511
2023-09-06 04:45:00+00:00,261.3799676714061
2023-09-06 05:45:00+00:00,262.05391319181
2023-09-06 06:45:00+00:00,262.73763450996364
2023-09-06 07:45:00+00:00,265.2627875092122
2023-09-06 08:45:00+00:00,263.5492524638361
2023-09-06 09:45:00+00:00,262.9049057392916
2023-09-07 03:45:00+00:00,263.68978996193397
2023-09-07 04:45:00+00:00,264.6612096028918
2023-09-07 05:45:00+00:00,266.78210851020214
2023-09-07 06:45:00+00:00,266.56498234831565
2023-09-07 07:45:00+00:00,267.98737192351297
2023-09-07 08:45:00+00:00,268.0748542105529
2023-09-07 09:45:00+00:00,266.6163968714805
2023-09-08 03:45:00+00:00,267.6972079968809
2023-09-08 04:45:00+00:00,267.52134516677654
2023-09-08 05:45:00+00:00,268.7332103977299
2023-09-08 06:45:00+00:00,267.01985697696256
2023-09-08 07:45:00+00:00,267.3206103195778
2023-09-08 08:45:00+00:00,268.08857584726223
2023-09-08 09:45:00+00:00,268.5303268713039
2023-09-11 03:45:00+00:00,268.1325854794696
2023-09-11 04:45:00+00:00,266.7659694196789
2023-09-11 05:45:00+00:00,268.49607854977467
2023-09-11 06:45:00+00:00,268.05741985600923
2023-09-11 07:45:00+00:00,267.6443932397327
2023-09-11 08:45:00+00:00,270.6621077110275
2023-09-11 09:45:00+00:00,272.686001523177
2023-09-12 03:45:00+00:00,272.7067889061872
2023-09-12 04:45:00+00:00,273.07028659000997
2023-09-12 05:45:00+00:00,273.70812116497603
2023-09-12 06:45:00+00:00,272.88609633692624
2023-09-12 07:45:00+00:00,274.81015857122287
2023-09-12 08:45:00+00:00,275.9472638438636
2023-09-12 09:45:00+00:00,276.52297118367864
2023-09-13 03:45:00+00:00,279.77096723110486
2023-09-13 04:45:00+00:00,280.4515777040221
2023-09-13 05:45:00+00:00,279.6822934893456
2023-09-13 06:45:00+00:00,279.03964681749034
2023-09-13 07:45:00+00:00,279.42889743431937
2023-09-13 08:45:00+00:00,278.6910503109808
2023-09-13 09:45:00+00:00,278.69759773303554
2023-09-14 03:45:00+00:00,277.39111214531
2023-09-14 04:45:00+00:00,278.17139371533847
2023-09-14 05:45:00+00:00,277.0582283362582
2023-09-14 06:45:00+00:00,276.95429158709493
2023-09-14 07:45:00+00:00,275.9702445661361
2023-09-14 08:45:00+00:00,277.9540159550659
2023-09-14 09:45:00+00:00,275.8276223159215
2023-09-15 03:45:00+00:00,274.2042882210347
2023-09-15 04:45:00+00:00,274.5318415946173
2023-09-15 05:45:00+00:00,275.1994260935898
2023-09-15 06:45:00+00:00,276.1706890911746
2023-09-15 07:45:00+00:00,278.08705056617134
2023-09-15 08:45:00+00:00,279.57971421402897
2023-09-15 09:45:00+00:00,280.6263033755682
2023-09-18 03:45:00+00:00,280.6278153893987
2023-09-18 04:45:00+00:00,281.1535868639832
2023-09-18 05:45:00+00:00,282.23650368057696
2023-09-18 06:45:00+00:00,283.03637892320626
2023-09-18 07:45:00+00:00,282.92455413962534
2023-09-18 08:45:00+00:00,282.9845087574882
2023-09-18 09:45:00+00:00,284.0750427652986
2023-09-20 03:45:00+00:00,285.28332865561123
2023-09-20 04:45:00+00:00,284.4288314244484
2023-09-20 05:45:00+00:00,284.5993095446001
2023-09-20 06:45:00+00:00,285.3583667094068
2023-09-20 07:45:00+00:00,285.486095478412
2023-09-20 08:45:00+00:00,285.75914002717263
2023-09-20 09:45:00+00:00,286.0675236260313
2023-09-21 03:45:00+00:00,287.6800411698348
2023-09-21 04:45:00+00:00,285.7673332578252
2023-09-21 05:45:00+00:00,283.94279947358496
2023-09-21 06:45:00+00:00,284.8499611525666
2023-09-21 07:45:00+00:00,285.9585441054949
2023-09-21 08:45:00+00:00,288.14752061295695
2023-09-21 09:45:00+00:00,288.96303468889465
2023-09-22 03:45:00+00:00,288.53897237370313
2023-09-22 04:45:00+00:00,287.40907445212497
2023-09-22 05:45:00+00:00,285.6234930667609
2023-09-22 06:45:00+00:00,287.2097354023416
2023-09-22 07:45:00+00:00,287.4274625170949
2023-09-22 08:45:00+00:00,286.18069698830345
2023-09-22 09:45:00+00:00,285.5989466486692
2023-09-25 03:45:00+00:00,282.1789307495538
2023-09-25 04:45:00+00:00,283.0711370791583
2023-09-25 05:45:00+00:00,281.74713509719095
2023-09-25 06:45:00+00:00,281.0154729314589
2023-09-25 07:45:00+00:00,280.76750472141947
2023-09-25 08:45:00+00:00,278.60284018092983
2023-09-25 09:45:00+00:00,278.60431576215643
2023-09-26 03:45:00+00:00,277.18676976755137
2023-09-26 04:45:00+00:00,274.3344618210675
2023-09-26 05:45:00+00:00,277.444184758796
2023-09-26 06:45:00+00:00,278.5753909521137
2023-09-26 07:45:00+00:00,276.81886352801
2023-09-26 08:45:00+00:00,275.7286027765837
2023-09-26 09:45:00+00:00,275.2451707740885
2023-09-27 03:45:00+00:00,275.79012308145286
2023-09-27 04:45:00+00:00,277.3985856662065
2023-09-27 05:45:00+00:00,276.8607664078873
2023-09-27 06:45:00+00:00,277.1510856780438
2023-09-27 07:45:00+00:00,277.1474409615333
2023-09-27 08:45:00+00:00,276.9768655412914
2023-09-27 09:45:00+00:00,276.1488342488091
2023-09-28 03:45:00+00:00,276.99927457644463
2023-09-28 04:45:00+00:00,276.7893888710969
2023-09-28 05:45:00+00:00,275.38782623632875
2023-09-28 06:45:00+00:00,274.49638348357064
2023-09-28 07:45:00+00:00,275.19495422753727
2023-09-28 08:45:00+00:00,276.6333074566637
2023-09-28 09:45:00+00:00,274.2344910571258
2023-09-29 03:45:00+00:00,271.9312507486026
2023-09-29 04:45:00+00:00,274.00449427763186
2023-09-29 05:45:00+00:00,274.65697372246876
2023-09-29 06:45:00+00:00,275.25335347540096
2023-09-29 07:45:00+00:00,274.784197997248
2023-09-29 08:45:00+00:00,275.85317984294005
2023-09-29 09:45:00+00:00,275.7631982888279
2023-10-03 03:45:00+00:00,275.8740848655568
2023-10-03 04:45:00+00:00,276.9769238208102
2023-10-03 05:45:00+00:00,274.80263406504184
2023-10-03 06:45:00+00:00,274.6187581197029
2023-10-03 07:45:00+00:00,273.77914945561514
2023-10-03 08:45:00+00:00,273.41695355631265
2023-10-03 09:45:00+00:00,274.12634288530154
2023-10-04 03:45:00+00:00,274.17923884664174
2023-10-04 04:45:00+00:00,275.98924901118795
2023-10-04 05:45:00+00:00,274.8804302439982
2023-10-04 06:45:00+00:00,274.7776059097338
2023-10-04 07:45:00+00:00,275.18201001247536
2023-10-04 08:45:00+00:00,274.30795789158185
2023-10-04 09:45:00+00:00,273.9988103699429
2023-10-05 03:45:00+00:00,274.2189800969134
2023-10-05 04:45:00+00:00,275.26349978891665
2023-10-05 05:45:00+00:00,278.0125579083659
2023-10-05 06:45:00+00:00,276.4104485263457
2023-10-05 07:45:00+00:00,277.52413118785773
2023-10-05 08:45:00+00:00,276.2453150998653
2023-10-05 09:45:00+00:00,275.2034938388371
2023-10-06 03:45:00+00:00,275.06284462744765
2023-10-06 04:45:00+00:00,273.63062839052577
2023-10-06 05:45:00+00:00,273.8222639452701
2023-10-06 06:45:00+00:00,272.86350371212694
2023-10-06 07:45:00+00:00,273.34559953989447
2023-10-06 08:45:00+00:00,274.01455765906724
2023-10-06 09:45:00+00:00,271.37690781242804
2023-10-09 03:45:00+00:00,271.06925400858796
2023-10-09 04:45:00+00:00,274.13597768115125
2023-10-09 05:45:00+00:00,275.1998460830608
2023-10-09 06:45:00+00:00,275.05981565261794
2023-10-09 07:45:00+00:00,273.28291198751623
2023-10-09 08:45:00+00:00,273.3064388064797
2023-10-09 09:45:00+00:00,272.80641320518896
2023-10-10 03:45:00+00:00,273.5081538773448
2023-10-10 04:45:00+00:00,273.0612082361053
2023-10-10 05:45:00+00:00,271.9567780270264
2023-10-10 06:45:00+00:00,271.240260930929
2023-10-10 07:45:00+00:00,273.0726877303356
2023-10-10 08:45:00+00:00,272.7059219678039
2023-10-10 09:45:00+00:00,271.7507389762574
2023-10-11 03:45:00+00:00,271.71078957889216
2023-10-11 04:45:00+00:00,272.6089633179171
2023-10-11 05:45:00+00:00,271.8720796022203
2023-10-11 06:45:00+00:00,272.24127539150834
2023-10-11 07:45:00+00:00,274.06530153291953
2023-10-11 08:45:00+00:00,273.9917316589414
2023-10-11 09:45:00+00:00,274.6034260623258
2023-10-12 03:45:00+00:00,275.89380553787
2023-10-12 04:45:00+00:00,278.3874791635617
2023-10-12 05:45:00+00:00,276.24709806673525
2023-10-12 06:45:00+00:00,274.98167178459204
2023-10-12 07:45:00+00:00,275.326846121043
2023-10-12 08:45:00+00:00,276.60060904489796
2023-10-12 09:45:00+00:00,277.0359835175759
2023-10-13 03:45:00+00:00,278.0933318914959
2023-10-13 04:45:00+00:00,280.1359657761433
2023-10-13 05:45:00+00:00,281.52395782204377
2023-10-13 06:45:00+00:00,282.2509744354573
2023-10-13 07:45:00+00:00,281.1674855962935
2023-10-13 08:45:00+00:00,282.74237789614193
2023-10-13 09:45:00+00:00,285.319498550623
2023-10-16 03:45:00+00:00,282.8326266004433
2023-10-16 04:45:00+00:00,283.05702880114086
2023-10-16 05:45:00+00:00,278.115742208518
2023-10-16 06:45:00+00:00,277.7204420934497
2023-10-16 07:45:00+00:00,277.4156032573013
2023-10-16 08:45:00+00:00,279.4938355621484
2023-10-17 03:45:00+00:00,279.459174333512
2023-10-17 04:45:00+00:00,281.1974255433079
2023-10-17 05:45:00+00:00,282.57220629891225
2023-10-17 06:45:00+00:00,282.87773718231716
2023-10-17 07:45:00+00:00,283.34453655255777
2023-10-17 08:45:00+00:00,283.92515902723034
2023-10-17 09:45:00+00:00,282.9035037841784
2023-10-18 03:45:00+00:00,280.203412451255
2023-10-18 04:45:00+00:00,282.2000815917808
2023-10-18 05:45:00+00:00,281.15910248236116
2023-10-18 06:45:00+00:00,280.3049316970311
2023-10-18 07:45:00+00:00,279.4975810229293
2023-10-18 08:45:00+00:00,280.6137501593216
2023-10-18 09:45:00+00:00,281.26680151633406
2023-10-19 03:45:00+00:00,279.93506725829883
2023-10-19 04:45:00+00:00,279.322748414372
2023-10-19 05:45:00+00:00,282.16817295996316
2023-10-19 06:45:00+00:00,282.7874899816794
2023-10-19 07:45:00+00:00,281.2091191121572
2023-10-19 08:45:00+00:00,281.6761196760345
2023-10-19 09:45:00+00:00,281.94285753703764
2023-10-20 03:45:00+00:00,284.2772183196533
2023-10-20 04:45:00+00:00,283.27431300531106
2023-10-20 05:45:00+00:00,283.72858953080186
2023-10-20 06:45:00+00:00,284.613677686504
2023-10-20 07:45:00+00:00,284.1026914239542
2023-10-20 08:45:00+00:00,284.69965785852787
2023-10-20 09:45:00+00:00,286.58390083238726
2023-10-23 03:45:00+00:00,284.5748344800809
2023-10-23 04:45:00+00:00,283.7464250041839
2023-10-23 05:45:00+00:00,283.57330114298236
2023-10-23 06:45:00+00:00,283.10974810292277
2023-10-23 08:45:00+00:00,284.7420337035033
2023-10-23 09:45:00+00:00,286.34112531481446
2023-10-25 03:45:00+00:00,287.4732453179197
2023-10-25 04:45:00+00:00,289.4648732539982
2023-10-25 05:45:00+00:00,288.42325753473
2023-10-25 06:45:00+00:00,288.75260701880273
2023-10-25 07:45:00+00:00,288.6345590745277
2023-10-25 08:45:00+00:00,290.1175070031921
2023-10-25 09:45:00+00:00,290.5390853090298
2023-10-26 03:45:00+00:00,293.2611856544671
2023-10-26 04:45:00+00:00,296.2485338697403
2023-10-26 05:45:00+00:00,295.74328935022584
2023-10-26 06:45:00+00:00,295.3145635798479
2023-10-26 07:45:00+00:00,295.73641587439715
2023-10-26 08:45:00+00:00,297.9588639179284
2023-10-26 09:45:00+00:00,300.0211095895402
2023-10-27 03:45:00+00:00,301.26313630336284
2023-10-27 04:45:00+00:00,300.3246707491413
2023-10-27 05:45:00+00:00,301.071769988903
2023-10-27 06:45:00+00:00,301.25853395462906
2023-10-27 07:45:00+00:00,300.8265041669807
2023-10-27 08:45:00+00:00,301.7390885366909
2023-10-27 09:45:00+00:00,302.19124418832195
2023-10-30 03:45:00+00:00,301.78409179491354
2023-10-30 04:45:00+00:00,303.616158492874
2023-10-30 05:45:00+00:00,302.7720550105823
2023-10-30 06:45:00+00:00,301.6432405856106
2023-10-30 08:45:00+00:00,301.6562489733196
2023-10-30 09:45:00+00:00,303.015817222839
2023-10-31 03:45:00+00:00,302.4913411998403
2023-10-31 04:45:00+00:00,303.3458555562721
2023-10-31 05:45:00+00:00,304.3964492826363
2023-10-31 06:45:00+00:00,305.16947522667397
2023-10-31 07:45:00+00:00,302.13673986587077
2023-10-31 08:45:00+00:00,301.9256009403165
2023-10-31 09:45:00+00:00,303.46127315713846
2023-11-01 03:45:00+00:00,301.52543059669676
2023-11-01 04:45:00+00:00,303.19285537373236
2023-11-01 05:45:00+00:00,304.0974622876349
2023-11-01 06:45:00+00:00,305.20775987814767
2023-11-01 07:45:00+00:00,306.22380071860124
2023-11-01 08:45:00+00:00,307.38857905944025
2023-11-01 09:45:00+00:00,306.9145379790254
2023-11-02 03:45:00+00:00,308.74465841479457
2023-11-02 04:45:00+00:00,311.2569450632565
2023-11-02 05:45:00+00:00,311.3980136412627
2023-11-02 06:45:00+00:00,312.25949891624157
2023-11-02 07:45:00+00:00,312.3984601570398
2023-11-02 08:45:00+00:00,315.9071615769787
2023-11-02 09:45:00+00:00,316.2791527650653
2023-11-03 03:45:00+00:00,312.94754328767954
2023-11-03 04:45:00+00:00,314.20197902155246
2023-11-03 05:45:00+00:00,314.7810492140452
2023-11-03 06:45:00+00:00,312.6927620681388
2023-11-03 07:45:00+00:00,311.88239424843096
2023-11-03 08:45:00+00:00,311.00571519971584
2023-11-03 09:45:00+00:00,310.64233999579017
2023-11-06 03:45:00+00:00,311.08420201075154
2023-11-06 04:45:00+00:00,310.9227512776508
2023-11-06 05:45:00+00:00,311.81499279130315
2023-11-06 06:45:00+00:00,312.51657640241297
2023-11-06 07:45:00+00:00,309.333424264236
2023-11-06 08:45:00+00:00,308.3876322284423
2023-11-06 09:45:00+00:00,309.12567467235647
2023-11-07 03:45:00+00:00,306.4713424638967
2023-11-07 04:45:00+00:00,306.29858529314913
2023-11-07 05:45:00+00:00,305.76693184277303
2023-11-07 06:45:00+00:00,305.38518297158294
2023-11-07 07:45:00+00:00,305.6492202666048
2023-11-07 08:45:00+00:00,308.062342724075
2023-11-07 09:45:00+00:00,308.3489783903439
2023-11-08 03:45:00+00:00,305.7271612039292
2023-11-08 04:45:00+00:00,306.8479013004991
2023-11-08 05:45:00+00:00,307.9241312906715
2023-11-08 06:45:00+00:00,308.8626218617167
2023-11-08 07:45:00+00:00,309.0928073550107
2023-11-08 08:45:00+00:00,310.615842492693
2023-11-08 09:45:00+00:00,311.2909823446796
2023-11-09 03:45:00+00:00,312.4422175458709
2023-11-09 04:45:00+00:00,314.4442099647021
2023-11-09 05:45:00+00:00,313.26660864919796
2023-11-09 06:45:00+00:00,312.0827519772049
2023-11-09 07:45:00+00:00,311.26211142259433
2023-11-09 08:45:00+00:00,309.65943020459343
2023-11-09 09:45:00+00:00,311.45951524747943
2023-11-10 03:45:00+00:00,311.17944269870543
2023-11-10 04:45:00+00:00,307.34499565788735
2023-11-10 05:45:00+00:00,308.2240084723576
2023-11-10 06:45:00+00:00,308.15523769359663
2023-11-10 07:45:00+00:00,308.00757105031136
2023-11-10 08:45:00+00:00,309.26436619776536
2023-11-10 09:45:00+00:00,310.62755009885313
2023-11-13 03:45:00+00:00,311.6943419010114
2023-11-13 04:45:00+00:00,310.7440284441031
2023-11-13 05:45:00+00:00,311.4891773138945
2023-11-13 06:45:00+00:00,309.63716774252146
2023-11-13 07:45:00+00:00,310.5166688230097
2023-11-13 08:45:00+00:00,310.1804856620278
2023-11-13 09:45:00+00:00,309.7907223494701
2023-11-15 03:45:00+00:00,311.04168968814605
2023-11-15 04:45:00+00:00,309.60025126659593
2023-11-15 05:45:00+00:00,310.9972046481626
2023-11-15 06:45:00+00:00,312.95081342533234
2023-11-15 07:45:00+00:00,311.1099702415607
2023-11-15 08:45:00+00:00,311.6372654395669
2023-11-15 09:45:00+00:00,311.51253044675576
2023-11-16 03:45:00+00:00,311.45410884921023
2023-11-16 04:45:00+00:00,310.52137786848607
2023-11-16 05:45:00+00:00,310.9415726782439
2023-11-16 06:45:00+00:00,310.91042962598686
2023-11-16 07:45:00+00:00,310.3985560467405
2023-11-16 08:45:00+00:00,309.6600846213367
2023-11-16 09:45:00+00:00,309.92198274414113
2023-11-17 03:45:00+00:00,309.99766237995766
2023-11-17 04:45:00+00:00,309.0987013474109
2023-11-17 05:45:00+00:00,311.31858007728755
2023-11-17 06:45:00+00:00,310.0760333911988
2023-11-17 07:45:00+00:00,309.86455311164616
2023-11-17 08:45:00+00:00,308.9303846609637
2023-11-17 09:45:00+00:00,309.7606098573988
2023-11-20 03:45:00+00:00,310.048320791113
2023-11-20 04:45:00+00:00,306.6489902407232
2023-11-20 05:45:00+00:00,309.07903357615345
2023-11-20 06:45:00+00:00,307.3413580881604
2023-11-20 07:45:00+00:00,307.31955677178956
2023-11-20 08:45:00+00:00,307.6781231327218
2023-11-20 09:45:00+00:00,306.85211958049564
2023-11-21 03:45:00+00:00,305.03123895469855
2023-11-21 04:45:00+00:00,303.99353884541733
2023-11-21 05:45:00+00:00,304.28110999737413
2023-11-21 06:45:00+00:00,305.49566602052545
2023-11-21 07:45:00+00:00,307.6944060757597
2023-11-21 08:45:00+00:00,307.9453222906899
2023-11-21 09:45:00+00:00,308.48717859742163
2023-11-22 03:45:00+00:00,308.2704062608803
2023-11-22 04:45:00+00:00,306.04585910395355
2023-11-22 05:45:00+00:00,304.90356584564165
2023-11-22 06:45:00+00:00,307.45976947097785
2023-11-22 07:45:00+00:00,308.5727030758598
2023-11-22 08:45:00+00:00,310.30810923435916
2023-11-22 09:45:00+00:00,310.6252877925735
2023-11-23 03:45:00+00:00,310.12182453301085
2023-11-23 04:45:00+00:00,311.2227257920627
2023-11-23 05:45:00+00:00,312.35121885688335
2023-11-23 06:45:00+00:00,312.9785722384961
2023-11-23 07:45:00+00:00,314.8411564452253
2023-11-23 08:45:00+00:00,314.70026261308755
2023-11-23 09:45:00+00:00,316.12065656013743
2023-11-24 03:45:00+00:00,315.3627110582793
2023-11-24 04:45:00+00:00,313.74043901995844
2023-11-24 05:45:00+00:00,310.7908229963475
2023-11-24 06:45:00+00:00,308.5856845783078
2023-11-24 07:45:00+00:00,307.18465329516397
2023-11-24 08:45:00+00:00,306.7007859439191
2023-11-24 09:45:00+00:00,309.6263195394673
2023-11-28 03:45:00+00:00,310.5441669763526
2023-11-28 04:45:00+00:00,310.70642798366805
2023-11-28 05:45:00+00:00,311.40565198318603
2023-11-28 06:45:00+00:00,312.237094577887
2023-11-28 07:45:00+00:00,310.54609562979175
2023-11-28 08:45:00+00:00,309.6200518459341
2023-11-28 09:45:00+00:00,310.4691853906581
2023-11-29 03:45:00+00:00,311.49323372868884
2023-11-29 04:45:00+00:00,310.5730586012798
2023-11-29 05:45:00+00:00,310.55102103628315
2023-11-29 06:45:00+00:00,311.2237827675019
2023-11-29 07:45:00+00:00,310.6429260037172
2023-11-29 08:45:00+00:00,311.24344871277304
2023-11-30 03:45:00+00:00,311.2876049995428
2023-11-30 04:45:00+00:00,311.01762118583264
2023-11-30 05:45:00+00:00,311.17833990801995
2023-11-30 06:45:00+00:00,310.86078408398447
2023-11-30 07:45:00+00:00,309.41058177319894
2023-11-30 08:45:00+00:00,309.61677420584397
2023-11-30 09:45:00+00:00,310.2887930620362
2023-12-01 03:45:00+00:00,309.98322992190555
2023-12-01 04:45:00+00:00,309.79266316137017
2023-12-01 05:45:00+00:00,310.0812849952807
2023-12-01 06:45:00+00:00,314.92823589018894
2023-12-01 07:45:00+00:00,313.1706966840532
2023-12-01 08:45:00+00:00,312.51220992920656
2023-12-01 09:45:00+00:00,311.900915625228
2023-12-04 03:45:00+00:00,313.34036578295337
2023-12-04 04:45:00+00:00,313.8073061856457
2023-12-04 05:45:00+00:00,315.01673458771535
2023-12-04 06:45:00+00:00,314.7098327106505
2023-12-04 07:45:00+00:00,314.8189590995797
2023-12-04 08:45:00+00:00,316.12184781883496
2023-12-04 09:45:00+00:00,317.4557445421631
2023-12-05 03:45:00+00:00,317.8486571715102
2023-12-05 04:45:00+00:00,316.5256638399534
2023-12-05 05:45:00+00:00,316.0326162448943
2023-12-05 06:45:00+00:00,314.5371186015166
2023-12-05 07:45:00+00:00,314.4590486548333
2023-12-05 08:45:00+00:00,316.46343349609185
2023-12-05 09:45:00+00:00,319.44847041948776
2023-12-06 03:45:00+00:00,318.85359051464764
2023-12-06 04:45:00+00:00,318.66164445746887
2023-12-06 05:45:00+00:00,317.61193600284946
2023-12-06 06:45:00+00:00,316.5540010818497
2023-12-06 07:45:00+00:00,316.67294603357567
2023-12-06 08:45:00+00:00,316.8167768681724
2023-12-06 09:45:00+00:00,316.9786499143993
2023-12-07 03:45:00+00:00,315.3490092381197
2023-12-07 04:45:00+00:00,318.302911188362
2023-12-07 05:45:00+00:00,318.4292720324645
2023-12-07 06:45:00+00:00,319.577114510663
2023-12-07 07:45:00+00:00,319.38946399583415
2023-12-07 08:45:00+00:00,315.74361699257656
2023-12-08 03:45:00+00:00,314.3384880865991
2023-12-08 04:45:00+00:00,313.85236517152606
2023-12-08 05:45:00+00:00,312.37263363909767
2023-12-08 06:45:00+00:00,313.6926688865916
2023-12-08 08:45:00+00:00,313.9920232828815
2023-12-08 09:45:00+00:00,313.296736299645
2023-12-11 03:45:00+00:00,312.15876568044405
2023-12-11 04:45:00+00:00,310.9927888499969
2023-12-11 05:45:00+00:00,310.2229510134045
2023-12-11 06:45:00+00:00,312.07106775701357
2023-12-11 07:45:00+00:00,311.40382065884125
2023-12-11 08:45:00+00:00,310.92402204688
2023-12-11 09:45:00+00:00,311.11168010876315
2023-12-12 03:45:00+00:00,308.9158568119936
2023-12-12 04:45:00+00:00,309.1881812726507
2023-12-12 05:45:00+00:00,311.1961208534302
2023-12-12 06:45:00+00:00,311.62181096111476
2023-12-12 07:45:00+00:00,309.4403077927727
2023-12-12 08:45:00+00:00,309.1174291467776
2023-12-12 09:45:00+00:00,310.12723450346994
2023-12-13 03:45:00+00:00,306.0507582465037
2023-12-13 04:45:00+00:00,306.19914371380855
2023-12-13 05:45:00+00:00,308.175146754567
2023-12-13 06:45:00+00:00,304.5587618782229
2023-12-13 07:45:00+00:00,305.3297181706885
2023-12-13 08:45:00+00:00,306.07647527512955
2023-12-13 09:45:00+00:00,305.92150981052663
2023-12-14 03:45:00+00:00,304.2396626029388
2023-12-14 04:45:00+00:00,302.68602019912964
2023-12-14 05:45:00+00:00,301.0800736777461
2023-12-14 06:45:00+00:00,299.8692622659938
2023-12-14 07:45:00+00:00,299.79411457000595
2023-12-14 08:45:00+00:00,298.9086699169838
2023-12-14 09:45:00+00:00,299.7529429139794
2023-12-15 03:45:00+00:00,301.95159710249857
2023-12-15 04:45:00+00:00,301.7217770785123
2023-12-15 05:45:00+00:00,301.0831540621156
2023-12-15 06:45:00+00:00,300.2625473185144
2023-12-15 07:45:00+00:00,299.5974037140498
2023-12-15 08:45:00+00:00,299.8276631892321
2023-12-15 09:45:00+00:00,300.6940679019236
2023-12-18 03:45:00+00:00,299.9866244935297
2023-12-18 04:45:00+00:00,298.49923657649987
2023-12-18 05:45:00+00:00,298.71366805341285
2023-12-18 06:45:00+00:00,296.69148576406906
2023-12-18 07:45:00+00:00,297.4319085643238
2023-12-18 08:45:00+00:00,296.1311794027615
2023-12-18 09:45:00+00:00,295.16757003411277
2023-12-19 03:45:00+00:00,295.0635913539941
2023-12-19 04:45:00+00:00,293.8448043811706
2023-12-19 05:45:00+00:00,293.3230134875428
2023-12-19 06:45:00+00:00,293.2538110857964
2023-12-19 07:45:00+00:00,293.08801317328283
2023-12-19 08:45:00+00:00,292.8249038160163
2023-12-19 09:45:00+00:00,295.0272054509373
2023-12-20 03:45:00+00:00,294.5000273817134
2023-12-20 04:45:00+00:00,296.5552357585518
2023-12-20 05:45:00+00:00,294.85474651802264
2023-12-20 06:45:00+00:00,296.08802645686336
2023-12-20 07:45:00+00:00,296.9782818087111
2023-12-20 08:45:00+00:00,297.71327689158124
2023-12-20 09:45:00+00:00,297.12907555451307
2023-12-21 03:45:00+00:00,300.189847024987
2023-12-21 04:45:00+00:00,299.17512604969784
2023-12-21 05:45:00+00:00,298.1716269481944
2023-12-21 06:45:00+00:00,297.1163597588812
2023-12-21 07:45:00+00:00,298.09885910044335
2023-12-21 08:45:00+00:00,298.8752459968901
2023-12-21 09:45:00+00:00,297.3856631010974
2023-12-22 03:45:00+00:00,298.5201256481103
2023-12-22 04:45:00+00:00,299.53751689270194
2023-12-22 05:45:00+00:00,298.5926800134913
2023-12-22 06:45:00+00:00,299.77326346188147
2023-12-22 07:45:00+00:00,298.3764835937174
2023-12-22 08:45:00+00:00,297.15942513278867
2023-12-22 09:45:00+00:00,296.2921634905918
2023-12-26 03:45:00+00:00,297.5746917532537
2023-12-26 04:45:00+00:00,296.61599514838
2023-12-26 05:45:00+00:00,294.3122747930622
2023-12-26 06:45:00+00:00,292.79102139753843
2023-12-26 07:45:00+00:00,293.42760739255345
2023-12-26 08:45:00+00:00,291.1810078733751
2023-12-26 09:45:00+00:00,292.2055938266738
2023-12-27 03:45:00+00:00,291.10784515280477
2023-12-27 04:45:00+00:00,291.1048005623716
2023-12-27 05:45:00+00:00,291.33905319034625
2023-12-27 06:45:00+00:00,290.95022886381975
2023-12-27 07:45:00+00:00,291.985776147239
2023-12-27 08:45:00+00:00,290.7898870702862
2023-12-27 09:45:00+00:00,290.9543706823556
2023-12-28 03:45:00+00:00,290.6492304624679
2023-12-28 04:45:00+00:00,291.13373711580596
2023-12-28 05:45:00+00:00,294.2308569451926
2023-12-28 06:45:00+00:00,295.1280344841593
2023-12-28 07:45:00+00:00,292.5127648858186
2023-12-28 08:45:00+00:00,292.990587720918
2023-12-28 09:45:00+00:00,294.44587543676994
2023-12-29 03:45:00+00:00,295.8254995933865
2023-12-29 04:45:00+00:00,298.61816506522786
2023-12-29 05:45:00+00:00,298.0807411990577
2023-12-29 06:45:00+00:00,296.78608610081335
2023-12-29 07:45:00+00:00,295.2930369404405
2023-12-29 08:45:00+00:00,294.1913060575927
2023-12-29 09:45:00+00:00,295.20553501613193
2024-01-01 03:45:00+00:00,295.3272388505972
2024-01-01 04:45:00+00:00,296.3653127178075
2024-01-01 05:45:00+00:00,295.7195143778311
2024-01-01 06:45:00+00:00,295.19802461468674
2024-01-01 07:45:00+00:00,296.35458359530026
2024-01-01 08:45:00+00:00,295.5895448433861
2024-01-02 03:45:00+00:00,295.1731274940046
2024-01-02 04:45:00+00:00,293.78076691085664
2024-01-02 05:45:00+00:00,293.30241594218637
2024-01-02 06:45:00+00:00,295.4688391635416
2024-01-02 07:45:00+00:00,298.9596751256232
2024-01-02 08:45:00+00:00,297.6494026816661
2024-01-02 09:45:00+00:00,297.15062901939507
2024-01-03 03:45:00+00:00,296.1561146558577
2024-01-03 04:45:00+00:00,294.1051064542249
2024-01-03 05:45:00+00:00,293.29202172013765
2024-01-03 06:45:00+00:00,292.7371238255212
2024-01-03 07:45:00+00:00,291.78718756143854
2024-01-03 08:45:00+00:00,292.1233389855166
2024-01-03 09:45:00+00:00,288.66536836085294
2024-01-04 03:45:00+00:00,287.10507189625736
2024-01-04 04:45:00+00:00,286.43622712439617
2024-01-04 05:45:00+00:00,286.0789863151278
2024-01-04 06:45:00+00:00,286.70132238568334
2024-01-04 07:45:00+00:00,286.7106493500661
2024-01-04 08:45:00+00:00,286.47998849017
2024-01-04 09:45:00+00:00,286.14941254279836
2024-01-05 03:45:00+00:00,287.0717561647274
2024-01-05 04:45:00+00:00,288.6756922843577
2024-01-05 05:45:00+00:00,287.241704962602
2024-01-05 06:45:00+00:00,285.3653768418681
2024-01-05 07:45:00+00:00,285.194634881271
2024-01-05 08:45:00+00:00,286.52173875296404
2024-01-05 09:45:00+00:00,286.20804808162336
2024-01-08 03:45:00+00:00,288.64739357580754
2024-01-08 04:45:00+00:00,289.31754311069307
2024-01-08 05:45:00+00:00,291.61136293671143
2024-01-08 06:45:00+00:00,294.0226900144264
2024-01-08 07:45:00+00:00,296.5366658162375
2024-01-08 08:45:00+00:00,296.8492844940875
2024-01-08 09:45:00+00:00,297.21695903033276
2024-01-09 03:45:00+00:00,298.3507557450457
2024-01-09 04:45:00+00:00,298.70318455142353
2024-01-09 05:45:00+00:00,298.02983472803885
2024-01-09 06:45:00+00:00,296.5332170862048
2024-01-09 07:45:00+00:00,297.64616483950516
2024-01-09 08:45:00+00:00,299.6402121089552
2024-01-09 09:45:00+00:00,302.16278791207316
2024-01-10 03:45:00+00:00,301.64345542810975
2024-01-10 04:45:00+00:00,303.63047970622097
2024-01-10 05:45:00+00:00,305.03688804791835
2024-01-10 06:45:00+00:00,303.8483262513032
2024-01-10 07:45:00+00:00,302.5803436198692
2024-01-10 08:45:00+00:00,304.70899393338146
2024-01-10 09:45:00+00:00,304.1364046988861
2024-01-11 03:45:00+00:00,305.5897475860717
2024-01-11 04:45:00+00:00,308.6969696660923
2024-01-11 05:45:00+00:00,307.7105419883668
2024-01-11 06:45:00+00:00,310.33248367667
2024-01-11 07:45:00+00:00,312.25496888617164
2024-01-11 08:45:00+00:00,311.03552447108524
2024-01-11 09:45:00+00:00,310.4671028306899
2024-01-12 03:45:00+00:00,312.6858117319766
2024-01-12 04:45:00+00:00,314.3431763714245
2024-01-12 05:45:00+00:00,310.9769462439815
2024-01-12 06:45:00+00:00,310.74416815963866
2024-01-12 07:45:00+00:00,310.5355715013156
2024-01-12 08:45:00+00:00,310.2129726357125
2024-01-12 09:45:00+00:00,309.80475105518315
2024-01-15 03:45:00+00:00,309.2723278516548
2024-01-15 04:45:00+00:00,311.522099051764
2024-01-15 05:45:00+00:00,312.18438753030216
2024-01-15 06:45:00+00:00,314.787427461957
2024-01-15 07:45:00+00:00,314.09710582153184
2024-01-15 08:45:00+00:00,312.0497254654598
2024-01-15 09:45:00+00:00,314.3370003452586
2024-01-16 03:45:00+00:00,314.2036185758738
2024-01-16 04:45:00+00:00,314.68017703359305
2024-01-16 05:45:00+00:00,317.9924690883131
2024-01-16 06:45:00+00:00,319.31152044232414
2024-01-16 07:45:00+00:00,317.9485602605248
2024-01-16 08:45:00+00:00,317.2166910915557
2024-01-16 09:45:00+00:00,316.1839908871244
2024-01-17 03:45:00+00:00,317.99646864167346
2024-01-17 04:45:00+00:00,317.4480994698254
2024-01-17 05:45:00+00:00,317.56769813289014
2024-01-17 06:45:00+00:00,318.1820905142468
2024-01-17 07:45:00+00:00,317.31754174498093
2024-01-17 08:45:00+00:00,315.9134833183203
2024-01-17 09:45:00+00:00,315.45285509323304
2024-01-18 03:45:00+00:00,312.26646976749896
2024-01-18 04:45:00+00:00,313.8876696596044
2024-01-18 05:45:00+00:00,311.74746202826134
2024-01-18 06:45:00+00:00,314.01694971835906
2024-01-18 07:45:00+00:00,312.85178050878756
2024-01-18 08:45:00+00:00,309.4695191655964
2024-01-18 09:45:00+00:00,309.22977251912687
2024-01-19 03:45:00+00:00,308.4285415143232
2024-01-19 04:45:00+00:00,307.500035495268
2024-01-19 05:45:00+00:00,307.6341228685152
2024-01-19 06:45:00+00:00,307.0084060780131
2024-01-19 07:45:00+00:00,303.38661998185256
2024-01-19 08:45:00+00:00,304.62358593697303
2024-01-19 09:45:00+00:00,303.65202786189616
2024-01-23 03:45:00+00:00,300.6965977846874
2024-01-23 04:45:00+00:00,301.9236759474718
2024-01-23 05:45:00+00:00,302.9059154017779
2024-01-23 06:45:00+00:00,300.7049361548666
2024-01-23 07:45:00+00:00,301.7061397833339
2024-01-23 08:45:00+00:00,299.9999211382646
2024-01-23 09:45:00+00:00,299.3261914222653
2024-01-24 03:45:00+00:00,298.9419531648178
2024-01-24 04:45:00+00:00,298.16433886780834
2024-01-24 05:45:00+00:00,296.1128382247897
2024-01-24 06:45:00+00:00,295.9526769345227
2024-01-24 07:45:00+00:00,296.05720322293837
2024-01-24 08:45:00+00:00,296.51902226857266
2024-01-24 09:45:00+00:00,295.1569089317981
2024-01-25 03:45:00+00:00,295.0514018202655
2024-01-25 04:45:00+00:00,291.895517396237
2024-01-25 05:45:00+00:00,291.5245141051316
2024-01-25 06:45:00+00:00,292.27504502353514
2024-01-25 07:45:00+00:00,294.8361657757194
2024-01-25 08:45:00+00:00,294.1286345901616
2024-01-25 09:45:00+00:00,292.0875568308222
2024-01-29 03:45:00+00:00,292.65362343379184
2024-01-29 04:45:00+00:00,292.7200810681916
2024-01-29 05:45:00+00:00,292.3604164732123
2024-01-29 06:45:00+00:00,293.1097682069485
2024-01-29 07:45:00+00:00,293.2271445159488
2024-01-29 08:45:00+00:00,294.98805624174963
2024-01-29 09:45:00+00:00,294.5592026842206
2024-01-30 03:45:00+00:00,296.1877818114825
2024-01-30 04:45:00+00:00,292.09050850453946
2024-01-30 05:45:00+00:00,292.4304440910376
2024-01-30 06:45:00+00:00,291.7365321954082
2024-01-30 07:45:00+00:00,292.60920787849625
2024-01-30 08:45:00+00:00,294.33098864357993
2024-01-30 09:45:00+00:00,295.959517163561
2024-01-31 03:45:00+00:00,296.6155917524133
2024-01-31 04:45:00+00:00,295.9552421220686
2024-01-31 05:45:00+00:00,295.6934547370491
2024-01-31 06:45:00+00:00,297.5033116606484
2024-01-31 07:45:00+00:00,297.46542854227175
2024-01-31 08:45:00+00:00,296.5621868656123
2024-01-31 09:45:00+00:00,301.567987024689
2024-02-01 03:45:00+00:00,301.8949364952793
2024-02-01 04:45:00+00:00,301.32262616424447
2024-02-01 05:45:00+00:00,300.71787907689634
2024-02-01 06:45:00+00:00,303.67683083633653
2024-02-01 07:45:00+00:00,304.45737936465594
2024-02-01 08:45:00+00:00,303.94306409629587
2024-02-01 09:45:00+00:00,302.46632777015867
2024-02-02 03:45:00+00:00,301.618390652527
2024-02-02 04:45:00+00:00,300.2252258172234
2024-02-02 05:45:00+00:00,298.61075489401594
2024-02-02 06:45:00+00:00,297.41294853533594
2024-02-02 07:45:00+00:00,297.6417402170158
2024-02-02 08:45:00+00:00,299.93230732094634
2024-02-02 09:45:00+00:00,300.87436562555536
2024-02-05 03:45:00+00:00,302.2018654526042
2024-02-05 04:45:00+00:00,302.2794643619472
2024-02-05 05:45:00+00:00,303.47794874465114
2024-02-05 06:45:00+00:00,304.1627790678171
2024-02-05 07:45:00+00:00,307.31108462435367
2024-02-05 08:45:00+00:00,307.52076626386776
2024-02-05 09:45:00+00:00,308.9623345672585
2024-02-06 03:45:00+00:00,310.91903720124384
2024-02-06 04:45:00+00:00,310.4042611889557
2024-02-06 05:45:00+00:00,309.58365816114167
2024-02-06 06:45:00+00:00,310.7110629325649
2024-02-06 07:45:00+00:00,311.9870091532782
2024-02-06 08:45:00+00:00,313.0483654239309
2024-02-06 09:45:00+00:00,311.7417523894622
2024-02-07 03:45:00+00:00,311.72426124004244
2024-02-07 04:45:00+00:00,313.30370839515314
2024-02-07 05:45:00+00:00,312.1296547671946
2024-02-07 06:45:00+00:00,311.0469018455346
2024-02-07 07:45:00+00:00,311.9251190570576
2024-02-07 08:45:00+00:00,312.04168090368245
2024-02-07 09:45:00+00:00,311.1684251654286
2024-02-08 03:45:00+00:00,310.5700853013456
2024-02-08 04:45:00+00:00,309.76737427787566
2024-02-08 05:45:00+00:00,308.5753499451692
2024-02-08 06:45:00+00:00,306.7501114420619
2024-02-08 07:45:00+00:00,305.72734512554854
2024-02-08 08:45:00+00:00,302.1915585948622
2024-02-08 09:45:00+00:00,302.83753788811885
2024-02-09 03:45:00+00:00,305.2828575132298
2024-02-09 04:45:00+00:00,304.91961050722716
2024-02-09 05:45:00+00:00,302.9783813895842
2024-02-09 06:45:00+00:00,303.563105257717
2024-02-09 07:45:00+00:00,303.8016987602711
2024-02-09 08:45:00+00:00,303.924790059018
2024-02-09 09:45:00+00:00,304.5440158356962
2024-02-12 03:45:00+00:00,303.95858649240176
2024-02-12 04:45:00+00:00,307.5294216681019
2024-02-12 05:45:00+00:00,305.5394687942449
2024-02-12 06:45:00+00:00,306.5520862154949
2024-02-12 07:45:00+00:00,305.0778281995068
2024-02-12 08:45:00+00:00,304.77268407860913
2024-02-12 09:45:00+00:00,304.16767542206094
2024-02-13 03:45:00+00:00,303.14075600636465
2024-02-13 04:45:00+00:00,302.9783507403391
2024-02-13 05:45:00+00:00,303.32706874378425
2024-02-13 06:45:00+00:00,303.39902685193897
2024-02-13 07:45:00+00:00,304.4619150225225
2024-02-13 08:45:00+00:00,303.9747863584672
2024-02-13 09:45:00+00:00,304.0514168025419
2024-02-14 03:45:00+00:00,306.23487877016413
2024-02-14 04:45:00+00:00,305.1845798369785
2024-02-14 05:45:00+00:00,306.3497151233146
2024-02-14 06:45:00+00:00,304.6229875365523
2024-02-14 07:45:00+00:00,302.33896628692287
2024-02-14 08:45:00+00:00,301.0431724128623
2024-02-14 09:45:00+00:00,300.4498133114498
2024-02-15 03:45:00+00:00,302.0296475715283
2024-02-15 04:45:00+00:00,300.79888287814174
2024-02-15 05:45:00+00:00,300.81672171361055
2024-02-15 07:45:00+00:00,300.399077325144
2024-02-15 08:45:00+00:00,300.46031626607476
2024-02-15 09:45:00+00:00,301.4360194947347
2024-02-16 03:45:00+00:00,300.36220681218333
2024-02-16 04:45:00+00:00,303.46744961465976
2024-02-16 05:45:00+00:00,301.5271176862724
2024-02-16 06:45:00+00:00,304.18562312588153
2024-02-16 07:45:00+00:00,305.6804151646884
2024-02-16 08:45:00+00:00,305.6099314903972
2024-02-16 09:45:00+00:00,304.77839171396494
2024-02-19 03:45:00+00:00,307.08999533662524
2024-02-19 04:45:00+00:00,307.3042149243566
2024-02-19 05:45:00+00:00,306.7114773308001
2024-02-19 06:45:00+00:00,306.00146436944635
2024-02-19 07:45:00+00:00,306.6209656960206
2024-02-19 08:45:00+00:00,307.8485232141254
2024-02-19 09:45:00+00:00,309.43018333769146
2024-02-20 03:45:00+00:00,308.42141863751544
2024-02-20 04:45:00+00:00,310.7407242639859
2024-02-20 05:45:00+00:00,309.74793832079064
2024-02-20 06:45:00+00:00,309.8053225964033
2024-02-20 07:45:00+00:00,309.7453507835314
2024-02-20 08:45:00+00:00,309.56153436632894
2024-02-20 09:45:00+00:00,311.31452322248583
2024-02-21 03:45:00+00:00,312.23768030212676
2024-02-21 04:45:00+00:00,310.86319951605196
2024-02-21 05:45:00+00:00,312.59749490307235
2024-02-21 06:45:00+00:00,309.6190752038639
2024-02-21 07:45:00+00:00,309.8550938089137
2024-02-21 08:45:00+00:00,309.49416948082444
2024-02-21 09:45:00+00:00,311.64761636437686
2024-02-22 03:45:00+00:00,311.7383698369424
2024-02-22 04:45:00+00:00,313.09919511674997
2024-02-22 05:45:00+00:00,312.7937128376273
2024-02-22 06:45:00+00:00,313.47686248403505
2024-02-22 07:45:00+00:00,315.860785030858
2024-02-22 08:45:00+00:00,314.6443750209501
2024-02-22 09:45:00+00:00,314.15944988394705
2024-02-23 03:45:00+00:00,315.34228645377607
2024-02-23 04:45:00+00:00,314.7010168295124
2024-02-23 05:45:00+00:00,313.1217298351181
2024-02-23 06:45:00+00:00,316.21972091390364
2024-02-23 07:45:00+00:00,315.7534038758397
2024-02-23 08:45:00+00:00,314.96532468320294
2024-02-23 09:45:00+00:00,316.3617669160285
2024-02-26 03:45:00+00:00,317.99436269094
2024-02-26 04:45:00+00:00,317.6346979460915
2024-02-26 05:45:00+00:00,317.5150970208127
2024-02-26 06:45:00+00:00,318.89682360058777
2024-02-26 07:45:00+00:00,318.52002077370366
2024-02-26 08:45:00+00:00,320.4478594428928
2024-02-26 09:45:00+00:00,321.8995672214734
2024-02-27 03:45:00+00:00,320.7683991965236
2024-02-27 04:45:00+00:00,321.6346657613574
2024-02-27 05:45:00+00:00,322.0182868524322
2024-02-27 07:45:00+00:00,320.8624688889845
2024-02-27 08:45:00+00:00,320.4026031405189
2024-02-27 09:45:00+00:00,319.25718988038216
2024-02-28 03:45:00+00:00,318.53241269407584
2024-02-28 04:45:00+00:00,319.722905873791
2024-02-28 05:45:00+00:00,321.8059257792441
2024-02-28 06:45:00+00:00,319.3832689364301
2024-02-28 07:45:00+00:00,318.0811954347309
2024-02-28 08:45:00+00:00,317.2448230738293
2024-02-28 09:45:00+00:00,317.8208623088819
2024-02-29 03:45:00+00:00,319.5903237229543
2024-02-29 04:45:00+00:00,319.8767297272744
2024-02-29 05:45:00+00:00,322.05540083490683
2024-02-29 06:45:00+00:00,323.21972450553784
2024-02-29 07:45:00+00:00,321.731728379159
2024-02-29 08:45:00+00:00,323.298028888748
2024-02-29 09:45:00+00:00,326.6173763835731
2024-03-01 03:45:00+00:00,328.1685958684097
2024-03-01 04:45:00+00:00,326.9785776239338
2024-03-01 05:45:00+00:00,328.0101867973551
2024-03-01 06:45:00+00:00,328.74192868367965
2024-03-01 07:45:00+00:00,330.1518574513937
2024-03-01 08:45:00+00:00,328.6289169395375
2024-03-01 09:45:00+00:00,327.4221985835167
2024-03-04 03:45:00+00:00,331.17446716675295
2024-03-04 04:45:00+00:00,331.2534291238684
2024-03-04 05:45:00+00:00,330.0101321419861
2024-03-04 06:45:00+00:00,329.78231444346363
2024-03-04 07:45:00+00:00,331.7915555492733
2024-03-04 08:45:00+00:00,332.6880661153043
2024-03-04 09:45:00+00:00,333.89093371725454
2024-03-05 03:45:00+00:00,336.74748943467154
2024-03-05 04:45:00+00:00,336.27705011542406
2024-03-05 05:45:00+00:00,337.187604888956
2024-03-05 06:45:00+00:00,338.6024753880013
2024-03-05 07:45:00+00:00,338.4921308879111
2024-03-05 08:45:00+00:00,340.1066657648604
2024-03-05 09:45:00+00:00,342.1654960415131
2024-03-06 03:45:00+00:00,343.3427370355903
2024-03-06 04:45:00+00:00,342.8142651435698
2024-03-06 05:45:00+00:00,341.8666928975659
2024-03-06 06:45:00+00:00,343.63187723002926
2024-03-06 07:45:00+00:00,344.5756874556166
2024-03-06 08:45:00+00:00,344.44073957297724
2024-03-06 09:45:00+00:00,345.99695499543617
2024-03-07 03:45:00+00:00,345.3668650066561
2024-03-07 04:45:00+00:00,345.7878736846454
2024-03-07 05:45:00+00:00,344.8000586883428
2024-03-07 06:45:00+00:00,345.6941190563445
2024-03-07 07:45:00+00:00,345.9808229220502
2024-03-07 08:45:00+00:00,344.00637733626667
2024-03-07 09:45:00+00:00,343.97792221940097
2024-03-11 03:45:00+00:00,343.65319795076795
2024-03-11 04:45:00+00:00,347.67341705754075
2024-03-11 05:45:00+00:00,348.23268616219275
2024-03-11 06:45:00+00:00,347.7312879317908
2024-03-11 07:45:00+00:00,347.6652144621609
2024-03-11 08:45:00+00:00,347.6714071637226
2024-03-11 09:45:00+00:00,347.4430843405185
2024-03-12 03:45:00+00:00,346.88572264139583
2024-03-12 04:45:00+00:00,347.274260965458
2024-03-12 05:45:00+00:00,347.76264464528714
2024-03-12 06:45:00+00:00,349.3415131130367
2024-03-12 08:45:00+00:00,348.5339457796433
2024-03-12 09:45:00+00:00,345.5557987193367
2024-03-13 03:45:00+00:00,346.45730052757506
2024-03-13 04:45:00+00:00,344.3933467596959
2024-03-13 05:45:00+00:00,344.59265312882087
2024-03-13 06:45:00+00:00,344.81322124548615
2024-03-13 07:45:00+00:00,344.34180754602227
2024-03-13 08:45:00+00:00,346.7763251053802
2024-03-13 09:45:00+00:00,346.81494197198646
2024-03-14 03:45:00+00:00,345.78490271756095
2024-03-14 04:45:00+00:00,345.70468014187
2024-03-14 05:45:00+00:00,348.3163295788697
2024-03-14 06:45:00+00:00,348.2974637776133
2024-03-14 07:45:00+00:00,350.14101270796846
2024-03-14 08:45:00+00:00,350.66027394139627
2024-03-14 09:45:00+00:00,351.7791994725493
2024-03-15 03:45:00+00:00,351.2885845576013
2024-03-15 04:45:00+00:00,351.91705225006103
2024-03-15 05:45:00+00:00,354.4216129446618
2024-03-15 06:45:00+00:00,352.98254372877966
2024-03-15 07:45:00+00:00,351.8391607712091
2024-03-15 08:45:00+00:00,352.71268750454664
2024-03-15 09:45:00+00:00,351.9563292498625
2024-03-18 03:45:00+00:00,351.6194865999741
2024-03-18 04:45:00+00:00,351.65559009254946
2024-03-18 05:45:00+00:00,350.48198975112876
2024-03-18 06:45:00+00:00,349.9106073504449
2024-03-18 07:45:00+00:00,349.5833496677686
2024-03-18 08:45:00+00:00,348.1149431065518
2024-03-18 09:45:00+00:00,350.6688993223363
2024-03-19 03:45:00+00:00,350.3486161841666
2024-03-19 04:45:00+00:00,351.09560216252703
2024-03-19 05:45:00+00:00,351.88525972788767
2024-03-19 06:45:00+00:00,351.31339262782143
2024-03-19 07:45:00+00:00,349.4507898490932
2024-03-19 08:45:00+00:00,350.50446211187796
2024-03-19 09:45:00+00:00,348.95874412342346
2024-03-20 03:45:00+00:00,350.3634223170878
2024-03-20 04:45:00+00:00,350.22272259875285
2024-03-20 05:45:00+00:00,352.23432180532114
2024-03-20 06:45:00+00:00,354.2940560288342
2024-03-20 07:45:00+00:00,352.79937633915887
2024-03-20 08:45:00+00:00,352.43773558005563
2024-03-20 09:45:00+00:00,353.17959889593476
2024-03-21 03:45:00+00:00,353.1369677761378
2024-03-21 04:45:00+00:00,353.699288272833
2024-03-21 05:45:00+00:00,354.6810240688335
2024-03-21 06:45:00+00:00,354.5505653628059
2024-03-21 07:45:00+00:00,354.99114154257575
2024-03-21 08:45:00+00:00,352.8111919436104
2024-03-21 09:45:00+00:00,352.70344339914527
2024-03-22 03:45:00+00:00,351.91479094290355
2024-03-22 04:45:00+00:00,352.37766067386457
2024-03-22 05:45:00+00:00,353.4149048203109
2024-03-22 06:45:00+00:00,354.1923866084313
2024-03-22 07:45:00+00:00,352.52341855934816
2024-03-22 08:45:00+00:00,352.299969162307
2024-03-22 09:45:00+00:00,351.9659211840016
2024-03-26 03:45:00+00:00,351.4923271580272
2024-03-26 04:45:00+00:00,353.03420206341707
2024-03-26 05:45:00+00:00,350.54899083148075
2024-03-26 06:45:00+00:00,350.7259401795749
2024-03-26 07:45:00+00:00,352.4929564653135
2024-03-26 08:45:00+00:00,353.34269661801227
2024-03-26 09:45:00+00:00,354.58643040815315
2024-03-27 03:45:00+00:00,351.2910171210831
2024-03-27 04:45:00+00:00,351.62123097132815
2024-03-27 05:45:00+00:00,353.78306022281714
2024-03-27 06:45:00+00:00,351.88180244585124
2024-03-27 07:45:00+00:00,352.3826311215108
2024-03-27 08:45:00+00:00,353.50281372495664
2024-03-27 09:45:00+00:00,352.3391761923665
2024-03-28 03:45:00+00:00,354.0270447033929
2024-03-28 04:45:00+00:00,352.5032843930221
2024-03-28 05:45:00+00:00,352.4895599637931
2024-03-28 06:45:00+00:00,351.4725857271424
2024-03-28 07:45:00+00:00,351.79384224550233
2024-03-28 08:45:00+00:00,349.80661163325436
2024-04-01 03:45:00+00:00,351.5083599858526
2024-04-01 04:45:00+00:00,351.924478545182
2024-04-01 05:45:00+00:00,350.9297006094002
2024-04-01 06:45:00+00:00,350.6786354167961
2024-04-01 07:45:00+00:00,348.1222462432596
2024-04-01 08:45:00+00:00,348.5116214409289
2024-04-01 09:45:00+00:00,349.1655438544118
2024-04-02 03:45:00+00:00,348.73960635311965
2024-04-02 04:45:00+00:00,348.99081598411556
2024-04-02 05:45:00+00:00,345.52488863918035
2024-04-02 06:45:00+00:00,345.10039575174625
2024-04-02 07:45:00+00:00,346.1174208439303
2024-04-02 08:45:00+00:00,346.1987250905414
2024-04-02 09:45:00+00:00,347.32049151493845
2024-04-03 03:45:00+00:00,345.57771348584413
2024-04-03 04:45:00+00:00,347.04302089958315
2024-04-03 05:45:00+00:00,348.13446889352707
2024-04-03 06:45:00+00:00,347.50917413800494
2024-04-03 07:45:00+00:00,346.30336111832736
2024-04-03 08:45:00+00:00,345.2810190677472
2024-04-03 09:45:00+00:00,346.32830344961604
2024-04-04 03:45:00+00:00,346.1923950365926
2024-04-04 04:45:00+00:00,348.77220245420966
2024-04-04 05:45:00+00:00,354.065691767907
2024-04-04 06:45:00+00:00,355.08743066231534
2024-04-04 07:45:00+00:00,356.66783982487124
2024-04-04 08:45:00+00:00,356.609883012531
2024-04-04 09:45:00+00:00,355.0928372578332
2024-04-05 03:45:00+00:00,355.0617277445528
2024-04-05 04:45:00+00:00,357.9974929680235
2024-04-05 05:45:00+00:00,358.33938822299433
2024-04-05 06:45:00+00:00,359.35438569009847
2024-04-05 07:45:00+00:00,360.3538498596104
2024-04-05 08:45:00+00:00,360.77715593694955
2024-04-05 09:45:00+00:00,359.8235110245101
2024-04-08 03:45:00+00:00,357.0233029679019
2024-04-08 04:45:00+00:00,358.49031599597413
2024-04-08 05:45:00+00:00,360.57092851537084
2024-04-08 06:45:00+00:00,358.65395142058196
2024-04-08 07:45:00+00:00,358.50205465254453
2024-04-08 08:45:00+00:00,360.9149844236331
2024-04-08 09:45:00+00:00,359.75362844567263
2024-04-09 03:45:00+00:00,360.1834157010327
2024-04-09 04:45:00+00:00,359.2021515163326
2024-04-09 05:45:00+00:00,358.87562894228785
2024-04-09 06:45:00+00:00,359.4244650780417
2024-04-09 07:45:00+00:00,360.5139568026328
2024-04-09 08:45:00+00:00,357.2270291276662
2024-04-09 09:45:00+00:00,357.61656243361324
2024-04-10 03:45:00+00:00,357.4523617762553
2024-04-10 04:45:00+00:00,358.65052197251237
2024-04-10 05:45:00+00:00,357.4010821790002
2024-04-10 06:45:00+00:00,357.9403093619284
2024-04-10 07:45:00+00:00,355.50040432012173
2024-04-10 08:45:00+00:00,357.01419766440836
2024-04-10 09:45:00+00:00,356.7427780513265
2024-04-12 03:45:00+00:00,358.52380264246216
2024-04-12 04:45:00+00:00,360.67244558933726
2024-04-12 05:45:00+00:00,358.1343465382807
2024-04-12 06:45:00+00:00,356.67647827119475
2024-04-12 07:45:00+00:00,357.2422488664882
2024-04-12 08:45:00+00:00,355.50078144192463
2024-04-12 09:45:00+00:00,353.74926629332595
2024-04-15 03:45:00+00:00,353.1026294894496
2024-04-15 04:45:00+00:00,353.24857558580317
2024-04-15 05:45:00+00:00,352.1254358783736
2024-04-15 06:45:00+00:00,351.9916526153079
2024-04-15 07:45:00+00:00,351.9104204212072
2024-04-15 08:45:00+00:00,351.929531776343
2024-04-15 09:45:00+00:00,351.5852964637677
2024-04-16 03:45:00+00:00,350.91492219290706
2024-04-16 04:45:00+00:00,350.4311062829009
2024-04-16 05:45:00+00:00,348.31016384226933
2024-04-16 06:45:00+00:00,351.98511148832574
2024-04-16 07:45:00+00:00,347.9339846418642
2024-04-16 08:45:00+00:00,349.5805349664535
2024-04-16 09:45:00+00:00,349.59030667895235
2024-04-18 03:45:00+00:00,352.22395505258214
2024-04-18 04:45:00+00:00,352.5590299000034
2024-04-18 05:45:00+00:00,352.01974473372996
2024-04-18 06:45:00+00:00,351.3026589212611
2024-04-18 07:45:00+00:00,350.1195732755665
2024-04-18 08:45:00+00:00,352.68765649203925
2024-04-18 09:45:00+00:00,355.0269886269922
2024-04-19 03:45:00+00:00,356.95801384081346
2024-04-19 04:45:00+00:00,358.42749149409394
2024-04-19 05:45:00+00:00,358.2266605722471
2024-04-19 06:45:00+00:00,358.6408349270067
2024-04-19 07:45:00+00:00,360.70553081081545
2024-04-19 08:45:00+00:00,359.90075257374696
2024-04-19 09:45:00+00:00,361.3527806283184
2024-04-22 03:45:00+00:00,360.1833828006172
2024-04-22 04:45:00+00:00,361.819092545959
2024-04-22 05:45:00+00:00,363.5734960287263
2024-04-22 06:45:00+00:00,364.626420132595
2024-04-22 07:45:00+00:00,364.40035760469664
2024-04-22 08:45:00+00:00,364.9792108162552
2024-04-22 09:45:00+00:00,364.91257677394304
2024-04-23 03:45:00+00:00,365.3426516329253
2024-04-23 04:45:00+00:00,367.46372784832147
2024-04-23 05:45:00+00:00,364.1263682071892
2024-04-23 06:45:00+00:00,363.52746540832817
2024-04-23 07:45:00+00:00,366.4322797042455
2024-04-23 08:45:00+00:00,365.4456670636555
2024-04-23 09:45:00+00:00,361.7077965975605
2024-04-24 03:45:00+00:00,363.54907755667216
2024-04-24 04:45:00+00:00,361.1443057757866
2024-04-24 05:45:00+00:00,362.5460375206789
2024-04-24 06:45:00+00:00,360.6866631074043
2024-04-24 07:45:00+00:00,362.1465142933851
2024-04-24 08:45:00+00:00,363.3316188638204
2024-04-24 09:45:00+00:00,363.4637102035108
2024-04-25 03:45:00+00:00,365.0005197585807
2024-04-25 04:45:00+00:00,362.0609943921926
2024-04-25 05:45:00+00:00,360.28278161814825
2024-04-25 06:45:00+00:00,359.808032631864
2024-04-25 07:45:00+00:00,360.45635902766077
2024-04-25 08:45:00+00:00,357.9616276872315
2024-04-25 09:45:00+00:00,358.87257287417924
2024-04-26 03:45:00+00:00,357.90483994683984
2024-04-26 04:45:00+00:00,358.9798896840737
2024-04-26 05:45:00+00:00,357.3750716153803
2024-04-26 06:45:00+00:00,354.8408737728282
2024-04-26 07:45:00+00:00,352.79546705554213
2024-04-26 08:45:00+00:00,352.34658046493246
2024-04-26 09:45:00+00:00,350.78469256794136
2024-04-29 03:45:00+00:00,352.7699208707677
2024-04-29 04:45:00+00:00,352.4192383153958
2024-04-29 05:45:00+00:00,355.4465703881877
2024-04-29 06:45:00+00:00,359.1138159486748
2024-04-29 07:45:00+00:00,358.19272064759264
2024-04-29 08:45:00+00:00,359.87873374207084
2024-04-29 09:45:00+00:00,357.69551597714684
2024-04-30 03:45:00+00:00,356.9552679545923
2024-04-30 04:45:00+00:00,355.7099141336647
2024-04-30 05:45:00+00:00,357.7405646379657
2024-04-30 06:45:00+00:00,353.0030382449074
2024-04-30 07:45:00+00:00,354.5359365691055
2024-04-30 08:45:00+00:00,353.25859642299264
2024-04-30 09:45:00+00:00,354.545068703878
2024-05-02 03:45:00+00:00,357.5254788892346
2024-05-02 04:45:00+00:00,356.72190778111764
2024-05-02 05:45:00+00:00,354.9551989848823
2024-05-02 06:45:00+00:00,356.14929999382935
2024-05-02 07:45:00+00:00,355.937621793423
2024-05-02 08:45:00+00:00,358.8574182208282
2024-05-02 09:45:00+00:00,362.2242225762717
2024-05-03 03:45:00+00:00,360.2445693715631
2024-05-03 04:45:00+00:00,357.381954937639
2024-05-03 05:45:00+00:00,357.0206896690913
2024-05-03 06:45:00+00:00,356.27336412352423
2024-05-03 07:45:00+00:00,355.8382225551069
2024-05-03 08:45:00+00:00,355.0590456165852
2024-05-03 09:45:00+00:00,358.4025999108436
2024-05-06 03:45:00+00:00,356.35020881144044
2024-05-06 04:45:00+00:00,355.63433053165795
2024-05-06 05:45:00+00:00,358.2641279073817
2024-05-06 06:45:00+00:00,359.00248664283544
2024-05-06 07:45:00+00:00,360.1874750077904
2024-05-06 08:45:00+00:00,360.6761043091238
2024-05-06 09:45:00+00:00,364.41586612643914
2024-05-07 03:45:00+00:00,364.51790230940986
2024-05-07 04:45:00+00:00,364.04229731888995
2024-05-07 05:45:00+00:00,363.73333957827015
2024-05-07 06:45:00+00:00,365.00892261101177
2024-05-07 07:45:00+00:00,366.01568893152995
2024-05-07 08:45:00+00:00,365.5349835048902
2024-05-07 09:45:00+00:00,366.7101648581499
2024-05-08 03:45:00+00:00,366.5248404314144
2024-05-08 04:45:00+00:00,367.0818756961019
2024-05-08 05:45:00+00:00,365.3099112110647
2024-05-08 06:45:00+00:00,364.5700268353011
2024-05-08 07:45:00+00:00,365.6275766896934
2024-05-08 08:45:00+00:00,365.399358670474
2024-05-08 09:45:00+00:00,366.94237563597125
2024-05-09 03:45:00+00:00,368.13162994971697
2024-05-09 04:45:00+00:00,366.62322950260375
2024-05-09 05:45:00+00:00,367.8334209105854
2024-05-09 06:45:00+00:00,363.93489942450384
2024-05-09 07:45:00+00:00,366.8548511552839
2024-05-09 08:45:00+00:00,368.03329064688216
2024-05-09 09:45:00+00:00,368.34559676524077
2024-05-10 03:45:00+00:00,366.45632154295924
2024-05-10 04:45:00+00:00,364.13348279530936
2024-05-10 05:45:00+00:00,361.9282346743616
2024-05-10 06:45:00+00:00,362.9861858680885
2024-05-10 07:45:00+00:00,363.4327137139504
2024-05-10 08:45:00+00:00,363.4990104643879
2024-05-10 09:45:00+00:00,360.6003739460627
2024-05-13 03:45:00+00:00,359.5497438519513
2024-05-13 04:45:00+00:00,360.1302324670254
2024-05-13 05:45:00+00:00,359.7749150396045
2024-05-13 06:45:00+00:00,358.98455388656214
2024-05-13 07:45:00+00:00,363.6505917125874
2024-05-13 08:45:00+00:00,360.2851554497214
2024-05-13 09:45:00+00:00,360.3026088852862
2024-05-14 03:45:00+00:00,357.415848610544
2024-05-14 04:45:00+00:00,356.66761213568793
2024-05-14 05:45:00+00:00,356.79603732772097
2024-05-14 06:45:00+00:00,359.4043340657188
2024-05-14 07:45:00+00:00,366.7767040321548
2024-05-14 08:45:00+00:00,365.97383160287603
2024-05-14 09:45:00+00:00,365.2889629124979
2024-05-15 03:45:00+00:00,366.095239897826
2024-05-15 04:45:00+00:00,365.9963330921828
2024-05-15 05:45:00+00:00,365.55956172412255
2024-05-15 06:45:00+00:00,363.0796653319139
2024-05-15 07:45:00+00:00,362.1452533934714
2024-05-15 08:45:00+00:00,362.1658206658812
2024-05-15 09:45:00+00:00,365.3428180297738
2024-05-16 03:45:00+00:00,367.64207147557687
2024-05-16 04:45:00+00:00,368.38081558717994
2024-05-16 05:45:00+00:00,365.5995097175762
2024-05-16 06:45:00+00:00,364.8163603583143
2024-05-16 07:45:00+00:00,362.31275262431524
2024-05-16 08:45:00+00:00,362.9129766446777
2024-05-16 09:45:00+00:00,363.7231519031877
2024-05-17 03:45:00+00:00,367.01312956554506
2024-05-17 04:45:00+00:00,364.7102324571981
2024-05-17 05:45:00+00:00,364.41890904005845
2024-05-17 06:45:00+00:00,364.6595477453073
2024-05-17 07:45:00+00:00,364.7882618433795
2024-05-17 08:45:00+00:00,365.28090146980736
2024-05-17 09:45:00+00:00,365.4737696225733
2024-05-21 03:45:00+00:00,360.50312744892256
2024-05-21 04:45:00+00:00,360.5616980660315
2024-05-21 05:45:00+00:00,361.7326351711621
2024-05-21 06:45:00+00:00,363.4977836694179
2024-05-21 07:45:00+00:00,363.5360772715425
2024-05-21 08:45:00+00:00,366.2178549839604
2024-05-21 09:45:00+00:00,367.1256528283128
2024-05-22 03:45:00+00:00,365.7574609416709
2024-05-22 04:45:00+00:00,367.2048523190321
2024-05-22 05:45:00+00:00,366.62048934015445
2024-05-22 06:45:00+00:00,366.80978003150614
2024-05-22 07:45:00+00:00,368.37262737227644
2024-05-22 08:45:00+00:00,367.24211426275093
2024-05-23 03:45:00+00:00,370.618321708337
2024-05-23 04:45:00+00:00,368.9100590221143
2024-05-23 05:45:00+00:00,366.73492315791435
2024-05-23 06:45:00+00:00,365.5757489562295
2024-05-23 07:45:00+00:00,363.87346777012795
2024-05-23 08:45:00+00:00,363.76021584568866
2024-05-23 09:45:00+00:00,364.61933746762884
2024-05-24 03:45:00+00:00,367.8865047863307
2024-05-24 04:45:00+00:00,367.35086315641206
2024-05-24 05:45:00+00:00,366.9436325951432
2024-05-24 06:45:00+00:00,368.76516240583555
2024-05-24 07:45:00+00:00,367.715594397384
2024-05-24 08:45:00+00:00,369.4945344861414
2024-05-24 09:45:00+00:00,369.5342621875499
2024-05-27 03:45:00+00:00,370.5513897230315
2024-05-27 04:45:00+00:00,372.40780767288777
2024-05-27 05:45:00+00:00,374.96870007523944
2024-05-27 06:45:00+00:00,372.8496950171754
2024-05-27 07:45:00+00:00,374.24301974333986
2024-05-27 08:45:00+00:00,377.16305095515895
2024-05-27 09:45:00+00:00,376.7746798137472
2024-05-28 03:45:00+00:00,379.7888650495933
2024-05-28 04:45:00+00:00,382.67803807053053
2024-05-28 05:45:00+00:00,382.3871148251502
2024-05-28 06:45:00+00:00,382.2959059450482
2024-05-28 07:45:00+00:00,381.68844244636557
2024-05-28 08:45:00+00:00,380.0167133535324
2024-05-28 09:45:00+00:00,378.8668830246528
2024-05-29 03:45:00+00:00,383.18263071207656
2024-05-29 04:45:00+00:00,379.22789683404085
2024-05-29 05:45:00+00:00,379.0556265305731
2024-05-29 06:45:00+00:00,380.96919959235214
2024-05-29 07:45:00+00:00,381.21394901561507
2024-05-29 08:45:00+00:00,382.68063804625143
2024-05-29 09:45:00+00:00,383.48346162726
2024-05-30 03:45:00+00:00,384.6279524705677
2024-05-30 04:45:00+00:00,386.5428365124665
2024-05-30 05:45:00+00:00,386.4996694519023
2024-05-30 06:45:00+00:00,385.64553909492616
2024-05-30 07:45:00+00:00,383.42226739122646
2024-05-30 08:45:00+00:00,383.83141856450374
2024-05-30 09:45:00+00:00,384.4241859035184
2024-05-31 03:45:00+00:00,386.8747376078414
2024-05-31 04:45:00+00:00,386.3079249640711
2024-05-31 05:45:00+00:00,385.48385902974906
2024-05-31 06:45:00+00:00,382.5941378849687
2024-05-31 07:45:00+00:00,383.67679099788467
2024-05-31 08:45:00+00:00,384.3664444364961
2024-05-31 09:45:00+00:00,382.50748146614086
2024-06-03 03:45:00+00:00,382.61078322439306
2024-06-03 04:45:00+00:00,383.0325640012208
2024-06-03 05:45:00+00:00,383.1969165687837
2024-06-03 06:45:00+00:00,386.03652502502973
2024-06-03 07:45:00+00:00,386.89288732003627
2024-06-03 08:45:00+00:00,382.7539947408842
2024-06-03 09:45:00+00:00,381.8810253443396
2024-06-04 03:45:00+00:00,381.5906645414486
2024-06-04 04:45:00+00:00,379.57471379094636
2024-06-04 05:45:00+00:00,376.0406155183377
2024-06-04 06:45:00+00:00,376.2208129434402
2024-06-04 07:45:00+00:00,374.413545535752
2024-06-04 08:45:00+00:00,372.14920803005145
2024-06-04 09:45:00+00:00,373.80618713209395
2024-06-05 03:45:00+00:00,374.69346980623465
2024-06-05 04:45:00+00:00,372.7795649646801
2024-06-05 05:45:00+00:00,372.29290215042624
2024-06-05 06:45:00+00:00,372.4427542304286
2024-06-05 07:45:00+00:00,374.2961765631553
2024-06-05 08:45:00+00:00,374.16315215947
2024-06-05 09:45:00+00:00,375.5704170934353
2024-06-06 03:45:00+00:00,374.66168578419774
2024-06-06 04:45:00+00:00,376.82813296455754
2024-06-06 05:45:00+00:00,378.0485059942285
2024-06-06 06:45:00+00:00,378.45027565568563
2024-06-06 07:45:00+00:00,376.1566019867189
2024-06-06 08:45:00+00:00,373.53586427859244
2024-06-06 09:45:00+00:00,373.4484494806909
2024-06-07 03:45:00+00:00,374.40585884132037
2024-06-07 04:45:00+00:00,377.52968063897316
2024-06-07 05:45:00+00:00,378.7557485814945
2024-06-07 06:45:00+00:00,382.0521527731256
2024-06-07 07:45:00+00:00,378.5747166112432
2024-06-07 08:45:00+00:00,381.5538566183619
2024-06-07 09:45:00+00:00,384.17462194139586
2024-06-10 03:45:00+00:00,384.8292617821268
2024-06-10 04:45:00+00:00,383.1066957046857
2024-06-10 05:45:00+00:00,384.71545653220954
2024-06-10 06:45:00+00:00,382.2909071642089
2024-06-10 07:45:00+00:00,382.5399020576232
2024-06-10 08:45:00+00:00,381.76186304891576
2024-06-10 09:45:00+00:00,380.24472016308624
2024-06-11 03:45:00+00:00,379.77888421988246
2024-06-11 04:45:00+00:00,380.4057495207302
2024-06-11 05:45:00+00:00,378.6946537771494
2024-06-11 06:45:00+00:00,380.2743900011097
2024-06-11 07:45:00+00:00,383.51481015717826
2024-06-11 08:45:00+00:00,382.6964367210143
2024-06-11 09:45:00+00:00,382.8933782973831
2024-06-12 03:45:00+00:00,383.8083765959895
2024-06-12 04:45:00+00:00,383.56878575340824
2024-06-12 05:45:00+00:00,388.45707721981603
2024-06-12 06:45:00+00:00,387.6521695650532
2024-06-12 07:45:00+00:00,392.28433188391887
2024-06-12 08:45:00+00:00,393.8150568696958
2024-06-12 09:45:00+00:00,392.08575751222827
2024-06-13 03:45:00+00:00,391.50208173558406
2024-06-13 04:45:00+00:00,390.62236693458726
2024-06-13 05:45:00+00:00,390.76423387726214
2024-06-13 06:45:00+00:00,392.1690915230764
2024-06-13 07:45:00+00:00,390.8240523750304
2024-06-13 08:45:00+00:00,388.70458582042625
2024-06-13 09:45:00+00:00,388.921478063504
2024-06-14 03:45:00+00:00,387.96535845211633
2024-06-14 04:45:00+00:00,387.2469912989192
2024-06-14 05:45:00+00:00,387.3664375436144
2024-06-14 06:45:00+00:00,386.7737302492825
2024-06-14 07:45:00+00:00,388.4062804055753
2024-06-14 08:45:00+00:00,386.8274035263691
2024-06-14 09:45:00+00:00,386.83825054424534
2024-06-18 03:45:00+00:00,386.91510549647063
2024-06-18 04:45:00+00:00,386.8202989410858
2024-06-18 05:45:00+00:00,388.5853339234199
2024-06-18 06:45:00+00:00,388.21396121477113
2024-06-18 07:45:00+00:00,390.26117545690016
2024-06-18 08:45:00+00:00,390.5845836121239
2024-06-18 09:45:00+00:00,390.4266156864285
2024-06-19 03:45:00+00:00,387.5359517874654
2024-06-19 04:45:00+00:00,388.5828093608258
2024-06-19 05:45:00+00:00,388.328294408107
2024-06-19 06:45:00+00:00,387.2862627734313
2024-06-19 07:45:00+00:00,385.62555015513664
2024-06-19 08:45:00+00:00,387.1074076950866
2024-06-19 09:45:00+00:00,387.96302932489516
2024-06-20 03:45:00+00:00,385.8752699087311
2024-06-20 04:45:00+00:00,384.3204389812753
2024-06-20 05:45:00+00:00,382.80464977595346
2024-06-20 06:45:00+00:00,382.4128822963733
2024-06-20 07:45:00+00:00,381.1897229946152
2024-06-20 08:45:00+00:00,379.6928285327085
2024-06-20 09:45:00+00:00,374.1473073211342
2024-06-21 03:45:00+00:00,375.44880216939146
2024-06-21 04:45:00+00:00,372.70220106613436
2024-06-21 05:45:00+00:00,377.46917631741445
2024-06-21 06:45:00+00:00,376.16495733421397
2024-06-21 07:45:00+00:00,376.89284199262823
2024-06-21 08:45:00+00:00,372.51698322904895
2024-06-21 09:45:00+00:00,375.92032393926957
2024-06-24 03:45:00+00:00,374.1760500386396
2024-06-24 04:45:00+00:00,373.9147930450826
2024-06-24 05:45:00+00:00,373.24071364265967
2024-06-24 06:45:00+00:00,373.0193314746057
2024-06-24 07:45:00+00:00,371.8107116525754
2024-06-24 08:45:00+00:00,370.7427259999761
2024-06-24 09:45:00+00:00,370.2814361127671
2024-06-25 03:45:00+00:00,369.92066475356023
2024-06-25 04:45:00+00:00,370.71421551308936
2024-06-25 05:45:00+00:00,370.6155559031376
2024-06-25 06:45:00+00:00,370.66949285514875
2024-06-25 07:45:00+00:00,370.6480463166766
2024-06-25 08:45:00+00:00,372.08033176111286
2024-06-25 09:45:00+00:00,368.42370697425474
2024-06-26 03:45:00+00:00,364.8786519605727
2024-06-26 04:45:00+00:00,364.2481128928099
2024-06-26 05:45:00+00:00,365.2221388078418
2024-06-26 06:45:00+00:00,364.95614506477693
2024-06-26 07:45:00+00:00,365.3545878141725
2024-06-26 08:45:00+00:00,366.9106972341702
2024-06-26 09:45:00+00:00,366.932445263634
2024-06-27 03:45:00+00:00,368.8633359451819
2024-06-27 04:45:00+00:00,371.45734043337876
2024-06-27 05:45:00+00:00,371.155021521029
2024-06-27 06:45:00+00:00,372.4220404262662
2024-06-27 07:45:00+00:00,372.276504681112
2024-06-27 08:45:00+00:00,372.9189178313983
2024-06-27 09:45:00+00:00,373.3865492000888
2024-06-28 03:45:00+00:00,372.96557886090454
2024-06-28 04:45:00+00:00,372.87481233810854
2024-06-28 05:45:00+00:00,372.5143427703172
2024-06-28 06:45:00+00:00,375.32525762162237
2024-06-28 07:45:00+00:00,375.230441782735
2024-06-28 08:45:00+00:00,373.1073413160238
2024-06-28 09:45:00+00:00,373.713215242403
2024-07-01 03:45:00+00:00,373.65560380273985
2024-07-01 04:45:00+00:00,371.5828086084238
2024-07-01 05:45:00+00:00,373.6025239992864
2024-07-01 06:45:00+00:00,372.6156523316081
2024-07-01 07:45:00+00:00,370.4632327569506
2024-07-01 08:45:00+00:00,368.60985875657065
2024-07-01 09:45:00+00:00,366.8941436428444
2024-07-02 03:45:00+00:00,370.029136308035
2024-07-02 04:45:00+00:00,367.60573480955975
2024-07-02 05:45:00+00:00,369.422268097117
2024-07-02 06:45:00+00:00,368.92767754431384
2024-07-02 07:45:00+00:00,367.68733135867404
2024-07-02 08:45:00+00:00,369.5756000791349
2024-07-02 09:45:00+00:00,370.2139747577814
2024-07-03 03:45:00+00:00,367.8314337890648
2024-07-03 04:45:00+00:00,365.40295253271836
2024-07-03 05:45:00+00:00,364.16585631842815
2024-07-03 06:45:00+00:00,365.39890297660213
2024-07-03 07:45:00+00:00,364.27847576190936
2024-07-03 08:45:00+00:00,363.30806855874346
2024-07-03 09:45:00+00:00,364.46604829759593
2024-07-04 03:45:00+00:00,365.0946265728286
2024-07-04 04:45:00+00:00,365.20946704960994
2024-07-04 05:45:00+00:00,362.1252210831364
2024-07-04 06:45:00+00:00,360.24978087841635
2024-07-04 07:45:00+00:00,356.1304769554066
2024-07-04 08:45:00+00:00,357.27888706574964
2024-07-04 09:45:00+00:00,360.1067489803935
2024-07-05 03:45:00+00:00,360.6487034385884
2024-07-05 04:45:00+00:00,357.77705620085436
2024-07-05 05:45:00+00:00,357.09296838186646
2024-07-05 06:45:00+00:00,355.20479512801074
2024-07-05 07:45:00+00:00,356.00282607417853
2024-07-05 08:45:00+00:00,355.4736872996832
2024-07-05 09:45:00+00:00,357.39990263033525
2024-07-08 03:45:00+00:00,357.8102974390088
2024-07-08 04:45:00+00:00,357.9418694410882
2024-07-08 05:45:00+00:00,356.85996321652533
2024-07-08 06:45:00+00:00,356.1858320407853
2024-07-08 07:45:00+00:00,356.80605546334453
2024-07-08 08:45:00+00:00,357.8991406550626
2024-07-08 09:45:00+00:00,359.28926525479284
2024-07-09 03:45:00+00:00,361.32824848268746
2024-07-09 04:45:00+00:00,360.4944423672705
2024-07-09 05:45:00+00:00,360.11638836140406
2024-07-09 06:45:00+00:00,359.53136115708946
2024-07-09 07:45:00+00:00,358.81162841871566
2024-07-09 08:45:00+00:00,356.5048534126356
2024-07-09 09:45:00+00:00,354.98943610155845
2024-07-10 03:45:00+00:00,353.4030630067546
2024-07-10 04:45:00+00:00,350.1549592666566
2024-07-10 05:45:00+00:00,350.0906772768147
2024-07-10 06:45:00+00:00,351.161343603577
2024-07-10 07:45:00+00:00,350.05202296942423
2024-07-10 08:45:00+00:00,352.25472456919596
2024-07-10 09:45:00+00:00,351.3713531287183
2024-07-11 03:45:00+00:00,353.8065287551828
2024-07-11 04:45:00+00:00,355.32505121634966
2024-07-11 05:45:00+00:00,353.1092279748516
2024-07-11 06:45:00+00:00,354.9335125240407
2024-07-11 07:45:00+00:00,352.8008860131438
2024-07-11 08:45:00+00:00,357.3194369262679
2024-07-11 09:45:00+00:00,356.8810956764424
2024-07-12 03:45:00+00:00,356.278480293066
2024-07-12 04:45:00+00:00,356.76895327010556
2024-07-12 05:45:00+00:00,357.1937772331875
2024-07-12 06:45:00+00:00,355.84200512881637
2024-07-12 07:45:00+00:00,356.56718597829246
2024-07-12 08:45:00+00:00,359.0426840174779
2024-07-12 09:45:00+00:00,357.63538051686606
2024-07-15 04:45:00+00:00,358.929576524177
2024-07-15 05:45:00+00:00,358.7634581340188
2024-07-15 06:45:00+00:00,356.63900981586556
2024-07-15 07:45:00+00:00,354.55262191656004
2024-07-15 08:45:00+00:00,353.34655969312155
2024-07-15 09:45:00+00:00,352.66602706356093
2024-07-16 03:45:00+00:00,351.0473776608875
2024-07-16 04:45:00+00:00,351.51880648109284
2024-07-16 05:45:00+00:00,350.7603714734855
2024-07-16 06:45:00+00:00,349.32167571744446
2024-07-16 07:45:00+00:00,347.76391713043756
2024-07-16 08:45:00+00:00,349.88305477044787
2024-07-16 09:45:00+00:00,351.6709772856592
2024-07-18 03:45:00+00:00,354.58600010544706
2024-07-18 04:45:00+00:00,355.7080800218087
2024-07-18 05:45:00+00:00,354.69605434951103
2024-07-18 06:45:00+00:00,354.0057634600796
2024-07-18 07:45:00+00:00,354.04222595398124
2024-07-18 08:45:00+00:00,354.5075955986121
2024-07-18 09:45:00+00:00,352.3450823238579
2024-07-19 03:45:00+00:00,352.11712942857304
2024-07-19 04:45:00+00:00,352.13800773015333
2024-07-19 05:45:00+00:00,349.78264316395143
2024-07-19 06:45:00+00:00,347.0264076907299
2024-07-19 07:45:00+00:00,347.07843048568327
2024-07-19 08:45:00+00:00,346.20036536257146
2024-07-19 09:45:00+00:00,347.54916691845585
2024-07-22 03:45:00+00:00,347.7166013233841
2024-07-22 04:45:00+00:00,346.2181817621745
2024-07-22 05:45:00+00:00,344.63052898594697
2024-07-22 06:45:00+00:00,348.87492764761276
2024-07-22 07:45:00+00:00,348.4798344474163
2024-07-22 08:45:00+00:00,348.36904601691424
2024-07-22 09:45:00+00:00,346.4383063116456
2024-07-23 03:45:00+00:00,348.18893570050125
2024-07-23 04:45:00+00:00,349.7155132893417
2024-07-23 05:45:00+00:00,346.50723839554064
2024-07-23 06:45:00+00:00,346.40004331358114
2024-07-23 07:45:00+00:00,345.61868828929465
2024-07-23 08:45:00+00:00,344.3506869029135
2024-07-23 09:45:00+00:00,343.32459292481053
2024-07-24 03:45:00+00:00,342.38528270549466
2024-07-24 04:45:00+00:00,343.5224024292013
2024-07-24 05:45:00+00:00,344.298740308876
2024-07-24 06:45:00+00:00,343.46666571215576
2024-07-24 07:45:00+00:00,341.2480619972299
2024-07-24 08:45:00+00:00,341.0931199485372
2024-07-24 09:45:00+00:00,342.29478081381876
2024-07-25 03:45:00+00:00,342.15567338768244
2024-07-25 04:45:00+00:00,344.3775016235569
2024-07-25 05:45:00+00:00,343.68459847135443
2024-07-25 06:45:00+00:00,343.00412220542904
2024-07-25 08:45:00+00:00,345.63370736534523
2024-07-25 09:45:00+00:00,344.22245771720225
2024-07-26 03:45:00+00:00,344.3067600682527
2024-07-26 04:45:00+00:00,343.4228898380963
2024-07-26 05:45:00+00:00,343.41129566277334
2024-07-26 06:45:00+00:00,344.60059136496443
2024-07-26 07:45:00+00:00,344.70388494185454
2024-07-26 08:45:00+00:00,343.9816262846126
2024-07-26 09:45:00+00:00,345.7058537396652
2024-07-29 03:45:00+00:00,348.73577651629677
2024-07-29 04:45:00+00:00,347.68740025864685
2024-07-29 05:45:00+00:00,347.451596537826
2024-07-29 06:45:00+00:00,348.3556344769273
2024-07-29 07:45:00+00:00,346.17239995091006
2024-07-29 08:45:00+00:00,347.4402280994747
2024-07-29 09:45:00+00:00,345.62720953376396
2024-07-30 03:45:00+00:00,347.0703355175022
2024-07-30 04:45:00+00:00,347.5721566457302
2024-07-30 05:45:00+00:00,350.9266485494018
2024-07-30 06:45:00+00:00,350.3286085617711
2024-07-30 07:45:00+00:00,350.82991322248176
2024-07-30 08:45:00+00:00,351.2042339675173
2024-07-30 09:45:00+00:00,350.26174685392664
2024-07-31 03:45:00+00:00,350.14829545297704
2024-07-31 04:45:00+00:00,350.51139944495463
2024-07-31 05:45:00+00:00,351.55100026592885
2024-07-31 06:45:00+00:00,356.30716975382336
2024-07-31 07:45:00+00:00,357.07238700778805
2024-07-31 08:45:00+00:00,358.18284710607196
2024-07-31 09:45:00+00:00,358.31058976696386
2024-08-01 03:45:00+00:00,356.4092794858179
2024-08-01 04:45:00+00:00,356.1395538460887
2024-08-01 05:45:00+00:00,356.1808000567276
2024-08-01 06:45:00+00:00,354.69832235085846
2024-08-01 07:45:00+00:00,354.0091852655354
2024-08-01 08:45:00+00:00,351.499696139323
2024-08-01 09:45:00+00:00,353.66719675221356
2024-08-02 03:45:00+00:00,353.6745677164894
2024-08-02 04:45:00+00:00,354.54758466530467
2024-08-02 05:45:00+00:00,354.86909347850633
2024-08-02 06:45:00+00:00,355.885138602771
2024-08-02 07:45:00+00:00,356.12409029536883
2024-08-02 08:45:00+00:00,352.8600809828232
2024-08-02 09:45:00+00:00,350.7893867707063
2024-08-05 03:45:00+00:00,349.9302761543601
2024-08-05 04:45:00+00:00,352.93002071401236
2024-08-05 05:45:00+00:00,352.3513744021376
2024-08-05 06:45:00+00:00,353.232421121709
2024-08-05 07:45:00+00:00,355.2144178642907
2024-08-05 08:45:00+00:00,353.32527397895626
2024-08-05 09:45:00+00:00,352.35252821394556
2024-08-06 03:45:00+00:00,352.7735486170153
2024-08-06 04:45:00+00:00,353.4717838864854
2024-08-06 05:45:00+00:00,352.35037380970425
2024-08-06 06:45:00+00:00,351.9429960682978
2024-08-06 07:45:00+00:00,353.01325349738494
2024-08-06 08:45:00+00:00,354.0491991441274
2024-08-06 09:45:00+00:00,353.83370476335654
2024-08-07 03:45:00+00:00,352.5017820604093
2024-08-07 04:45:00+00:00,350.8347896903922
2024-08-07 05:45:00+00:00,352.45956093898866
2024-08-07 06:45:00+00:00,352.1643121295227
2024-08-07 07:45:00+00:00,353.3460208135836
2024-08-07 08:45:00+00:00,352.39735185787936
2024-08-07 09:45:00+00:00,353.0968865116012
2024-08-08 03:45:00+00:00,351.71198415878115
2024-08-08 04:45:00+00:00,351.5484053535234
2024-08-08 05:45:00+00:00,351.78444781948315
2024-08-08 06:45:00+00:00,349.8660874799841
2024-08-08 07:45:00+00:00,350.9851314137841
2024-08-08 08:45:00+00:00,351.3595128807669
2024-08-08 09:45:00+00:00,352.1844519141873
2024-08-09 03:45:00+00:00,354.17924844535827
2024-08-09 04:45:00+00:00,352.95972297129987
2024-08-09 05:45:00+00:00,350.3150418005351
2024-08-09 06:45:00+00:00,349.75462665148575
2024-08-09 07:45:00+00:00,348.73815658162573
2024-08-09 08:45:00+00:00,348.0316962660561
2024-08-09 09:45:00+00:00,347.95464853952495
2024-08-12 03:45:00+00:00,347.4966491583574
2024-08-12 04:45:00+00:00,348.73869357988025
2024-08-12 05:45:00+00:00,349.90099670614325
2024-08-12 06:45:00+00:00,348.20938867303005
2024-08-12 07:45:00+00:00,346.7116606689102
2024-08-12 08:45:00+00:00,345.63475091698047
2024-08-12 09:45:00+00:00,347.8949351600178
2024-08-13 03:45:00+00:00,347.798758061915
2024-08-13 04:45:00+00:00,347.6374239367816
2024-08-13 05:45:00+00:00,347.6559099625828
2024-08-13 06:45:00+00:00,352.23155698544696
2024-08-13 07:45:00+00:00,352.88000672228895
2024-08-13 08:45:00+00:00,352.36691413119047
2024-08-13 09:45:00+00:00,349.38072483527407
2024-08-14 03:45:00+00:00,349.5639244901293
2024-08-14 04:45:00+00:00,348.35421538126116
2024-08-14 05:45:00+00:00,347.25160620392086
2024-08-14 06:45:00+00:00,346.0171300390201
2024-08-14 07:45:00+00:00,345.92224072603256
2024-08-14 08:45:00+00:00,345.06167155388044
2024-08-14 09:45:00+00:00,344.0051117324272
2024-08-16 03:45:00+00:00,344.99559837868304
2024-08-16 04:45:00+00:00,344.9863717623137
2024-08-16 05:45:00+00:00,346.09599345585207
2024-08-16 06:45:00+00:00,347.75191337164114
2024-08-16 07:45:00+00:00,348.2720069389204
2024-08-16 08:45:00+00:00,350.1408397712711
2024-08-16 09:45:00+00:00,350.31398063083805
2024-08-19 03:45:00+00:00,348.8874036762459
2024-08-19 04:45:00+00:00,346.27414118335577
2024-08-19 05:45:00+00:00,344.0968003072413
2024-08-19 06:45:00+00:00,344.9232981450556
2024-08-19 07:45:00+00:00,344.22443273077533
2024-08-19 08:45:00+00:00,345.9274820447551
2024-08-19 09:45:00+00:00,345.6759595706616
2024-08-20 03:45:00+00:00,343.65438096925834
2024-08-20 04:45:00+00:00,344.64192943837793
2024-08-20 05:45:00+00:00,343.8569274742155
2024-08-20 06:45:00+00:00,342.5635236079036
2024-08-20 07:45:00+00:00,342.4760959725032
2024-08-20 08:45:00+00:00,342.68441562242907
2024-08-20 09:45:00+00:00,342.9008847031531
2024-08-21 03:45:00+00:00,342.88748778875083
2024-08-21 04:45:00+00:00,341.139646969415
2024-08-21 05:45:00+00:00,340.0740293793527
2024-08-21 06:45:00+00:00,339.8540211661986
2024-08-21 07:45:00+00:00,342.45944379285004
2024-08-21 08:45:00+00:00,341.25136192376743
2024-08-21 09:45:00+00:00,339.6547335791209
2024-08-22 03:45:00+00:00,341.7164200153776
2024-08-22 04:45:00+00:00,339.0484127946103
2024-08-22 05:45:00+00:00,337.8273215557246
2024-08-22 06:45:00+00:00,338.12388382606076
2024-08-22 07:45:00+00:00,338.68924008298217
2024-08-22 08:45:00+00:00,339.06667154613666
2024-08-22 09:45:00+00:00,337.6362119209423
2024-08-23 03:45:00+00:00,336.1514735499394
2024-08-23 04:45:00+00:00,337.9600796838751
2024-08-23 05:45:00+00:00,338.83178742127126
2024-08-23 06:45:00+00:00,337.5673446605206
2024-08-23 07:45:00+00:00,337.7426518818948
2024-08-23 08:45:00+00:00,340.05328967710454
2024-08-23 09:45:00+00:00,339.3914649240816
2024-08-26 03:45:00+00:00,338.7990705092986
2024-08-26 04:45:00+00:00,338.80948620756806
2024-08-26 05:45:00+00:00,339.6357721690394
2024-08-26 06:45:00+00:00,339.0660201304619
2024-08-26 07:45:00+00:00,340.9383274698226
2024-08-26 08:45:00+00:00,343.3017225203637
2024-08-26 09:45:00+00:00,344.81884607389566
2024-08-27 03:45:00+00:00,345.2111570245706
2024-08-27 04:45:00+00:00,345.634693676728
2024-08-27 05:45:00+00:00,347.58184880046895
2024-08-27 06:45:00+00:00,347.7902734192692
2024-08-27 07:45:00+00:00,343.52328363839933
2024-08-27 08:45:00+00:00,344.0175458499984
2024-08-27 09:45:00+00:00,343.0422839942582
2024-08-28 03:45:00+00:00,342.5153442977435
2024-08-28 04:45:00+00:00,343.31178688115284
2024-08-28 05:45:00+00:00,344.74588654172334
2024-08-28 06:45:00+00:00,342.6740997620494
2024-08-28 07:45:00+00:00,345.6204667071377
2024-08-28 08:45:00+00:00,344.3087912375859
2024-08-28 09:45:00+00:00,343.91753634863585
2024-08-29 03:45:00+00:00,343.2414999485109
2024-08-29 04:45:00+00:00,341.7639975355945
2024-08-29 05:45:00+00:00,341.8844634617082
2024-08-29 06:45:00+00:00,343.25835072383444
2024-08-29 07:45:00+00:00,342.3646644817773
2024-08-29 08:45:00+00:00,341.5187772298337
2024-08-29 09:45:00+00:00,341.5455282243875
2024-08-30 03:45:00+00:00,345.8120537029753
2024-08-30 04:45:00+00:00,346.0131694161283
2024-08-30 05:45:00+00:00,346.1317712932434
2024-08-30 06:45:00+00:00,348.30678441400573
2024-08-30 07:45:00+00:00,345.77760076227736
2024-08-30 08:45:00+00:00,346.42439332637656
2024-08-30 09:45:00+00:00,348.5223969074185
2024-09-02 03:45:00+00:00,348.70786298539844
2024-09-02 04:45:00+00:00,349.153797484738
2024-09-02 05:45:00+00:00,350.51367223565
2024-09-02 06:45:00+00:00,350.5464999556117
2024-09-02 07:45:00+00:00,351.6132166843259
2024-09-02 08:45:00+00:00,356.20055040229505
2024-09-02 09:45:00+00:00,357.0730200328125
2024-09-03 03:45:00+00:00,357.3875569639034
2024-09-03 04:45:00+00:00,359.1251047193164
2024-09-03 05:45:00+00:00,359.1587978148478
2024-09-03 06:45:00+00:00,359.7191706962675
2024-09-03 07:45:00+00:00,359.61856364688487
2024-09-03 08:45:00+00:00,358.0662100940895
2024-09-03 09:45:00+00:00,358.0350850464395
2024-09-04 03:45:00+00:00,358.780490197362
2024-09-04 04:45:00+00:00,358.5562662437838
2024-09-04 05:45:00+00:00,356.34114828512173
2024-09-04 06:45:00+00:00,358.5152302502365
2024-09-04 07:45:00+00:00,355.1361182933538
2024-09-04 08:45:00+00:00,354.33615056438015
2024-09-04 09:45:00+00:00,353.5379639190851
2024-09-05 03:45:00+00:00,355.3148520512776
2024-09-05 04:45:00+00:00,354.7976251603184
2024-09-05 05:45:00+00:00,354.0326839323949
2024-09-05 06:45:00+00:00,353.3550386259755
2024-09-05 07:45:00+00:00,352.57189046220986
2024-09-05 08:45:00+00:00,352.0802239074311
2024-09-05 09:45:00+00:00,352.8012464542267
2024-09-06 03:45:00+00:00,355.1116144467862
2024-09-06 04:45:00+00:00,355.78264451988406
2024-09-06 05:45:00+00:00,353.8231347808389
2024-09-06 06:45:00+00:00,353.5441734466868
2024-09-06 07:45:00+00:00,352.46323354576253
2024-09-06 08:45:00+00:00,350.765789365794
2024-09-06 09:45:00+00:00,350.84003360242446
2024-09-09 03:45:00+00:00,351.7122359917775
2024-09-09 04:45:00+00:00,351.2590329102198
2024-09-09 05:45:00+00:00,352.8544689864465
2024-09-09 06:45:00+00:00,351.6645716043764
2024-09-09 07:45:00+00:00,355.03513553254624
2024-09-09 08:45:00+00:00,356.17662215444966
2024-09-09 09:45:00+00:00,355.5526091052766
2024-09-10 03:45:00+00:00,354.79249950524326
2024-09-10 04:45:00+00:00,355.2249091861884
2024-09-10 05:45:00+00:00,354.45701465546904
2024-09-10 06:45:00+00:00,356.4095365506432
2024-09-10 07:45:00+00:00,357.28738692133385
2024-09-10 08:45:00+00:00,359.5509732946887
2024-09-10 09:45:00+00:00,357.83880658207767
2024-09-11 03:45:00+00:00,356.02966438460123
2024-09-11 04:45:00+00:00,356.45092234126287
2024-09-11 05:45:00+00:00,353.4268466721967
2024-09-11 06:45:00+00:00,353.3395170063885
2024-09-11 07:45:00+00:00,353.26307632943855
2024-09-11 08:45:00+00:00,353.99946777286334
2024-09-11 09:45:00+00:00,356.73064911939616
2024-09-12 03:45:00+00:00,358.56092036575274
2024-09-12 04:45:00+00:00,360.51176124087874
2024-09-12 05:45:00+00:00,359.05624599794925
2024-09-12 06:45:00+00:00,358.68830928800014
2024-09-12 07:45:00+00:00,359.329436737954
2024-09-12 08:45:00+00:00,360.47598784849174
2024-09-12 09:45:00+00:00,359.85659338658076
2024-09-13 03:45:00+00:00,363.9636108732107
2024-09-13 04:45:00+00:00,366.94989132823605
2024-09-13 05:45:00+00:00,366.1985091278584
2024-09-13 06:45:00+00:00,364.0347413242521
2024-09-13 07:45:00+00:00,360.28598485393985
2024-09-13 08:45:00+00:00,360.39498875352115
2024-09-13 09:45:00+00:00,359.66623654068513
2024-09-16 03:45:00+00:00,358.50957413663775
2024-09-16 04:45:00+00:00,359.06309784267717
2024-09-16 05:45:00+00:00,359.6993679646826
2024-09-16 06:45:00+00:00,361.00672105834275
2024-09-16 07:45:00+00:00,362.982526005891
2024-09-16 08:45:00+00:00,363.2824836257622
2024-09-16 09:45:00+00:00,363.2295063524361
2024-09-17 03:45:00+00:00,360.8481519016758
2024-09-17 04:45:00+00:00,363.02819179403826
2024-09-17 05:45:00+00:00,363.01089288076327
2024-09-17 06:45:00+00:00,360.8436987032028
2024-09-17 07:45:00+00:00,360.3162011660728
2024-09-17 08:45:00+00:00,360.2695830451378
2024-09-17 09:45:00+00:00,359.0052055885071
2024-09-18 03:45:00+00:00,358.7692980353502
2024-09-18 04:45:00+00:00,359.1053233102786
2024-09-18 05:45:00+00:00,359.12242300944234
2024-09-18 06:45:00+00:00,360.0643856856976
2024-09-18 07:45:00+00:00,359.56494388623935
2024-09-18 08:45:00+00:00,359.79125518899303
2024-09-18 09:45:00+00:00,359.0824921589765
2024-09-19 03:45:00+00:00,360.12861808383707
2024-09-19 04:45:00+00:00,360.533266980404
2024-09-19 05:45:00+00:00,361.3201978797486
2024-09-19 06:45:00+00:00,358.419740320318
2024-09-19 07:45:00+00:00,356.5763475868785
2024-09-19 08:45:00+00:00,354.6142655915858
2024-09-19 09:45:00+00:00,354.6906989168033
2024-09-20 03:45:00+00:00,355.1499190824128
2024-09-20 04:45:00+00:00,355.27369378609484
2024-09-20 05:45:00+00:00,355.17747540341
2024-09-20 06:45:00+00:00,357.7548808148511
2024-09-20 07:45:00+00:00,357.2823951272594
2024-09-20 08:45:00+00:00,358.53292542240604
2024-09-20 09:45:00+00:00,360.2608712288651
2024-09-23 03:45:00+00:00,360.1990827316694
2024-09-23 04:45:00+00:00,360.3850488739082
2024-09-23 05:45:00+00:00,360.3338252883746
2024-09-23 06:45:00+00:00,362.6986113228204
2024-09-23 07:45:00+00:00,361.2205746553191
2024-09-23 08:45:00+00:00,359.66067765076235
2024-09-23 09:45:00+00:00,361.50278803964267
2024-09-24 03:45:00+00:00,361.4381216367675
2024-09-24 04:45:00+00:00,362.1824559698663
2024-09-24 05:45:00+00:00,362.09099313558016
2024-09-24 06:45:00+00:00,363.19044539129237
2024-09-24 07:45:00+00:00,362.40602190526283
2024-09-24 08:45:00+00:00,360.88013305312603
2024-09-24 09:45:00+00:00,359.28164223557206
2024-09-25 03:45:00+00:00,359.2282918044255
2024-09-25 04:45:00+00:00,360.522566610655
2024-09-25 05:45:00+00:00,360.31350943963963
2024-09-25 06:45:00+00:00,363.22671086866666
2024-09-25 07:45:00+00:00,362.7978261222553
2024-09-25 08:45:00+00:00,363.19941585482314
2024-09-25 09:45:00+00:00,364.2210707819479
2024-09-26 03:45:00+00:00,361.99783293783423
2024-09-26 04:45:00+00:00,363.66572233994253
2024-09-26 05:45:00+00:00,365.10388237290687
2024-09-26 06:45:00+00:00,365.8241209164459
2024-09-26 07:45:00+00:00,367.2232315389698
2024-09-26 08:45:00+00:00,367.81474405142194
2024-09-26 09:45:00+00:00,369.023674767833
2024-09-27 03:45:00+00:00,366.7265934058334
2024-09-27 04:45:00+00:00,365.8424227641967
2024-09-27 05:45:00+00:00,364.355709926091
2024-09-27 06:45:00+00:00,363.21468178154817
2024-09-27 07:45:00+00:00,362.41803508707903
2024-09-27 08:45:00+00:00,363.26575075106507
2024-09-27 09:45:00+00:00,365.4780620030959
2024-09-30 03:45:00+00:00,368.3760516761841
2024-09-30 04:45:00+00:00,369.4304142800841
2024-09-30 05:45:00+00:00,374.9180713157431
2024-09-30 06:45:00+00:00,374.36736304805265
2024-09-30 07:45:00+00:00,375.85648956934097
2024-09-30 08:45:00+00:00,374.67012949774977
2024-09-30 09:45:00+00:00,373.1493893289932
2024-10-01 03:45:00+00:00,371.49166118995714
2024-10-01 04:45:00+00:00,372.016986751607
2024-10-01 05:45:00+00:00,370.9419138291513
2024-10-01 06:45:00+00:00,370.57974531183584
2024-10-01 07:45:00+00:00,371.94059245452627
2024-10-01 08:45:00+00:00,373.685923435088
2024-10-01 09:45:00+00:00,371.5712881105232
2024-10-03 03:45:00+00:00,371.66352250078006
2024-10-03 04:45:00+00:00,374.3718142427545
2024-10-03 05:45:00+00:00,375.8437736119994
2024-10-03 06:45:00+00:00,375.5964947416523
2024-10-03 07:45:00+00:00,376.5752583709032
2024-10-03 08:45:00+00:00,374.1517076026111
2024-10-03 09:45:00+00:00,374.92388581855977
2024-10-04 03:45:00+00:00,375.9920949992216
2024-10-04 04:45:00+00:00,375.27832097769516
2024-10-04 05:45:00+00:00,375.3033309616167
2024-10-04 06:45:00+00:00,377.12841473448447
2024-10-04 07:45:00+00:00,380.3160067997478
2024-10-04 08:45:00+00:00,381.1521863357912
2024-10-04 09:45:00+00:00,382.32484069922475
2024-10-07 03:45:00+00:00,376.0447601135735
2024-10-07 04:45:00+00:00,374.24115531405505
2024-10-07 05:45:00+00:00,374.6470900792181
2024-10-07 06:45:00+00:00,373.4653119101568
2024-10-07 07:45:00+00:00,374.44441821458105
2024-10-07 08:45:00+00:00,370.8182847740063
2024-10-07 09:45:00+00:00,368.4246250284178
2024-10-08 03:45:00+00:00,370.6033692841837
2024-10-08 04:45:00+00:00,370.0830812095353
2024-10-08 05:45:00+00:00,367.2813480554513
2024-10-08 06:45:00+00:00,369.62303586177893
2024-10-08 07:45:00+00:00,369.7134950321986
2024-10-08 08:45:00+00:00,373.4866145035793
2024-10-08 09:45:00+00:00,374.9983069337089
2024-10-09 03:45:00+00:00,375.68075525959574
2024-10-09 04:45:00+00:00,377.15249895211656
2024-10-09 05:45:00+00:00,377.9205758719841
2024-10-09 06:45:00+00:00,375.73933057421937
2024-10-09 07:45:00+00:00,378.03168983175647
2024-10-09 08:45:00+00:00,376.4958149277314
2024-10-09 09:45:00+00:00,378.0943968479141
2024-10-10 03:45:00+00:00,375.4978704358535
2024-10-10 04:45:00+00:00,375.47124843866754
2024-10-10 05:45:00+00:00,373.451241875941
2024-10-10 06:45:00+00:00,373.0768667331119
2024-10-10 07:45:00+00:00,372.6507968472934
2024-10-10 08:45:00+00:00,373.56210504215187
2024-10-10 09:45:00+00:00,374.54703470349943
2024-10-11 03:45:00+00:00,375.11605997758096
2024-10-11 04:45:00+00:00,374.01116151870616
2024-10-11 05:45:00+00:00,374.86271728815876
2024-10-11 06:45:00+00:00,375.3666865658589
2024-10-11 07:45:00+00:00,371.7907748105736
2024-10-11 08:45:00+00:00,371.3698536539083
2024-10-11 09:45:00+00:00,370.6413872256297
2024-10-14 03:45:00+00:00,372.6846159524819
2024-10-14 04:45:00+00:00,373.4765046600249
2024-10-14 05:45:00+00:00,375.2346400426285
2024-10-14 06:45:00+00:00,375.6682074827346
2024-10-14 07:45:00+00:00,376.92654144344357
2024-10-14 08:45:00+00:00,375.5083580880815
2024-10-14 09:45:00+00:00,374.0316705733007
2024-10-15 03:45:00+00:00,375.7305014421517
2024-10-15 04:45:00+00:00,376.1195930830673
2024-10-15 05:45:00+00:00,375.55916796644533
2024-10-15 06:45:00+00:00,375.1886462308087
2024-10-15 07:45:00+00:00,375.2679882919449
2024-10-15 08:45:00+00:00,375.5823413901586
2024-10-15 09:45:00+00:00,374.0976280465186
2024-10-16 03:45:00+00:00,370.06515132216316
2024-10-16 04:45:00+00:00,371.51497170049157
2024-10-16 05:45:00+00:00,370.2444604901702
2024-10-16 06:45:00+00:00,370.5232413044993
2024-10-16 07:45:00+00:00,370.09543147363956
2024-10-16 08:45:00+00:00,367.91016601247884
2024-10-16 09:45:00+00:00,362.4608186270636
2024-10-17 03:45:00+00:00,360.3931989026651
2024-10-17 04:45:00+00:00,359.7157281739146
2024-10-17 05:45:00+00:00,359.6231097957155
2024-10-17 06:45:00+00:00,360.31798540017127
2024-10-17 07:45:00+00:00,359.9834491795744
2024-10-17 08:45:00+00:00,361.8373029419077
2024-10-17 09:45:00+00:00,359.3607748171754
2024-10-18 03:45:00+00:00,360.0563998840542
2024-10-18 04:45:00+00:00,363.4510380516318
2024-10-18 05:45:00+00:00,362.9163228394245
2024-10-18 06:45:00+00:00,362.99549946814756
2024-10-18 07:45:00+00:00,364.0529403457652
2024-10-18 08:45:00+00:00,362.89006991001906
2024-10-18 09:45:00+00:00,364.89710331038026
2024-10-21 03:45:00+00:00,363.748564632609
2024-10-21 04:45:00+00:00,364.70501694198157
2024-10-21 05:45:00+00:00,363.9387783639356
2024-10-21 06:45:00+00:00,364.64217665002946
2024-10-21 07:45:00+00:00,364.51622903971196
2024-10-21 08:45:00+00:00,365.2429138343204
2024-10-21 09:45:00+00:00,363.2097534459636
2024-10-22 03:45:00+00:00,363.8295880311758
2024-10-22 04:45:00+00:00,365.2682979667358
2024-10-22 05:45:00+00:00,366.17814854959556
2024-10-22 06:45:00+00:00,369.37109673036235
2024-10-22 07:45:00+00:00,374.4288511892791
2024-10-22 08:45:00+00:00,376.7875217011391
2024-10-22 09:45:00+00:00,379.32119198376256
2024-10-23 03:45:00+00:00,376.35510729065334
2024-10-23 04:45:00+00:00,376.35521135004916
2024-10-23 05:45:00+00:00,376.52313985374
2024-10-23 06:45:00+00:00,374.922786556858
2024-10-23 07:45:00+00:00,374.81586362104645
2024-10-23 08:45:00+00:00,375.2390034845018
2024-10-23 09:45:00+00:00,377.4138381173569
2024-10-24 03:45:00+00:00,379.53711288716767
2024-10-24 04:45:00+00:00,376.2640953660586
2024-10-24 05:45:00+00:00,378.53598605261584
2024-10-24 06:45:00+00:00,380.27527041868814
2024-10-24 07:45:00+00:00,380.80684230049195
2024-10-24 08:45:00+00:00,386.12733357221754
2024-10-24 09:45:00+00:00,383.4028563649992
2024-10-25 03:45:00+00:00,384.16001640773135
2024-10-25 04:45:00+00:00,382.44443515359416
2024-10-25 05:45:00+00:00,382.2931320465962
2024-10-25 06:45:00+00:00,386.6352269008492
2024-10-25 07:45:00+00:00,388.15095194816155
2024-10-25 08:45:00+00:00,388.81055989673376
2024-10-25 09:45:00+00:00,388.82661140310273
2024-10-28 03:45:00+00:00,391.1328352632257
2024-10-28 04:45:00+00:00,391.4507980290019
2024-10-28 05:45:00+00:00,386.8902819272058
2024-10-28 06:45:00+00:00,387.7522622098704
2024-10-28 07:45:00+00:00,387.60058993210197
2024-10-28 08:45:00+00:00,384.5700932740196
2024-10-28 09:45:00+00:00,385.9179726197245
2024-10-29 03:45:00+00:00,388.2615646687586
2024-10-29 04:45:00+00:00,388.50475532601854
2024-10-29 05:45:00+00:00,390.7811276997968
2024-10-29 06:45:00+00:00,389.7234612822893
2024-10-29 07:45:00+00:00,392.831280749705
2024-10-29 08:45:00+00:00,388.4957161588433
2024-10-29 09:45:00+00:00,387.90689859294866
2024-10-30 03:45:00+00:00,386.95014860863813
2024-10-30 04:45:00+00:00,387.11819732581716
2024-10-30 05:45:00+00:00,385.666795541484
2024-10-30 06:45:00+00:00,388.6036116541288
2024-10-30 07:45:00+00:00,390.30355368844357
2024-10-30 08:45:00+00:00,389.7569288455629
2024-10-30 09:45:00+00:00,388.2426837422722
2024-10-31 03:45:00+00:00,387.3599237941477
2024-10-31 04:45:00+00:00,386.6612488726812
2024-10-31 05:45:00+00:00,388.28047481801866
2024-10-31 06:45:00+00:00,389.4445964845487
2024-10-31 07:45:00+00:00,390.11135103036787
2024-10-31 08:45:00+00:00,389.4342703736086
2024-10-31 09:45:00+00:00,389.6193730793787
2024-11-04 03:45:00+00:00,387.9806603156549
2024-11-04 04:45:00+00:00,387.8799909826387
2024-11-04 05:45:00+00:00,386.07013224240734
2024-11-04 06:45:00+00:00,388.2752731825229
2024-11-04 07:45:00+00:00,387.62678091590374
2024-11-04 08:45:00+00:00,385.4727690960701
2024-11-04 09:45:00+00:00,386.2998197526549
2024-11-05 03:45:00+00:00,388.42369087893326
2024-11-05 04:45:00+00:00,388.93861869563216
2024-11-05 05:45:00+00:00,386.99526602284936
2024-11-05 06:45:00+00:00,389.8619167640283
2024-11-05 07:45:00+00:00,393.0240348118668
2024-11-05 08:45:00+00:00,394.1338888631753
2024-11-05 09:45:00+00:00,394.1934292223742
2024-11-06 03:45:00+00:00,395.62564324130096
2024-11-06 04:45:00+00:00,394.91344378321537
2024-11-06 05:45:00+00:00,394.7141038918084
2024-11-06 06:45:00+00:00,392.3821919840426
2024-11-06 07:45:00+00:00,394.0858721432195
2024-11-06 08:45:00+00:00,395.67197637575515
2024-11-06 09:45:00+00:00,394.67564862482686
2024-11-07 03:45:00+00:00,392.3393569969071
2024-11-07 04:45:00+00:00,392.3171434519236
2024-11-07 05:45:00+00:00,391.8925958817699
2024-11-07 06:45:00+00:00,394.93073620586534
2024-11-07 07:45:00+00:00,394.89577049495927
2024-11-07 08:45:00+00:00,395.8963850478057
2024-11-08 03:45:00+00:00,398.69069195681584
2024-11-08 04:45:00+00:00,395.80797860103274
2024-11-08 05:45:00+00:00,400.7789047832079
2024-11-08 06:45:00+00:00,400.7080788917089
2024-11-08 07:45:00+00:00,403.05081834999027
2024-11-08 08:45:00+00:00,403.1009978375026
2024-11-08 09:45:00+00:00,405.44606804266266
2024-11-11 03:45:00+00:00,405.86423837210396
2024-11-11 04:45:00+00:00,408.13520978829234
2024-11-11 05:45:00+00:00,409.63529140037815
2024-11-11 06:45:00+00:00,410.90747457857464
2024-11-11 07:45:00+00:00,411.1643090334935
2024-11-11 08:45:00+00:00,413.7185567775994
2024-11-11 09:45:00+00:00,410.52868943347147
2024-11-12 03:45:00+00:00,410.77947716534993
2024-11-12 04:45:00+00:00,412.4762633059185
2024-11-12 05:45:00+00:00,414.93011713503216
2024-11-12 06:45:00+00:00,414.68988784009554
2024-11-12 07:45:00+00:00,410.18230274238016
2024-11-12 08:45:00+00:00,409.7077922418217
2024-11-12 09:45:00+00:00,409.2797582753348
2024-11-13 03:45:00+00:00,411.69056725816995
2024-11-13 04:45:00+00:00,411.56226317706785
2024-11-13 05:45:00+00:00,412.42480372896006
2024-11-13 06:45:00+00:00,411.2750976422673
2024-11-13 07:45:00+00:00,410.1881593074064
2024-11-13 08:45:00+00:00,408.37028484974843
2024-11-13 09:45:00+00:00,407.1180561513038
2024-11-14 03:45:00+00:00,406.9064070289013
2024-11-14 04:45:00+00:00,407.23143873829935
2024-11-14 05:45:00+00:00,407.4304073624831
2024-11-14 06:45:00+00:00,409.2094503372041
2024-11-14 07:45:00+00:00,409.765547733402
2024-11-14 08:45:00+00:00,408.81841358509564
2024-11-14 09:45:00+00:00,410.25198136349695
2024-11-18 03:45:00+00:00,413.85006780895156
2024-11-18 04:45:00+00:00,415.332540381196
2024-11-18 05:45:00+00:00,411.3563704637858
2024-11-18 06:45:00+00:00,412.8310460184943
2024-11-18 07:45:00+00:00,410.44781457616324
2024-11-18 08:45:00+00:00,412.22196034702324
2024-11-18 09:45:00+00:00,414.04331116591686
2024-11-19 03:45:00+00:00,413.81932051846627
2024-11-19 04:45:00+00:00,411.6645961456707
2024-11-19 05:45:00+00:00,414.78596229718454
2024-11-19 06:45:00+00:00,413.753139990519
2024-11-19 07:45:00+00:00,414.8350290970745
2024-11-19 08:45:00+00:00,412.8468447484347
2024-11-19 09:45:00+00:00,411.2215157854417
2024-11-21 03:45:00+00:00,412.3221414447255
2024-11-21 04:45:00+00:00,415.16051730697177
2024-11-21 05:45:00+00:00,415.7271397008097
2024-11-21 06:45:00+00:00,415.493089606818
2024-11-21 07:45:00+00:00,415.13646102838163
2024-11-21 08:45:00+00:00,417.8067992040026
2024-11-21 09:45:00+00:00,421.1971205063735
2024-11-22 03:45:00+00:00,424.17226073471113
2024-11-22 04:45:00+00:00,423.3478992103819
2024-11-22 05:45:00+00:00,426.8503802028859
2024-11-22 06:45:00+00:00,427.66588361046524
2024-11-22 07:45:00+00:00,430.24286796745747
2024-11-22 08:45:00+00:00,428.46652112948567
2024-11-22 09:45:00+00:00,427.41033724206653
2024-11-25 03:45:00+00:00,424.9677551654484
2024-11-25 04:45:00+00:00,425.7626600598167
2024-11-25 05:45:00+00:00,424.5202257055087
2024-11-25 06:45:00+00:00,424.5331061953168
2024-11-25 07:45:00+00:00,425.3205473960951
2024-11-25 08:45:00+00:00,419.34816483820515
2024-11-25 09:45:00+00:00,421.42650880749267
2024-11-26 03:45:00+00:00,423.89575084814743
2024-11-26 04:45:00+00:00,423.2816959422358
2024-11-26 05:45:00+00:00,417.3666659831945
2024-11-26 06:45:00+00:00,420.70655485709426
2024-11-26 07:45:00+00:00,419.04190395107906
2024-11-26 08:45:00+00:00,418.00998814222453
2024-11-26 09:45:00+00:00,419.2729925367909
2024-11-27 03:45:00+00:00,417.6913830327203
2024-11-27 04:45:00+00:00,418.10929517920886
2024-11-27 05:45:00+00:00,417.6520884566786
2024-11-27 06:45:00+00:00,420.4144408424728
2024-11-27 07:45:00+00:00,422.3231482503149
2024-11-27 08:45:00+00:00,423.0164507720481
2024-11-27 09:45:00+00:00,422.72135466140287
2024-11-28 03:45:00+00:00,424.59365919235313
2024-11-28 04:45:00+00:00,424.17080987030124
2024-11-28 05:45:00+00:00,425.12784557338085
2024-11-28 06:45:00+00:00,425.2366512449094
2024-11-28 07:45:00+00:00,426.84298138717645
2024-11-28 08:45:00+00:00,427.21747969796706
2024-11-28 09:45:00+00:00,429.3043478408598
2024-11-29 03:45:00+00:00,433.41081504884426
2024-11-29 04:45:00+00:00,430.76848778370186
2024-11-29 05:45:00+00:00,428.8865263720746
2024-11-29 06:45:00+00:00,431.2967135333325
2024-11-29 07:45:00+00:00,431.17730889317716
2024-11-29 08:45:00+00:00,428.95219902005965
2024-11-29 09:45:00+00:00,425.6236712866064
2024-12-02 03:45:00+00:00,424.72810125540656
2024-12-02 04:45:00+00:00,425.70904127985807
2024-12-02 05:45:00+00:00,428.319359294658
2024-12-02 06:45:00+00:00,427.70283756092545
2024-12-02 07:45:00+00:00,426.7451007334441
2024-12-02 08:45:00+00:00,427.81176429169483
2024-12-02 09:45:00+00:00,428.3844427192216
2024-12-03 03:45:00+00:00,429.4642157815031
2024-12-03 04:45:00+00:00,432.3970579630906
2024-12-03 05:45:00+00:00,433.93773537908527
2024-12-03 06:45:00+00:00,433.5001547338778
2024-12-03 07:45:00+00:00,433.31594058366977
2024-12-03 08:45:00+00:00,432.508865685153
2024-12-03 09:45:00+00:00,430.51744427298246
2024-12-04 03:45:00+00:00,430.65585754076665
2024-12-04 04:45:00+00:00,432.8229758062128
2024-12-04 05:45:00+00:00,428.8068356586018
2024-12-04 06:45:00+00:00,429.85764849595415
2024-12-04 07:45:00+00:00,432.4522425765843
2024-12-04 08:45:00+00:00,432.5862839007614
2024-12-04 09:45:00+00:00,433.31920192930863
2024-12-05 03:45:00+00:00,434.82668670314644
2024-12-05 04:45:00+00:00,436.94647977598754
2024-12-05 05:45:00+00:00,436.71992901603585
2024-12-05 06:45:00+00:00,437.33314219538516
2024-12-05 07:45:00+00:00,438.62392747491975
2024-12-05 08:45:00+00:00,436.76413553322044
2024-12-05 09:45:00+00:00,437.3838535922015
2024-12-06 03:45:00+00:00,437.7318277269365
2024-12-06 04:45:00+00:00,440.7984033671086
2024-12-06 05:45:00+00:00,437.2120840907469
2024-12-06 06:45:00+00:00,439.02846753433425
2024-12-06 07:45:00+00:00,438.6542703756846
2024-12-06 08:45:00+00:00,439.37979083996055
2024-12-06 09:45:00+00:00,443.07177747946247
2024-12-09 03:45:00+00:00,441.0597325269179
2024-12-09 04:45:00+00:00,438.32779274744615
2024-12-09 05:45:00+00:00,440.14667813121014
2024-12-09 06:45:00+00:00,441.6670510529982
2024-12-09 07:45:00+00:00,441.0542375944323
2024-12-09 08:45:00+00:00,442.4256933281121
2024-12-09 09:45:00+00:00,439.5112674282512
2024-12-10 03:45:00+00:00,440.4551286576238
2024-12-10 04:45:00+00:00,440.57296383913956
2024-12-10 05:45:00+00:00,435.9374077919779
2024-12-10 06:45:00+00:00,434.3248814773484
2024-12-10 07:45:00+00:00,434.74065152300386
2024-12-10 08:45:00+00:00,435.4431512610732
2024-12-10 09:45:00+00:00,437.475517828592
2024-12-11 03:45:00+00:00,434.47282551593344
2024-12-11 04:45:00+00:00,433.1566991185576
2024-12-11 05:45:00+00:00,434.0217602298693
2024-12-11 06:45:00+00:00,431.7971728700342
2024-12-11 07:45:00+00:00,430.00923099234825
2024-12-11 08:45:00+00:00,431.9585539607997
2024-12-11 09:45:00+00:00,434.17525554390676
2024-12-12 03:45:00+00:00,434.8631088519741
2024-12-12 04:45:00+00:00,432.82503796315234
2024-12-12 05:45:00+00:00,434.0569626981422
2024-12-12 06:45:00+00:00,431.52833134212335
2024-12-12 07:45:00+00:00,434.1360971872202
2024-12-12 08:45:00+00:00,434.56095047263256
2024-12-12 09:45:00+00:00,436.8906576445459
2024-12-13 03:45:00+00:00,438.8602268827935
2024-12-13 04:45:00+00:00,441.9267374130855
2024-12-13 05:45:00+00:00,441.28797006301465
2024-12-13 06:45:00+00:00,441.0291706523969
2024-12-13 07:45:00+00:00,439.83274911705814
2024-12-13 08:45:00+00:00,436.7062008111508
2024-12-13 09:45:00+00:00,434.73927030092824
2024-12-16 03:45:00+00:00,438.429524785789
2024-12-16 04:45:00+00:00,437.5475674399138
2024-12-16 05:45:00+00:00,437.84794053262647
2024-12-16 06:45:00+00:00,435.4926108854024
2024-12-16 07:45:00+00:00,435.9453921484559
2024-12-16 08:45:00+00:00,438.8420165713007
2024-12-16 09:45:00+00:00,437.7725641894746
2024-12-17 03:45:00+00:00,440.7433841122545
2024-12-17 04:45:00+00:00,442.6965167108183
2024-12-17 05:45:00+00:00,441.2265831195523
2024-12-17 06:45:00+00:00,441.1536130659151
2024-12-17 07:45:00+00:00,440.56223760290607
2024-12-17 08:45:00+00:00,438.775903473037
2024-12-17 09:45:00+00:00,437.592350051218
2024-12-18 03:45:00+00:00,436.4311112866873
2024-12-18 04:45:00+00:00,436.2788834142725
2024-12-18 05:45:00+00:00,433.94877878693603
2024-12-18 06:45:00+00:00,433.7423221631881
2024-12-18 07:45:00+00:00,435.12632940956365
2024-12-18 08:45:00+00:00,433.22316123550644
2024-12-18 09:45:00+00:00,433.3595984404413
2024-12-19 03:45:00+00:00,429.0314478927582
2024-12-19 04:45:00+00:00,428.7319139173337
2024-12-19 05:45:00+00:00,430.4580684701129
2024-12-19 06:45:00+00:00,436.3637206703844
2024-12-19 07:45:00+00:00,436.94412798837385
2024-12-19 08:45:00+00:00,439.43414699405065
2024-12-19 09:45:00+00:00,445.68455550399716
2024-12-20 03:45:00+00:00,449.5117684133781
2024-12-20 04:45:00+00:00,447.5947717248113
2024-12-20 05:45:00+00:00,447.2831267213919
2024-12-20 06:45:00+00:00,448.055239478612
2024-12-20 07:45:00+00:00,450.7390623985271
2024-12-20 08:45:00+00:00,450.34091060025406
2024-12-20 09:45:00+00:00,451.8259836657729
2024-12-23 03:45:00+00:00,451.83527839938796
2024-12-23 04:45:00+00:00,453.0850203396328
2024-12-23 05:45:00+00:00,454.4735108247405
2024-12-23 06:45:00+00:00,454.82768557131976
2024-12-23 07:45:00+00:00,453.24626031013963
2024-12-23 08:45:00+00:00,451.6905227339917
2024-12-23 09:45:00+00:00,451.82499251120225
2024-12-24 03:45:00+00:00,456.3012468808058
2024-12-24 04:45:00+00:00,456.60952525604245
2024-12-24 05:45:00+00:00,456.98249775873796
2024-12-24 06:45:00+00:00,454.278678398255
2024-12-24 07:45:00+00:00,454.4910035508994
2024-12-24 08:45:00+00:00,452.6677666171576
2024-12-24 09:45:00+00:00,450.0732539886139
2024-12-26 03:45:00+00:00,450.02295719743563
2024-12-26 04:45:00+00:00,452.0868820110994
2024-12-26 05:45:00+00:00,453.5998914002968
2024-12-26 06:45:00+00:00,458.57605231689047
2024-12-26 07:45:00+00:00,462.3353643787373
2024-12-26 08:45:00+00:00,464.15566185810644
2024-12-26 09:45:00+00:00,465.72878089411427
2024-12-27 03:45:00+00:00,466.588905398971
2024-12-27 04:45:00+00:00,464.77563100187
2024-12-27 05:45:00+00:00,463.9056890465823
2024-12-27 06:45:00+00:00,467.34568367828683
2024-12-27 07:45:00+00:00,470.3397247361558
2024-12-27 08:45:00+00:00,473.7430170199658
2024-12-27 09:45:00+00:00,476.1878755500424
2024-12-30 03:45:00+00:00,473.9337299452905
2024-12-30 04:45:00+00:00,470.3198915341261
2024-12-30 05:45:00+00:00,468.6475338053182
2024-12-30 06:45:00+00:00,464.46295039088733
2024-12-30 07:45:00+00:00,465.2818747272276
2024-12-30 08:45:00+00:00,467.0810979086597
2024-12-30 09:45:00+00:00,465.51188364011
2024-12-31 03:45:00+00:00,461.1299019982659
2024-12-31 04:45:00+00:00,462.69844041532775
2024-12-31 05:45:00+00:00,461.9108679056429
2024-12-31 06:45:00+00:00,462.6289711783871
2024-12-31 07:45:00+00:00,459.5983024430884
2024-12-31 08:45:00+00:00,456.8910886849423
2024-12-31 09:45:00+00:00,459.3213285611711
2025-01-01 03:45:00+00:00,454.7795578566479
2025-01-01 04:45:00+00:00,451.77744386207235
2025-01-01 05:45:00+00:00,454.0834365905597
2025-01-01 06:45:00+00:00,453.00397877840675
2025-01-01 07:45:00+00:00,447.160270655185
2025-01-01 08:45:00+00:00,446.60629120560304
2025-01-01 09:45:00+00:00,446.47164576757
2025-01-02 03:45:00+00:00,445.5353448094616
2025-01-02 04:45:00+00:00,446.65381534771456
2025-01-02 05:45:00+00:00,446.9295108007177
2025-01-02 06:45:00+00:00,446.34317690684486
2025-01-02 07:45:00+00:00,447.35722682084804
2025-01-02 08:45:00+00:00,450.41363909271286
2025-01-02 09:45:00+00:00,450.9680282721508
2025-01-03 03:45:00+00:00,451.0039568956633
2025-01-03 04:45:00+00:00,451.99415296767637
2025-01-03 05:45:00+00:00,452.2839291528885
2025-01-03 06:45:00+00:00,453.86006183744354
2025-01-03 07:45:00+00:00,455.9335128217571
2025-01-03 08:45:00+00:00,456.4975783433194
2025-01-03 09:45:00+00:00,454.39557580191376
2025-01-06 03:45:00+00:00,453.6151175524043
2025-01-06 04:45:00+00:00,455.40357076774643
2025-01-06 05:45:00+00:00,455.80319606903174
2025-01-06 06:45:00+00:00,458.08597648498585
2025-01-06 07:45:00+00:00,459.9671537588932
2025-01-06 08:45:00+00:00,457.895582441636
2025-01-06 09:45:00+00:00,455.41130125872127
2025-01-07 03:45:00+00:00,458.92619157513815
2025-01-07 04:45:00+00:00,463.18293994206283
2025-01-07 05:45:00+00:00,463.6187913518653
2025-01-07 06:45:00+00:00,462.4890108045111
2025-01-07 07:45:00+00:00,461.4861940280123
2025-01-07 08:45:00+00:00,458.3240881803011
2025-01-07 09:45:00+00:00,459.9152265774675
2025-01-08 03:45:00+00:00,459.94350024687776
2025-01-08 04:45:00+00:00,462.5512677622226
2025-01-08 05:45:00+00:00,463.4428317567254
2025-01-08 06:45:00+00:00,468.11454686012263
2025-01-08 07:45:00+00:00,468.6799704779404
2025-01-08 08:45:00+00:00,467.95834831803484
2025-01-08 09:45:00+00:00,467.6376034418925
2025-01-09 03:45:00+00:00,465.7972988711138
2025-01-09 04:45:00+00:00,465.9542594541158
2025-01-09 05:45:00+00:00,467.6097766400586
2025-01-09 06:45:00+00:00,470.45172773083135
2025-01-09 07:45:00+00:00,471.35761013098653
2025-01-09 08:45:00+00:00,471.7771003872873
2025-01-09 09:45:00+00:00,472.6043072810428
2025-01-10 03:45:00+00:00,475.0835200017679
2025-01-10 04:45:00+00:00,480.1634693660181
2025-01-10 05:45:00+00:00,482.50985440423216
2025-01-10 06:45:00+00:00,481.9240038945341
2025-01-10 07:45:00+00:00,480.1251060770411
2025-01-10 08:45:00+00:00,477.5479283488901
2025-01-10 09:45:00+00:00,476.973150882734
2025-01-13 03:45:00+00:00,477.48361376838824
2025-01-13 04:45:00+00:00,480.233986950522
2025-01-13 05:45:00+00:00,482.365952356967
2025-01-13 06:45:00+00:00,481.16111123149904
2025-01-13 07:45:00+00:00,482.65951829740465
2025-01-13 08:45:00+00:00,482.1309006499347
2025-01-13 09:45:00+00:00,481.81599078071105
2025-01-14 03:45:00+00:00,480.6913072188215
2025-01-14 04:45:00+00:00,481.8310566498023
2025-01-14 05:45:00+00:00,481.80177660221074
2025-01-14 06:45:00+00:00,482.00923042461625
2025-01-14 07:45:00+00:00,484.21282134196406
2025-01-14 08:45:00+00:00,483.48956915076815
2025-01-14 09:45:00+00:00,485.56031690802445
2025-01-15 03:45:00+00:00,486.4225787017968
2025-01-15 04:45:00+00:00,486.16261230849835
2025-01-15 05:45:00+00:00,483.70536465741594
2025-01-15 06:45:00+00:00,483.05677579468886
2025-01-15 07:45:00+00:00,488.1040244126494
2025-01-15 08:45:00+00:00,489.3916887207287
2025-01-15 09:45:00+00:00,487.98359681304953
2025-01-16 03:45:00+00:00,484.3315225331968
2025-01-16 04:45:00+00:00,481.1610816078908
2025-01-16 05:45:00+00:00,479.4488929279461
2025-01-16 06:45:00+00:00,478.6674931347858
2025-01-16 07:45:00+00:00,476.9977927383847
2025-01-16 08:45:00+00:00,480.2866609934832
2025-01-16 09:45:00+00:00,480.1034945154078
2025-01-17 03:45:00+00:00,479.51172043593175
2025-01-17 04:45:00+00:00,475.47622392862763
2025-01-17 05:45:00+00:00,472.6304515716726
2025-01-17 06:45:00+00:00,471.55877260098833
2025-01-17 07:45:00+00:00,471.26966140449343
2025-01-17 08:45:00+00:00,474.2315329537323
2025-01-20 03:45:00+00:00,473.9668167306935
2025-01-20 04:45:00+00:00,470.8362221065948
2025-01-20 05:45:00+00:00,471.8994011695605
2025-01-20 06:45:00+00:00,472.74862929327907
2025-01-20 07:45:00+00:00,472.07249365404004
2025-01-20 08:45:00+00:00,468.9139391258071
2025-01-20 09:45:00+00:00,470.19766081416765
2025-01-21 03:45:00+00:00,474.35654803000585
2025-01-21 04:45:00+00:00,473.56747193099613
2025-01-21 05:45:00+00:00,471.64280326574504
2025-01-21 06:45:00+00:00,472.7330483431537
2025-01-21 07:45:00+00:00,473.6950317365695
2025-01-21 08:45:00+00:00,479.0432420192818
2025-01-21 09:45:00+00:00,476.8249437227016
2025-01-22 03:45:00+00:00,476.37161629416414
2025-01-22 04:45:00+00:00,476.17515648833324
2025-01-22 05:45:00+00:00,477.52636699619444
2025-01-22 06:45:00+00:00,478.68132455196684
2025-01-22 07:45:00+00:00,477.15708569000213
2025-01-22 08:45:00+00:00,479.6925303152383
2025-01-22 09:45:00+00:00,481.24960747702755
2025-01-23 03:45:00+00:00,479.71455869470526
2025-01-23 04:45:00+00:00,479.1004765528401
2025-01-23 05:45:00+00:00,476.85432471372474
2025-01-23 06:45:00+00:00,476.00244105630634
2025-01-23 07:45:00+00:00,474.8631769542675
2025-01-23 08:45:00+00:00,474.17730151155735
2025-01-23 09:45:00+00:00,471.57691818854363
2025-01-24 03:45:00+00:00,467.8761842978494
2025-01-24 04:45:00+00:00,464.5916657200695
2025-01-24 05:45:00+00:00,465.5575964170643
2025-01-24 06:45:00+00:00,464.2959547933135
2025-01-24 07:45:00+00:00,464.5543732239796
2025-01-24 08:45:00+00:00,461.22768686693433
2025-01-24 09:45:00+00:00,460.144425818805
2025-01-27 03:45:00+00:00,461.551474976988
2025-01-27 04:45:00+00:00,461.76609138109256
2025-01-27 05:45:00+00:00,461.3693889009207
2025-01-27 06:45:00+00:00,454.1339323990647
2025-01-27 07:45:00+00:00,454.18203055463397
2025-01-27 08:45:00+00:00,455.76047639201795
2025-01-27 09:45:00+00:00,451.51379627534965
2025-01-28 03:45:00+00:00,450.9313671520288
2025-01-28 04:45:00+00:00,450.350930846876
2025-01-28 05:45:00+00:00,449.29334953748986
2025-01-28 06:45:00+00:00,450.5832826854364
2025-01-28 07:45:00+00:00,451.5146662575224
2025-01-28 08:45:00+00:00,453.4803331556549
2025-01-28 09:45:00+00:00,449.7445619212761
2025-01-29 03:45:00+00:00,449.6386964986883
2025-01-29 04:45:00+00:00,448.9422724756013
2025-01-29 05:45:00+00:00,449.7020223630932
2025-01-29 06:45:00+00:00,451.86293079148516
2025-01-29 07:45:00+00:00,451.7023212441839
2025-01-29 08:45:00+00:00,447.87653250993236
2025-01-29 09:45:00+00:00,447.8270102606093
2025-01-30 03:45:00+00:00,448.22992421996264
2025-01-30 04:45:00+00:00,449.8202965072057
2025-01-30 05:45:00+00:00,452.4217972981797
2025-01-30 06:45:00+00:00,450.3336489792984
2025-01-30 07:45:00+00:00,453.4115398738562
2025-01-30 08:45:00+00:00,452.41156013015524
2025-01-30 09:45:00+00:00,452.3529326975748
2025-01-31 03:45:00+00:00,451.2583280053178
2025-01-31 04:45:00+00:00,452.4057809324208
2025-01-31 05:45:00+00:00,453.40015391930507
2025-01-31 06:45:00+00:00,454.43755047656845
2025-01-31 07:45:00+00:00,452.087968213448
2025-01-31 08:45:00+00:00,451.3462665068043
2025-01-31 09:45:00+00:00,449.6628769916998
2025-02-03 03:45:00+00:00,449.05429617993
2025-02-03 04:45:00+00:00,449.4459590432427
2025-02-03 05:45:00+00:00,449.315779573404
2025-02-03 06:45:00+00:00,449.6229958484705
2025-02-03 08:45:00+00:00,451.0171444921527
2025-02-03 09:45:00+00:00,451.66034153352257
2025-02-04 03:45:00+00:00,455.358380349908
2025-02-04 04:45:00+00:00,457.8889138565902
2025-02-04 05:45:00+00:00,456.8998220156089
2025-02-04 06:45:00+00:00,454.4369839017327
2025-02-04 07:45:00+00:00,453.91495401645926
2025-02-04 08:45:00+00:00,453.076567041156
2025-02-04 09:45:00+00:00,453.68132083459125
2025-02-05 03:45:00+00:00,451.5451891762908
2025-02-05 04:45:00+00:00,453.59059158009006
2025-02-05 05:45:00+00:00,458.0738029804866
2025-02-05 06:45:00+00:00,463.25319226694717
2025-02-05 07:45:00+00:00,461.20144568178443
2025-02-05 08:45:00+00:00,463.9426741547648
2025-02-05 09:45:00+00:00,462.5742223378065
2025-02-06 03:45:00+00:00,457.4611171840781
2025-02-06 04:45:00+00:00,458.0964446759258
2025-02-06 05:45:00+00:00,458.5881097378376
2025-02-06 06:45:00+00:00,451.5202456506241
2025-02-06 07:45:00+00:00,453.3606804965387
2025-02-06 08:45:00+00:00,452.60667315943573
2025-02-06 09:45:00+00:00,446.8948572501467
2025-02-07 03:45:00+00:00,450.7869031347627
2025-02-07 04:45:00+00:00,451.5303738827339
2025-02-07 05:45:00+00:00,449.7614017572398
2025-02-07 06:45:00+00:00,451.01363299351186
2025-02-07 07:45:00+00:00,448.9849571364129
2025-02-07 08:45:00+00:00,447.2511175491602
2025-02-07 09:45:00+00:00,446.16380540026006
2025-02-10 03:45:00+00:00,444.83107466635045
2025-02-10 04:45:00+00:00,441.5048232258438
2025-02-10 05:45:00+00:00,444.0504641870189
2025-02-10 06:45:00+00:00,443.3209373366466
2025-02-10 07:45:00+00:00,442.9087671907279
2025-02-10 08:45:00+00:00,444.729611051216
2025-02-10 09:45:00+00:00,445.4342244992291
2025-02-11 03:45:00+00:00,448.6194937797492
2025-02-11 04:45:00+00:00,448.2821136661738
2025-02-11 05:45:00+00:00,445.26187549204855
2025-02-11 06:45:00+00:00,444.28122522330074
2025-02-11 07:45:00+00:00,445.13977368000155
2025-02-11 08:45:00+00:00,447.95050747480377
2025-02-11 09:45:00+00:00,443.67503916969093
2025-02-12 03:45:00+00:00,447.54660061111235
2025-02-12 04:45:00+00:00,448.938147472679
2025-02-12 05:45:00+00:00,443.9512199755741
2025-02-12 06:45:00+00:00,445.315824979516
2025-02-12 08:45:00+00:00,447.37466578115806
2025-02-12 09:45:00+00:00,447.7570549659204
2025-02-13 03:45:00+00:00,450.257764026684
2025-02-13 04:45:00+00:00,450.35366828541703
2025-02-13 05:45:00+00:00,448.8721224581673
2025-02-13 06:45:00+00:00,450.81349246688575
2025-02-13 07:45:00+00:00,450.22730267041044
2025-02-13 08:45:00+00:00,452.0240517187242
2025-02-13 09:45:00+00:00,451.4127010505926
2025-02-14 03:45:00+00:00,453.6718065204461
2025-02-14 04:45:00+00:00,454.41555234373857
2025-02-14 05:45:00+00:00,456.96579557513047
2025-02-14 06:45:00+00:00,458.2403645471567
2025-02-14 07:45:00+00:00,458.629553676202
2025-02-14 08:45:00+00:00,462.7954284567494
2025-02-14 09:45:00+00:00,465.55427946384947
2025-02-17 03:45:00+00:00,466.3167873047958
2025-02-17 04:45:00+00:00,469.77096743625157
2025-02-17 05:45:00+00:00,465.65855301713646
2025-02-17 06:45:00+00:00,465.2010661692001
2025-02-17 07:45:00+00:00,463.750355566359
2025-02-17 08:45:00+00:00,466.03433186592326
2025-02-17 09:45:00+00:00,464.7795194533562
2025-02-18 03:45:00+00:00,464.23992313143884
2025-02-18 04:45:00+00:00,464.64964762168097
2025-02-18 05:45:00+00:00,464.54344643989026
2025-02-18 06:45:00+00:00,467.2175595308698
2025-02-18 07:45:00+00:00,467.5860884993601
2025-02-18 08:45:00+00:00,471.39335169527527
2025-02-18 09:45:00+00:00,474.44475927134624
2025-02-19 03:45:00+00:00,477.46074580035156
2025-02-19 04:45:00+00:00,478.25189844523845
2025-02-19 05:45:00+00:00,477.6333099353646
2025-02-19 06:45:00+00:00,478.1361798259371
2025-02-19 07:45:00+00:00,475.8529288704106
2025-02-19 08:45:00+00:00,476.2158747008831
2025-02-19 09:45:00+00:00,477.5079607730875
2025-02-20 03:45:00+00:00,478.783218598457
2025-02-20 04:45:00+00:00,480.0575548778836
2025-02-20 05:45:00+00:00,481.4662512320555
2025-02-20 06:45:00+00:00,482.374171150208
2025-02-20 07:45:00+00:00,485.42082461156525
2025-02-20 08:45:00+00:00,482.7481781926214
2025-02-20 09:45:00+00:00,481.8407718513049
2025-02-21 03:45:00+00:00,478.76505910301927
2025-02-21 04:45:00+00:00,479.9182840507936
2025-02-21 05:45:00+00:00,484.059187433921
2025-02-21 06:45:00+00:00,484.03912554770653
2025-02-21 07:45:00+00:00,483.0052290996686
2025-02-21 08:45:00+00:00,481.5417928676965
2025-02-21 09:45:00+00:00,484.1649903689839
2025-02-24 03:45:00+00:00,481.75123076384193
2025-02-24 04:45:00+00:00,484.1302344576623
2025-02-24 05:45:00+00:00,487.03062419934236
2025-02-24 06:45:00+00:00,487.10949221799615
2025-02-24 07:45:00+00:00,489.2556328206254
2025-02-24 08:45:00+00:00,491.5509928018
2025-02-24 09:45:00+00:00,491.50865032624
2025-02-25 03:45:00+00:00,493.9604877433046
2025-02-25 04:45:00+00:00,493.01801822461687
2025-02-25 05:45:00+00:00,488.62254706752634
2025-02-25 06:45:00+00:00,488.958192977166
2025-02-25 07:45:00+00:00,492.1080616409083
2025-02-25 08:45:00+00:00,494.60494215622856
2025-02-25 09:45:00+00:00,496.23002322306604
2025-02-27 03:45:00+00:00,494.8048226743835
2025-02-27 04:45:00+00:00,492.3391768998398
2025-02-27 05:45:00+00:00,493.295622109751
2025-02-27 06:45:00+00:00,495.88527469443824
2025-02-27 07:45:00+00:00,496.99836843195385
2025-02-27 08:45:00+00:00,498.4810785632723
2025-02-27 09:45:00+00:00,501.95033583239075
2025-02-28 03:45:00+00:00,500.82485028424384
2025-02-28 04:45:00+00:00,503.095273949136
2025-02-28 05:45:00+00:00,502.09809406357846
2025-02-28 06:45:00+00:00,504.2159888976025
2025-02-28 07:45:00+00:00,504.71161332573905
2025-02-28 08:45:00+00:00,496.8133090745499
2025-02-28 09:45:00+00:00,499.4013703183957
2025-03-03 03:45:00+00:00,501.4121702624795
2025-03-03 04:45:00+00:00,500.84060056631455
2025-03-03 05:45:00+00:00,500.27410702770135
2025-03-03 06:45:00+00:00,504.9187392839761
2025-03-03 07:45:00+00:00,507.55168284372115
2025-03-03 08:45:00+00:00,507.6923461547997
2025-03-03 09:45:00+00:00,511.24802147268076
2025-03-04 03:45:00+00:00,512.4264794518891
2025-03-04 04:45:00+00:00,508.12500124067833
2025-03-04 05:45:00+00:00,512.1498512138103
2025-03-04 06:45:00+00:00,511.4425234362109
2025-03-04 07:45:00+00:00,510.7817343394138
2025-03-04 08:45:00+00:00,510.81076342232916
2025-03-04 09:45:00+00:00,511.5630593410722
2025-03-05 03:45:00+00:00,511.74591793445865
2025-03-05 04:45:00+00:00,511.8890142959689
2025-03-05 05:45:00+00:00,514.7942096878717
2025-03-05 06:45:00+00:00,515.4355029023296
2025-03-05 07:45:00+00:00,515.3059490438246
2025-03-05 08:45:00+00:00,515.1259862540754
2025-03-05 09:45:00+00:00,511.1084821638308
2025-03-06 03:45:00+00:00,510.4865365778656
2025-03-06 04:45:00+00:00,512.6204230895727
2025-03-06 05:45:00+00:00,515.1658062617258
2025-03-06 06:45:00+00:00,518.7813987179992
2025-03-06 07:45:00+00:00,518.1737725798974
2025-03-06 08:45:00+00:00,517.230133220365
2025-03-06 09:45:00+00:00,516.0295774613022
2025-03-07 03:45:00+00:00,515.0407275514237
2025-03-07 04:45:00+00:00,515.9089361060793
2025-03-07 05:45:00+00:00,515.8785080520789
2025-03-07 06:45:00+00:00,513.7809154244417
2025-03-07 07:45:00+00:00,511.0941098924274
2025-03-07 08:45:00+00:00,511.9765595028898
2025-03-07 09:45:00+00:00,512.3009996382509
2025-03-10 03:45:00+00:00,507.91945601540186
2025-03-10 04:45:00+00:00,503.7695982531843
2025-03-10 05:45:00+00:00,502.406083353413
2025-03-10 06:45:00+00:00,503.95573850599794
2025-03-10 07:45:00+00:00,507.16347902077985
2025-03-10 08:45:00+00:00,511.14438995381914
2025-03-10 09:45:00+00:00,513.3582481420813
2025-03-11 03:45:00+00:00,515.7510299176907
2025-03-11 04:45:00+00:00,512.9290930781516
2025-03-11 05:45:00+00:00,512.7448109680295
2025-03-11 06:45:00+00:00,510.70065668959217
2025-03-11 07:45:00+00:00,514.3986910917695
2025-03-11 08:45:00+00:00,513.217129742469
2025-03-11 09:45:00+00:00,509.0537644513686
2025-03-12 03:45:00+00:00,512.0155885814803
2025-03-12 04:45:00+00:00,511.8020744437065
2025-03-12 05:45:00+00:00,510.62452166762716
2025-03-12 06:45:00+00:00,512.7207975560771
2025-03-12 07:45:00+00:00,512.389801834696
2025-03-12 08:45:00+00:00,509.1263880701199
2025-03-12 09:45:00+00:00,506.58197544841323
2025-03-13 03:45:00+00:00,510.2367170741479
2025-03-13 04:45:00+00:00,510.2857901144028
2025-03-13 05:45:00+00:00,504.40218355611546
2025-03-13 06:45:00+00:00,509.9775867655301
2025-03-13 07:45:00+00:00,508.3794339555952
2025-03-13 08:45:00+00:00,512.3125800188743
2025-03-13 09:45:00+00:00,511.6135213697634
2025-03-17 03:45:00+00:00,508.9111880929914
2025-03-17 04:45:00+00:00,504.5710577049688
2025-03-17 05:45:00+00:00,505.0458600432594
2025-03-17 06:45:00+00:00,502.830510837385
2025-03-17 07:45:00+00:00,501.8731317281414
2025-03-17 08:45:00+00:00,501.301380985364
2025-03-17 09:45:00+00:00,504.1533559923485
2025-03-18 03:45:00+00:00,498.879930861473
2025-03-18 04:45:00+00:00,498.9171673595231
2025-03-18 05:45:00+00:00,499.12937533915874
2025-03-18 06:45:00+00:00,503.42928340093414
2025-03-18 07:45:00+00:00,506.1404888460971
2025-03-18 08:45:00+00:00,503.20689218504015
2025-03-18 09:45:00+00:00,501.76970174746987
2025-03-19 03:45:00+00:00,504.7984475798435
2025-03-19 04:45:00+00:00,508.90636976328034
2025-03-19 05:45:00+00:00,508.5187585704927
2025-03-19 06:45:00+00:00,504.094047807592
2025-03-19 07:45:00+00:00,506.14127558999917
2025-03-19 08:45:00+00:00,503.64746387202655
2025-03-19 09:45:00+00:00,506.9876072956265
2025-03-20 03:45:00+00:00,506.0428053277325
2025-03-20 04:45:00+00:00,512.0928765650403
2025-03-20 05:45:00+00:00,511.18064007293594
2025-03-20 06:45:00+00:00,512.18538316851
2025-03-20 07:45:00+00:00,512.1477995087535
2025-03-20 08:45:00+00:00,512.6196062150048
2025-03-20 09:45:00+00:00,515.4380590922524
2025-03-21 03:45:00+00:00,515.6876145476177
2025-03-21 04:45:00+00:00,515.2350910744319
2025-03-21 05:45:00+00:00,515.8718094369923
2025-03-21 06:45:00+00:00,512.7795227161986
2025-03-21 07:45:00+00:00,509.6342454534195
2025-03-21 08:45:00+00:00,509.7041855585322
2025-03-21 09:45:00+00:00,511.6491058331771
2025-03-24 03:45:00+00:00,508.5738527713877
2025-03-24 04:45:00+00:00,506.7073653935674
2025-03-24 05:45:00+00:00,508.0163987719897
2025-03-24 06:45:00+00:00,501.58633554291333
2025-03-24 07:45:00+00:00,502.87506658961723
2025-03-24 08:45:00+00:00,502.3121118896036
2025-03-24 09:45:00+00:00,497.1144216124345
2025-03-25 03:45:00+00:00,501.2638242489298
2025-03-25 04:45:00+00:00,501.3384369205452
2025-03-25 05:45:00+00:00,498.01858898452736
2025-03-25 06:45:00+00:00,500.72713686616873
2025-03-25 07:45:00+00:00,500.5033649934325
2025-03-25 08:45:00+00:00,500.09963899811896
2025-03-25 09:45:00+00:00,501.44954789460223
2025-03-26 03:45:00+00:00,502.6259923291709
2025-03-26 04:45:00+00:00,500.28344657442375
2025-03-26 05:45:00+00:00,500.5064007831781
2025-03-26 06:45:00+00:00,505.4643450296762
2025-03-26 07:45:00+00:00,507.63062109951073
2025-03-26 08:45:00+00:00,507.99848465127377
2025-03-26 09:45:00+00:00,503.01179325477716
2025-03-27 03:45:00+00:00,506.0517463029342
2025-03-27 04:45:00+00:00,506.9620883054656
2025-03-27 05:45:00+00:00,506.1084826461928
2025-03-27 06:45:00+00:00,509.8083837222648
2025-03-27 07:45:00+00:00,508.61935918328385
2025-03-27 08:45:00+00:00,507.2059756456705
2025-03-27 09:45:00+00:00,510.70367818722883
2025-03-28 03:45:00+00:00,509.3679000890119
2025-03-28 04:45:00+00:00,512.007007186095
2025-03-28 05:45:00+00:00,511.55460477178985
2025-03-28 06:45:00+00:00,513.7793749785634
2025-03-28 07:45:00+00:00,515.861934197126
2025-03-28 08:45:00+00:00,513.8763896003069
2025-03-28 09:45:00+00:00,516.6279617307121
2025-04-01 03:45:00+00:00,517.0941649299612
2025-04-01 04:45:00+00:00,517.2018842542736
2025-04-01 05:45:00+00:00,516.8857407870197
2025-04-01 06:45:00+00:00,510.6988007368388
2025-04-01 07:45:00+00:00,507.7984897247323
2025-04-01 08:45:00+00:00,512.9040526348265
2025-04-01 09:45:00+00:00,509.7534988453298
2025-04-02 03:45:00+00:00,507.69702363121934
2025-04-02 04:45:00+00:00,508.5265538991323
2025-04-02 05:45:00+00:00,513.3745886709956
2025-04-02 06:45:00+00:00,514.1207137375695
2025-04-02 07:45:00+00:00,510.22747334615
2025-04-02 08:45:00+00:00,506.6877333321088
2025-04-02 09:45:00+00:00,508.8068950049187
2025-04-03 03:45:00+00:00,509.72614701679083
2025-04-03 04:45:00+00:00,508.3243295617386
2025-04-03 05:45:00+00:00,508.5335639721108
2025-04-03 06:45:00+00:00,502.90814215517474
2025-04-03 07:45:00+00:00,502.9162409004724
2025-04-03 08:45:00+00:00,502.09446936971034
2025-04-03 09:45:00+00:00,502.81322753521425
2025-04-04 03:45:00+00:00,499.09133424709853
2025-04-04 04:45:00+00:00,498.9261581070472
2025-04-04 05:45:00+00:00,498.111812595432
2025-04-04 06:45:00+00:00,494.0101841815241
2025-04-04 07:45:00+00:00,493.4180493594495
2025-04-04 08:45:00+00:00,495.8411178243709
2025-04-04 09:45:00+00:00,497.8230317587587
2025-04-07 03:45:00+00:00,503.4818485800835
2025-04-07 04:45:00+00:00,500.1070558714579
2025-04-07 05:45:00+00:00,498.5887129106787
2025-04-07 06:45:00+00:00,499.6130922062144
2025-04-07 07:45:00+00:00,497.9372289823069
2025-04-07 08:45:00+00:00,498.5755693631287
2025-04-07 09:45:00+00:00,500.12789021596336
2025-04-08 03:45:00+00:00,499.82233702305473
2025-04-08 04:45:00+00:00,496.24925265878346
2025-04-08 05:45:00+00:00,492.9944979356288
2025-04-08 06:45:00+00:00,492.38789250693
2025-04-08 07:45:00+00:00,489.3057707286616
2025-04-08 08:45:00+00:00,485.8445675027118
2025-04-08 09:45:00+00:00,481.34422938748173
2025-04-09 03:45:00+00:00,483.58054734063876
2025-04-09 04:45:00+00:00,481.69042559617856
2025-04-09 05:45:00+00:00,478.858265370843
2025-04-09 06:45:00+00:00,481.4726728684358
2025-04-09 07:45:00+00:00,479.59147508485415
2025-04-09 08:45:00+00:00,480.1273306985769
2025-04-09 09:45:00+00:00,481.2324392960093
2025-04-11 03:45:00+00:00,481.3117294733352
2025-04-11 04:45:00+00:00,483.9977099165359
2025-04-11 05:45:00+00:00,479.2865672151957
2025-04-11 06:45:00+00:00,480.9130685456037
2025-04-11 07:45:00+00:00,481.8974497705699
2025-04-11 08:45:00+00:00,485.3326823652431
2025-04-11 09:45:00+00:00,484.9631990625259
2025-04-15 03:45:00+00:00,480.8787710180578
2025-04-15 04:45:00+00:00,476.7926704808358
2025-04-15 05:45:00+00:00,477.0214703272383
2025-04-15 06:45:00+00:00,477.4481995785562
2025-04-15 07:45:00+00:00,479.60332276925584
2025-04-15 08:45:00+00:00,481.71531572997486
2025-04-15 09:45:00+00:00,484.74208535679907
2025-04-16 03:45:00+00:00,488.74852508739565
2025-04-16 04:45:00+00:00,491.2499803300301
2025-04-16 05:45:00+00:00,490.73367133799235
2025-04-16 06:45:00+00:00,490.70187405831837
2025-04-16 07:45:00+00:00,490.39258255017194
2025-04-16 08:45:00+00:00,493.15577955813944
2025-04-16 09:45:00+00:00,493.69442855224804
2025-04-17 03:45:00+00:00,491.48704061767336
2025-04-17 04:45:00+00:00,492.6647423965281
2025-04-17 05:45:00+00:00,494.55823118275873
2025-04-17 06:45:00+00:00,498.8158246723493
2025-04-17 07:45:00+00:00,497.62644886891866
2025-04-17 08:45:00+00:00,497.1517296590891
2025-04-17 09:45:00+00:00,495.89201180746596
2025-04-21 03:45:00+00:00,493.3573141188888
2025-04-21 04:45:00+00:00,491.52452046840347
2025-04-21 05:45:00+00:00,489.7530251513719
2025-04-21 06:45:00+00:00,490.04431510765505
2025-04-21 07:45:00+00:00,490.05212212944554
2025-04-21 08:45:00+00:00,489.0164005237863
2025-04-21 09:45:00+00:00,489.55527911439856
2025-04-22 03:45:00+00:00,486.078990288776
2025-04-22 04:45:00+00:00,487.15587001274673
2025-04-22 05:45:00+00:00,484.1456778290861
2025-04-22 06:45:00+00:00,483.62294753006375
2025-04-22 07:45:00+00:00,484.2185604637693
2025-04-22 08:45:00+00:00,482.67691322210885
2025-04-22 09:45:00+00:00,483.24008255544214
2025-04-23 03:45:00+00:00,483.70145636861116
2025-04-23 04:45:00+00:00,486.3590809254022
2025-04-23 05:45:00+00:00,482.79203043796133
2025-04-23 06:45:00+00:00,488.6291424511354
2025-04-23 07:45:00+00:00,488.5784584090188
2025-04-23 08:45:00+00:00,486.20444492495557
2025-04-23 09:45:00+00:00,482.52523209262836
2025-04-24 03:45:00+00:00,483.30665671920605
2025-04-24 04:45:00+00:00,489.6467917777609
2025-04-24 05:45:00+00:00,489.29502246261774
2025-04-24 06:45:00+00:00,489.3774646002688
2025-04-24 07:45:00+00:00,488.8789582901829
2025-04-24 08:45:00+00:00,491.26594597884963
2025-04-24 09:45:00+00:00,491.05279892389416
2025-04-25 03:45:00+00:00,490.5658864806769
2025-04-25 04:45:00+00:00,491.69861632646627
2025-04-25 05:45:00+00:00,488.7982758230768
2025-04-25 06:45:00+00:00,485.7296481449746
2025-04-25 07:45:00+00:00,487.2722144238855
2025-04-25 08:45:00+00:00,487.8028418868492
2025-04-28 03:45:00+00:00,486.9528430259907
2025-04-28 04:45:00+00:00,487.3929505905963
2025-04-28 05:45:00+00:00,489.6969598533211
2025-04-28 06:45:00+00:00,489.0480970622352
2025-04-28 07:45:00+00:00,487.8506706025119
2025-04-28 08:45:00+00:00,489.2468922480204
2025-04-28 09:45:00+00:00,491.82940678236105
2025-04-29 03:45:00+00:00,491.45545571349084
2025-04-29 04:45:00+00:00,487.17292007052436
2025-04-29 05:45:00+00:00,486.29153468694744
2025-04-29 06:45:00+00:00,486.5962267552303
2025-04-29 07:45:00+00:00,487.22651864337905
2025-04-29 08:45:00+00:00,487.98292394405206
2025-04-29 09:45:00+00:00,490.5093416457758
2025-04-30 03:45:00+00:00,487.5167539486425
2025-04-30 04:45:00+00:00,487.6679074548457
2025-04-30 05:45:00+00:00,493.61479724104555
2025-04-30 06:45:00+00:00,489.3787181431714
2025-04-30 07:45:00+00:00,489.41776611645935
2025-04-30 08:45:00+00:00,487.2682366826087
2025-04-30 09:45:00+00:00,491.6369729892275
2025-05-02 03:45:00+00:00,491.2026452519665
2025-05-02 04:45:00+00:00,493.9588677859149
2025-05-02 05:45:00+00:00,492.11146767738984
2025-05-02 06:45:00+00:00,493.3114574653904
2025-05-02 07:45:00+00:00,491.6712097949458
2025-05-02 08:45:00+00:00,495.0777631604909
2025-05-02 09:45:00+00:00,494.7358548026108
2025-05-05 03:45:00+00:00,495.4064686750016
2025-05-05 04:45:00+00:00,496.9244036164116
2025-05-05 05:45:00+00:00,499.09692845111397
2025-05-05 06:45:00+00:00,502.480716206347
2025-05-05 07:45:00+00:00,500.66423782953694
2025-05-05 08:45:00+00:00,503.7345610393614
2025-05-05 09:45:00+00:00,503.19891770432935
2025-05-06 03:45:00+00:00,502.69985364156247
2025-05-06 04:45:00+00:00,502.88387443154903
2025-05-06 05:45:00+00:00,500.1802288367602
2025-05-06 06:45:00+00:00,497.8884113736371
2025-05-06 07:45:00+00:00,496.44629155647567
2025-05-06 08:45:00+00:00,495.6264950730887
2025-05-06 09:45:00+00:00,494.3184425748304
2025-05-07 03:45:00+00:00,494.54511112721093
2025-05-07 04:45:00+00:00,493.216205720533
2025-05-07 05:45:00+00:00,492.5215493689998
2025-05-07 06:45:00+00:00,494.83249583299994
2025-05-07 07:45:00+00:00,496.1638623202226
2025-05-07 08:45:00+00:00,498.33540955074585
2025-05-07 09:45:00+00:00,502.98800073543936
2025-05-08 03:45:00+00:00,503.42074558196083
2025-05-08 04:45:00+00:00,502.59836145751603
2025-05-08 05:45:00+00:00,502.1378509763004
2025-05-08 06:45:00+00:00,501.1869157479633
2025-05-08 07:45:00+00:00,505.0194994434444
2025-05-08 08:45:00+00:00,503.79473509491953
2025-05-08 09:45:00+00:00,505.30490631276075
2025-05-09 03:45:00+00:00,502.72239138643016
2025-05-09 04:45:00+00:00,500.6184881541273
2025-05-09 05:45:00+00:00,499.3400854107519
2025-05-09 06:45:00+00:00,500.6750434771644
2025-05-09 07:45:00+00:00,501.95663695767547
2025-05-09 08:45:00+00:00,501.5613462318166
2025-05-09 09:45:00+00:00,501.3798549863196
2025-05-12 03:45:00+00:00,501.15017447319633
2025-05-12 04:45:00+00:00,502.31870304687686
2025-05-12 05:45:00+00:00,498.9367564021218
2025-05-12 06:45:00+00:00,498.86347864110826
2025-05-12 07:45:00+00:00,501.4680143877439
2025-05-12 08:45:00+00:00,501.9538141456196
2025-05-12 09:45:00+00:00,504.911441007125
2025-05-13 03:45:00+00:00,505.5161368632428
2025-05-13 04:45:00+00:00,505.6139661605112
2025-05-13 05:45:00+00:00,509.88814263819694
2025-05-13 06:45:00+00:00,509.736807175006
2025-05-13 07:45:00+00:00,510.26788848379584
2025-05-13 08:45:00+00:00,511.16637154041587
2025-05-13 09:45:00+00:00,513.7659037791111
2025-05-14 03:45:00+00:00,509.45095766941364
2025-05-14 04:45:00+00:00,508.28825035947983
2025-05-14 05:45:00+00:00,509.8180243113231
2025-05-14 06:45:00+00:00,511.79687423774953
2025-05-14 07:45:00+00:00,515.1445760304665
2025-05-14 08:45:00+00:00,513.9577288615629
2025-05-14 09:45:00+00:00,510.73382527548597
2025-05-15 03:45:00+00:00,508.3447282562337
2025-05-15 04:45:00+00:00,504.65274734282065
2025-05-15 05:45:00+00:00,504.5428396874797
2025-05-15 06:45:00+00:00,502.97848040682914
2025-05-15 07:45:00+00:00,505.4143027268273
2025-05-15 08:45:00+00:00,506.80478347984337
2025-05-15 09:45:00+00:00,502.30358786619377
2025-05-16 03:45:00+00:00,501.68583232761284
2025-05-16 04:45:00+00:00,499.40778065769695
2025-05-16 05:45:00+00:00,497.06194343004694
2025-05-16 06:45:00+00:00,495.40391465296386
2025-05-16 07:45:00+00:00,494.9850916684531
2025-05-16 08:45:00+00:00,492.9039869246401
2025-05-16 09:45:00+00:00,492.6067493602687
2025-05-19 03:45:00+00:00,493.39197331711506
2025-05-19 04:45:00+00:00,495.5260910483124
2025-05-19 05:45:00+00:00,496.2943811720066
2025-05-19 06:45:00+00:00,501.6362062231357
2025-05-19 07:45:00+00:00,501.70922528779687
2025-05-19 08:45:00+00:00,501.53906244624494
2025-05-19 09:45:00+00:00,502.0903130646146
2025-05-20 03:45:00+00:00,499.6368357339614
2025-05-20 04:45:00+00:00,503.7432290836997
2025-05-20 05:45:00+00:00,497.4004099347381
2025-05-20 06:45:00+00:00,494.513624223576
2025-05-20 07:45:00+00:00,489.6927067026478
2025-05-20 08:45:00+00:00,486.28648934601347
2025-05-20 09:45:00+00:00,485.8711766140038
2025-05-21 03:45:00+00:00,486.7726171866163
2025-05-21 04:45:00+00:00,486.6712832782989
2025-05-21 05:45:00+00:00,490.0323095336414
2025-05-21 06:45:00+00:00,487.92729616655254
2025-05-21 07:45:00+00:00,490.64593967751745
2025-05-21 08:45:00+00:00,489.3757542382188
2025-05-21 09:45:00+00:00,492.5093559220929
2025-05-22 03:45:00+00:00,492.88943669394075
2025-05-22 04:45:00+00:00,493.34164592501315
2025-05-22 05:45:00+00:00,493.4951343452883
2025-05-22 06:45:00+00:00,490.64457786320884
2025-05-22 07:45:00+00:00,494.480351792698
2025-05-22 08:45:00+00:00,496.65775261789923
2025-05-22 09:45:00+00:00,498.4028129985199
2025-05-23 03:45:00+00:00,503.6413860050839
2025-05-23 04:45:00+00:00,505.9123478437773
2025-05-23 05:45:00+00:00,504.1634728182985
2025-05-23 06:45:00+00:00,503.91853853124445
2025-05-23 07:45:00+00:00,501.32280936973063
2025-05-23 08:45:00+00:00,499.32431060580666
2025-05-23 09:45:00+00:00,500.7054300226372
2025-05-26 03:45:00+00:00,500.76317229429736
2025-05-26 04:45:00+00:00,500.1837721090954
2025-05-26 05:45:00+00:00,497.4477350615299
2025-05-26 06:45:00+00:00,501.6738428085399
2025-05-26 07:45:00+00:00,499.058809124769
2025-05-26 08:45:00+00:00,494.8606786526878
2025-05-26 09:45:00+00:00,496.9916898130675
2025-05-27 03:45:00+00:00,500.8798214982777
2025-05-27 04:45:00+00:00,502.8963178720541
2025-05-27 05:45:00+00:00,507.25256244096875
2025-05-27 06:45:00+00:00,507.0097059553108
2025-05-27 07:45:00+00:00,509.00734830138754
2025-05-27 08:45:00+00:00,512.8075333109898
2025-05-27 09:45:00+00:00,512.723075476795
2025-05-28 03:45:00+00:00,513.7519002711579
2025-05-28 04:45:00+00:00,510.31748013012947
2025-05-28 05:45:00+00:00,510.237457716279
2025-05-28 06:45:00+00:00,512.0304123517096
2025-05-28 07:45:00+00:00,514.2111131876445
2025-05-28 08:45:00+00:00,515.7124815107765
2025-05-28 09:45:00+00:00,512.5948052997093
2025-05-29 03:45:00+00:00,515.9891924323308
2025-05-29 04:45:00+00:00,515.6410292456837
2025-05-29 05:45:00+00:00,516.5527214346961
2025-05-29 06:45:00+00:00,512.9248083136556
2025-05-29 07:45:00+00:00,509.4084699681299
2025-05-29 08:45:00+00:00,511.21913368721545
2025-05-29 09:45:00+00:00,514.6137668028505
2025-05-30 03:45:00+00:00,518.5177228590782
2025-05-30 04:45:00+00:00,519.286049700419
2025-05-30 05:45:00+00:00,517.269956815117
2025-05-30 06:45:00+00:00,516.3926399276668
2025-05-30 07:45:00+00:00,518.8427610039047
2025-05-30 08:45:00+00:00,519.7041725205837
2025-05-30 09:45:00+00:00,519.749947277231
2025-06-02 03:45:00+00:00,517.7925769283953
2025-06-02 04:45:00+00:00,519.7243099578264
2025-06-02 05:45:00+00:00,517.4719857015328
2025-06-02 06:45:00+00:00,515.4961104437539
2025-06-02 07:45:00+00:00,516.360742303565
2025-06-02 08:45:00+00:00,513.9885328487466
2025-06-02 09:45:00+00:00,512.463227748609
2025-06-03 03:45:00+00:00,514.0082501568888
2025-06-03 04:45:00+00:00,516.1751061212723
2025-06-03 05:45:00+00:00,518.0770199593177
2025-06-03 06:45:00+00:00,518.1181711113237
2025-06-03 07:45:00+00:00,519.3130320636234
2025-06-03 08:45:00+00:00,518.6342351490898
2025-06-04 03:45:00+00:00,519.5569829809122
2025-06-04 04:45:00+00:00,523.0188760373653
2025-06-04 05:45:00+00:00,522.9811746593233
2025-06-04 06:45:00+00:00,521.9408462708296
2025-06-04 07:45:00+00:00,522.069659810783
2025-06-04 08:45:00+00:00,522.8500727087827
2025-06-04 09:45:00+00:00,526.5191289244382
2025-06-05 03:45:00+00:00,528.505207788966
2025-06-05 04:45:00+00:00,525.0324376244761
2025-06-05 05:45:00+00:00,521.2891857713729
2025-06-05 06:45:00+00:00,521.9440721295251
2025-06-05 07:45:00+00:00,521.2535180346423
2025-06-05 08:45:00+00:00,524.6560406376799
2025-06-05 09:45:00+00:00,520.8531425031046
2025-06-06 03:45:00+00:00,521.0815659188014
2025-06-06 04:45:00+00:00,521.6255106496524
2025-06-06 05:45:00+00:00,519.1480588011484
2025-06-06 06:45:00+00:00,522.979957164073
2025-06-06 07:45:00+00:00,522.9703903473749
2025-06-06 08:45:00+00:00,523.7510667120089
2025-06-06 09:45:00+00:00,520.3337627637836
2025-06-09 03:45:00+00:00,522.1378158589694
2025-06-09 04:45:00+00:00,522.9675136172953
2025-06-09 05:45:00+00:00,515.439771178885
2025-06-09 06:45:00+00:00,515.2517945984736
2025-06-09 07:45:00+00:00,516.5758039786684
2025-06-09 08:45:00+00:00,520.7801240296429
2025-06-09 09:45:00+00:00,516.1654131381289
2025-06-10 03:45:00+00:00,516.4641073253144
2025-06-10 04:45:00+00:00,516.5985879401526
2025-06-10 05:45:00+00:00,518.5246894023521
2025-06-10 06:45:00+00:00,517.1459273409195
2025-06-10 07:45:00+00:00,517.3066178768092
2025-06-10 08:45:00+00:00,516.9169356573544
2025-06-10 09:45:00+00:00,515.2945297417951
2025-06-11 03:45:00+00:00,515.9788493102714
2025-06-11 04:45:00+00:00,514.6715938564433
2025-06-11 05:45:00+00:00,512.4321928690188
2025-06-11 06:45:00+00:00,512.365931461353
2025-06-11 07:45:00+00:00,513.5270915883301
2025-06-11 08:45:00+00:00,511.4790662305209
2025-06-11 09:45:00+00:00,513.3919108373607
2025-06-12 03:45:00+00:00,512.6763769500579
2025-06-12 04:45:00+00:00,513.8013827145193
2025-06-12 05:45:00+00:00,516.0087683173449
2025-06-12 06:45:00+00:00,514.1926019092157
2025-06-12 07:45:00+00:00,515.8548841608668
2025-06-12 08:45:00+00:00,511.2237929094612
2025-06-12 09:45:00+00:00,511.28567618287207
2025-06-13 03:45:00+00:00,508.51181883958014
2025-06-13 04:45:00+00:00,509.7022876400713
2025-06-13 05:45:00+00:00,510.6679336922724
2025-06-13 06:45:00+00:00,511.34634685085734
2025-06-13 07:45:00+00:00,508.4168797278294
2025-06-13 08:45:00+00:00,510.72576039169314
2025-06-13 09:45:00+00:00,508.1058362549246
2025-06-16 03:45:00+00:00,510.21389236069115
2025-06-16 04:45:00+00:00,509.04124395819804
2025-06-16 05:45:00+00:00,509.8376847431767
2025-06-16 06:45:00+00:00,510.07394404846684
2025-06-16 07:45:00+00:00,503.37232142181404
2025-06-16 08:45:00+00:00,505.48003409707536
2025-06-16 09:45:00+00:00,504.34235878406304
2025-06-17 03:45:00+00:00,499.43220141967697
2025-06-17 04:45:00+00:00,498.68061552263805
2025-06-17 05:45:00+00:00,499.5367284357159
2025-06-17 06:45:00+00:00,502.3102004692836
2025-06-17 07:45:00+00:00,498.53140872139704
2025-06-17 08:45:00+00:00,496.677141763678
2025-06-17 09:45:00+00:00,498.9324470408998
2025-06-18 03:45:00+00:00,496.08037776716037
2025-06-18 04:45:00+00:00,494.1463786415141
2025-06-18 05:45:00+00:00,496.0875320560043
2025-06-18 06:45:00+00:00,499.19856896025954
2025-06-18 07:45:00+00:00,498.79952242616844
2025-06-18 08:45:00+00:00,498.91401337631993
2025-06-18 09:45:00+00:00,501.09788449644384
2025-06-19 03:45:00+00:00,499.55927049452004
2025-06-19 04:45:00+00:00,497.5499984350573
2025-06-19 05:45:00+00:00,496.71817632487006
2025-06-19 06:45:00+00:00,501.46529276028815
2025-06-19 07:45:00+00:00,506.33574838266753
2025-06-19 08:45:00+00:00,505.69201489738015
2025-06-19 09:45:00+00:00,508.1755918614872
2025-06-20 03:45:00+00:00,508.74176484603424
2025-06-20 04:45:00+00:00,507.0181829675485
2025-06-20 05:45:00+00:00,506.94817835822045
2025-06-20 06:45:00+00:00,507.7700017567802
2025-06-20 07:45:00+00:00,510.6663445847627
2025-06-20 08:45:00+00:00,506.08053964863365
2025-06-20 09:45:00+00:00,506.6070009976739
2025-06-23 03:45:00+00:00,506.3032509153593
2025-06-23 04:45:00+00:00,509.49847883435547
2025-06-23 05:45:00+00:00,512.3116435216733
2025-06-23 06:45:00+00:00,509.74187751242135
2025-06-23 07:45:00+00:00,508.3332827696995
2025-06-23 08:45:00+00:00,509.2386034455263
2025-06-23 09:45:00+00:00,511.68977738805455
2025-06-24 03:45:00+00:00,511.32766216542115
2025-06-24 04:45:00+00:00,513.2778653122336
2025-06-24 05:45:00+00:00,514.1148918017631
2025-06-24 06:45:00+00:00,517.4890890122697
2025-06-24 07:45:00+00:00,516.8051601819129
2025-06-24 08:45:00+00:00,513.4979353954549
2025-06-24 09:45:00+00:00,514.87335045476
2025-06-25 03:45:00+00:00,517.7879704439894
2025-06-25 04:45:00+00:00,517.6575598775656
2025-06-25 05:45:00+00:00,521.4499229274116
2025-06-25 06:45:00+00:00,519.911002003472
2025-06-25 07:45:00+00:00,516.2534927164513
2025-06-25 08:45:00+00:00,514.3864379179663
2025-06-25 09:45:00+00:00,512.5494640556137
2025-06-26 03:45:00+00:00,512.3540833888602
2025-06-26 04:45:00+00:00,508.7734023145753
2025-06-26 05:45:00+00:00,508.1631787843831
2025-06-26 06:45:00+00:00,509.2809358606917
2025-06-26 07:45:00+00:00,512.0677843170407
2025-06-26 08:45:00+00:00,511.7435627894402
2025-06-26 09:45:00+00:00,511.2932438528424
2025-06-27 03:45:00+00:00,511.8834116267543
2025-06-27 04:45:00+00:00,513.3666612696136
2025-06-27 05:45:00+00:00,513.2015012642033
2025-06-27 06:45:00+00:00,514.2236979758
2025-06-27 07:45:00+00:00,504.21380127298056
2025-06-27 08:45:00+00:00,500.89501908465974
2025-06-27 09:45:00+00:00,501.9987086384322
2025-06-30 03:45:00+00:00,498.9610251944821
2025-06-30 04:45:00+00:00,501.66422077830913
2025-06-30 05:45:00+00:00,499.2506711003356
2025-06-30 06:45:00+00:00,498.9755366174117
2025-06-30 07:45:00+00:00,501.47994025511434
2025-06-30 08:45:00+00:00,503.5048555387911
2025-06-30 09:45:00+00:00,504.2587138699391
2025-07-01 03:45:00+00:00,504.9217541963919
2025-07-01 04:45:00+00:00,503.8354233705426
2025-07-01 05:45:00+00:00,500.0586739606463
2025-07-01 06:45:00+00:00,498.2030312939342
2025-07-01 07:45:00+00:00,498.86762191336703
2025-07-01 08:45:00+00:00,497.41455736845353
2025-07-01 09:45:00+00:00,499.11645080545463
2025-07-02 03:45:00+00:00,503.1748889962113
2025-07-02 04:45:00+00:00,500.7119115864962
2025-07-02 05:45:00+00:00,498.7129337750121
2025-07-02 06:45:00+00:00,497.26726098424274
2025-07-02 07:45:00+00:00,502.00508411797637
2025-07-02 08:45:00+00:00,502.5627453417777
2025-07-02 09:45:00+00:00,503.48709019299224
2025-07-03 03:45:00+00:00,508.6080604405309
2025-07-03 04:45:00+00:00,509.0253191735619
2025-07-03 05:45:00+00:00,508.6150249516086
2025-07-03 06:45:00+00:00,512.0071684862415
2025-07-03 07:45:00+00:00,514.8777358501172
2025-07-03 08:45:00+00:00,520.6143544174191
2025-07-03 09:45:00+00:00,521.4554091532142
2025-07-04 03:45:00+00:00,521.1208091721694
2025-07-04 04:45:00+00:00,525.8536864138246
2025-07-04 05:45:00+00:00,525.3547410101168
2025-07-04 06:45:00+00:00,523.9961990311778
2025-07-04 07:45:00+00:00,526.6046864223794
2025-07-04 08:45:00+00:00,521.847930269503
2025-07-04 09:45:00+00:00,514.913304253656
2025-07-07 03:45:00+00:00,513.6213458349407
2025-07-07 04:45:00+00:00,516.5235565158981
2025-07-07 05:45:00+00:00,514.4707962644884
2025-07-07 06:45:00+00:00,513.2197067820305
2025-07-07 07:45:00+00:00,513.0965579335218
2025-07-07 08:45:00+00:00,511.1517195677808
2025-07-07 09:45:00+00:00,510.60149095218014
2025-07-08 03:45:00+00:00,512.6063694293243
2025-07-08 04:45:00+00:00,512.7865982211545
2025-07-08 05:45:00+00:00,514.0759389674056
2025-07-08 06:45:00+00:00,514.8032785201657
2025-07-08 07:45:00+00:00,509.78228388682186
2025-07-08 08:45:00+00:00,509.48380169968823
2025-07-08 09:45:00+00:00,511.0739295100203
2025-07-09 03:45:00+00:00,511.4248859150004
2025-07-09 04:45:00+00:00,510.4212319643907
2025-07-09 05:45:00+00:00,516.936311511621
2025-07-09 06:45:00+00:00,517.3069320938986
2025-07-09 07:45:00+00:00,519.4940770383012
2025-07-09 08:45:00+00:00,519.5814798385364
2025-07-09 09:45:00+00:00,518.446890903253
2025-07-10 03:45:00+00:00,516.7400442482383
2025-07-10 04:45:00+00:00,515.3708225047685
2025-07-10 05:45:00+00:00,516.909795651893
2025-07-10 06:45:00+00:00,518.3379872338926
2025-07-10 07:45:00+00:00,525.7130576138193
2025-07-10 08:45:00+00:00,527.918618412354
2025-07-10 09:45:00+00:00,525.497175817414
2025-07-11 03:45:00+00:00,527.1882609157133
2025-07-11 04:45:00+00:00,522.5242549521012
2025-07-11 05:45:00+00:00,519.3136247370508
2025-07-11 06:45:00+00:00,517.911428893276
2025-07-11 07:45:00+00:00,519.492705874755
2025-07-11 08:45:00+00:00,518.1879353165672
2025-07-11 09:45:00+00:00,516.3468663281732
