Datetime,Close
2023-07-14 04:45:00+00:00,265.00266609601726
2023-07-14 05:45:00+00:00,265.6244735597117
2023-07-14 06:45:00+00:00,263.88039786349816
2023-07-14 07:45:00+00:00,263.9379201483334
2023-07-14 08:45:00+00:00,264.7734957251468
2023-07-14 09:45:00+00:00,264.30492533931323
2023-07-17 03:45:00+00:00,264.49430312494394
2023-07-17 04:45:00+00:00,262.53011084928227
2023-07-17 05:45:00+00:00,260.24877283968095
2023-07-17 06:45:00+00:00,257.6200791820189
2023-07-17 07:45:00+00:00,258.1061068841739
2023-07-17 08:45:00+00:00,258.78365085821406
2023-07-17 09:45:00+00:00,256.3981411992688
2023-07-18 03:45:00+00:00,258.333544469479
2023-07-18 04:45:00+00:00,259.4279106411621
2023-07-18 05:45:00+00:00,258.8501818925511
2023-07-18 06:45:00+00:00,259.52139652617194
2023-07-18 07:45:00+00:00,260.40603143530444
2023-07-18 08:45:00+00:00,261.5490009633598
2023-07-18 09:45:00+00:00,260.9410650571158
2023-07-19 03:45:00+00:00,261.9032752086757
2023-07-19 04:45:00+00:00,262.4931406831315
2023-07-19 05:45:00+00:00,262.38788993375334
2023-07-19 06:45:00+00:00,260.5528753211024
2023-07-19 07:45:00+00:00,259.4666530381135
2023-07-19 08:45:00+00:00,258.3153394166939
2023-07-19 09:45:00+00:00,260.5671569628909
2023-07-20 03:45:00+00:00,260.7826673204385
2023-07-20 04:45:00+00:00,260.4230820363035
2023-07-20 05:45:00+00:00,260.9435731669077
2023-07-20 06:45:00+00:00,261.20420775310487
2023-07-20 07:45:00+00:00,260.8660751785968
2023-07-20 08:45:00+00:00,258.5807697371479
2023-07-20 09:45:00+00:00,259.10199847025933
2023-07-21 03:45:00+00:00,259.4299716675077
2023-07-21 04:45:00+00:00,260.18976544032404
2023-07-21 05:45:00+00:00,259.4980111412886
2023-07-21 06:45:00+00:00,261.03264358424065
2023-07-21 07:45:00+00:00,261.2212687333531
2023-07-21 08:45:00+00:00,263.412408319247
2023-07-21 09:45:00+00:00,265.95130591626497
2023-07-24 03:45:00+00:00,265.89166088268405
2023-07-24 04:45:00+00:00,266.890721307309
2023-07-24 05:45:00+00:00,266.3829976501767
2023-07-24 06:45:00+00:00,266.391122649626
2023-07-24 07:45:00+00:00,266.9570742332309
2023-07-24 08:45:00+00:00,266.485126101833
2023-07-24 09:45:00+00:00,266.61817763572617
2023-07-25 03:45:00+00:00,266.8352581760059
2023-07-25 04:45:00+00:00,265.58837946376383
2023-07-25 05:45:00+00:00,264.5262211716837
2023-07-25 06:45:00+00:00,264.15641484632465
2023-07-25 07:45:00+00:00,264.07338546438336
2023-07-25 08:45:00+00:00,264.4643809708425
2023-07-25 09:45:00+00:00,263.80464529158326
2023-07-26 03:45:00+00:00,261.71824138526455
2023-07-26 04:45:00+00:00,261.97272676613363
2023-07-26 05:45:00+00:00,261.3017530052008
2023-07-26 06:45:00+00:00,262.40744733299124
2023-07-26 07:45:00+00:00,261.9115184896438
2023-07-26 08:45:00+00:00,262.1445286979765
2023-07-26 09:45:00+00:00,261.05305601326023
2023-07-27 03:45:00+00:00,259.1898672873766
2023-07-27 04:45:00+00:00,257.24950208074154
2023-07-27 05:45:00+00:00,258.8608800456982
2023-07-27 06:45:00+00:00,258.6494521333226
2023-07-27 07:45:00+00:00,260.4322117462434
2023-07-27 08:45:00+00:00,260.1667860541071
2023-07-27 09:45:00+00:00,260.46554846272426
2023-07-28 03:45:00+00:00,258.9743463872512
2023-07-28 04:45:00+00:00,257.89924989727393
2023-07-28 05:45:00+00:00,257.84232537279235
2023-07-28 06:45:00+00:00,258.35563380448133
2023-07-28 07:45:00+00:00,259.0141310445269
2023-07-28 08:45:00+00:00,259.99584985494124
2023-07-28 09:45:00+00:00,260.1815207179062
2023-07-31 03:45:00+00:00,260.6520959105557
2023-07-31 04:45:00+00:00,259.10869229061746
2023-07-31 05:45:00+00:00,259.2730493871487
2023-07-31 06:45:00+00:00,259.34973777290014
2023-07-31 07:45:00+00:00,261.32414570524776
2023-07-31 08:45:00+00:00,260.17631683070454
2023-07-31 09:45:00+00:00,259.36971095130315
2023-08-01 03:45:00+00:00,259.34637651912465
2023-08-01 04:45:00+00:00,260.740084414288
2023-08-01 05:45:00+00:00,261.12971584958007
2023-08-01 06:45:00+00:00,262.47503508168023
2023-08-01 07:45:00+00:00,261.8929291580859
2023-08-01 08:45:00+00:00,261.0487242011408
2023-08-01 09:45:00+00:00,261.5467847055666
2023-08-02 03:45:00+00:00,262.14047525205405
2023-08-02 04:45:00+00:00,263.3391970754258
2023-08-02 05:45:00+00:00,263.7885659947717
2023-08-02 06:45:00+00:00,263.417151419513
2023-08-02 07:45:00+00:00,265.00138600507535
2023-08-02 08:45:00+00:00,264.99343976204824
2023-08-02 09:45:00+00:00,263.0378963696395
2023-08-03 03:45:00+00:00,261.282295319464
2023-08-03 04:45:00+00:00,259.438457125673
2023-08-03 05:45:00+00:00,258.17150198561575
2023-08-03 06:45:00+00:00,256.66641799544647
2023-08-03 07:45:00+00:00,256.36581647990283
2023-08-03 08:45:00+00:00,255.6613570809281
2023-08-03 09:45:00+00:00,255.51501611154373
2023-08-04 03:45:00+00:00,254.1434984679847
2023-08-04 04:45:00+00:00,254.58588331275882
2023-08-04 05:45:00+00:00,255.18027138554498
2023-08-04 06:45:00+00:00,256.3743747786272
2023-08-04 07:45:00+00:00,257.29901135491997
2023-08-04 08:45:00+00:00,257.9767363132551
2023-08-04 09:45:00+00:00,256.28959930935787
2023-08-07 03:45:00+00:00,257.02450683623
2023-08-07 04:45:00+00:00,257.14102992783216
2023-08-07 05:45:00+00:00,256.7269283135996
2023-08-07 06:45:00+00:00,256.57297522249183
2023-08-07 07:45:00+00:00,255.77080992631116
2023-08-07 08:45:00+00:00,256.23555807080754
2023-08-07 09:45:00+00:00,255.29197653533646
2023-08-08 03:45:00+00:00,256.4312530375037
2023-08-08 04:45:00+00:00,256.7559977415301
2023-08-08 05:45:00+00:00,256.986288032491
2023-08-08 06:45:00+00:00,257.14949840991176
2023-08-08 07:45:00+00:00,258.0397976943815
2023-08-08 08:45:00+00:00,257.9757434821716
2023-08-08 09:45:00+00:00,259.19831267882023
2023-08-09 03:45:00+00:00,260.4691409762514
2023-08-09 04:45:00+00:00,260.8805695739435
2023-08-09 05:45:00+00:00,259.9894224915151
2023-08-09 06:45:00+00:00,259.56331141586924
2023-08-09 07:45:00+00:00,260.7658245519195
2023-08-09 08:45:00+00:00,262.0266509995237
2023-08-09 09:45:00+00:00,265.69199190460495
2023-08-10 03:45:00+00:00,265.3237124579334
2023-08-10 04:45:00+00:00,265.3876699737903
2023-08-10 05:45:00+00:00,266.4852709268772
2023-08-10 06:45:00+00:00,265.9837274411829
2023-08-10 07:45:00+00:00,266.5893357895063
2023-08-10 08:45:00+00:00,267.7429816488248
2023-08-10 09:45:00+00:00,268.35753743271067
2023-08-11 03:45:00+00:00,269.69519057060785
2023-08-11 04:45:00+00:00,267.46593998626196
2023-08-11 05:45:00+00:00,268.03851075772
2023-08-11 06:45:00+00:00,268.57852733406037
2023-08-11 07:45:00+00:00,268.8570279431903
2023-08-11 08:45:00+00:00,267.32760974167104
2023-08-11 09:45:00+00:00,266.94309606740063
2023-08-14 03:45:00+00:00,265.44852255267256
2023-08-14 04:45:00+00:00,263.93859418928855
2023-08-14 05:45:00+00:00,264.7056718405072
2023-08-14 06:45:00+00:00,265.0012594560242
2023-08-14 07:45:00+00:00,267.32627004818283
2023-08-14 08:45:00+00:00,267.5570686792012
2023-08-14 09:45:00+00:00,270.134068037145
2023-08-16 03:45:00+00:00,271.5856144129172
2023-08-16 04:45:00+00:00,272.74656347297383
2023-08-16 05:45:00+00:00,273.8872193890023
2023-08-16 06:45:00+00:00,271.84498329052747
2023-08-16 07:45:00+00:00,272.5533044905414
2023-08-16 08:45:00+00:00,273.14997734623165
2023-08-16 09:45:00+00:00,272.0501334082023
2023-08-17 03:45:00+00:00,271.2459443887105
2023-08-17 04:45:00+00:00,269.5958800979446
2023-08-17 05:45:00+00:00,266.1024141085933
2023-08-17 06:45:00+00:00,266.98584602167796
2023-08-17 07:45:00+00:00,268.2142924366021
2023-08-17 08:45:00+00:00,268.6054406171251
2023-08-17 09:45:00+00:00,271.3140624056317
2023-08-18 03:45:00+00:00,268.86036601371865
2023-08-18 04:45:00+00:00,269.75080952521466
2023-08-18 05:45:00+00:00,268.5550201616809
2023-08-18 06:45:00+00:00,268.7792570660573
2023-08-18 07:45:00+00:00,269.95828653942255
2023-08-18 08:45:00+00:00,270.30649788858784
2023-08-18 09:45:00+00:00,270.2727204455195
2023-08-21 03:45:00+00:00,271.42665176497917
2023-08-21 04:45:00+00:00,272.15125062670813
2023-08-21 05:45:00+00:00,271.69070289428566
2023-08-21 06:45:00+00:00,272.7544958260384
2023-08-21 07:45:00+00:00,274.474356247079
2023-08-21 08:45:00+00:00,275.90406544188767
2023-08-21 09:45:00+00:00,277.005013686738
2023-08-22 03:45:00+00:00,279.1718140521534
2023-08-22 04:45:00+00:00,279.2845092375155
2023-08-22 05:45:00+00:00,277.6205244623643
2023-08-22 06:45:00+00:00,274.3315894504616
2023-08-22 07:45:00+00:00,275.22209997525573
2023-08-22 08:45:00+00:00,275.37497445372776
2023-08-22 09:45:00+00:00,273.33846330791806
2023-08-23 03:45:00+00:00,273.756526374302
2023-08-23 04:45:00+00:00,274.4350516799849
2023-08-23 05:45:00+00:00,273.5641817349834
2023-08-23 06:45:00+00:00,275.2540555896002
2023-08-23 07:45:00+00:00,273.94969585606043
2023-08-23 08:45:00+00:00,275.2363886903981
2023-08-23 09:45:00+00:00,275.3506471002622
2023-08-24 03:45:00+00:00,274.5824343923094
2023-08-24 04:45:00+00:00,274.3380367650681
2023-08-24 05:45:00+00:00,276.12038392699463
2023-08-24 06:45:00+00:00,275.4068988283861
2023-08-24 07:45:00+00:00,275.342071796123
2023-08-24 08:45:00+00:00,275.62533406720036
2023-08-24 09:45:00+00:00,275.3090093001858
2023-08-25 03:45:00+00:00,275.52472124807343
2023-08-25 04:45:00+00:00,275.58103097245436
2023-08-25 05:45:00+00:00,275.9403191014923
2023-08-25 06:45:00+00:00,277.0378470854845
2023-08-25 07:45:00+00:00,275.74701152509544
2023-08-25 08:45:00+00:00,276.2047246768481
2023-08-25 09:45:00+00:00,277.3667054303062
2023-08-28 03:45:00+00:00,277.39302111113415
2023-08-28 04:45:00+00:00,279.5338025975711
2023-08-28 05:45:00+00:00,279.37885336374586
2023-08-28 06:45:00+00:00,281.63554848300714
2023-08-28 07:45:00+00:00,283.0444171140517
2023-08-28 08:45:00+00:00,287.0178046136121
2023-08-28 09:45:00+00:00,288.20663825394496
2023-08-29 03:45:00+00:00,289.52672688692826
2023-08-29 04:45:00+00:00,290.4665759887025
2023-08-29 05:45:00+00:00,290.8313529466561
2023-08-29 06:45:00+00:00,291.446707256498
2023-08-29 07:45:00+00:00,291.34301215293965
2023-08-29 08:45:00+00:00,287.9012155898644
2023-08-29 09:45:00+00:00,288.52392190248037
2023-08-30 03:45:00+00:00,287.1032646809058
2023-08-30 04:45:00+00:00,288.85375287761303
2023-08-30 05:45:00+00:00,286.27415185535205
2023-08-30 06:45:00+00:00,285.9832345228504
2023-08-30 07:45:00+00:00,287.05583020699964
2023-08-30 08:45:00+00:00,287.84959812076625
2023-08-30 09:45:00+00:00,286.83223446313536
2023-08-31 03:45:00+00:00,288.1345614106266
2023-08-31 04:45:00+00:00,289.67253071062316
2023-08-31 05:45:00+00:00,290.3093025084598
2023-08-31 06:45:00+00:00,289.0679668410472
2023-08-31 07:45:00+00:00,291.39685390171644
2023-08-31 08:45:00+00:00,289.2268494612259
2023-08-31 09:45:00+00:00,289.2250754586168
2023-09-01 03:45:00+00:00,289.6262414771497
2023-09-01 04:45:00+00:00,290.4257833652991
2023-09-01 05:45:00+00:00,290.64393861283816
2023-09-01 06:45:00+00:00,291.5886216636937
2023-09-01 07:45:00+00:00,290.87345275520255
2023-09-01 08:45:00+00:00,290.8240488470778
2023-09-01 09:45:00+00:00,289.6894065517069
2023-09-04 03:45:00+00:00,286.93574334610435
2023-09-04 04:45:00+00:00,285.813720067377
2023-09-04 05:45:00+00:00,286.21948165991455
2023-09-04 06:45:00+00:00,286.02943739856994
2023-09-04 07:45:00+00:00,287.2793936786641
2023-09-04 08:45:00+00:00,288.7195958490365
2023-09-04 09:45:00+00:00,288.5804780078916
2023-09-05 03:45:00+00:00,287.3842652854302
2023-09-05 04:45:00+00:00,284.76321278405595
2023-09-05 05:45:00+00:00,283.9007812752232
2023-09-05 06:45:00+00:00,283.6469678425556
2023-09-05 07:45:00+00:00,282.2988376586255
2023-09-05 08:45:00+00:00,281.9563432034771
2023-09-05 09:45:00+00:00,283.59500629650586
2023-09-06 03:45:00+00:00,284.529704225423
2023-09-06 04:45:00+00:00,283.93506064478464
2023-09-06 05:45:00+00:00,283.30230215630377
2023-09-06 06:45:00+00:00,281.9322496401867
2023-09-06 07:45:00+00:00,282.55713595692373
2023-09-06 08:45:00+00:00,283.5916379239979
2023-09-06 09:45:00+00:00,282.45749698674354
2023-09-07 03:45:00+00:00,282.91678191136964
2023-09-07 04:45:00+00:00,283.5119380235257
2023-09-07 05:45:00+00:00,283.80410303749665
2023-09-07 06:45:00+00:00,280.2956433056107
2023-09-07 07:45:00+00:00,280.2841902931013
2023-09-07 08:45:00+00:00,280.414419638508
2023-09-07 09:45:00+00:00,279.8390877991208
2023-09-08 03:45:00+00:00,280.44205465971544
2023-09-08 04:45:00+00:00,281.43739017681503
2023-09-08 05:45:00+00:00,280.2751048006117
2023-09-08 06:45:00+00:00,280.3462644602148
2023-09-08 07:45:00+00:00,281.186909632125
2023-09-08 08:45:00+00:00,278.3887207302213
2023-09-08 09:45:00+00:00,276.5290920217179
2023-09-11 03:45:00+00:00,277.70931042259315
2023-09-11 04:45:00+00:00,276.6373573699933
2023-09-11 05:45:00+00:00,274.6662594932814
2023-09-11 06:45:00+00:00,273.51173094244706
2023-09-11 07:45:00+00:00,273.2516874499239
2023-09-11 08:45:00+00:00,273.5118552405713
2023-09-11 09:45:00+00:00,273.5304589422528
2023-09-12 03:45:00+00:00,271.47551115155807
2023-09-12 04:45:00+00:00,271.81278062582174
2023-09-12 05:45:00+00:00,269.66773169463124
2023-09-12 06:45:00+00:00,269.4225118024958
2023-09-12 07:45:00+00:00,270.69381374419476
2023-09-12 08:45:00+00:00,271.97503068758533
2023-09-12 09:45:00+00:00,271.1029681557349
2023-09-13 03:45:00+00:00,270.90008604419336
2023-09-13 04:45:00+00:00,268.28211658512424
2023-09-13 05:45:00+00:00,268.55844572794103
2023-09-13 06:45:00+00:00,270.0696041619473
2023-09-13 07:45:00+00:00,267.8321661065538
2023-09-13 08:45:00+00:00,267.16891139641825
2023-09-13 09:45:00+00:00,266.8678440842999
2023-09-14 03:45:00+00:00,267.8162828998358
2023-09-14 04:45:00+00:00,267.976135355526
2023-09-14 05:45:00+00:00,268.97062634400817
2023-09-14 06:45:00+00:00,268.2868499841235
2023-09-14 07:45:00+00:00,268.4667712858908
2023-09-14 08:45:00+00:00,269.11964640812727
2023-09-14 09:45:00+00:00,267.4677963989785
2023-09-15 03:45:00+00:00,266.3466789613836
2023-09-15 04:45:00+00:00,268.23528984031674
2023-09-15 05:45:00+00:00,270.2953938836452
2023-09-15 06:45:00+00:00,270.07873240510844
2023-09-15 07:45:00+00:00,269.64099418136635
2023-09-15 08:45:00+00:00,270.03883046589925
2023-09-15 09:45:00+00:00,270.0156167760535
2023-09-18 03:45:00+00:00,270.42158167848186
2023-09-18 04:45:00+00:00,271.7068242791774
2023-09-18 05:45:00+00:00,270.7397785119923
2023-09-18 06:45:00+00:00,269.83822738934055
2023-09-18 07:45:00+00:00,269.69466936191714
2023-09-18 08:45:00+00:00,268.2968756392756
2023-09-18 09:45:00+00:00,270.3229942391414
2023-09-20 03:45:00+00:00,270.40215646559966
2023-09-20 04:45:00+00:00,271.0161432946405
2023-09-20 05:45:00+00:00,271.3702497969335
2023-09-20 06:45:00+00:00,273.2739461458141
2023-09-20 07:45:00+00:00,269.30750840897315
2023-09-20 08:45:00+00:00,268.2565113720342
2023-09-20 09:45:00+00:00,269.2691288264075
2023-09-21 03:45:00+00:00,267.52894210879055
2023-09-21 04:45:00+00:00,266.6957301433712
2023-09-21 05:45:00+00:00,267.2817847112907
2023-09-21 06:45:00+00:00,267.7671513878103
2023-09-21 07:45:00+00:00,267.7171290160324
2023-09-21 08:45:00+00:00,267.53451845869927
2023-09-21 09:45:00+00:00,267.09115164484234
2023-09-22 03:45:00+00:00,268.098558425336
2023-09-22 04:45:00+00:00,267.93341337442996
2023-09-22 05:45:00+00:00,268.0803597094766
2023-09-22 06:45:00+00:00,269.44895362113226
2023-09-22 07:45:00+00:00,270.3886808794664
2023-09-22 08:45:00+00:00,268.9794770776785
2023-09-22 09:45:00+00:00,268.41808418306977
2023-09-25 03:45:00+00:00,266.56918577086
2023-09-25 04:45:00+00:00,269.2371173974433
2023-09-25 05:45:00+00:00,269.29058942639153
2023-09-25 06:45:00+00:00,270.3662528048796
2023-09-25 07:45:00+00:00,268.99409022025515
2023-09-25 08:45:00+00:00,270.54810349774755
2023-09-25 09:45:00+00:00,271.6368647486903
2023-09-26 03:45:00+00:00,271.4078922805849
2023-09-26 04:45:00+00:00,268.5109413799051
2023-09-26 05:45:00+00:00,268.54194569159176
2023-09-26 06:45:00+00:00,268.3222705325729
2023-09-26 07:45:00+00:00,269.61568974264753
2023-09-26 08:45:00+00:00,269.60050807066244
2023-09-26 09:45:00+00:00,270.25304256223893
2023-09-27 03:45:00+00:00,271.1528417385421
2023-09-27 04:45:00+00:00,272.1650524551443
2023-09-27 05:45:00+00:00,271.4889773671763
2023-09-27 06:45:00+00:00,271.331523411
2023-09-27 07:45:00+00:00,271.83866519111376
2023-09-27 08:45:00+00:00,270.31761272735577
2023-09-28 03:45:00+00:00,268.98470606916516
2023-09-28 04:45:00+00:00,270.1958301289286
2023-09-28 05:45:00+00:00,270.7324187613154
2023-09-28 06:45:00+00:00,269.51091800479384
2023-09-28 07:45:00+00:00,270.63140622679333
2023-09-28 08:45:00+00:00,270.4135275048967
2023-09-28 09:45:00+00:00,270.20203801048586
2023-09-29 03:45:00+00:00,270.3679369382629
2023-09-29 04:45:00+00:00,272.6933675030811
2023-09-29 05:45:00+00:00,273.4675375320865
2023-09-29 06:45:00+00:00,273.1047705196954
2023-09-29 07:45:00+00:00,272.9321932725228
2023-09-29 08:45:00+00:00,274.78522056645596
2023-09-29 09:45:00+00:00,275.5898280664734
2023-10-03 03:45:00+00:00,273.8680927617105
2023-10-03 04:45:00+00:00,276.72355742816615
2023-10-03 05:45:00+00:00,279.2423341039787
2023-10-03 06:45:00+00:00,277.83486484601974
2023-10-03 07:45:00+00:00,276.6462710609651
2023-10-03 08:45:00+00:00,277.9691648902167
2023-10-03 09:45:00+00:00,278.5125270517834
2023-10-04 03:45:00+00:00,279.07497114909177
2023-10-04 04:45:00+00:00,280.5251580727895
2023-10-04 05:45:00+00:00,279.7206222254481
2023-10-04 06:45:00+00:00,279.55395178972356
2023-10-04 07:45:00+00:00,280.96688894182165
2023-10-04 08:45:00+00:00,283.65862888801666
2023-10-04 09:45:00+00:00,283.8428453144428
2023-10-05 03:45:00+00:00,283.59360950071056
2023-10-05 04:45:00+00:00,284.9171021490333
2023-10-05 05:45:00+00:00,284.10096014419986
2023-10-05 06:45:00+00:00,284.84126515381695
2023-10-05 07:45:00+00:00,283.21915295942557
2023-10-05 08:45:00+00:00,285.4869156544808
2023-10-05 09:45:00+00:00,288.22797665007863
2023-10-06 03:45:00+00:00,288.2345086708795
2023-10-06 04:45:00+00:00,288.74663896823057
2023-10-06 05:45:00+00:00,287.2151523634702
2023-10-06 06:45:00+00:00,285.3939344667299
2023-10-06 07:45:00+00:00,287.7441645649424
2023-10-06 08:45:00+00:00,287.06547905496296
2023-10-06 09:45:00+00:00,286.7311709161014
2023-10-09 03:45:00+00:00,287.30241328809024
2023-10-09 04:45:00+00:00,288.7820634432469
2023-10-09 05:45:00+00:00,286.3141852272881
2023-10-09 06:45:00+00:00,286.8958556423617
2023-10-09 07:45:00+00:00,285.6647224398963
2023-10-09 08:45:00+00:00,283.89109049656184
2023-10-09 09:45:00+00:00,285.65422621790566
2023-10-10 03:45:00+00:00,284.91345611593846
2023-10-10 04:45:00+00:00,286.5381372450659
2023-10-10 05:45:00+00:00,286.507727631223
2023-10-10 06:45:00+00:00,285.11294665048655
2023-10-10 07:45:00+00:00,283.28307166081925
2023-10-10 08:45:00+00:00,284.64012958092616
2023-10-10 09:45:00+00:00,284.13684946607503
2023-10-11 03:45:00+00:00,283.29077750614425
2023-10-11 04:45:00+00:00,284.4268109186851
2023-10-11 05:45:00+00:00,285.30469570770106
2023-10-11 06:45:00+00:00,283.12793006152043
2023-10-11 07:45:00+00:00,282.9579482260652
2023-10-11 08:45:00+00:00,285.5794470648019
2023-10-11 09:45:00+00:00,286.19122636423805
2023-10-12 03:45:00+00:00,289.87115859470816
2023-10-12 04:45:00+00:00,287.694736723537
2023-10-12 05:45:00+00:00,289.91181177096917
2023-10-12 06:45:00+00:00,292.01102694043755
2023-10-12 07:45:00+00:00,295.5165769392858
2023-10-12 08:45:00+00:00,296.3688672517962
2023-10-12 09:45:00+00:00,294.7756239534778
2023-10-13 03:45:00+00:00,294.9706905748961
2023-10-13 04:45:00+00:00,296.20779374889975
2023-10-13 05:45:00+00:00,297.09018624954325
2023-10-13 06:45:00+00:00,297.39678869664834
2023-10-13 07:45:00+00:00,295.837181174845
2023-10-13 08:45:00+00:00,294.56098662311905
2023-10-13 09:45:00+00:00,296.74367065249373
2023-10-16 03:45:00+00:00,296.6094338342069
2023-10-16 04:45:00+00:00,296.16867073114463
2023-10-16 05:45:00+00:00,295.30380922223793
2023-10-16 06:45:00+00:00,293.68395755033197
2023-10-16 07:45:00+00:00,292.97300971026107
2023-10-16 08:45:00+00:00,291.848669274843
2023-10-16 09:45:00+00:00,293.5072294001208
2023-10-17 03:45:00+00:00,291.72137562398905
2023-10-17 04:45:00+00:00,293.2554605116373
2023-10-17 05:45:00+00:00,298.2998669835978
2023-10-17 06:45:00+00:00,297.6073367933433
2023-10-17 07:45:00+00:00,295.2461031439776
2023-10-17 08:45:00+00:00,295.962746847509
2023-10-17 09:45:00+00:00,299.54218337855946
2023-10-18 03:45:00+00:00,300.1378941613238
2023-10-18 04:45:00+00:00,299.81971597076495
2023-10-18 05:45:00+00:00,299.2243301621006
2023-10-18 06:45:00+00:00,300.65106864143394
2023-10-18 07:45:00+00:00,301.4421472019655
2023-10-18 08:45:00+00:00,299.70552708351426
2023-10-18 09:45:00+00:00,299.0677905125302
2023-10-19 03:45:00+00:00,300.8630720941837
2023-10-19 04:45:00+00:00,300.0456556909843
2023-10-19 05:45:00+00:00,299.28872256145894
2023-10-19 06:45:00+00:00,296.828918578994
2023-10-19 07:45:00+00:00,296.21473102453416
2023-10-19 08:45:00+00:00,296.86621927998135
2023-10-19 09:45:00+00:00,297.32690459465096
2023-10-20 03:45:00+00:00,296.16354909858666
2023-10-20 04:45:00+00:00,295.1918377160549
2023-10-20 05:45:00+00:00,295.3058774395754
2023-10-20 06:45:00+00:00,293.2434469937507
2023-10-20 07:45:00+00:00,294.2927366956694
2023-10-20 08:45:00+00:00,295.2980721971198
2023-10-20 09:45:00+00:00,295.0813223405408
2023-10-23 03:45:00+00:00,294.9730006563698
2023-10-23 04:45:00+00:00,295.11238045804157
2023-10-23 05:45:00+00:00,294.1436197991839
2023-10-23 06:45:00+00:00,292.0024448330946
2023-10-23 07:45:00+00:00,292.1148432828737
2023-10-23 08:45:00+00:00,293.4249228207753
2023-10-23 09:45:00+00:00,292.3206656020169
2023-10-25 03:45:00+00:00,290.1774505000331
2023-10-25 04:45:00+00:00,290.00636912498624
2023-10-25 05:45:00+00:00,289.78234998963285
2023-10-25 06:45:00+00:00,289.7052510596128
2023-10-25 07:45:00+00:00,288.8253397777295
2023-10-25 08:45:00+00:00,288.50962255878784
2023-10-25 09:45:00+00:00,288.50088705707475
2023-10-26 03:45:00+00:00,288.547285798679
2023-10-26 04:45:00+00:00,288.2070347409228
2023-10-26 05:45:00+00:00,289.6380492814268
2023-10-26 06:45:00+00:00,290.25868552713456
2023-10-26 07:45:00+00:00,288.86478277975937
2023-10-26 08:45:00+00:00,289.4282252419097
2023-10-26 09:45:00+00:00,288.0329640278289
2023-10-27 03:45:00+00:00,287.39239636938356
2023-10-27 04:45:00+00:00,289.6319680533394
2023-10-27 05:45:00+00:00,287.7725030386316
2023-10-27 06:45:00+00:00,289.0134041916419
2023-10-27 07:45:00+00:00,290.83932808190355
2023-10-27 08:45:00+00:00,291.28659396039257
2023-10-27 09:45:00+00:00,290.14032229568875
2023-10-30 03:45:00+00:00,289.82491062667987
2023-10-30 04:45:00+00:00,288.86014792706163
2023-10-30 05:45:00+00:00,289.957800933945
2023-10-30 06:45:00+00:00,291.13812187761243
2023-10-30 07:45:00+00:00,292.07910703978337
2023-10-30 08:45:00+00:00,292.0856715989276
2023-10-31 03:45:00+00:00,293.39318650218917
2023-10-31 04:45:00+00:00,293.654339289456
2023-10-31 05:45:00+00:00,293.6868602104727
2023-10-31 06:45:00+00:00,291.41250321929516
2023-10-31 07:45:00+00:00,292.0290639380978
2023-10-31 08:45:00+00:00,292.19470972830925
2023-10-31 09:45:00+00:00,293.44620636407626
2023-11-01 03:45:00+00:00,292.66738326586074
2023-11-01 04:45:00+00:00,292.0987437733296
2023-11-01 05:45:00+00:00,292.638928491178
2023-11-01 06:45:00+00:00,293.7740474039982
2023-11-01 07:45:00+00:00,293.18618141698767
2023-11-01 08:45:00+00:00,290.6403170241889
2023-11-01 09:45:00+00:00,290.6281254412374
2023-11-02 03:45:00+00:00,289.28895014388775
2023-11-02 04:45:00+00:00,287.56762127760976
2023-11-02 05:45:00+00:00,287.7797314545259
2023-11-02 06:45:00+00:00,287.90880388704437
2023-11-02 07:45:00+00:00,286.61726341265467
2023-11-02 08:45:00+00:00,285.24833401952293
2023-11-02 09:45:00+00:00,286.6460849980851
2023-11-03 03:45:00+00:00,287.0519168663829
2023-11-03 04:45:00+00:00,284.0058316038027
2023-11-03 05:45:00+00:00,283.1467999432706
2023-11-03 06:45:00+00:00,283.95424764931533
2023-11-03 07:45:00+00:00,283.600624746694
2023-11-03 08:45:00+00:00,283.5408042027912
2023-11-03 09:45:00+00:00,283.6198767697817
2023-11-06 03:45:00+00:00,283.15043391028854
2023-11-06 04:45:00+00:00,284.2147325482524
2023-11-06 05:45:00+00:00,284.92329102149677
2023-11-06 06:45:00+00:00,283.86301099703604
2023-11-06 07:45:00+00:00,284.5084196248798
2023-11-06 08:45:00+00:00,284.0279887008486
2023-11-06 09:45:00+00:00,285.0928461713658
2023-11-07 03:45:00+00:00,284.80038702250033
2023-11-07 04:45:00+00:00,282.08934614563015
2023-11-07 05:45:00+00:00,283.7432034834343
2023-11-07 06:45:00+00:00,283.7385226362869
2023-11-07 07:45:00+00:00,282.9324513256572
2023-11-07 08:45:00+00:00,283.5313887070487
2023-11-07 09:45:00+00:00,282.33884369704543
2023-11-08 03:45:00+00:00,281.55562553626794
2023-11-08 04:45:00+00:00,283.14613094867735
2023-11-08 05:45:00+00:00,282.86457467014174
2023-11-08 06:45:00+00:00,282.22598330714476
2023-11-08 07:45:00+00:00,282.4732524444146
2023-11-08 08:45:00+00:00,283.45924987026143
2023-11-08 09:45:00+00:00,283.5364849644993
2023-11-09 03:45:00+00:00,285.2744137121674
2023-11-09 04:45:00+00:00,282.6806605085868
2023-11-09 05:45:00+00:00,281.49669459851646
2023-11-09 06:45:00+00:00,279.1532310200048
2023-11-09 07:45:00+00:00,278.19344742601737
2023-11-09 08:45:00+00:00,279.4142030444386
2023-11-09 09:45:00+00:00,280.17797977539067
2023-11-10 03:45:00+00:00,279.75527862436223
2023-11-10 04:45:00+00:00,279.4012465958386
2023-11-10 05:45:00+00:00,278.85714127914804
2023-11-10 06:45:00+00:00,277.7946150923393
2023-11-10 07:45:00+00:00,276.3404163689395
2023-11-10 08:45:00+00:00,275.84895447046154
2023-11-10 09:45:00+00:00,277.9739307317422
2023-11-13 03:45:00+00:00,280.01553913938494
2023-11-13 04:45:00+00:00,280.10318922613095
2023-11-13 05:45:00+00:00,282.1622077262226
2023-11-13 06:45:00+00:00,282.68084519211106
2023-11-13 07:45:00+00:00,281.9181673282779
2023-11-13 08:45:00+00:00,284.9628255932142
2023-11-13 09:45:00+00:00,287.02875568068765
2023-11-15 03:45:00+00:00,288.4591711322312
2023-11-15 04:45:00+00:00,288.2290304826837
2023-11-15 05:45:00+00:00,286.78500352751627
2023-11-15 06:45:00+00:00,287.6332072930727
2023-11-15 07:45:00+00:00,287.58509550901067
2023-11-15 08:45:00+00:00,288.1192542577921
2023-11-15 09:45:00+00:00,286.8325172633547
2023-11-16 03:45:00+00:00,288.83957778073193
2023-11-16 04:45:00+00:00,291.81740946222044
2023-11-16 05:45:00+00:00,292.58790434751836
2023-11-16 06:45:00+00:00,292.81973349784954
2023-11-16 07:45:00+00:00,294.25988296024997
2023-11-16 08:45:00+00:00,293.7514822890137
2023-11-16 09:45:00+00:00,297.23123267858824
2023-11-17 03:45:00+00:00,297.23881173729706
2023-11-17 04:45:00+00:00,295.36574045075173
2023-11-17 05:45:00+00:00,297.40596246434524
2023-11-17 06:45:00+00:00,297.77084544561
2023-11-17 07:45:00+00:00,298.50808585824626
2023-11-17 08:45:00+00:00,297.79154351220353
2023-11-17 09:45:00+00:00,296.93969577001496
2023-11-20 03:45:00+00:00,295.49857520354686
2023-11-20 04:45:00+00:00,296.7417726923009
2023-11-20 05:45:00+00:00,297.98351625703935
2023-11-20 06:45:00+00:00,297.24505929511884
2023-11-20 07:45:00+00:00,298.7323345457159
2023-11-20 08:45:00+00:00,301.9898801721283
2023-11-20 09:45:00+00:00,302.0640852893767
2023-11-21 03:45:00+00:00,299.0457822178744
2023-11-21 04:45:00+00:00,300.0149758604667
2023-11-21 05:45:00+00:00,299.47408318425795
2023-11-21 06:45:00+00:00,298.0426274263081
2023-11-21 07:45:00+00:00,298.918339931908
2023-11-21 08:45:00+00:00,297.9783124125982
2023-11-21 09:45:00+00:00,296.3139750456223
2023-11-22 03:45:00+00:00,297.69542237956796
2023-11-22 04:45:00+00:00,297.19900796177114
2023-11-22 05:45:00+00:00,300.4060316731106
2023-11-22 06:45:00+00:00,300.92855956195814
2023-11-22 07:45:00+00:00,300.1057939845457
2023-11-22 08:45:00+00:00,300.11077854247105
2023-11-22 09:45:00+00:00,298.7022347371829
2023-11-23 03:45:00+00:00,298.7247708036567
2023-11-23 04:45:00+00:00,300.60005647688644
2023-11-23 05:45:00+00:00,300.77718297927584
2023-11-23 06:45:00+00:00,301.08192638779707
2023-11-23 07:45:00+00:00,300.37076307098044
2023-11-23 08:45:00+00:00,300.49503264809306
2023-11-23 09:45:00+00:00,301.1485970995672
2023-11-24 03:45:00+00:00,300.97451293024614
2023-11-24 04:45:00+00:00,301.6617579615844
2023-11-24 05:45:00+00:00,302.2903881943103
2023-11-24 06:45:00+00:00,300.8738753569016
2023-11-24 07:45:00+00:00,303.3015687646457
2023-11-24 08:45:00+00:00,303.1413186109793
2023-11-24 09:45:00+00:00,303.2440367044477
2023-11-28 03:45:00+00:00,306.13464093409766
2023-11-28 04:45:00+00:00,304.23290392971654
2023-11-28 05:45:00+00:00,303.3958115640626
2023-11-28 06:45:00+00:00,304.7598636012037
2023-11-28 07:45:00+00:00,304.383826450144
2023-11-28 08:45:00+00:00,305.16414416217515
2023-11-28 09:45:00+00:00,304.2771320341393
2023-11-29 03:45:00+00:00,300.3557619313509
2023-11-29 04:45:00+00:00,299.8538877483501
2023-11-29 05:45:00+00:00,300.58104755911023
2023-11-29 06:45:00+00:00,300.41637234510756
2023-11-29 07:45:00+00:00,299.3017859858217
2023-11-29 08:45:00+00:00,299.81861404280295
2023-11-29 09:45:00+00:00,299.3541734778421
2023-11-30 03:45:00+00:00,301.2303952872245
2023-11-30 04:45:00+00:00,303.27916699017584
2023-11-30 05:45:00+00:00,302.35376514057293
2023-11-30 06:45:00+00:00,303.71825242731904
2023-11-30 07:45:00+00:00,302.8957010937248
2023-11-30 08:45:00+00:00,301.6040288915678
2023-11-30 09:45:00+00:00,300.56131806399395
2023-12-01 03:45:00+00:00,299.57413772710635
2023-12-01 04:45:00+00:00,300.2635566854154
2023-12-01 05:45:00+00:00,299.1608601720998
2023-12-01 06:45:00+00:00,297.9550427525401
2023-12-01 07:45:00+00:00,297.8071465423737
2023-12-01 08:45:00+00:00,296.43150348748793
2023-12-01 09:45:00+00:00,299.61745381264586
2023-12-04 03:45:00+00:00,299.8455780421674
2023-12-04 04:45:00+00:00,301.2832600596352
2023-12-04 05:45:00+00:00,300.97411414029
2023-12-04 06:45:00+00:00,298.1641703410025
2023-12-04 07:45:00+00:00,297.09487427982896
2023-12-04 08:45:00+00:00,297.44856208306084
2023-12-04 09:45:00+00:00,295.6654921846566
2023-12-05 03:45:00+00:00,294.03855139255984
2023-12-05 04:45:00+00:00,294.02040569877005
2023-12-05 05:45:00+00:00,291.49928077346436
2023-12-05 06:45:00+00:00,292.8261233970897
2023-12-05 07:45:00+00:00,290.66984152568057
2023-12-05 08:45:00+00:00,290.83662015250417
2023-12-05 09:45:00+00:00,293.7596751477014
2023-12-06 03:45:00+00:00,293.68857729229757
2023-12-06 04:45:00+00:00,295.47633561893696
2023-12-06 05:45:00+00:00,297.29237001161613
2023-12-06 06:45:00+00:00,296.78318405759796
2023-12-06 07:45:00+00:00,296.87995200397285
2023-12-06 08:45:00+00:00,298.77944324256237
2023-12-06 09:45:00+00:00,299.8435055656686
2023-12-07 03:45:00+00:00,299.93608372003723
2023-12-07 04:45:00+00:00,300.1075023586155
2023-12-07 05:45:00+00:00,298.72979645803736
2023-12-07 06:45:00+00:00,298.22063074757295
2023-12-07 07:45:00+00:00,297.99765614058407
2023-12-07 08:45:00+00:00,300.1131864269569
2023-12-07 09:45:00+00:00,300.6241316158621
2023-12-08 03:45:00+00:00,300.72023073113155
2023-12-08 04:45:00+00:00,301.6763961962423
2023-12-08 05:45:00+00:00,303.6176726908525
2023-12-08 06:45:00+00:00,304.7940593682121
2023-12-08 07:45:00+00:00,305.48799401835123
2023-12-08 08:45:00+00:00,306.0337797570796
2023-12-08 09:45:00+00:00,306.14370665111227
2023-12-11 03:45:00+00:00,304.7510346597418
2023-12-11 04:45:00+00:00,304.9946234179751
2023-12-11 05:45:00+00:00,305.4098074013198
2023-12-11 06:45:00+00:00,306.5278608750295
2023-12-11 07:45:00+00:00,307.188529569964
2023-12-11 08:45:00+00:00,307.6536162441268
2023-12-11 09:45:00+00:00,307.4859661461291
2023-12-12 03:45:00+00:00,305.9760753504144
2023-12-12 04:45:00+00:00,303.7480245049865
2023-12-12 05:45:00+00:00,304.61103526520856
2023-12-12 06:45:00+00:00,304.32580830010414
2023-12-12 07:45:00+00:00,302.2888370268403
2023-12-12 08:45:00+00:00,300.18107413739034
2023-12-12 09:45:00+00:00,299.5029412383979
2023-12-13 03:45:00+00:00,299.7505718706725
2023-12-13 04:45:00+00:00,298.88947110696677
2023-12-13 05:45:00+00:00,298.7481980418451
2023-12-13 06:45:00+00:00,299.60889963797615
2023-12-13 07:45:00+00:00,298.3850352574228
2023-12-13 08:45:00+00:00,298.52913829604586
2023-12-13 09:45:00+00:00,298.2020320702607
2023-12-14 03:45:00+00:00,295.83227101852725
2023-12-14 04:45:00+00:00,297.1241567850693
2023-12-14 05:45:00+00:00,297.73268676873255
2023-12-14 06:45:00+00:00,296.0614880493081
2023-12-14 07:45:00+00:00,297.84537718464964
2023-12-14 08:45:00+00:00,296.99436301033495
2023-12-14 09:45:00+00:00,297.8033865226302
2023-12-15 03:45:00+00:00,298.6545129856455
2023-12-15 04:45:00+00:00,299.1940052790749
2023-12-15 05:45:00+00:00,295.5739820935782
2023-12-15 06:45:00+00:00,295.80566674245574
2023-12-15 07:45:00+00:00,296.31905395960626
2023-12-15 08:45:00+00:00,297.9582012639976
2023-12-15 09:45:00+00:00,298.4524088053202
2023-12-18 03:45:00+00:00,297.721364337092
2023-12-18 04:45:00+00:00,301.51376722270646
2023-12-18 05:45:00+00:00,300.66756799605025
2023-12-18 06:45:00+00:00,301.7911700834355
2023-12-18 07:45:00+00:00,299.8601357836365
2023-12-18 08:45:00+00:00,303.9349658067293
2023-12-18 09:45:00+00:00,302.8298185022507
2023-12-19 03:45:00+00:00,301.4998649284617
2023-12-19 04:45:00+00:00,303.8495268886898
2023-12-19 05:45:00+00:00,305.50372958328825
2023-12-19 06:45:00+00:00,305.14084113690876
2023-12-19 07:45:00+00:00,304.4682182486267
2023-12-19 08:45:00+00:00,303.2654432605951
2023-12-19 09:45:00+00:00,302.4971192419516
2023-12-20 03:45:00+00:00,302.7399439476872
2023-12-20 04:45:00+00:00,302.015209564487
2023-12-20 05:45:00+00:00,299.91855084822555
2023-12-20 06:45:00+00:00,301.17855866315864
2023-12-20 07:45:00+00:00,301.1979218295111
2023-12-20 08:45:00+00:00,300.49399145990526
2023-12-20 09:45:00+00:00,299.3554608371301
2023-12-21 03:45:00+00:00,297.97754094882595
2023-12-21 04:45:00+00:00,301.4922856369474
2023-12-21 05:45:00+00:00,300.9889811655654
2023-12-21 06:45:00+00:00,301.6139725433161
2023-12-21 07:45:00+00:00,301.0653525928567
2023-12-21 08:45:00+00:00,301.19217502795766
2023-12-21 09:45:00+00:00,299.4273582274144
2023-12-22 03:45:00+00:00,298.86575661511404
2023-12-22 04:45:00+00:00,298.64562543557446
2023-12-22 05:45:00+00:00,297.21619650672204
2023-12-22 06:45:00+00:00,297.7717403354367
2023-12-22 07:45:00+00:00,296.91644242568555
2023-12-22 08:45:00+00:00,296.30709762973254
2023-12-22 09:45:00+00:00,296.2170484525544
2023-12-26 03:45:00+00:00,295.6508709424964
2023-12-26 04:45:00+00:00,294.27331771031675
2023-12-26 05:45:00+00:00,294.7216379349596
2023-12-26 06:45:00+00:00,295.6041614065663
2023-12-26 07:45:00+00:00,295.1970647434443
2023-12-26 08:45:00+00:00,296.3363200274028
2023-12-26 09:45:00+00:00,295.9915007605694
2023-12-27 03:45:00+00:00,295.45943529750525
2023-12-27 04:45:00+00:00,295.4031807102447
2023-12-27 05:45:00+00:00,294.70607614733854
2023-12-27 06:45:00+00:00,296.5048750651023
2023-12-27 07:45:00+00:00,295.90357560323054
2023-12-27 08:45:00+00:00,295.7150510792275
2023-12-27 09:45:00+00:00,295.5143668574796
2023-12-28 03:45:00+00:00,295.5178563637629
2023-12-28 04:45:00+00:00,297.77184913491135
2023-12-28 05:45:00+00:00,295.97219956569944
2023-12-28 06:45:00+00:00,298.3311942355553
2023-12-28 07:45:00+00:00,298.663679680777
2023-12-28 08:45:00+00:00,297.35201853261856
2023-12-28 09:45:00+00:00,298.066166574632
2023-12-29 03:45:00+00:00,295.84624515569334
2023-12-29 04:45:00+00:00,295.2274346970216
2023-12-29 05:45:00+00:00,294.40715865158245
2023-12-29 06:45:00+00:00,295.74993354964596
2023-12-29 07:45:00+00:00,297.10814035108166
2023-12-29 08:45:00+00:00,298.2137075745223
2023-12-29 09:45:00+00:00,298.6609912579087
2024-01-01 03:45:00+00:00,299.56601044790534
2024-01-01 04:45:00+00:00,297.94273828895103
2024-01-01 05:45:00+00:00,298.4578840677646
2024-01-01 06:45:00+00:00,299.19577449835214
2024-01-01 07:45:00+00:00,299.8027486249465
2024-01-01 08:45:00+00:00,300.5816940205321
2024-01-01 09:45:00+00:00,302.6661774210764
2024-01-02 03:45:00+00:00,304.38768825230136
2024-01-02 04:45:00+00:00,303.4745153515557
2024-01-02 05:45:00+00:00,302.62457136725266
2024-01-02 06:45:00+00:00,302.2304796597728
2024-01-02 07:45:00+00:00,304.8168873350188
2024-01-02 08:45:00+00:00,304.5295200986835
2024-01-02 09:45:00+00:00,306.70302990992235
2024-01-03 03:45:00+00:00,307.73163328460504
2024-01-03 04:45:00+00:00,305.76567003384673
2024-01-03 05:45:00+00:00,305.42278672792224
2024-01-03 06:45:00+00:00,306.2118672645767
2024-01-03 07:45:00+00:00,305.2059151508578
2024-01-03 08:45:00+00:00,305.1434712192782
2024-01-03 09:45:00+00:00,304.9677433945546
2024-01-04 03:45:00+00:00,306.8105144674522
2024-01-04 04:45:00+00:00,306.7217473475469
2024-01-04 05:45:00+00:00,305.5647660521157
2024-01-04 06:45:00+00:00,305.933579503825
2024-01-04 07:45:00+00:00,304.209638448594
2024-01-04 08:45:00+00:00,305.1701982863151
2024-01-04 09:45:00+00:00,304.08590902080294
2024-01-05 03:45:00+00:00,303.6899448844256
2024-01-05 04:45:00+00:00,304.0107893378865
2024-01-05 05:45:00+00:00,304.6086413343368
2024-01-05 06:45:00+00:00,305.6515749378557
2024-01-05 07:45:00+00:00,304.1359898467592
2024-01-05 08:45:00+00:00,304.2893847873527
2024-01-05 09:45:00+00:00,305.7463406061194
2024-01-08 03:45:00+00:00,304.34619897733006
2024-01-08 04:45:00+00:00,303.45941741685897
2024-01-08 05:45:00+00:00,303.5866137724365
2024-01-08 06:45:00+00:00,304.271242617566
2024-01-08 07:45:00+00:00,304.80641365975055
2024-01-08 08:45:00+00:00,305.98147949026975
2024-01-08 09:45:00+00:00,307.6328042393035
2024-01-09 03:45:00+00:00,308.61820490071483
2024-01-09 04:45:00+00:00,307.9743926875232
2024-01-09 05:45:00+00:00,308.6097130528695
2024-01-09 06:45:00+00:00,309.63657704269565
2024-01-09 07:45:00+00:00,309.3628192732545
2024-01-09 08:45:00+00:00,306.49338242772166
2024-01-09 09:45:00+00:00,306.4755869050995
2024-01-10 03:45:00+00:00,306.4403016147704
2024-01-10 04:45:00+00:00,303.4256669577765
2024-01-10 05:45:00+00:00,303.7236281488833
2024-01-10 06:45:00+00:00,304.75467231009424
2024-01-10 07:45:00+00:00,304.38724221456545
2024-01-10 08:45:00+00:00,307.65671110214475
2024-01-10 09:45:00+00:00,307.7032521812041
2024-01-11 03:45:00+00:00,310.05932966612374
2024-01-11 04:45:00+00:00,310.96696441762225
2024-01-11 05:45:00+00:00,309.92229891486295
2024-01-11 06:45:00+00:00,309.09638543295716
2024-01-11 07:45:00+00:00,310.4048315612836
2024-01-11 08:45:00+00:00,309.5870166762778
2024-01-11 09:45:00+00:00,310.31959290595614
2024-01-12 03:45:00+00:00,311.36704349168144
2024-01-12 04:45:00+00:00,310.89890463220297
2024-01-12 05:45:00+00:00,311.7298199996591
2024-01-12 06:45:00+00:00,311.8218879956234
2024-01-12 07:45:00+00:00,310.853365251124
2024-01-12 08:45:00+00:00,310.35151869569677
2024-01-12 09:45:00+00:00,307.9071052787555
2024-01-15 03:45:00+00:00,308.86893983086736
2024-01-15 04:45:00+00:00,310.29805519712113
2024-01-15 05:45:00+00:00,308.84509378456613
2024-01-15 06:45:00+00:00,309.49441265714216
2024-01-15 07:45:00+00:00,310.8282035157486
2024-01-15 08:45:00+00:00,311.11257751076334
2024-01-15 09:45:00+00:00,312.37626835459895
2024-01-16 03:45:00+00:00,309.0168521427667
2024-01-16 04:45:00+00:00,309.30210559349325
2024-01-16 05:45:00+00:00,310.2767653642145
2024-01-16 06:45:00+00:00,310.9329368463759
2024-01-16 07:45:00+00:00,312.15979154123096
2024-01-16 08:45:00+00:00,315.43589341594594
2024-01-17 03:45:00+00:00,316.42546539623066
2024-01-17 04:45:00+00:00,315.46015035484317
2024-01-17 05:45:00+00:00,316.7701271747124
2024-01-17 06:45:00+00:00,317.86390009080293
2024-01-17 07:45:00+00:00,318.48670096088307
2024-01-17 08:45:00+00:00,319.5507032856814
2024-01-17 09:45:00+00:00,317.96861017513544
2024-01-18 03:45:00+00:00,318.11818124125733
2024-01-18 04:45:00+00:00,322.21250405361417
2024-01-18 05:45:00+00:00,322.43874690926344
2024-01-18 06:45:00+00:00,321.4639680356491
2024-01-18 07:45:00+00:00,321.9271563795654
2024-01-18 08:45:00+00:00,319.7519476722463
2024-01-18 09:45:00+00:00,320.31050394051783
2024-01-19 03:45:00+00:00,322.41665911440066
2024-01-19 04:45:00+00:00,322.09162584570106
2024-01-19 05:45:00+00:00,320.07050856405573
2024-01-19 06:45:00+00:00,321.4017410304013
2024-01-19 07:45:00+00:00,323.83826537971873
2024-01-19 08:45:00+00:00,323.003882398725
2024-01-19 09:45:00+00:00,323.2236398453416
2024-01-23 03:45:00+00:00,324.0814262222236
2024-01-23 04:45:00+00:00,324.92634374392776
2024-01-23 05:45:00+00:00,326.24834011762357
2024-01-23 06:45:00+00:00,324.0063884183031
2024-01-23 07:45:00+00:00,323.60703285772547
2024-01-23 08:45:00+00:00,323.93079196989953
2024-01-23 09:45:00+00:00,323.8207994551948
2024-01-24 03:45:00+00:00,323.3141943215274
2024-01-24 04:45:00+00:00,322.3018974917858
2024-01-24 05:45:00+00:00,323.2108900135322
2024-01-24 06:45:00+00:00,321.2625145059024
2024-01-24 07:45:00+00:00,319.1377313270671
2024-01-24 08:45:00+00:00,319.3830254317774
2024-01-24 09:45:00+00:00,320.5120134056551
2024-01-25 03:45:00+00:00,319.2830284695744
2024-01-25 04:45:00+00:00,316.2011595188853
2024-01-25 05:45:00+00:00,318.24149104065197
2024-01-25 06:45:00+00:00,319.2378294403258
2024-01-25 07:45:00+00:00,319.12891307367636
2024-01-25 08:45:00+00:00,318.1121713697167
2024-01-25 09:45:00+00:00,317.01952144552394
2024-01-29 03:45:00+00:00,318.4453684194611
2024-01-29 04:45:00+00:00,319.87776803388147
2024-01-29 05:45:00+00:00,321.2043820807937
2024-01-29 06:45:00+00:00,322.3079884327262
2024-01-29 07:45:00+00:00,322.8713588407248
2024-01-29 08:45:00+00:00,318.69491563448594
2024-01-29 09:45:00+00:00,319.38493758635127
2024-01-30 03:45:00+00:00,320.68847214856333
2024-01-30 04:45:00+00:00,321.87817260313295
2024-01-30 05:45:00+00:00,322.04242768567497
2024-01-30 06:45:00+00:00,322.76208640787377
2024-01-30 07:45:00+00:00,323.00567632240035
2024-01-30 08:45:00+00:00,323.0034034402225
2024-01-30 09:45:00+00:00,321.90390446464323
2024-01-31 03:45:00+00:00,320.02638084719683
2024-01-31 04:45:00+00:00,317.33122315958184
2024-01-31 05:45:00+00:00,318.88384310361243
2024-01-31 06:45:00+00:00,321.79506616887085
2024-01-31 07:45:00+00:00,322.5273801267266
2024-01-31 08:45:00+00:00,320.34158085895535
2024-01-31 09:45:00+00:00,320.674682051381
2024-02-01 03:45:00+00:00,321.7579796966699
2024-02-01 04:45:00+00:00,321.32928645079096
2024-02-01 05:45:00+00:00,320.35874308161544
2024-02-01 06:45:00+00:00,320.2639527709364
2024-02-01 07:45:00+00:00,320.20961041966103
2024-02-01 08:45:00+00:00,322.9289762048571
2024-02-01 09:45:00+00:00,320.97680236334634
2024-02-02 03:45:00+00:00,325.92018910583386
2024-02-02 04:45:00+00:00,326.17464908217534
2024-02-02 05:45:00+00:00,327.53589804221167
2024-02-02 06:45:00+00:00,327.1080708961569
2024-02-02 07:45:00+00:00,328.9057481473791
2024-02-02 08:45:00+00:00,327.0740826351525
2024-02-02 09:45:00+00:00,328.56005995733443
2024-02-05 03:45:00+00:00,330.9457862864786
2024-02-05 04:45:00+00:00,331.5534671830237
2024-02-05 05:45:00+00:00,329.972993638474
2024-02-05 06:45:00+00:00,329.8013068500937
2024-02-05 07:45:00+00:00,330.16508541514935
2024-02-05 08:45:00+00:00,332.5775001772926
2024-02-05 09:45:00+00:00,332.05979151766303
2024-02-06 03:45:00+00:00,334.41473626944673
2024-02-06 04:45:00+00:00,333.0699310173681
2024-02-06 05:45:00+00:00,332.1100891974697
2024-02-06 06:45:00+00:00,334.3447404230162
2024-02-06 07:45:00+00:00,335.90158112195076
2024-02-06 08:45:00+00:00,334.7694114245402
2024-02-06 09:45:00+00:00,336.2123510778906
2024-02-07 03:45:00+00:00,337.0910028422597
2024-02-07 04:45:00+00:00,338.7449220896162
2024-02-07 05:45:00+00:00,334.1659390175273
2024-02-07 06:45:00+00:00,334.01135170227747
2024-02-07 07:45:00+00:00,336.1540778203098
2024-02-07 08:45:00+00:00,335.2167752554276
2024-02-07 09:45:00+00:00,335.0726739710065
2024-02-08 03:45:00+00:00,335.7947176932272
2024-02-08 04:45:00+00:00,333.4555225350025
2024-02-08 05:45:00+00:00,335.17812144585895
2024-02-08 06:45:00+00:00,331.1606557155795
2024-02-08 07:45:00+00:00,331.15725676476035
2024-02-08 08:45:00+00:00,332.8229062319762
2024-02-08 09:45:00+00:00,332.80686103994645
2024-02-09 03:45:00+00:00,332.48339178999004
2024-02-09 04:45:00+00:00,332.2913109923805
2024-02-09 05:45:00+00:00,329.6386871169145
2024-02-09 06:45:00+00:00,330.1374237853265
2024-02-09 07:45:00+00:00,329.21380156499634
2024-02-09 08:45:00+00:00,327.4537988722614
2024-02-09 09:45:00+00:00,327.4210084516011
2024-02-12 03:45:00+00:00,328.34522014409646
2024-02-12 04:45:00+00:00,327.80388891578605
2024-02-12 05:45:00+00:00,325.734740815562
2024-02-12 06:45:00+00:00,325.68116960499384
2024-02-12 07:45:00+00:00,324.10031945495444
2024-02-12 08:45:00+00:00,324.569371670653
2024-02-12 09:45:00+00:00,321.84525764861974
2024-02-13 03:45:00+00:00,320.9039162168396
2024-02-13 04:45:00+00:00,321.4933886099378
2024-02-13 05:45:00+00:00,319.14016666297636
2024-02-13 06:45:00+00:00,318.84877951396896
2024-02-13 07:45:00+00:00,320.1579585676031
2024-02-13 08:45:00+00:00,320.4401671379555
2024-02-13 09:45:00+00:00,320.3728210149528
2024-02-14 03:45:00+00:00,321.2799036150949
2024-02-14 04:45:00+00:00,319.2655826534032
2024-02-14 05:45:00+00:00,320.61650323322755
2024-02-14 06:45:00+00:00,318.1146360675564
2024-02-14 07:45:00+00:00,319.1133579260125
2024-02-14 08:45:00+00:00,319.1599793964552
2024-02-14 09:45:00+00:00,321.0801736523311
2024-02-15 03:45:00+00:00,319.6111161823364
2024-02-15 04:45:00+00:00,317.78862124164544
2024-02-15 05:45:00+00:00,317.31456213970307
2024-02-15 06:45:00+00:00,318.3304175118262
2024-02-15 07:45:00+00:00,316.7841700187863
2024-02-15 08:45:00+00:00,316.12994861018313
2024-02-15 09:45:00+00:00,317.65972028254333
2024-02-16 03:45:00+00:00,319.0144140073301
2024-02-16 04:45:00+00:00,318.644894806584
2024-02-16 05:45:00+00:00,319.7297636761114
2024-02-16 06:45:00+00:00,319.37794703220163
2024-02-16 07:45:00+00:00,319.5718842754754
2024-02-16 08:45:00+00:00,317.52646777382967
2024-02-16 09:45:00+00:00,316.8080458669978
2024-02-19 03:45:00+00:00,318.97403288930997
2024-02-19 04:45:00+00:00,317.8740972500043
2024-02-19 05:45:00+00:00,318.28201428831113
2024-02-19 06:45:00+00:00,318.5065156155031
2024-02-19 07:45:00+00:00,319.6622439849617
2024-02-19 08:45:00+00:00,317.70520202595543
2024-02-19 09:45:00+00:00,318.26626460899115
2024-02-20 03:45:00+00:00,318.7366758446158
2024-02-20 04:45:00+00:00,318.13189171382135
2024-02-20 05:45:00+00:00,317.28664723097506
2024-02-20 06:45:00+00:00,316.4895315038904
2024-02-20 07:45:00+00:00,317.4802025554141
2024-02-20 08:45:00+00:00,315.12413376631383
2024-02-20 09:45:00+00:00,315.9294033770811
2024-02-21 03:45:00+00:00,319.20188174923413
2024-02-21 04:45:00+00:00,318.57891548133273
2024-02-21 05:45:00+00:00,317.99907239099036
2024-02-21 06:45:00+00:00,320.8555353283813
2024-02-21 07:45:00+00:00,322.724511330117
2024-02-21 08:45:00+00:00,322.39442815816807
2024-02-21 09:45:00+00:00,320.7644735500292
2024-02-22 03:45:00+00:00,320.2549048165939
2024-02-22 04:45:00+00:00,318.94990944201703
2024-02-22 05:45:00+00:00,318.19262549181275
2024-02-22 06:45:00+00:00,318.0469493932733
2024-02-22 07:45:00+00:00,316.3824356406457
2024-02-22 08:45:00+00:00,316.041575062682
2024-02-22 09:45:00+00:00,313.4331544321082
2024-02-23 03:45:00+00:00,310.83372964199043
2024-02-23 04:45:00+00:00,311.59141240071483
2024-02-23 05:45:00+00:00,312.2872542633251
2024-02-23 06:45:00+00:00,313.8058294451423
2024-02-23 07:45:00+00:00,318.4194222918643
2024-02-23 08:45:00+00:00,316.0661284384757
2024-02-23 09:45:00+00:00,315.40268199021546
2024-02-26 03:45:00+00:00,315.836799436458
2024-02-26 04:45:00+00:00,318.1461246021796
2024-02-26 05:45:00+00:00,315.9438035864863
2024-02-26 06:45:00+00:00,315.2058674726635
2024-02-26 07:45:00+00:00,315.90810010381927
2024-02-26 08:45:00+00:00,314.43745571585504
2024-02-26 09:45:00+00:00,314.4796697530876
2024-02-27 03:45:00+00:00,314.39129638955524
2024-02-27 04:45:00+00:00,312.950555534836
2024-02-27 05:45:00+00:00,313.12876046179485
2024-02-27 06:45:00+00:00,312.3397664977622
2024-02-27 07:45:00+00:00,312.21049266624755
2024-02-27 08:45:00+00:00,314.843870643746
2024-02-27 09:45:00+00:00,315.6179459292366
2024-02-28 03:45:00+00:00,315.28205726176964
2024-02-28 04:45:00+00:00,313.4325200965305
2024-02-28 05:45:00+00:00,312.6857189646658
2024-02-28 06:45:00+00:00,311.57015649994497
2024-02-28 07:45:00+00:00,311.4474035869184
2024-02-28 08:45:00+00:00,313.40131169405936
2024-02-28 09:45:00+00:00,315.6183520826952
2024-02-29 03:45:00+00:00,317.1594429570436
2024-02-29 04:45:00+00:00,317.3795840030726
2024-02-29 05:45:00+00:00,317.16535813611017
2024-02-29 06:45:00+00:00,315.64352227798923
2024-02-29 07:45:00+00:00,316.5317466463761
2024-02-29 08:45:00+00:00,315.43532832924296
2024-02-29 09:45:00+00:00,313.11389110645445
2024-03-01 03:45:00+00:00,312.97573039259805
2024-03-01 04:45:00+00:00,311.5100708178454
2024-03-01 05:45:00+00:00,311.78527362168944
2024-03-01 06:45:00+00:00,313.16580271842463
2024-03-01 07:45:00+00:00,312.5959869133167
2024-03-01 08:45:00+00:00,315.96004808293094
2024-03-01 09:45:00+00:00,315.72745122431115
2024-03-04 03:45:00+00:00,314.9458517063176
2024-03-04 04:45:00+00:00,314.3297424244259
2024-03-04 05:45:00+00:00,314.1344982674278
2024-03-04 06:45:00+00:00,314.7708892837325
2024-03-04 07:45:00+00:00,315.2683090221951
2024-03-04 08:45:00+00:00,316.37768428010304
2024-03-04 09:45:00+00:00,315.0317404324572
2024-03-05 03:45:00+00:00,317.07364196640987
2024-03-05 04:45:00+00:00,315.3868761196847
2024-03-05 05:45:00+00:00,315.3324428315726
2024-03-05 06:45:00+00:00,317.71956366789414
2024-03-05 07:45:00+00:00,314.4491953839044
2024-03-05 08:45:00+00:00,314.60818159773305
2024-03-05 09:45:00+00:00,315.88299601263884
2024-03-06 03:45:00+00:00,318.56825210969953
2024-03-06 04:45:00+00:00,318.1269448741062
2024-03-06 05:45:00+00:00,319.4428790716577
2024-03-06 06:45:00+00:00,320.95403581819767
2024-03-06 07:45:00+00:00,318.59763846328883
2024-03-06 08:45:00+00:00,318.9653212334581
2024-03-06 09:45:00+00:00,318.5143776443338
2024-03-07 03:45:00+00:00,318.3541949731804
2024-03-07 04:45:00+00:00,319.947860531622
2024-03-07 05:45:00+00:00,319.7399978280142
2024-03-07 06:45:00+00:00,321.46347992883705
2024-03-07 07:45:00+00:00,322.24373712373927
2024-03-07 08:45:00+00:00,322.3866989926309
2024-03-07 09:45:00+00:00,321.2530100032424
2024-03-11 03:45:00+00:00,322.06905469862454
2024-03-11 04:45:00+00:00,321.7055006893926
2024-03-11 05:45:00+00:00,322.32413514689034
2024-03-11 06:45:00+00:00,320.9918336419379
2024-03-11 07:45:00+00:00,322.2134498251025
2024-03-11 08:45:00+00:00,322.3418495205446
2024-03-11 09:45:00+00:00,322.94152739728554
2024-03-12 03:45:00+00:00,322.67651076539147
2024-03-12 04:45:00+00:00,321.0120348740136
2024-03-12 05:45:00+00:00,322.53966659284134
2024-03-12 06:45:00+00:00,320.98805361650346
2024-03-12 07:45:00+00:00,318.8064912426234
2024-03-12 08:45:00+00:00,317.935712085914
2024-03-12 09:45:00+00:00,316.3982227161256
2024-03-13 03:45:00+00:00,316.28489543714807
2024-03-13 04:45:00+00:00,315.15427502465036
2024-03-13 05:45:00+00:00,316.5070249185199
2024-03-13 06:45:00+00:00,317.1427596063941
2024-03-13 07:45:00+00:00,319.5206593949001
2024-03-13 08:45:00+00:00,318.7644728684475
2024-03-13 09:45:00+00:00,318.18370175531885
2024-03-14 03:45:00+00:00,317.2756486606811
2024-03-14 04:45:00+00:00,316.8905591233793
2024-03-14 05:45:00+00:00,316.35518535489877
2024-03-14 06:45:00+00:00,315.2254985286382
2024-03-14 07:45:00+00:00,314.00263054776315
2024-03-14 08:45:00+00:00,315.31597625256524
2024-03-14 09:45:00+00:00,315.51751526529614
2024-03-15 03:45:00+00:00,315.2933616022082
2024-03-15 04:45:00+00:00,316.7311913866992
2024-03-15 05:45:00+00:00,317.25699356195105
2024-03-15 06:45:00+00:00,314.81977907424584
2024-03-15 07:45:00+00:00,315.2202971861796
2024-03-15 08:45:00+00:00,316.8571630965298
2024-03-15 09:45:00+00:00,318.58697651386416
2024-03-18 03:45:00+00:00,320.0672780490945
2024-03-18 04:45:00+00:00,320.7687813918499
2024-03-18 05:45:00+00:00,317.93317957425705
2024-03-18 07:45:00+00:00,317.66952072321527
2024-03-18 08:45:00+00:00,318.1031175633957
2024-03-18 09:45:00+00:00,316.53071651454326
2024-03-19 03:45:00+00:00,317.28588897310834
2024-03-19 04:45:00+00:00,319.2516492504847
2024-03-19 05:45:00+00:00,321.5877274725394
2024-03-19 06:45:00+00:00,320.6154120212836
2024-03-19 07:45:00+00:00,319.2370030867764
2024-03-19 08:45:00+00:00,319.3086400325296
2024-03-19 09:45:00+00:00,321.96129517992307
2024-03-20 03:45:00+00:00,320.85735908562407
2024-03-20 04:45:00+00:00,318.9031708072652
2024-03-20 05:45:00+00:00,320.68576553606295
2024-03-20 06:45:00+00:00,321.58476748302394
2024-03-20 07:45:00+00:00,324.9595962276977
2024-03-20 08:45:00+00:00,324.61753667743307
2024-03-20 09:45:00+00:00,323.3799388918057
2024-03-21 03:45:00+00:00,325.53984248904214
2024-03-21 04:45:00+00:00,325.47295482231215
2024-03-21 05:45:00+00:00,322.78795146974375
2024-03-21 06:45:00+00:00,320.9348572781373
2024-03-21 07:45:00+00:00,320.83545559884027
2024-03-21 08:45:00+00:00,321.8426273094901
2024-03-21 09:45:00+00:00,320.6895647646104
2024-03-22 03:45:00+00:00,323.9257248641443
2024-03-22 04:45:00+00:00,322.94506111955803
2024-03-22 05:45:00+00:00,321.17960238336667
2024-03-22 06:45:00+00:00,319.5562147011771
2024-03-22 07:45:00+00:00,319.7000860261475
2024-03-22 08:45:00+00:00,320.84466803433884
2024-03-22 09:45:00+00:00,321.7296906335883
2024-03-26 03:45:00+00:00,321.87219707309487
2024-03-26 04:45:00+00:00,323.3813446437215
2024-03-26 05:45:00+00:00,322.3823153438951
2024-03-26 06:45:00+00:00,320.80345389012604
2024-03-26 07:45:00+00:00,321.6459379138889
2024-03-26 08:45:00+00:00,319.1172008636541
2024-03-27 03:45:00+00:00,319.97793191012516
2024-03-27 04:45:00+00:00,319.10905288480166
2024-03-27 05:45:00+00:00,318.9845495651387
2024-03-27 06:45:00+00:00,322.89549892634636
2024-03-27 07:45:00+00:00,324.148760211099
2024-03-27 08:45:00+00:00,322.75376568550774
2024-03-27 09:45:00+00:00,324.83265301956874
2024-03-28 03:45:00+00:00,325.2460393488441
2024-03-28 04:45:00+00:00,322.43784151439735
2024-03-28 05:45:00+00:00,323.057676668284
2024-03-28 06:45:00+00:00,320.5389859788682
2024-03-28 07:45:00+00:00,319.86086671233704
2024-03-28 08:45:00+00:00,322.9458179016497
2024-03-28 09:45:00+00:00,322.8813731125873
2024-04-01 03:45:00+00:00,322.6113288278134
2024-04-01 04:45:00+00:00,321.55441518731425
2024-04-01 05:45:00+00:00,322.1192087626763
2024-04-01 06:45:00+00:00,323.0581519045215
2024-04-01 07:45:00+00:00,324.2417341802804
2024-04-01 08:45:00+00:00,322.4135691216592
2024-04-01 09:45:00+00:00,324.9913953226782
2024-04-02 03:45:00+00:00,323.33517796120003
2024-04-02 04:45:00+00:00,322.2718778859658
2024-04-02 05:45:00+00:00,319.3840617606113
2024-04-02 06:45:00+00:00,321.294766949614
2024-04-02 07:45:00+00:00,319.23267501264297
2024-04-02 08:45:00+00:00,319.3871050260917
2024-04-02 09:45:00+00:00,318.0663444944862
2024-04-03 03:45:00+00:00,317.67673259372236
2024-04-03 04:45:00+00:00,317.4412878953287
2024-04-03 05:45:00+00:00,316.2828829033985
2024-04-03 06:45:00+00:00,315.6453136522324
2024-04-03 07:45:00+00:00,316.8799703137217
2024-04-03 08:45:00+00:00,318.60605905768386
2024-04-03 09:45:00+00:00,319.1603027640246
2024-04-04 03:45:00+00:00,320.1327078995149
2024-04-04 04:45:00+00:00,319.7526696980858
2024-04-04 05:45:00+00:00,320.88735925752536
2024-04-04 06:45:00+00:00,320.0158115624739
2024-04-04 07:45:00+00:00,321.2042015306756
2024-04-04 08:45:00+00:00,322.00701976135196
2024-04-04 09:45:00+00:00,322.4893306736716
2024-04-05 03:45:00+00:00,321.5363277061447
2024-04-05 04:45:00+00:00,320.90023300229575
2024-04-05 05:45:00+00:00,321.6546527136676
2024-04-05 06:45:00+00:00,323.61136257236274
2024-04-05 07:45:00+00:00,323.55327063720654
2024-04-05 08:45:00+00:00,323.72406405569245
2024-04-05 09:45:00+00:00,323.4471479386822
2024-04-08 03:45:00+00:00,322.92864374270505
2024-04-08 04:45:00+00:00,322.9604781637842
2024-04-08 05:45:00+00:00,323.6583067835995
2024-04-08 06:45:00+00:00,325.52315858720283
2024-04-08 07:45:00+00:00,325.73284419066874
2024-04-08 08:45:00+00:00,325.83272306339666
2024-04-08 09:45:00+00:00,324.4204334567675
2024-04-09 03:45:00+00:00,323.7564860661337
2024-04-09 04:45:00+00:00,324.8305478078412
2024-04-09 05:45:00+00:00,323.167399687964
2024-04-09 06:45:00+00:00,321.66967874953417
2024-04-09 07:45:00+00:00,320.61908170483696
2024-04-09 08:45:00+00:00,322.30326689499844
2024-04-09 09:45:00+00:00,322.9060212293713
2024-04-10 03:45:00+00:00,321.46857976784327
2024-04-10 04:45:00+00:00,320.75239441087683
2024-04-10 05:45:00+00:00,322.22318819629265
2024-04-10 06:45:00+00:00,321.30042140120366
2024-04-10 07:45:00+00:00,323.70836171075103
2024-04-10 08:45:00+00:00,324.45208256433506
2024-04-10 09:45:00+00:00,325.2310040132526
2024-04-12 03:45:00+00:00,324.1562001626382
2024-04-12 04:45:00+00:00,324.3723032307295
2024-04-12 05:45:00+00:00,324.69776958506725
2024-04-12 06:45:00+00:00,323.99687908479814
2024-04-12 07:45:00+00:00,321.21816967509017
2024-04-12 08:45:00+00:00,321.4971399899759
2024-04-12 09:45:00+00:00,320.36943538611655
2024-04-15 03:45:00+00:00,321.2696593916018
2024-04-15 04:45:00+00:00,322.2269058586429
2024-04-15 05:45:00+00:00,322.576610024252
2024-04-15 06:45:00+00:00,323.5384488656474
2024-04-15 07:45:00+00:00,324.4971566325128
2024-04-15 08:45:00+00:00,324.31958324483145
2024-04-15 09:45:00+00:00,325.2503758744568
2024-04-16 03:45:00+00:00,325.733493702848
2024-04-16 04:45:00+00:00,325.82092006745535
2024-04-16 05:45:00+00:00,326.57876269519915
2024-04-16 06:45:00+00:00,324.0076021165337
2024-04-16 07:45:00+00:00,323.5942037599556
2024-04-16 08:45:00+00:00,324.82548097401383
2024-04-16 09:45:00+00:00,321.4430133383039
2024-04-18 03:45:00+00:00,320.40414756736993
2024-04-18 04:45:00+00:00,320.89999001324617
2024-04-18 05:45:00+00:00,318.9192536465234
2024-04-18 06:45:00+00:00,317.8942133834025
2024-04-18 07:45:00+00:00,317.25185710924603
2024-04-18 08:45:00+00:00,317.10348986516453
2024-04-18 09:45:00+00:00,318.2525070550395
2024-04-19 03:45:00+00:00,320.1402118603118
2024-04-19 04:45:00+00:00,316.98390638985205
2024-04-19 05:45:00+00:00,316.32510811842604
2024-04-19 06:45:00+00:00,314.69022523337804
2024-04-19 07:45:00+00:00,317.11496770807764
2024-04-19 08:45:00+00:00,316.90478431194305
2024-04-19 09:45:00+00:00,317.1400405563044
2024-04-22 03:45:00+00:00,315.5006847428936
2024-04-22 04:45:00+00:00,315.9549604167212
2024-04-22 05:45:00+00:00,315.6292086604585
2024-04-22 06:45:00+00:00,317.6570572428777
2024-04-22 07:45:00+00:00,315.51887808912807
2024-04-22 08:45:00+00:00,315.8144915260555
2024-04-22 09:45:00+00:00,317.7089887944687
2024-04-23 03:45:00+00:00,316.7334027940394
2024-04-23 04:45:00+00:00,317.4434142987557
2024-04-23 05:45:00+00:00,319.7835308594229
2024-04-23 06:45:00+00:00,320.3316019916953
2024-04-23 07:45:00+00:00,319.02356651421275
2024-04-23 08:45:00+00:00,318.0222153726752
2024-04-23 09:45:00+00:00,315.6883110662264
2024-04-24 03:45:00+00:00,315.0760824307357
2024-04-24 04:45:00+00:00,314.11616078326995
2024-04-24 05:45:00+00:00,313.9789564870033
2024-04-24 06:45:00+00:00,315.2138455467116
2024-04-24 07:45:00+00:00,313.24566421939
2024-04-24 08:45:00+00:00,312.6544726376163
2024-04-24 09:45:00+00:00,311.9919044457302
2024-04-25 03:45:00+00:00,311.74356226723006
2024-04-25 04:45:00+00:00,310.7368666209869
2024-04-25 05:45:00+00:00,311.2210613612541
2024-04-25 06:45:00+00:00,311.89715498590334
2024-04-25 07:45:00+00:00,311.89985907940644
2024-04-25 08:45:00+00:00,315.54508283852687
2024-04-25 09:45:00+00:00,315.50576973696093
2024-04-26 03:45:00+00:00,319.20543837222135
2024-04-26 04:45:00+00:00,318.49161779468153
2024-04-26 05:45:00+00:00,316.2364469592035
2024-04-26 06:45:00+00:00,315.99182609104287
2024-04-26 07:45:00+00:00,314.5267147654195
2024-04-26 08:45:00+00:00,312.3340680353898
2024-04-26 09:45:00+00:00,310.75761077849324
2024-04-29 03:45:00+00:00,310.8312302945727
2024-04-29 04:45:00+00:00,309.8130373550106
2024-04-29 05:45:00+00:00,308.9114060222764
2024-04-29 06:45:00+00:00,309.5531682526841
2024-04-29 07:45:00+00:00,310.00044070545044
2024-04-29 08:45:00+00:00,309.87382188522264
2024-04-29 09:45:00+00:00,310.88157120069894
2024-04-30 03:45:00+00:00,310.4713971273791
2024-04-30 04:45:00+00:00,309.3824327162431
2024-04-30 05:45:00+00:00,309.41377519892023
2024-04-30 06:45:00+00:00,308.8416980015859
2024-04-30 07:45:00+00:00,308.15311126097873
2024-04-30 08:45:00+00:00,308.6204692126969
2024-04-30 09:45:00+00:00,308.4543611931332
2024-05-02 03:45:00+00:00,309.41452266516114
2024-05-02 04:45:00+00:00,309.1299262585304
2024-05-02 05:45:00+00:00,310.6942205992453
2024-05-02 06:45:00+00:00,310.7066653029182
2024-05-02 07:45:00+00:00,309.4266855086909
2024-05-02 08:45:00+00:00,310.4666636538541
2024-05-02 09:45:00+00:00,309.86205620440626
2024-05-03 03:45:00+00:00,309.9904149840462
2024-05-03 04:45:00+00:00,311.31329016445375
2024-05-03 05:45:00+00:00,311.0642496095789
2024-05-03 06:45:00+00:00,309.95088515890683
2024-05-03 07:45:00+00:00,311.3826608809253
2024-05-03 08:45:00+00:00,313.4810031205151
2024-05-03 09:45:00+00:00,312.6145436077087
2024-05-06 03:45:00+00:00,311.88599872568454
2024-05-06 04:45:00+00:00,311.14226671635475
2024-05-06 05:45:00+00:00,311.43493773757837
2024-05-06 06:45:00+00:00,311.3288124750271
2024-05-06 07:45:00+00:00,312.4287736209158
2024-05-06 08:45:00+00:00,314.1443307252732
2024-05-06 09:45:00+00:00,314.45994438645903
2024-05-07 03:45:00+00:00,315.93276161643325
2024-05-07 04:45:00+00:00,314.4749681588973
2024-05-07 05:45:00+00:00,315.3931382049598
2024-05-07 06:45:00+00:00,314.0817505737699
2024-05-07 07:45:00+00:00,314.1480152355528
2024-05-07 08:45:00+00:00,313.02011510343544
2024-05-07 09:45:00+00:00,310.32599559645274
2024-05-08 03:45:00+00:00,309.6892563058012
2024-05-08 04:45:00+00:00,309.4653743561206
2024-05-08 05:45:00+00:00,309.11355387818463
2024-05-08 06:45:00+00:00,307.9005219365553
2024-05-08 07:45:00+00:00,304.5381961735703
2024-05-08 08:45:00+00:00,303.64857043529554
2024-05-08 09:45:00+00:00,300.8634151441102
2024-05-09 03:45:00+00:00,299.9670291028012
2024-05-09 04:45:00+00:00,299.08595083865265
2024-05-09 05:45:00+00:00,299.2731251722785
2024-05-09 06:45:00+00:00,299.35309577839956
2024-05-09 07:45:00+00:00,298.52111004022726
2024-05-09 08:45:00+00:00,299.09511283863606
2024-05-09 09:45:00+00:00,298.2418285353134
2024-05-10 03:45:00+00:00,299.2854996460752
2024-05-10 04:45:00+00:00,301.33391195880034
2024-05-10 05:45:00+00:00,299.94000712557386
2024-05-10 06:45:00+00:00,301.7481512787987
2024-05-10 07:45:00+00:00,301.52253017759375
2024-05-10 08:45:00+00:00,302.0376364195612
2024-05-10 09:45:00+00:00,302.29375438194006
2024-05-13 03:45:00+00:00,301.3264121523366
2024-05-13 04:45:00+00:00,303.1160863802376
2024-05-13 05:45:00+00:00,302.5886122861169
2024-05-13 06:45:00+00:00,304.08642223171586
2024-05-13 07:45:00+00:00,305.19137602945733
2024-05-13 08:45:00+00:00,302.84746381795065
2024-05-13 09:45:00+00:00,302.1505892228293
2024-05-14 03:45:00+00:00,300.96714881150285
2024-05-14 04:45:00+00:00,301.02441050193386
2024-05-14 05:45:00+00:00,299.20560627877626
2024-05-14 06:45:00+00:00,299.46768095341645
2024-05-14 07:45:00+00:00,301.1035138096223
2024-05-14 08:45:00+00:00,299.7482896275187
2024-05-14 09:45:00+00:00,299.733435946805
2024-05-15 03:45:00+00:00,300.0070771539719
2024-05-15 04:45:00+00:00,298.6828320773796
2024-05-15 05:45:00+00:00,296.169135145167
2024-05-15 06:45:00+00:00,296.714927289114
2024-05-15 07:45:00+00:00,299.1448956972429
2024-05-15 08:45:00+00:00,300.372294338413
2024-05-15 09:45:00+00:00,298.5973640500814
2024-05-16 03:45:00+00:00,298.50422623531955
2024-05-16 04:45:00+00:00,297.9585434386063
2024-05-16 05:45:00+00:00,298.36765877597765
2024-05-16 06:45:00+00:00,298.7328808326945
2024-05-16 07:45:00+00:00,299.4234910969123
2024-05-16 08:45:00+00:00,301.2264692662234
2024-05-16 09:45:00+00:00,301.14949193659004
2024-05-17 03:45:00+00:00,301.39142530913904
2024-05-17 04:45:00+00:00,302.33825584379514
2024-05-17 05:45:00+00:00,304.7812828422579
2024-05-17 06:45:00+00:00,305.6927017646761
2024-05-17 07:45:00+00:00,306.27731653905846
2024-05-17 08:45:00+00:00,307.1337796096781
2024-05-17 09:45:00+00:00,307.9409599472246
2024-05-21 03:45:00+00:00,310.32114675241763
2024-05-21 04:45:00+00:00,311.976629138515
2024-05-21 05:45:00+00:00,310.1448816817579
2024-05-21 06:45:00+00:00,311.1122496483793
2024-05-21 07:45:00+00:00,310.82526541015613
2024-05-21 08:45:00+00:00,310.5862115347513
2024-05-21 09:45:00+00:00,311.79860973716995
2024-05-22 03:45:00+00:00,310.70059160954884
2024-05-22 04:45:00+00:00,315.6613547274509
2024-05-22 05:45:00+00:00,318.2193410209496
2024-05-22 06:45:00+00:00,320.9657722894629
2024-05-22 07:45:00+00:00,321.75881072280004
2024-05-22 08:45:00+00:00,323.06630194329335
2024-05-22 09:45:00+00:00,322.3596336210391
2024-05-23 03:45:00+00:00,323.18945217640356
2024-05-23 04:45:00+00:00,325.1142151674604
2024-05-23 05:45:00+00:00,326.28606811097285
2024-05-23 06:45:00+00:00,328.4611474075301
2024-05-23 07:45:00+00:00,329.01327146326844
2024-05-23 08:45:00+00:00,331.10547677076005
2024-05-23 09:45:00+00:00,331.1190847022103
2024-05-24 03:45:00+00:00,331.4981150578221
2024-05-24 04:45:00+00:00,329.36520000496415
2024-05-24 05:45:00+00:00,329.68109113821544
2024-05-24 06:45:00+00:00,330.6363354916052
2024-05-24 07:45:00+00:00,330.80190977640694
2024-05-24 08:45:00+00:00,332.49317666121294
2024-05-24 09:45:00+00:00,335.1115336908328
2024-05-27 03:45:00+00:00,334.6535740723691
2024-05-27 04:45:00+00:00,334.87746886943637
2024-05-27 05:45:00+00:00,334.6191799748777
2024-05-27 06:45:00+00:00,333.61488152051027
2024-05-27 07:45:00+00:00,332.96212781484
2024-05-27 08:45:00+00:00,332.4947539079793
2024-05-27 09:45:00+00:00,334.4896760052846
2024-05-28 03:45:00+00:00,336.6391162179632
2024-05-28 04:45:00+00:00,337.85544913636346
2024-05-28 05:45:00+00:00,341.41839706717093
2024-05-28 06:45:00+00:00,340.6213363529728
2024-05-28 07:45:00+00:00,340.60228524929215
2024-05-28 08:45:00+00:00,340.227023964238
2024-05-28 09:45:00+00:00,340.51784039480015
2024-05-29 03:45:00+00:00,340.63983984523696
2024-05-29 04:45:00+00:00,340.40611077583276
2024-05-29 05:45:00+00:00,338.8938286573571
2024-05-29 06:45:00+00:00,338.4860232449529
2024-05-29 07:45:00+00:00,338.0325369237057
2024-05-29 08:45:00+00:00,334.22680790637384
2024-05-29 09:45:00+00:00,335.0556355638216
2024-05-30 03:45:00+00:00,331.1707233060959
2024-05-30 04:45:00+00:00,331.1719546399528
2024-05-30 05:45:00+00:00,330.4980461714293
2024-05-30 06:45:00+00:00,330.2383762941544
2024-05-30 07:45:00+00:00,331.311115408789
2024-05-30 08:45:00+00:00,330.6257533799502
2024-05-30 09:45:00+00:00,328.43753231774934
2024-05-31 03:45:00+00:00,332.02292070469224
2024-05-31 04:45:00+00:00,332.09085939862786
2024-05-31 05:45:00+00:00,330.29141170570233
2024-05-31 06:45:00+00:00,331.0546501845947
2024-05-31 07:45:00+00:00,332.503955772282
2024-05-31 08:45:00+00:00,332.5651775745564
2024-05-31 09:45:00+00:00,336.225163277282
2024-06-03 03:45:00+00:00,335.2048374122771
2024-06-03 04:45:00+00:00,336.6956427208448
2024-06-03 05:45:00+00:00,335.9584730751865
2024-06-03 06:45:00+00:00,336.4056258105723
2024-06-03 07:45:00+00:00,338.094033975862
2024-06-03 08:45:00+00:00,336.33600923750487
2024-06-03 09:45:00+00:00,336.42927663466304
2024-06-04 03:45:00+00:00,335.1294119229891
2024-06-04 04:45:00+00:00,334.99006602084694
2024-06-04 05:45:00+00:00,336.5373378669465
2024-06-04 06:45:00+00:00,337.3497601848831
2024-06-04 07:45:00+00:00,339.20572794421025
2024-06-04 08:45:00+00:00,338.2859836062501
2024-06-04 09:45:00+00:00,341.3790707078004
2024-06-05 03:45:00+00:00,343.39884114251487
2024-06-05 04:45:00+00:00,345.9269661303133
2024-06-05 05:45:00+00:00,343.61830342678684
2024-06-05 06:45:00+00:00,342.1183018153938
2024-06-05 07:45:00+00:00,343.29512058038074
2024-06-05 08:45:00+00:00,342.90164174472534
2024-06-05 09:45:00+00:00,343.3161766460204
2024-06-06 03:45:00+00:00,344.6183639520908
2024-06-06 04:45:00+00:00,343.54098477307195
2024-06-06 05:45:00+00:00,346.1775596504539
2024-06-06 06:45:00+00:00,345.0460435802968
2024-06-06 07:45:00+00:00,346.7099478990795
2024-06-06 08:45:00+00:00,345.4996860871152
2024-06-06 09:45:00+00:00,344.56133828443603
2024-06-07 03:45:00+00:00,344.78571129982765
2024-06-07 04:45:00+00:00,341.99236128827357
2024-06-07 05:45:00+00:00,340.15576225871064
2024-06-07 06:45:00+00:00,343.8620937477248
2024-06-07 07:45:00+00:00,341.60224486660616
2024-06-07 08:45:00+00:00,340.5749027707535
2024-06-07 09:45:00+00:00,341.29113307992145
2024-06-10 03:45:00+00:00,342.4908079630262
2024-06-10 04:45:00+00:00,341.2204969917745
2024-06-10 05:45:00+00:00,341.2322852399938
2024-06-10 06:45:00+00:00,339.1726677195014
2024-06-10 07:45:00+00:00,338.16311283543973
2024-06-10 08:45:00+00:00,338.6868329549726
2024-06-10 09:45:00+00:00,339.9036574756932
2024-06-11 03:45:00+00:00,342.56653671167857
2024-06-11 04:45:00+00:00,345.80894898462793
2024-06-11 05:45:00+00:00,344.6906259324252
2024-06-11 06:45:00+00:00,343.6711695459294
2024-06-11 07:45:00+00:00,344.1743460215478
2024-06-11 08:45:00+00:00,343.0470522446081
2024-06-11 09:45:00+00:00,344.1385711205491
2024-06-12 03:45:00+00:00,341.0912490716992
2024-06-12 04:45:00+00:00,341.83324431992276
2024-06-12 05:45:00+00:00,341.60902699547876
2024-06-12 06:45:00+00:00,343.27360202956646
2024-06-12 07:45:00+00:00,343.5950990982522
2024-06-12 08:45:00+00:00,344.5885497213818
2024-06-12 09:45:00+00:00,347.4278922221471
2024-06-13 03:45:00+00:00,343.70478485504225
2024-06-13 04:45:00+00:00,343.9375537270198
2024-06-13 05:45:00+00:00,342.9145991088832
2024-06-13 06:45:00+00:00,344.29721520306384
2024-06-13 07:45:00+00:00,345.30785510860727
2024-06-13 08:45:00+00:00,348.92027420087953
2024-06-13 09:45:00+00:00,350.40522199629766
2024-06-14 03:45:00+00:00,350.93336700028016
2024-06-14 04:45:00+00:00,350.53353438967645
2024-06-14 05:45:00+00:00,349.7136228817003
2024-06-14 06:45:00+00:00,348.5993482079275
2024-06-14 07:45:00+00:00,349.6437957933489
2024-06-14 08:45:00+00:00,347.87152981868053
2024-06-14 09:45:00+00:00,345.04200195470935
2024-06-18 03:45:00+00:00,344.1218204021773
2024-06-18 04:45:00+00:00,345.5212121270822
2024-06-18 05:45:00+00:00,348.0688684902525
2024-06-18 06:45:00+00:00,347.72284561963124
2024-06-18 07:45:00+00:00,348.3251534738849
2024-06-18 08:45:00+00:00,347.32221504693206
2024-06-18 09:45:00+00:00,349.50160828689474
2024-06-19 03:45:00+00:00,347.2058739684292
2024-06-19 04:45:00+00:00,348.3093383377275
2024-06-19 05:45:00+00:00,347.67627457130476
2024-06-19 06:45:00+00:00,347.99927929216994
2024-06-19 07:45:00+00:00,348.54975687465844
2024-06-19 08:45:00+00:00,350.31749604432986
2024-06-19 09:45:00+00:00,351.81759763276904
2024-06-20 03:45:00+00:00,350.90669898602897
2024-06-20 04:45:00+00:00,350.0483936894397
2024-06-20 05:45:00+00:00,351.332893800485
2024-06-20 06:45:00+00:00,353.19123793777993
2024-06-20 07:45:00+00:00,357.8689898306781
2024-06-20 08:45:00+00:00,358.29001587173025
2024-06-20 09:45:00+00:00,358.49863409236264
2024-06-21 03:45:00+00:00,356.2578870785428
2024-06-21 04:45:00+00:00,355.3527434463237
2024-06-21 05:45:00+00:00,354.75358402132747
2024-06-21 06:45:00+00:00,354.9315517993055
2024-06-21 07:45:00+00:00,354.72635441745393
2024-06-21 08:45:00+00:00,355.97824265326074
2024-06-21 09:45:00+00:00,354.4073942352518
2024-06-24 03:45:00+00:00,356.54193152696024
2024-06-24 04:45:00+00:00,355.13872282546373
2024-06-24 05:45:00+00:00,353.77421658422355
2024-06-24 06:45:00+00:00,353.29347748860533
2024-06-24 07:45:00+00:00,352.43062129708363
2024-06-24 08:45:00+00:00,354.5498427492079
2024-06-24 09:45:00+00:00,357.4272741285102
2024-06-25 03:45:00+00:00,358.8420583741814
2024-06-25 04:45:00+00:00,357.49599482089315
2024-06-25 05:45:00+00:00,356.4630013855066
2024-06-25 06:45:00+00:00,354.4065143621235
2024-06-25 07:45:00+00:00,355.02263167304204
2024-06-25 08:45:00+00:00,353.7250400464159
2024-06-25 09:45:00+00:00,353.8797617677024
2024-06-26 03:45:00+00:00,355.1616435514489
2024-06-26 04:45:00+00:00,355.32199473803644
2024-06-26 05:45:00+00:00,353.5481640558893
2024-06-26 06:45:00+00:00,353.1922352378679
2024-06-26 07:45:00+00:00,355.9655807169507
2024-06-26 08:45:00+00:00,356.58170747219714
2024-06-26 09:45:00+00:00,356.2083278342183
2024-06-27 03:45:00+00:00,355.84378107142084
2024-06-27 04:45:00+00:00,355.83364651788656
2024-06-27 05:45:00+00:00,356.36035740203107
2024-06-27 06:45:00+00:00,355.1944002352103
2024-06-27 07:45:00+00:00,353.75940763092626
2024-06-27 08:45:00+00:00,355.25935446813526
2024-06-27 09:45:00+00:00,352.23204276881705
2024-06-28 03:45:00+00:00,352.4759819257375
2024-06-28 04:45:00+00:00,352.9688452348621
2024-06-28 05:45:00+00:00,353.42097069461596
2024-06-28 06:45:00+00:00,349.95395113690046
2024-06-28 07:45:00+00:00,351.7739365653637
2024-06-28 08:45:00+00:00,352.8781214517351
2024-06-28 09:45:00+00:00,350.49822908422334
2024-07-01 03:45:00+00:00,348.1538414055679
2024-07-01 04:45:00+00:00,347.5156902001638
2024-07-01 05:45:00+00:00,346.63520374358416
2024-07-01 06:45:00+00:00,348.24691960726216
2024-07-01 07:45:00+00:00,348.0692270623822
2024-07-01 08:45:00+00:00,346.7677299285182
2024-07-01 09:45:00+00:00,347.75836732078085
2024-07-02 03:45:00+00:00,349.9913329132425
2024-07-02 04:45:00+00:00,352.1152214487055
2024-07-02 05:45:00+00:00,350.3722353693617
2024-07-02 06:45:00+00:00,351.04718253196825
2024-07-02 08:45:00+00:00,351.87765103028727
2024-07-02 09:45:00+00:00,350.74539914628014
2024-07-03 03:45:00+00:00,354.0933064602776
2024-07-03 04:45:00+00:00,353.75160140814313
2024-07-03 05:45:00+00:00,352.95325818706465
2024-07-03 06:45:00+00:00,355.6796633328094
2024-07-03 07:45:00+00:00,358.4208534120511
2024-07-03 08:45:00+00:00,358.79012847527036
2024-07-03 09:45:00+00:00,358.89306216026307
2024-07-04 03:45:00+00:00,357.83924691499936
2024-07-04 04:45:00+00:00,358.5233525673437
2024-07-04 05:45:00+00:00,360.1635283354524
2024-07-04 06:45:00+00:00,360.38661183224366
2024-07-04 07:45:00+00:00,359.9183665184257
2024-07-04 08:45:00+00:00,359.9757065905108
2024-07-04 09:45:00+00:00,362.03969717523444
2024-07-05 03:45:00+00:00,361.13989931957303
2024-07-05 04:45:00+00:00,361.4202207926792
2024-07-05 05:45:00+00:00,363.2770632619991
2024-07-05 06:45:00+00:00,364.23647638068235
2024-07-05 07:45:00+00:00,365.0744694355848
2024-07-05 08:45:00+00:00,364.7692212210082
2024-07-05 09:45:00+00:00,365.7714431302079
2024-07-08 03:45:00+00:00,366.7752680851852
2024-07-08 04:45:00+00:00,367.2555352741072
2024-07-08 05:45:00+00:00,366.0773199020142
2024-07-08 06:45:00+00:00,367.4620989363236
2024-07-08 07:45:00+00:00,369.8406166628296
2024-07-08 08:45:00+00:00,368.23500645524757
2024-07-08 09:45:00+00:00,368.72303090089036
2024-07-09 03:45:00+00:00,368.54454641997245
2024-07-09 04:45:00+00:00,368.6822499155162
2024-07-09 05:45:00+00:00,367.8836278984229
2024-07-09 07:45:00+00:00,368.82799404924583
2024-07-09 08:45:00+00:00,369.6072733011267
2024-07-09 09:45:00+00:00,368.28728193565496
2024-07-10 03:45:00+00:00,366.8252051021046
2024-07-10 04:45:00+00:00,368.83682052903197
2024-07-10 05:45:00+00:00,368.19207118277444
2024-07-10 06:45:00+00:00,369.6288757467621
2024-07-10 07:45:00+00:00,363.963653671714
2024-07-10 08:45:00+00:00,363.8733677461121
2024-07-10 09:45:00+00:00,364.0091399218415
2024-07-11 03:45:00+00:00,364.8301819631724
2024-07-11 04:45:00+00:00,364.84741240044724
2024-07-11 05:45:00+00:00,368.6836096129584
2024-07-11 06:45:00+00:00,367.8184851655712
2024-07-11 07:45:00+00:00,368.75437601862825
2024-07-11 08:45:00+00:00,370.29527288845156
2024-07-11 09:45:00+00:00,368.4784961833079
2024-07-12 03:45:00+00:00,369.2678713847052
2024-07-12 04:45:00+00:00,369.0011391148321
2024-07-12 05:45:00+00:00,373.518834385293
2024-07-12 06:45:00+00:00,373.29215271260387
2024-07-12 07:45:00+00:00,377.74393191093145
2024-07-12 08:45:00+00:00,376.40052175071713
2024-07-12 09:45:00+00:00,375.5371621208818
2024-07-15 04:45:00+00:00,375.8460430408449
2024-07-15 05:45:00+00:00,374.9580370762961
2024-07-15 06:45:00+00:00,376.40262703216473
2024-07-15 07:45:00+00:00,375.22249835734294
2024-07-15 08:45:00+00:00,375.58264207570846
2024-07-15 09:45:00+00:00,375.9200788426243
2024-07-16 03:45:00+00:00,374.8711592890075
2024-07-16 04:45:00+00:00,372.8840645736751
2024-07-16 05:45:00+00:00,374.0165559255646
2024-07-16 06:45:00+00:00,377.9091487461214
2024-07-16 07:45:00+00:00,377.3979290644679
2024-07-16 08:45:00+00:00,376.76902794105115
2024-07-16 09:45:00+00:00,376.4775613277789
2024-07-18 03:45:00+00:00,375.1366800469804
2024-07-18 04:45:00+00:00,374.5342414650415
2024-07-18 05:45:00+00:00,374.8539428907175
2024-07-18 06:45:00+00:00,374.9805838127056
2024-07-18 07:45:00+00:00,376.17282353716337
2024-07-18 08:45:00+00:00,373.774677725572
2024-07-18 09:45:00+00:00,376.2772655225965
2024-07-19 03:45:00+00:00,379.5054357716951
2024-07-19 04:45:00+00:00,378.1047985724813
2024-07-19 05:45:00+00:00,379.5964328947818
2024-07-19 06:45:00+00:00,378.46922482863596
2024-07-19 07:45:00+00:00,376.6994253634878
2024-07-19 08:45:00+00:00,375.34164719320836
2024-07-19 09:45:00+00:00,373.60836533118857
2024-07-22 03:45:00+00:00,373.3458539719254
2024-07-22 04:45:00+00:00,378.2288636814935
2024-07-22 05:45:00+00:00,377.9383064122239
2024-07-22 06:45:00+00:00,380.17286129749715
2024-07-22 07:45:00+00:00,385.97422253367404
2024-07-22 08:45:00+00:00,385.391106169749
2024-07-22 09:45:00+00:00,384.3539513986838
2024-07-23 03:45:00+00:00,381.62236654009337
2024-07-23 04:45:00+00:00,383.60410333480536
2024-07-23 05:45:00+00:00,383.4003108196979
2024-07-23 06:45:00+00:00,383.8731145718281
2024-07-23 07:45:00+00:00,381.4691492673708
2024-07-23 08:45:00+00:00,380.2113016401945
2024-07-23 09:45:00+00:00,379.3458695018935
2024-07-24 03:45:00+00:00,379.80998059984654
2024-07-24 04:45:00+00:00,377.3439202041178
2024-07-24 05:45:00+00:00,378.598108455068
2024-07-24 06:45:00+00:00,377.87023345232205
2024-07-24 07:45:00+00:00,375.6274752934514
2024-07-24 08:45:00+00:00,374.0266722528291
2024-07-24 09:45:00+00:00,374.5849959898059
2024-07-25 03:45:00+00:00,375.17489504301125
2024-07-25 04:45:00+00:00,376.2961672125373
2024-07-25 05:45:00+00:00,379.868590225767
2024-07-25 06:45:00+00:00,378.2837086955901
2024-07-25 07:45:00+00:00,382.3512428708589
2024-07-25 08:45:00+00:00,382.1371929864824
2024-07-25 09:45:00+00:00,380.4918391513855
2024-07-26 03:45:00+00:00,378.5483310095464
2024-07-26 04:45:00+00:00,376.7974261221973
2024-07-26 05:45:00+00:00,376.21480576016916
2024-07-26 06:45:00+00:00,376.5585372402895
2024-07-26 07:45:00+00:00,373.44365627914794
2024-07-26 08:45:00+00:00,373.2693306601774
2024-07-26 09:45:00+00:00,371.2570186751804
2024-07-29 03:45:00+00:00,371.8877899668097
2024-07-29 04:45:00+00:00,371.5639410797687
2024-07-29 05:45:00+00:00,372.45054312301414
2024-07-29 06:45:00+00:00,372.8442367523559
2024-07-29 07:45:00+00:00,374.0959159607843
2024-07-29 08:45:00+00:00,371.9571698156574
2024-07-29 09:45:00+00:00,372.39020834298543
2024-07-30 03:45:00+00:00,372.3962549146789
2024-07-30 04:45:00+00:00,375.93190237448533
2024-07-30 05:45:00+00:00,376.2082715438681
2024-07-30 06:45:00+00:00,376.99832050998543
2024-07-30 07:45:00+00:00,376.2219282652841
2024-07-30 08:45:00+00:00,377.66255109900675
2024-07-30 09:45:00+00:00,378.727190145366
2024-07-31 03:45:00+00:00,379.61706829922485
2024-07-31 04:45:00+00:00,378.3658053904686
2024-07-31 05:45:00+00:00,378.3283292724949
2024-07-31 06:45:00+00:00,378.383531903592
2024-07-31 07:45:00+00:00,377.9943271393367
2024-07-31 08:45:00+00:00,377.7063046084576
2024-07-31 09:45:00+00:00,375.56087112468543
2024-08-01 03:45:00+00:00,375.28418068618413
2024-08-01 04:45:00+00:00,373.7508294875056
2024-08-01 05:45:00+00:00,373.4510546295117
2024-08-01 06:45:00+00:00,371.4165469726994
2024-08-01 07:45:00+00:00,371.2085025658826
2024-08-01 08:45:00+00:00,372.72203298719853
2024-08-01 09:45:00+00:00,373.259379817709
2024-08-02 03:45:00+00:00,372.38993837634354
2024-08-02 04:45:00+00:00,373.2189519019085
2024-08-02 05:45:00+00:00,371.74001156466534
2024-08-02 06:45:00+00:00,371.59478001236204
2024-08-02 07:45:00+00:00,370.1015682079242
2024-08-02 08:45:00+00:00,370.507500482508
2024-08-02 09:45:00+00:00,371.1458302012787
2024-08-05 03:45:00+00:00,372.7921313714565
2024-08-05 04:45:00+00:00,372.59667361432474
2024-08-05 05:45:00+00:00,372.41569602108217
2024-08-05 06:45:00+00:00,370.16398216310506
2024-08-05 07:45:00+00:00,368.6555300198423
2024-08-05 08:45:00+00:00,369.0783576572881
2024-08-05 09:45:00+00:00,369.45915963108445
2024-08-06 03:45:00+00:00,369.2199629408751
2024-08-06 04:45:00+00:00,370.30370430495594
2024-08-06 05:45:00+00:00,369.00852423787757
2024-08-06 06:45:00+00:00,366.152836909009
2024-08-06 07:45:00+00:00,367.09951829686105
2024-08-06 08:45:00+00:00,368.9684691421903
2024-08-06 09:45:00+00:00,369.80134160427525
2024-08-07 03:45:00+00:00,367.51982039394625
2024-08-07 04:45:00+00:00,365.53953956515477
2024-08-07 05:45:00+00:00,362.3090008017324
2024-08-07 06:45:00+00:00,358.26352172766514
2024-08-07 07:45:00+00:00,358.3633051962892
2024-08-07 08:45:00+00:00,358.83311039917925
2024-08-07 09:45:00+00:00,356.69841307505516
2024-08-08 03:45:00+00:00,354.83703645749694
2024-08-08 04:45:00+00:00,349.74855641887154
2024-08-08 05:45:00+00:00,349.1117475583559
2024-08-08 06:45:00+00:00,348.8041864786547
2024-08-08 07:45:00+00:00,347.85293723460137
2024-08-08 08:45:00+00:00,345.2079450294194
2024-08-08 09:45:00+00:00,347.59706791909775
2024-08-09 03:45:00+00:00,347.6219380453668
2024-08-09 04:45:00+00:00,346.7781810504588
2024-08-09 05:45:00+00:00,346.615404850538
2024-08-09 06:45:00+00:00,347.65112261208765
2024-08-09 07:45:00+00:00,348.7559953766846
2024-08-09 08:45:00+00:00,348.4553636000065
2024-08-09 09:45:00+00:00,349.413917939747
2024-08-12 03:45:00+00:00,351.58039587769804
2024-08-12 04:45:00+00:00,350.27857503868324
2024-08-12 05:45:00+00:00,347.9119426244724
2024-08-12 06:45:00+00:00,348.68574996803966
2024-08-12 07:45:00+00:00,345.3410649773042
2024-08-12 08:45:00+00:00,346.1945881535263
2024-08-12 09:45:00+00:00,348.9621003575536
2024-08-13 03:45:00+00:00,350.77966654400456
2024-08-13 04:45:00+00:00,350.12962333565645
2024-08-13 05:45:00+00:00,351.8691596777718
2024-08-13 06:45:00+00:00,351.49363622655903
2024-08-13 07:45:00+00:00,351.33680356105634
2024-08-13 08:45:00+00:00,354.1409268180849
2024-08-13 09:45:00+00:00,356.6265084981192
2024-08-14 03:45:00+00:00,355.7092485176061
2024-08-14 04:45:00+00:00,353.9310570930198
2024-08-14 05:45:00+00:00,354.724865153012
2024-08-14 06:45:00+00:00,356.70813337935135
2024-08-14 07:45:00+00:00,357.1074638278133
2024-08-14 08:45:00+00:00,358.30765379464003
2024-08-14 09:45:00+00:00,359.2415098587083
2024-08-16 03:45:00+00:00,359.8366501355826
2024-08-16 04:45:00+00:00,359.32103260269474
2024-08-16 05:45:00+00:00,360.67197605268507
2024-08-16 06:45:00+00:00,360.6400123230282
2024-08-16 07:45:00+00:00,361.2163019304348
2024-08-16 08:45:00+00:00,361.454675970336
2024-08-16 09:45:00+00:00,361.3939198091737
2024-08-19 03:45:00+00:00,362.13283410193964
2024-08-19 04:45:00+00:00,361.2940984120072
2024-08-19 05:45:00+00:00,362.7934015750902
2024-08-19 06:45:00+00:00,366.53061158392967
2024-08-19 07:45:00+00:00,367.0830626092113
2024-08-19 08:45:00+00:00,366.2522975167204
2024-08-19 09:45:00+00:00,363.94640567754794
2024-08-20 03:45:00+00:00,366.4935358562278
2024-08-20 04:45:00+00:00,366.9503681995351
2024-08-20 05:45:00+00:00,362.2798601822595
2024-08-20 06:45:00+00:00,361.6135718469589
2024-08-20 07:45:00+00:00,363.9032438500736
2024-08-20 08:45:00+00:00,360.73598148963146
2024-08-20 09:45:00+00:00,360.77468498914834
2024-08-21 03:45:00+00:00,361.53503377517393
2024-08-21 04:45:00+00:00,365.9109604203461
2024-08-21 05:45:00+00:00,361.3819232093508
2024-08-21 06:45:00+00:00,360.54728609318136
2024-08-21 07:45:00+00:00,362.0479422209357
2024-08-21 08:45:00+00:00,361.2228809313081
2024-08-21 09:45:00+00:00,362.033411899034
2024-08-22 03:45:00+00:00,362.7922718891627
2024-08-22 04:45:00+00:00,359.4196545138077
2024-08-22 05:45:00+00:00,355.1780820542809
2024-08-22 06:45:00+00:00,353.30899795467076
2024-08-22 07:45:00+00:00,356.6643669025718
2024-08-22 08:45:00+00:00,359.7651567100846
2024-08-22 09:45:00+00:00,360.4207475452144
2024-08-23 03:45:00+00:00,358.3449497393423
2024-08-23 04:45:00+00:00,359.5153502514142
2024-08-23 05:45:00+00:00,357.1721825299997
2024-08-23 06:45:00+00:00,359.04632466014664
2024-08-23 07:45:00+00:00,356.8640349764403
2024-08-23 08:45:00+00:00,357.4425420842569
2024-08-23 09:45:00+00:00,359.0608073229611
2024-08-26 03:45:00+00:00,358.92584588605
2024-08-26 04:45:00+00:00,360.5298806842087
2024-08-26 05:45:00+00:00,359.36944608854003
2024-08-26 06:45:00+00:00,361.3514817258001
2024-08-26 07:45:00+00:00,361.52779641473063
2024-08-26 08:45:00+00:00,363.07618915862236
2024-08-26 09:45:00+00:00,363.23511741182443
2024-08-27 03:45:00+00:00,362.73843091137365
2024-08-27 04:45:00+00:00,362.33940479871256
2024-08-27 05:45:00+00:00,362.02041235528856
2024-08-27 06:45:00+00:00,364.4660150527813
2024-08-27 07:45:00+00:00,364.8014050817809
2024-08-27 08:45:00+00:00,365.0038577662967
2024-08-27 09:45:00+00:00,368.02323020335996
2024-08-28 03:45:00+00:00,370.44204990777564
2024-08-28 04:45:00+00:00,369.54183017885794
2024-08-28 05:45:00+00:00,364.43835331678986
2024-08-28 06:45:00+00:00,367.09045804271136
2024-08-28 07:45:00+00:00,369.7331981301187
2024-08-28 08:45:00+00:00,372.52524555274954
2024-08-28 09:45:00+00:00,373.34637907213965
2024-08-29 03:45:00+00:00,368.40898199207027
2024-08-29 04:45:00+00:00,368.8949914472907
2024-08-29 05:45:00+00:00,369.9327189420116
2024-08-29 06:45:00+00:00,372.40953135226624
2024-08-29 07:45:00+00:00,374.46421542156605
2024-08-29 08:45:00+00:00,373.0845454070918
2024-08-29 09:45:00+00:00,376.06364207697254
2024-08-30 03:45:00+00:00,373.9579110122929
2024-08-30 04:45:00+00:00,374.0654976498913
2024-08-30 05:45:00+00:00,372.3024575510181
2024-08-30 06:45:00+00:00,371.7880659519912
2024-08-30 07:45:00+00:00,371.0550124462213
2024-08-30 08:45:00+00:00,370.43379435643294
2024-08-30 09:45:00+00:00,373.8303302155537
2024-09-02 03:45:00+00:00,377.0670814470551
2024-09-02 04:45:00+00:00,374.33145974033073
2024-09-02 05:45:00+00:00,372.5713106149321
2024-09-02 06:45:00+00:00,373.29130916521507
2024-09-02 07:45:00+00:00,373.92079300207376
2024-09-02 08:45:00+00:00,373.0307342624949
2024-09-02 09:45:00+00:00,371.0477512097645
2024-09-03 03:45:00+00:00,370.7601987717539
2024-09-03 04:45:00+00:00,366.80595721788825
2024-09-03 05:45:00+00:00,366.27987883474566
2024-09-03 06:45:00+00:00,367.16090038778987
2024-09-03 07:45:00+00:00,365.26595739272017
2024-09-03 08:45:00+00:00,364.8896984804816
2024-09-03 09:45:00+00:00,365.52552688915875
2024-09-04 03:45:00+00:00,365.1049701734854
2024-09-04 04:45:00+00:00,362.5031201488696
2024-09-04 05:45:00+00:00,363.19983545348975
2024-09-04 06:45:00+00:00,364.2458924043172
2024-09-04 07:45:00+00:00,365.6816276412794
2024-09-04 08:45:00+00:00,364.23574324551157
2024-09-04 09:45:00+00:00,366.4189676464503
2024-09-05 03:45:00+00:00,363.95742917430084
2024-09-05 04:45:00+00:00,364.15407376380597
2024-09-05 05:45:00+00:00,367.39943213963323
2024-09-05 06:45:00+00:00,368.6621515458362
2024-09-05 07:45:00+00:00,368.6670120746166
2024-09-05 08:45:00+00:00,367.5465560960714
2024-09-05 09:45:00+00:00,366.1348805391154
2024-09-06 03:45:00+00:00,367.47778490847304
2024-09-06 04:45:00+00:00,364.3206665254169
2024-09-06 05:45:00+00:00,365.4728234272882
2024-09-06 06:45:00+00:00,364.5455325430263
2024-09-06 07:45:00+00:00,366.11352083106306
2024-09-06 08:45:00+00:00,365.741015902072
2024-09-06 09:45:00+00:00,365.18391073541204
2024-09-09 03:45:00+00:00,367.7990830494845
2024-09-09 04:45:00+00:00,366.8207844073403
2024-09-09 05:45:00+00:00,367.09829370732496
2024-09-09 06:45:00+00:00,367.4659918404349
2024-09-09 07:45:00+00:00,367.21569385927535
2024-09-09 08:45:00+00:00,369.9648870628337
2024-09-09 09:45:00+00:00,371.64669633780267
2024-09-10 03:45:00+00:00,371.63435686097034
2024-09-10 04:45:00+00:00,371.9448980316481
2024-09-10 05:45:00+00:00,372.00303255239425
2024-09-10 06:45:00+00:00,370.4825973091677
2024-09-10 07:45:00+00:00,370.4081391313613
2024-09-10 08:45:00+00:00,373.27768222172404
2024-09-10 09:45:00+00:00,372.8126561563613
2024-09-11 03:45:00+00:00,372.3622766438937
2024-09-11 04:45:00+00:00,372.2072214774957
2024-09-11 05:45:00+00:00,371.35972660043274
2024-09-11 06:45:00+00:00,371.06765438351874
2024-09-11 07:45:00+00:00,371.0280005738923
2024-09-11 08:45:00+00:00,368.7221030786844
2024-09-11 09:45:00+00:00,369.28693671346537
2024-09-12 03:45:00+00:00,370.830540112858
2024-09-12 04:45:00+00:00,369.76287743278755
2024-09-12 05:45:00+00:00,369.460272526447
2024-09-12 06:45:00+00:00,369.67004304611817
2024-09-12 07:45:00+00:00,368.1595356720392
2024-09-12 08:45:00+00:00,368.9861482828087
2024-09-12 09:45:00+00:00,366.85108352591993
2024-09-13 03:45:00+00:00,366.51153156864996
2024-09-13 04:45:00+00:00,366.68213892619866
2024-09-13 05:45:00+00:00,369.96329892147924
2024-09-13 06:45:00+00:00,374.2354223701525
2024-09-13 07:45:00+00:00,372.3107095523307
2024-09-13 08:45:00+00:00,369.80865252437474
2024-09-13 09:45:00+00:00,365.8125067263671
2024-09-16 03:45:00+00:00,366.1576528358859
2024-09-16 04:45:00+00:00,367.04076953865217
2024-09-16 05:45:00+00:00,365.1912813850751
2024-09-16 06:45:00+00:00,361.7801232831164
2024-09-16 07:45:00+00:00,359.21706232028714
2024-09-16 08:45:00+00:00,356.92017556640604
2024-09-16 09:45:00+00:00,356.3632695387499
2024-09-17 03:45:00+00:00,355.25390908063525
2024-09-17 04:45:00+00:00,354.34984871039836
2024-09-17 05:45:00+00:00,351.5525085006815
2024-09-17 06:45:00+00:00,352.93152960464215
2024-09-17 07:45:00+00:00,350.0196657510648
2024-09-17 08:45:00+00:00,351.548764079594
2024-09-17 09:45:00+00:00,351.4356084438505
2024-09-18 03:45:00+00:00,352.4350651116224
2024-09-18 04:45:00+00:00,351.2390379222221
2024-09-18 05:45:00+00:00,352.22228924615587
2024-09-18 06:45:00+00:00,351.97186792668094
2024-09-18 07:45:00+00:00,354.8154851777468
2024-09-18 08:45:00+00:00,355.8440467104957
2024-09-18 09:45:00+00:00,357.27154934237115
2024-09-19 03:45:00+00:00,360.46905528520347
2024-09-19 04:45:00+00:00,360.06851661708646
2024-09-19 05:45:00+00:00,359.3109802990265
2024-09-19 06:45:00+00:00,360.0529920239019
2024-09-19 07:45:00+00:00,358.5070595270763
2024-09-19 08:45:00+00:00,361.7770419806638
2024-09-19 09:45:00+00:00,365.0052997691503
2024-09-20 03:45:00+00:00,363.17569839653027
2024-09-20 04:45:00+00:00,362.070334108111
2024-09-20 05:45:00+00:00,362.0564468270054
2024-09-20 06:45:00+00:00,361.9926475678406
2024-09-20 07:45:00+00:00,363.21239965089245
2024-09-20 08:45:00+00:00,362.70357622222616
2024-09-20 09:45:00+00:00,362.17918290642814
2024-09-23 03:45:00+00:00,362.0070534604023
2024-09-23 04:45:00+00:00,365.5400619964359
2024-09-23 05:45:00+00:00,363.21502133687875
2024-09-23 06:45:00+00:00,365.82822581677635
2024-09-23 07:45:00+00:00,370.7094712741726
2024-09-23 08:45:00+00:00,369.3116352289095
2024-09-23 09:45:00+00:00,370.05105351988453
2024-09-24 03:45:00+00:00,366.88488967918965
2024-09-24 04:45:00+00:00,369.8684267487554
2024-09-24 05:45:00+00:00,366.3591516708052
2024-09-24 06:45:00+00:00,366.4007535101189
2024-09-24 07:45:00+00:00,362.1791238201609
2024-09-24 08:45:00+00:00,360.7112432170427
2024-09-24 09:45:00+00:00,361.5700554996714
2024-09-25 03:45:00+00:00,362.6755722718654
2024-09-25 04:45:00+00:00,363.73739006925496
2024-09-25 05:45:00+00:00,364.50883496989894
2024-09-25 06:45:00+00:00,366.8396707406907
2024-09-25 07:45:00+00:00,369.08118279004697
2024-09-25 08:45:00+00:00,364.9116826959094
2024-09-25 09:45:00+00:00,365.86172561634885
2024-09-26 03:45:00+00:00,365.5669998589915
2024-09-26 04:45:00+00:00,367.1479911311603
2024-09-26 05:45:00+00:00,369.4211258146338
2024-09-26 06:45:00+00:00,367.46017012007627
2024-09-26 07:45:00+00:00,368.53853002689385
2024-09-26 08:45:00+00:00,368.6599849255796
2024-09-26 09:45:00+00:00,367.50679191566974
2024-09-27 03:45:00+00:00,364.15927668541696
2024-09-27 04:45:00+00:00,363.08384797443
2024-09-27 05:45:00+00:00,363.07516255872747
2024-09-27 06:45:00+00:00,363.368749811092
2024-09-27 07:45:00+00:00,365.3854112798945
2024-09-27 08:45:00+00:00,364.77730032812855
2024-09-27 09:45:00+00:00,364.75287308773335
2024-09-30 03:45:00+00:00,363.7518840644732
2024-09-30 04:45:00+00:00,361.48161800019176
2024-09-30 05:45:00+00:00,361.4720933844041
2024-09-30 06:45:00+00:00,359.6812642539595
2024-09-30 07:45:00+00:00,359.2592355030199
2024-09-30 08:45:00+00:00,358.2876380319257
2024-09-30 09:45:00+00:00,359.52385547886126
2024-10-01 03:45:00+00:00,360.50659754983366
2024-10-01 04:45:00+00:00,358.72786618383145
2024-10-01 05:45:00+00:00,357.6142341701498
2024-10-01 06:45:00+00:00,357.742178883586
2024-10-01 07:45:00+00:00,358.8438229340972
2024-10-01 08:45:00+00:00,363.0360843019067
2024-10-01 09:45:00+00:00,360.69675971271636
2024-10-03 03:45:00+00:00,358.8721864344751
2024-10-03 04:45:00+00:00,361.9605730319259
2024-10-03 05:45:00+00:00,358.5637380541566
2024-10-03 06:45:00+00:00,354.31148918261476
2024-10-03 07:45:00+00:00,355.13065341457394
2024-10-03 08:45:00+00:00,359.6754768884755
2024-10-03 09:45:00+00:00,363.15309414965026
2024-10-04 03:45:00+00:00,363.61608032129
2024-10-04 04:45:00+00:00,362.90830758393923
2024-10-04 05:45:00+00:00,364.33175656917354
2024-10-04 06:45:00+00:00,363.71578712406364
2024-10-04 07:45:00+00:00,364.7461495905848
2024-10-04 08:45:00+00:00,362.1653536263241
2024-10-04 09:45:00+00:00,357.90570373273397
2024-10-07 03:45:00+00:00,359.7443111998819
2024-10-07 04:45:00+00:00,361.13440333588574
2024-10-07 05:45:00+00:00,361.98068908709865
2024-10-07 06:45:00+00:00,359.29133743732467
2024-10-07 07:45:00+00:00,359.34072507555214
2024-10-07 08:45:00+00:00,358.95027375791244
2024-10-07 09:45:00+00:00,356.6606302906772
2024-10-08 03:45:00+00:00,355.6382636937527
2024-10-08 04:45:00+00:00,354.09925646613334
2024-10-08 05:45:00+00:00,353.29520704884794
2024-10-08 06:45:00+00:00,351.5047169023714
2024-10-08 07:45:00+00:00,349.82904457533687
2024-10-08 08:45:00+00:00,349.7414500140491
2024-10-08 09:45:00+00:00,348.8902435894291
2024-10-09 03:45:00+00:00,346.87069505694154
2024-10-09 04:45:00+00:00,346.0732679886812
2024-10-09 05:45:00+00:00,345.6207195045359
2024-10-09 06:45:00+00:00,345.2986162635032
2024-10-09 07:45:00+00:00,347.14984688735194
2024-10-09 08:45:00+00:00,346.723258317746
2024-10-09 09:45:00+00:00,345.8113734237957
2024-10-10 03:45:00+00:00,346.200191839846
2024-10-10 04:45:00+00:00,346.63378525666155
2024-10-10 05:45:00+00:00,344.29230305049754
2024-10-10 06:45:00+00:00,346.40204058478
2024-10-10 07:45:00+00:00,345.1622455822437
2024-10-10 08:45:00+00:00,347.59245569433443
2024-10-10 09:45:00+00:00,347.6960176377037
2024-10-11 03:45:00+00:00,349.7347248494244
2024-10-11 04:45:00+00:00,349.39108404237993
2024-10-11 05:45:00+00:00,351.837350594195
2024-10-11 06:45:00+00:00,353.356573330842
2024-10-11 07:45:00+00:00,353.7248411233765
2024-10-11 08:45:00+00:00,351.9735951257445
2024-10-11 09:45:00+00:00,352.49127837754537
2024-10-14 03:45:00+00:00,350.9399803539323
2024-10-14 04:45:00+00:00,351.49117324978204
2024-10-14 05:45:00+00:00,352.2842407310691
2024-10-14 06:45:00+00:00,353.2737326286689
2024-10-14 07:45:00+00:00,354.7243446447296
2024-10-14 08:45:00+00:00,354.5982132265214
2024-10-14 09:45:00+00:00,351.96424947169373
2024-10-15 03:45:00+00:00,352.7899811793114
2024-10-15 04:45:00+00:00,353.4382117896242
2024-10-15 05:45:00+00:00,354.18046118459097
2024-10-15 06:45:00+00:00,354.01457139071505
2024-10-15 07:45:00+00:00,354.64645197368424
2024-10-15 08:45:00+00:00,351.64937350074183
2024-10-15 09:45:00+00:00,353.2660849391697
2024-10-16 03:45:00+00:00,353.1018563809952
2024-10-16 04:45:00+00:00,353.70620509244407
2024-10-16 05:45:00+00:00,352.451429691157
2024-10-16 06:45:00+00:00,349.0021640992406
2024-10-16 07:45:00+00:00,346.32330481782293
2024-10-16 08:45:00+00:00,348.9786588013442
2024-10-16 09:45:00+00:00,349.0705701693214
2024-10-17 03:45:00+00:00,347.85237039610774
2024-10-17 04:45:00+00:00,346.8506084264839
2024-10-17 05:45:00+00:00,343.3392527987644
2024-10-17 06:45:00+00:00,343.72471887425553
2024-10-17 07:45:00+00:00,341.8108951969624
2024-10-17 08:45:00+00:00,341.96225852643823
2024-10-17 09:45:00+00:00,346.1087419822114
2024-10-18 03:45:00+00:00,347.07666586082695
2024-10-18 04:45:00+00:00,347.1277590004772
2024-10-18 05:45:00+00:00,351.1963214468902
2024-10-18 06:45:00+00:00,350.65375232932325
2024-10-18 07:45:00+00:00,350.6585129900158
2024-10-18 08:45:00+00:00,348.01951811446816
2024-10-18 09:45:00+00:00,348.2681482095086
2024-10-21 03:45:00+00:00,347.3848423420581
2024-10-21 04:45:00+00:00,347.2931788107118
2024-10-21 05:45:00+00:00,348.3973080374156
2024-10-21 06:45:00+00:00,348.8278803220182
2024-10-21 07:45:00+00:00,347.43080866260317
2024-10-21 08:45:00+00:00,345.2897874161687
2024-10-21 09:45:00+00:00,343.9684703825599
2024-10-22 03:45:00+00:00,342.36109820863817
2024-10-22 04:45:00+00:00,341.7754590191832
2024-10-22 05:45:00+00:00,341.7321564104587
2024-10-22 06:45:00+00:00,339.89276666123476
2024-10-22 07:45:00+00:00,342.096087355109
2024-10-22 08:45:00+00:00,342.2918848707929
2024-10-22 09:45:00+00:00,342.6342966616603
2024-10-23 03:45:00+00:00,343.0340152549491
2024-10-23 04:45:00+00:00,340.3858061708825
2024-10-23 05:45:00+00:00,341.88469347852805
2024-10-23 06:45:00+00:00,339.3028071631517
2024-10-23 07:45:00+00:00,338.6781495825679
2024-10-23 08:45:00+00:00,337.03943722017124
2024-10-23 09:45:00+00:00,336.73941596982377
2024-10-24 03:45:00+00:00,340.34783232468425
2024-10-24 04:45:00+00:00,342.6321334952515
2024-10-24 05:45:00+00:00,341.8085308433588
2024-10-24 06:45:00+00:00,342.16444122444193
2024-10-24 07:45:00+00:00,344.57274598960925
2024-10-24 08:45:00+00:00,343.08880202561073
2024-10-24 09:45:00+00:00,344.26063444932737
2024-10-25 03:45:00+00:00,344.70560001932614
2024-10-25 04:45:00+00:00,345.5488948211488
2024-10-25 05:45:00+00:00,346.53910632150604
2024-10-25 06:45:00+00:00,345.8070159180164
2024-10-25 07:45:00+00:00,346.8331305595396
2024-10-25 08:45:00+00:00,347.0591328048825
2024-10-25 09:45:00+00:00,346.49630511990983
2024-10-28 03:45:00+00:00,342.8297965167262
2024-10-28 04:45:00+00:00,343.1493350802854
2024-10-28 05:45:00+00:00,340.5602687058408
2024-10-28 06:45:00+00:00,338.08013978003856
2024-10-28 07:45:00+00:00,339.5835295507576
2024-10-28 08:45:00+00:00,336.8912495794595
2024-10-28 09:45:00+00:00,337.7834893082534
2024-10-29 03:45:00+00:00,336.43160416419073
2024-10-29 04:45:00+00:00,336.9195977012131
2024-10-29 05:45:00+00:00,338.69193757264946
2024-10-29 06:45:00+00:00,337.8522400891971
2024-10-29 07:45:00+00:00,336.8868397938046
2024-10-29 08:45:00+00:00,335.75507247006095
2024-10-29 09:45:00+00:00,337.4653186141591
2024-10-30 03:45:00+00:00,335.323938572561
2024-10-30 04:45:00+00:00,334.8668091097819
2024-10-30 05:45:00+00:00,336.3800384378011
2024-10-30 06:45:00+00:00,336.91529995139746
2024-10-30 07:45:00+00:00,338.22040640174976
2024-10-30 08:45:00+00:00,336.14038871106777
2024-10-30 09:45:00+00:00,337.78920421241514
2024-10-31 03:45:00+00:00,336.37997478588034
2024-10-31 04:45:00+00:00,337.52014018630877
2024-10-31 05:45:00+00:00,336.1415447836689
2024-10-31 06:45:00+00:00,336.0484879102713
2024-10-31 07:45:00+00:00,334.711289273129
2024-10-31 08:45:00+00:00,333.7491526729353
2024-10-31 09:45:00+00:00,336.02975166236143
2024-11-04 03:45:00+00:00,334.77211150111424
2024-11-04 04:45:00+00:00,337.91753740472905
2024-11-04 05:45:00+00:00,336.9796593527474
2024-11-04 06:45:00+00:00,339.4645389766042
2024-11-04 07:45:00+00:00,339.0650909349103
2024-11-04 08:45:00+00:00,340.2638341145652
2024-11-04 09:45:00+00:00,340.01795797943566
2024-11-05 03:45:00+00:00,340.85132152427155
2024-11-05 04:45:00+00:00,341.125439126375
2024-11-05 05:45:00+00:00,342.7195107656612
2024-11-05 06:45:00+00:00,343.6375383182431
2024-11-05 07:45:00+00:00,345.35202143970156
2024-11-05 08:45:00+00:00,345.96816895349104
2024-11-05 09:45:00+00:00,348.1144799209472
2024-11-06 03:45:00+00:00,350.81966004732914
2024-11-06 04:45:00+00:00,351.9478877923247
2024-11-06 05:45:00+00:00,352.6712218139179
2024-11-06 06:45:00+00:00,353.58896379456576
2024-11-06 07:45:00+00:00,354.41643986361777
2024-11-06 08:45:00+00:00,354.7276269486868
2024-11-06 09:45:00+00:00,353.50350619833506
2024-11-07 03:45:00+00:00,352.8423830530582
2024-11-07 04:45:00+00:00,354.34089043758644
2024-11-07 05:45:00+00:00,354.8051454094742
2024-11-07 06:45:00+00:00,353.66060319223465
2024-11-07 07:45:00+00:00,355.5600700414315
2024-11-07 08:45:00+00:00,355.15047726448563
2024-11-08 03:45:00+00:00,358.48641839677305
2024-11-08 04:45:00+00:00,355.70974564892776
2024-11-08 05:45:00+00:00,354.07395334563415
2024-11-08 06:45:00+00:00,352.5505537608594
2024-11-08 07:45:00+00:00,353.2455905792524
2024-11-08 08:45:00+00:00,353.36097916451683
2024-11-08 09:45:00+00:00,355.3902929592335
2024-11-11 03:45:00+00:00,357.2487246343215
2024-11-11 04:45:00+00:00,358.5002100055111
2024-11-11 05:45:00+00:00,358.7809224496542
2024-11-11 06:45:00+00:00,360.83462670290027
2024-11-11 07:45:00+00:00,358.8189759036801
2024-11-11 08:45:00+00:00,360.8255869662798
2024-11-11 09:45:00+00:00,361.6524045013379
2024-11-12 03:45:00+00:00,363.11357659244146
2024-11-12 04:45:00+00:00,365.6000403638389
2024-11-12 05:45:00+00:00,361.9933618916126
2024-11-12 06:45:00+00:00,362.35268928247257
2024-11-12 07:45:00+00:00,360.1082356805214
2024-11-12 08:45:00+00:00,360.1180988268905
2024-11-12 09:45:00+00:00,359.3253010975747
2024-11-13 03:45:00+00:00,358.0647668984009
2024-11-13 04:45:00+00:00,357.5876785977714
2024-11-13 05:45:00+00:00,356.34152602232507
2024-11-13 06:45:00+00:00,356.3335218710937
2024-11-13 07:45:00+00:00,359.49164360927824
2024-11-13 08:45:00+00:00,362.9105950744491
2024-11-13 09:45:00+00:00,363.18547232417285
2024-11-14 03:45:00+00:00,364.60743218450915
2024-11-14 04:45:00+00:00,364.49913777798326
2024-11-14 05:45:00+00:00,366.0836626547358
2024-11-14 06:45:00+00:00,366.65760174992863
2024-11-14 07:45:00+00:00,365.8723983475401
2024-11-14 08:45:00+00:00,365.1471701861872
2024-11-14 09:45:00+00:00,364.71476970500726
2024-11-18 03:45:00+00:00,366.2124470421247
2024-11-18 04:45:00+00:00,366.05732588181996
2024-11-18 05:45:00+00:00,364.4676268868019
2024-11-18 06:45:00+00:00,363.9620902755014
2024-11-18 07:45:00+00:00,364.47153562406356
2024-11-18 08:45:00+00:00,364.8839218720683
2024-11-18 09:45:00+00:00,364.9139956362753
2024-11-19 03:45:00+00:00,364.6519751746801
2024-11-19 04:45:00+00:00,365.58179038043056
2024-11-19 05:45:00+00:00,365.57976302673984
2024-11-19 06:45:00+00:00,365.52779257540743
2024-11-19 07:45:00+00:00,365.7249116025257
2024-11-19 08:45:00+00:00,368.83692630303875
2024-11-19 09:45:00+00:00,368.7165332055169
2024-11-21 03:45:00+00:00,366.3162997546017
2024-11-21 04:45:00+00:00,367.1086095095582
2024-11-21 05:45:00+00:00,363.4792992041946
2024-11-21 06:45:00+00:00,359.4421790554157
2024-11-21 07:45:00+00:00,359.8277517017413
2024-11-21 08:45:00+00:00,359.61572413252463
2024-11-21 09:45:00+00:00,360.8152452878651
2024-11-22 03:45:00+00:00,360.34961514727064
2024-11-22 04:45:00+00:00,359.5597085807522
2024-11-22 05:45:00+00:00,357.96226884810403
2024-11-22 06:45:00+00:00,357.6103344721693
2024-11-22 07:45:00+00:00,358.63539473327165
2024-11-22 08:45:00+00:00,358.94037293360327
2024-11-22 09:45:00+00:00,358.71797864419625
2024-11-25 03:45:00+00:00,361.47776178001965
2024-11-25 04:45:00+00:00,357.8589955716391
2024-11-25 05:45:00+00:00,359.5051786264126
2024-11-25 06:45:00+00:00,360.1728171650008
2024-11-25 07:45:00+00:00,357.85755906998094
2024-11-25 08:45:00+00:00,357.3466289393449
2024-11-25 09:45:00+00:00,356.4722251370782
2024-11-26 03:45:00+00:00,358.02652099408766
2024-11-26 04:45:00+00:00,357.1248382845034
2024-11-26 05:45:00+00:00,360.76783742594995
2024-11-26 06:45:00+00:00,361.27800712896436
2024-11-26 07:45:00+00:00,361.7468474279663
2024-11-26 08:45:00+00:00,361.17543453843786
2024-11-27 03:45:00+00:00,363.9261152548734
2024-11-27 04:45:00+00:00,361.78041925692503
2024-11-27 05:45:00+00:00,361.7115562158287
2024-11-27 06:45:00+00:00,359.1650904774137
2024-11-27 07:45:00+00:00,355.6682151472901
2024-11-27 08:45:00+00:00,352.60808014035894
2024-11-27 09:45:00+00:00,351.6493465041022
2024-11-28 03:45:00+00:00,350.4914525266441
2024-11-28 04:45:00+00:00,352.65503941882804
2024-11-28 05:45:00+00:00,352.4653847937949
2024-11-28 06:45:00+00:00,352.7777457537108
2024-11-28 07:45:00+00:00,353.15626276521107
2024-11-28 08:45:00+00:00,352.6507039581557
2024-11-28 09:45:00+00:00,350.8663080964153
2024-11-29 03:45:00+00:00,349.3290427072875
2024-11-29 04:45:00+00:00,351.2125534995098
2024-11-29 05:45:00+00:00,355.5087918481341
2024-11-29 07:45:00+00:00,356.36699508930394
2024-11-29 08:45:00+00:00,360.39157594218165
2024-11-29 09:45:00+00:00,364.69424049013975
2024-12-02 03:45:00+00:00,363.4216372026223
2024-12-02 04:45:00+00:00,360.6015188100962
2024-12-02 05:45:00+00:00,360.4401484030475
2024-12-02 06:45:00+00:00,360.49723758523425
2024-12-02 07:45:00+00:00,361.5551321101195
2024-12-02 08:45:00+00:00,362.1360726944962
2024-12-02 09:45:00+00:00,363.08789719154413
2024-12-03 03:45:00+00:00,365.44654339688327
2024-12-03 04:45:00+00:00,364.29058480137354
2024-12-03 05:45:00+00:00,364.97660825363727
2024-12-03 06:45:00+00:00,365.0782998781003
2024-12-03 07:45:00+00:00,365.0919862017566
2024-12-03 08:45:00+00:00,368.1164286668222
2024-12-03 09:45:00+00:00,368.24230042300394
2024-12-04 03:45:00+00:00,367.7407112218094
2024-12-04 04:45:00+00:00,366.22592183119684
2024-12-04 05:45:00+00:00,366.67016151843694
2024-12-04 06:45:00+00:00,365.370775974633
2024-12-04 07:45:00+00:00,363.98750293153824
2024-12-04 08:45:00+00:00,366.1202331382254
2024-12-04 09:45:00+00:00,365.2409108809108
2024-12-05 03:45:00+00:00,363.3007631657
2024-12-05 04:45:00+00:00,363.94286814156914
2024-12-05 05:45:00+00:00,363.4745602735448
2024-12-05 06:45:00+00:00,366.09749406556705
2024-12-05 07:45:00+00:00,368.2075156269934
2024-12-05 08:45:00+00:00,368.94981306723326
2024-12-05 09:45:00+00:00,371.66571876923206
2024-12-06 03:45:00+00:00,370.65240232667526
2024-12-06 04:45:00+00:00,370.10951988330095
2024-12-06 05:45:00+00:00,367.80871389219976
2024-12-06 06:45:00+00:00,371.17186937123745
2024-12-06 07:45:00+00:00,370.92323219802955
2024-12-06 08:45:00+00:00,370.6697854710281
2024-12-06 09:45:00+00:00,370.77595399055735
2024-12-09 03:45:00+00:00,372.1868040216491
2024-12-09 04:45:00+00:00,372.92546385747266
2024-12-09 05:45:00+00:00,372.3669670265857
2024-12-09 06:45:00+00:00,371.51756371756466
2024-12-09 07:45:00+00:00,375.4005551893679
2024-12-09 08:45:00+00:00,375.5305517597226
2024-12-09 09:45:00+00:00,378.90899928713515
2024-12-10 03:45:00+00:00,379.6566803766557
2024-12-10 04:45:00+00:00,381.4651507866246
2024-12-10 05:45:00+00:00,382.1187129324194
2024-12-10 06:45:00+00:00,381.7118032237947
2024-12-10 07:45:00+00:00,384.77726635557127
2024-12-10 08:45:00+00:00,385.9775235194876
2024-12-10 09:45:00+00:00,384.77734349670465
2024-12-11 03:45:00+00:00,383.9020016893141
2024-12-11 04:45:00+00:00,388.3566896028565
2024-12-11 05:45:00+00:00,388.5139943354143
2024-12-11 06:45:00+00:00,391.63374511307006
2024-12-11 07:45:00+00:00,389.2490360628199
2024-12-11 08:45:00+00:00,388.78841610792915
2024-12-11 09:45:00+00:00,389.45582298315844
2024-12-12 03:45:00+00:00,390.5181115322504
2024-12-12 04:45:00+00:00,391.0087295599856
2024-12-12 05:45:00+00:00,389.4945640144281
2024-12-12 06:45:00+00:00,392.43632190911393
2024-12-12 07:45:00+00:00,394.3323438462488
2024-12-12 08:45:00+00:00,392.623929150097
2024-12-12 09:45:00+00:00,394.10500808122805
2024-12-13 03:45:00+00:00,395.37584955836564
2024-12-13 04:45:00+00:00,393.81118582095206
2024-12-13 05:45:00+00:00,391.7943159307517
2024-12-13 06:45:00+00:00,392.89717169334864
2024-12-13 07:45:00+00:00,391.9965075832798
2024-12-13 08:45:00+00:00,392.35318200507396
2024-12-13 09:45:00+00:00,388.51581604931397
2024-12-16 03:45:00+00:00,384.4924269362547
2024-12-16 04:45:00+00:00,382.70871855718485
2024-12-16 05:45:00+00:00,382.73034803084545
2024-12-16 06:45:00+00:00,384.04416014316195
2024-12-16 07:45:00+00:00,385.1324891026554
2024-12-16 08:45:00+00:00,386.0178851232575
2024-12-16 09:45:00+00:00,383.84584511988254
2024-12-17 03:45:00+00:00,381.28607161731406
2024-12-17 04:45:00+00:00,380.2988790246437
2024-12-17 05:45:00+00:00,380.8865586347682
2024-12-17 06:45:00+00:00,379.47441151690566
2024-12-17 07:45:00+00:00,378.83626035389784
2024-12-17 08:45:00+00:00,378.9547599736613
2024-12-17 09:45:00+00:00,378.428416367491
2024-12-18 03:45:00+00:00,379.7851662033202
2024-12-18 04:45:00+00:00,378.47888654423286
2024-12-18 05:45:00+00:00,377.81010356984086
2024-12-18 06:45:00+00:00,380.4578398943944
2024-12-18 07:45:00+00:00,379.3989642679366
2024-12-18 08:45:00+00:00,380.38075398966674
2024-12-18 09:45:00+00:00,379.36370158228505
2024-12-19 03:45:00+00:00,375.8373029419172
2024-12-19 04:45:00+00:00,375.3109915191744
2024-12-19 05:45:00+00:00,377.31953104736095
2024-12-19 06:45:00+00:00,376.0063345534179
2024-12-19 07:45:00+00:00,375.96994197183136
2024-12-19 08:45:00+00:00,375.1483730318051
2024-12-19 09:45:00+00:00,374.44438852597057
2024-12-20 03:45:00+00:00,375.0384302556244
2024-12-20 04:45:00+00:00,374.6468144257915
2024-12-20 05:45:00+00:00,374.8724369610404
2024-12-20 06:45:00+00:00,373.9450828015903
2024-12-20 07:45:00+00:00,373.7605553772639
2024-12-20 08:45:00+00:00,373.47813609756935
2024-12-20 09:45:00+00:00,371.9284138655127
2024-12-23 03:45:00+00:00,373.55790018821443
2024-12-23 04:45:00+00:00,369.888452976478
2024-12-23 05:45:00+00:00,367.79232712302786
2024-12-23 06:45:00+00:00,368.759947717605
2024-12-23 07:45:00+00:00,369.4622190702777
2024-12-23 08:45:00+00:00,369.12234373189756
2024-12-23 09:45:00+00:00,369.79737633535495
2024-12-24 03:45:00+00:00,369.5784848739115
2024-12-24 04:45:00+00:00,370.058710566739
2024-12-24 05:45:00+00:00,370.9659271195709
2024-12-24 06:45:00+00:00,371.154573498999
2024-12-24 07:45:00+00:00,373.26554042447265
2024-12-24 08:45:00+00:00,373.563279596053
2024-12-24 09:45:00+00:00,371.783792301691
2024-12-26 03:45:00+00:00,370.2410064276848
2024-12-26 04:45:00+00:00,367.18178726850545
2024-12-26 05:45:00+00:00,367.8575937139684
2024-12-26 06:45:00+00:00,364.9260909151013
2024-12-26 07:45:00+00:00,368.16516916888935
2024-12-26 08:45:00+00:00,366.7814219638244
2024-12-26 09:45:00+00:00,366.4237767135447
2024-12-27 03:45:00+00:00,364.37742616815757
2024-12-27 04:45:00+00:00,363.7798515711173
2024-12-27 05:45:00+00:00,364.7433576591798
2024-12-27 06:45:00+00:00,362.02008264121554
2024-12-27 07:45:00+00:00,360.73325514063964
2024-12-27 08:45:00+00:00,360.4585249283162
2024-12-27 09:45:00+00:00,361.23095709108566
2024-12-30 03:45:00+00:00,362.621577928774
2024-12-30 04:45:00+00:00,362.9740849188266
2024-12-30 05:45:00+00:00,365.2684210028467
2024-12-30 06:45:00+00:00,367.62514611064347
2024-12-30 07:45:00+00:00,369.00713523006476
2024-12-30 08:45:00+00:00,364.2944802122534
2024-12-30 09:45:00+00:00,364.6427425869975
2024-12-31 03:45:00+00:00,365.95443540998
2024-12-31 04:45:00+00:00,366.6547374433045
2024-12-31 05:45:00+00:00,369.44299945783837
2024-12-31 06:45:00+00:00,369.96508315836127
2024-12-31 07:45:00+00:00,370.4512365011816
2024-12-31 08:45:00+00:00,370.4901694009874
2024-12-31 09:45:00+00:00,370.9300176153418
2025-01-01 03:45:00+00:00,372.12655810607913
2025-01-01 04:45:00+00:00,373.87336600273755
2025-01-01 05:45:00+00:00,372.6100811888878
2025-01-01 06:45:00+00:00,370.71562137949024
2025-01-01 07:45:00+00:00,368.61045410241945
2025-01-01 08:45:00+00:00,367.42971719434297
2025-01-01 09:45:00+00:00,366.10897738851713
2025-01-02 03:45:00+00:00,367.95665401849925
2025-01-02 04:45:00+00:00,365.44675803303016
2025-01-02 05:45:00+00:00,364.9388978450264
2025-01-02 06:45:00+00:00,362.7688325259486
2025-01-02 07:45:00+00:00,362.25203015104586
2025-01-02 08:45:00+00:00,363.8099161598923
2025-01-02 09:45:00+00:00,362.6084150879722
2025-01-03 03:45:00+00:00,363.48708486402694
2025-01-03 04:45:00+00:00,368.26598209489964
2025-01-03 05:45:00+00:00,367.0599884868787
2025-01-03 06:45:00+00:00,366.63862919675324
2025-01-03 07:45:00+00:00,367.46398007622497
2025-01-03 08:45:00+00:00,367.38662517529417
2025-01-03 09:45:00+00:00,368.8165373994901
2025-01-06 03:45:00+00:00,368.8570126120484
2025-01-06 04:45:00+00:00,367.96025406614376
2025-01-06 05:45:00+00:00,368.6116813730763
2025-01-06 06:45:00+00:00,369.2259569527126
2025-01-06 07:45:00+00:00,367.9982217390067
2025-01-06 08:45:00+00:00,367.813339418032
2025-01-06 09:45:00+00:00,367.3894085829134
2025-01-07 03:45:00+00:00,368.3429970396353
2025-01-07 04:45:00+00:00,368.83808820164694
2025-01-07 05:45:00+00:00,366.0450696042777
2025-01-07 06:45:00+00:00,365.44463407224083
2025-01-07 07:45:00+00:00,365.0412196904082
2025-01-07 08:45:00+00:00,364.5592008415764
2025-01-07 09:45:00+00:00,363.35497306481517
2025-01-08 03:45:00+00:00,363.2714453323869
2025-01-08 04:45:00+00:00,362.9508380689194
2025-01-08 05:45:00+00:00,359.62906307423407
2025-01-08 06:45:00+00:00,357.89277531520645
2025-01-08 07:45:00+00:00,356.6015208289831
2025-01-08 08:45:00+00:00,356.15609199176475
2025-01-08 09:45:00+00:00,359.33629690105556
2025-01-09 03:45:00+00:00,358.3379278777037
2025-01-09 04:45:00+00:00,356.9061175812191
2025-01-09 05:45:00+00:00,355.9594320220745
2025-01-09 06:45:00+00:00,352.86952714805716
2025-01-09 07:45:00+00:00,350.7719896114156
2025-01-09 08:45:00+00:00,350.78492722216635
2025-01-09 09:45:00+00:00,350.2141572749725
2025-01-10 03:45:00+00:00,351.7505998512585
2025-01-10 04:45:00+00:00,351.1085762283933
2025-01-10 05:45:00+00:00,349.3376788130374
2025-01-10 06:45:00+00:00,349.5924444721432
2025-01-10 07:45:00+00:00,349.16350003528254
2025-01-10 08:45:00+00:00,349.4018784197436
2025-01-10 09:45:00+00:00,348.22953229448456
2025-01-13 03:45:00+00:00,349.4312020920073
2025-01-13 04:45:00+00:00,352.0485618086162
2025-01-13 05:45:00+00:00,350.9942491746108
2025-01-13 06:45:00+00:00,352.3580203587447
2025-01-13 07:45:00+00:00,350.56174573103254
2025-01-13 08:45:00+00:00,349.77938035296376
2025-01-13 09:45:00+00:00,349.72704042485935
2025-01-14 03:45:00+00:00,349.18316368506913
2025-01-14 04:45:00+00:00,347.07157026106916
2025-01-14 05:45:00+00:00,346.9601578593088
2025-01-14 06:45:00+00:00,347.3713458568038
2025-01-14 07:45:00+00:00,347.73152146900895
2025-01-14 08:45:00+00:00,349.23425303493195
2025-01-14 09:45:00+00:00,352.3843880067491
2025-01-15 03:45:00+00:00,352.3742788587605
2025-01-15 04:45:00+00:00,349.32226711180374
2025-01-15 05:45:00+00:00,346.2228913014095
2025-01-15 06:45:00+00:00,344.8670162006203
2025-01-15 07:45:00+00:00,347.1183543602616
2025-01-15 08:45:00+00:00,348.26220562865325
2025-01-15 09:45:00+00:00,347.56353831047255
2025-01-16 03:45:00+00:00,346.40498404939456
2025-01-16 04:45:00+00:00,343.7296353447252
2025-01-16 05:45:00+00:00,342.90834300783746
2025-01-16 06:45:00+00:00,342.6922218335606
2025-01-16 07:45:00+00:00,342.7577681156795
2025-01-16 08:45:00+00:00,344.2286989378462
2025-01-16 09:45:00+00:00,344.544618380083
2025-01-17 03:45:00+00:00,344.22600544813616
2025-01-17 04:45:00+00:00,340.74256922669093
2025-01-17 05:45:00+00:00,341.35971947823396
2025-01-17 06:45:00+00:00,341.11969040426845
2025-01-17 07:45:00+00:00,341.866819061182
2025-01-17 08:45:00+00:00,341.78147195815296
2025-01-17 09:45:00+00:00,343.2937959960363
2025-01-20 03:45:00+00:00,342.1881895152355
2025-01-20 04:45:00+00:00,341.5975640768919
2025-01-20 05:45:00+00:00,341.1652399417601
2025-01-20 06:45:00+00:00,341.85458276401397
2025-01-20 07:45:00+00:00,340.32629093345645
2025-01-20 08:45:00+00:00,338.86699337411795
2025-01-20 09:45:00+00:00,339.37103864924615
2025-01-21 03:45:00+00:00,337.0287704455469
2025-01-21 04:45:00+00:00,337.76064656946085
2025-01-21 05:45:00+00:00,337.03557538891437
2025-01-21 06:45:00+00:00,332.92890900990693
2025-01-21 07:45:00+00:00,332.98647593131193
2025-01-21 08:45:00+00:00,329.81497107562336
2025-01-21 09:45:00+00:00,330.9750526961341
2025-01-22 03:45:00+00:00,331.8564794540464
2025-01-22 04:45:00+00:00,332.09552339117727
2025-01-22 05:45:00+00:00,330.3769314081854
2025-01-22 06:45:00+00:00,330.03946160534207
2025-01-22 07:45:00+00:00,331.6751373245701
2025-01-22 08:45:00+00:00,332.05211054439457
2025-01-22 09:45:00+00:00,330.670963481885
2025-01-23 03:45:00+00:00,328.07879951081816
2025-01-23 04:45:00+00:00,328.93096869399926
2025-01-23 05:45:00+00:00,328.34154849504176
2025-01-23 06:45:00+00:00,327.5517235822368
2025-01-23 07:45:00+00:00,328.20132375473173
2025-01-23 08:45:00+00:00,329.58191721561343
2025-01-23 09:45:00+00:00,331.98432107127746
2025-01-24 03:45:00+00:00,330.9206435941789
2025-01-24 04:45:00+00:00,332.6466296119582
2025-01-24 05:45:00+00:00,332.29121648779847
2025-01-24 06:45:00+00:00,332.1564733406232
2025-01-24 07:45:00+00:00,332.58421429896356
2025-01-24 08:45:00+00:00,330.4368447914871
2025-01-27 03:45:00+00:00,330.32812888233195
2025-01-27 04:45:00+00:00,332.1613567930954
2025-01-27 05:45:00+00:00,334.53750354501875
2025-01-27 06:45:00+00:00,335.21770701777075
2025-01-27 07:45:00+00:00,334.97178437394314
2025-01-27 08:45:00+00:00,335.81888810372527
2025-01-27 09:45:00+00:00,334.6508768407437
2025-01-28 03:45:00+00:00,334.4195673257185
2025-01-28 04:45:00+00:00,333.7479923341615
2025-01-28 05:45:00+00:00,332.39834286157725
2025-01-28 06:45:00+00:00,331.5972876645253
2025-01-28 07:45:00+00:00,331.4283847553637
2025-01-28 08:45:00+00:00,332.9098017688151
2025-01-28 09:45:00+00:00,333.8249703109268
2025-01-29 03:45:00+00:00,331.356166068346
2025-01-29 04:45:00+00:00,331.32448296642656
2025-01-29 05:45:00+00:00,332.7326400788595
2025-01-29 06:45:00+00:00,332.925091766451
2025-01-29 07:45:00+00:00,334.3341802042086
2025-01-29 08:45:00+00:00,334.36199241999014
2025-01-29 09:45:00+00:00,337.5276755429295
2025-01-30 03:45:00+00:00,340.3010008137831
2025-01-30 04:45:00+00:00,338.85676006890867
2025-01-30 05:45:00+00:00,338.4689389165654
2025-01-30 06:45:00+00:00,338.1703562662966
2025-01-30 07:45:00+00:00,335.72462254847835
2025-01-30 08:45:00+00:00,335.32520726073136
2025-01-30 09:45:00+00:00,333.4191496863019
2025-01-31 03:45:00+00:00,337.8511313395113
2025-01-31 04:45:00+00:00,340.4423849218165
2025-01-31 05:45:00+00:00,341.608134010696
2025-01-31 06:45:00+00:00,340.58667297466246
2025-01-31 07:45:00+00:00,339.45959387957197
2025-01-31 08:45:00+00:00,338.14728816931694
2025-01-31 09:45:00+00:00,338.30753629101076
2025-02-03 03:45:00+00:00,338.71974710409984
2025-02-03 04:45:00+00:00,336.54272256762306
2025-02-03 05:45:00+00:00,336.2300758255643
2025-02-03 06:45:00+00:00,337.59046839997086
2025-02-03 07:45:00+00:00,337.1536906775231
2025-02-03 08:45:00+00:00,337.48827472421004
2025-02-03 09:45:00+00:00,338.5973663967351
2025-02-04 03:45:00+00:00,338.6193556111578
2025-02-04 04:45:00+00:00,340.39496769020644
2025-02-04 05:45:00+00:00,340.83444317873244
2025-02-04 06:45:00+00:00,341.9106446015078
2025-02-04 07:45:00+00:00,343.7827719800922
2025-02-04 08:45:00+00:00,342.13151384794867
2025-02-04 09:45:00+00:00,344.40698844632175
2025-02-05 03:45:00+00:00,345.930663344343
2025-02-05 04:45:00+00:00,344.5825070674817
2025-02-05 05:45:00+00:00,344.41590415205627
2025-02-05 06:45:00+00:00,342.0494975464939
2025-02-05 07:45:00+00:00,341.69373923044685
2025-02-05 08:45:00+00:00,340.6030642795386
2025-02-05 09:45:00+00:00,338.4717428049635
2025-02-06 03:45:00+00:00,338.36361062954455
2025-02-06 04:45:00+00:00,339.8609383788559
2025-02-06 05:45:00+00:00,340.358412968568
2025-02-06 06:45:00+00:00,340.81295160587035
2025-02-06 07:45:00+00:00,339.1396796814833
2025-02-06 08:45:00+00:00,341.4508624947808
2025-02-06 09:45:00+00:00,339.5157566201896
2025-02-07 03:45:00+00:00,338.04750290335716
2025-02-07 04:45:00+00:00,337.74484717455806
2025-02-07 05:45:00+00:00,334.8806166691711
2025-02-07 06:45:00+00:00,334.97107215397017
2025-02-07 07:45:00+00:00,332.5071555578732
2025-02-07 08:45:00+00:00,333.10767649535734
2025-02-07 09:45:00+00:00,333.8453199079132
2025-02-10 03:45:00+00:00,331.5899289638323
2025-02-10 04:45:00+00:00,333.151205054601
2025-02-10 05:45:00+00:00,330.7835015247215
2025-02-10 06:45:00+00:00,328.03910473923855
2025-02-10 07:45:00+00:00,326.4248390782711
2025-02-10 08:45:00+00:00,328.44011612232134
2025-02-10 09:45:00+00:00,327.11397484180884
2025-02-11 03:45:00+00:00,329.73420325521874
2025-02-11 04:45:00+00:00,329.70584967699773
2025-02-11 05:45:00+00:00,328.6336066271886
2025-02-11 06:45:00+00:00,329.8139857797647
2025-02-11 07:45:00+00:00,330.1608823800607
2025-02-11 08:45:00+00:00,329.2583572173949
2025-02-11 09:45:00+00:00,329.077507947194
2025-02-12 03:45:00+00:00,328.7715289403005
2025-02-12 04:45:00+00:00,329.70855419102287
2025-02-12 05:45:00+00:00,328.6071528964535
2025-02-12 06:45:00+00:00,328.22011919075754
2025-02-12 07:45:00+00:00,328.3120193190355
2025-02-12 08:45:00+00:00,328.6601261357148
2025-02-12 09:45:00+00:00,328.57376943735375
2025-02-13 03:45:00+00:00,327.8178718366005
2025-02-13 04:45:00+00:00,327.49441534561583
2025-02-13 05:45:00+00:00,328.07520848568697
2025-02-13 06:45:00+00:00,329.96511834837145
2025-02-13 07:45:00+00:00,332.57702123741166
2025-02-13 08:45:00+00:00,331.4023429170658
2025-02-13 09:45:00+00:00,331.6112743927297
2025-02-14 03:45:00+00:00,333.90295360865184
2025-02-14 04:45:00+00:00,336.2664112808495
2025-02-14 05:45:00+00:00,336.6092590647805
2025-02-14 06:45:00+00:00,338.2661402875185
2025-02-14 07:45:00+00:00,340.2014131692076
2025-02-14 08:45:00+00:00,342.85839107284284
2025-02-14 09:45:00+00:00,344.70168161191737
2025-02-17 03:45:00+00:00,346.5639051153798
2025-02-17 04:45:00+00:00,349.5730367552912
2025-02-17 05:45:00+00:00,349.1362510176063
2025-02-17 06:45:00+00:00,347.1091436513653
2025-02-17 07:45:00+00:00,348.197661174342
2025-02-17 08:45:00+00:00,348.35875042190344
2025-02-17 09:45:00+00:00,346.16024792964
2025-02-18 03:45:00+00:00,345.7496053054177
2025-02-18 04:45:00+00:00,345.2557563399908
2025-02-18 05:45:00+00:00,344.4174725563198
2025-02-18 06:45:00+00:00,344.2645772330885
2025-02-18 07:45:00+00:00,344.34249901810796
2025-02-18 08:45:00+00:00,344.0017417428163
2025-02-18 09:45:00+00:00,348.2949876994431
2025-02-19 03:45:00+00:00,347.9099226360712
2025-02-19 04:45:00+00:00,349.5282710758235
2025-02-19 05:45:00+00:00,349.46353434751194
2025-02-19 06:45:00+00:00,349.4540332457657
2025-02-19 07:45:00+00:00,349.85551696408766
2025-02-19 08:45:00+00:00,350.0037837479068
2025-02-19 09:45:00+00:00,350.1963517921304
2025-02-20 03:45:00+00:00,350.5884687202465
2025-02-20 04:45:00+00:00,350.55546432718995
2025-02-20 05:45:00+00:00,351.41477470423496
2025-02-20 06:45:00+00:00,350.74669426293195
2025-02-20 07:45:00+00:00,349.3415782621721
2025-02-20 08:45:00+00:00,349.01084031996226
2025-02-20 09:45:00+00:00,350.4261038671697
2025-02-21 03:45:00+00:00,350.8124497348936
2025-02-21 04:45:00+00:00,351.29423583162253
2025-02-21 05:45:00+00:00,350.5309979745479
2025-02-21 06:45:00+00:00,352.7198142355069
2025-02-21 07:45:00+00:00,355.3556653612091
2025-02-21 08:45:00+00:00,356.59222006039624
2025-02-21 09:45:00+00:00,357.3100800255126
2025-02-24 03:45:00+00:00,356.3213711951288
2025-02-24 04:45:00+00:00,355.99256963254993
2025-02-24 05:45:00+00:00,357.9516441772194
2025-02-24 06:45:00+00:00,356.3017992403025
2025-02-24 07:45:00+00:00,353.69765235108935
2025-02-24 08:45:00+00:00,354.20311331220125
2025-02-24 09:45:00+00:00,354.49981448199816
2025-02-25 03:45:00+00:00,355.0378365364329
2025-02-25 04:45:00+00:00,354.87281072275783
2025-02-25 05:45:00+00:00,353.4948717261522
2025-02-25 06:45:00+00:00,355.8453884760698
2025-02-25 07:45:00+00:00,357.588925357073
2025-02-25 08:45:00+00:00,357.1159323457875
2025-02-25 09:45:00+00:00,356.860448762775
2025-02-27 03:45:00+00:00,357.7547822569494
2025-02-27 04:45:00+00:00,357.71717755358486
2025-02-27 05:45:00+00:00,354.4708810991724
2025-02-27 06:45:00+00:00,354.5333368271244
2025-02-27 07:45:00+00:00,353.61894486461955
2025-02-27 08:45:00+00:00,353.85542240372905
2025-02-27 09:45:00+00:00,357.3981667389323
2025-02-28 03:45:00+00:00,361.5369481669857
2025-02-28 04:45:00+00:00,360.11878796793275
2025-02-28 05:45:00+00:00,359.595830044164
2025-02-28 06:45:00+00:00,359.4532465336451
2025-02-28 07:45:00+00:00,362.0086167730582
2025-02-28 08:45:00+00:00,364.6913408485177
2025-02-28 09:45:00+00:00,365.0710416975213
2025-03-03 03:45:00+00:00,367.90989361690777
2025-03-03 04:45:00+00:00,372.7673613550068
2025-03-03 05:45:00+00:00,373.1435317631853
2025-03-03 06:45:00+00:00,370.80032960971414
2025-03-03 07:45:00+00:00,367.38223688394714
2025-03-03 08:45:00+00:00,364.66559548720755
2025-03-03 09:45:00+00:00,365.25599857048803
2025-03-04 03:45:00+00:00,363.57878920998434
2025-03-04 04:45:00+00:00,363.96781987316746
2025-03-04 05:45:00+00:00,364.6908544967643
2025-03-04 06:45:00+00:00,363.6905709584557
2025-03-04 07:45:00+00:00,366.92128018050107
2025-03-04 08:45:00+00:00,366.43706852972593
2025-03-04 09:45:00+00:00,366.64655298685915
2025-03-05 03:45:00+00:00,365.8539101225513
2025-03-05 04:45:00+00:00,366.92310568488716
2025-03-05 05:45:00+00:00,367.64647180548616
2025-03-05 06:45:00+00:00,367.8045230261401
2025-03-05 07:45:00+00:00,369.40499741958564
2025-03-05 08:45:00+00:00,370.9233480890524
2025-03-05 09:45:00+00:00,373.69877664906903
2025-03-06 03:45:00+00:00,374.64010969635956
2025-03-06 04:45:00+00:00,373.88339148473545
2025-03-06 05:45:00+00:00,375.71638778784194
2025-03-06 06:45:00+00:00,374.2363725308237
2025-03-06 07:45:00+00:00,373.9850805186726
2025-03-06 08:45:00+00:00,372.4521341435195
2025-03-06 09:45:00+00:00,372.26452939425366
2025-03-07 03:45:00+00:00,372.62834759335243
2025-03-07 04:45:00+00:00,373.2207841010141
2025-03-07 05:45:00+00:00,376.18417306243987
2025-03-07 06:45:00+00:00,374.19808447093067
2025-03-07 07:45:00+00:00,375.7851315741339
2025-03-07 08:45:00+00:00,374.7523501388463
2025-03-07 09:45:00+00:00,376.946611820161
2025-03-10 03:45:00+00:00,377.5251667537865
2025-03-10 04:45:00+00:00,376.5449830255533
2025-03-10 05:45:00+00:00,375.1359303932614
2025-03-10 06:45:00+00:00,377.73955231833855
2025-03-10 07:45:00+00:00,375.27357674704257
2025-03-10 08:45:00+00:00,372.89714544356497
2025-03-10 09:45:00+00:00,375.7048992260477
2025-03-11 03:45:00+00:00,378.54486178679997
2025-03-11 04:45:00+00:00,375.3338981593481
2025-03-11 05:45:00+00:00,372.34078521193175
2025-03-11 06:45:00+00:00,371.7079536289989
2025-03-11 07:45:00+00:00,371.8356270171488
2025-03-11 08:45:00+00:00,371.5586060643675
2025-03-11 09:45:00+00:00,369.5408788108826
2025-03-12 03:45:00+00:00,370.74779066967216
2025-03-12 04:45:00+00:00,371.22606128543555
2025-03-12 05:45:00+00:00,373.35609206757044
2025-03-12 06:45:00+00:00,372.4966455099113
2025-03-12 07:45:00+00:00,370.7929883167633
2025-03-12 08:45:00+00:00,368.6294207916968
2025-03-12 09:45:00+00:00,366.61628741787376
2025-03-13 03:45:00+00:00,366.57747687883545
2025-03-13 04:45:00+00:00,367.85706654557436
2025-03-13 05:45:00+00:00,369.0318050601087
2025-03-13 06:45:00+00:00,369.0211050802963
2025-03-13 07:45:00+00:00,369.59094635534547
2025-03-13 08:45:00+00:00,368.2302451653909
2025-03-13 09:45:00+00:00,366.58788492397906
2025-03-17 03:45:00+00:00,367.7713874463045
2025-03-17 04:45:00+00:00,369.2680061782254
2025-03-17 05:45:00+00:00,367.84752123300564
2025-03-17 06:45:00+00:00,371.8917456071464
2025-03-17 07:45:00+00:00,368.69093275187663
2025-03-17 08:45:00+00:00,366.8437455150112
2025-03-17 09:45:00+00:00,365.34902023629456
2025-03-18 03:45:00+00:00,364.0250059181611
2025-03-18 04:45:00+00:00,364.68237396066553
2025-03-18 05:45:00+00:00,365.0046912792706
2025-03-18 06:45:00+00:00,365.31230827196504
2025-03-18 07:45:00+00:00,363.6736897982975
2025-03-18 08:45:00+00:00,363.28594953756465
2025-03-18 09:45:00+00:00,367.2094583086782
2025-03-19 03:45:00+00:00,364.9405687105601
2025-03-19 04:45:00+00:00,365.2040781002082
2025-03-19 05:45:00+00:00,362.25017910956706
2025-03-19 06:45:00+00:00,361.95153788510913
2025-03-19 07:45:00+00:00,358.9536446820631
2025-03-19 08:45:00+00:00,361.529025448267
2025-03-19 09:45:00+00:00,357.57139057346853
2025-03-20 03:45:00+00:00,356.1748735328719
2025-03-20 04:45:00+00:00,359.611862654401
2025-03-20 05:45:00+00:00,361.00666103497485
2025-03-20 06:45:00+00:00,361.54322452766814
2025-03-20 07:45:00+00:00,361.56467918030364
2025-03-20 08:45:00+00:00,360.3159490594612
2025-03-20 09:45:00+00:00,362.4373691482363
2025-03-21 03:45:00+00:00,362.01330887230307
2025-03-21 04:45:00+00:00,363.9044907200916
2025-03-21 05:45:00+00:00,365.68982295798173
2025-03-21 06:45:00+00:00,366.4937273296837
2025-03-21 07:45:00+00:00,365.99932401734
2025-03-21 08:45:00+00:00,367.92277471764
2025-03-21 09:45:00+00:00,364.81642106924454
2025-03-24 03:45:00+00:00,363.5726178990031
2025-03-24 04:45:00+00:00,363.29295932800284
2025-03-24 05:45:00+00:00,365.01159793893703
2025-03-24 06:45:00+00:00,363.9752487321545
2025-03-24 07:45:00+00:00,363.1422933227806
2025-03-24 08:45:00+00:00,363.90675175513974
2025-03-24 09:45:00+00:00,363.44340432375725
2025-03-25 03:45:00+00:00,359.95861796295486
2025-03-25 04:45:00+00:00,361.075567413396
2025-03-25 05:45:00+00:00,361.45735367310795
2025-03-25 06:45:00+00:00,362.0158873122399
2025-03-25 07:45:00+00:00,363.61486572460524
2025-03-25 08:45:00+00:00,363.9671946249075
2025-03-25 09:45:00+00:00,369.53080985768065
2025-03-26 03:45:00+00:00,369.6759212896616
2025-03-26 04:45:00+00:00,372.7657310917837
2025-03-26 05:45:00+00:00,372.01027469705144
2025-03-26 06:45:00+00:00,370.5034173123248
2025-03-26 07:45:00+00:00,371.445866582115
2025-03-26 08:45:00+00:00,369.43146793381015
2025-03-26 09:45:00+00:00,366.1373568308506
2025-03-27 03:45:00+00:00,366.01262815247253
2025-03-27 04:45:00+00:00,364.6049922927931
2025-03-27 05:45:00+00:00,363.7471626109075
2025-03-27 06:45:00+00:00,362.29621442843745
2025-03-27 07:45:00+00:00,361.95921269864834
2025-03-27 08:45:00+00:00,360.5446287204107
2025-03-27 09:45:00+00:00,360.82499502431796
2025-03-28 03:45:00+00:00,362.30447706499655
2025-03-28 04:45:00+00:00,361.80790082225064
2025-03-28 05:45:00+00:00,364.3250288795503
2025-03-28 06:45:00+00:00,366.6099518922689
2025-03-28 07:45:00+00:00,366.7341163734376
2025-03-28 08:45:00+00:00,366.5452371590238
2025-03-28 09:45:00+00:00,366.5075064609515
2025-04-01 03:45:00+00:00,366.8915255438033
2025-04-01 04:45:00+00:00,367.1231572060015
2025-04-01 05:45:00+00:00,366.3895599487628
2025-04-01 06:45:00+00:00,369.20558827287084
2025-04-01 07:45:00+00:00,368.71795206171123
2025-04-01 08:45:00+00:00,367.61054649722627
2025-04-01 09:45:00+00:00,365.4400215649109
2025-04-02 03:45:00+00:00,364.5155593902792
2025-04-02 04:45:00+00:00,365.9378569483331
2025-04-02 05:45:00+00:00,363.22856189679055
2025-04-02 07:45:00+00:00,367.1849306547006
2025-04-02 08:45:00+00:00,366.37348593198726
2025-04-02 09:45:00+00:00,367.34454627588246
2025-04-03 03:45:00+00:00,364.4221159721767
2025-04-03 04:45:00+00:00,364.37601747991084
2025-04-03 05:45:00+00:00,365.6198822852432
2025-04-03 06:45:00+00:00,366.50602148276585
2025-04-03 07:45:00+00:00,365.1675414825422
2025-04-03 08:45:00+00:00,365.23857073569036
2025-04-03 09:45:00+00:00,360.8650345086912
2025-04-04 03:45:00+00:00,361.26913764384307
2025-04-04 04:45:00+00:00,365.1530252063559
2025-04-04 05:45:00+00:00,364.6475768303047
2025-04-04 06:45:00+00:00,366.1284803509802
2025-04-04 07:45:00+00:00,368.2448601373749
2025-04-04 08:45:00+00:00,368.4545973854974
2025-04-04 09:45:00+00:00,365.89395120569503
2025-04-07 03:45:00+00:00,366.71416857659705
2025-04-07 04:45:00+00:00,367.4057022826506
2025-04-07 05:45:00+00:00,366.7234838444975
2025-04-07 06:45:00+00:00,367.7081080753462
2025-04-07 07:45:00+00:00,366.58798340275484
2025-04-07 08:45:00+00:00,366.5284649962135
2025-04-07 09:45:00+00:00,366.04256275519924
2025-04-08 03:45:00+00:00,363.17804536958016
2025-04-08 04:45:00+00:00,366.0119155615955
2025-04-08 05:45:00+00:00,364.26820783937785
2025-04-08 06:45:00+00:00,366.9048912598409
2025-04-08 07:45:00+00:00,368.0881657347088
2025-04-08 08:45:00+00:00,370.0268258269639
2025-04-08 09:45:00+00:00,373.74657088789473
2025-04-09 03:45:00+00:00,371.58380814071836
2025-04-09 04:45:00+00:00,373.36255739745553
2025-04-09 05:45:00+00:00,371.6449630814608
2025-04-09 06:45:00+00:00,368.3908888753975
2025-04-09 07:45:00+00:00,367.01134382792486
2025-04-09 08:45:00+00:00,365.85024317409074
2025-04-09 09:45:00+00:00,366.0963010837106
2025-04-11 03:45:00+00:00,367.71141049490365
2025-04-11 04:45:00+00:00,367.9327440023831
2025-04-11 05:45:00+00:00,371.58148301230835
2025-04-11 06:45:00+00:00,373.66889429486605
2025-04-11 07:45:00+00:00,373.23135574805025
2025-04-11 08:45:00+00:00,369.69435240062523
2025-04-11 09:45:00+00:00,371.3535354991266
2025-04-15 03:45:00+00:00,371.5669897321973
2025-04-15 04:45:00+00:00,369.10280781337076
2025-04-15 05:45:00+00:00,368.4255139536885
2025-04-15 06:45:00+00:00,369.9842640594884
2025-04-15 07:45:00+00:00,368.69789870060237
2025-04-15 08:45:00+00:00,369.06355877169335
2025-04-15 09:45:00+00:00,364.8957865725155
2025-04-16 03:45:00+00:00,365.7771047306245
2025-04-16 04:45:00+00:00,365.3280544161469
2025-04-16 05:45:00+00:00,363.2387278422464
2025-04-16 06:45:00+00:00,362.5118754323045
2025-04-16 07:45:00+00:00,363.3614832589706
2025-04-16 08:45:00+00:00,364.893828712748
2025-04-16 09:45:00+00:00,362.52920621947027
2025-04-17 03:45:00+00:00,364.92897408417224
2025-04-17 04:45:00+00:00,366.4560661890055
2025-04-17 05:45:00+00:00,365.87397426772054
2025-04-17 06:45:00+00:00,367.78050032220057
2025-04-17 07:45:00+00:00,366.98277332372516
2025-04-17 08:45:00+00:00,367.78071583837846
2025-04-17 09:45:00+00:00,367.367768616637
2025-04-21 03:45:00+00:00,366.9970249796568
2025-04-21 04:45:00+00:00,364.47344381590773
2025-04-21 05:45:00+00:00,364.57774281036274
2025-04-21 06:45:00+00:00,365.6148032595987
2025-04-21 07:45:00+00:00,366.0909237029816
2025-04-21 08:45:00+00:00,365.7458328383285
2025-04-21 09:45:00+00:00,364.66088627933505
2025-04-22 03:45:00+00:00,363.03851484507084
2025-04-22 04:45:00+00:00,360.4899209954662
2025-04-22 05:45:00+00:00,357.307240857876
2025-04-22 06:45:00+00:00,356.4419755400726
2025-04-22 07:45:00+00:00,357.79117512871784
2025-04-22 08:45:00+00:00,359.2202585677048
2025-04-22 09:45:00+00:00,360.5006229919123
2025-04-23 03:45:00+00:00,361.50087415504976
2025-04-23 04:45:00+00:00,364.2549303329549
2025-04-23 05:45:00+00:00,362.90631098819523
2025-04-23 06:45:00+00:00,362.918141211828
2025-04-23 07:45:00+00:00,364.35527529186
2025-04-23 08:45:00+00:00,362.3878210729347
2025-04-23 09:45:00+00:00,363.8582497045885
2025-04-24 03:45:00+00:00,365.92963597059656
2025-04-24 04:45:00+00:00,363.00839319208666
2025-04-24 05:45:00+00:00,365.1119455205217
2025-04-24 06:45:00+00:00,367.23437392732575
2025-04-24 07:45:00+00:00,369.2206048756413
2025-04-24 08:45:00+00:00,368.7545912869097
2025-04-24 09:45:00+00:00,369.83675918784974
2025-04-25 03:45:00+00:00,369.4520802518782
2025-04-25 04:45:00+00:00,368.6310069423024
2025-04-25 05:45:00+00:00,372.61224718051255
2025-04-25 06:45:00+00:00,374.30396275716976
2025-04-25 07:45:00+00:00,374.1766139243977
2025-04-25 08:45:00+00:00,377.145365084565
2025-04-25 09:45:00+00:00,375.66883771966843
2025-04-28 03:45:00+00:00,377.20147422946985
2025-04-28 04:45:00+00:00,376.10937846259543
2025-04-28 05:45:00+00:00,376.1948361210273
2025-04-28 06:45:00+00:00,376.1396587489307
2025-04-28 07:45:00+00:00,375.2094581199811
2025-04-28 08:45:00+00:00,377.0303495437722
2025-04-28 09:45:00+00:00,376.4986951318216
2025-04-29 03:45:00+00:00,378.0116047399071
2025-04-29 04:45:00+00:00,379.6881453565156
2025-04-29 05:45:00+00:00,379.923065247524
2025-04-29 06:45:00+00:00,380.93686303431883
2025-04-29 08:45:00+00:00,382.1637831352491
2025-04-30 03:45:00+00:00,381.8938996152395
2025-04-30 04:45:00+00:00,381.7343437515509
2025-04-30 05:45:00+00:00,381.0424703933443
2025-04-30 06:45:00+00:00,378.2090653422492
2025-04-30 07:45:00+00:00,378.0018351539899
2025-04-30 08:45:00+00:00,382.0321110683331
2025-04-30 09:45:00+00:00,380.9167986704281
2025-05-02 03:45:00+00:00,381.35269862943983
2025-05-02 04:45:00+00:00,381.87408486538897
2025-05-02 05:45:00+00:00,381.5330305532757
2025-05-02 06:45:00+00:00,382.7384951385337
2025-05-02 07:45:00+00:00,384.84805845613425
2025-05-02 08:45:00+00:00,386.73999331352877
2025-05-02 09:45:00+00:00,386.53472196326805
2025-05-05 03:45:00+00:00,383.7694996414227
2025-05-05 04:45:00+00:00,387.2435650951837
2025-05-05 05:45:00+00:00,388.6933499001435
2025-05-05 06:45:00+00:00,388.845954017132
2025-05-05 07:45:00+00:00,386.64579793844604
2025-05-05 08:45:00+00:00,386.45051694884864
2025-05-05 09:45:00+00:00,384.8881176721971
2025-05-06 03:45:00+00:00,380.9325885414328
2025-05-06 04:45:00+00:00,382.41008422700816
2025-05-06 05:45:00+00:00,385.48331069243795
2025-05-06 06:45:00+00:00,387.02839215276197
2025-05-06 07:45:00+00:00,387.7872719439039
2025-05-06 08:45:00+00:00,385.90245946764867
2025-05-06 09:45:00+00:00,384.86880533976273
2025-05-07 03:45:00+00:00,381.40580633919
2025-05-07 04:45:00+00:00,381.14626594191355
2025-05-07 05:45:00+00:00,380.6277198582444
2025-05-07 06:45:00+00:00,379.7613295127708
2025-05-07 07:45:00+00:00,380.4200051945363
2025-05-07 08:45:00+00:00,381.7988114067777
2025-05-07 09:45:00+00:00,381.90008131242786
2025-05-08 03:45:00+00:00,382.1766063134313
2025-05-08 04:45:00+00:00,377.6799063498849
2025-05-08 05:45:00+00:00,378.1010371716261
2025-05-08 06:45:00+00:00,372.44223113262154
2025-05-08 07:45:00+00:00,371.8837399289204
2025-05-08 08:45:00+00:00,372.5523661188149
2025-05-09 03:45:00+00:00,373.34991902179354
2025-05-09 04:45:00+00:00,371.70993179481303
2025-05-09 05:45:00+00:00,370.6859099866668
2025-05-09 06:45:00+00:00,368.1430650101526
2025-05-09 07:45:00+00:00,367.8143849849718
2025-05-09 08:45:00+00:00,366.2158600419212
2025-05-12 03:45:00+00:00,363.55302424505965
2025-05-12 04:45:00+00:00,365.49909360014794
2025-05-12 05:45:00+00:00,366.3191208988866
2025-05-12 06:45:00+00:00,366.6973933431417
2025-05-12 07:45:00+00:00,365.2143202164877
2025-05-12 08:45:00+00:00,365.68735832449704
2025-05-12 09:45:00+00:00,368.1149312484864
2025-05-13 03:45:00+00:00,365.2044392602466
2025-05-13 04:45:00+00:00,364.47588518510145
2025-05-13 05:45:00+00:00,364.5329182037933
2025-05-13 06:45:00+00:00,361.87107713749435
2025-05-13 07:45:00+00:00,364.1323838731462
2025-05-13 08:45:00+00:00,363.81862742004114
2025-05-13 09:45:00+00:00,363.3941804140877
2025-05-14 03:45:00+00:00,361.8865829671203
2025-05-14 04:45:00+00:00,360.7206510781526
2025-05-14 05:45:00+00:00,359.9279004691609
2025-05-14 06:45:00+00:00,360.21902307246074
2025-05-14 07:45:00+00:00,363.47082576122904
2025-05-14 08:45:00+00:00,365.8111748116745
2025-05-14 09:45:00+00:00,366.7765377293683
2025-05-15 03:45:00+00:00,367.77038749908274
2025-05-15 04:45:00+00:00,366.44630999997275
2025-05-15 05:45:00+00:00,367.04809982999683
2025-05-15 06:45:00+00:00,369.5044060673932
2025-05-15 07:45:00+00:00,367.91784395053946
2025-05-15 08:45:00+00:00,367.479847328942
2025-05-15 09:45:00+00:00,366.17076493189126
2025-05-16 03:45:00+00:00,366.075257606623
2025-05-16 04:45:00+00:00,366.41196037832964
2025-05-16 05:45:00+00:00,365.9538319460825
2025-05-16 06:45:00+00:00,365.0247762353221
2025-05-16 07:45:00+00:00,365.8347760774078
2025-05-16 08:45:00+00:00,366.72133708055566
2025-05-16 09:45:00+00:00,367.55590164584595
2025-05-19 03:45:00+00:00,366.89588567210217
2025-05-19 04:45:00+00:00,366.66140036074637
2025-05-19 05:45:00+00:00,367.1445330449662
2025-05-19 06:45:00+00:00,368.1276523019971
2025-05-19 07:45:00+00:00,366.4594765631485
2025-05-19 08:45:00+00:00,367.2283077709442
2025-05-19 09:45:00+00:00,367.0076206868691
2025-05-20 03:45:00+00:00,368.8044540355832
2025-05-20 04:45:00+00:00,368.4279123194238
2025-05-20 05:45:00+00:00,368.0108948634016
2025-05-20 06:45:00+00:00,367.66099536268456
2025-05-20 07:45:00+00:00,368.10607198769935
2025-05-20 08:45:00+00:00,368.4425786812096
2025-05-20 09:45:00+00:00,368.7125926564175
2025-05-21 03:45:00+00:00,369.11502902534204
2025-05-21 04:45:00+00:00,371.0299263849054
2025-05-21 05:45:00+00:00,370.1667186543286
2025-05-21 06:45:00+00:00,371.2003693518526
2025-05-21 07:45:00+00:00,373.8507327353868
2025-05-21 08:45:00+00:00,376.63895516599393
2025-05-21 09:45:00+00:00,376.68447670657895
2025-05-22 03:45:00+00:00,376.2026162132682
2025-05-22 04:45:00+00:00,376.8151196923792
2025-05-22 05:45:00+00:00,376.372716785704
2025-05-22 06:45:00+00:00,376.02435107822515
2025-05-22 07:45:00+00:00,374.25890764309264
2025-05-22 08:45:00+00:00,375.34905537207857
2025-05-22 09:45:00+00:00,374.1002994052104
2025-05-23 03:45:00+00:00,372.35374417940704
2025-05-23 04:45:00+00:00,373.40302202500453
2025-05-23 05:45:00+00:00,371.7830085842112
2025-05-23 06:45:00+00:00,370.8752074466377
2025-05-23 07:45:00+00:00,372.9801527041206
2025-05-23 08:45:00+00:00,372.711204134763
2025-05-23 09:45:00+00:00,370.9638894190236
2025-05-26 03:45:00+00:00,370.5406021209463
2025-05-26 04:45:00+00:00,369.6021345363494
2025-05-26 05:45:00+00:00,370.22912761249927
2025-05-26 06:45:00+00:00,370.15562312115895
2025-05-26 07:45:00+00:00,369.77553944616704
2025-05-26 08:45:00+00:00,371.29960184896623
2025-05-26 09:45:00+00:00,371.6160156588122
2025-05-27 03:45:00+00:00,375.13013327646166
2025-05-27 04:45:00+00:00,375.3943419799506
2025-05-27 05:45:00+00:00,374.2399487015242
2025-05-27 06:45:00+00:00,375.6204781492485
2025-05-27 07:45:00+00:00,376.5102473085036
2025-05-27 08:45:00+00:00,378.852310862832
2025-05-27 09:45:00+00:00,377.5576007658988
2025-05-28 03:45:00+00:00,375.3515721494594
2025-05-28 04:45:00+00:00,375.58771165750676
2025-05-28 05:45:00+00:00,378.29023124698676
2025-05-28 06:45:00+00:00,378.6127845656876
2025-05-28 07:45:00+00:00,375.0387507082588
2025-05-28 08:45:00+00:00,375.2064862616475
2025-05-28 09:45:00+00:00,377.67748963062803
2025-05-29 03:45:00+00:00,378.84813787245463
2025-05-29 04:45:00+00:00,379.9655336137462
2025-05-29 05:45:00+00:00,380.8235892024162
2025-05-29 06:45:00+00:00,380.8288548516786
2025-05-29 07:45:00+00:00,379.2613951699892
2025-05-29 08:45:00+00:00,379.3268242013907
2025-05-29 09:45:00+00:00,379.43526334032373
2025-05-30 03:45:00+00:00,380.1104552329957
2025-05-30 04:45:00+00:00,382.0220417135066
2025-05-30 05:45:00+00:00,382.01711911758196
2025-05-30 06:45:00+00:00,382.1334976664811
2025-05-30 07:45:00+00:00,381.1942494321002
2025-05-30 08:45:00+00:00,380.1326505010941
2025-05-30 09:45:00+00:00,379.11980210474917
2025-06-02 03:45:00+00:00,379.1269141257626
2025-06-02 04:45:00+00:00,382.88568875255845
2025-06-02 05:45:00+00:00,378.36385843570633
2025-06-02 06:45:00+00:00,374.4674688773663
2025-06-02 07:45:00+00:00,374.12410472588164
2025-06-02 08:45:00+00:00,373.67435480459204
2025-06-02 09:45:00+00:00,373.83061376767176
2025-06-03 03:45:00+00:00,373.0256090130467
2025-06-03 04:45:00+00:00,375.5869946614812
2025-06-03 05:45:00+00:00,378.98324884652124
2025-06-03 06:45:00+00:00,380.1387570062191
2025-06-03 07:45:00+00:00,378.8430322220373
2025-06-03 09:45:00+00:00,380.1441944971128
2025-06-04 03:45:00+00:00,377.12251965079747
2025-06-04 04:45:00+00:00,378.18489922279565
2025-06-04 05:45:00+00:00,377.0872409200767
2025-06-04 06:45:00+00:00,379.86342704790405
2025-06-04 07:45:00+00:00,380.6240561983603
2025-06-04 08:45:00+00:00,379.5905522455869
2025-06-04 09:45:00+00:00,379.4491158423603
2025-06-05 03:45:00+00:00,377.02499531060045
2025-06-05 04:45:00+00:00,377.57853888407226
2025-06-05 05:45:00+00:00,375.73868078663304
2025-06-05 06:45:00+00:00,377.0928670112328
2025-06-05 07:45:00+00:00,375.9625647230882
2025-06-05 08:45:00+00:00,375.79131431164785
2025-06-05 09:45:00+00:00,374.8149497182187
2025-06-06 03:45:00+00:00,374.57618991163605
2025-06-06 04:45:00+00:00,376.54540471878767
2025-06-06 05:45:00+00:00,377.07800195946686
2025-06-06 06:45:00+00:00,375.98984634604034
2025-06-06 07:45:00+00:00,373.6656759264067
2025-06-06 08:45:00+00:00,373.44171110884963
2025-06-06 09:45:00+00:00,370.45904624511064
2025-06-09 03:45:00+00:00,368.4816916301742
2025-06-09 04:45:00+00:00,369.1964344055124
2025-06-09 05:45:00+00:00,373.17492217923245
2025-06-09 06:45:00+00:00,372.5865648129461
2025-06-09 07:45:00+00:00,372.6871268773883
2025-06-09 08:45:00+00:00,371.21357391901324
2025-06-10 03:45:00+00:00,368.4913890695253
2025-06-10 04:45:00+00:00,369.15981848113745
2025-06-10 05:45:00+00:00,369.6920169567463
2025-06-10 06:45:00+00:00,369.29009894848423
2025-06-10 07:45:00+00:00,371.9603037284279
2025-06-10 08:45:00+00:00,372.17793358602046
2025-06-10 09:45:00+00:00,373.7778749563625
2025-06-11 03:45:00+00:00,375.437811086462
2025-06-11 04:45:00+00:00,371.656134921655
2025-06-11 05:45:00+00:00,369.7640834086329
2025-06-11 06:45:00+00:00,368.32204319975557
2025-06-11 07:45:00+00:00,365.51033431050246
2025-06-11 08:45:00+00:00,364.79124022744975
2025-06-11 09:45:00+00:00,366.369176027074
2025-06-12 03:45:00+00:00,365.58535989819836
2025-06-12 04:45:00+00:00,369.73810676820705
2025-06-12 05:45:00+00:00,368.9299969550241
2025-06-12 06:45:00+00:00,366.72655143368604
2025-06-12 07:45:00+00:00,368.2593819417355
2025-06-12 08:45:00+00:00,368.02567655858223
2025-06-12 09:45:00+00:00,368.2975139087464
2025-06-13 03:45:00+00:00,368.8729870781128
2025-06-13 04:45:00+00:00,367.3656795233753
2025-06-13 05:45:00+00:00,365.0920495787767
2025-06-13 06:45:00+00:00,363.37963291577205
2025-06-13 07:45:00+00:00,360.06443534026226
2025-06-13 08:45:00+00:00,359.40329587728604
2025-06-13 09:45:00+00:00,358.51120241699414
2025-06-16 03:45:00+00:00,361.13202683007506
2025-06-16 04:45:00+00:00,359.78235968114353
2025-06-16 05:45:00+00:00,362.6679421516442
2025-06-16 06:45:00+00:00,365.02642239726464
2025-06-16 07:45:00+00:00,366.607075854131
2025-06-16 08:45:00+00:00,367.4051944283005
2025-06-16 09:45:00+00:00,365.76574292957935
2025-06-17 03:45:00+00:00,364.4561077613639
2025-06-17 04:45:00+00:00,363.50802706396735
2025-06-17 05:45:00+00:00,364.43028402032115
2025-06-17 06:45:00+00:00,363.87660613711955
2025-06-17 07:45:00+00:00,363.47246306875735
2025-06-17 08:45:00+00:00,361.6969679923459
2025-06-17 09:45:00+00:00,362.5862551304315
2025-06-18 03:45:00+00:00,362.1906345291503
2025-06-18 04:45:00+00:00,358.36177810242685
2025-06-18 05:45:00+00:00,359.03800658869295
2025-06-18 06:45:00+00:00,359.9737630542154
2025-06-18 07:45:00+00:00,361.0660588982117
2025-06-18 08:45:00+00:00,361.2715456139128
2025-06-18 09:45:00+00:00,361.54329820324466
2025-06-19 03:45:00+00:00,362.63603076880446
2025-06-19 04:45:00+00:00,362.7280213031059
2025-06-19 05:45:00+00:00,362.13294761420576
2025-06-19 06:45:00+00:00,363.61471076457605
2025-06-19 07:45:00+00:00,361.4512222664401
2025-06-19 08:45:00+00:00,361.62593646767533
2025-06-19 09:45:00+00:00,363.6571802163023
2025-06-20 03:45:00+00:00,363.91848848938463
2025-06-20 04:45:00+00:00,361.95800188610775
2025-06-20 05:45:00+00:00,362.21777981025383
2025-06-20 06:45:00+00:00,365.81020538663466
2025-06-20 07:45:00+00:00,368.3301392499447
2025-06-20 08:45:00+00:00,370.77162211028593
2025-06-20 09:45:00+00:00,370.99662873501103
2025-06-23 03:45:00+00:00,372.1876595812103
2025-06-23 04:45:00+00:00,373.03945914051315
2025-06-23 05:45:00+00:00,373.5073402529215
2025-06-23 06:45:00+00:00,373.59166049659825
2025-06-23 07:45:00+00:00,373.22267383100666
2025-06-23 08:45:00+00:00,373.32326436578927
2025-06-23 09:45:00+00:00,373.06517932772374
2025-06-24 03:45:00+00:00,372.6449276229426
2025-06-24 04:45:00+00:00,371.9416930598429
2025-06-24 05:45:00+00:00,372.52016128423566
2025-06-24 06:45:00+00:00,371.65437827761986
2025-06-24 07:45:00+00:00,371.5043822993606
2025-06-24 08:45:00+00:00,373.10031723586644
2025-06-24 09:45:00+00:00,371.51442729808167
2025-06-25 03:45:00+00:00,372.3537448655499
2025-06-25 04:45:00+00:00,374.38253523316
2025-06-25 05:45:00+00:00,376.8924687974322
2025-06-25 06:45:00+00:00,377.6528159589664
2025-06-25 07:45:00+00:00,378.58863737854716
2025-06-25 08:45:00+00:00,378.1467912122084
2025-06-25 09:45:00+00:00,378.9766916280628
2025-06-26 03:45:00+00:00,379.0874504797936
2025-06-26 04:45:00+00:00,377.26735875746965
2025-06-26 05:45:00+00:00,374.6987837646461
2025-06-26 06:45:00+00:00,371.5964422475499
2025-06-26 07:45:00+00:00,370.852117208471
2025-06-26 08:45:00+00:00,372.1467473394965
2025-06-26 09:45:00+00:00,374.03779595547354
2025-06-27 03:45:00+00:00,374.3617190779382
2025-06-27 04:45:00+00:00,374.48489777875056
2025-06-27 05:45:00+00:00,370.7543960426026
2025-06-27 06:45:00+00:00,369.1854600455603
2025-06-27 07:45:00+00:00,368.059369794709
2025-06-27 08:45:00+00:00,365.90715284124735
2025-06-27 09:45:00+00:00,368.34893883073875
2025-06-30 03:45:00+00:00,370.04480210852154
2025-06-30 04:45:00+00:00,371.1837493808408
2025-06-30 05:45:00+00:00,371.8324299551706
2025-06-30 06:45:00+00:00,373.2465110141829
2025-06-30 07:45:00+00:00,373.46430976821244
2025-06-30 08:45:00+00:00,373.2680492981189
2025-06-30 09:45:00+00:00,373.013363641347
2025-07-01 03:45:00+00:00,372.81954105584305
2025-07-01 04:45:00+00:00,370.57313313400374
2025-07-01 05:45:00+00:00,369.2437709451303
2025-07-01 06:45:00+00:00,368.7641231294743
2025-07-01 07:45:00+00:00,369.0961113435284
2025-07-01 08:45:00+00:00,368.42071842629963
2025-07-01 09:45:00+00:00,365.4238020969731
2025-07-02 03:45:00+00:00,364.433594094951
2025-07-02 04:45:00+00:00,362.94448051149067
2025-07-02 05:45:00+00:00,360.55621149378777
2025-07-02 06:45:00+00:00,357.95550723208663
2025-07-02 07:45:00+00:00,357.7284657747698
2025-07-02 08:45:00+00:00,358.85504247238987
2025-07-02 09:45:00+00:00,358.6031463814376
2025-07-03 03:45:00+00:00,360.27936246925293
2025-07-03 04:45:00+00:00,361.6779283269282
2025-07-03 05:45:00+00:00,363.2916043526692
2025-07-03 06:45:00+00:00,365.4767204485854
2025-07-03 07:45:00+00:00,362.7841033467631
2025-07-03 08:45:00+00:00,361.8942381412076
2025-07-03 09:45:00+00:00,361.87103973424985
2025-07-04 03:45:00+00:00,362.3092742955128
2025-07-04 04:45:00+00:00,360.89934705034466
2025-07-04 05:45:00+00:00,362.05359485140116
2025-07-04 06:45:00+00:00,361.37843423037845
2025-07-04 07:45:00+00:00,362.37311040163786
2025-07-04 08:45:00+00:00,360.45709551306794
2025-07-04 09:45:00+00:00,359.9122447659788
2025-07-07 03:45:00+00:00,358.8276162691454
2025-07-07 04:45:00+00:00,362.3071879883236
2025-07-07 05:45:00+00:00,360.25875897691867
2025-07-07 06:45:00+00:00,360.3784442164346
2025-07-07 07:45:00+00:00,360.0962031484758
2025-07-07 08:45:00+00:00,359.26073623707566
2025-07-07 09:45:00+00:00,360.24291806523274
2025-07-08 03:45:00+00:00,361.2813677735809
2025-07-08 04:45:00+00:00,362.03096205832406
2025-07-08 05:45:00+00:00,361.5202858431647
2025-07-08 06:45:00+00:00,362.080048768238
2025-07-08 07:45:00+00:00,363.756785916009
2025-07-08 08:45:00+00:00,366.1853338215297
2025-07-08 09:45:00+00:00,365.1180228934123
2025-07-09 03:45:00+00:00,365.2500959078344
2025-07-09 04:45:00+00:00,367.28815751582465
2025-07-09 05:45:00+00:00,365.1801567543815
2025-07-09 06:45:00+00:00,365.00041723947106
2025-07-09 07:45:00+00:00,366.48824732604146
2025-07-09 08:45:00+00:00,369.1471270806065
2025-07-09 09:45:00+00:00,368.1774861232102
2025-07-10 03:45:00+00:00,369.05921516480504
2025-07-10 04:45:00+00:00,368.66861754998746
2025-07-10 05:45:00+00:00,367.40470617304254
2025-07-10 06:45:00+00:00,366.1453785393733
2025-07-10 07:45:00+00:00,365.7627362040396
2025-07-10 08:45:00+00:00,363.7686639507711
2025-07-10 09:45:00+00:00,364.4945418942814
2025-07-11 03:45:00+00:00,365.61544237863484
2025-07-11 04:45:00+00:00,366.2494903827601
2025-07-11 05:45:00+00:00,366.4344589061549
2025-07-11 06:45:00+00:00,364.664879119012
2025-07-11 07:45:00+00:00,367.92198308912344
2025-07-11 08:45:00+00:00,367.96305823240493
2025-07-11 09:45:00+00:00,366.85040445868356
