Datetime,Close
2023-07-14 04:45:00+00:00,1641.538831311438
2023-07-14 05:45:00+00:00,1653.9529317357458
2023-07-14 06:45:00+00:00,1650.0278812102808
2023-07-14 07:45:00+00:00,1625.9593943695593
2023-07-14 08:45:00+00:00,1607.1091172438337
2023-07-14 09:45:00+00:00,1609.8536872606162
2023-07-17 03:45:00+00:00,1598.2241224756121
2023-07-17 04:45:00+00:00,1615.6889641123128
2023-07-17 05:45:00+00:00,1624.4635084862132
2023-07-17 06:45:00+00:00,1628.1752177987
2023-07-17 07:45:00+00:00,1643.2196946926
2023-07-17 08:45:00+00:00,1659.0568603790023
2023-07-17 09:45:00+00:00,1665.4544501758019
2023-07-18 03:45:00+00:00,1666.584726654536
2023-07-18 04:45:00+00:00,1664.1913727953668
2023-07-18 05:45:00+00:00,1684.5169933271725
2023-07-18 06:45:00+00:00,1699.166026872204
2023-07-18 07:45:00+00:00,1693.5761898992341
2023-07-18 08:45:00+00:00,1686.2027885305492
2023-07-18 09:45:00+00:00,1694.5204010830932
2023-07-19 03:45:00+00:00,1698.7613010347038
2023-07-19 04:45:00+00:00,1670.7882269783604
2023-07-19 05:45:00+00:00,1689.4339137666618
2023-07-19 06:45:00+00:00,1689.204002525329
2023-07-19 07:45:00+00:00,1683.2612012227492
2023-07-19 08:45:00+00:00,1669.01218793972
2023-07-19 09:45:00+00:00,1664.9067213490725
2023-07-20 03:45:00+00:00,1671.671972555217
2023-07-20 04:45:00+00:00,1650.1474884342792
2023-07-20 05:45:00+00:00,1645.1362395278497
2023-07-20 06:45:00+00:00,1644.126924059708
2023-07-20 07:45:00+00:00,1643.1777423587619
2023-07-20 08:45:00+00:00,1665.8420489278553
2023-07-20 09:45:00+00:00,1654.3870188011956
2023-07-21 03:45:00+00:00,1652.248365542908
2023-07-21 04:45:00+00:00,1642.0106772784686
2023-07-21 05:45:00+00:00,1646.9928509161825
2023-07-21 06:45:00+00:00,1650.186485272064
2023-07-21 07:45:00+00:00,1650.36499712956
2023-07-21 08:45:00+00:00,1656.6440482152
2023-07-21 09:45:00+00:00,1667.4299777230294
2023-07-24 03:45:00+00:00,1674.807743453749
2023-07-24 04:45:00+00:00,1671.65467241447
2023-07-24 05:45:00+00:00,1663.3242398422774
2023-07-24 06:45:00+00:00,1655.8260008973782
2023-07-24 07:45:00+00:00,1666.5105522353576
2023-07-24 08:45:00+00:00,1666.5272036491351
2023-07-24 09:45:00+00:00,1668.6871628903048
2023-07-25 03:45:00+00:00,1666.706486845269
2023-07-25 04:45:00+00:00,1657.121046151098
2023-07-25 05:45:00+00:00,1671.4613829384198
2023-07-25 06:45:00+00:00,1650.4295160995819
2023-07-25 07:45:00+00:00,1640.8123997579817
2023-07-25 08:45:00+00:00,1666.8478201724906
2023-07-25 09:45:00+00:00,1675.1605384380205
2023-07-26 03:45:00+00:00,1695.1811208703893
2023-07-26 04:45:00+00:00,1683.225510896248
2023-07-26 05:45:00+00:00,1679.9076524424456
2023-07-26 06:45:00+00:00,1678.1710578034263
2023-07-26 07:45:00+00:00,1671.904837690397
2023-07-26 08:45:00+00:00,1671.6890638565487
2023-07-26 09:45:00+00:00,1663.225648437123
2023-07-27 03:45:00+00:00,1655.356829006636
2023-07-27 04:45:00+00:00,1652.487673015147
2023-07-27 05:45:00+00:00,1654.7614008365847
2023-07-27 06:45:00+00:00,1647.7814716625094
2023-07-27 07:45:00+00:00,1649.2734816700706
2023-07-27 08:45:00+00:00,1664.8499823166903
2023-07-27 09:45:00+00:00,1687.2625346326238
2023-07-28 03:45:00+00:00,1699.3089422729877
2023-07-28 04:45:00+00:00,1717.7574219101732
2023-07-28 05:45:00+00:00,1716.6647364315975
2023-07-28 06:45:00+00:00,1715.6991115678065
2023-07-28 07:45:00+00:00,1691.1538824265447
2023-07-28 08:45:00+00:00,1701.5194110133937
2023-07-28 09:45:00+00:00,1694.4029928619464
2023-07-31 03:45:00+00:00,1699.9993783373102
2023-07-31 04:45:00+00:00,1716.7355234992372
2023-07-31 05:45:00+00:00,1697.1357086625405
2023-07-31 06:45:00+00:00,1689.7768431060447
2023-07-31 07:45:00+00:00,1686.403698570609
2023-07-31 08:45:00+00:00,1687.9764135301216
2023-07-31 09:45:00+00:00,1691.7491690403642
2023-08-01 03:45:00+00:00,1695.2211693280901
2023-08-01 04:45:00+00:00,1696.9833332948572
2023-08-01 05:45:00+00:00,1713.4034051197673
2023-08-01 06:45:00+00:00,1746.149901997095
2023-08-01 07:45:00+00:00,1750.1751909140633
2023-08-01 08:45:00+00:00,1742.2950263641035
2023-08-01 09:45:00+00:00,1736.8817915915167
2023-08-02 03:45:00+00:00,1766.8653390588192
2023-08-02 04:45:00+00:00,1779.0093809105365
2023-08-02 05:45:00+00:00,1740.2885430246833
2023-08-02 06:45:00+00:00,1754.8963853503005
2023-08-02 07:45:00+00:00,1745.6790498361675
2023-08-02 08:45:00+00:00,1756.0305961023962
2023-08-02 09:45:00+00:00,1734.8609634564496
2023-08-03 03:45:00+00:00,1727.3912419228218
2023-08-03 04:45:00+00:00,1737.1500540069294
2023-08-03 05:45:00+00:00,1749.3343992478626
2023-08-03 06:45:00+00:00,1735.973611338402
2023-08-03 07:45:00+00:00,1750.6062233018906
2023-08-03 08:45:00+00:00,1745.6237887268842
2023-08-03 09:45:00+00:00,1733.160693294324
2023-08-04 03:45:00+00:00,1706.6487833744031
2023-08-04 04:45:00+00:00,1714.9889721515472
2023-08-04 05:45:00+00:00,1716.6756062268314
2023-08-04 06:45:00+00:00,1722.3463471994803
2023-08-04 07:45:00+00:00,1703.3946402074248
2023-08-04 08:45:00+00:00,1685.289436018947
2023-08-04 09:45:00+00:00,1676.2269226625292
2023-08-07 03:45:00+00:00,1680.4721310271002
2023-08-07 04:45:00+00:00,1677.650002424955
2023-08-07 05:45:00+00:00,1675.432872076602
2023-08-07 06:45:00+00:00,1671.1555827758639
2023-08-07 07:45:00+00:00,1673.4033166836346
2023-08-07 08:45:00+00:00,1665.1705260292615
2023-08-07 09:45:00+00:00,1631.3854980196834
2023-08-08 03:45:00+00:00,1630.5698789306416
2023-08-08 04:45:00+00:00,1608.2251374700459
2023-08-08 05:45:00+00:00,1599.1561156539517
2023-08-08 06:45:00+00:00,1568.2207991859525
2023-08-08 07:45:00+00:00,1569.120009192332
2023-08-08 08:45:00+00:00,1567.3729089211442
2023-08-08 09:45:00+00:00,1580.0560329315426
2023-08-09 03:45:00+00:00,1586.2113019582212
2023-08-09 04:45:00+00:00,1593.2705129992205
2023-08-09 05:45:00+00:00,1595.731161665823
2023-08-09 06:45:00+00:00,1589.3730161243313
2023-08-09 07:45:00+00:00,1599.5521119807638
2023-08-09 08:45:00+00:00,1599.6363152708113
2023-08-09 09:45:00+00:00,1569.2030530088173
2023-08-10 03:45:00+00:00,1549.99367842718
2023-08-10 04:45:00+00:00,1542.7975638912417
2023-08-10 05:45:00+00:00,1560.1352733950957
2023-08-10 06:45:00+00:00,1562.7441345178004
2023-08-10 07:45:00+00:00,1559.4071445532022
2023-08-10 08:45:00+00:00,1566.3299944266778
2023-08-10 09:45:00+00:00,1566.3418431448451
2023-08-11 03:45:00+00:00,1552.9108758517123
2023-08-11 04:45:00+00:00,1542.3538658192583
2023-08-11 05:45:00+00:00,1558.5183974623017
2023-08-11 06:45:00+00:00,1579.4188979383378
2023-08-11 07:45:00+00:00,1572.1980818991235
2023-08-11 08:45:00+00:00,1612.0873718579685
2023-08-11 09:45:00+00:00,1601.681694860476
2023-08-14 03:45:00+00:00,1596.4931450194608
2023-08-14 04:45:00+00:00,1586.8743842311371
2023-08-14 05:45:00+00:00,1571.9545751808282
2023-08-14 06:45:00+00:00,1588.3305259146316
2023-08-14 07:45:00+00:00,1588.3321597448878
2023-08-14 08:45:00+00:00,1574.7533001670186
2023-08-14 09:45:00+00:00,1562.6665122940972
2023-08-16 03:45:00+00:00,1553.983583120078
2023-08-16 04:45:00+00:00,1548.0969714693244
2023-08-16 05:45:00+00:00,1558.833713931611
2023-08-16 06:45:00+00:00,1573.0686737384553
2023-08-16 07:45:00+00:00,1585.4374839616125
2023-08-16 08:45:00+00:00,1557.6859149963916
2023-08-16 09:45:00+00:00,1560.6146633538842
2023-08-17 03:45:00+00:00,1547.051257444656
2023-08-17 04:45:00+00:00,1568.7990810678186
2023-08-17 05:45:00+00:00,1566.6765819914256
2023-08-17 06:45:00+00:00,1567.2992093054688
2023-08-17 07:45:00+00:00,1559.7834898425128
2023-08-17 08:45:00+00:00,1546.556973323131
2023-08-17 09:45:00+00:00,1518.1651299497403
2023-08-18 03:45:00+00:00,1523.2998404105278
2023-08-18 04:45:00+00:00,1517.6261979531494
2023-08-18 05:45:00+00:00,1512.9717259136078
2023-08-18 06:45:00+00:00,1515.4259743027953
2023-08-18 07:45:00+00:00,1513.977378712651
2023-08-18 08:45:00+00:00,1521.1858039005474
2023-08-18 09:45:00+00:00,1513.891317031497
2023-08-21 03:45:00+00:00,1505.870231049904
2023-08-21 04:45:00+00:00,1517.2985137585097
2023-08-21 05:45:00+00:00,1517.5389917842217
2023-08-21 06:45:00+00:00,1541.8675210406418
2023-08-21 07:45:00+00:00,1556.3778317571614
2023-08-21 08:45:00+00:00,1562.5989764859235
2023-08-21 09:45:00+00:00,1558.5261116346921
2023-08-22 03:45:00+00:00,1563.3475861680909
2023-08-22 04:45:00+00:00,1570.5290952956261
2023-08-22 05:45:00+00:00,1541.4281055496078
2023-08-22 06:45:00+00:00,1519.2505616486237
2023-08-22 07:45:00+00:00,1507.8142474884764
2023-08-22 08:45:00+00:00,1495.5159258400663
2023-08-22 09:45:00+00:00,1478.1462321525462
2023-08-23 03:45:00+00:00,1462.0949822631333
2023-08-23 04:45:00+00:00,1466.2250385244968
2023-08-23 05:45:00+00:00,1470.4717472612926
2023-08-23 06:45:00+00:00,1462.912934736956
2023-08-23 07:45:00+00:00,1459.1690291285788
2023-08-23 08:45:00+00:00,1466.333557086316
2023-08-23 09:45:00+00:00,1447.8590483002909
2023-08-24 03:45:00+00:00,1452.2057702553705
2023-08-24 04:45:00+00:00,1438.7287604855078
2023-08-24 05:45:00+00:00,1439.846420078866
2023-08-24 06:45:00+00:00,1440.2300606036515
2023-08-24 07:45:00+00:00,1446.0522712594989
2023-08-24 08:45:00+00:00,1444.0741601598281
2023-08-24 09:45:00+00:00,1436.153642407545
2023-08-25 03:45:00+00:00,1440.966791723055
2023-08-25 04:45:00+00:00,1460.7405249704086
2023-08-25 05:45:00+00:00,1447.2955202990684
2023-08-25 06:45:00+00:00,1429.5814152380824
2023-08-25 07:45:00+00:00,1432.4013115782689
2023-08-25 08:45:00+00:00,1435.3956960373393
2023-08-25 09:45:00+00:00,1415.7892657760722
2023-08-28 03:45:00+00:00,1409.8567383369573
2023-08-28 04:45:00+00:00,1427.9317693358573
2023-08-28 05:45:00+00:00,1410.7095707154608
2023-08-28 06:45:00+00:00,1411.5892429728403
2023-08-28 07:45:00+00:00,1408.524561721922
2023-08-28 08:45:00+00:00,1412.8757130431281
2023-08-28 09:45:00+00:00,1392.091061425407
2023-08-29 03:45:00+00:00,1394.5278727237867
2023-08-29 04:45:00+00:00,1388.602439515347
2023-08-29 05:45:00+00:00,1404.8461876529745
2023-08-29 06:45:00+00:00,1413.7589965244026
2023-08-29 07:45:00+00:00,1405.531039568461
2023-08-29 08:45:00+00:00,1402.815195401531
2023-08-29 09:45:00+00:00,1429.1974088248583
2023-08-30 03:45:00+00:00,1419.7686390052518
2023-08-30 04:45:00+00:00,1443.6247939033997
2023-08-30 05:45:00+00:00,1435.7903783441154
2023-08-30 06:45:00+00:00,1443.0296006063738
2023-08-30 07:45:00+00:00,1451.8389576200234
2023-08-30 08:45:00+00:00,1439.1858420337096
2023-08-30 09:45:00+00:00,1433.8690255334895
2023-08-31 03:45:00+00:00,1431.1688137262768
2023-08-31 04:45:00+00:00,1467.1873075316537
2023-08-31 05:45:00+00:00,1475.820526269543
2023-08-31 06:45:00+00:00,1472.5762858607652
2023-08-31 07:45:00+00:00,1484.4552003807978
2023-08-31 08:45:00+00:00,1473.5231030643085
2023-08-31 09:45:00+00:00,1458.7636816154632
2023-09-01 03:45:00+00:00,1441.1107663402765
2023-09-01 04:45:00+00:00,1437.5431835924298
2023-09-01 05:45:00+00:00,1449.4385710474698
2023-09-01 06:45:00+00:00,1455.327083783935
2023-09-01 07:45:00+00:00,1458.4333650814037
2023-09-01 08:45:00+00:00,1474.167419514184
2023-09-01 09:45:00+00:00,1481.6108147775417
2023-09-04 03:45:00+00:00,1488.2950361671906
2023-09-04 04:45:00+00:00,1498.6889271832522
2023-09-04 05:45:00+00:00,1517.2482810235474
2023-09-04 06:45:00+00:00,1536.6062603664707
2023-09-04 07:45:00+00:00,1523.2002220399397
2023-09-04 08:45:00+00:00,1534.3354824942853
2023-09-04 09:45:00+00:00,1541.7031341566212
2023-09-05 03:45:00+00:00,1508.0948683769884
2023-09-05 04:45:00+00:00,1510.7775653322979
2023-09-05 05:45:00+00:00,1506.517469691158
2023-09-05 06:45:00+00:00,1522.870254202771
2023-09-05 07:45:00+00:00,1526.1268598887775
2023-09-05 08:45:00+00:00,1539.981909243139
2023-09-05 09:45:00+00:00,1528.403500180957
2023-09-06 03:45:00+00:00,1537.3310941484071
2023-09-06 04:45:00+00:00,1574.4834441132136
2023-09-06 05:45:00+00:00,1566.8423315432735
2023-09-06 06:45:00+00:00,1556.4138631157841
2023-09-06 07:45:00+00:00,1555.9885739197869
2023-09-06 08:45:00+00:00,1557.045444141144
2023-09-06 09:45:00+00:00,1542.126717559796
2023-09-07 03:45:00+00:00,1538.8448627358216
2023-09-07 04:45:00+00:00,1550.6414429858496
2023-09-07 05:45:00+00:00,1548.529200087604
2023-09-07 06:45:00+00:00,1561.4139378479908
2023-09-07 07:45:00+00:00,1548.926835646265
2023-09-07 08:45:00+00:00,1550.2159619174865
2023-09-07 09:45:00+00:00,1553.7207208586672
2023-09-08 03:45:00+00:00,1564.111144895481
2023-09-08 04:45:00+00:00,1587.9847971177858
2023-09-08 05:45:00+00:00,1586.8216788883838
2023-09-08 06:45:00+00:00,1600.3701259861255
2023-09-08 07:45:00+00:00,1598.7573713136997
2023-09-08 08:45:00+00:00,1597.6212470482876
2023-09-08 09:45:00+00:00,1606.5813590827577
2023-09-11 03:45:00+00:00,1602.5911293892088
2023-09-11 04:45:00+00:00,1604.0664705667486
2023-09-11 05:45:00+00:00,1612.799971598764
2023-09-11 06:45:00+00:00,1628.3050692488755
2023-09-11 07:45:00+00:00,1644.3982732088123
2023-09-11 08:45:00+00:00,1653.1668961400223
2023-09-11 09:45:00+00:00,1638.4269129745203
2023-09-12 03:45:00+00:00,1634.1830169519808
2023-09-12 04:45:00+00:00,1635.4428253744422
2023-09-12 05:45:00+00:00,1655.0768471088893
2023-09-12 06:45:00+00:00,1650.382338711762
2023-09-12 07:45:00+00:00,1651.275093219656
2023-09-12 08:45:00+00:00,1665.031923718597
2023-09-12 09:45:00+00:00,1668.5315321375288
2023-09-13 03:45:00+00:00,1665.7453277265638
2023-09-13 04:45:00+00:00,1636.434067807207
2023-09-13 05:45:00+00:00,1652.2707253127799
2023-09-13 06:45:00+00:00,1653.1459211359124
2023-09-13 07:45:00+00:00,1620.9482974089362
2023-09-13 08:45:00+00:00,1616.1883878013589
2023-09-13 09:45:00+00:00,1607.0964252415663
2023-09-14 03:45:00+00:00,1611.404401562711
2023-09-14 04:45:00+00:00,1598.9712796853476
2023-09-14 05:45:00+00:00,1608.5172864263377
2023-09-14 06:45:00+00:00,1599.7326951828231
2023-09-14 07:45:00+00:00,1592.466541053529
2023-09-14 08:45:00+00:00,1590.303140456602
2023-09-14 09:45:00+00:00,1578.7413038733746
2023-09-15 03:45:00+00:00,1556.4593837089965
2023-09-15 04:45:00+00:00,1546.1556549691866
2023-09-15 05:45:00+00:00,1530.5697844002439
2023-09-15 06:45:00+00:00,1514.0696198013313
2023-09-15 07:45:00+00:00,1517.106471920132
2023-09-15 08:45:00+00:00,1504.0850602786684
2023-09-15 09:45:00+00:00,1507.2789866374492
2023-09-18 03:45:00+00:00,1517.772388939619
2023-09-18 04:45:00+00:00,1499.4582893233833
2023-09-18 05:45:00+00:00,1507.2764885957256
2023-09-18 06:45:00+00:00,1519.9935803805693
2023-09-18 07:45:00+00:00,1513.872455390446
2023-09-18 08:45:00+00:00,1513.2809031667691
2023-09-18 09:45:00+00:00,1488.3702733173823
2023-09-20 03:45:00+00:00,1491.3653814393067
2023-09-20 04:45:00+00:00,1496.9941564899902
2023-09-20 05:45:00+00:00,1529.1427984177508
2023-09-20 06:45:00+00:00,1535.938075468988
2023-09-20 07:45:00+00:00,1539.3563879259157
2023-09-20 08:45:00+00:00,1552.164365229135
2023-09-20 09:45:00+00:00,1550.4581456911926
2023-09-21 03:45:00+00:00,1548.0744329736965
2023-09-21 04:45:00+00:00,1558.4945376560852
2023-09-21 05:45:00+00:00,1547.4163039912185
2023-09-21 06:45:00+00:00,1542.1012348980082
2023-09-21 07:45:00+00:00,1548.232146870281
2023-09-21 08:45:00+00:00,1529.7035699646594
2023-09-21 09:45:00+00:00,1519.484438567117
2023-09-22 03:45:00+00:00,1514.9548481996671
2023-09-22 04:45:00+00:00,1519.8205102437173
2023-09-22 05:45:00+00:00,1523.455607118767
2023-09-22 06:45:00+00:00,1526.423584737767
2023-09-22 07:45:00+00:00,1513.0357260649416
2023-09-22 08:45:00+00:00,1489.0757365595425
2023-09-22 09:45:00+00:00,1481.6230447595872
2023-09-25 03:45:00+00:00,1485.4360840437284
2023-09-25 04:45:00+00:00,1483.7066152001503
2023-09-25 05:45:00+00:00,1491.4615900410845
2023-09-25 06:45:00+00:00,1491.2755258849227
2023-09-25 07:45:00+00:00,1520.124698711748
2023-09-25 08:45:00+00:00,1518.9999853395077
2023-09-25 09:45:00+00:00,1500.5445756177878
2023-09-26 03:45:00+00:00,1508.0279712750585
2023-09-26 04:45:00+00:00,1513.384506667322
2023-09-26 05:45:00+00:00,1514.3169768150854
2023-09-26 06:45:00+00:00,1517.1833328611067
2023-09-26 07:45:00+00:00,1525.7888683792653
2023-09-26 08:45:00+00:00,1515.7292243344418
2023-09-26 09:45:00+00:00,1502.9435944630147
2023-09-27 03:45:00+00:00,1537.0882798197133
2023-09-27 04:45:00+00:00,1534.4601942580503
2023-09-27 05:45:00+00:00,1536.7985568923502
2023-09-27 06:45:00+00:00,1540.5202661030949
2023-09-27 07:45:00+00:00,1519.9586951244387
2023-09-27 08:45:00+00:00,1520.1232470767554
2023-09-27 09:45:00+00:00,1512.1014028198774
2023-09-28 03:45:00+00:00,1539.1079190548455
2023-09-28 04:45:00+00:00,1541.2037123335465
2023-09-28 05:45:00+00:00,1542.501011657409
2023-09-28 06:45:00+00:00,1548.6759081774012
2023-09-28 07:45:00+00:00,1546.6072489245273
2023-09-28 08:45:00+00:00,1538.0980846540442
2023-09-28 09:45:00+00:00,1573.4325913011032
2023-09-29 03:45:00+00:00,1573.81828678186
2023-09-29 04:45:00+00:00,1561.0713619392611
2023-09-29 05:45:00+00:00,1565.6785895142284
2023-09-29 06:45:00+00:00,1589.614654705625
2023-09-29 07:45:00+00:00,1579.7482102685026
2023-09-29 08:45:00+00:00,1568.1821324405282
2023-09-29 09:45:00+00:00,1578.9539423147128
2023-10-03 03:45:00+00:00,1576.1165200622643
2023-10-03 04:45:00+00:00,1578.7215362015877
2023-10-03 05:45:00+00:00,1599.6510730703326
2023-10-03 06:45:00+00:00,1606.8830603644988
2023-10-03 07:45:00+00:00,1603.1055307874335
2023-10-03 08:45:00+00:00,1602.8462268697917
2023-10-03 09:45:00+00:00,1599.6997210242694
2023-10-04 03:45:00+00:00,1609.754957621317
2023-10-04 04:45:00+00:00,1618.9669655668665
2023-10-04 05:45:00+00:00,1613.4330716592451
2023-10-04 06:45:00+00:00,1613.656204402694
2023-10-04 07:45:00+00:00,1605.9039240894324
2023-10-04 08:45:00+00:00,1626.1133016026938
2023-10-04 09:45:00+00:00,1619.218677497199
2023-10-05 03:45:00+00:00,1639.1286398504171
2023-10-05 04:45:00+00:00,1640.435819575135
2023-10-05 05:45:00+00:00,1621.2288520217794
2023-10-05 06:45:00+00:00,1605.589237423895
2023-10-05 07:45:00+00:00,1606.1924433786867
2023-10-05 08:45:00+00:00,1608.4585075336454
2023-10-05 09:45:00+00:00,1630.1453364419167
2023-10-06 03:45:00+00:00,1646.0307593716789
2023-10-06 04:45:00+00:00,1660.5321418703802
2023-10-06 05:45:00+00:00,1649.1046436805852
2023-10-06 06:45:00+00:00,1657.4478908723745
2023-10-06 07:45:00+00:00,1659.04509479268
2023-10-06 08:45:00+00:00,1652.9426141128536
2023-10-06 09:45:00+00:00,1639.655187262239
2023-10-09 03:45:00+00:00,1626.0754329769688
2023-10-09 04:45:00+00:00,1601.8991718436032
2023-10-09 05:45:00+00:00,1596.044269237233
2023-10-09 06:45:00+00:00,1594.0097024052386
2023-10-09 07:45:00+00:00,1592.7027212564951
2023-10-09 08:45:00+00:00,1584.0399591774735
2023-10-09 09:45:00+00:00,1598.4639080415416
2023-10-10 03:45:00+00:00,1610.4387009247985
2023-10-10 04:45:00+00:00,1613.6109140506312
2023-10-10 05:45:00+00:00,1624.4622845856566
2023-10-10 06:45:00+00:00,1615.1824372499595
2023-10-10 07:45:00+00:00,1607.6779255507538
2023-10-10 08:45:00+00:00,1612.204333653919
2023-10-10 09:45:00+00:00,1621.593929811627
2023-10-11 03:45:00+00:00,1628.0482084362548
2023-10-11 04:45:00+00:00,1645.2893849021211
2023-10-11 05:45:00+00:00,1645.1360510551578
2023-10-11 06:45:00+00:00,1641.2990803361215
2023-10-11 07:45:00+00:00,1634.9270777164636
2023-10-11 08:45:00+00:00,1632.5190942583458
2023-10-11 09:45:00+00:00,1618.3468734657524
2023-10-12 03:45:00+00:00,1629.8632292587936
2023-10-12 04:45:00+00:00,1643.2339095474802
2023-10-12 05:45:00+00:00,1646.8412078982335
2023-10-12 06:45:00+00:00,1663.979816988367
2023-10-12 07:45:00+00:00,1657.8745651593933
2023-10-12 08:45:00+00:00,1659.218583939324
2023-10-12 09:45:00+00:00,1644.6907209272952
2023-10-13 03:45:00+00:00,1662.2966793189883
2023-10-13 04:45:00+00:00,1665.29024735844
2023-10-13 05:45:00+00:00,1671.6096369892066
2023-10-13 06:45:00+00:00,1686.4202524043872
2023-10-13 07:45:00+00:00,1683.1295667375352
2023-10-13 08:45:00+00:00,1700.1664991533876
2023-10-13 09:45:00+00:00,1699.1060917680697
2023-10-16 03:45:00+00:00,1671.7459357586315
2023-10-16 04:45:00+00:00,1698.5985380821717
2023-10-16 05:45:00+00:00,1685.4580229797493
2023-10-16 06:45:00+00:00,1705.1386079654199
2023-10-16 07:45:00+00:00,1706.1093544626458
2023-10-16 08:45:00+00:00,1698.3291606074215
2023-10-16 09:45:00+00:00,1715.2310201578623
2023-10-17 03:45:00+00:00,1706.516171949966
2023-10-17 04:45:00+00:00,1717.4762536961357
2023-10-17 05:45:00+00:00,1707.7681201474957
2023-10-17 06:45:00+00:00,1718.9390088065609
2023-10-17 07:45:00+00:00,1738.8636297561934
2023-10-17 08:45:00+00:00,1730.4556860400528
2023-10-17 09:45:00+00:00,1727.4590743939043
2023-10-18 03:45:00+00:00,1713.7464135593546
2023-10-18 04:45:00+00:00,1725.961635000849
2023-10-18 05:45:00+00:00,1726.7764617638636
2023-10-18 06:45:00+00:00,1745.894466439015
2023-10-18 07:45:00+00:00,1750.681696034233
2023-10-18 08:45:00+00:00,1745.4671375381056
2023-10-18 09:45:00+00:00,1739.2569439140618
2023-10-19 03:45:00+00:00,1731.8593757243327
2023-10-19 04:45:00+00:00,1729.6464967170639
2023-10-19 05:45:00+00:00,1744.4888189449077
2023-10-19 06:45:00+00:00,1726.3695359037577
2023-10-19 07:45:00+00:00,1727.692207254271
2023-10-19 08:45:00+00:00,1693.3525931956115
2023-10-19 09:45:00+00:00,1698.9510671602302
2023-10-20 03:45:00+00:00,1693.918133834503
2023-10-20 04:45:00+00:00,1688.585099355816
2023-10-20 05:45:00+00:00,1681.9004072023797
2023-10-20 06:45:00+00:00,1675.6801192424102
2023-10-20 07:45:00+00:00,1683.6295325111264
2023-10-20 08:45:00+00:00,1694.899362700788
2023-10-20 09:45:00+00:00,1699.6583757657536
2023-10-23 03:45:00+00:00,1708.9482881404583
2023-10-23 04:45:00+00:00,1704.0552172172268
2023-10-23 05:45:00+00:00,1716.9580870986579
2023-10-23 06:45:00+00:00,1737.739487718934
2023-10-23 07:45:00+00:00,1746.8339402894198
2023-10-23 08:45:00+00:00,1758.5586604510268
2023-10-23 09:45:00+00:00,1777.8520814202993
2023-10-25 03:45:00+00:00,1797.893868150513
2023-10-25 04:45:00+00:00,1796.6496780254063
2023-10-25 05:45:00+00:00,1764.7492856357917
2023-10-25 06:45:00+00:00,1781.9940723208817
2023-10-25 07:45:00+00:00,1815.6129694833871
2023-10-25 08:45:00+00:00,1814.2766545054915
2023-10-25 09:45:00+00:00,1810.0019186900333
2023-10-26 03:45:00+00:00,1820.0493181715376
2023-10-26 04:45:00+00:00,1825.6362359285579
2023-10-26 05:45:00+00:00,1798.8568361752489
2023-10-26 06:45:00+00:00,1817.3387899511586
2023-10-26 07:45:00+00:00,1812.2466262713501
2023-10-26 08:45:00+00:00,1803.8199449922545
2023-10-26 09:45:00+00:00,1796.8722991300065
2023-10-27 03:45:00+00:00,1762.7395510874428
2023-10-27 04:45:00+00:00,1768.366362823709
2023-10-27 05:45:00+00:00,1774.1492565540038
2023-10-27 06:45:00+00:00,1765.7129017118446
2023-10-27 07:45:00+00:00,1760.1701123916553
2023-10-27 08:45:00+00:00,1757.7127219984136
2023-10-27 09:45:00+00:00,1768.6645602208675
2023-10-30 03:45:00+00:00,1761.1010886715662
2023-10-30 04:45:00+00:00,1763.475856825994
2023-10-30 05:45:00+00:00,1788.3385537237316
2023-10-30 06:45:00+00:00,1792.9867239349844
2023-10-30 07:45:00+00:00,1790.9708407446556
2023-10-30 08:45:00+00:00,1772.0031668560039
2023-10-30 09:45:00+00:00,1788.3855798648526
2023-10-31 03:45:00+00:00,1784.8287146235857
2023-10-31 04:45:00+00:00,1809.1883150551907
2023-10-31 05:45:00+00:00,1810.99147951655
2023-10-31 06:45:00+00:00,1817.492165022074
2023-10-31 07:45:00+00:00,1795.909137535159
2023-10-31 08:45:00+00:00,1803.1632170932573
2023-10-31 09:45:00+00:00,1815.3240096014913
2023-11-01 03:45:00+00:00,1812.667651551325
2023-11-01 04:45:00+00:00,1804.6414436666807
2023-11-01 05:45:00+00:00,1828.4350364061413
2023-11-01 06:45:00+00:00,1815.8026235655427
2023-11-01 07:45:00+00:00,1820.0325572690604
2023-11-01 08:45:00+00:00,1834.35007912762
2023-11-01 09:45:00+00:00,1821.242196601191
2023-11-02 03:45:00+00:00,1803.1581973766424
2023-11-02 04:45:00+00:00,1806.6415554834075
2023-11-02 05:45:00+00:00,1799.569238327278
2023-11-02 06:45:00+00:00,1796.1769926740326
2023-11-02 07:45:00+00:00,1796.953797514227
2023-11-02 08:45:00+00:00,1772.2405455494318
2023-11-02 09:45:00+00:00,1767.1721415075313
2023-11-03 03:45:00+00:00,1791.6201726425948
2023-11-03 04:45:00+00:00,1805.9938354721073
2023-11-03 05:45:00+00:00,1802.4259679619765
2023-11-03 06:45:00+00:00,1783.756499280615
2023-11-03 07:45:00+00:00,1776.0016023880023
2023-11-03 08:45:00+00:00,1766.6715421313293
2023-11-03 09:45:00+00:00,1749.1604072341463
2023-11-06 03:45:00+00:00,1748.636770355857
2023-11-06 04:45:00+00:00,1732.198961548588
2023-11-06 05:45:00+00:00,1714.242509414351
2023-11-06 06:45:00+00:00,1721.387055229518
2023-11-06 07:45:00+00:00,1720.8419076109128
2023-11-06 08:45:00+00:00,1715.7468465980826
2023-11-06 09:45:00+00:00,1725.624811954129
2023-11-07 03:45:00+00:00,1704.9446803398414
2023-11-07 04:45:00+00:00,1680.965001129284
2023-11-07 05:45:00+00:00,1670.0556947210819
2023-11-07 06:45:00+00:00,1656.478514336408
2023-11-07 07:45:00+00:00,1638.2336801793076
2023-11-07 08:45:00+00:00,1641.7526096945421
2023-11-07 09:45:00+00:00,1631.8018979823016
2023-11-08 03:45:00+00:00,1628.1976503002445
2023-11-08 04:45:00+00:00,1634.7230427330785
2023-11-08 05:45:00+00:00,1635.2544918058597
2023-11-08 06:45:00+00:00,1618.8460225628805
2023-11-08 07:45:00+00:00,1635.0615296999647
2023-11-08 08:45:00+00:00,1625.0598153495023
2023-11-08 09:45:00+00:00,1646.1433812870825
2023-11-09 03:45:00+00:00,1641.4214760377456
2023-11-09 04:45:00+00:00,1632.486488246266
2023-11-09 05:45:00+00:00,1634.575163685544
2023-11-09 06:45:00+00:00,1628.8541631360881
2023-11-09 07:45:00+00:00,1644.0522078387041
2023-11-09 08:45:00+00:00,1665.5913761229685
2023-11-09 09:45:00+00:00,1689.9663623722852
2023-11-10 03:45:00+00:00,1732.6349167410208
2023-11-10 04:45:00+00:00,1714.095618523763
2023-11-10 05:45:00+00:00,1720.2317212813691
2023-11-10 06:45:00+00:00,1713.8189189744844
2023-11-10 07:45:00+00:00,1696.298513436195
2023-11-10 08:45:00+00:00,1681.3603616730995
2023-11-10 09:45:00+00:00,1686.7980336332423
2023-11-13 03:45:00+00:00,1716.8235652475487
2023-11-13 04:45:00+00:00,1698.9892259876788
2023-11-13 05:45:00+00:00,1696.0756522403944
2023-11-13 06:45:00+00:00,1716.520666140656
2023-11-13 07:45:00+00:00,1732.395178708865
2023-11-13 08:45:00+00:00,1719.03867810476
2023-11-13 09:45:00+00:00,1719.352349032875
2023-11-15 03:45:00+00:00,1720.4710832972132
2023-11-15 04:45:00+00:00,1733.172752462949
2023-11-15 05:45:00+00:00,1726.560431803001
2023-11-15 06:45:00+00:00,1754.283360126272
2023-11-15 07:45:00+00:00,1765.9318579590035
2023-11-15 08:45:00+00:00,1768.2895965414075
2023-11-15 09:45:00+00:00,1777.9569414131554
2023-11-16 03:45:00+00:00,1774.0901346598177
2023-11-16 04:45:00+00:00,1771.1374717912927
2023-11-16 05:45:00+00:00,1741.60969443836
2023-11-16 06:45:00+00:00,1728.3831109676626
2023-11-16 07:45:00+00:00,1732.5901016178527
2023-11-16 08:45:00+00:00,1725.2014409077094
2023-11-16 09:45:00+00:00,1718.4573367299333
2023-11-17 03:45:00+00:00,1716.9671153664578
2023-11-17 04:45:00+00:00,1734.3370098776359
2023-11-17 05:45:00+00:00,1735.0369915861245
2023-11-17 06:45:00+00:00,1733.8959478799875
2023-11-17 07:45:00+00:00,1734.1158182150587
2023-11-17 08:45:00+00:00,1738.3460516926361
2023-11-17 09:45:00+00:00,1745.2436967715912
2023-11-20 03:45:00+00:00,1734.2320050388614
2023-11-20 04:45:00+00:00,1720.8231292768667
2023-11-20 05:45:00+00:00,1735.1476054729196
2023-11-20 06:45:00+00:00,1743.038540453154
2023-11-20 07:45:00+00:00,1744.7705789458143
2023-11-20 08:45:00+00:00,1733.5862075266596
2023-11-20 09:45:00+00:00,1736.4446080605308
2023-11-21 03:45:00+00:00,1744.8938204771946
2023-11-21 04:45:00+00:00,1755.0626866204907
2023-11-21 05:45:00+00:00,1743.800236702621
2023-11-21 06:45:00+00:00,1750.972914855704
2023-11-21 07:45:00+00:00,1774.7291040261498
2023-11-21 08:45:00+00:00,1800.068899836435
2023-11-21 09:45:00+00:00,1790.384574004306
2023-11-22 03:45:00+00:00,1789.4102709875015
2023-11-22 04:45:00+00:00,1803.7054513858322
2023-11-22 05:45:00+00:00,1794.6445222730094
2023-11-22 06:45:00+00:00,1805.5327031600907
2023-11-22 07:45:00+00:00,1786.3572825923952
2023-11-22 08:45:00+00:00,1778.843950329335
2023-11-22 09:45:00+00:00,1770.3256007945326
2023-11-23 03:45:00+00:00,1758.9025532762187
2023-11-23 04:45:00+00:00,1741.4938776235924
2023-11-23 05:45:00+00:00,1731.386420878527
2023-11-23 06:45:00+00:00,1739.389422965492
2023-11-23 07:45:00+00:00,1736.3659940746409
2023-11-23 08:45:00+00:00,1740.8519991723529
2023-11-23 09:45:00+00:00,1728.702324882897
2023-11-24 03:45:00+00:00,1718.4051154389674
2023-11-24 04:45:00+00:00,1728.5935650910276
2023-11-24 05:45:00+00:00,1751.4067131429854
2023-11-24 06:45:00+00:00,1768.6283479178205
2023-11-24 07:45:00+00:00,1749.8888127260418
2023-11-24 08:45:00+00:00,1769.9173730893617
2023-11-24 09:45:00+00:00,1796.7233074960081
2023-11-28 03:45:00+00:00,1795.241878932723
2023-11-28 04:45:00+00:00,1826.8877995847329
2023-11-28 05:45:00+00:00,1847.3022394452614
2023-11-28 06:45:00+00:00,1845.2462018387182
2023-11-28 07:45:00+00:00,1837.0137213895712
2023-11-28 08:45:00+00:00,1826.4130544408163
2023-11-28 09:45:00+00:00,1832.4660498947246
2023-11-29 03:45:00+00:00,1825.2330554351997
2023-11-29 04:45:00+00:00,1811.206702775766
2023-11-29 05:45:00+00:00,1819.5740659569315
2023-11-29 06:45:00+00:00,1840.3494315094536
2023-11-29 07:45:00+00:00,1848.404290138815
2023-11-29 08:45:00+00:00,1858.481640500136
2023-11-29 09:45:00+00:00,1863.380454967211
2023-11-30 03:45:00+00:00,1884.987338828317
2023-11-30 04:45:00+00:00,1896.5522464215956
2023-11-30 05:45:00+00:00,1894.3427696081412
2023-11-30 06:45:00+00:00,1865.269744153372
2023-11-30 07:45:00+00:00,1860.4663035817032
2023-11-30 08:45:00+00:00,1833.3220934398532
2023-11-30 09:45:00+00:00,1829.3550666469616
2023-12-01 03:45:00+00:00,1819.6542408454081
2023-12-01 04:45:00+00:00,1822.7070541225607
2023-12-01 05:45:00+00:00,1818.988271080011
2023-12-01 06:45:00+00:00,1821.821371174034
2023-12-01 07:45:00+00:00,1831.1872285329775
2023-12-01 08:45:00+00:00,1804.5836960068043
2023-12-01 09:45:00+00:00,1812.2259496310778
2023-12-04 03:45:00+00:00,1812.0947484925712
2023-12-04 04:45:00+00:00,1833.0520398935598
2023-12-04 05:45:00+00:00,1826.9939628776176
2023-12-04 06:45:00+00:00,1841.5671657557066
2023-12-04 07:45:00+00:00,1819.071334552787
2023-12-04 08:45:00+00:00,1797.9405648884076
2023-12-04 09:45:00+00:00,1797.0353483301749
2023-12-05 03:45:00+00:00,1796.2779981849126
2023-12-05 04:45:00+00:00,1797.4338699935015
2023-12-05 05:45:00+00:00,1793.1496141101948
2023-12-05 06:45:00+00:00,1781.804813732239
2023-12-05 07:45:00+00:00,1762.5457670345886
2023-12-05 08:45:00+00:00,1765.3880648694394
2023-12-05 09:45:00+00:00,1759.2783122192357
2023-12-06 03:45:00+00:00,1773.1027397734144
2023-12-06 04:45:00+00:00,1816.4336675473896
2023-12-06 05:45:00+00:00,1793.6002233589772
2023-12-06 06:45:00+00:00,1779.4830061832859
2023-12-06 07:45:00+00:00,1762.6445709996935
2023-12-06 08:45:00+00:00,1756.8051117555333
2023-12-06 09:45:00+00:00,1737.1582299201666
2023-12-07 03:45:00+00:00,1718.550368326428
2023-12-07 04:45:00+00:00,1692.7125126095566
2023-12-07 05:45:00+00:00,1681.4814875474801
2023-12-07 06:45:00+00:00,1691.5008567060513
2023-12-07 07:45:00+00:00,1684.641142151805
2023-12-07 08:45:00+00:00,1691.0508310810517
2023-12-07 09:45:00+00:00,1683.9676610267918
2023-12-08 03:45:00+00:00,1702.5041873133807
2023-12-08 04:45:00+00:00,1685.773011440699
2023-12-08 05:45:00+00:00,1664.3925749789123
2023-12-08 06:45:00+00:00,1673.2543166455168
2023-12-08 07:45:00+00:00,1676.794024570059
2023-12-08 08:45:00+00:00,1664.699866529775
2023-12-08 09:45:00+00:00,1650.7525004336894
2023-12-11 03:45:00+00:00,1651.529663185256
2023-12-11 04:45:00+00:00,1652.744114861507
2023-12-11 05:45:00+00:00,1653.7036047296522
2023-12-11 06:45:00+00:00,1639.5419621121532
2023-12-11 07:45:00+00:00,1643.6087740789635
2023-12-11 08:45:00+00:00,1636.3461319823666
2023-12-11 09:45:00+00:00,1636.0227686875548
2023-12-12 03:45:00+00:00,1639.5850904859403
2023-12-12 04:45:00+00:00,1641.4277036626129
2023-12-12 05:45:00+00:00,1635.0950137208636
2023-12-12 06:45:00+00:00,1616.9110744590241
2023-12-12 07:45:00+00:00,1624.2372170208653
2023-12-12 08:45:00+00:00,1617.2534814525297
2023-12-12 09:45:00+00:00,1633.4188720843542
2023-12-13 03:45:00+00:00,1644.0725010534559
2023-12-13 04:45:00+00:00,1646.5172278480234
2023-12-13 05:45:00+00:00,1656.7887799547077
2023-12-13 06:45:00+00:00,1688.1953308503214
2023-12-13 07:45:00+00:00,1657.6744137763246
2023-12-13 08:45:00+00:00,1652.905758496522
2023-12-13 09:45:00+00:00,1652.7278011603912
2023-12-14 03:45:00+00:00,1640.8235455473857
2023-12-14 04:45:00+00:00,1649.471759713203
2023-12-14 05:45:00+00:00,1670.5963452714077
2023-12-14 06:45:00+00:00,1671.9310642960686
2023-12-14 07:45:00+00:00,1687.8149514759295
2023-12-14 08:45:00+00:00,1710.718597636055
2023-12-14 09:45:00+00:00,1722.6055149078902
2023-12-15 03:45:00+00:00,1713.0538139161843
2023-12-15 04:45:00+00:00,1704.0977034903692
2023-12-15 05:45:00+00:00,1686.4647630252905
2023-12-15 06:45:00+00:00,1678.1179875242497
2023-12-15 07:45:00+00:00,1674.352780984837
2023-12-15 08:45:00+00:00,1693.0962083069276
2023-12-15 09:45:00+00:00,1697.9372655823872
2023-12-18 03:45:00+00:00,1682.9798644427046
2023-12-18 04:45:00+00:00,1692.722662444224
2023-12-18 05:45:00+00:00,1715.0634814096745
2023-12-18 06:45:00+00:00,1730.2805558116556
2023-12-18 07:45:00+00:00,1725.7405863921472
2023-12-18 08:45:00+00:00,1717.2275531268476
2023-12-18 09:45:00+00:00,1702.7454627846782
2023-12-19 03:45:00+00:00,1688.9755482871728
2023-12-19 04:45:00+00:00,1689.6793884648857
2023-12-19 05:45:00+00:00,1699.3901998076392
2023-12-19 06:45:00+00:00,1683.9341825697113
2023-12-19 07:45:00+00:00,1692.0785272681828
2023-12-19 08:45:00+00:00,1711.5832098560318
2023-12-19 09:45:00+00:00,1717.4187320419994
2023-12-20 03:45:00+00:00,1731.6083127733582
2023-12-20 04:45:00+00:00,1743.1456077464063
2023-12-20 05:45:00+00:00,1749.3950597414753
2023-12-20 06:45:00+00:00,1758.5938095384802
2023-12-20 07:45:00+00:00,1748.469150304139
2023-12-20 08:45:00+00:00,1750.598819036675
2023-12-20 09:45:00+00:00,1763.7220121655205
2023-12-21 03:45:00+00:00,1764.3040126893393
2023-12-21 04:45:00+00:00,1760.928532199153
2023-12-21 05:45:00+00:00,1746.2805848477667
2023-12-21 06:45:00+00:00,1750.451246362283
2023-12-21 07:45:00+00:00,1771.7674841946716
2023-12-21 08:45:00+00:00,1772.0347973585958
2023-12-21 09:45:00+00:00,1806.9453823399353
2023-12-22 03:45:00+00:00,1823.245524358106
2023-12-22 04:45:00+00:00,1817.0773773535868
2023-12-22 05:45:00+00:00,1810.062769692928
2023-12-22 06:45:00+00:00,1798.51790863716
2023-12-22 07:45:00+00:00,1771.8484904891952
2023-12-22 08:45:00+00:00,1812.79770308733
2023-12-22 09:45:00+00:00,1818.6946050346337
2023-12-26 03:45:00+00:00,1807.8895495861766
2023-12-26 04:45:00+00:00,1783.3340679614105
2023-12-26 05:45:00+00:00,1771.4627007584656
2023-12-26 06:45:00+00:00,1798.9593594515977
2023-12-26 07:45:00+00:00,1809.0214825307241
2023-12-26 08:45:00+00:00,1811.6343792397338
2023-12-26 09:45:00+00:00,1799.6995440526775
2023-12-27 03:45:00+00:00,1779.7736355198758
2023-12-27 04:45:00+00:00,1776.4006926903958
2023-12-27 05:45:00+00:00,1779.860736554626
2023-12-27 06:45:00+00:00,1800.7497188258976
2023-12-27 07:45:00+00:00,1819.6943891854237
2023-12-27 08:45:00+00:00,1839.403232931128
2023-12-27 09:45:00+00:00,1819.3190298137597
2023-12-28 03:45:00+00:00,1822.8948670924394
2023-12-28 04:45:00+00:00,1838.0491900864008
2023-12-28 05:45:00+00:00,1830.9088955644502
2023-12-28 06:45:00+00:00,1828.9289859192722
2023-12-28 07:45:00+00:00,1845.3902576070975
2023-12-28 08:45:00+00:00,1883.7773391099008
2023-12-28 09:45:00+00:00,1875.9710083222594
2023-12-29 03:45:00+00:00,1864.6607134891037
2023-12-29 04:45:00+00:00,1844.3979809935781
2023-12-29 05:45:00+00:00,1836.4144098383601
2023-12-29 06:45:00+00:00,1833.4933713781013
2023-12-29 07:45:00+00:00,1852.1973612511983
2023-12-29 08:45:00+00:00,1810.8325201669736
2023-12-29 09:45:00+00:00,1813.1310600520624
2024-01-01 03:45:00+00:00,1791.5379175912542
2024-01-01 04:45:00+00:00,1768.1299942611856
2024-01-01 05:45:00+00:00,1773.5044155627033
2024-01-01 06:45:00+00:00,1762.2782600636672
2024-01-01 07:45:00+00:00,1795.7676173154957
2024-01-01 08:45:00+00:00,1787.6856704741042
2024-01-01 09:45:00+00:00,1787.1063759389451
2024-01-02 03:45:00+00:00,1773.762826649824
2024-01-02 04:45:00+00:00,1788.061394872593
2024-01-02 05:45:00+00:00,1794.0746556719148
2024-01-02 06:45:00+00:00,1769.5818921513867
2024-01-02 07:45:00+00:00,1777.759459873243
2024-01-02 08:45:00+00:00,1786.5787114546797
2024-01-02 09:45:00+00:00,1757.475615516898
2024-01-03 03:45:00+00:00,1761.5214996348825
2024-01-03 04:45:00+00:00,1764.1758354376257
2024-01-03 05:45:00+00:00,1785.378197387581
2024-01-03 06:45:00+00:00,1788.5207841444374
2024-01-03 07:45:00+00:00,1793.7445180806574
2024-01-03 08:45:00+00:00,1808.9174856697036
2024-01-03 09:45:00+00:00,1824.0542373643937
2024-01-04 03:45:00+00:00,1829.7771903518237
2024-01-04 04:45:00+00:00,1827.7298445065983
2024-01-04 05:45:00+00:00,1840.0139062602477
2024-01-04 06:45:00+00:00,1856.7516976146385
2024-01-04 07:45:00+00:00,1833.7770851605767
2024-01-04 08:45:00+00:00,1836.5161562437404
2024-01-04 09:45:00+00:00,1827.5213497127568
2024-01-05 03:45:00+00:00,1849.5231192641875
2024-01-05 04:45:00+00:00,1848.8018353452992
2024-01-05 05:45:00+00:00,1839.38036206915
2024-01-05 06:45:00+00:00,1807.1368142228016
2024-01-05 07:45:00+00:00,1788.3534633734184
2024-01-05 08:45:00+00:00,1799.8684160271387
2024-01-05 09:45:00+00:00,1793.013579624435
2024-01-08 03:45:00+00:00,1796.2060890658204
2024-01-08 04:45:00+00:00,1787.95241155632
2024-01-08 05:45:00+00:00,1801.2301060336029
2024-01-08 06:45:00+00:00,1799.7910402103128
2024-01-08 07:45:00+00:00,1793.634233375416
2024-01-08 08:45:00+00:00,1787.616533097337
2024-01-08 09:45:00+00:00,1764.9014481707231
2024-01-09 03:45:00+00:00,1733.0885539285334
2024-01-09 04:45:00+00:00,1743.4878992897663
2024-01-09 05:45:00+00:00,1743.0623831858659
2024-01-09 06:45:00+00:00,1721.3307010270432
2024-01-09 07:45:00+00:00,1700.183127980026
2024-01-09 08:45:00+00:00,1700.9610043293458
2024-01-09 09:45:00+00:00,1719.2074255971163
2024-01-10 03:45:00+00:00,1697.7010013913628
2024-01-10 04:45:00+00:00,1713.4749957784225
2024-01-10 05:45:00+00:00,1701.8156062498624
2024-01-10 06:45:00+00:00,1721.5468936875147
2024-01-10 07:45:00+00:00,1734.2618035737394
2024-01-10 08:45:00+00:00,1720.3023777756339
2024-01-10 09:45:00+00:00,1697.9705339974516
2024-01-11 03:45:00+00:00,1714.5803569004563
2024-01-11 04:45:00+00:00,1711.0384683249235
2024-01-11 05:45:00+00:00,1703.7983674537772
2024-01-11 06:45:00+00:00,1697.1377340582035
2024-01-11 07:45:00+00:00,1707.029089523889
2024-01-11 08:45:00+00:00,1725.2917330966163
2024-01-11 09:45:00+00:00,1713.8287773820987
2024-01-12 03:45:00+00:00,1727.653261935575
2024-01-12 04:45:00+00:00,1717.5344343254462
2024-01-12 05:45:00+00:00,1740.533004896692
2024-01-12 06:45:00+00:00,1720.580296765431
2024-01-12 07:45:00+00:00,1698.3405754237128
2024-01-12 08:45:00+00:00,1680.0982239347811
2024-01-12 09:45:00+00:00,1679.8545535797005
2024-01-15 03:45:00+00:00,1684.5805948369596
2024-01-15 04:45:00+00:00,1704.3924112081943
2024-01-15 05:45:00+00:00,1705.8950073782391
2024-01-15 06:45:00+00:00,1695.6799668558422
2024-01-15 07:45:00+00:00,1685.9187862114372
2024-01-15 08:45:00+00:00,1693.4528033137692
2024-01-15 09:45:00+00:00,1672.4107428319087
2024-01-16 03:45:00+00:00,1660.5246690992797
2024-01-16 04:45:00+00:00,1676.85803383632
2024-01-16 05:45:00+00:00,1666.1543118220204
2024-01-16 06:45:00+00:00,1660.8943213051443
2024-01-16 07:45:00+00:00,1646.6851636998404
2024-01-16 08:45:00+00:00,1629.6896962284286
2024-01-16 09:45:00+00:00,1621.8322226100731
2024-01-17 03:45:00+00:00,1611.4621276449507
2024-01-17 04:45:00+00:00,1610.8597626034384
2024-01-17 05:45:00+00:00,1615.331549016049
2024-01-17 06:45:00+00:00,1643.4972531816143
2024-01-17 07:45:00+00:00,1642.953759855092
2024-01-17 08:45:00+00:00,1645.3684074372593
2024-01-17 09:45:00+00:00,1655.2474434451447
2024-01-18 03:45:00+00:00,1646.1931279723897
2024-01-18 04:45:00+00:00,1631.9678046405113
2024-01-18 05:45:00+00:00,1614.1597130386735
2024-01-18 06:45:00+00:00,1582.1737328997826
2024-01-18 07:45:00+00:00,1568.4043140433541
2024-01-18 08:45:00+00:00,1569.28576678642
2024-01-18 09:45:00+00:00,1556.3766115586532
2024-01-19 03:45:00+00:00,1553.3403276494562
2024-01-19 04:45:00+00:00,1552.122798836584
2024-01-19 05:45:00+00:00,1570.7010574900066
2024-01-19 06:45:00+00:00,1590.9849581379883
2024-01-19 07:45:00+00:00,1587.9889556685432
2024-01-19 08:45:00+00:00,1555.2604851847482
2024-01-19 09:45:00+00:00,1526.762486852188
2024-01-23 03:45:00+00:00,1520.2994778437994
2024-01-23 04:45:00+00:00,1504.5102857983595
2024-01-23 05:45:00+00:00,1508.7644741605975
2024-01-23 06:45:00+00:00,1538.0560799545658
2024-01-23 07:45:00+00:00,1516.6260299566047
2024-01-23 08:45:00+00:00,1533.9813395694198
2024-01-23 09:45:00+00:00,1503.5298766148487
2024-01-24 03:45:00+00:00,1508.9318776115365
2024-01-24 04:45:00+00:00,1522.3089037950429
2024-01-24 05:45:00+00:00,1510.4975593866618
2024-01-24 06:45:00+00:00,1525.986571265058
2024-01-24 07:45:00+00:00,1524.3488161256773
2024-01-24 08:45:00+00:00,1537.237118694665
2024-01-24 09:45:00+00:00,1526.9637895362941
2024-01-25 03:45:00+00:00,1489.7155332676684
2024-01-25 04:45:00+00:00,1514.8959483211759
2024-01-25 05:45:00+00:00,1509.3003391580273
2024-01-25 06:45:00+00:00,1498.3878633298054
2024-01-25 07:45:00+00:00,1512.699305642515
2024-01-25 08:45:00+00:00,1511.4428886891942
2024-01-25 09:45:00+00:00,1514.7740100888807
2024-01-29 03:45:00+00:00,1510.2157153715493
2024-01-29 04:45:00+00:00,1486.6012768877345
2024-01-29 05:45:00+00:00,1494.3806544316637
2024-01-29 06:45:00+00:00,1525.1803844315157
2024-01-29 07:45:00+00:00,1507.1884521713077
2024-01-29 08:45:00+00:00,1519.322555136259
2024-01-29 09:45:00+00:00,1529.0531541034593
2024-01-30 03:45:00+00:00,1540.0356686808684
2024-01-30 04:45:00+00:00,1533.8569075660996
2024-01-30 05:45:00+00:00,1541.5742172170378
2024-01-30 06:45:00+00:00,1537.3760731642565
2024-01-30 07:45:00+00:00,1547.4941440659873
2024-01-30 08:45:00+00:00,1538.5954010299436
2024-01-30 09:45:00+00:00,1531.167831405631
2024-01-31 03:45:00+00:00,1531.2144832668498
2024-01-31 04:45:00+00:00,1532.0121638195792
2024-01-31 05:45:00+00:00,1553.136665523986
2024-01-31 06:45:00+00:00,1545.7028456654466
2024-01-31 07:45:00+00:00,1538.6679676349668
2024-01-31 08:45:00+00:00,1533.716115920208
2024-01-31 09:45:00+00:00,1536.3979513804113
2024-02-01 03:45:00+00:00,1551.3531294932127
2024-02-01 04:45:00+00:00,1534.057766840003
2024-02-01 05:45:00+00:00,1514.25250633366
2024-02-01 06:45:00+00:00,1520.7477826133722
2024-02-01 07:45:00+00:00,1528.1597593214628
2024-02-01 08:45:00+00:00,1534.692951985405
2024-02-01 09:45:00+00:00,1517.548897281192
2024-02-02 03:45:00+00:00,1503.2404241802578
2024-02-02 04:45:00+00:00,1500.946742516659
2024-02-02 05:45:00+00:00,1491.4309743101016
2024-02-02 06:45:00+00:00,1512.5852011699728
2024-02-02 07:45:00+00:00,1517.416353297923
2024-02-02 08:45:00+00:00,1518.018321884069
2024-02-02 09:45:00+00:00,1519.6475329071454
2024-02-05 03:45:00+00:00,1533.125942587386
2024-02-05 04:45:00+00:00,1527.6459611391435
2024-02-05 05:45:00+00:00,1522.69795689134
2024-02-05 06:45:00+00:00,1504.9958591353268
2024-02-05 07:45:00+00:00,1498.259768215742
2024-02-05 08:45:00+00:00,1491.0842991821587
2024-02-05 09:45:00+00:00,1487.8334271922238
2024-02-06 03:45:00+00:00,1491.5472814606633
2024-02-06 04:45:00+00:00,1498.4779066269016
2024-02-06 05:45:00+00:00,1478.5005136306222
2024-02-06 06:45:00+00:00,1448.5514358616044
2024-02-06 07:45:00+00:00,1451.3368045038078
2024-02-06 08:45:00+00:00,1446.8726880591294
2024-02-06 09:45:00+00:00,1450.5819903566485
2024-02-07 03:45:00+00:00,1472.8934149327476
2024-02-07 04:45:00+00:00,1462.8410486116084
2024-02-07 05:45:00+00:00,1461.6379115440093
2024-02-07 06:45:00+00:00,1441.838935506946
2024-02-07 07:45:00+00:00,1448.3235490279797
2024-02-07 08:45:00+00:00,1440.4661004510344
2024-02-07 09:45:00+00:00,1455.4257790055503
2024-02-08 03:45:00+00:00,1436.0674385222017
2024-02-08 04:45:00+00:00,1449.9377510102431
2024-02-08 05:45:00+00:00,1455.7835364033022
2024-02-08 06:45:00+00:00,1460.3103668856265
2024-02-08 07:45:00+00:00,1461.9165568522985
2024-02-08 08:45:00+00:00,1468.7858017178357
2024-02-08 09:45:00+00:00,1453.8983538514342
2024-02-09 03:45:00+00:00,1448.6327499693891
2024-02-09 04:45:00+00:00,1439.0441619685237
2024-02-09 05:45:00+00:00,1448.2138846784112
2024-02-09 06:45:00+00:00,1458.360937259835
2024-02-09 07:45:00+00:00,1461.390632853039
2024-02-09 08:45:00+00:00,1469.6701620320155
2024-02-09 09:45:00+00:00,1480.2760009785816
2024-02-12 03:45:00+00:00,1486.785789102163
2024-02-12 04:45:00+00:00,1482.0105668034655
2024-02-12 05:45:00+00:00,1493.1996360184864
2024-02-12 06:45:00+00:00,1511.445892133582
2024-02-12 07:45:00+00:00,1510.270370370991
2024-02-12 08:45:00+00:00,1520.528289896518
2024-02-12 09:45:00+00:00,1551.5990558664348
2024-02-13 03:45:00+00:00,1555.8877137119339
2024-02-13 04:45:00+00:00,1567.2307183581547
2024-02-13 05:45:00+00:00,1558.6570831617096
2024-02-13 06:45:00+00:00,1560.6709130614386
2024-02-13 07:45:00+00:00,1557.8882182984837
2024-02-13 08:45:00+00:00,1556.114046647192
2024-02-13 09:45:00+00:00,1550.7319306547458
2024-02-14 03:45:00+00:00,1533.8665713023959
2024-02-14 04:45:00+00:00,1549.9512620409262
2024-02-14 05:45:00+00:00,1560.6799632438763
2024-02-14 06:45:00+00:00,1580.219142804181
2024-02-14 07:45:00+00:00,1582.973526911307
2024-02-14 08:45:00+00:00,1571.041532874984
2024-02-14 09:45:00+00:00,1569.0748624405367
2024-02-15 03:45:00+00:00,1572.4321514022706
2024-02-15 04:45:00+00:00,1578.3043985935292
2024-02-15 05:45:00+00:00,1590.5241587436215
2024-02-15 06:45:00+00:00,1605.2085623697592
2024-02-15 07:45:00+00:00,1607.096077559848
2024-02-15 08:45:00+00:00,1604.8319981585942
2024-02-15 09:45:00+00:00,1591.4327130580778
2024-02-16 03:45:00+00:00,1593.5422691909775
2024-02-16 04:45:00+00:00,1574.9762619650016
2024-02-16 05:45:00+00:00,1580.3685150113718
2024-02-16 06:45:00+00:00,1587.2378438344806
2024-02-16 07:45:00+00:00,1585.0801775404914
2024-02-16 08:45:00+00:00,1592.6916484159372
2024-02-16 09:45:00+00:00,1589.9682524257075
2024-02-19 03:45:00+00:00,1592.793698725909
2024-02-19 04:45:00+00:00,1604.360778002034
2024-02-19 05:45:00+00:00,1623.5730192654994
2024-02-19 06:45:00+00:00,1616.2845102774677
2024-02-19 07:45:00+00:00,1590.0674596019953
2024-02-19 08:45:00+00:00,1606.5887980284906
2024-02-19 09:45:00+00:00,1601.1417528022107
2024-02-20 03:45:00+00:00,1586.8761660496798
2024-02-20 04:45:00+00:00,1585.8371560039668
2024-02-20 05:45:00+00:00,1598.2421320288147
2024-02-20 06:45:00+00:00,1587.5426818860697
2024-02-20 07:45:00+00:00,1599.5041412763308
2024-02-20 08:45:00+00:00,1601.4946237678496
2024-02-20 09:45:00+00:00,1595.4253649862012
2024-02-21 03:45:00+00:00,1596.7853281443945
2024-02-21 04:45:00+00:00,1642.6730253674448
2024-02-21 05:45:00+00:00,1638.1775996594986
2024-02-21 06:45:00+00:00,1634.7101777854548
2024-02-21 07:45:00+00:00,1650.8444520125136
2024-02-21 08:45:00+00:00,1651.5777698106504
2024-02-21 09:45:00+00:00,1644.9975359383745
2024-02-22 03:45:00+00:00,1634.2103284621564
2024-02-22 04:45:00+00:00,1646.397987018772
2024-02-22 05:45:00+00:00,1649.5050810518069
2024-02-22 06:45:00+00:00,1638.3141677509723
2024-02-22 07:45:00+00:00,1642.6816923867384
2024-02-22 08:45:00+00:00,1633.6540365205967
2024-02-22 09:45:00+00:00,1637.842352432021
2024-02-23 03:45:00+00:00,1646.5584532669736
2024-02-23 04:45:00+00:00,1616.649123376995
2024-02-23 05:45:00+00:00,1618.25029694853
2024-02-23 06:45:00+00:00,1626.3333266905342
2024-02-23 07:45:00+00:00,1621.326072527845
2024-02-23 08:45:00+00:00,1601.5237849494463
2024-02-23 09:45:00+00:00,1608.5348941793475
2024-02-26 03:45:00+00:00,1601.8208671371908
2024-02-26 04:45:00+00:00,1600.2859526390855
2024-02-26 05:45:00+00:00,1602.4092585244255
2024-02-26 06:45:00+00:00,1598.4048998330436
2024-02-26 07:45:00+00:00,1605.0102515296437
2024-02-26 08:45:00+00:00,1620.2096329677483
2024-02-26 09:45:00+00:00,1651.8976352495936
2024-02-27 03:45:00+00:00,1663.8948292050068
2024-02-27 04:45:00+00:00,1678.528385831973
2024-02-27 05:45:00+00:00,1669.3068853878526
2024-02-27 06:45:00+00:00,1672.5341717016145
2024-02-27 07:45:00+00:00,1681.6345715861553
2024-02-27 08:45:00+00:00,1697.6179661419937
2024-02-27 09:45:00+00:00,1670.5369839892587
2024-02-28 03:45:00+00:00,1674.0641637546914
2024-02-28 04:45:00+00:00,1676.4397065218488
2024-02-28 05:45:00+00:00,1714.0114303572723
2024-02-28 06:45:00+00:00,1748.1606101917398
2024-02-28 07:45:00+00:00,1746.096259690334
2024-02-28 08:45:00+00:00,1720.4766612745664
2024-02-28 09:45:00+00:00,1733.7394761086848
2024-02-29 03:45:00+00:00,1712.2448001273085
2024-02-29 04:45:00+00:00,1726.1246191270304
2024-02-29 05:45:00+00:00,1747.0138611346024
2024-02-29 06:45:00+00:00,1738.1800202043341
2024-02-29 07:45:00+00:00,1735.4995236171305
2024-02-29 08:45:00+00:00,1738.4777549736696
2024-02-29 09:45:00+00:00,1760.1651714660265
2024-03-01 03:45:00+00:00,1744.6010825903495
2024-03-01 04:45:00+00:00,1779.9514143396611
2024-03-01 05:45:00+00:00,1761.4171063532985
2024-03-01 06:45:00+00:00,1771.6949625407278
2024-03-01 07:45:00+00:00,1799.1114928221562
2024-03-01 08:45:00+00:00,1784.151203472843
2024-03-01 09:45:00+00:00,1805.733858712648
2024-03-04 03:45:00+00:00,1807.7644666286003
2024-03-04 04:45:00+00:00,1809.9136128984592
2024-03-04 05:45:00+00:00,1809.433955127689
2024-03-04 06:45:00+00:00,1834.7975389062435
2024-03-04 07:45:00+00:00,1835.1646375609364
2024-03-04 08:45:00+00:00,1828.567845419481
2024-03-04 09:45:00+00:00,1821.7512103094127
2024-03-05 03:45:00+00:00,1829.7653857229488
2024-03-05 04:45:00+00:00,1842.993096527465
2024-03-05 05:45:00+00:00,1865.2849284534893
2024-03-05 06:45:00+00:00,1837.017514458211
2024-03-05 07:45:00+00:00,1821.1355117667174
2024-03-05 08:45:00+00:00,1857.530789568105
2024-03-05 09:45:00+00:00,1848.125671061186
2024-03-06 03:45:00+00:00,1844.1565879213304
2024-03-06 04:45:00+00:00,1813.4693427590246
2024-03-06 05:45:00+00:00,1807.527062113378
2024-03-06 06:45:00+00:00,1805.16123971888
2024-03-06 07:45:00+00:00,1806.0812926669098
2024-03-06 08:45:00+00:00,1801.6502248793686
2024-03-06 09:45:00+00:00,1807.4290166699132
2024-03-07 03:45:00+00:00,1809.9451149464064
2024-03-07 04:45:00+00:00,1825.8954051608175
2024-03-07 05:45:00+00:00,1820.2771234956592
2024-03-07 06:45:00+00:00,1829.6611737066498
2024-03-07 07:45:00+00:00,1824.0429358564118
2024-03-07 08:45:00+00:00,1823.1602461951786
2024-03-07 09:45:00+00:00,1815.2312660121331
2024-03-11 03:45:00+00:00,1817.7334076677828
2024-03-11 04:45:00+00:00,1852.299536688614
2024-03-11 05:45:00+00:00,1851.5514766702356
2024-03-11 06:45:00+00:00,1858.128208834869
2024-03-11 07:45:00+00:00,1853.2527739043508
2024-03-11 08:45:00+00:00,1868.0667108993887
2024-03-11 09:45:00+00:00,1861.9578619808551
2024-03-12 03:45:00+00:00,1854.3050914412904
2024-03-12 04:45:00+00:00,1866.2677404010835
2024-03-12 05:45:00+00:00,1842.7046503932984
2024-03-12 06:45:00+00:00,1844.8510553459087
2024-03-12 07:45:00+00:00,1822.9996963103483
2024-03-12 08:45:00+00:00,1807.1242272850561
2024-03-12 09:45:00+00:00,1819.34209036953
2024-03-13 03:45:00+00:00,1801.961177631417
2024-03-13 04:45:00+00:00,1804.6975989739676
2024-03-13 05:45:00+00:00,1792.7437843568566
2024-03-13 06:45:00+00:00,1802.354424271258
2024-03-13 07:45:00+00:00,1770.7927624801719
2024-03-13 08:45:00+00:00,1770.2779026334588
2024-03-13 09:45:00+00:00,1784.4884978119383
2024-03-14 03:45:00+00:00,1787.6365018888234
2024-03-14 04:45:00+00:00,1781.7781931012382
2024-03-14 05:45:00+00:00,1792.1804620552093
2024-03-14 06:45:00+00:00,1790.728266570257
2024-03-14 07:45:00+00:00,1799.9817509413324
2024-03-14 08:45:00+00:00,1791.5261623727245
2024-03-14 09:45:00+00:00,1793.0025577430097
2024-03-15 03:45:00+00:00,1770.0103553117854
2024-03-15 04:45:00+00:00,1770.0497218717799
2024-03-15 05:45:00+00:00,1770.2582784276467
2024-03-15 06:45:00+00:00,1783.0077716338337
2024-03-15 07:45:00+00:00,1788.1378271209617
2024-03-15 08:45:00+00:00,1814.723395492775
2024-03-15 09:45:00+00:00,1798.5592933661192
2024-03-18 03:45:00+00:00,1775.9469057146446
2024-03-18 04:45:00+00:00,1777.5093804941323
2024-03-18 05:45:00+00:00,1751.9310519558721
2024-03-18 06:45:00+00:00,1740.32014237592
2024-03-18 07:45:00+00:00,1747.0501948497583
2024-03-18 08:45:00+00:00,1738.4908805851014
2024-03-18 09:45:00+00:00,1728.381938490709
2024-03-19 03:45:00+00:00,1723.925477526022
2024-03-19 04:45:00+00:00,1733.7898679198947
2024-03-19 05:45:00+00:00,1722.5272519822292
2024-03-19 06:45:00+00:00,1713.705749234922
2024-03-19 07:45:00+00:00,1713.3833545561984
2024-03-19 08:45:00+00:00,1695.4310272475059
2024-03-19 09:45:00+00:00,1720.798660123985
2024-03-20 03:45:00+00:00,1695.4906126657409
2024-03-20 04:45:00+00:00,1679.695344320684
2024-03-20 05:45:00+00:00,1685.4697813429286
2024-03-20 06:45:00+00:00,1657.7105369787369
2024-03-20 07:45:00+00:00,1672.601576517016
2024-03-20 08:45:00+00:00,1690.5623446691134
2024-03-20 09:45:00+00:00,1682.7361856223915
2024-03-21 03:45:00+00:00,1678.7618327820699
2024-03-21 04:45:00+00:00,1677.6531329006075
2024-03-21 05:45:00+00:00,1660.5899595385888
2024-03-21 06:45:00+00:00,1640.986031901207
2024-03-21 07:45:00+00:00,1652.7854589939234
2024-03-21 08:45:00+00:00,1670.5826638970436
2024-03-21 09:45:00+00:00,1673.719008778988
2024-03-22 03:45:00+00:00,1665.2244614732392
2024-03-22 04:45:00+00:00,1653.3558365017398
2024-03-22 05:45:00+00:00,1661.420073708262
2024-03-22 06:45:00+00:00,1685.5412412453136
2024-03-22 07:45:00+00:00,1685.441299103815
2024-03-22 08:45:00+00:00,1707.6050006205226
2024-03-22 09:45:00+00:00,1706.505759460541
2024-03-26 03:45:00+00:00,1699.28780957862
2024-03-26 04:45:00+00:00,1695.7724276716199
2024-03-26 05:45:00+00:00,1692.334222868437
2024-03-26 06:45:00+00:00,1691.2484181637124
2024-03-26 07:45:00+00:00,1696.0351779003533
2024-03-26 08:45:00+00:00,1719.2208359337947
2024-03-26 09:45:00+00:00,1732.0865243927226
2024-03-27 03:45:00+00:00,1735.7681796133986
2024-03-27 04:45:00+00:00,1743.6295162526164
2024-03-27 05:45:00+00:00,1757.5229512150318
2024-03-27 06:45:00+00:00,1760.2769109332253
2024-03-27 07:45:00+00:00,1750.9359572974781
2024-03-27 08:45:00+00:00,1743.6620478981765
2024-03-27 09:45:00+00:00,1754.1425835037471
2024-03-28 03:45:00+00:00,1735.9007425741713
2024-03-28 04:45:00+00:00,1743.758143699025
2024-03-28 05:45:00+00:00,1757.0211459004931
2024-03-28 06:45:00+00:00,1772.9609619537582
2024-03-28 07:45:00+00:00,1788.121511021102
2024-03-28 08:45:00+00:00,1786.0510776031924
2024-03-28 09:45:00+00:00,1785.3953785439505
2024-04-01 03:45:00+00:00,1781.860689828897
2024-04-01 04:45:00+00:00,1785.7485500237863
2024-04-01 05:45:00+00:00,1748.9188691752884
2024-04-01 06:45:00+00:00,1736.9663476501223
2024-04-01 07:45:00+00:00,1746.274373645205
2024-04-01 08:45:00+00:00,1737.300876168234
2024-04-01 09:45:00+00:00,1731.310010806011
2024-04-02 03:45:00+00:00,1758.3073137861522
2024-04-02 04:45:00+00:00,1742.7784087077318
2024-04-02 05:45:00+00:00,1761.322550170303
2024-04-02 06:45:00+00:00,1764.9828641467964
2024-04-02 07:45:00+00:00,1734.3994359804854
2024-04-02 08:45:00+00:00,1751.257043757211
2024-04-02 09:45:00+00:00,1742.0106960656171
2024-04-03 03:45:00+00:00,1732.717342942039
2024-04-03 04:45:00+00:00,1748.731181569297
2024-04-03 05:45:00+00:00,1748.0546276942332
2024-04-03 06:45:00+00:00,1737.7615662338903
2024-04-03 07:45:00+00:00,1741.1471915436844
2024-04-03 08:45:00+00:00,1739.0459253621948
2024-04-03 09:45:00+00:00,1752.3852198771344
2024-04-04 03:45:00+00:00,1751.8421476444587
2024-04-04 04:45:00+00:00,1754.7574389145093
2024-04-04 05:45:00+00:00,1738.3883887710651
2024-04-04 06:45:00+00:00,1726.2098533999208
2024-04-04 07:45:00+00:00,1728.7703810848434
2024-04-04 08:45:00+00:00,1741.032209335067
2024-04-04 09:45:00+00:00,1742.6906451947298
2024-04-05 03:45:00+00:00,1768.1024482969642
2024-04-05 04:45:00+00:00,1775.9105408220257
2024-04-05 05:45:00+00:00,1762.3024204050394
2024-04-05 06:45:00+00:00,1768.2401772764829
2024-04-05 07:45:00+00:00,1798.8843605139584
2024-04-05 08:45:00+00:00,1787.8368692573758
2024-04-05 09:45:00+00:00,1778.0813862400041
2024-04-08 03:45:00+00:00,1757.365214075069
2024-04-08 04:45:00+00:00,1763.4021782338223
2024-04-08 05:45:00+00:00,1758.3801995326476
2024-04-08 06:45:00+00:00,1745.8723180342151
2024-04-08 07:45:00+00:00,1739.7822653524577
2024-04-08 08:45:00+00:00,1765.397791250105
2024-04-08 09:45:00+00:00,1727.0368410223368
2024-04-09 03:45:00+00:00,1720.6321954195143
2024-04-09 04:45:00+00:00,1707.9903529700432
2024-04-09 05:45:00+00:00,1702.555194815657
2024-04-09 06:45:00+00:00,1709.2316156225368
2024-04-09 07:45:00+00:00,1714.4339532419715
2024-04-09 08:45:00+00:00,1726.7701463469346
2024-04-09 09:45:00+00:00,1727.6195843042142
2024-04-10 03:45:00+00:00,1740.5400498820418
2024-04-10 04:45:00+00:00,1737.1751197506212
2024-04-10 05:45:00+00:00,1741.7075897187983
2024-04-10 06:45:00+00:00,1743.4709693371165
2024-04-10 07:45:00+00:00,1745.8968385218807
2024-04-10 08:45:00+00:00,1744.6432470482202
2024-04-10 09:45:00+00:00,1743.982330850835
2024-04-12 03:45:00+00:00,1728.4961216215956
2024-04-12 04:45:00+00:00,1747.7064656918806
2024-04-12 05:45:00+00:00,1738.551435939658
2024-04-12 06:45:00+00:00,1726.6508333799125
2024-04-12 07:45:00+00:00,1716.5240414681525
2024-04-12 08:45:00+00:00,1724.350053212021
2024-04-12 09:45:00+00:00,1752.6845236884399
2024-04-15 03:45:00+00:00,1742.5430403530793
2024-04-15 04:45:00+00:00,1747.0621331294553
2024-04-15 05:45:00+00:00,1740.0364433915456
2024-04-15 06:45:00+00:00,1754.926993917056
2024-04-15 07:45:00+00:00,1748.4140862629831
2024-04-15 08:45:00+00:00,1748.0657051143148
2024-04-15 09:45:00+00:00,1726.478372327901
2024-04-16 03:45:00+00:00,1751.3807691841496
2024-04-16 04:45:00+00:00,1736.3932625067712
2024-04-16 05:45:00+00:00,1728.7005765475178
2024-04-16 06:45:00+00:00,1722.0400592567216
2024-04-16 07:45:00+00:00,1728.5280994888972
2024-04-16 08:45:00+00:00,1755.7269902856726
2024-04-16 09:45:00+00:00,1746.1970149805934
2024-04-18 03:45:00+00:00,1731.610781365369
2024-04-18 04:45:00+00:00,1729.0329883262339
2024-04-18 05:45:00+00:00,1741.4617734577535
2024-04-18 06:45:00+00:00,1736.5391617759296
2024-04-18 07:45:00+00:00,1738.5037812776454
2024-04-18 08:45:00+00:00,1728.7152156268803
2024-04-18 09:45:00+00:00,1739.0562384670131
2024-04-19 03:45:00+00:00,1763.9374931680263
2024-04-19 04:45:00+00:00,1770.1115292111515
2024-04-19 05:45:00+00:00,1757.2909473112206
2024-04-19 06:45:00+00:00,1737.606877708635
2024-04-19 07:45:00+00:00,1763.3779898858018
2024-04-19 08:45:00+00:00,1744.407050304198
2024-04-19 09:45:00+00:00,1753.53948782551
2024-04-22 03:45:00+00:00,1755.3117885325623
2024-04-22 04:45:00+00:00,1758.0764685533422
2024-04-22 05:45:00+00:00,1741.5151584445282
2024-04-22 06:45:00+00:00,1728.5659886193625
2024-04-22 07:45:00+00:00,1695.4823826627262
2024-04-22 08:45:00+00:00,1692.6319354828129
2024-04-22 09:45:00+00:00,1654.8934186240447
2024-04-23 03:45:00+00:00,1650.7809421501756
2024-04-23 04:45:00+00:00,1647.051436767902
2024-04-23 05:45:00+00:00,1644.9371729689444
2024-04-23 06:45:00+00:00,1625.3981589921061
2024-04-23 07:45:00+00:00,1640.8625105749002
2024-04-23 08:45:00+00:00,1642.771167121137
2024-04-23 09:45:00+00:00,1633.789615149324
2024-04-24 03:45:00+00:00,1644.786336351665
2024-04-24 04:45:00+00:00,1667.7966490083168
2024-04-24 05:45:00+00:00,1666.765933461161
2024-04-24 06:45:00+00:00,1667.4556890909303
2024-04-24 07:45:00+00:00,1656.4233836822013
2024-04-24 08:45:00+00:00,1679.3550167664662
2024-04-24 09:45:00+00:00,1687.3922427316386
2024-04-25 03:45:00+00:00,1682.5156579116915
2024-04-25 04:45:00+00:00,1689.4233445543307
2024-04-25 05:45:00+00:00,1697.9773096422336
2024-04-25 06:45:00+00:00,1700.6350746538437
2024-04-25 07:45:00+00:00,1663.4975585711154
2024-04-25 08:45:00+00:00,1661.6898623173795
2024-04-25 09:45:00+00:00,1657.9635074785317
2024-04-26 03:45:00+00:00,1645.4728931042453
2024-04-26 04:45:00+00:00,1658.856618129847
2024-04-26 05:45:00+00:00,1641.0832165287711
2024-04-26 06:45:00+00:00,1630.3394540814459
2024-04-26 07:45:00+00:00,1638.5549514307547
2024-04-26 08:45:00+00:00,1638.9216545481308
2024-04-26 09:45:00+00:00,1637.8351264091202
2024-04-29 03:45:00+00:00,1637.1533466325338
2024-04-29 04:45:00+00:00,1641.8673763573972
2024-04-29 05:45:00+00:00,1639.3805432825511
2024-04-29 06:45:00+00:00,1630.3756439157441
2024-04-29 07:45:00+00:00,1632.2606820856856
2024-04-29 08:45:00+00:00,1643.5286264648628
2024-04-29 09:45:00+00:00,1635.50399587223
2024-04-30 03:45:00+00:00,1645.6860851302522
2024-04-30 04:45:00+00:00,1669.6298934047131
2024-04-30 05:45:00+00:00,1654.6118671110498
2024-04-30 06:45:00+00:00,1654.8982637901943
2024-04-30 07:45:00+00:00,1682.9835438800194
2024-04-30 08:45:00+00:00,1671.9043180681838
2024-04-30 09:45:00+00:00,1659.1446520434213
2024-05-02 03:45:00+00:00,1668.4958010668809
2024-05-02 04:45:00+00:00,1659.2697465302263
2024-05-02 05:45:00+00:00,1685.5893990300951
2024-05-02 06:45:00+00:00,1689.2825494390306
2024-05-02 07:45:00+00:00,1693.625226092718
2024-05-02 08:45:00+00:00,1693.301565399577
2024-05-02 09:45:00+00:00,1693.3296856663223
2024-05-03 03:45:00+00:00,1721.8738240939258
2024-05-03 04:45:00+00:00,1716.4590930468148
2024-05-03 05:45:00+00:00,1713.6056723899123
2024-05-03 06:45:00+00:00,1716.767933206942
2024-05-03 07:45:00+00:00,1718.6367726242077
2024-05-03 08:45:00+00:00,1732.5461420285083
2024-05-03 09:45:00+00:00,1744.3305906539679
2024-05-06 03:45:00+00:00,1745.5144354087522
2024-05-06 04:45:00+00:00,1749.9643702351243
2024-05-06 05:45:00+00:00,1750.9165042366958
2024-05-06 06:45:00+00:00,1743.0300809576684
2024-05-06 07:45:00+00:00,1749.847407338925
2024-05-06 08:45:00+00:00,1733.065646736811
2024-05-06 09:45:00+00:00,1756.5936624746473
2024-05-07 03:45:00+00:00,1752.3886790628974
2024-05-07 04:45:00+00:00,1754.0342307125022
2024-05-07 05:45:00+00:00,1758.0511582909623
2024-05-07 06:45:00+00:00,1772.2396377205473
2024-05-07 07:45:00+00:00,1764.9140402999424
2024-05-07 08:45:00+00:00,1769.8027682211336
2024-05-07 09:45:00+00:00,1746.3495383507475
2024-05-08 03:45:00+00:00,1754.4938597340088
2024-05-08 04:45:00+00:00,1757.2000002003613
2024-05-08 05:45:00+00:00,1784.6288635961732
2024-05-08 06:45:00+00:00,1777.1292979270418
2024-05-08 07:45:00+00:00,1788.7607978337476
2024-05-08 08:45:00+00:00,1783.6378739845172
2024-05-08 09:45:00+00:00,1778.7060089462166
2024-05-09 03:45:00+00:00,1780.482703956359
2024-05-09 04:45:00+00:00,1756.2602892271225
2024-05-09 05:45:00+00:00,1752.7027488321075
2024-05-09 06:45:00+00:00,1763.6626087313662
2024-05-09 07:45:00+00:00,1750.1327139034613
2024-05-09 08:45:00+00:00,1730.399997630457
2024-05-09 09:45:00+00:00,1719.5488048582188
2024-05-10 03:45:00+00:00,1708.5426272271081
2024-05-10 04:45:00+00:00,1712.9460902422834
2024-05-10 05:45:00+00:00,1699.7077583238115
2024-05-10 06:45:00+00:00,1715.4327339513873
2024-05-10 07:45:00+00:00,1716.959546745487
2024-05-10 08:45:00+00:00,1718.2884152463241
2024-05-10 09:45:00+00:00,1738.609131735
2024-05-13 03:45:00+00:00,1763.0614624857983
2024-05-13 04:45:00+00:00,1751.0841231190486
2024-05-13 05:45:00+00:00,1744.9495948446947
2024-05-13 06:45:00+00:00,1733.4288729626999
2024-05-13 07:45:00+00:00,1733.4560750276964
2024-05-13 08:45:00+00:00,1705.9799121681074
2024-05-13 09:45:00+00:00,1683.7768406169582
2024-05-14 03:45:00+00:00,1688.2643964446631
2024-05-14 04:45:00+00:00,1704.5707046845969
2024-05-14 05:45:00+00:00,1710.0875561891546
2024-05-14 06:45:00+00:00,1714.329551638651
2024-05-14 07:45:00+00:00,1715.7333582546592
2024-05-14 08:45:00+00:00,1721.7334630940718
2024-05-14 09:45:00+00:00,1770.4583626690019
2024-05-15 03:45:00+00:00,1772.9361606658147
2024-05-15 04:45:00+00:00,1761.4918946240507
2024-05-15 05:45:00+00:00,1764.7166633852987
2024-05-15 06:45:00+00:00,1760.1427895572665
2024-05-15 07:45:00+00:00,1754.6550570968113
2024-05-15 08:45:00+00:00,1762.4856898241674
2024-05-15 09:45:00+00:00,1760.7890354413623
2024-05-16 03:45:00+00:00,1754.2738936049006
2024-05-16 04:45:00+00:00,1754.8617858803193
2024-05-16 05:45:00+00:00,1762.0281480981405
2024-05-16 06:45:00+00:00,1720.5686618765046
2024-05-16 07:45:00+00:00,1726.9189314668015
2024-05-16 08:45:00+00:00,1736.9247065113898
2024-05-16 09:45:00+00:00,1749.1559957887223
2024-05-17 03:45:00+00:00,1760.556566397806
2024-05-17 04:45:00+00:00,1766.440854660175
2024-05-17 05:45:00+00:00,1740.280648671072
2024-05-17 06:45:00+00:00,1741.832066033078
2024-05-17 07:45:00+00:00,1746.8537938742274
2024-05-17 08:45:00+00:00,1763.0311868170875
2024-05-17 09:45:00+00:00,1750.4862731275443
2024-05-21 03:45:00+00:00,1734.1171021222685
2024-05-21 04:45:00+00:00,1743.700767177302
2024-05-21 05:45:00+00:00,1758.637514683169
2024-05-21 06:45:00+00:00,1745.8407719874838
2024-05-21 07:45:00+00:00,1733.0598151469953
2024-05-21 08:45:00+00:00,1731.647556711901
2024-05-21 09:45:00+00:00,1767.423134617728
2024-05-22 03:45:00+00:00,1757.0569735961474
2024-05-22 04:45:00+00:00,1761.350685197252
2024-05-22 05:45:00+00:00,1755.5750192208616
2024-05-22 06:45:00+00:00,1731.6392010473428
2024-05-22 07:45:00+00:00,1730.7127348416084
2024-05-22 08:45:00+00:00,1686.7418022166582
2024-05-22 09:45:00+00:00,1678.8392779712265
2024-05-23 03:45:00+00:00,1685.2251473468614
2024-05-23 04:45:00+00:00,1680.204372394097
2024-05-23 05:45:00+00:00,1678.073453552654
2024-05-23 06:45:00+00:00,1685.9665135967648
2024-05-23 07:45:00+00:00,1690.9678283627275
2024-05-23 08:45:00+00:00,1681.6001936682678
2024-05-23 09:45:00+00:00,1664.5312567409615
2024-05-24 03:45:00+00:00,1642.4022025562385
2024-05-24 04:45:00+00:00,1654.716098802396
2024-05-24 05:45:00+00:00,1638.9668691148172
2024-05-24 06:45:00+00:00,1650.1198985609374
2024-05-24 07:45:00+00:00,1677.521911395911
2024-05-24 08:45:00+00:00,1689.385361887071
2024-05-24 09:45:00+00:00,1685.0282081952162
2024-05-27 03:45:00+00:00,1649.5217103109044
2024-05-27 04:45:00+00:00,1634.9531702907
2024-05-27 05:45:00+00:00,1635.9405497095856
2024-05-27 06:45:00+00:00,1622.13440178708
2024-05-27 07:45:00+00:00,1601.6997714535762
2024-05-27 08:45:00+00:00,1622.279809801423
2024-05-27 09:45:00+00:00,1622.6995081821842
2024-05-28 03:45:00+00:00,1622.8138236028885
2024-05-28 04:45:00+00:00,1581.5983049647825
2024-05-28 05:45:00+00:00,1569.666366559376
2024-05-28 06:45:00+00:00,1557.1053144130478
2024-05-28 07:45:00+00:00,1565.5928736733524
2024-05-28 08:45:00+00:00,1573.8902234521304
2024-05-28 09:45:00+00:00,1589.6300140776389
2024-05-29 03:45:00+00:00,1620.748634221395
2024-05-29 04:45:00+00:00,1609.9621085119095
2024-05-29 05:45:00+00:00,1631.1680177720514
2024-05-29 06:45:00+00:00,1629.4516621092926
2024-05-29 07:45:00+00:00,1634.3955971644884
2024-05-29 08:45:00+00:00,1646.094926703675
2024-05-29 09:45:00+00:00,1662.2744900279488
2024-05-30 03:45:00+00:00,1669.8291566178423
2024-05-30 04:45:00+00:00,1639.6057483078075
2024-05-30 05:45:00+00:00,1633.1577071460613
2024-05-30 06:45:00+00:00,1644.921586975166
2024-05-30 07:45:00+00:00,1650.270904535637
2024-05-30 08:45:00+00:00,1648.143007702709
2024-05-30 09:45:00+00:00,1652.5722237731159
2024-05-31 03:45:00+00:00,1635.9338814313166
2024-05-31 04:45:00+00:00,1654.514256767608
2024-05-31 05:45:00+00:00,1650.3337328915843
2024-05-31 06:45:00+00:00,1661.7127109629066
2024-05-31 07:45:00+00:00,1673.7405387437368
2024-05-31 08:45:00+00:00,1682.466748706193
2024-05-31 09:45:00+00:00,1679.6843048049063
2024-06-03 03:45:00+00:00,1669.3504010023248
2024-06-03 04:45:00+00:00,1663.88484412894
2024-06-03 05:45:00+00:00,1662.572249272674
2024-06-03 06:45:00+00:00,1679.2733149514381
2024-06-03 07:45:00+00:00,1697.024639018857
2024-06-03 08:45:00+00:00,1718.1061892085106
2024-06-03 09:45:00+00:00,1715.0715505919488
2024-06-04 03:45:00+00:00,1716.9562884894906
2024-06-04 04:45:00+00:00,1723.255377362921
2024-06-04 05:45:00+00:00,1721.011039252465
2024-06-04 06:45:00+00:00,1714.10042285531
2024-06-04 07:45:00+00:00,1707.6941636873612
2024-06-04 08:45:00+00:00,1723.0092113819576
2024-06-04 09:45:00+00:00,1700.590517949603
2024-06-05 03:45:00+00:00,1703.4028680808935
2024-06-05 04:45:00+00:00,1692.0234425899932
2024-06-05 05:45:00+00:00,1694.7629772049115
2024-06-05 06:45:00+00:00,1699.621691194884
2024-06-05 07:45:00+00:00,1707.6023009482597
2024-06-05 08:45:00+00:00,1715.7555409499548
2024-06-05 09:45:00+00:00,1702.938296084975
2024-06-06 03:45:00+00:00,1713.3040368270522
2024-06-06 04:45:00+00:00,1734.3732984084838
2024-06-06 05:45:00+00:00,1753.1768945318865
2024-06-06 06:45:00+00:00,1772.4000668914414
2024-06-06 07:45:00+00:00,1767.218448996862
2024-06-06 08:45:00+00:00,1787.7465572917906
2024-06-06 09:45:00+00:00,1785.5126545487117
2024-06-07 03:45:00+00:00,1791.0731543667362
2024-06-07 04:45:00+00:00,1804.3365508471666
2024-06-07 05:45:00+00:00,1790.1484614527951
2024-06-07 06:45:00+00:00,1788.613444055685
2024-06-07 07:45:00+00:00,1777.24696858888
2024-06-07 08:45:00+00:00,1753.6998287735084
2024-06-07 09:45:00+00:00,1733.6019667872426
2024-06-10 03:45:00+00:00,1719.19830569195
2024-06-10 04:45:00+00:00,1715.65386342982
2024-06-10 05:45:00+00:00,1710.9082952741971
2024-06-10 06:45:00+00:00,1709.882954663494
2024-06-10 07:45:00+00:00,1718.1137324102247
2024-06-10 08:45:00+00:00,1721.7286852331079
2024-06-10 09:45:00+00:00,1704.076067198714
2024-06-11 03:45:00+00:00,1708.39176442253
2024-06-11 04:45:00+00:00,1717.760545512798
2024-06-11 05:45:00+00:00,1732.2508741215388
2024-06-11 06:45:00+00:00,1748.8324704534389
2024-06-11 07:45:00+00:00,1743.3000125014332
2024-06-11 08:45:00+00:00,1721.2465244024622
2024-06-11 09:45:00+00:00,1707.6251360068989
2024-06-12 03:45:00+00:00,1713.7998008206584
2024-06-12 04:45:00+00:00,1692.269713451056
2024-06-12 05:45:00+00:00,1691.9091876104249
2024-06-12 06:45:00+00:00,1684.970562782133
2024-06-12 07:45:00+00:00,1667.3638817061872
2024-06-12 08:45:00+00:00,1674.0264971825352
2024-06-12 09:45:00+00:00,1686.677776982776
2024-06-13 03:45:00+00:00,1672.237605619275
2024-06-13 04:45:00+00:00,1670.2988319293042
2024-06-13 05:45:00+00:00,1679.2355522929936
2024-06-13 06:45:00+00:00,1680.0462827778122
2024-06-13 07:45:00+00:00,1676.2676234435462
2024-06-13 08:45:00+00:00,1664.376967862963
2024-06-13 09:45:00+00:00,1652.7251155819447
2024-06-14 03:45:00+00:00,1619.677497528093
2024-06-14 04:45:00+00:00,1634.1653132536253
2024-06-14 05:45:00+00:00,1659.188936844493
2024-06-14 06:45:00+00:00,1670.829798515437
2024-06-14 07:45:00+00:00,1689.8255888939993
2024-06-14 08:45:00+00:00,1685.4367500630858
2024-06-14 09:45:00+00:00,1677.603014597535
2024-06-18 03:45:00+00:00,1675.377107843844
2024-06-18 04:45:00+00:00,1676.3640255534624
2024-06-18 05:45:00+00:00,1682.6490140553756
2024-06-18 06:45:00+00:00,1683.6701361942933
2024-06-18 07:45:00+00:00,1690.3412875835777
2024-06-18 08:45:00+00:00,1694.2632768853261
2024-06-18 09:45:00+00:00,1692.2719844730718
2024-06-19 03:45:00+00:00,1679.564080997279
2024-06-19 04:45:00+00:00,1685.3632485690323
2024-06-19 05:45:00+00:00,1688.2827667169288
2024-06-19 06:45:00+00:00,1695.7224536799422
2024-06-19 07:45:00+00:00,1664.740895338509
2024-06-19 08:45:00+00:00,1660.619396014312
2024-06-19 09:45:00+00:00,1655.022194246282
2024-06-20 03:45:00+00:00,1654.3090566084918
2024-06-20 04:45:00+00:00,1666.1814469655355
2024-06-20 05:45:00+00:00,1685.3254358573936
2024-06-20 06:45:00+00:00,1692.6385359160909
2024-06-20 07:45:00+00:00,1705.3129150382856
2024-06-20 08:45:00+00:00,1705.5604447787002
2024-06-20 09:45:00+00:00,1698.2222240177343
2024-06-21 03:45:00+00:00,1681.9357321931777
2024-06-21 04:45:00+00:00,1681.1517459110971
2024-06-21 05:45:00+00:00,1666.2527438528411
2024-06-21 06:45:00+00:00,1664.7517934326581
2024-06-21 07:45:00+00:00,1689.11549725983
2024-06-21 08:45:00+00:00,1686.8725613064228
2024-06-21 09:45:00+00:00,1720.3137734961506
2024-06-24 03:45:00+00:00,1740.3787640290045
2024-06-24 04:45:00+00:00,1729.7993320137377
2024-06-24 05:45:00+00:00,1703.8460132164598
2024-06-24 06:45:00+00:00,1701.2088612545037
2024-06-24 07:45:00+00:00,1694.8799497176108
2024-06-24 08:45:00+00:00,1680.3541099580102
2024-06-24 09:45:00+00:00,1696.476029025969
2024-06-25 03:45:00+00:00,1717.1074979288135
2024-06-25 04:45:00+00:00,1719.1212925490706
2024-06-25 05:45:00+00:00,1747.1556930918412
2024-06-25 06:45:00+00:00,1753.1793063114144
2024-06-25 07:45:00+00:00,1782.7208451187446
2024-06-25 08:45:00+00:00,1806.4228784760915
2024-06-25 09:45:00+00:00,1812.098732427605
2024-06-26 03:45:00+00:00,1798.2085457501205
2024-06-26 04:45:00+00:00,1805.6931739857887
2024-06-26 05:45:00+00:00,1801.2390554365259
2024-06-26 06:45:00+00:00,1781.8372153173927
2024-06-26 07:45:00+00:00,1779.0962446539522
2024-06-26 08:45:00+00:00,1755.4528036245972
2024-06-26 09:45:00+00:00,1754.8474095712854
2024-06-27 03:45:00+00:00,1773.7548618707292
2024-06-27 04:45:00+00:00,1752.3800988431872
2024-06-27 05:45:00+00:00,1734.8017632724561
2024-06-27 06:45:00+00:00,1747.0636639883758
2024-06-27 07:45:00+00:00,1745.5775214028104
2024-06-27 08:45:00+00:00,1726.58524431424
2024-06-27 09:45:00+00:00,1731.5102858612133
2024-06-28 03:45:00+00:00,1753.8906745944887
2024-06-28 04:45:00+00:00,1737.945580310641
2024-06-28 05:45:00+00:00,1736.6268765763837
2024-06-28 06:45:00+00:00,1731.5804434051568
2024-06-28 07:45:00+00:00,1752.4554177629525
2024-06-28 08:45:00+00:00,1776.643395910133
2024-06-28 09:45:00+00:00,1760.5497311880954
2024-07-01 03:45:00+00:00,1765.8885752979927
2024-07-01 04:45:00+00:00,1740.1129381665357
2024-07-01 05:45:00+00:00,1748.6782358160679
2024-07-01 06:45:00+00:00,1745.5700975726847
2024-07-01 07:45:00+00:00,1730.2513450421022
2024-07-01 08:45:00+00:00,1713.822522455682
2024-07-01 09:45:00+00:00,1720.7543582291012
2024-07-02 03:45:00+00:00,1738.493978063172
2024-07-02 04:45:00+00:00,1734.802584493836
2024-07-02 05:45:00+00:00,1747.2888016582451
2024-07-02 06:45:00+00:00,1765.7667606158163
2024-07-02 07:45:00+00:00,1754.9390851670476
2024-07-02 08:45:00+00:00,1739.4019832140648
2024-07-02 09:45:00+00:00,1712.8750638690574
2024-07-03 03:45:00+00:00,1711.1545317691205
2024-07-03 04:45:00+00:00,1722.5916603798926
2024-07-03 05:45:00+00:00,1722.6035181276536
2024-07-03 06:45:00+00:00,1715.3545300505157
2024-07-03 07:45:00+00:00,1731.2276316872392
2024-07-03 08:45:00+00:00,1729.2401659595803
2024-07-03 09:45:00+00:00,1756.502081083648
2024-07-04 03:45:00+00:00,1751.2085156421033
2024-07-04 04:45:00+00:00,1763.0381887193548
2024-07-04 05:45:00+00:00,1795.4240334937522
2024-07-04 06:45:00+00:00,1798.6568632398785
2024-07-04 07:45:00+00:00,1809.791738732747
2024-07-04 08:45:00+00:00,1806.2718677777168
2024-07-04 09:45:00+00:00,1823.9689277597563
2024-07-05 03:45:00+00:00,1834.9210890761094
2024-07-05 04:45:00+00:00,1844.0269271998939
2024-07-05 05:45:00+00:00,1829.9234871874633
2024-07-05 06:45:00+00:00,1825.466540365057
2024-07-05 07:45:00+00:00,1816.100102664038
2024-07-05 08:45:00+00:00,1821.0165689915714
2024-07-05 09:45:00+00:00,1813.8221156520294
2024-07-08 03:45:00+00:00,1808.4836769611752
2024-07-08 04:45:00+00:00,1792.8998974685678
2024-07-08 05:45:00+00:00,1776.6189548206494
2024-07-08 06:45:00+00:00,1767.461224764132
2024-07-08 07:45:00+00:00,1744.9536641465718
2024-07-08 08:45:00+00:00,1744.3626020086886
2024-07-08 09:45:00+00:00,1720.093888222918
2024-07-09 03:45:00+00:00,1751.1632389436327
2024-07-09 04:45:00+00:00,1754.8059715527252
2024-07-09 05:45:00+00:00,1764.4737036234062
2024-07-09 06:45:00+00:00,1759.0145354816702
2024-07-09 07:45:00+00:00,1762.8245871745787
2024-07-09 08:45:00+00:00,1745.4641641021
2024-07-09 09:45:00+00:00,1768.5733129650414
2024-07-10 03:45:00+00:00,1756.6167971119776
2024-07-10 04:45:00+00:00,1758.9723785472745
2024-07-10 05:45:00+00:00,1752.6801861218603
2024-07-10 06:45:00+00:00,1785.0977422228457
2024-07-10 07:45:00+00:00,1773.8288339121948
2024-07-10 08:45:00+00:00,1800.7599216748727
2024-07-10 09:45:00+00:00,1751.4737376038954
2024-07-11 03:45:00+00:00,1740.419763637767
2024-07-11 04:45:00+00:00,1744.5109199855945
2024-07-11 05:45:00+00:00,1737.4512959948831
2024-07-11 06:45:00+00:00,1748.4869170394993
2024-07-11 07:45:00+00:00,1736.8381188102212
2024-07-11 08:45:00+00:00,1727.721840408522
2024-07-11 09:45:00+00:00,1716.4048393507746
2024-07-12 03:45:00+00:00,1703.255951845296
2024-07-12 04:45:00+00:00,1705.4055286303908
2024-07-12 05:45:00+00:00,1706.6665311917047
2024-07-12 06:45:00+00:00,1718.320804216768
2024-07-12 07:45:00+00:00,1730.0219921628257
2024-07-12 08:45:00+00:00,1723.7003528933433
2024-07-12 09:45:00+00:00,1742.307600299792
2024-07-15 04:45:00+00:00,1746.8937708422836
2024-07-15 05:45:00+00:00,1758.0255049213752
2024-07-15 06:45:00+00:00,1757.0356187479474
2024-07-15 07:45:00+00:00,1764.9692992970838
2024-07-15 08:45:00+00:00,1763.4737085051033
2024-07-15 09:45:00+00:00,1768.856655025802
2024-07-16 03:45:00+00:00,1791.0905597806975
2024-07-16 04:45:00+00:00,1764.083438815567
2024-07-16 05:45:00+00:00,1752.3573655702507
2024-07-16 06:45:00+00:00,1756.1611126656962
2024-07-16 07:45:00+00:00,1755.5577318190017
2024-07-16 08:45:00+00:00,1741.078455749687
2024-07-16 09:45:00+00:00,1730.0801437912887
2024-07-18 03:45:00+00:00,1730.7454619413281
2024-07-18 04:45:00+00:00,1744.8604214060101
2024-07-18 05:45:00+00:00,1756.7328597584246
2024-07-18 06:45:00+00:00,1753.7524941406778
2024-07-18 07:45:00+00:00,1756.2224553620028
2024-07-18 08:45:00+00:00,1778.9618634247033
2024-07-18 09:45:00+00:00,1769.038517302885
2024-07-19 03:45:00+00:00,1766.72456848273
2024-07-19 04:45:00+00:00,1758.514354654043
2024-07-19 05:45:00+00:00,1749.1164172060978
2024-07-19 06:45:00+00:00,1724.6902063751631
2024-07-19 07:45:00+00:00,1732.2872114192521
2024-07-19 08:45:00+00:00,1715.2611005420113
2024-07-19 09:45:00+00:00,1737.2747870929838
2024-07-22 03:45:00+00:00,1722.106112156258
2024-07-22 04:45:00+00:00,1710.4196919306603
2024-07-22 05:45:00+00:00,1721.6277286509373
2024-07-22 06:45:00+00:00,1714.0998398183901
2024-07-22 07:45:00+00:00,1716.5689281372468
2024-07-22 08:45:00+00:00,1708.1554927596694
2024-07-22 09:45:00+00:00,1702.8101783987017
2024-07-23 03:45:00+00:00,1700.3724660933656
2024-07-23 04:45:00+00:00,1716.1883124473902
2024-07-23 05:45:00+00:00,1733.1878261150816
2024-07-23 06:45:00+00:00,1746.122569363369
2024-07-23 07:45:00+00:00,1760.2243159515654
2024-07-23 08:45:00+00:00,1803.7535268980348
2024-07-23 09:45:00+00:00,1812.1650935047671
2024-07-24 03:45:00+00:00,1833.0587113507981
2024-07-24 04:45:00+00:00,1845.2979945271616
2024-07-24 05:45:00+00:00,1849.736039750256
2024-07-24 06:45:00+00:00,1849.4121946175037
2024-07-24 07:45:00+00:00,1822.639190736908
2024-07-24 08:45:00+00:00,1811.7790664225647
2024-07-24 09:45:00+00:00,1805.5271048020686
2024-07-25 03:45:00+00:00,1803.576133517266
2024-07-25 04:45:00+00:00,1789.1753125315422
2024-07-25 05:45:00+00:00,1801.2810388801624
2024-07-25 06:45:00+00:00,1790.1092150585848
2024-07-25 07:45:00+00:00,1799.731359763723
2024-07-25 08:45:00+00:00,1801.0952561194276
2024-07-25 09:45:00+00:00,1802.03975684588
2024-07-26 03:45:00+00:00,1801.3459655949227
2024-07-26 04:45:00+00:00,1800.0837470375784
2024-07-26 05:45:00+00:00,1791.8027533289824
2024-07-26 06:45:00+00:00,1767.3481153339974
2024-07-26 07:45:00+00:00,1789.6140618288814
2024-07-26 08:45:00+00:00,1777.5059302806758
2024-07-26 09:45:00+00:00,1786.4547877974694
2024-07-29 03:45:00+00:00,1753.8878591900516
2024-07-29 04:45:00+00:00,1755.1143568133648
2024-07-29 05:45:00+00:00,1750.460509614049
2024-07-29 06:45:00+00:00,1747.288938049348
2024-07-29 07:45:00+00:00,1735.1702092327798
2024-07-29 08:45:00+00:00,1767.6907114312428
2024-07-29 09:45:00+00:00,1768.5536760366006
2024-07-30 03:45:00+00:00,1742.2819443113162
2024-07-30 04:45:00+00:00,1746.1916959902007
2024-07-30 05:45:00+00:00,1744.045891017606
2024-07-30 06:45:00+00:00,1749.6924516593103
2024-07-30 07:45:00+00:00,1753.4017388642721
2024-07-30 08:45:00+00:00,1765.0982609814662
2024-07-30 09:45:00+00:00,1758.644672824989
2024-07-31 03:45:00+00:00,1742.4082629379568
2024-07-31 04:45:00+00:00,1745.439474300137
2024-07-31 05:45:00+00:00,1735.9772328788142
2024-07-31 06:45:00+00:00,1731.8838311280422
2024-07-31 07:45:00+00:00,1742.2895231070515
2024-07-31 08:45:00+00:00,1735.640947486903
2024-07-31 09:45:00+00:00,1727.9711975073885
2024-08-01 03:45:00+00:00,1713.2404600988673
2024-08-01 04:45:00+00:00,1724.5600059531478
2024-08-01 05:45:00+00:00,1722.4134978428588
2024-08-01 06:45:00+00:00,1718.342149510369
2024-08-01 07:45:00+00:00,1734.5040565721742
2024-08-01 08:45:00+00:00,1737.3809533920755
2024-08-01 09:45:00+00:00,1744.977058207232
2024-08-02 03:45:00+00:00,1758.335975266117
2024-08-02 04:45:00+00:00,1779.9880046460062
2024-08-02 05:45:00+00:00,1787.7778291951618
2024-08-02 06:45:00+00:00,1789.851483497565
2024-08-02 07:45:00+00:00,1800.1790502624192
2024-08-02 08:45:00+00:00,1783.9232999183625
2024-08-02 09:45:00+00:00,1772.7388337523541
2024-08-05 03:45:00+00:00,1782.7580925834484
2024-08-05 04:45:00+00:00,1790.1407002138108
2024-08-05 05:45:00+00:00,1797.9893159646156
2024-08-05 06:45:00+00:00,1806.1092471244187
2024-08-05 07:45:00+00:00,1817.0866643993147
2024-08-05 08:45:00+00:00,1823.1777609756266
2024-08-05 09:45:00+00:00,1830.776802801224
2024-08-06 03:45:00+00:00,1837.9608765189128
2024-08-06 04:45:00+00:00,1843.4642485553532
2024-08-06 05:45:00+00:00,1841.94922704699
2024-08-06 06:45:00+00:00,1845.2307713765172
2024-08-06 07:45:00+00:00,1878.2711184632165
2024-08-06 08:45:00+00:00,1879.8050913365175
2024-08-06 09:45:00+00:00,1905.6831543441774
2024-08-07 03:45:00+00:00,1891.2248716583347
2024-08-07 04:45:00+00:00,1904.4026441652602
2024-08-07 05:45:00+00:00,1911.9156115944852
2024-08-07 06:45:00+00:00,1883.196336209467
2024-08-07 07:45:00+00:00,1886.0075941175094
2024-08-07 08:45:00+00:00,1874.4970243890477
2024-08-07 09:45:00+00:00,1875.4576315402917
2024-08-08 03:45:00+00:00,1871.892957675737
2024-08-08 04:45:00+00:00,1890.868789189296
2024-08-08 05:45:00+00:00,1891.4436050309632
2024-08-08 06:45:00+00:00,1875.6409009171848
2024-08-08 07:45:00+00:00,1878.2067837024433
2024-08-08 08:45:00+00:00,1890.5194735119621
2024-08-08 09:45:00+00:00,1940.421738837168
2024-08-09 03:45:00+00:00,1923.6721133141627
2024-08-09 04:45:00+00:00,1926.718036756116
2024-08-09 05:45:00+00:00,1918.5526301670814
2024-08-09 06:45:00+00:00,1914.8928732606464
2024-08-09 07:45:00+00:00,1914.7549416018064
2024-08-09 08:45:00+00:00,1884.7600633370587
2024-08-09 09:45:00+00:00,1892.488225757166
2024-08-12 03:45:00+00:00,1878.5186909650663
2024-08-12 04:45:00+00:00,1879.315236186188
2024-08-12 05:45:00+00:00,1864.086268277721
2024-08-12 06:45:00+00:00,1883.146918164087
2024-08-12 07:45:00+00:00,1874.9593430541731
2024-08-12 08:45:00+00:00,1859.601930979316
2024-08-12 09:45:00+00:00,1849.9702633892468
2024-08-13 03:45:00+00:00,1854.8816626132088
2024-08-13 04:45:00+00:00,1850.9441986632573
2024-08-13 05:45:00+00:00,1857.0786348689207
2024-08-13 06:45:00+00:00,1853.8085716437172
2024-08-13 07:45:00+00:00,1866.4217120148633
2024-08-13 08:45:00+00:00,1873.1458516991536
2024-08-13 09:45:00+00:00,1878.3781902825822
2024-08-14 03:45:00+00:00,1873.8814132464934
2024-08-14 04:45:00+00:00,1900.7770019218954
2024-08-14 05:45:00+00:00,1902.9615965373487
2024-08-14 06:45:00+00:00,1904.2411540845874
2024-08-14 07:45:00+00:00,1909.832764920228
2024-08-14 08:45:00+00:00,1921.2796112203491
2024-08-14 09:45:00+00:00,1930.4739453595987
2024-08-16 03:45:00+00:00,1919.4480787279454
2024-08-16 04:45:00+00:00,1909.9683774886919
2024-08-16 05:45:00+00:00,1909.5826732253088
2024-08-16 06:45:00+00:00,1918.1106974113482
2024-08-16 07:45:00+00:00,1914.327624360338
2024-08-16 08:45:00+00:00,1914.4708423954376
2024-08-16 09:45:00+00:00,1927.7144221826752
2024-08-19 03:45:00+00:00,1938.390097108415
2024-08-19 04:45:00+00:00,1936.5173141133057
2024-08-19 05:45:00+00:00,1947.9734982536838
2024-08-19 06:45:00+00:00,1937.8990303310634
2024-08-19 07:45:00+00:00,1947.1353135839233
2024-08-19 08:45:00+00:00,1946.5895795385097
2024-08-19 09:45:00+00:00,1953.3504942676577
2024-08-20 03:45:00+00:00,1935.160329262368
2024-08-20 04:45:00+00:00,1936.3642220274633
2024-08-20 05:45:00+00:00,1915.2748955457153
2024-08-20 06:45:00+00:00,1873.3806740834984
2024-08-20 07:45:00+00:00,1885.595616106449
2024-08-20 08:45:00+00:00,1920.7174989305206
2024-08-20 09:45:00+00:00,1932.8935979489108
2024-08-21 03:45:00+00:00,1935.0352478374698
2024-08-21 04:45:00+00:00,1912.0740729020752
2024-08-21 05:45:00+00:00,1907.0521417543853
2024-08-21 06:45:00+00:00,1884.3242578496436
2024-08-21 07:45:00+00:00,1886.500383288547
2024-08-21 08:45:00+00:00,1869.2347358443749
2024-08-21 09:45:00+00:00,1848.4955266868835
2024-08-22 03:45:00+00:00,1896.8992130301215
2024-08-22 04:45:00+00:00,1902.6086247668834
2024-08-22 05:45:00+00:00,1919.2128525171508
2024-08-22 06:45:00+00:00,1923.3608208438714
2024-08-22 07:45:00+00:00,1954.3887184251755
2024-08-22 08:45:00+00:00,1969.7839227668653
2024-08-22 09:45:00+00:00,1992.610080072763
2024-08-23 03:45:00+00:00,2006.3212915354
2024-08-23 04:45:00+00:00,2027.788643172326
2024-08-23 05:45:00+00:00,2036.6198710281983
2024-08-23 06:45:00+00:00,2035.8489962282854
2024-08-23 07:45:00+00:00,2011.2958633870683
2024-08-23 08:45:00+00:00,2035.6877148059607
2024-08-23 09:45:00+00:00,2045.1181059543321
2024-08-26 03:45:00+00:00,2075.846477598353
2024-08-26 04:45:00+00:00,2071.365230244022
2024-08-26 05:45:00+00:00,2045.506186931446
2024-08-26 06:45:00+00:00,2081.599445675693
2024-08-26 07:45:00+00:00,2094.2273539962407
2024-08-26 08:45:00+00:00,2085.401806802729
2024-08-26 09:45:00+00:00,2114.833499227025
2024-08-27 03:45:00+00:00,2084.6508385261
2024-08-27 04:45:00+00:00,2075.232595041851
2024-08-27 05:45:00+00:00,2085.70618150463
2024-08-27 06:45:00+00:00,2091.3311927254576
2024-08-27 07:45:00+00:00,2077.0572250468963
2024-08-27 08:45:00+00:00,2085.4239777388425
2024-08-27 09:45:00+00:00,2074.315200024619
2024-08-28 03:45:00+00:00,2047.3919943455267
2024-08-28 04:45:00+00:00,2017.4653576682324
2024-08-28 05:45:00+00:00,1998.104554324107
2024-08-28 06:45:00+00:00,1972.3061347875707
2024-08-28 07:45:00+00:00,1979.9171074242809
2024-08-28 08:45:00+00:00,1957.804065590842
2024-08-28 09:45:00+00:00,1958.963549585472
2024-08-29 03:45:00+00:00,1960.5937605130712
2024-08-29 04:45:00+00:00,1954.514864000133
2024-08-29 05:45:00+00:00,1957.1995754272702
2024-08-29 06:45:00+00:00,1961.7414752705529
2024-08-29 07:45:00+00:00,1944.654036924679
2024-08-29 08:45:00+00:00,1927.3930246716516
2024-08-29 09:45:00+00:00,1907.7171053021668
2024-08-30 03:45:00+00:00,1896.70146636143
2024-08-30 04:45:00+00:00,1878.9959700104807
2024-08-30 05:45:00+00:00,1882.460328586145
2024-08-30 06:45:00+00:00,1879.4190645070926
2024-08-30 07:45:00+00:00,1864.8823738936378
2024-08-30 08:45:00+00:00,1856.590522355972
2024-08-30 09:45:00+00:00,1854.806390942492
2024-09-02 03:45:00+00:00,1864.605515982066
2024-09-02 04:45:00+00:00,1855.8406229955556
2024-09-02 05:45:00+00:00,1861.8240026227443
2024-09-02 06:45:00+00:00,1863.8409909226007
2024-09-02 07:45:00+00:00,1864.187044895191
2024-09-02 08:45:00+00:00,1855.6389553658544
2024-09-02 09:45:00+00:00,1882.8566591433134
2024-09-03 03:45:00+00:00,1890.5680789720566
2024-09-03 04:45:00+00:00,1869.300887972181
2024-09-03 05:45:00+00:00,1854.705067739748
2024-09-03 06:45:00+00:00,1870.4173694993644
2024-09-03 07:45:00+00:00,1888.355334762034
2024-09-03 08:45:00+00:00,1876.4276452708125
2024-09-03 09:45:00+00:00,1866.1684102440797
2024-09-04 03:45:00+00:00,1846.0778007376052
2024-09-04 04:45:00+00:00,1865.2581705755456
2024-09-04 05:45:00+00:00,1875.5594758696084
2024-09-04 06:45:00+00:00,1864.0923509230774
2024-09-04 07:45:00+00:00,1852.3331837843834
2024-09-04 08:45:00+00:00,1869.7255270166722
2024-09-04 09:45:00+00:00,1855.0668993061968
2024-09-05 03:45:00+00:00,1840.2477512853625
2024-09-05 04:45:00+00:00,1836.0897736624843
2024-09-05 05:45:00+00:00,1791.4840620472166
2024-09-05 06:45:00+00:00,1804.2622871220156
2024-09-05 07:45:00+00:00,1808.572899406151
2024-09-05 08:45:00+00:00,1809.9846322100232
2024-09-05 09:45:00+00:00,1821.2533920640203
2024-09-06 03:45:00+00:00,1838.589867898919
2024-09-06 04:45:00+00:00,1858.35525247388
2024-09-06 05:45:00+00:00,1845.6349874648731
2024-09-06 06:45:00+00:00,1850.3076025895746
2024-09-06 07:45:00+00:00,1880.6304292292837
2024-09-06 08:45:00+00:00,1906.303422688148
2024-09-06 09:45:00+00:00,1885.0053589633671
2024-09-09 03:45:00+00:00,1872.4239013493361
2024-09-09 04:45:00+00:00,1887.8928211630182
2024-09-09 05:45:00+00:00,1887.3563477604148
2024-09-09 06:45:00+00:00,1867.9439713436802
2024-09-09 07:45:00+00:00,1865.6316882852245
2024-09-09 08:45:00+00:00,1879.265956811337
2024-09-09 09:45:00+00:00,1874.9150931267498
2024-09-10 03:45:00+00:00,1865.964540304912
2024-09-10 04:45:00+00:00,1862.2177332757065
2024-09-10 05:45:00+00:00,1842.4053520459654
2024-09-10 06:45:00+00:00,1873.1844403876055
2024-09-10 07:45:00+00:00,1876.4428084335864
2024-09-10 08:45:00+00:00,1879.0392079673252
2024-09-10 09:45:00+00:00,1902.0847164423399
2024-09-11 03:45:00+00:00,1876.6714767363671
2024-09-11 04:45:00+00:00,1860.9718127316637
2024-09-11 05:45:00+00:00,1863.2108491561048
2024-09-11 06:45:00+00:00,1861.754059864569
2024-09-11 07:45:00+00:00,1877.8081103099937
2024-09-11 08:45:00+00:00,1875.6235890220512
2024-09-11 09:45:00+00:00,1887.594358235712
2024-09-12 03:45:00+00:00,1902.7945282070793
2024-09-12 04:45:00+00:00,1893.5142973946479
2024-09-12 05:45:00+00:00,1890.8527531411962
2024-09-12 06:45:00+00:00,1898.2532538075109
2024-09-12 07:45:00+00:00,1916.5619064320883
2024-09-12 08:45:00+00:00,1930.698759578283
2024-09-12 09:45:00+00:00,1931.8021997453695
2024-09-13 03:45:00+00:00,1934.327282070924
2024-09-13 04:45:00+00:00,1933.266167043682
2024-09-13 05:45:00+00:00,1932.304802350636
2024-09-13 06:45:00+00:00,1933.409066957345
2024-09-13 07:45:00+00:00,1912.2631981107183
2024-09-13 08:45:00+00:00,1913.3718765238136
2024-09-13 09:45:00+00:00,1911.8474165320451
2024-09-16 03:45:00+00:00,1906.5094004188225
2024-09-16 04:45:00+00:00,1911.4035564402504
2024-09-16 05:45:00+00:00,1935.7050128339183
2024-09-16 06:45:00+00:00,1938.9257203334319
2024-09-16 07:45:00+00:00,1926.5888305187611
2024-09-16 08:45:00+00:00,1916.235505278221
2024-09-16 09:45:00+00:00,1945.0199621369418
2024-09-17 03:45:00+00:00,1929.2716435639077
2024-09-17 04:45:00+00:00,1932.1512836820768
2024-09-17 05:45:00+00:00,1904.3040901790357
2024-09-17 06:45:00+00:00,1925.2918838870658
2024-09-17 07:45:00+00:00,1928.4859465725815
2024-09-17 08:45:00+00:00,1922.8339292192757
2024-09-17 09:45:00+00:00,1913.3427843629486
2024-09-18 03:45:00+00:00,1909.919277208931
2024-09-18 04:45:00+00:00,1896.7900851688876
2024-09-18 05:45:00+00:00,1882.2676469019325
2024-09-18 06:45:00+00:00,1897.3525103106235
2024-09-18 07:45:00+00:00,1908.8449597151389
2024-09-18 08:45:00+00:00,1885.9328228903075
2024-09-18 09:45:00+00:00,1899.0371338167229
2024-09-19 03:45:00+00:00,1891.0243269555936
2024-09-19 04:45:00+00:00,1920.6131667836182
2024-09-19 05:45:00+00:00,1968.0012600295872
2024-09-19 06:45:00+00:00,1958.735882804065
2024-09-19 07:45:00+00:00,1956.4478848685699
2024-09-19 08:45:00+00:00,1961.0690482009084
2024-09-19 09:45:00+00:00,1978.6677001391076
2024-09-20 03:45:00+00:00,1999.312313094257
2024-09-20 04:45:00+00:00,1997.6210059078196
2024-09-20 05:45:00+00:00,2002.9308753724174
2024-09-20 06:45:00+00:00,2052.528783535631
2024-09-20 07:45:00+00:00,2046.6359232633909
2024-09-20 08:45:00+00:00,2081.2314119718085
2024-09-20 09:45:00+00:00,2080.279709624846
2024-09-23 03:45:00+00:00,2073.5533981138096
2024-09-23 04:45:00+00:00,2094.7927767270626
2024-09-23 05:45:00+00:00,2086.0262335815733
2024-09-23 06:45:00+00:00,2078.025915001285
2024-09-23 07:45:00+00:00,2078.2909330042175
2024-09-23 08:45:00+00:00,2141.338363088089
2024-09-23 09:45:00+00:00,2144.4597687968917
2024-09-24 03:45:00+00:00,2150.7471978920007
2024-09-24 04:45:00+00:00,2166.7913021943414
2024-09-24 05:45:00+00:00,2194.0972927130447
2024-09-24 06:45:00+00:00,2192.329115462026
2024-09-24 07:45:00+00:00,2155.179889301419
2024-09-24 08:45:00+00:00,2175.538624848493
2024-09-24 09:45:00+00:00,2188.536758896528
2024-09-25 03:45:00+00:00,2182.085857287319
2024-09-25 04:45:00+00:00,2183.66930716181
2024-09-25 05:45:00+00:00,2188.8001797744164
2024-09-25 06:45:00+00:00,2182.976478338045
2024-09-25 07:45:00+00:00,2200.5478361426135
2024-09-25 08:45:00+00:00,2222.250855907725
2024-09-25 09:45:00+00:00,2225.4738463980825
2024-09-26 03:45:00+00:00,2237.205407887714
2024-09-26 04:45:00+00:00,2240.8450201999303
2024-09-26 05:45:00+00:00,2244.013625924854
2024-09-26 06:45:00+00:00,2226.1789912891563
2024-09-26 07:45:00+00:00,2226.535615413137
2024-09-26 08:45:00+00:00,2243.717224571786
2024-09-26 09:45:00+00:00,2218.474706750327
2024-09-27 03:45:00+00:00,2263.9916427147873
2024-09-27 04:45:00+00:00,2249.510230024987
2024-09-27 05:45:00+00:00,2239.8294697300207
2024-09-27 06:45:00+00:00,2222.541329608269
2024-09-27 07:45:00+00:00,2232.907660876896
2024-09-27 08:45:00+00:00,2243.6367072925664
2024-09-27 09:45:00+00:00,2275.0279939326797
2024-09-30 03:45:00+00:00,2285.9202944573376
2024-09-30 04:45:00+00:00,2281.0911827908494
2024-09-30 05:45:00+00:00,2300.4636644663774
2024-09-30 06:45:00+00:00,2237.165071372718
2024-09-30 07:45:00+00:00,2242.91415812132
2024-09-30 08:45:00+00:00,2220.4239297411345
2024-09-30 09:45:00+00:00,2254.3254677238992
2024-10-01 03:45:00+00:00,2255.830073496184
2024-10-01 04:45:00+00:00,2236.1760440159337
2024-10-01 05:45:00+00:00,2236.935968799467
2024-10-01 06:45:00+00:00,2207.243802725452
2024-10-01 07:45:00+00:00,2230.214796924957
2024-10-01 08:45:00+00:00,2253.9787551620734
2024-10-01 09:45:00+00:00,2271.432067672648
2024-10-03 03:45:00+00:00,2277.390940208329
2024-10-03 04:45:00+00:00,2273.791050820895
2024-10-03 05:45:00+00:00,2275.4412862017684
2024-10-03 06:45:00+00:00,2261.9972063662344
2024-10-03 07:45:00+00:00,2251.8871085112914
2024-10-03 08:45:00+00:00,2240.6869166125925
2024-10-03 09:45:00+00:00,2210.480436648743
2024-10-04 03:45:00+00:00,2183.229214650692
2024-10-04 04:45:00+00:00,2198.178782089135
2024-10-04 05:45:00+00:00,2181.7345015965866
2024-10-04 06:45:00+00:00,2152.244797742697
2024-10-04 07:45:00+00:00,2145.464339843257
2024-10-04 08:45:00+00:00,2144.7433669267148
2024-10-04 09:45:00+00:00,2130.9397643455372
2024-10-07 03:45:00+00:00,2101.7599999413555
2024-10-07 04:45:00+00:00,2119.947592650036
2024-10-07 05:45:00+00:00,2115.947625237162
2024-10-07 06:45:00+00:00,2111.766215435088
2024-10-07 07:45:00+00:00,2133.9758216621326
2024-10-07 08:45:00+00:00,2163.0785263986254
2024-10-07 09:45:00+00:00,2146.757658316407
2024-10-08 03:45:00+00:00,2139.8850950775586
2024-10-08 04:45:00+00:00,2147.3673914922165
2024-10-08 05:45:00+00:00,2162.661952512879
2024-10-08 06:45:00+00:00,2163.1280118909676
2024-10-08 07:45:00+00:00,2150.3081333460236
2024-10-08 08:45:00+00:00,2157.5148840689453
2024-10-08 09:45:00+00:00,2140.6828081371095
2024-10-09 03:45:00+00:00,2139.6576300219585
2024-10-09 04:45:00+00:00,2136.820113418264
2024-10-09 05:45:00+00:00,2164.7253708032285
2024-10-09 06:45:00+00:00,2174.5045859755405
2024-10-09 07:45:00+00:00,2176.6747910697923
2024-10-09 08:45:00+00:00,2170.2847582288427
2024-10-09 09:45:00+00:00,2131.8785271672123
2024-10-10 03:45:00+00:00,2118.736548374414
2024-10-10 04:45:00+00:00,2118.4568177528067
2024-10-10 05:45:00+00:00,2103.7851800582666
2024-10-10 06:45:00+00:00,2113.335887046986
2024-10-10 07:45:00+00:00,2096.2610128353044
2024-10-10 08:45:00+00:00,2096.5121466865394
2024-10-10 09:45:00+00:00,2080.6561650528506
2024-10-11 03:45:00+00:00,2071.4571213795257
2024-10-11 04:45:00+00:00,2069.273450106109
2024-10-11 05:45:00+00:00,2073.6136495091037
2024-10-11 06:45:00+00:00,2068.2454285654376
2024-10-11 07:45:00+00:00,2094.128114694737
2024-10-11 08:45:00+00:00,2085.635562195376
2024-10-11 09:45:00+00:00,2087.8619857950753
2024-10-14 03:45:00+00:00,2095.588976120968
2024-10-14 04:45:00+00:00,2080.23547613943
2024-10-14 05:45:00+00:00,2106.0561680473998
2024-10-14 06:45:00+00:00,2113.4914051657165
2024-10-14 07:45:00+00:00,2161.6384533113423
2024-10-14 08:45:00+00:00,2184.7428429461283
2024-10-14 09:45:00+00:00,2153.6167923546313
2024-10-15 03:45:00+00:00,2144.759328822691
2024-10-15 04:45:00+00:00,2160.3423417889067
2024-10-15 05:45:00+00:00,2156.4101687937114
2024-10-15 06:45:00+00:00,2155.702109339578
2024-10-15 07:45:00+00:00,2159.379866381748
2024-10-15 08:45:00+00:00,2143.3109177953133
2024-10-15 09:45:00+00:00,2170.015355544095
2024-10-16 03:45:00+00:00,2165.9101025576483
2024-10-16 04:45:00+00:00,2184.4249395230654
2024-10-16 05:45:00+00:00,2194.732989170262
2024-10-16 06:45:00+00:00,2220.8102334010914
2024-10-16 07:45:00+00:00,2208.502497513524
2024-10-16 08:45:00+00:00,2191.583825934415
2024-10-16 09:45:00+00:00,2204.2692092586194
2024-10-17 03:45:00+00:00,2186.4700052148946
2024-10-17 04:45:00+00:00,2195.533453662228
2024-10-17 05:45:00+00:00,2196.3376740290396
2024-10-17 06:45:00+00:00,2235.6872230126332
2024-10-17 07:45:00+00:00,2236.1102944668582
2024-10-17 08:45:00+00:00,2250.80194656165
2024-10-17 09:45:00+00:00,2243.3896293172575
2024-10-18 03:45:00+00:00,2259.18319717191
2024-10-18 04:45:00+00:00,2268.5723902424793
2024-10-18 05:45:00+00:00,2301.271731865282
2024-10-18 06:45:00+00:00,2294.608788122308
2024-10-18 07:45:00+00:00,2284.187973505384
2024-10-18 08:45:00+00:00,2286.88165780814
2024-10-18 09:45:00+00:00,2290.126428239106
2024-10-21 03:45:00+00:00,2305.3531591981687
2024-10-21 04:45:00+00:00,2295.066548100135
2024-10-21 05:45:00+00:00,2269.3644568549526
2024-10-21 06:45:00+00:00,2273.097237853836
2024-10-21 07:45:00+00:00,2281.9642969941265
2024-10-21 08:45:00+00:00,2287.5196004958248
2024-10-21 09:45:00+00:00,2292.3753935754567
2024-10-22 03:45:00+00:00,2257.410122145235
2024-10-22 04:45:00+00:00,2266.3676297240554
2024-10-22 05:45:00+00:00,2251.8003195042565
2024-10-22 06:45:00+00:00,2244.15355781157
2024-10-22 07:45:00+00:00,2227.997069488787
2024-10-22 08:45:00+00:00,2241.812156871558
2024-10-22 09:45:00+00:00,2265.017039283583
2024-10-23 03:45:00+00:00,2257.0498990407855
2024-10-23 04:45:00+00:00,2230.749793661188
2024-10-23 05:45:00+00:00,2236.513230682688
2024-10-23 06:45:00+00:00,2248.8422105904
2024-10-23 07:45:00+00:00,2246.2130437843707
2024-10-23 08:45:00+00:00,2244.286066527307
2024-10-23 09:45:00+00:00,2229.4122447848863
2024-10-24 03:45:00+00:00,2227.9841289210294
2024-10-24 04:45:00+00:00,2209.978179643356
2024-10-24 05:45:00+00:00,2193.9786292168515
2024-10-24 06:45:00+00:00,2209.9169040012807
2024-10-24 07:45:00+00:00,2197.7221514107646
2024-10-24 08:45:00+00:00,2200.688892177387
2024-10-24 09:45:00+00:00,2244.2916660270716
2024-10-25 03:45:00+00:00,2243.3785852930027
2024-10-25 04:45:00+00:00,2200.6928325087047
2024-10-25 05:45:00+00:00,2204.8677723541005
2024-10-25 06:45:00+00:00,2191.3475457309287
2024-10-25 07:45:00+00:00,2188.8857326460316
2024-10-25 08:45:00+00:00,2178.0472239099727
2024-10-25 09:45:00+00:00,2151.6588208710236
2024-10-28 03:45:00+00:00,2174.3289782862716
2024-10-28 04:45:00+00:00,2173.418868535083
2024-10-28 05:45:00+00:00,2175.62103419568
2024-10-28 06:45:00+00:00,2213.0643664080135
2024-10-28 07:45:00+00:00,2176.164478946591
2024-10-28 08:45:00+00:00,2182.5026322406907
2024-10-28 09:45:00+00:00,2194.0472633549684
2024-10-29 03:45:00+00:00,2171.3566896095926
2024-10-29 04:45:00+00:00,2184.0227842481713
2024-10-29 05:45:00+00:00,2214.1371368830314
2024-10-29 06:45:00+00:00,2230.9766658823714
2024-10-29 07:45:00+00:00,2200.636420144966
2024-10-29 08:45:00+00:00,2187.991939582856
2024-10-29 09:45:00+00:00,2200.248060781052
2024-10-30 03:45:00+00:00,2187.573069132362
2024-10-30 04:45:00+00:00,2182.16650547592
2024-10-30 05:45:00+00:00,2154.440794581045
2024-10-30 06:45:00+00:00,2161.573846220124
2024-10-30 07:45:00+00:00,2146.0372131375457
2024-10-30 08:45:00+00:00,2139.5851684316262
2024-10-30 09:45:00+00:00,2126.286361243902
2024-10-31 03:45:00+00:00,2120.267340166419
2024-10-31 04:45:00+00:00,2157.2849173603686
2024-10-31 05:45:00+00:00,2146.115929456618
2024-10-31 06:45:00+00:00,2143.1922229304832
2024-10-31 07:45:00+00:00,2132.944921056518
2024-10-31 08:45:00+00:00,2121.416086472055
2024-10-31 09:45:00+00:00,2120.154120985388
2024-11-04 03:45:00+00:00,2126.5263888079035
2024-11-04 04:45:00+00:00,2129.1323780611806
2024-11-04 05:45:00+00:00,2108.1990714778112
2024-11-04 06:45:00+00:00,2119.0040814499075
2024-11-04 07:45:00+00:00,2136.52729602141
2024-11-04 08:45:00+00:00,2133.4739075437888
2024-11-04 09:45:00+00:00,2154.86435524634
2024-11-05 03:45:00+00:00,2164.6049147915187
2024-11-05 04:45:00+00:00,2159.6943890091534
2024-11-05 05:45:00+00:00,2135.6401221480687
2024-11-05 06:45:00+00:00,2166.653365749969
2024-11-05 07:45:00+00:00,2167.657540480356
2024-11-05 08:45:00+00:00,2162.776977591763
2024-11-05 09:45:00+00:00,2192.520738264844
2024-11-06 03:45:00+00:00,2185.6571810523515
2024-11-06 04:45:00+00:00,2184.3155352254876
2024-11-06 05:45:00+00:00,2165.937396918581
2024-11-06 06:45:00+00:00,2166.1841791966235
2024-11-06 07:45:00+00:00,2175.5650438573675
2024-11-06 08:45:00+00:00,2201.625439073425
2024-11-06 09:45:00+00:00,2204.1216884572777
2024-11-07 03:45:00+00:00,2215.510530648114
2024-11-07 04:45:00+00:00,2236.013318111817
2024-11-07 05:45:00+00:00,2239.1956111744544
2024-11-07 06:45:00+00:00,2239.4437215786525
2024-11-07 07:45:00+00:00,2225.748168304759
2024-11-07 08:45:00+00:00,2183.480546719824
2024-11-07 09:45:00+00:00,2177.506882300981
2024-11-08 03:45:00+00:00,2184.0077201975164
2024-11-08 04:45:00+00:00,2155.342484894062
2024-11-08 05:45:00+00:00,2153.251691690363
2024-11-08 06:45:00+00:00,2151.829119804014
2024-11-08 07:45:00+00:00,2152.5956477917507
2024-11-08 08:45:00+00:00,2156.803293799922
2024-11-08 09:45:00+00:00,2126.0591885687945
2024-11-11 03:45:00+00:00,2128.3647405162274
2024-11-11 04:45:00+00:00,2105.494239658234
2024-11-11 05:45:00+00:00,2111.9232872015755
2024-11-11 06:45:00+00:00,2107.3116281652783
2024-11-11 07:45:00+00:00,2111.195966901414
2024-11-11 08:45:00+00:00,2107.6259291672627
2024-11-11 09:45:00+00:00,2146.2804128129537
2024-11-12 03:45:00+00:00,2147.5303893800597
2024-11-12 04:45:00+00:00,2156.1942253738857
2024-11-12 05:45:00+00:00,2147.472291562942
2024-11-12 06:45:00+00:00,2120.257891142948
2024-11-12 07:45:00+00:00,2141.015802111288
2024-11-12 08:45:00+00:00,2111.2668913944017
2024-11-12 09:45:00+00:00,2124.838560283902
2024-11-13 03:45:00+00:00,2136.281378716279
2024-11-13 04:45:00+00:00,2110.4660385868715
2024-11-13 05:45:00+00:00,2095.9068975870982
2024-11-13 06:45:00+00:00,2112.098701258973
2024-11-13 07:45:00+00:00,2120.7779824395807
2024-11-13 08:45:00+00:00,2152.8401253243014
2024-11-13 09:45:00+00:00,2152.5065362284663
2024-11-14 03:45:00+00:00,2151.7846096779354
2024-11-14 04:45:00+00:00,2168.324803324046
2024-11-14 05:45:00+00:00,2199.722502383736
2024-11-14 06:45:00+00:00,2216.4146901492986
2024-11-14 07:45:00+00:00,2223.6265395310957
2024-11-14 08:45:00+00:00,2233.2711398272168
2024-11-14 09:45:00+00:00,2213.901031872423
2024-11-18 03:45:00+00:00,2209.1402544963225
2024-11-18 04:45:00+00:00,2219.5236678372853
2024-11-18 05:45:00+00:00,2216.1779873263054
2024-11-18 06:45:00+00:00,2195.833614575628
2024-11-18 07:45:00+00:00,2203.6772446885316
2024-11-18 08:45:00+00:00,2184.0057936083226
2024-11-18 09:45:00+00:00,2201.7645248778235
2024-11-19 03:45:00+00:00,2193.0179896559675
2024-11-19 04:45:00+00:00,2187.3646612874477
2024-11-19 05:45:00+00:00,2192.152183892518
2024-11-19 06:45:00+00:00,2223.1959318109143
2024-11-19 07:45:00+00:00,2204.1119272561223
2024-11-19 08:45:00+00:00,2206.2565109884567
2024-11-19 09:45:00+00:00,2210.498846170826
2024-11-21 03:45:00+00:00,2177.819148182192
2024-11-21 04:45:00+00:00,2182.4451686069306
2024-11-21 05:45:00+00:00,2183.565140790469
2024-11-21 06:45:00+00:00,2186.75899999259
2024-11-21 07:45:00+00:00,2194.7741454533066
2024-11-21 08:45:00+00:00,2225.669799269914
2024-11-21 09:45:00+00:00,2234.697063646947
2024-11-22 03:45:00+00:00,2244.592607394663
2024-11-22 04:45:00+00:00,2263.617847482532
2024-11-22 05:45:00+00:00,2244.3461562063517
2024-11-22 06:45:00+00:00,2266.5901060625624
2024-11-22 07:45:00+00:00,2276.047895042761
2024-11-22 08:45:00+00:00,2291.0146176757044
2024-11-22 09:45:00+00:00,2284.047143610518
2024-11-25 03:45:00+00:00,2308.3416480311585
2024-11-25 04:45:00+00:00,2298.489604304087
2024-11-25 05:45:00+00:00,2262.0606860457237
2024-11-25 06:45:00+00:00,2270.965308947552
2024-11-25 07:45:00+00:00,2267.44088019041
2024-11-25 08:45:00+00:00,2260.8935826687775
2024-11-25 09:45:00+00:00,2242.6110280056478
2024-11-26 03:45:00+00:00,2224.4325088270266
2024-11-26 04:45:00+00:00,2234.086811106924
2024-11-26 05:45:00+00:00,2255.297140105796
2024-11-26 06:45:00+00:00,2264.8210382921748
2024-11-26 07:45:00+00:00,2269.0824603385563
2024-11-26 08:45:00+00:00,2294.419887443326
2024-11-26 09:45:00+00:00,2305.092618993227
2024-11-27 03:45:00+00:00,2305.709428448954
2024-11-27 04:45:00+00:00,2308.181532699928
2024-11-27 05:45:00+00:00,2300.036398160977
2024-11-27 06:45:00+00:00,2349.83890735491
2024-11-27 07:45:00+00:00,2354.5727391067003
2024-11-27 08:45:00+00:00,2358.887346372184
2024-11-27 09:45:00+00:00,2329.750765411356
2024-11-28 03:45:00+00:00,2301.931268624774
2024-11-28 04:45:00+00:00,2314.5070666850547
2024-11-28 05:45:00+00:00,2291.449147915801
2024-11-28 06:45:00+00:00,2323.726070764596
2024-11-28 07:45:00+00:00,2319.845311289965
2024-11-28 08:45:00+00:00,2327.407032835882
2024-11-28 09:45:00+00:00,2309.7139331058447
2024-11-29 03:45:00+00:00,2289.1950064332127
2024-11-29 04:45:00+00:00,2313.825813474267
2024-11-29 05:45:00+00:00,2308.316136688216
2024-11-29 06:45:00+00:00,2305.883469833085
2024-11-29 07:45:00+00:00,2322.853178740683
2024-11-29 08:45:00+00:00,2313.4018665570975
2024-11-29 09:45:00+00:00,2323.011126517797
2024-12-02 03:45:00+00:00,2326.7698347919163
2024-12-02 04:45:00+00:00,2325.9052960362806
2024-12-02 05:45:00+00:00,2334.071137156002
2024-12-02 06:45:00+00:00,2351.4222766584444
2024-12-02 07:45:00+00:00,2362.3439171928526
2024-12-02 08:45:00+00:00,2385.01161110125
2024-12-02 09:45:00+00:00,2387.793794139016
2024-12-03 03:45:00+00:00,2389.051060609679
2024-12-03 04:45:00+00:00,2367.400177596168
2024-12-03 05:45:00+00:00,2369.318825418849
2024-12-03 06:45:00+00:00,2343.455777839586
2024-12-03 07:45:00+00:00,2347.1466818517088
2024-12-03 08:45:00+00:00,2323.97457170363
2024-12-03 09:45:00+00:00,2325.5514129473477
2024-12-04 03:45:00+00:00,2319.6723280032024
2024-12-04 04:45:00+00:00,2285.7209706514136
2024-12-04 05:45:00+00:00,2294.6323787290034
2024-12-04 06:45:00+00:00,2310.798414564198
2024-12-04 07:45:00+00:00,2320.0898662488007
2024-12-04 08:45:00+00:00,2314.238941279096
2024-12-04 09:45:00+00:00,2350.5479482497944
2024-12-05 03:45:00+00:00,2359.9146003708106
2024-12-05 04:45:00+00:00,2354.140381130552
2024-12-05 05:45:00+00:00,2336.261261893637
2024-12-05 06:45:00+00:00,2334.013897397521
2024-12-05 07:45:00+00:00,2310.9401689966953
2024-12-05 08:45:00+00:00,2296.6734728911597
2024-12-05 09:45:00+00:00,2295.515424032443
2024-12-06 03:45:00+00:00,2282.824808744744
2024-12-06 04:45:00+00:00,2260.815007917116
2024-12-06 05:45:00+00:00,2271.8104980526396
2024-12-06 06:45:00+00:00,2306.2723566079017
2024-12-06 07:45:00+00:00,2313.6889316830975
2024-12-06 08:45:00+00:00,2330.3266389414944
2024-12-06 09:45:00+00:00,2342.5714688141816
2024-12-09 03:45:00+00:00,2350.06805485738
2024-12-09 04:45:00+00:00,2364.3346846611503
2024-12-09 05:45:00+00:00,2397.08354794924
2024-12-09 06:45:00+00:00,2377.96848942078
2024-12-09 07:45:00+00:00,2434.8642088934253
2024-12-09 08:45:00+00:00,2416.9203994479103
2024-12-09 09:45:00+00:00,2413.781971624191
2024-12-10 03:45:00+00:00,2410.0435536186064
2024-12-10 04:45:00+00:00,2398.455174893087
2024-12-10 05:45:00+00:00,2433.6618995900253
2024-12-10 06:45:00+00:00,2440.5300826130556
2024-12-10 07:45:00+00:00,2398.3691747556554
2024-12-10 08:45:00+00:00,2397.46565407587
2024-12-10 09:45:00+00:00,2393.7772577703367
2024-12-11 03:45:00+00:00,2367.1416626421073
2024-12-11 04:45:00+00:00,2371.057551335902
2024-12-11 05:45:00+00:00,2355.3265302520563
2024-12-11 06:45:00+00:00,2346.998334416561
2024-12-11 07:45:00+00:00,2300.535088397216
2024-12-11 08:45:00+00:00,2299.7167719894483
2024-12-11 09:45:00+00:00,2282.583770029929
2024-12-12 03:45:00+00:00,2249.741570824802
2024-12-12 04:45:00+00:00,2263.507939132141
2024-12-12 05:45:00+00:00,2266.1450833216845
2024-12-12 06:45:00+00:00,2279.2626976753186
2024-12-12 07:45:00+00:00,2276.006352099076
2024-12-12 08:45:00+00:00,2286.165033900039
2024-12-12 09:45:00+00:00,2256.753822686063
2024-12-13 03:45:00+00:00,2252.331355920328
2024-12-13 04:45:00+00:00,2224.005932547385
2024-12-13 05:45:00+00:00,2233.221721015963
2024-12-13 06:45:00+00:00,2252.9894672542296
2024-12-13 07:45:00+00:00,2259.7161338842416
2024-12-13 08:45:00+00:00,2258.8518937844638
2024-12-13 09:45:00+00:00,2256.1813533423147
2024-12-16 03:45:00+00:00,2266.3923919387066
2024-12-16 04:45:00+00:00,2223.262067145518
2024-12-16 05:45:00+00:00,2213.140597180864
2024-12-16 06:45:00+00:00,2216.796098504668
2024-12-16 07:45:00+00:00,2204.7360981390793
2024-12-16 08:45:00+00:00,2199.164421015625
2024-12-16 09:45:00+00:00,2223.342015545436
2024-12-17 03:45:00+00:00,2231.7239491042124
2024-12-17 04:45:00+00:00,2215.723673712326
2024-12-17 05:45:00+00:00,2223.1535484159217
2024-12-17 06:45:00+00:00,2201.008903636104
2024-12-17 07:45:00+00:00,2203.27989700968
2024-12-17 08:45:00+00:00,2216.4331741293704
2024-12-17 09:45:00+00:00,2215.343065722625
2024-12-18 03:45:00+00:00,2218.8118744823555
2024-12-18 04:45:00+00:00,2215.5068817304937
2024-12-18 05:45:00+00:00,2238.142249052893
2024-12-18 06:45:00+00:00,2216.3545627711096
2024-12-18 07:45:00+00:00,2186.385008394698
2024-12-18 08:45:00+00:00,2189.788515048069
2024-12-18 09:45:00+00:00,2203.591000633127
2024-12-19 03:45:00+00:00,2225.9306064389016
2024-12-19 04:45:00+00:00,2209.8262113907754
2024-12-19 05:45:00+00:00,2203.4080852651177
2024-12-19 06:45:00+00:00,2198.777012434867
2024-12-19 07:45:00+00:00,2207.5118609911733
2024-12-19 08:45:00+00:00,2238.795560063206
2024-12-19 09:45:00+00:00,2251.7788500105685
2024-12-20 03:45:00+00:00,2209.906474557045
2024-12-20 04:45:00+00:00,2224.486970280456
2024-12-20 05:45:00+00:00,2230.7368518613443
2024-12-20 06:45:00+00:00,2253.670965792689
2024-12-20 07:45:00+00:00,2252.6132078717196
2024-12-20 08:45:00+00:00,2250.5862520642536
2024-12-20 09:45:00+00:00,2248.130612151017
2024-12-23 03:45:00+00:00,2240.8572259271978
2024-12-23 04:45:00+00:00,2241.6973059322377
2024-12-23 05:45:00+00:00,2236.1267639475495
2024-12-23 06:45:00+00:00,2225.8430990387665
2024-12-23 07:45:00+00:00,2249.0173254449123
2024-12-23 08:45:00+00:00,2252.6787251300475
2024-12-23 09:45:00+00:00,2294.9118251547493
2024-12-24 03:45:00+00:00,2282.625807573952
2024-12-24 04:45:00+00:00,2277.2243341549665
2024-12-24 05:45:00+00:00,2271.9622264659633
2024-12-24 06:45:00+00:00,2275.485485470709
2024-12-24 07:45:00+00:00,2282.0178476397614
2024-12-24 08:45:00+00:00,2264.0409515016454
2024-12-24 09:45:00+00:00,2268.7484032358498
2024-12-26 03:45:00+00:00,2281.230637497399
2024-12-26 04:45:00+00:00,2252.8956804945497
2024-12-26 05:45:00+00:00,2228.1800051495743
2024-12-26 06:45:00+00:00,2215.302370230212
2024-12-26 07:45:00+00:00,2219.6247041774845
2024-12-26 08:45:00+00:00,2243.892287826194
2024-12-26 09:45:00+00:00,2281.5935758784935
2024-12-27 03:45:00+00:00,2281.448337356608
2024-12-27 04:45:00+00:00,2277.180885468398
2024-12-27 05:45:00+00:00,2271.4561510617186
2024-12-27 06:45:00+00:00,2250.9967707660444
2024-12-27 07:45:00+00:00,2232.1541365162166
2024-12-27 08:45:00+00:00,2245.7262930012184
2024-12-27 09:45:00+00:00,2271.1672724632963
2024-12-30 03:45:00+00:00,2242.7742904518664
2024-12-30 04:45:00+00:00,2233.7242742658373
2024-12-30 05:45:00+00:00,2244.565189980764
2024-12-30 06:45:00+00:00,2249.914511309776
2024-12-30 07:45:00+00:00,2248.895039542117
2024-12-30 08:45:00+00:00,2254.1291486396326
2024-12-30 09:45:00+00:00,2239.8046045319647
2024-12-31 03:45:00+00:00,2237.8599266816946
2024-12-31 04:45:00+00:00,2246.556758679652
2024-12-31 05:45:00+00:00,2232.743979416208
2024-12-31 06:45:00+00:00,2246.986370538868
2024-12-31 07:45:00+00:00,2233.4154918108748
2024-12-31 08:45:00+00:00,2248.3025018952376
2024-12-31 09:45:00+00:00,2237.286176422406
2025-01-01 03:45:00+00:00,2256.774899152872
2025-01-01 04:45:00+00:00,2318.1522850124506
2025-01-01 05:45:00+00:00,2329.6106215003947
2025-01-01 06:45:00+00:00,2325.499021052449
2025-01-01 07:45:00+00:00,2299.439925601669
2025-01-01 08:45:00+00:00,2306.5040562952195
2025-01-01 09:45:00+00:00,2308.7322352552596
2025-01-02 03:45:00+00:00,2294.512251086907
2025-01-02 04:45:00+00:00,2287.6051631457426
2025-01-02 05:45:00+00:00,2305.65965376502
2025-01-02 06:45:00+00:00,2319.220039248384
2025-01-02 07:45:00+00:00,2344.4160096010164
2025-01-02 08:45:00+00:00,2359.9813936212886
2025-01-02 09:45:00+00:00,2331.657097926087
2025-01-03 03:45:00+00:00,2311.7161172050214
2025-01-03 04:45:00+00:00,2292.6740449641516
2025-01-03 05:45:00+00:00,2300.816422179519
2025-01-03 06:45:00+00:00,2280.914068482694
2025-01-03 07:45:00+00:00,2319.962754387655
2025-01-03 08:45:00+00:00,2306.432501155443
2025-01-03 09:45:00+00:00,2280.5017108934207
2025-01-06 03:45:00+00:00,2250.6526829533123
2025-01-06 04:45:00+00:00,2241.327330867875
2025-01-06 05:45:00+00:00,2224.4321467802174
2025-01-06 06:45:00+00:00,2216.899090071355
2025-01-06 07:45:00+00:00,2202.570860398496
2025-01-06 08:45:00+00:00,2223.855090823455
2025-01-06 09:45:00+00:00,2209.469405497189
2025-01-07 03:45:00+00:00,2205.311004411091
2025-01-07 04:45:00+00:00,2200.739354473478
2025-01-07 05:45:00+00:00,2189.91480996832
2025-01-07 06:45:00+00:00,2144.3189421894285
2025-01-07 07:45:00+00:00,2152.5288196507963
2025-01-07 08:45:00+00:00,2208.7650089506246
2025-01-07 09:45:00+00:00,2212.643110188923
2025-01-08 03:45:00+00:00,2203.111866137755
2025-01-08 04:45:00+00:00,2221.4060673165473
2025-01-08 05:45:00+00:00,2217.0787759387213
2025-01-08 06:45:00+00:00,2217.114304495462
2025-01-08 07:45:00+00:00,2205.240799957993
2025-01-08 08:45:00+00:00,2201.9601381037623
2025-01-08 09:45:00+00:00,2198.6376905894494
2025-01-09 03:45:00+00:00,2172.821684424813
2025-01-09 04:45:00+00:00,2175.930164463863
2025-01-09 05:45:00+00:00,2166.9054987082677
2025-01-09 06:45:00+00:00,2141.195930779155
2025-01-09 07:45:00+00:00,2119.151224033321
2025-01-09 08:45:00+00:00,2127.166025921724
2025-01-09 09:45:00+00:00,2128.480445536192
2025-01-10 03:45:00+00:00,2146.9292458785085
2025-01-10 04:45:00+00:00,2145.412692485604
2025-01-10 05:45:00+00:00,2147.66268099553
2025-01-10 06:45:00+00:00,2138.4074605276815
2025-01-10 07:45:00+00:00,2097.290143386648
2025-01-10 08:45:00+00:00,2112.384379213561
2025-01-10 09:45:00+00:00,2084.189572641108
2025-01-13 03:45:00+00:00,2091.057232619689
2025-01-13 04:45:00+00:00,2118.1271832198127
2025-01-13 05:45:00+00:00,2108.0299851911077
2025-01-13 06:45:00+00:00,2128.780775446808
2025-01-13 07:45:00+00:00,2139.737988396936
2025-01-13 08:45:00+00:00,2123.9885007814028
2025-01-13 09:45:00+00:00,2131.3480013247663
2025-01-14 03:45:00+00:00,2126.73833204154
2025-01-14 04:45:00+00:00,2136.4452376513864
2025-01-14 05:45:00+00:00,2136.23348698939
2025-01-14 06:45:00+00:00,2140.12402477269
2025-01-14 07:45:00+00:00,2122.8076603903573
2025-01-14 08:45:00+00:00,2119.356851821877
2025-01-14 09:45:00+00:00,2101.7244337507796
2025-01-15 03:45:00+00:00,2100.1085560953
2025-01-15 04:45:00+00:00,2089.950947775622
2025-01-15 05:45:00+00:00,2106.067603310332
2025-01-15 06:45:00+00:00,2091.067236192043
2025-01-15 07:45:00+00:00,2089.688684394378
2025-01-15 08:45:00+00:00,2093.731994730787
2025-01-15 09:45:00+00:00,2098.9180606182904
2025-01-16 03:45:00+00:00,2111.2479391996335
2025-01-16 04:45:00+00:00,2092.803676081771
2025-01-16 05:45:00+00:00,2081.0968852053297
2025-01-16 06:45:00+00:00,2078.1336226365534
2025-01-16 07:45:00+00:00,2057.190927787576
2025-01-16 08:45:00+00:00,2051.705197736473
2025-01-16 09:45:00+00:00,2071.4788191041644
2025-01-17 03:45:00+00:00,2081.338880097982
2025-01-17 04:45:00+00:00,2095.838098899298
2025-01-17 05:45:00+00:00,2098.2124351108932
2025-01-17 06:45:00+00:00,2096.4271015257386
2025-01-17 07:45:00+00:00,2135.118121453813
2025-01-17 08:45:00+00:00,2176.174144359385
2025-01-17 09:45:00+00:00,2197.756470429812
2025-01-20 03:45:00+00:00,2221.743942348032
2025-01-20 04:45:00+00:00,2208.428601735948
2025-01-20 05:45:00+00:00,2240.031713565602
2025-01-20 06:45:00+00:00,2210.936669526358
2025-01-20 07:45:00+00:00,2237.7842892775243
2025-01-20 08:45:00+00:00,2222.6044528330226
2025-01-20 09:45:00+00:00,2210.2769712338354
2025-01-21 03:45:00+00:00,2180.0774950389527
2025-01-21 04:45:00+00:00,2176.120274518295
2025-01-21 05:45:00+00:00,2190.5281309349443
2025-01-21 06:45:00+00:00,2198.071848251602
2025-01-21 07:45:00+00:00,2203.4723832077766
2025-01-21 08:45:00+00:00,2211.930792049456
2025-01-21 09:45:00+00:00,2229.769914778849
2025-01-22 03:45:00+00:00,2239.396331671214
2025-01-22 04:45:00+00:00,2272.086209179626
2025-01-22 05:45:00+00:00,2285.221157110048
2025-01-22 06:45:00+00:00,2248.8826139483267
2025-01-22 07:45:00+00:00,2272.6445720853135
2025-01-22 08:45:00+00:00,2275.914229691003
2025-01-22 09:45:00+00:00,2307.2391919689253
2025-01-23 03:45:00+00:00,2305.9399934344674
2025-01-23 04:45:00+00:00,2312.262160013911
2025-01-23 05:45:00+00:00,2313.6874260381746
2025-01-23 06:45:00+00:00,2308.559525491955
2025-01-23 07:45:00+00:00,2305.6994984292455
2025-01-23 08:45:00+00:00,2322.418551922369
2025-01-23 09:45:00+00:00,2304.8209082767708
2025-01-24 03:45:00+00:00,2329.5713077266987
2025-01-24 04:45:00+00:00,2339.729789903828
2025-01-24 05:45:00+00:00,2379.2758609860275
2025-01-24 06:45:00+00:00,2367.4813517288853
2025-01-24 07:45:00+00:00,2397.9623201316986
2025-01-24 08:45:00+00:00,2372.5920597585255
2025-01-24 09:45:00+00:00,2357.134335700928
2025-01-27 03:45:00+00:00,2389.458700718503
2025-01-27 04:45:00+00:00,2404.969363017028
2025-01-27 05:45:00+00:00,2418.8810839795387
2025-01-27 06:45:00+00:00,2423.917337716522
2025-01-27 07:45:00+00:00,2406.732975712218
2025-01-27 08:45:00+00:00,2409.502856507682
2025-01-27 09:45:00+00:00,2425.828698827293
2025-01-28 03:45:00+00:00,2382.2064369980776
2025-01-28 04:45:00+00:00,2399.148906981285
2025-01-28 05:45:00+00:00,2358.683028435578
2025-01-28 06:45:00+00:00,2370.750287356244
2025-01-28 07:45:00+00:00,2395.427843148268
2025-01-28 08:45:00+00:00,2399.4468920116306
2025-01-28 09:45:00+00:00,2406.1141854928314
2025-01-29 03:45:00+00:00,2408.272146412882
2025-01-29 04:45:00+00:00,2424.1109236035268
2025-01-29 05:45:00+00:00,2449.7465325828225
2025-01-29 06:45:00+00:00,2475.1274384458807
2025-01-29 07:45:00+00:00,2467.1529118039734
2025-01-29 08:45:00+00:00,2492.1111843598646
2025-01-29 09:45:00+00:00,2473.8591221792167
2025-01-30 03:45:00+00:00,2526.080182599275
2025-01-30 04:45:00+00:00,2523.4641499302356
2025-01-30 05:45:00+00:00,2521.4749230602733
2025-01-30 06:45:00+00:00,2535.3209732106498
2025-01-30 07:45:00+00:00,2526.3985225719557
2025-01-30 08:45:00+00:00,2566.433587587506
2025-01-30 09:45:00+00:00,2537.114473341489
2025-01-31 03:45:00+00:00,2542.4940342323816
2025-01-31 04:45:00+00:00,2536.048502603372
2025-01-31 05:45:00+00:00,2518.795529742485
2025-01-31 06:45:00+00:00,2540.4673973923996
2025-01-31 07:45:00+00:00,2503.358769888018
2025-01-31 08:45:00+00:00,2544.1464367868957
2025-01-31 09:45:00+00:00,2539.8393110962575
2025-02-03 03:45:00+00:00,2530.065900378235
2025-02-03 04:45:00+00:00,2506.924663516688
2025-02-03 05:45:00+00:00,2515.7858815149993
2025-02-03 06:45:00+00:00,2508.9264494823174
2025-02-03 07:45:00+00:00,2485.0948298157873
2025-02-03 08:45:00+00:00,2488.9951799892433
2025-02-03 09:45:00+00:00,2507.6897397072307
2025-02-04 03:45:00+00:00,2502.6322976987817
2025-02-04 04:45:00+00:00,2535.3988909317077
2025-02-04 05:45:00+00:00,2525.9925543712798
2025-02-04 06:45:00+00:00,2557.0504192223098
2025-02-04 07:45:00+00:00,2566.161622024435
2025-02-04 08:45:00+00:00,2591.0048918823613
2025-02-04 09:45:00+00:00,2620.815989639849
2025-02-05 03:45:00+00:00,2645.3472730602643
2025-02-05 04:45:00+00:00,2652.9566520168246
2025-02-05 05:45:00+00:00,2656.3102720048905
2025-02-05 06:45:00+00:00,2662.4087851438144
2025-02-05 07:45:00+00:00,2638.1814742288334
2025-02-05 08:45:00+00:00,2626.370511118186
2025-02-05 09:45:00+00:00,2629.301521582345
2025-02-06 03:45:00+00:00,2638.397647510349
2025-02-06 04:45:00+00:00,2623.2901933499234
2025-02-06 05:45:00+00:00,2598.688120600433
2025-02-06 06:45:00+00:00,2615.750727544277
2025-02-06 07:45:00+00:00,2638.8973366585533
2025-02-06 08:45:00+00:00,2618.867059331501
2025-02-06 09:45:00+00:00,2655.042920887423
2025-02-07 03:45:00+00:00,2651.6245798059554
2025-02-07 04:45:00+00:00,2639.4068425976207
2025-02-07 05:45:00+00:00,2641.4106944402406
2025-02-07 06:45:00+00:00,2654.777551812733
2025-02-07 07:45:00+00:00,2620.6099324457846
2025-02-07 08:45:00+00:00,2629.722610383346
2025-02-07 09:45:00+00:00,2608.9184776995407
2025-02-10 03:45:00+00:00,2579.16617641478
2025-02-10 04:45:00+00:00,2578.604815745804
2025-02-10 05:45:00+00:00,2597.4780302655217
2025-02-10 06:45:00+00:00,2615.1868421536074
2025-02-10 07:45:00+00:00,2643.9515900841507
2025-02-10 08:45:00+00:00,2610.3439770579425
2025-02-10 09:45:00+00:00,2596.6403977594077
2025-02-11 03:45:00+00:00,2579.6654112834512
2025-02-11 04:45:00+00:00,2562.2454380041086
2025-02-11 05:45:00+00:00,2569.398115150218
2025-02-11 06:45:00+00:00,2562.7534086985097
2025-02-11 07:45:00+00:00,2553.5819807808184
2025-02-11 08:45:00+00:00,2536.364262665662
2025-02-11 09:45:00+00:00,2500.0453121042538
2025-02-12 03:45:00+00:00,2515.831088218534
2025-02-12 04:45:00+00:00,2486.495139688061
2025-02-12 05:45:00+00:00,2487.222343951256
2025-02-12 06:45:00+00:00,2497.398252326305
2025-02-12 07:45:00+00:00,2498.4351348078703
2025-02-12 08:45:00+00:00,2483.3009094678705
2025-02-12 09:45:00+00:00,2490.6397855607634
2025-02-13 03:45:00+00:00,2471.6737675866552
2025-02-13 04:45:00+00:00,2479.2441656966207
2025-02-13 05:45:00+00:00,2486.3646323991534
2025-02-13 06:45:00+00:00,2487.035741959194
2025-02-13 07:45:00+00:00,2487.747240179629
2025-02-13 08:45:00+00:00,2490.758614104381
2025-02-13 09:45:00+00:00,2514.1521489244356
2025-02-14 03:45:00+00:00,2518.209626232382
2025-02-14 04:45:00+00:00,2500.2463069799537
2025-02-14 05:45:00+00:00,2500.486408044821
2025-02-14 06:45:00+00:00,2483.235238791225
2025-02-14 07:45:00+00:00,2444.185653209102
2025-02-14 08:45:00+00:00,2427.9955177082006
2025-02-14 09:45:00+00:00,2401.0259509243397
2025-02-17 03:45:00+00:00,2397.985184961446
2025-02-17 04:45:00+00:00,2371.898632400407
2025-02-17 05:45:00+00:00,2386.3743460661217
2025-02-17 06:45:00+00:00,2389.454852207078
2025-02-17 07:45:00+00:00,2392.79723714604
2025-02-17 08:45:00+00:00,2386.5394766734694
2025-02-17 09:45:00+00:00,2390.258237819659
2025-02-18 03:45:00+00:00,2369.753257138104
2025-02-18 04:45:00+00:00,2364.2904623003787
2025-02-18 05:45:00+00:00,2364.1724351699
2025-02-18 06:45:00+00:00,2400.385162441728
2025-02-18 07:45:00+00:00,2410.556045951381
2025-02-18 08:45:00+00:00,2393.775363918865
2025-02-18 09:45:00+00:00,2417.293964504029
2025-02-19 03:45:00+00:00,2436.9088728890397
2025-02-19 04:45:00+00:00,2434.623421004643
2025-02-19 05:45:00+00:00,2434.8615597280464
2025-02-19 06:45:00+00:00,2408.541077733485
2025-02-19 07:45:00+00:00,2420.498879486537
2025-02-19 08:45:00+00:00,2432.6306578769554
2025-02-19 09:45:00+00:00,2385.2882137541815
2025-02-20 03:45:00+00:00,2379.727156560606
2025-02-20 04:45:00+00:00,2413.0278394185193
2025-02-20 05:45:00+00:00,2430.164256016942
2025-02-20 06:45:00+00:00,2404.520018760016
2025-02-20 07:45:00+00:00,2399.794135096971
2025-02-20 08:45:00+00:00,2393.6384082239124
2025-02-20 09:45:00+00:00,2364.6978476774293
2025-02-21 03:45:00+00:00,2360.5820057224582
2025-02-21 04:45:00+00:00,2351.368836141237
2025-02-21 05:45:00+00:00,2313.655842932328
2025-02-21 06:45:00+00:00,2285.25139876488
2025-02-21 07:45:00+00:00,2282.612041881008
2025-02-21 08:45:00+00:00,2300.397231134793
2025-02-21 09:45:00+00:00,2316.5131761099747
2025-02-24 03:45:00+00:00,2337.156546360794
2025-02-24 04:45:00+00:00,2343.159224412686
2025-02-24 05:45:00+00:00,2347.7770140923744
2025-02-24 06:45:00+00:00,2385.214825693941
2025-02-24 07:45:00+00:00,2364.297902143728
2025-02-24 08:45:00+00:00,2362.7227181529615
2025-02-24 09:45:00+00:00,2385.7394629394144
2025-02-25 03:45:00+00:00,2379.339475847272
2025-02-25 04:45:00+00:00,2381.7774840694433
2025-02-25 05:45:00+00:00,2389.213593138257
2025-02-25 06:45:00+00:00,2408.2269694675338
2025-02-25 07:45:00+00:00,2431.9191994307575
2025-02-25 08:45:00+00:00,2465.179686130543
2025-02-25 09:45:00+00:00,2478.202917208479
2025-02-27 03:45:00+00:00,2516.8135211984345
2025-02-27 04:45:00+00:00,2532.0347620798866
2025-02-27 05:45:00+00:00,2516.4331034452657
2025-02-27 06:45:00+00:00,2477.696427346613
2025-02-27 07:45:00+00:00,2444.4304841460985
2025-02-27 08:45:00+00:00,2435.160264138764
2025-02-27 09:45:00+00:00,2422.5331886856025
2025-02-28 03:45:00+00:00,2385.688094640084
2025-02-28 04:45:00+00:00,2398.933077308724
2025-02-28 05:45:00+00:00,2409.529860863251
2025-02-28 06:45:00+00:00,2407.442455900328
2025-02-28 07:45:00+00:00,2419.0786504996227
2025-02-28 08:45:00+00:00,2402.4692896135048
2025-02-28 09:45:00+00:00,2399.9338427949206
2025-03-03 03:45:00+00:00,2416.371762651974
2025-03-03 04:45:00+00:00,2369.4331507130096
2025-03-03 05:45:00+00:00,2380.8506834933482
2025-03-03 06:45:00+00:00,2372.32798144875
2025-03-03 07:45:00+00:00,2355.6968636354
2025-03-03 08:45:00+00:00,2336.779172430157
2025-03-03 09:45:00+00:00,2335.776398277767
2025-03-04 03:45:00+00:00,2361.057799649111
2025-03-04 04:45:00+00:00,2379.7061983367244
2025-03-04 05:45:00+00:00,2363.140286048985
2025-03-04 06:45:00+00:00,2376.284123039567
2025-03-04 07:45:00+00:00,2385.1438204795536
2025-03-04 08:45:00+00:00,2371.984538985484
2025-03-04 09:45:00+00:00,2397.944564214638
2025-03-05 03:45:00+00:00,2421.4389858633813
2025-03-05 04:45:00+00:00,2433.1611959907636
2025-03-05 05:45:00+00:00,2443.3472540237335
2025-03-05 06:45:00+00:00,2421.047715011383
2025-03-05 07:45:00+00:00,2415.9969050725135
2025-03-05 08:45:00+00:00,2410.5170232471564
2025-03-05 09:45:00+00:00,2429.2518592453175
2025-03-06 03:45:00+00:00,2400.1587314255007
2025-03-06 04:45:00+00:00,2441.266932541708
2025-03-06 05:45:00+00:00,2441.9035678860046
2025-03-06 06:45:00+00:00,2430.336174261105
2025-03-06 07:45:00+00:00,2416.374677769745
2025-03-06 08:45:00+00:00,2435.5179701035977
2025-03-06 09:45:00+00:00,2431.875152557156
2025-03-07 03:45:00+00:00,2420.7129279972282
2025-03-07 04:45:00+00:00,2411.181086839526
2025-03-07 05:45:00+00:00,2386.2316928625387
2025-03-07 06:45:00+00:00,2395.920726227468
2025-03-07 07:45:00+00:00,2388.8695121667397
2025-03-07 08:45:00+00:00,2394.833107002957
2025-03-07 09:45:00+00:00,2363.3868180321
2025-03-10 03:45:00+00:00,2350.1533388898165
2025-03-10 04:45:00+00:00,2372.877731732534
2025-03-10 05:45:00+00:00,2356.9957554281423
2025-03-10 06:45:00+00:00,2374.8201357494886
2025-03-10 07:45:00+00:00,2348.913579789541
2025-03-10 08:45:00+00:00,2328.4739483531635
2025-03-10 09:45:00+00:00,2335.7153328841932
2025-03-11 03:45:00+00:00,2317.115881932951
2025-03-11 04:45:00+00:00,2318.2803506434293
2025-03-11 05:45:00+00:00,2342.9061683930645
2025-03-11 06:45:00+00:00,2355.643269868048
2025-03-11 07:45:00+00:00,2329.652586096462
2025-03-11 08:45:00+00:00,2370.7841672238505
2025-03-11 09:45:00+00:00,2367.7322911370975
2025-03-12 03:45:00+00:00,2373.896360098974
2025-03-12 04:45:00+00:00,2351.8609377374305
2025-03-12 05:45:00+00:00,2368.9047529027634
2025-03-12 06:45:00+00:00,2371.875470021824
2025-03-12 07:45:00+00:00,2393.483240096176
2025-03-12 08:45:00+00:00,2372.373314959021
2025-03-12 09:45:00+00:00,2378.5402897292815
2025-03-13 03:45:00+00:00,2399.486528126307
2025-03-13 04:45:00+00:00,2411.0224953883376
2025-03-13 05:45:00+00:00,2404.547105981985
2025-03-13 06:45:00+00:00,2389.2429253074115
2025-03-13 07:45:00+00:00,2410.427954094935
2025-03-13 08:45:00+00:00,2427.4765818230867
2025-03-13 09:45:00+00:00,2427.9660255794565
2025-03-17 03:45:00+00:00,2405.559039799533
2025-03-17 04:45:00+00:00,2404.3629963354447
2025-03-17 05:45:00+00:00,2400.7057320655467
2025-03-17 06:45:00+00:00,2394.5675341330857
2025-03-17 07:45:00+00:00,2366.9404699622605
2025-03-17 08:45:00+00:00,2361.4569104916513
2025-03-17 09:45:00+00:00,2354.2482918473743
2025-03-18 03:45:00+00:00,2345.7103268039064
2025-03-18 04:45:00+00:00,2375.8817542171596
2025-03-18 05:45:00+00:00,2352.0865857038857
2025-03-18 06:45:00+00:00,2353.9711155139657
2025-03-18 07:45:00+00:00,2380.573678321126
2025-03-18 08:45:00+00:00,2387.918331753126
2025-03-18 09:45:00+00:00,2383.014377585786
2025-03-19 03:45:00+00:00,2407.213694712585
2025-03-19 04:45:00+00:00,2468.2024590636006
2025-03-19 05:45:00+00:00,2492.3244223847755
2025-03-19 06:45:00+00:00,2476.419007710277
2025-03-19 07:45:00+00:00,2465.2963797888087
2025-03-19 08:45:00+00:00,2445.428031057154
2025-03-19 09:45:00+00:00,2492.2545742061106
2025-03-20 03:45:00+00:00,2468.0763041952396
2025-03-20 04:45:00+00:00,2444.574103628503
2025-03-20 05:45:00+00:00,2420.058227400141
2025-03-20 06:45:00+00:00,2413.466622803219
2025-03-20 07:45:00+00:00,2430.8876923363423
2025-03-20 08:45:00+00:00,2423.912460970758
2025-03-20 09:45:00+00:00,2405.984472693473
2025-03-21 03:45:00+00:00,2381.8779272561446
2025-03-21 04:45:00+00:00,2413.78238676173
2025-03-21 05:45:00+00:00,2376.142676410729
2025-03-21 06:45:00+00:00,2383.270911512921
2025-03-21 07:45:00+00:00,2382.240375230193
2025-03-21 08:45:00+00:00,2362.0623927129045
2025-03-21 09:45:00+00:00,2348.6608034362757
2025-03-24 03:45:00+00:00,2331.5318181083885
2025-03-24 04:45:00+00:00,2330.632804661207
2025-03-24 05:45:00+00:00,2350.2990480072367
2025-03-24 06:45:00+00:00,2378.8170232446605
2025-03-24 07:45:00+00:00,2377.4422889836324
2025-03-24 08:45:00+00:00,2372.681441664685
2025-03-24 09:45:00+00:00,2397.7054461404937
2025-03-25 03:45:00+00:00,2402.2721306402796
2025-03-25 04:45:00+00:00,2410.1043563221747
2025-03-25 05:45:00+00:00,2384.122007012258
2025-03-25 06:45:00+00:00,2387.006478206424
2025-03-25 07:45:00+00:00,2396.8419843854504
2025-03-25 08:45:00+00:00,2362.5855623916746
2025-03-25 09:45:00+00:00,2336.1314798680105
2025-03-26 03:45:00+00:00,2324.9205890041962
2025-03-26 04:45:00+00:00,2362.8639670756784
2025-03-26 05:45:00+00:00,2391.179746137275
2025-03-26 06:45:00+00:00,2367.4674229772486
2025-03-26 07:45:00+00:00,2353.547040028515
2025-03-26 08:45:00+00:00,2322.7523590605965
2025-03-26 09:45:00+00:00,2315.186955164577
2025-03-27 03:45:00+00:00,2296.1008261881984
2025-03-27 04:45:00+00:00,2313.7317932707856
2025-03-27 05:45:00+00:00,2284.041056935297
2025-03-27 06:45:00+00:00,2286.4881371757056
2025-03-27 07:45:00+00:00,2300.325186141086
2025-03-27 08:45:00+00:00,2271.781244057841
2025-03-27 09:45:00+00:00,2302.1033318007662
2025-03-28 03:45:00+00:00,2292.1287250116616
2025-03-28 04:45:00+00:00,2272.6849165757185
2025-03-28 05:45:00+00:00,2291.25577360249
2025-03-28 06:45:00+00:00,2277.2779381591818
2025-03-28 07:45:00+00:00,2316.168034493183
2025-03-28 08:45:00+00:00,2312.9115132349275
2025-03-28 09:45:00+00:00,2323.3465898361696
2025-04-01 03:45:00+00:00,2344.7063515968184
2025-04-01 04:45:00+00:00,2322.037069627922
2025-04-01 05:45:00+00:00,2313.2749841083346
2025-04-01 06:45:00+00:00,2301.74029908741
2025-04-01 07:45:00+00:00,2320.8552369703434
2025-04-01 08:45:00+00:00,2292.344003538319
2025-04-01 09:45:00+00:00,2254.5912550580415
2025-04-02 03:45:00+00:00,2241.096020027227
2025-04-02 04:45:00+00:00,2254.0913212328205
2025-04-02 05:45:00+00:00,2276.477494292459
2025-04-02 06:45:00+00:00,2246.3515624047004
2025-04-02 07:45:00+00:00,2255.2601561255406
2025-04-02 08:45:00+00:00,2265.2154738280014
2025-04-02 09:45:00+00:00,2262.5026976325053
2025-04-03 03:45:00+00:00,2273.062019164294
2025-04-03 04:45:00+00:00,2282.485074597901
2025-04-03 05:45:00+00:00,2250.9559368464747
2025-04-03 06:45:00+00:00,2260.074734547616
2025-04-03 07:45:00+00:00,2259.566565996714
2025-04-03 08:45:00+00:00,2251.1215568839752
2025-04-03 09:45:00+00:00,2260.5246755397015
2025-04-04 03:45:00+00:00,2276.209603686428
2025-04-04 04:45:00+00:00,2304.1751265579724
2025-04-04 05:45:00+00:00,2306.814095930144
2025-04-04 06:45:00+00:00,2320.0269220091477
2025-04-04 07:45:00+00:00,2333.4935786206556
2025-04-04 08:45:00+00:00,2331.380357227749
2025-04-04 09:45:00+00:00,2338.156631188096
2025-04-07 03:45:00+00:00,2332.516842682645
2025-04-07 04:45:00+00:00,2343.1615514964637
2025-04-07 05:45:00+00:00,2316.173900001314
2025-04-07 06:45:00+00:00,2321.8735411904186
2025-04-07 07:45:00+00:00,2320.7369732554416
2025-04-07 08:45:00+00:00,2294.518300957473
2025-04-07 09:45:00+00:00,2295.0784151016514
2025-04-08 03:45:00+00:00,2291.5659510226783
2025-04-08 04:45:00+00:00,2286.063341889692
2025-04-08 05:45:00+00:00,2230.6896313141788
2025-04-08 06:45:00+00:00,2216.368192527663
2025-04-08 07:45:00+00:00,2237.9362795463517
2025-04-08 08:45:00+00:00,2280.5188824879547
2025-04-08 09:45:00+00:00,2269.6649430777875
2025-04-09 03:45:00+00:00,2310.4111502363526
2025-04-09 04:45:00+00:00,2302.541784223484
2025-04-09 05:45:00+00:00,2289.16084406343
2025-04-09 06:45:00+00:00,2317.945426422852
2025-04-09 07:45:00+00:00,2315.864525823256
2025-04-09 08:45:00+00:00,2295.8434570871677
2025-04-09 09:45:00+00:00,2323.0219702981312
2025-04-11 03:45:00+00:00,2322.491343855821
2025-04-11 04:45:00+00:00,2307.9908083604646
2025-04-11 05:45:00+00:00,2295.682857736603
2025-04-11 06:45:00+00:00,2305.3323554004915
2025-04-11 07:45:00+00:00,2291.981588318407
2025-04-11 08:45:00+00:00,2291.854677143757
2025-04-11 09:45:00+00:00,2317.2371412907614
2025-04-15 03:45:00+00:00,2306.4291630836497
2025-04-15 04:45:00+00:00,2268.262314909043
2025-04-15 05:45:00+00:00,2301.092092248194
2025-04-15 06:45:00+00:00,2309.705315666684
2025-04-15 07:45:00+00:00,2304.7719701585756
2025-04-15 08:45:00+00:00,2301.97011137902
2025-04-15 09:45:00+00:00,2291.530371655606
2025-04-16 03:45:00+00:00,2293.315623624212
2025-04-16 04:45:00+00:00,2278.195236366421
2025-04-16 05:45:00+00:00,2291.7712970959565
2025-04-16 06:45:00+00:00,2251.388770132275
2025-04-16 07:45:00+00:00,2265.718565932188
2025-04-16 08:45:00+00:00,2269.166708993955
2025-04-16 09:45:00+00:00,2246.6328261498134
2025-04-17 03:45:00+00:00,2228.784463027401
2025-04-17 04:45:00+00:00,2238.0224137011423
2025-04-17 05:45:00+00:00,2253.142614026018
2025-04-17 06:45:00+00:00,2255.3735091585927
2025-04-17 07:45:00+00:00,2250.185976132364
2025-04-17 08:45:00+00:00,2274.686026077969
2025-04-17 09:45:00+00:00,2278.6493991866255
2025-04-21 03:45:00+00:00,2262.353379400166
2025-04-21 04:45:00+00:00,2258.3195191360523
2025-04-21 05:45:00+00:00,2265.273246524197
2025-04-21 06:45:00+00:00,2272.531317492786
2025-04-21 07:45:00+00:00,2269.000577184776
2025-04-21 08:45:00+00:00,2262.861770476351
2025-04-21 09:45:00+00:00,2274.379408750145
2025-04-22 03:45:00+00:00,2259.3219577700647
2025-04-22 04:45:00+00:00,2291.5571741586214
2025-04-22 05:45:00+00:00,2267.807921176751
2025-04-22 06:45:00+00:00,2287.083732849778
2025-04-22 07:45:00+00:00,2279.450006553057
2025-04-22 08:45:00+00:00,2279.519863915719
2025-04-22 09:45:00+00:00,2268.936377832595
2025-04-23 03:45:00+00:00,2307.052449130339
2025-04-23 04:45:00+00:00,2271.5144824091535
2025-04-23 05:45:00+00:00,2255.7353149944297
2025-04-23 06:45:00+00:00,2272.375938543898
2025-04-23 07:45:00+00:00,2265.593699654355
2025-04-23 08:45:00+00:00,2272.164729865561
2025-04-23 09:45:00+00:00,2286.939985734051
2025-04-24 03:45:00+00:00,2271.1624126863258
2025-04-24 04:45:00+00:00,2237.002014535511
2025-04-24 05:45:00+00:00,2243.94440945101
2025-04-24 06:45:00+00:00,2259.186210571302
2025-04-24 07:45:00+00:00,2262.614786614443
2025-04-24 08:45:00+00:00,2257.8327569560233
2025-04-24 09:45:00+00:00,2298.0628350669317
2025-04-25 03:45:00+00:00,2288.670162019519
2025-04-25 04:45:00+00:00,2299.448461846018
2025-04-25 05:45:00+00:00,2307.5299126166433
2025-04-25 06:45:00+00:00,2303.210095330388
2025-04-25 07:45:00+00:00,2274.8074708251665
2025-04-25 08:45:00+00:00,2308.096201361019
2025-04-25 09:45:00+00:00,2324.007109662449
2025-04-28 03:45:00+00:00,2336.1891603807626
2025-04-28 04:45:00+00:00,2330.375347160748
2025-04-28 05:45:00+00:00,2358.2171742948963
2025-04-28 06:45:00+00:00,2361.7955266482472
2025-04-28 07:45:00+00:00,2368.5541368635336
2025-04-28 08:45:00+00:00,2372.935025324542
2025-04-28 09:45:00+00:00,2355.491971015462
2025-04-29 03:45:00+00:00,2408.7093239725054
2025-04-29 04:45:00+00:00,2397.960551587666
2025-04-29 05:45:00+00:00,2437.5304115765475
2025-04-29 06:45:00+00:00,2444.19526345689
2025-04-29 07:45:00+00:00,2468.2090509750533
2025-04-29 08:45:00+00:00,2469.4340840181158
2025-04-29 09:45:00+00:00,2445.4481293987906
2025-04-30 03:45:00+00:00,2452.786379557634
2025-04-30 04:45:00+00:00,2428.4069147202517
2025-04-30 05:45:00+00:00,2392.6430810047696
2025-04-30 06:45:00+00:00,2439.6490335658027
2025-04-30 07:45:00+00:00,2444.5856631058036
2025-04-30 08:45:00+00:00,2430.6169971539052
2025-04-30 09:45:00+00:00,2439.5402520319626
2025-05-02 03:45:00+00:00,2448.2121436167145
2025-05-02 04:45:00+00:00,2443.200071952667
2025-05-02 05:45:00+00:00,2437.2606825682483
2025-05-02 06:45:00+00:00,2447.415741879083
2025-05-02 07:45:00+00:00,2443.502106366682
2025-05-02 08:45:00+00:00,2431.778336242716
2025-05-02 09:45:00+00:00,2472.9346730218026
2025-05-05 03:45:00+00:00,2463.586857060475
2025-05-05 04:45:00+00:00,2433.032228421198
2025-05-05 05:45:00+00:00,2434.714580371095
2025-05-05 06:45:00+00:00,2452.465374357069
2025-05-05 07:45:00+00:00,2435.55914121249
2025-05-05 08:45:00+00:00,2445.4897234893865
2025-05-05 09:45:00+00:00,2461.7543562250157
2025-05-06 03:45:00+00:00,2443.5871386378326
2025-05-06 04:45:00+00:00,2424.2707727411657
2025-05-06 05:45:00+00:00,2435.8885968920217
2025-05-06 06:45:00+00:00,2507.283891649101
2025-05-06 07:45:00+00:00,2495.322633035042
2025-05-06 08:45:00+00:00,2522.6572007288223
2025-05-06 09:45:00+00:00,2522.177366023966
2025-05-07 03:45:00+00:00,2525.0896334486083
2025-05-07 04:45:00+00:00,2522.7869201162125
2025-05-07 05:45:00+00:00,2548.058982182013
2025-05-07 06:45:00+00:00,2540.76266715461
2025-05-07 07:45:00+00:00,2546.2266574738446
2025-05-07 08:45:00+00:00,2542.0708800703455
2025-05-07 09:45:00+00:00,2549.521168269427
2025-05-08 03:45:00+00:00,2549.4327384397525
2025-05-08 04:45:00+00:00,2558.368668848568
2025-05-08 05:45:00+00:00,2575.663762470002
2025-05-08 06:45:00+00:00,2564.6011963015103
2025-05-08 07:45:00+00:00,2571.2188529236546
2025-05-08 08:45:00+00:00,2586.303105680271
2025-05-08 09:45:00+00:00,2585.782814668791
2025-05-09 03:45:00+00:00,2597.087432911773
2025-05-09 04:45:00+00:00,2618.6790010240343
2025-05-09 05:45:00+00:00,2638.3151020214946
2025-05-09 06:45:00+00:00,2630.053623021058
2025-05-09 07:45:00+00:00,2640.4018498650353
2025-05-09 08:45:00+00:00,2621.397148427063
2025-05-09 09:45:00+00:00,2648.3632685544203
2025-05-12 03:45:00+00:00,2661.9711756123706
2025-05-12 04:45:00+00:00,2714.7453991796197
2025-05-12 05:45:00+00:00,2736.6100765871156
2025-05-12 06:45:00+00:00,2746.378341697264
2025-05-12 07:45:00+00:00,2753.6674153681897
2025-05-12 08:45:00+00:00,2756.4560029734853
2025-05-12 09:45:00+00:00,2760.066015728028
2025-05-13 03:45:00+00:00,2755.858209360001
2025-05-13 04:45:00+00:00,2711.1450684769625
2025-05-13 05:45:00+00:00,2703.7694717513514
2025-05-13 06:45:00+00:00,2705.065129035034
2025-05-13 07:45:00+00:00,2723.4625402853176
2025-05-13 08:45:00+00:00,2767.911536342725
2025-05-13 09:45:00+00:00,2764.165919295975
2025-05-14 03:45:00+00:00,2807.6611182716115
2025-05-14 04:45:00+00:00,2831.5322030228504
2025-05-14 05:45:00+00:00,2816.961880345364
2025-05-14 06:45:00+00:00,2863.40422983165
2025-05-14 07:45:00+00:00,2854.6769775845837
2025-05-14 08:45:00+00:00,2887.3520513325802
2025-05-14 09:45:00+00:00,2862.409914607951
2025-05-15 03:45:00+00:00,2862.157119633435
2025-05-15 04:45:00+00:00,2862.056970643384
2025-05-15 05:45:00+00:00,2891.8814497012413
2025-05-15 06:45:00+00:00,2846.369015181591
2025-05-15 07:45:00+00:00,2934.084323433989
2025-05-15 08:45:00+00:00,2868.2239423655383
2025-05-15 09:45:00+00:00,2864.9727415433094
2025-05-16 03:45:00+00:00,2863.2853927027545
2025-05-16 04:45:00+00:00,2874.9685090370313
2025-05-16 05:45:00+00:00,2878.721099005359
2025-05-16 06:45:00+00:00,2866.422764479792
2025-05-16 07:45:00+00:00,2869.5206911833016
2025-05-16 08:45:00+00:00,2864.076693877629
2025-05-16 09:45:00+00:00,2857.977655395542
2025-05-19 03:45:00+00:00,2802.1459923725315
2025-05-19 04:45:00+00:00,2804.946422893696
2025-05-19 05:45:00+00:00,2823.62201427449
2025-05-19 06:45:00+00:00,2796.2540159211253
2025-05-19 07:45:00+00:00,2807.1656851887738
2025-05-19 08:45:00+00:00,2826.77609117681
2025-05-19 09:45:00+00:00,2796.058594799597
2025-05-20 03:45:00+00:00,2796.543429531685
2025-05-20 04:45:00+00:00,2721.6314881738476
2025-05-20 05:45:00+00:00,2705.0808498572214
2025-05-20 06:45:00+00:00,2729.1501280224693
2025-05-20 07:45:00+00:00,2729.2552886197345
2025-05-20 08:45:00+00:00,2712.4145963818196
2025-05-20 09:45:00+00:00,2735.4299892601116
2025-05-21 03:45:00+00:00,2760.305225422912
2025-05-21 04:45:00+00:00,2786.3920436283893
2025-05-21 05:45:00+00:00,2809.689821708236
2025-05-21 06:45:00+00:00,2782.772868026055
2025-05-21 07:45:00+00:00,2756.792108996856
2025-05-21 08:45:00+00:00,2736.532209355883
2025-05-21 09:45:00+00:00,2749.9143375936646
2025-05-22 03:45:00+00:00,2772.887262408582
2025-05-22 04:45:00+00:00,2780.5099168533943
2025-05-22 05:45:00+00:00,2805.4078087198964
2025-05-22 06:45:00+00:00,2822.7074916967595
2025-05-22 07:45:00+00:00,2784.549431477949
2025-05-22 08:45:00+00:00,2795.949459235858
2025-05-22 09:45:00+00:00,2812.6850875131954
2025-05-23 03:45:00+00:00,2809.8993824273266
2025-05-23 04:45:00+00:00,2782.147177105512
2025-05-23 05:45:00+00:00,2809.142196323168
2025-05-23 06:45:00+00:00,2825.1974233375427
2025-05-23 07:45:00+00:00,2844.78009484714
2025-05-23 08:45:00+00:00,2868.330329791734
2025-05-23 09:45:00+00:00,2866.5343692264128
2025-05-26 03:45:00+00:00,2862.4628155883224
2025-05-26 04:45:00+00:00,2887.7492727457616
2025-05-26 05:45:00+00:00,2912.0091342125816
2025-05-26 06:45:00+00:00,2910.1327490129133
2025-05-26 07:45:00+00:00,2918.247035083634
2025-05-26 08:45:00+00:00,2947.709884256802
2025-05-26 09:45:00+00:00,2976.313711884242
2025-05-27 03:45:00+00:00,2985.394701808891
2025-05-27 04:45:00+00:00,2982.113569047743
2025-05-27 05:45:00+00:00,2993.955860224446
2025-05-27 06:45:00+00:00,2967.974371154847
2025-05-27 07:45:00+00:00,2925.140723125237
2025-05-27 08:45:00+00:00,2948.081640582179
2025-05-27 09:45:00+00:00,2977.4362672027305
2025-05-28 03:45:00+00:00,2970.1168372541033
2025-05-28 04:45:00+00:00,2965.2687684707635
2025-05-28 05:45:00+00:00,2961.9616520785057
2025-05-28 06:45:00+00:00,2966.6178845560407
2025-05-28 07:45:00+00:00,2983.863198493794
2025-05-28 08:45:00+00:00,2978.2113919238273
2025-05-28 09:45:00+00:00,2966.2843145018473
2025-05-29 03:45:00+00:00,2988.10206731248
2025-05-29 04:45:00+00:00,2965.4087520981316
2025-05-29 05:45:00+00:00,2923.2574793961026
2025-05-29 06:45:00+00:00,2904.457586415989
2025-05-29 07:45:00+00:00,2877.551206639483
2025-05-29 08:45:00+00:00,2899.9824765458893
2025-05-29 09:45:00+00:00,2917.1025623593437
2025-05-30 03:45:00+00:00,2940.677197419461
2025-05-30 04:45:00+00:00,2921.5028839834945
2025-05-30 05:45:00+00:00,2919.8150116381166
2025-05-30 06:45:00+00:00,2914.0223606284267
2025-05-30 07:45:00+00:00,2922.342896115741
2025-05-30 08:45:00+00:00,2930.363396814515
2025-05-30 09:45:00+00:00,2949.1739671317578
2025-06-02 03:45:00+00:00,3001.7428941143376
2025-06-02 04:45:00+00:00,2982.378415529192
2025-06-02 05:45:00+00:00,2966.701858326836
2025-06-02 06:45:00+00:00,2977.27188559828
2025-06-02 07:45:00+00:00,2963.4538400723163
2025-06-02 08:45:00+00:00,2954.3720505772408
2025-06-02 09:45:00+00:00,2967.787855871612
2025-06-03 03:45:00+00:00,2932.38774907332
2025-06-03 04:45:00+00:00,2936.7243398717096
2025-06-03 05:45:00+00:00,2941.1729114620366
2025-06-03 06:45:00+00:00,2897.313674909532
2025-06-03 07:45:00+00:00,2923.839316409684
2025-06-03 08:45:00+00:00,2897.9904083746255
2025-06-03 09:45:00+00:00,2892.629905312713
2025-06-04 03:45:00+00:00,2926.6198106715588
2025-06-04 04:45:00+00:00,2909.6925675921793
2025-06-04 05:45:00+00:00,2906.123951454267
2025-06-04 06:45:00+00:00,2919.811919338859
2025-06-04 07:45:00+00:00,2898.2305356053002
2025-06-04 08:45:00+00:00,2913.202669710903
2025-06-04 09:45:00+00:00,2935.94804654785
2025-06-05 03:45:00+00:00,3007.08106343375
2025-06-05 04:45:00+00:00,2998.5716323147567
2025-06-05 05:45:00+00:00,3005.944038944498
2025-06-05 06:45:00+00:00,2958.6199736829008
2025-06-05 07:45:00+00:00,2945.1216988364336
2025-06-05 08:45:00+00:00,2912.3221761720365
2025-06-05 09:45:00+00:00,2894.488166406081
2025-06-06 03:45:00+00:00,2819.9397404888446
2025-06-06 04:45:00+00:00,2841.656783414699
2025-06-06 05:45:00+00:00,2858.847433448097
2025-06-06 06:45:00+00:00,2899.878401206056
2025-06-06 07:45:00+00:00,2925.017888941095
2025-06-06 08:45:00+00:00,2924.540190312696
2025-06-06 09:45:00+00:00,2934.2295847109267
2025-06-09 03:45:00+00:00,2922.585445005673
2025-06-09 04:45:00+00:00,2929.902577361667
2025-06-09 05:45:00+00:00,2934.243253880429
2025-06-09 06:45:00+00:00,2887.882007771409
2025-06-09 07:45:00+00:00,2881.6398920853517
2025-06-09 08:45:00+00:00,2876.7899166083857
2025-06-09 09:45:00+00:00,2839.4693758111675
2025-06-10 03:45:00+00:00,2851.762871788721
2025-06-10 04:45:00+00:00,2850.7023438852248
2025-06-10 05:45:00+00:00,2865.525468386718
2025-06-10 06:45:00+00:00,2893.4005568409557
2025-06-10 07:45:00+00:00,2902.0627472412743
2025-06-10 08:45:00+00:00,2921.7275317884923
2025-06-10 09:45:00+00:00,2932.803153725797
2025-06-11 03:45:00+00:00,2971.657758576154
2025-06-11 04:45:00+00:00,2989.162722664491
2025-06-11 05:45:00+00:00,2992.7327451500178
2025-06-11 06:45:00+00:00,3031.1221163797964
2025-06-11 07:45:00+00:00,3040.1887680154014
2025-06-11 08:45:00+00:00,3027.5616383449774
2025-06-11 09:45:00+00:00,3025.767987962946
2025-06-12 03:45:00+00:00,3043.2378936232626
2025-06-12 04:45:00+00:00,3025.9916939278874
2025-06-12 05:45:00+00:00,3040.184359836776
2025-06-12 06:45:00+00:00,3057.5132978923566
2025-06-12 07:45:00+00:00,3049.957294891505
2025-06-12 08:45:00+00:00,3046.0503285485456
2025-06-12 09:45:00+00:00,3020.303240212381
2025-06-13 03:45:00+00:00,3005.620754049241
2025-06-13 04:45:00+00:00,3063.827067323692
2025-06-13 05:45:00+00:00,3081.1915392202072
2025-06-13 06:45:00+00:00,3071.696487220438
2025-06-13 07:45:00+00:00,3054.8679342073533
2025-06-13 08:45:00+00:00,3049.7599293502876
2025-06-13 09:45:00+00:00,3067.696373262742
2025-06-16 03:45:00+00:00,3067.3880746122068
2025-06-16 04:45:00+00:00,3047.1400019849852
2025-06-16 05:45:00+00:00,3056.1354993533223
2025-06-16 06:45:00+00:00,3035.7508488388403
2025-06-16 07:45:00+00:00,3030.86778324955
2025-06-16 08:45:00+00:00,3057.7948804862344
2025-06-16 09:45:00+00:00,3026.323316007407
2025-06-17 03:45:00+00:00,3025.3172917588827
2025-06-17 04:45:00+00:00,3012.9642342996017
2025-06-17 05:45:00+00:00,3009.824435536928
2025-06-17 06:45:00+00:00,2950.850539931867
2025-06-17 07:45:00+00:00,2980.8022754421672
2025-06-17 08:45:00+00:00,2989.3895685085195
2025-06-17 09:45:00+00:00,2992.125645822264
2025-06-18 03:45:00+00:00,2968.3063461912852
2025-06-18 04:45:00+00:00,2976.5118573138852
2025-06-18 05:45:00+00:00,3003.341741709491
2025-06-18 06:45:00+00:00,2973.8887409591744
2025-06-18 07:45:00+00:00,2981.289218582892
2025-06-18 08:45:00+00:00,2983.993507839939
2025-06-18 09:45:00+00:00,3009.6768172239513
2025-06-19 03:45:00+00:00,3016.1343307526768
2025-06-19 04:45:00+00:00,3043.845157542893
2025-06-19 05:45:00+00:00,3056.6195511702067
2025-06-19 06:45:00+00:00,3080.717542619594
2025-06-19 07:45:00+00:00,3094.7106811246736
2025-06-19 08:45:00+00:00,3128.829452718892
2025-06-19 09:45:00+00:00,3157.825884272935
2025-06-20 03:45:00+00:00,3171.7784630308647
2025-06-20 04:45:00+00:00,3206.6707069508534
2025-06-20 05:45:00+00:00,3195.1213124954947
2025-06-20 06:45:00+00:00,3233.0992660440284
2025-06-20 07:45:00+00:00,3202.9534116663267
2025-06-20 08:45:00+00:00,3201.6171111537524
2025-06-20 09:45:00+00:00,3183.1066154697305
2025-06-23 03:45:00+00:00,3152.754517157672
2025-06-23 04:45:00+00:00,3142.7795427344536
2025-06-23 05:45:00+00:00,3162.4018646892587
2025-06-23 06:45:00+00:00,3180.350414406373
2025-06-23 07:45:00+00:00,3166.7649417857997
2025-06-23 08:45:00+00:00,3177.977495100487
2025-06-23 09:45:00+00:00,3219.437250051595
2025-06-24 03:45:00+00:00,3257.804559568502
2025-06-24 04:45:00+00:00,3225.923648841387
2025-06-24 05:45:00+00:00,3205.3368737199294
2025-06-24 06:45:00+00:00,3180.5798576407037
2025-06-24 07:45:00+00:00,3170.109756451633
2025-06-24 08:45:00+00:00,3144.479237693923
2025-06-24 09:45:00+00:00,3140.7091620455267
2025-06-25 03:45:00+00:00,3138.525049287662
2025-06-25 04:45:00+00:00,3184.1988984730447
2025-06-25 05:45:00+00:00,3175.6301573894784
2025-06-25 06:45:00+00:00,3170.484727608891
2025-06-25 07:45:00+00:00,3174.107529450456
2025-06-25 08:45:00+00:00,3164.670038969171
2025-06-25 09:45:00+00:00,3124.248669305729
2025-06-26 03:45:00+00:00,3148.1518594631148
2025-06-26 04:45:00+00:00,3135.898462935619
2025-06-26 05:45:00+00:00,3153.371597608985
2025-06-26 06:45:00+00:00,3157.7916922235663
2025-06-26 07:45:00+00:00,3134.271343243416
2025-06-26 08:45:00+00:00,3137.0660582773926
2025-06-26 09:45:00+00:00,3116.781672634681
2025-06-27 03:45:00+00:00,3143.052097662044
2025-06-27 04:45:00+00:00,3137.1629222251404
2025-06-27 05:45:00+00:00,3112.8143675847937
2025-06-27 06:45:00+00:00,3098.9459466777116
2025-06-27 07:45:00+00:00,3048.226549520435
2025-06-27 08:45:00+00:00,3070.257418576253
2025-06-27 09:45:00+00:00,3061.2654682241496
2025-06-30 03:45:00+00:00,3087.370569286022
2025-06-30 04:45:00+00:00,3097.654444166125
2025-06-30 05:45:00+00:00,3107.688504206301
2025-06-30 06:45:00+00:00,3144.569173840538
2025-06-30 07:45:00+00:00,3137.873745989941
2025-06-30 08:45:00+00:00,3136.8625239266685
2025-06-30 09:45:00+00:00,3115.2875467161766
2025-07-01 03:45:00+00:00,3150.5489010345964
2025-07-01 04:45:00+00:00,3169.6192944021705
2025-07-01 05:45:00+00:00,3156.7218323366565
2025-07-01 06:45:00+00:00,3155.3019797957913
2025-07-01 07:45:00+00:00,3127.754120197074
2025-07-01 08:45:00+00:00,3120.066274351494
2025-07-01 09:45:00+00:00,3110.073581271101
2025-07-02 03:45:00+00:00,3112.8179713947893
2025-07-02 04:45:00+00:00,3117.601109551729
2025-07-02 05:45:00+00:00,3111.346285207598
2025-07-02 06:45:00+00:00,3117.2764406212486
2025-07-02 07:45:00+00:00,3100.933619904825
2025-07-02 08:45:00+00:00,3088.643997999915
2025-07-02 09:45:00+00:00,3087.1328575663274
2025-07-03 03:45:00+00:00,3062.8812932064743
2025-07-03 04:45:00+00:00,3077.080822833769
2025-07-03 05:45:00+00:00,3087.793618522856
2025-07-03 06:45:00+00:00,3047.0949809389917
2025-07-03 07:45:00+00:00,3029.9927660613107
2025-07-03 08:45:00+00:00,2981.310051490963
2025-07-03 09:45:00+00:00,2969.9535042748216
2025-07-04 03:45:00+00:00,2973.8090806402583
2025-07-04 04:45:00+00:00,2984.730985359512
2025-07-04 05:45:00+00:00,2980.7519070238213
2025-07-04 06:45:00+00:00,3008.1047921614004
2025-07-04 07:45:00+00:00,3008.295624824678
2025-07-04 08:45:00+00:00,3017.8089298038944
2025-07-04 09:45:00+00:00,3069.9250279288963
2025-07-07 03:45:00+00:00,3055.73348950108
2025-07-07 04:45:00+00:00,3018.3844920521383
2025-07-07 05:45:00+00:00,3031.0244818786077
2025-07-07 06:45:00+00:00,2992.3671866818313
2025-07-07 07:45:00+00:00,3018.4054277708724
2025-07-07 08:45:00+00:00,3034.9725418248945
2025-07-07 09:45:00+00:00,3045.4419222731217
2025-07-08 03:45:00+00:00,3058.832784616124
2025-07-08 04:45:00+00:00,3105.5374748624286
2025-07-08 05:45:00+00:00,3096.385366508845
2025-07-08 06:45:00+00:00,3091.686770752236
2025-07-08 07:45:00+00:00,3106.45446610609
2025-07-08 08:45:00+00:00,3127.1813569129827
2025-07-08 09:45:00+00:00,3177.9526855257964
2025-07-09 03:45:00+00:00,3217.9902751827262
2025-07-09 04:45:00+00:00,3223.1742290060897
2025-07-09 05:45:00+00:00,3205.079458410938
2025-07-09 06:45:00+00:00,3198.7788075587696
2025-07-09 07:45:00+00:00,3250.824387388455
2025-07-09 08:45:00+00:00,3242.2752437669
2025-07-09 09:45:00+00:00,3251.1361155738305
2025-07-10 03:45:00+00:00,3308.0852056194376
2025-07-10 04:45:00+00:00,3330.675064239602
2025-07-10 05:45:00+00:00,3394.5012876237665
2025-07-10 06:45:00+00:00,3374.2076270122952
2025-07-10 07:45:00+00:00,3354.042983459841
2025-07-10 08:45:00+00:00,3353.1843540919012
2025-07-10 09:45:00+00:00,3338.107580694268
2025-07-11 03:45:00+00:00,3346.4986180703204
2025-07-11 04:45:00+00:00,3359.8727995467584
2025-07-11 05:45:00+00:00,3330.737590571539
2025-07-11 06:45:00+00:00,3381.7151892439156
2025-07-11 07:45:00+00:00,3392.7195208274493
2025-07-11 08:45:00+00:00,3381.974760652724
2025-07-11 09:45:00+00:00,3365.0906380651204
