Date,Close
2000-01-04,11085.503748286596
2000-01-05,11246.473344357782
2000-01-06,11334.593410301435
2000-01-07,11434.273255625874
2000-01-10,11417.431902069413
2000-01-11,11235.22149090012
2000-01-12,11262.259487782152
2000-01-13,11366.501873966296
2000-01-14,11176.085169732143
2000-01-18,11253.313932168749
2000-01-19,11463.475558711516
2000-01-20,11320.842704472945
2000-01-21,11391.597897229542
2000-01-24,11364.651653506198
2000-01-25,11505.492017780174
2000-01-26,11306.90290177391
2000-01-27,11531.01828838764
2000-01-28,11702.15232490722
2000-01-31,11858.981099177563
2000-02-01,11926.579717799515
2000-02-02,11869.013326264689
2000-02-03,11879.640452430305
2000-02-04,11634.232056085957
2000-02-07,11319.015712853752
2000-02-08,11086.989868139435
2000-02-09,11084.596503612056
2000-02-10,11037.117575017239
2000-02-11,10889.662033053572
2000-02-14,10895.293441204027
2000-02-15,10812.204373751632
2000-02-16,10720.075172633033
2000-02-17,10752.248776710378
2000-02-18,10505.898711760514
2000-02-22,10501.856775096863
2000-02-23,10490.874141921418
2000-02-24,10402.564352362442
2000-02-25,10234.120358477829
2000-02-28,10401.314682897562
2000-02-29,10508.885352724525
2000-03-01,10605.058784194953
2000-03-02,10691.597003023946
2000-03-03,10980.488154402194
2000-03-06,10832.26399470915
2000-03-07,10911.196819094062
2000-03-08,10951.037156524824
2000-03-09,10852.186218516195
2000-03-10,10645.166597202697
2000-03-13,10651.44142767008
2000-03-14,10697.737309019258
2000-03-15,10716.110995008095
2000-03-16,10645.465859164313
2000-03-17,10596.967980673451
2000-03-20,10598.951380164477
2000-03-21,10610.387608069306
2000-03-22,10660.53005152466
2000-03-23,10679.534450484687
2000-03-24,10762.088304518315
2000-03-27,10925.731831501716
2000-03-28,10717.531405666776
2000-03-29,10614.458856338368
2000-03-30,10779.847347892057
2000-03-31,10580.250856048611
2000-04-03,10518.140081198555
2000-04-04,10490.001361166644
2000-04-05,10478.521852147614
2000-04-06,10427.31936114714
2000-04-07,10623.34529802939
2000-04-10,10762.846761856494
2000-04-11,10881.9494996208
2000-04-12,11029.847481691439
2000-04-13,10917.907016392426
2000-04-14,11082.283517613745
2000-04-17,11208.95237133628
2000-04-18,11079.86966655525
2000-04-19,11063.16139047394
2000-04-20,11087.148752363515
2000-04-24,11039.401581570028
2000-04-25,11224.272612615356
2000-04-26,11430.723183636526
2000-04-27,11446.941493013239
2000-04-28,11366.562224381487
2000-05-01,11430.8178129627
2000-05-02,11531.021208734679
2000-05-03,11724.68445203383
2000-05-04,11597.657503230512
2000-05-05,11631.131577032496
2000-05-08,11314.3203656766
2000-05-09,11581.793430181342
2000-05-10,11622.359507065137
2000-05-11,11342.71596303775
2000-05-12,11285.437036670473
2000-05-15,11276.305532212067
2000-05-16,11291.127748654711
2000-05-17,11303.737936033485
2000-05-18,11081.77748864734
2000-05-19,11032.835356366002
2000-05-22,11058.98678231911
2000-05-23,10828.60582475096
2000-05-24,10697.528178096685
2000-05-25,10777.514472691666
2000-05-26,10695.468396846683
2000-05-30,10738.719717360489
2000-05-31,10587.802529170225
2000-06-01,10546.142232581698
2000-06-02,10829.312874590109
2000-06-05,10744.35651875416
2000-06-06,10550.443489014331
2000-06-07,10476.742245971629
2000-06-08,10355.042952856931
2000-06-09,10446.937813912496
2000-06-12,10431.853138464154
2000-06-13,10456.889349622686
2000-06-14,10506.131013438995
2000-06-15,10572.65910015627
2000-06-16,10524.9366880758
2000-06-19,10806.172394819234
2000-06-20,11122.945049594042
2000-06-21,11051.858538885228
2000-06-22,11023.36042273441
2000-06-23,11012.760775304978
2000-06-26,11080.314325620571
2000-06-27,10831.74709694511
2000-06-28,10733.400183957174
2000-06-29,10814.909562658067
2000-06-30,10778.323507855086
2000-07-03,10951.355286243588
2000-07-05,10898.06883196163
2000-07-06,10688.217454375415
2000-07-07,10886.026098731652
2000-07-10,10784.671205208168
2000-07-11,10816.193228586804
2000-07-12,10901.29348713873
2000-07-13,10892.598648511388
2000-07-14,10850.470042308512
2000-07-17,11003.77156097764
2000-07-18,11093.154404608307
2000-07-19,11179.024272653143
2000-07-20,11071.340382052482
2000-07-21,10859.747944466675
2000-07-24,10740.055352469952
2000-07-25,11045.967873829031
2000-07-26,11020.566731961531
2000-07-27,10944.319093425462
2000-07-28,11006.864197770255
2000-07-31,11038.445250354056
2000-08-01,11191.285149432104
2000-08-02,11325.355672608714
2000-08-03,11449.314403466304
2000-08-04,11413.571586503831
2000-08-07,11372.165310401322
2000-08-08,11526.296736799186
2000-08-09,11501.204428764406
2000-08-10,11561.84101101726
2000-08-11,11554.90895548422
2000-08-14,11565.005271464728
2000-08-15,11512.360808753188
2000-08-16,11525.628117395014
2000-08-17,11533.758795495025
2000-08-18,11526.498315860461
2000-08-21,11841.739882882437
2000-08-22,11957.822021094724
2000-08-23,12136.530478740824
2000-08-24,11932.853346635487
2000-08-25,11929.063859198579
2000-08-28,11955.89298091349
2000-08-29,12098.406328654553
2000-08-30,11876.26603055362
2000-08-31,11826.48326579329
2000-09-01,11780.832635788873
2000-09-05,11706.419643475288
2000-09-06,11704.183350956493
2000-09-07,11679.812664545787
2000-09-08,11825.807986220438
2000-09-11,11941.697034053232
2000-09-12,12034.618676072596
2000-09-13,12124.337329961401
2000-09-14,12095.834161784314
2000-09-15,12238.745118314842
2000-09-18,12398.707218497411
2000-09-19,12480.551481391167
2000-09-20,12509.025577298748
2000-09-21,12363.006073102219
2000-09-22,12102.917495474921
2000-09-25,12025.624772669613
2000-09-26,11978.327359111687
2000-09-27,11865.5560519237
2000-09-28,11798.590641449411
2000-09-29,11698.913913485934
2000-10-02,11878.457177538268
2000-10-03,12030.75378958134
2000-10-04,11984.302007631817
2000-10-05,11995.913717216945
2000-10-06,11853.024636920025
2000-10-09,11854.562256303958
2000-10-10,11658.939519065618
2000-10-11,11802.183034309915
2000-10-12,11674.77516691749
2000-10-13,11691.061389710776
2000-10-16,11650.403366311093
2000-10-17,11279.953713697672
2000-10-18,11216.6068745597
2000-10-19,11283.192183946197
2000-10-20,11234.102708084674
2000-10-23,11177.52331919618
2000-10-24,11286.087580261988
2000-10-25,11220.559968435427
2000-10-26,11162.287768225257
2000-10-27,11425.52390163742
2000-10-30,11306.900345506154
2000-10-31,11473.094694320327
2000-11-01,11512.40096763068
2000-11-02,11457.679610672038
2000-11-03,11346.778337894477
2000-11-06,11176.67247891896
2000-11-07,11129.89801520803
2000-11-08,11245.260038537837
2000-11-09,11262.237612559318
2000-11-10,11093.301781130604
2000-11-13,10982.819146917247
2000-11-14,11093.46421141108
2000-11-15,10965.260001249324
2000-11-16,10991.19757142682
2000-11-17,10963.055185089725
2000-11-20,10785.032429129715
2000-11-21,10848.209866596402
2000-11-22,10761.168884745543
2000-11-24,10885.543493510075
2000-11-27,11100.216422179703
2000-11-28,10972.557970844311
2000-11-29,10977.34298410314
2000-11-30,11058.285997626252
2000-12-01,11151.466608877025
2000-12-04,11190.08883608171
2000-12-05,10982.718623557434
2000-12-06,11139.012579671988
2000-12-07,10982.822428978929
2000-12-08,10916.31698409073
2000-12-11,10751.601656886043
2000-12-12,10759.564297534247
2000-12-13,10975.25320622895
2000-12-14,10729.210407073995
2000-12-15,10799.35238758033
2000-12-18,10829.832693102493
2000-12-19,10624.23411724759
2000-12-20,10669.96048482795
2000-12-21,11006.70313090644
2000-12-22,11024.1505035761
2000-12-26,11058.686564382984
2000-12-27,11303.496074921526
2000-12-28,11230.185135944266
2000-12-29,11250.406960613122
2001-01-02,11296.854498674382
2001-01-03,11478.795497877481
2001-01-04,11522.915768688503
2001-01-05,11488.225015878224
2001-01-08,11515.956085210435
2001-01-09,11762.132963878985
2001-01-10,11866.146796586736
2001-01-11,11975.877439359521
2001-01-12,12072.615567596826
2001-01-16,12186.891043922615
2001-01-17,12249.390282178934
2001-01-18,12487.73178158236
2001-01-19,12620.8462029895
2001-01-22,12658.500864769221
2001-01-23,12648.725843394008
2001-01-24,12988.73639785421
2001-01-25,12807.337519422776
2001-01-26,12597.352537867331
2001-01-29,12449.523090503928
2001-01-30,12506.166442018686
2001-01-31,12510.898515385328
2001-02-01,12213.864914129193
2001-02-02,12154.792598186392
2001-02-05,12358.706595797375
2001-02-06,12301.36964744714
2001-02-07,12425.671687339256
2001-02-08,12477.859682638287
2001-02-09,12738.485341846905
2001-02-12,12785.123849059566
2001-02-13,12810.422639282438
2001-02-14,12866.118992886259
2001-02-15,12797.118024118916
2001-02-16,12766.560455812552
2001-02-20,12634.256934474008
2001-02-21,12507.234293329824
2001-02-22,12574.007724103632
2001-02-23,12634.620523398427
2001-02-26,12765.693096226685
2001-02-27,12825.807760014306
2001-02-28,13073.16945421079
2001-03-01,13346.64613299491
2001-03-02,13202.059516492138
2001-03-05,13075.788438737784
2001-03-06,13114.243043029352
2001-03-07,12823.777139761805
2001-03-08,12804.67413122369
2001-03-09,12575.648826098004
2001-03-12,12585.199756714628
2001-03-13,12611.466692502985
2001-03-14,12713.910325369123
2001-03-15,12808.909590903893
2001-03-16,12975.308702684446
2001-03-19,13107.00748000159
2001-03-20,13179.301334214599
2001-03-21,13100.988289450492
2001-03-22,13236.009159898887
2001-03-23,13270.478720105502
2001-03-26,13101.75533878101
2001-03-27,12995.348473641074
2001-03-28,13037.145594730442
2001-03-29,13088.410288113933
2001-03-30,13296.445574838966
2001-04-02,13421.209029415393
2001-04-03,13445.61085005679
2001-04-04,13410.676104768805
2001-04-05,13449.43691831584
2001-04-06,13160.087251376875
2001-04-09,13187.849790327617
2001-04-10,13278.86061504128
2001-04-11,13253.795807247332
2001-04-12,13089.135332359825
2001-04-16,12951.333770836529
2001-04-17,13018.554186446838
2001-04-18,12831.017426335558
2001-04-19,12913.605456709263
2001-04-20,13202.448782071822
2001-04-23,13327.36877955133
2001-04-24,13340.877101188757
2001-04-25,13399.604636601654
2001-04-26,13704.922501193492
2001-04-27,13777.545372870303
2001-04-30,14004.03081645697
2001-05-01,13837.119541104115
2001-05-02,13987.618218078336
2001-05-03,14125.911225002148
2001-05-04,14116.954687216587
2001-05-07,14209.40641581653
2001-05-08,14296.548529783946
2001-05-09,14442.347164357529
2001-05-10,14288.38993373463
2001-05-11,14031.500180408302
2001-05-14,13871.83932867151
2001-05-15,13813.283261154776
2001-05-16,13769.089058889725
2001-05-17,13780.518142480014
2001-05-18,13836.258276203236
2001-05-21,13854.799194382327
2001-05-22,13577.037745559424
2001-05-23,13559.824182995786
2001-05-24,13641.353597248362
2001-05-25,13726.566088582109
2001-05-29,13900.182605840348
2001-05-30,14110.588948331115
2001-05-31,14050.958456903243
2001-06-01,14058.931290951708
2001-06-04,13967.018074190773
2001-06-05,14169.680838116932
2001-06-06,14060.01355934416
2001-06-07,13990.354223300159
2001-06-08,14216.771019262504
2001-06-11,13996.722582161641
2001-06-12,13865.3456963325
2001-06-13,13891.497275657763
2001-06-14,14016.87031489164
2001-06-15,13920.073600937054
2001-06-18,14058.847009245768
2001-06-19,14139.774550719247
2001-06-20,14000.798994827868
2001-06-21,14222.54646937441
2001-06-22,14149.429398816323
2001-06-25,14185.407140015452
2001-06-26,14251.388730648781
2001-06-27,13872.788345086756
2001-06-28,13936.202506240006
2001-06-29,14066.187013306902
2001-07-02,13953.35931566234
2001-07-03,13688.124764358921
2001-07-05,13743.352917187509
2001-07-06,13688.049192137809
2001-07-09,13653.234522491435
2001-07-10,13716.17558578319
2001-07-11,13544.6645535719
2001-07-12,13619.870377003168
2001-07-13,13295.000328171409
2001-07-16,13015.424449565025
2001-07-17,12889.417978235057
2001-07-18,13035.730666002952
2001-07-19,13018.642761917572
2001-07-20,13220.630443732949
2001-07-23,13089.406415072252
2001-07-24,13338.276720843858
2001-07-25,13289.632780220114
2001-07-26,13140.332956490553
2001-07-27,13355.31738317553
2001-07-30,13482.54176204752
2001-07-31,13241.70178351424
2001-08-01,13091.986479619882
2001-08-02,13214.13082754669
2001-08-03,13177.982131405606
2001-08-06,13170.567701514054
2001-08-07,13252.137400809592
2001-08-08,13330.610402086526
2001-08-09,13244.20971138189
2001-08-10,13160.794201544008
2001-08-13,13262.969188514973
2001-08-14,13443.015018472624
2001-08-15,13261.285408091751
2001-08-16,13255.130593696109
2001-08-17,13208.035134014144
2001-08-20,13310.776274629729
2001-08-21,13373.684430515119
2001-08-22,13273.623128446949
2001-08-23,13481.33428656348
2001-08-24,13546.743736756234
2001-08-27,13525.383187747846
2001-08-28,13644.699812732359
2001-08-29,13847.445852256653
2001-08-30,13861.752124899005
2001-08-31,13985.892576805501
2001-09-04,14041.857373908138
2001-09-05,13785.67865078039
2001-09-06,13690.356908485868
2001-09-07,13654.826777218013
2001-09-10,13450.255283959152
2001-09-17,13645.837894696411
2001-09-18,13642.029177405353
2001-09-19,13561.510876437389
2001-09-20,13634.513327154653
2001-09-21,13592.664928630125
2001-09-24,13801.869555511063
2001-09-25,14096.579231206499
2001-09-26,13902.701466431972
2001-09-27,14203.40351917073
2001-09-28,13988.386698599566
2001-10-01,14031.177810211859
2001-10-02,14108.225404247134
2001-10-03,13858.25484648034
2001-10-04,14200.367885599124
2001-10-05,14186.315285921131
2001-10-08,14272.85826865313
2001-10-09,14271.837998928451
2001-10-10,14271.731619996264
2001-10-11,14485.866174997309
2001-10-12,14830.229956822228
2001-10-15,14965.615034237548
2001-10-16,15106.89137374752
2001-10-17,15051.235429853643
2001-10-18,14873.662889934909
2001-10-19,14872.249538282042
2001-10-22,15005.064593749405
2001-10-23,14641.437414157592
2001-10-24,14816.276194795872
2001-10-25,14838.49810423732
2001-10-26,14783.236404281919
2001-10-29,14838.590075719305
2001-10-30,14896.891018866334
2001-10-31,14866.726371574034
2001-11-01,14941.25170372175
2001-11-02,14776.946957038159
2001-11-05,14675.584656072257
2001-11-06,14477.173639690362
2001-11-07,14699.62746161175
2001-11-08,14628.451526850598
2001-11-09,14622.092865808112
2001-11-12,14688.00082437095
2001-11-13,14749.407794513698
2001-11-14,14523.558865385181
2001-11-15,14686.398265231323
2001-11-16,14974.863223740087
2001-11-19,14872.103530243514
2001-11-20,14937.097261706818
2001-11-21,14821.318914519843
2001-11-23,14656.26221949083
2001-11-26,14481.820135954407
2001-11-27,14517.004841316104
2001-11-28,14231.358389017672
2001-11-29,14267.962488934785
2001-11-30,14221.409203197936
2001-12-03,14202.098413395579
2001-12-04,14337.13382339228
2001-12-05,14208.462805316423
2001-12-06,14197.268319323488
2001-12-07,13975.19780344458
2001-12-10,14053.36900821118
2001-12-11,14017.564510692626
2001-12-12,14059.829003343353
2001-12-13,14071.764584346518
2001-12-14,14100.299153171662
2001-12-17,14532.761124309323
2001-12-18,14505.595300918794
2001-12-19,14574.439817376517
2001-12-20,14458.863636297618
2001-12-21,14422.032889061149
2001-12-24,14393.269482643282
2001-12-26,14300.011515920412
2001-12-27,14258.936368198823
2001-12-28,14236.047985960437
2001-12-31,14018.039178565261
2002-01-02,14071.431014067632
2002-01-03,14224.270337463488
2002-01-04,14351.540377109754
2002-01-07,14368.86836690238
2002-01-08,14347.660491926637
2002-01-09,14385.010804571828
2002-01-10,14391.111811531322
2002-01-11,14624.93164328017
2002-01-14,14789.33153011358
2002-01-15,14833.246386909996
2002-01-16,14715.880276662745
2002-01-17,14766.380640642237
2002-01-18,14926.289129174816
2002-01-22,14960.37356382006
2002-01-23,14894.696717986199
2002-01-24,14965.453623373522
2002-01-25,15019.493782352492
2002-01-28,15457.651040312903
2002-01-29,15440.85221679582
2002-01-30,15386.398270365122
2002-01-31,15324.884793447469
2002-02-01,15346.30005660298
2002-02-04,15569.635174384632
2002-02-05,15619.721570912483
2002-02-06,15812.047398450904
2002-02-07,15827.195004196972
2002-02-08,15917.216843481561
2002-02-11,16313.318908952113
2002-02-12,16330.32520337283
2002-02-13,16310.56784784635
2002-02-14,16237.588350413289
2002-02-15,16312.869769441246
2002-02-19,16360.932456338367
2002-02-20,16404.28581659657
2002-02-21,16362.694115174972
2002-02-22,16153.410323856548
2002-02-25,16057.533926727083
2002-02-26,16179.463145814147
2002-02-27,16402.281057400032
2002-02-28,16347.340716878369
2002-03-01,16461.938093583278
2002-03-04,16537.0049892811
2002-03-05,16634.519658945854
2002-03-06,16378.609936558723
2002-03-07,16252.514296189562
2002-03-08,16164.803443155966
2002-03-11,16343.104678755686
2002-03-12,16272.996335160951
2002-03-13,16112.889829394064
2002-03-14,15762.88231150098
2002-03-15,15949.166767800483
2002-03-18,16123.882097837779
2002-03-19,16245.404486017065
2002-03-20,16347.638083697328
2002-03-21,16636.30900248555
2002-03-22,16805.23339187242
2002-03-25,16597.69570731723
2002-03-26,16453.955803414054
2002-03-27,16461.02390799385
2002-03-28,16532.006602989077
2002-04-01,16354.932339549201
2002-04-02,16885.50565080502
2002-04-03,16589.415066245158
2002-04-04,16453.316028696125
2002-04-05,16727.527463024522
2002-04-08,16328.987592595522
2002-04-09,16082.32626421367
2002-04-10,15731.495967781937
2002-04-11,15636.914257722025
2002-04-12,15546.759109445597
2002-04-15,15518.05953894891
2002-04-16,15611.815646390874
2002-04-17,15815.23389414997
2002-04-18,15777.11115599714
2002-04-19,15540.081173527982
2002-04-22,15152.049797098034
2002-04-23,15167.823725920402
2002-04-24,15321.665135339264
2002-04-25,15640.269640727562
2002-04-26,15803.661901572419
2002-04-29,15680.756260243306
2002-04-30,15768.863561294427
2002-05-01,15928.54433881233
2002-05-02,15752.09345133515
2002-05-03,15758.02338525631
2002-05-06,15932.195473447979
2002-05-07,16083.275659282157
2002-05-08,16280.67684283455
2002-05-09,16485.641388917942
2002-05-10,16687.541388306927
2002-05-13,16522.89681249386
2002-05-14,16871.698072858657
2002-05-15,16903.832053255966
2002-05-16,16947.517740696057
2002-05-17,17202.091321305306
2002-05-20,17167.730140657342
2002-05-21,17520.995350520716
2002-05-22,17409.52225608891
2002-05-23,17536.048935734198
2002-05-24,17515.987440817193
2002-05-28,17393.83528303643
2002-05-29,17167.910303844867
2002-05-30,17177.37876746899
2002-05-31,17074.040482364548
2002-06-03,17103.955578990364
2002-06-04,17341.002171038148
2002-06-05,17475.576801778945
2002-06-06,17604.903020212027
2002-06-07,17394.308835085223
2002-06-10,17445.231683289763
2002-06-11,17225.082044935618
2002-06-12,17590.025415347434
2002-06-13,17587.445879198527
2002-06-14,17517.46269097478
2002-06-17,17502.860627090642
2002-06-18,17868.52385141465
2002-06-19,17816.90979956012
2002-06-20,18007.41426133974
2002-06-21,18156.84595726364
2002-06-24,17817.135511194407
2002-06-25,17542.35446768387
2002-06-26,17135.37830613921
2002-06-27,16952.888754654286
2002-06-28,17299.122862416407
2002-07-01,17746.388576605743
2002-07-02,17660.84617858488
2002-07-03,17657.02573038092
2002-07-05,17471.595562247618
2002-07-08,17789.402107300608
2002-07-09,18103.18428312314
2002-07-10,18326.785855796785
2002-07-11,18527.28106967167
2002-07-12,18182.828376487156
2002-07-15,18116.371160487637
2002-07-16,18393.30799078052
2002-07-17,18697.863898456726
2002-07-18,19082.074682614282
2002-07-19,19067.691492471215
2002-07-22,18868.408354677245
2002-07-23,18734.515726344955
2002-07-24,19028.28817120806
2002-07-25,19305.242042944195
2002-07-26,19346.418014661278
2002-07-29,19254.62517096376
2002-07-30,19103.898993142393
2002-07-31,18958.126776226552
2002-08-01,18755.528459868605
2002-08-02,18405.165288227057
2002-08-05,18211.61466162427
2002-08-06,17759.70889153951
2002-08-07,17765.292937729155
2002-08-08,17303.679415212602
2002-08-09,17415.04897161308
2002-08-12,17395.47703800016
2002-08-13,17206.446292901164
2002-08-14,16749.30050322719
2002-08-15,17119.036899925264
2002-08-16,17230.37327401506
2002-08-19,17417.451171679855
2002-08-20,17428.806157885705
2002-08-21,17711.366675657206
2002-08-22,17821.16003957545
2002-08-23,18057.697987927422
2002-08-26,18279.298640996923
2002-08-27,18199.363886399144
2002-08-28,18170.36842894025
2002-08-29,18182.459873668995
2002-08-30,18119.282204159954
2002-09-03,17893.88416361698
2002-09-04,17763.486445029634
2002-09-05,17673.10203061482
2002-09-06,17602.64400029953
2002-09-09,17819.06049612388
2002-09-10,17143.857917693334
2002-09-11,16852.391926377033
2002-09-12,16667.773792140684
2002-09-13,16751.5652984223
2002-09-16,16596.00084220162
2002-09-17,16801.662225907065
2002-09-18,16818.69075839463
2002-09-19,16711.852558162107
2002-09-20,16755.966874145684
2002-09-23,16778.01752093795
2002-09-24,16390.956716027777
2002-09-25,16432.10650910335
2002-09-26,16423.589136432045
2002-09-27,16569.440554773017
2002-09-30,16615.90911981092
2002-10-01,16466.127147128445
2002-10-02,16406.289250051468
2002-10-03,16750.11927957059
2002-10-04,16631.588802174956
2002-10-07,16304.563055164865
2002-10-08,16099.906152801846
2002-10-09,15874.545359387688
2002-10-10,15715.345834336293
2002-10-11,15467.194521303847
2002-10-14,15514.149665191198
2002-10-15,15558.256841744029
2002-10-16,15496.386142397565
2002-10-17,15579.065790088964
2002-10-18,15837.278606885619
2002-10-21,16142.282321417253
2002-10-22,15788.823500887474
2002-10-23,15752.401641067867
2002-10-24,16105.971333639804
2002-10-25,16324.509245282645
2002-10-28,16211.449107152963
2002-10-29,16401.634051265723
2002-10-30,16766.52266375668
2002-10-31,16828.20124177092
2002-11-01,16825.467593604186
2002-11-04,16790.77306305912
2002-11-05,16585.840382289818
2002-11-06,16591.92997252326
2002-11-07,16799.071836617753
2002-11-08,17040.91396521576
2002-11-11,16680.681863057634
2002-11-12,16606.60600866912
2002-11-13,16413.558010983175
2002-11-14,16183.942355689389
2002-11-15,16412.94645102953
2002-11-18,16598.311593952083
2002-11-19,16802.17870020558
2002-11-20,16541.682572568057
2002-11-21,16774.627983426763
2002-11-22,16683.358346505982
2002-11-25,16747.757508952334
2002-11-26,16849.22799159732
2002-11-27,16948.901964346678
2002-11-29,17037.96603037618
2002-12-02,16986.859763674558
2002-12-03,17156.058128445464
2002-12-04,17287.809846630615
2002-12-05,16868.223955191163
2002-12-06,16810.39124019764
2002-12-09,16986.385869319285
2002-12-10,16775.114996941764
2002-12-11,16952.79172018493
2002-12-12,16767.11374824598
2002-12-13,16851.414701514816
2002-12-16,16795.691798070002
2002-12-17,16760.354977628063
2002-12-18,17114.898480754353
2002-12-19,17135.165907322375
2002-12-20,16932.40715789926
2002-12-23,17051.32335372143
2002-12-24,17145.64455400641
2002-12-26,16834.330692861517
2002-12-27,16735.146938836624
2002-12-30,16748.644720880366
2002-12-31,17168.764665246847
2003-01-02,17049.252141206474
2003-01-03,17085.400062886893
2003-01-06,17125.06613606177
2003-01-07,16837.455551594936
2003-01-08,17048.5101943217
2003-01-09,17290.85680978626
2003-01-10,17368.913570852586
2003-01-13,17637.515073630882
2003-01-14,17761.505738858606
2003-01-15,17862.6899060099
2003-01-16,17940.781280367097
2003-01-17,17819.839087819037
2003-01-21,17693.970217401104
2003-01-22,17838.72195227655
2003-01-23,17671.9168416434
2003-01-24,17833.11099115524
2003-01-27,17895.77642075456
2003-01-28,18139.23809140055
2003-01-29,18072.749566647406
2003-01-30,18254.39586652038
2003-01-31,18111.8710508487
2003-02-03,18307.15510458447
2003-02-04,18227.049630667305
2003-02-05,18213.548268533516
2003-02-06,18000.101948321975
2003-02-07,18178.76098843483
2003-02-10,18028.57174477059
2003-02-11,17944.585611805334
2003-02-12,18026.119349226912
2003-02-13,17768.810951955293
2003-02-14,17597.73924284408
2003-02-18,17629.38260641863
2003-02-19,17678.7821897793
2003-02-20,17853.735597424104
2003-02-21,17812.76676845788
2003-02-24,17509.044545881727
2003-02-25,17735.989970349354
2003-02-26,17614.48115865783
2003-02-27,17746.69314950864
2003-02-28,17699.821838408632
2003-03-03,17789.317510089364
2003-03-04,17240.69490821554
2003-03-05,17417.81388314063
2003-03-06,17523.469137056105
2003-03-07,17892.69732786208
2003-03-10,17590.071155568658
2003-03-11,17821.741339610202
2003-03-12,17518.717129080753
2003-03-13,17734.687734393094
2003-03-14,17775.14204077338
2003-03-17,17655.607310321513
2003-03-18,17790.303529754685
2003-03-19,17577.469964270265
2003-03-20,17110.858620517207
2003-03-21,17288.62379374126
2003-03-24,17358.675715105885
2003-03-25,17363.15182824204
2003-03-26,17572.971651134605
2003-03-27,17670.117105736357
2003-03-28,17550.603196102926
2003-03-31,17592.288302856075
2003-04-01,17266.4476240056
2003-04-02,17474.58646836055
2003-04-03,17229.10580487747
2003-04-04,17390.81595477512
2003-04-07,17693.463181925425
2003-04-08,17689.68400183277
2003-04-09,18002.258716289427
2003-04-10,17745.267530723653
2003-04-11,17899.310618193205
2003-04-14,18050.212193650048
2003-04-15,18612.967148121206
2003-04-16,18687.19065972182
2003-04-17,18633.86036300239
2003-04-21,18562.317383818965
2003-04-22,18811.76746139286
2003-04-23,18550.66321010363
2003-04-24,18382.650440033547
2003-04-25,18387.55625817333
2003-04-28,18251.65927375014
2003-04-29,18498.706200059838
2003-04-30,18296.706030156707
2003-05-01,18043.91753754218
2003-05-02,18047.47737131706
2003-05-05,18626.073573039972
2003-05-06,18648.656726652556
2003-05-07,18608.861390481175
2003-05-08,19010.919630581313
2003-05-09,18925.611695895623
2003-05-12,18501.02464488142
2003-05-13,18430.39349711113
2003-05-14,18418.819675904557
2003-05-15,18465.93213863945
2003-05-16,18882.268732850258
2003-05-19,18950.012526022187
2003-05-20,19100.45236816217
2003-05-21,19109.16350225107
2003-05-22,19148.98759715091
2003-05-23,18841.98775758293
2003-05-27,18805.659422948363
2003-05-28,18824.160158093488
2003-05-29,19023.509052125966
2003-05-30,18849.994909582387
2003-06-02,18625.526992966945
2003-06-03,18520.16188587462
2003-06-04,18147.721389929822
2003-06-05,18521.26948489498
2003-06-06,18622.825332582208
2003-06-09,18954.419628540425
2003-06-10,19119.816183876505
2003-06-11,19043.21386985708
2003-06-12,19123.120837617287
2003-06-13,18582.54551718726
2003-06-16,18332.336859223928
2003-06-17,18117.59756711434
2003-06-18,18175.842947910885
2003-06-19,18523.216094896503
2003-06-20,18723.70111227503
2003-06-23,18906.716256567866
2003-06-24,19180.83239827095
2003-06-25,19118.28427235005
2003-06-26,19197.375029367366
2003-06-27,19376.770989549666
2003-06-30,19066.179046914178
2003-07-01,18699.27905306812
2003-07-02,18599.146165321046
2003-07-03,18644.90437834908
2003-07-07,18662.651196329563
2003-07-08,18627.38604085205
2003-07-09,18776.847417793975
2003-07-10,19098.854390165077
2003-07-11,19349.728333620038
2003-07-14,19025.259098094866
2003-07-15,19382.805175099707
2003-07-16,19548.653045678504
2003-07-17,19691.89502855906
2003-07-18,19627.337379757926
2003-07-21,19516.15050151643
2003-07-22,19619.921138345133
2003-07-23,19947.841301456017
2003-07-24,19899.702401974035
2003-07-25,20072.588531512418
2003-07-28,19931.290520044
2003-07-29,20273.94727007877
2003-07-30,20175.740146452223
2003-07-31,20598.636840751195
2003-08-01,20665.19039285501
2003-08-04,20984.017411697652
2003-08-05,20882.620178022386
2003-08-06,20705.706973955006
2003-08-07,21101.651065138583
2003-08-08,20884.408610205493
2003-08-11,20586.121275003872
2003-08-12,20917.854180190257
2003-08-13,20968.41915604529
2003-08-14,21284.55394047907
2003-08-15,21325.458458053094
2003-08-18,21625.135340623554
2003-08-19,20936.60285733911
2003-08-20,20588.588241968326
2003-08-21,20716.97605524801
2003-08-22,20958.043533509222
2003-08-25,20714.05882377647
2003-08-26,20884.395314541125
2003-08-27,21386.285101592184
2003-08-28,20925.658959707784
2003-08-29,21140.059869208795
2003-09-02,21020.587041532017
2003-09-03,21128.4511323781
2003-09-04,21197.321588432103
2003-09-05,21508.208839032817
2003-09-08,21820.97540033115
2003-09-09,21942.092064935438
2003-09-10,21931.96594294174
2003-09-11,21992.158622442064
2003-09-12,21991.37207490856
2003-09-15,21836.11930087706
2003-09-16,21857.49566419485
2003-09-17,21715.041630689793
2003-09-18,21921.04231768394
2003-09-19,21642.59712299926
2003-09-22,21467.36264481046
2003-09-23,21305.06544549241
2003-09-24,21521.573467671704
2003-09-25,21696.681398141933
2003-09-26,21313.545675322213
2003-09-29,21430.969214412038
2003-09-30,21056.039820914582
2003-10-01,20836.921997060283
2003-10-02,20803.86572792493
2003-10-03,20603.78188831613
2003-10-06,20483.112650057697
2003-10-07,20144.97322039117
2003-10-08,20216.04499473873
2003-10-09,20581.23188796248
2003-10-10,20662.904827344784
2003-10-13,21103.422172282862
2003-10-14,20767.95790548166
2003-10-15,20855.10540244492
2003-10-16,20593.00318801881
2003-10-17,20713.179314864992
2003-10-20,20730.538553811726
2003-10-21,20369.331940264383
2003-10-22,20507.025061851375
2003-10-23,20454.986785392215
2003-10-24,19978.77229254948
2003-10-27,19861.92493064844
2003-10-28,19813.81267178769
2003-10-29,19664.793157979657
2003-10-30,19640.156494985284
2003-10-31,19300.75085790319
2003-11-03,19783.657196000957
2003-11-04,19736.83540329089
2003-11-05,19759.689017131284
2003-11-06,19808.529035442276
2003-11-07,19687.824774593533
2003-11-10,19543.80825908276
2003-11-11,19198.869329621873
2003-11-12,19805.635650490934
2003-11-13,19950.06558565002
2003-11-14,20311.234437798284
2003-11-17,20020.876033332275
2003-11-18,19773.86044122779
2003-11-19,19164.33087638917
2003-11-20,19128.703345452224
2003-11-21,19092.48921159687
2003-11-24,19053.982726759248
2003-11-25,19027.378053192708
2003-11-26,19119.351274163306
2003-11-28,19358.636973900968
2003-12-01,19298.413259468594
2003-12-02,19370.485642158055
2003-12-03,19428.08623792346
2003-12-04,19639.996956947733
2003-12-05,19790.481295201193
2003-12-08,19745.314618737877
2003-12-09,19889.60345576008
2003-12-10,19813.481785343156
2003-12-11,19875.674402255685
2003-12-12,19934.332674007037
2003-12-15,19621.915242032203
2003-12-16,19577.698133413727
2003-12-17,19513.38339798188
2003-12-18,19432.105039863905
2003-12-19,19367.095426837077
2003-12-22,19874.523832129693
2003-12-23,19997.292888047454
2003-12-24,20146.111544543943
2003-12-26,20088.123304134922
2003-12-29,19973.797394434594
2003-12-30,19960.770141108245
2003-12-31,20078.462080923386
2004-01-02,20353.88215270244
2004-01-05,19978.78880938876
2004-01-06,20321.043206076174
2004-01-07,20467.113975624434
2004-01-08,20258.715210299284
2004-01-09,20190.059782615506
2004-01-12,20230.704145698695
2004-01-13,19327.36065969866
2004-01-14,19669.77953832561
2004-01-15,19922.128056960657
2004-01-16,19739.926342994087
2004-01-20,19466.39211497072
2004-01-21,19517.00057923181
2004-01-22,20091.699839833444
2004-01-23,19954.262269792158
2004-01-26,20031.23674433826
2004-01-27,19626.64706738257
2004-01-28,19127.187099792314
2004-01-29,19489.093399228925
2004-01-30,19305.76104737536
2004-02-02,19599.971269926216
2004-02-03,19908.233429476517
2004-02-04,19588.10543369551
2004-02-05,19839.037301255343
2004-02-06,19785.596723391234
2004-02-09,20170.309127111646
2004-02-10,20389.387475950345
2004-02-11,20460.02596636329
2004-02-12,20577.249380446603
2004-02-13,20591.808227373007
2004-02-17,20903.58122798525
2004-02-18,21152.890998707328
2004-02-19,21338.626481314743
2004-02-20,20939.444933113202
2004-02-23,21170.689083758167
2004-02-24,21207.284095178013
2004-02-25,21242.821849546734
2004-02-26,21062.692587656857
2004-02-27,21421.305700631052
2004-03-01,21172.39282445048
2004-03-02,21283.587536420364
2004-03-03,21285.663317650524
2004-03-04,21102.325870158213
2004-03-05,20995.62324990557
2004-03-08,20842.94811215469
2004-03-09,20806.955184219154
2004-03-10,20459.632549690155
2004-03-11,20708.025645054335
2004-03-12,20714.886621576654
2004-03-15,20918.82297252503
2004-03-16,20812.10359533594
2004-03-17,20546.991850880564
2004-03-18,20492.386892550825
2004-03-19,20427.033879647643
2004-03-22,20105.21716764837
2004-03-23,20300.935257302306
2004-03-24,20598.40821722852
2004-03-25,20629.83216798434
2004-03-26,20815.303378147022
2004-03-29,20776.42805976733
2004-03-30,20613.876157342096
2004-03-31,20718.40872423316
2004-04-01,20774.15468188246
2004-04-02,20367.05513326304
2004-04-05,20274.30880667446
2004-04-06,20276.781822895337
2004-04-07,20320.021018013453
2004-04-08,20747.019897891867
2004-04-12,20743.597798174218
2004-04-13,21548.445715098955
2004-04-14,21826.11365699095
2004-04-15,21953.061529279956
2004-04-16,22489.76674658737
2004-04-19,22232.788001239456
2004-04-20,22346.27158440754
2004-04-21,22659.329997813686
2004-04-22,23069.080179798366
2004-04-23,23124.789580645574
2004-04-26,22931.788656190052
2004-04-27,22855.08051135902
2004-04-28,22760.16649650503
2004-04-29,22510.131209591527
2004-04-30,22531.046816186343
2004-05-03,22512.235644535693
2004-05-04,23095.46170876233
2004-05-05,23082.539595749942
2004-05-06,23067.154403259323
2004-05-07,22968.707676693593
2004-05-10,22707.01666733938
2004-05-11,22650.839895035082
2004-05-12,22072.612449084627
2004-05-13,21676.575656472367
2004-05-14,21744.325774605248
2004-05-17,21492.269532496324
2004-05-18,21701.454300327994
2004-05-19,22433.85143364082
2004-05-20,22249.965443487974
2004-05-21,21915.95786793427
2004-05-24,21854.62045151989
2004-05-25,21740.82240355211
2004-05-26,21434.375621539853
2004-05-27,21379.907181807568
2004-05-28,21690.58200810742
2004-06-01,21922.520979123696
2004-06-02,22265.058226818008
2004-06-03,23076.746927128108
2004-06-04,22814.830792890334
2004-06-07,23208.450391671417
2004-06-08,23129.712537496787
2004-06-09,22933.258360977157
2004-06-10,22874.270607349274
2004-06-14,22559.623799746285
2004-06-15,22892.726899963538
2004-06-16,23226.362146222753
2004-06-17,23483.923826024995
2004-06-18,22528.420913025013
2004-06-21,22650.08595802193
2004-06-22,22753.534293662487
2004-06-23,22809.164597088053
2004-06-24,22732.029712083193
2004-06-25,22773.373540922326
2004-06-28,22881.115008354413
2004-06-29,22437.99482215768
2004-06-30,22368.069187149056
2004-07-01,21908.452427323264
2004-07-02,21715.98272760171
2004-07-06,21626.953325153227
2004-07-07,22112.178426288287
2004-07-08,22040.36508321112
2004-07-09,22336.07264069394
2004-07-12,22552.785395252038
2004-07-13,22395.703603790073
2004-07-14,22163.000174571236
2004-07-15,22323.691994483626
2004-07-16,21871.79130779123
2004-07-19,22193.95597078699
2004-07-20,22016.112622659315
2004-07-21,22074.322882106593
2004-07-22,22068.561315602794
2004-07-23,22457.337173602067
2004-07-26,21828.76680828084
2004-07-27,22050.527885491734
2004-07-28,22196.943334196698
2004-07-29,21759.54351146708
2004-07-30,21427.94945288436
2004-08-02,21171.10555077464
2004-08-03,21123.59148710863
2004-08-04,21385.08490539601
2004-08-05,21165.198632007894
2004-08-06,21114.1204077847
2004-08-09,20816.857774278345
2004-08-10,20561.312334896844
2004-08-11,20711.156920261637
2004-08-12,20584.987290188274
2004-08-13,20377.475281550403
2004-08-16,20517.409377705895
2004-08-17,20824.00445780596
2004-08-18,21009.644024917892
2004-08-19,20557.239505696085
2004-08-20,20871.552048887508
2004-08-23,20931.02910178577
2004-08-24,21207.251705498522
2004-08-25,21291.206872410177
2004-08-26,21653.97210603947
2004-08-27,21562.10968399588
2004-08-30,21847.294385687637
2004-08-31,21954.565045262923
2004-09-01,22307.29752951507
2004-09-02,22782.66998845253
2004-09-03,22801.141687440508
2004-09-07,23136.09055185694
2004-09-08,23235.5023323126
2004-09-09,23450.901730298734
2004-09-10,23041.21422548156
2004-09-13,23133.03950628701
2004-09-14,23016.751904014607
2004-09-15,23251.10677184204
2004-09-16,23555.878918667866
2004-09-17,23635.273031364613
2004-09-20,24061.185887532796
2004-09-21,23858.96035596799
2004-09-22,24340.902579705406
2004-09-23,24206.325979047266
2004-09-24,23631.93595353661
2004-09-27,23333.613203319313
2004-09-28,23447.41145900677
2004-09-29,23316.063110213825
2004-09-30,23315.551910309416
2004-10-01,23371.598817316488
2004-10-04,23771.787705926956
2004-10-05,24055.338530355537
2004-10-06,23567.216594649166
2004-10-07,23371.946285451235
2004-10-08,23140.220050500844
2004-10-11,23147.884927436902
2004-10-12,23026.547354655424
2004-10-13,23198.6456938024
2004-10-14,23627.540799882354
2004-10-15,23870.686644517853
2004-10-18,23877.541666532714
2004-10-19,24368.581742936538
2004-10-20,24239.578349973508
2004-10-21,24329.147920282274
2004-10-22,24354.021976798624
2004-10-25,24428.5266738918
2004-10-26,24651.820643085077
2004-10-27,24304.13548056856
2004-10-28,23995.392752851058
2004-10-29,24163.909694415124
2004-11-01,24459.948786613426
2004-11-02,25085.539612529963
2004-11-03,24835.448663743726
2004-11-04,25286.99431027535
2004-11-05,24750.05396157268
2004-11-08,25039.072245706535
2004-11-09,25067.491043821774
2004-11-10,24722.55998565867
2004-11-11,25294.695662381353
2004-11-12,25093.296329673143
2004-11-15,25350.884540582116
2004-11-16,25513.131139359644
2004-11-17,24954.798529548672
2004-11-18,24828.913003295056
2004-11-19,24985.30935001983
2004-11-22,24829.614946309357
2004-11-23,24704.050709565105
2004-11-24,24625.594119843514
2004-11-26,25084.681193729346
2004-11-29,25616.033137802464
2004-11-30,25566.042451084977
2004-12-01,25677.229007705544
2004-12-02,25926.679810554575
2004-12-03,26081.24023935455
2004-12-06,25831.286403513237
2004-12-07,26477.05554696712
2004-12-08,26289.1634024504
2004-12-09,25554.74337870574
2004-12-10,25156.249714108784
2004-12-13,25167.56909995319
2004-12-14,25150.779099740597
2004-12-15,25102.326656474557
2004-12-16,25309.526941431835
2004-12-17,25421.000795266293
2004-12-20,25619.191936652383
2004-12-21,25209.149705696906
2004-12-22,24913.945084115767
2004-12-23,24946.323792513696
2004-12-27,24843.983110394893
2004-12-28,25289.43228295596
2004-12-29,25747.33902858212
2004-12-30,25550.13935713292
2004-12-31,25596.914502832933
2005-01-03,25398.06883318843
2005-01-04,25420.99407938577
2005-01-05,25208.548511369434
2005-01-06,25260.751208794638
2005-01-07,25498.827401180548
2005-01-10,25447.769417063355
2005-01-11,25556.311229299765
2005-01-12,26046.02123554204
2005-01-13,26007.871796098
2005-01-14,25938.908169955255
2005-01-18,25749.107272108835
2005-01-19,26276.832841628715
2005-01-20,25638.030151685092
2005-01-21,25950.934774003646
2005-01-24,25577.753069561062
2005-01-25,25852.916900110715
2005-01-26,25852.82694732558
2005-01-27,25989.658472206353
2005-01-28,25922.295433276893
2005-01-31,25874.623347893896
2005-02-01,26057.355972417732
2005-02-02,25716.848067428215
2005-02-03,25361.263047026237
2005-02-04,25565.87086308189
2005-02-07,25338.552047136713
2005-02-08,25696.160360035352
2005-02-09,26038.39620918811
2005-02-10,26038.61686092298
2005-02-11,25975.352883601172
2005-02-14,26180.778418852726
2005-02-15,26421.320208528858
2005-02-16,26318.033750800983
2005-02-17,26486.45502339232
2005-02-18,26785.4635148933
2005-02-22,27012.958566630212
2005-02-23,26799.81241999235
2005-02-24,26871.446174985682
2005-02-25,27396.841638487243
2005-02-28,27529.311215572478
2005-03-01,27645.49116056998
2005-03-02,27677.550796427815
2005-03-03,27435.000789192087
2005-03-04,27747.23149981012
2005-03-07,27615.618999929764
2005-03-08,27761.698066800083
2005-03-09,28063.754220692554
2005-03-10,27587.078772382323
2005-03-11,27376.71806152873
2005-03-14,27266.068120207958
2005-03-15,27079.811023685845
2005-03-16,26883.402252218988
2005-03-17,26962.89804981232
2005-03-18,27191.41357265967
2005-03-21,27115.83882519031
2005-03-22,27166.743248285118
2005-03-23,27221.622028445534
2005-03-24,27206.27231706601
2005-03-28,26998.823148995132
2005-03-29,27023.031024117245
2005-03-30,26967.447867300216
2005-03-31,26992.547649063283
2005-04-01,27149.028416693578
2005-04-04,27070.816463962583
2005-04-05,26905.75695033708
2005-04-06,26647.4216554851
2005-04-07,26935.396636818037
2005-04-08,26765.412365479933
2005-04-11,26844.543263515545
2005-04-12,26710.35507508271
2005-04-13,26265.56831502606
2005-04-14,26082.7721829922
2005-04-15,26445.22335867606
2005-04-18,26520.601898964363
2005-04-19,26558.32183168556
2005-04-20,26828.035076824566
2005-04-21,26616.112734710063
2005-04-22,26104.465257027485
2005-04-25,26036.308691024842
2005-04-26,26350.46912603901
2005-04-27,26402.04643818178
2005-04-28,26434.29713167158
2005-04-29,26537.91683822384
2005-05-02,26564.34248349492
2005-05-03,26547.229522192294
2005-05-04,26520.67728473433
2005-05-05,26736.149649327042
2005-05-06,27023.239363300385
2005-05-09,27162.423724027874
2005-05-10,27093.932184316072
2005-05-11,27418.707614025938
2005-05-12,27454.108640750423
2005-05-13,27182.09347272689
2005-05-16,27086.078528516155
2005-05-17,26683.206680244322
2005-05-18,26694.757278407644
2005-05-19,26027.238474493584
2005-05-20,26228.98004973735
2005-05-23,26529.345751703837
2005-05-24,26662.857444845475
2005-05-25,26494.61161066472
2005-05-26,26579.260283340176
2005-05-27,26486.883656290305
2005-05-31,26479.800042592145
2005-06-01,26678.026942800097
2005-06-02,26519.042452761394
2005-06-03,26362.339384232993
2005-06-06,26505.96114885423
2005-06-07,26439.723554334352
2005-06-08,26374.95762966611
2005-06-09,26127.750489044218
2005-06-10,26078.591023228168
2005-06-13,26094.174199303518
2005-06-14,26028.3275014089
2005-06-15,25503.395382895716
2005-06-16,25115.53521121434
2005-06-17,25229.816972579778
2005-06-20,25159.09043753792
2005-06-21,25092.483334590124
2005-06-22,25229.626739344974
2005-06-23,25168.31480532937
2005-06-24,25448.702767361912
2005-06-27,25335.050813994872
2005-06-28,25384.08855981641
2005-06-29,25211.016073294242
2005-06-30,25267.527717592915
2005-07-01,25556.679118169126
2005-07-05,25194.54471450529
2005-07-06,25593.064237923416
2005-07-07,25820.07466523685
2005-07-08,26308.05449691449
2005-07-11,26147.53276558844
2005-07-12,26072.64331786794
2005-07-13,25869.39563198347
2005-07-14,26231.625710426382
2005-07-15,26601.109799204576
2005-07-18,26773.269971423906
2005-07-19,27635.224521034434
2005-07-20,27331.592298621108
2005-07-21,27377.359202827934
2005-07-22,27190.87013585377
2005-07-25,27130.472503343568
2005-07-26,26800.83136085191
2005-07-27,26372.22162234946
2005-07-28,26260.58538420441
2005-07-29,26591.54797064108
2005-08-01,26065.833470679365
2005-08-02,26455.741193613794
2005-08-03,26918.66759641703
2005-08-04,26881.783543364265
2005-08-05,27051.843003825405
2005-08-08,27236.001613687702
2005-08-09,26791.641776380126
2005-08-10,26501.21564512786
2005-08-11,26383.531075185136
2005-08-12,26756.224309886587
2005-08-15,27594.866708845275
2005-08-16,28057.365750563178
2005-08-17,27801.296965900463
2005-08-18,28161.985033396348
2005-08-19,28351.132633133042
2005-08-22,28537.90485350459
2005-08-23,28113.08477821826
2005-08-24,27868.555044339955
2005-08-25,27811.40223977197
2005-08-26,28237.529312384795
2005-08-29,28384.222433618877
2005-08-30,29058.50598357067
2005-08-31,29574.948030551044
2005-09-01,29509.85259875775
2005-09-02,30250.52669535048
2005-09-06,29886.60592588366
2005-09-07,29877.02937986123
2005-09-08,30295.58330303929
2005-09-09,30577.333625758954
2005-09-12,30192.514961004654
2005-09-13,30285.46216288853
2005-09-14,29872.790308522355
2005-09-15,30120.303922512543
2005-09-16,30137.41460184109
2005-09-19,30090.93096958396
2005-09-20,30544.702465286504
2005-09-21,30037.19892129592
2005-09-22,30010.847589571305
2005-09-23,29406.087754766697
2005-09-26,30109.15292088469
2005-09-27,30468.751974126444
2005-09-28,30047.982982445945
2005-09-29,30330.896373760337
2005-09-30,30106.526437411212
2005-10-03,29903.87039649018
2005-10-04,30658.917790239444
2005-10-05,31020.86356450584
2005-10-06,31378.558785453315
2005-10-07,31333.65655306626
2005-10-10,31001.284468193815
2005-10-11,30912.058440768902
2005-10-12,30866.861919253734
2005-10-13,29724.48003170381
2005-10-14,29839.677359865484
2005-10-17,30308.409619742117
2005-10-18,29590.514141231175
2005-10-19,29027.155558112903
2005-10-20,29498.422533756282
2005-10-21,29111.609000654047
2005-10-24,29166.57386699631
2005-10-25,29085.288942886138
2005-10-26,29945.294108331767
2005-10-27,29527.693356731885
2005-10-28,29724.584195733583
2005-10-31,29892.52185049758
2005-11-01,30123.463580854
2005-11-02,30868.628175065533
2005-11-03,30655.50554011301
2005-11-04,30659.323250499056
2005-11-07,30962.25033490268
2005-11-08,30812.994830696738
2005-11-09,30862.884840523395
2005-11-10,30913.610233623025
2005-11-11,30995.923363871174
2005-11-14,31258.68585217858
2005-11-15,31185.651673316137
2005-11-16,31060.79617125328
2005-11-17,30817.16476581954
2005-11-18,30639.62790246281
2005-11-21,30893.23221515321
2005-11-22,31161.579504443453
2005-11-23,30896.958691358057
2005-11-25,30670.282810791472
2005-11-28,30928.418020809302
2005-11-29,31382.112063761248
2005-11-30,31678.024621023356
2005-12-01,31878.071956886946
2005-12-02,31732.798352863447
2005-12-05,32133.059949252067
2005-12-06,32176.296183589533
2005-12-07,32461.076327793256
2005-12-08,32195.982244104023
2005-12-09,31918.440130908428
2005-12-12,32747.02561044769
2005-12-13,33221.23768076181
2005-12-14,33851.64359962434
2005-12-15,34410.352823085625
2005-12-16,34756.81948470277
2005-12-19,35282.08274294424
2005-12-20,35788.2214704172
2005-12-21,36205.77501176209
2005-12-22,35738.46087986443
2005-12-23,35072.261003558626
2005-12-27,35186.52065159347
2005-12-28,35543.22730136357
2005-12-29,35410.60940363177
2005-12-30,35600.32480333344
2006-01-03,35111.2055508184
2006-01-04,35005.513583538595
2006-01-05,35564.39953466859
2006-01-06,35833.50260084546
2006-01-09,35471.8773751794
2006-01-10,35005.95812578191
2006-01-11,34732.512784958606
2006-01-12,33850.10312640483
2006-01-13,33506.61622811295
2006-01-17,33188.59338847393
2006-01-18,34217.41374316716
2006-01-19,34591.8759586397
2006-01-20,34376.51528998148
2006-01-23,33900.629548531535
2006-01-24,33371.4006412643
2006-01-25,33516.5161465567
2006-01-26,33731.55700475806
2006-01-27,33507.0500413651
2006-01-30,33930.21100844674
2006-01-31,33473.477169266196
2006-02-01,33538.06837427102
2006-02-02,33574.558994497864
2006-02-03,33524.84720025819
2006-02-06,34187.47774882821
2006-02-07,35152.23433936789
2006-02-08,35111.90656847929
2006-02-09,35224.11787233983
2006-02-10,35421.40435738696
2006-02-13,35028.726387446164
2006-02-14,34967.14495668373
2006-02-15,35526.49990079467
2006-02-16,36115.18959520651
2006-02-17,36425.65680592728
2006-02-21,35993.81275518487
2006-02-22,36236.3845373019
2006-02-23,37200.10482357347
2006-02-24,36382.36183278798
2006-02-27,36907.05450159017
2006-02-28,36764.011804368165
2006-03-01,37281.91997418098
2006-03-02,36626.94241105858
2006-03-03,36153.240000110294
2006-03-06,35680.72121941611
2006-03-07,35756.74167740845
2006-03-08,35574.884482815265
2006-03-09,35682.57799165629
2006-03-10,35286.6352213366
2006-03-13,34890.62578590956
2006-03-14,34973.344044565434
2006-03-15,34556.086577676564
2006-03-16,34324.58334101073
2006-03-17,34315.069721802785
2006-03-20,34441.385108850096
2006-03-21,34441.887265811325
2006-03-22,34497.88001404113
2006-03-23,34358.09693755148
2006-03-24,34339.289624700505
2006-03-27,34623.872111017736
2006-03-28,34815.67781913904
2006-03-29,35223.11438525294
2006-03-30,34868.308297091375
2006-03-31,35120.65515692666
2006-04-03,34839.547938856645
2006-04-04,34520.975457933564
2006-04-05,34582.95239932074
2006-04-06,34466.84050219472
2006-04-07,34140.524820735154
2006-04-10,34166.094187858114
2006-04-11,34495.30091978832
2006-04-12,34980.979884399196
2006-04-13,34655.85051927488
2006-04-17,34483.59514616806
2006-04-18,35079.016389835626
2006-04-19,35129.68456101156
2006-04-20,35153.616883540206
2006-04-21,34865.942808338514
2006-04-24,34618.15222984702
2006-04-25,34310.27652778032
2006-04-26,33791.63128568227
2006-04-27,33739.08590543897
2006-04-28,33680.711225624196
2006-05-01,34046.948518912075
2006-05-02,34545.068343804975
2006-05-03,34255.55689144174
2006-05-04,34203.20123592621
2006-05-05,34045.42058614304
2006-05-08,33897.552972697384
2006-05-09,33754.86401878748
2006-05-10,32873.1037689681
2006-05-11,32355.71605792802
2006-05-12,31990.79502789268
2006-05-15,31795.41796054545
2006-05-16,31563.605642699345
2006-05-17,31587.583291101564
2006-05-18,31378.495619620637
2006-05-19,31565.240333616406
2006-05-22,31341.79656757935
2006-05-23,30839.918896004947
2006-05-24,30564.861708826385
2006-05-25,30519.350331220987
2006-05-26,29564.521719201453
2006-05-30,29722.32766956287
2006-05-31,29416.504820233517
2006-06-01,29844.68608300885
2006-06-02,29355.81947205612
2006-06-05,30022.27677238916
2006-06-06,30576.732500132144
2006-06-07,30610.057113072096
2006-06-08,30601.97275100719
2006-06-09,31015.139394246133
2006-06-12,31030.837523992563
2006-06-13,30710.219215577068
2006-06-14,30866.391185854616
2006-06-15,30501.985305901173
2006-06-16,30718.139458082693
2006-06-19,30854.095506452286
2006-06-20,31206.267080482714
2006-06-21,31363.792634942438
2006-06-22,30913.291512635496
2006-06-23,30613.718404185212
2006-06-26,30432.023372818134
2006-06-27,31046.529097938554
2006-06-28,31380.445710931912
2006-06-29,31535.937372816363
2006-06-30,31622.028229714128
2006-07-03,31446.901788301613
2006-07-05,31965.96823505103
2006-07-06,31833.39513682297
2006-07-07,31730.74426523715
2006-07-10,32219.795386575417
2006-07-11,32460.046784411326
2006-07-12,32553.942843562727
2006-07-13,32851.1439182394
2006-07-14,32922.608375738775
2006-07-17,32826.041607497566
2006-07-18,33071.30799544414
2006-07-19,32292.662174842633
2006-07-20,31548.737408974375
2006-07-21,30852.97745566271
2006-07-24,30642.99630276602
2006-07-25,30246.13987438179
2006-07-26,30263.420678497543
2006-07-27,29977.608313273173
2006-07-28,30266.495819998767
2006-07-31,30512.130605621114
2006-08-01,30379.902088360668
2006-08-02,30660.146040116513
2006-08-03,30277.0710779607
2006-08-04,30796.409512556653
2006-08-07,31084.35021229268
2006-08-08,31202.019196853733
2006-08-09,31583.53590842936
2006-08-10,31634.8335743126
2006-08-11,31773.139152268745
2006-08-14,31816.021760708205
2006-08-15,31985.23952757685
2006-08-16,31419.546783335252
2006-08-17,31417.345849325062
2006-08-18,31307.221297459277
2006-08-21,31628.925987760667
2006-08-22,31838.87845009713
2006-08-23,31888.78351269949
2006-08-24,31699.073989681685
2006-08-25,31618.835542355333
2006-08-28,31181.31597982131
2006-08-29,31676.05432169208
2006-08-30,31898.298360392284
2006-08-31,31886.81929093938
2006-09-01,32225.26650014951
2006-09-05,32264.728923014358
2006-09-06,31990.2189380524
2006-09-07,32093.341471237978
2006-09-08,32469.531334663418
2006-09-11,33222.107337634734
2006-09-12,33561.27645568042
2006-09-13,33499.76318089246
2006-09-14,33822.8487668045
2006-09-15,33743.364594221595
2006-09-18,33765.49235820042
2006-09-19,34132.41408589379
2006-09-20,34420.96610778194
2006-09-21,34259.39952998358
2006-09-22,33968.934559634865
2006-09-25,33978.437259915205
2006-09-26,33871.30981780791
2006-09-27,34275.576843103576
2006-09-28,33701.13606035927
2006-09-29,33599.682323489695
2006-10-02,34011.50837660882
2006-10-03,34224.17498513575
2006-10-04,34051.552795947326
2006-10-05,34232.7456812135
2006-10-06,33962.46443480601
2006-10-09,34009.3533183202
2006-10-10,33864.05441985814
2006-10-11,33553.038196098074
2006-10-12,33960.679962493545
2006-10-13,34114.567163816864
2006-10-16,34289.674857106955
2006-10-17,33832.45501774924
2006-10-18,33640.4852653101
2006-10-19,33177.08703419103
2006-10-20,32183.901485092116
2006-10-23,32567.389359927056
2006-10-24,32799.44352966088
2006-10-25,33303.10302331548
2006-10-26,33331.83198492875
2006-10-27,34344.84421505791
2006-10-30,34373.73399058446
2006-10-31,34049.17306527453
2006-11-01,34016.39173992673
2006-11-02,34886.44323130273
2006-11-03,34874.282914649535
2006-11-06,34438.61033703916
2006-11-07,33964.01968708921
2006-11-08,34186.238133464096
2006-11-09,33294.46984620923
2006-11-10,32919.264785209634
2006-11-13,32658.182943840206
2006-11-14,32783.08473035916
2006-11-15,32888.94846231308
2006-11-16,32602.151356593226
2006-11-17,32647.753505748067
2006-11-20,32519.465928044137
2006-11-21,33261.02196453357
2006-11-22,33081.37418524568
2006-11-24,33194.14745724976
2006-11-27,32828.76404019884
2006-11-28,32982.330505720754
2006-11-29,33108.94153472079
2006-11-30,33281.06609187234
2006-12-01,32993.747879493334
2006-12-04,33434.72468204317
2006-12-05,33031.87434415408
2006-12-06,33073.91661426125
2006-12-07,32727.580871085636
2006-12-08,32809.241080489526
2006-12-11,32853.51068318428
2006-12-12,32490.843359057813
2006-12-13,32422.318669527147
2006-12-14,32317.98415763766
2006-12-15,32247.114283817078
2006-12-18,32765.674281634536
2006-12-19,32625.265915195778
2006-12-20,32887.90355906513
2006-12-21,33481.926549131145
2006-12-22,32877.87859684902
2006-12-26,32653.975667630348
2006-12-27,33061.637205833016
2006-12-28,33673.841347604364
2006-12-29,33570.50640034246
2007-01-03,33905.671342854366
2007-01-04,33499.164315960596
2007-01-05,33821.62739309755
2007-01-08,33413.840933454696
2007-01-09,32730.63846122708
2007-01-10,32553.33478878673
2007-01-11,32246.647445604078
2007-01-12,32068.539314166042
2007-01-16,31950.48354629006
2007-01-17,31609.011193156217
2007-01-18,31801.620477683748
2007-01-19,32173.586091214445
2007-01-22,31994.060184905793
2007-01-23,32056.865848403653
2007-01-24,32043.899498021325
2007-01-25,32258.979912492625
2007-01-26,32736.77735504617
2007-01-29,32259.69575952439
2007-01-30,32139.04318535207
2007-01-31,31519.810399206137
2007-02-01,31961.64967263794
2007-02-02,32134.84359525115
2007-02-05,32032.235984170336
2007-02-06,32103.682913898407
2007-02-07,32063.365437521963
2007-02-08,31688.416268800433
2007-02-09,31997.903404791927
2007-02-12,32230.71409003295
2007-02-13,32428.976621173555
2007-02-14,32006.238512805437
2007-02-15,32319.499876724378
2007-02-16,32088.048809745735
2007-02-20,31938.931560294106
2007-02-21,32097.718855645027
2007-02-22,31680.381547302473
2007-02-23,31755.160483396317
2007-02-26,31801.135224477148
2007-02-27,31630.36309073145
2007-02-28,31403.881633549052
2007-03-01,31978.332721119266
2007-03-02,32372.015538333428
2007-03-05,32564.36538269288
2007-03-06,32261.65387640071
2007-03-07,32441.396715445488
2007-03-08,32230.796181128277
2007-03-09,31625.89986674831
2007-03-12,31631.72382182121
2007-03-13,31699.632409462847
2007-03-14,32086.170677510312
2007-03-15,31763.962130188487
2007-03-16,31877.993477257867
2007-03-19,31933.62339207185
2007-03-20,31660.39298525038
2007-03-21,31536.19240421069
2007-03-22,31984.785603527038
2007-03-23,32295.95616933838
2007-03-26,32640.871109792268
2007-03-27,33513.56442765309
2007-03-28,33597.30400148891
2007-03-29,32971.77776457616
2007-03-30,32940.99390311524
2007-04-02,33049.04795669512
2007-04-03,32653.618889833957
2007-04-04,33343.724173011266
2007-04-05,33469.537738014296
2007-04-09,33358.81749973765
2007-04-10,33472.10875924235
2007-04-11,33060.530129821884
2007-04-12,33129.980301850854
2007-04-13,33363.1616335205
2007-04-16,33318.28828812917
2007-04-17,33330.38014750757
2007-04-18,33882.065826766586
2007-04-19,33451.001142961504
2007-04-20,33225.35825134894
2007-04-23,33339.599163341976
2007-04-24,32806.330097006634
2007-04-25,32364.311059781852
2007-04-26,32224.56471862175
2007-04-27,32598.32575656149
2007-04-30,32680.642393459988
2007-05-01,32283.56166419235
2007-05-02,32047.297200742352
2007-05-03,31981.50680658888
2007-05-04,31622.841134316
2007-05-07,31538.36030359837
2007-05-08,31222.82251529954
2007-05-09,31024.566315234522
2007-05-10,31441.462163425622
2007-05-11,31197.286502297327
2007-05-14,31018.774613639587
2007-05-15,30844.684443105525
2007-05-16,30976.892752912307
2007-05-17,30681.831719541904
2007-05-18,31231.28817301156
2007-05-21,31671.55935834717
2007-05-22,31533.880357428126
2007-05-23,31316.98016599714
2007-05-24,31478.139912433773
2007-05-25,31213.638725969813
2007-05-29,30736.6189097951
2007-05-30,30873.030392334767
2007-05-31,30613.77431638543
2007-06-01,30782.48084700362
2007-06-04,30210.26303149757
2007-06-05,30156.58829525459
2007-06-06,30335.515347331275
2007-06-07,29997.828630473385
2007-06-08,30363.13139619683
2007-06-11,30195.947981704943
2007-06-12,29528.317365324092
2007-06-13,29557.24800929151
2007-06-14,29861.73179682855
2007-06-15,29819.686241213283
2007-06-18,29474.985799343332
2007-06-19,29945.65785435145
2007-06-20,30116.502420305864
2007-06-21,30287.292750367076
2007-06-22,29648.9794735801
2007-06-25,29523.33518577147
2007-06-26,29407.147817326022
2007-06-27,29308.30016700441
2007-06-28,29476.0477092932
2007-06-29,29500.44808120827
2007-07-02,29647.34699862211
2007-07-03,29284.325124117768
2007-07-05,29039.45921091185
2007-07-06,29189.908589141156
2007-07-09,28402.102922662118
2007-07-10,28374.3317850836
2007-07-11,28882.127701569785
2007-07-12,28657.065189803678
2007-07-13,29115.68501991629
2007-07-16,29290.03634584419
2007-07-17,29175.928558934396
2007-07-18,29022.069618382993
2007-07-19,29457.681126250554
2007-07-20,29356.374107915333
2007-07-23,29482.847187353986
2007-07-24,29482.199561427333
2007-07-25,29373.860839660432
2007-07-26,29268.043956144335
2007-07-27,29636.956761371926
2007-07-30,29321.70470522513
2007-07-31,29752.45973139513
2007-08-01,29559.788505553508
2007-08-02,29052.708001446495
2007-08-03,28620.121278525636
2007-08-06,28664.74934722007
2007-08-07,28760.258011285794
2007-08-08,28894.56614185116
2007-08-09,28689.746124415116
2007-08-10,28798.376014132347
2007-08-13,28948.35032171842
2007-08-14,28619.878905805563
2007-08-15,28648.68161428387
2007-08-16,28836.146601054756
2007-08-17,28984.656500886344
2007-08-20,28730.711647281154
2007-08-21,28849.20423794288
2007-08-22,28654.702748155505
2007-08-23,28901.090165258098
2007-08-24,29035.90484546021
2007-08-27,29474.417230489547
2007-08-28,29408.806972272883
2007-08-29,29212.90588049448
2007-08-30,29050.796474228748
2007-08-31,29094.568003287193
2007-09-04,29183.984454376423
2007-09-05,28924.948935318498
2007-09-06,29265.938128183265
2007-09-07,29927.151635335456
2007-09-10,30358.345293123242
2007-09-11,30204.772618871804
2007-09-12,30622.46029000132
2007-09-13,30333.244754178315
2007-09-14,30266.467692275324
2007-09-17,29800.780669671287
2007-09-18,29959.14590220738
2007-09-19,30011.762127895254
2007-09-20,30164.04327772627
2007-09-21,30648.933822163606
2007-09-24,30527.129832184066
2007-09-25,30316.63330103985
2007-09-26,30139.093528307574
2007-09-27,29370.7841691725
2007-09-28,29641.914244855005
2007-10-01,29210.763756601318
2007-10-02,29425.53304821269
2007-10-03,29126.139577306047
2007-10-04,28885.943450391707
2007-10-05,28986.968495716937
2007-10-08,28623.4768740856
2007-10-09,28442.47386155773
2007-10-10,28567.829272883933
2007-10-11,28024.14906976502
2007-10-12,27760.930441123102
2007-10-15,27660.35971743478
2007-10-16,27971.76233523278
2007-10-17,27909.299598370075
2007-10-18,28080.162472963108
2007-10-19,28782.03336014203
2007-10-22,28385.01207200807
2007-10-23,28354.680595194655
2007-10-24,28361.00623933812
2007-10-25,28869.600192462807
2007-10-26,28659.82074797862
2007-10-29,28979.441056243195
2007-10-30,28639.10863369824
2007-10-31,28745.126580809538
2007-11-01,28709.62484310084
2007-11-02,29050.203301344198
2007-11-05,29317.23161201882
2007-11-06,29392.107347445384
2007-11-07,29564.912017899427
2007-11-08,29291.308252147468
2007-11-09,29164.67582988836
2007-11-12,29254.16694375014
2007-11-13,29039.32087567579
2007-11-14,29108.058766831462
2007-11-15,28960.55730470986
2007-11-16,28767.642128875363
2007-11-19,28516.22452259722
2007-11-20,28358.655333478368
2007-11-21,28292.178944583397
2007-11-23,28119.47021342575
2007-11-26,28462.36118559177
2007-11-27,28196.634468207667
2007-11-28,28870.07034223143
2007-11-29,29382.59104959869
2007-11-30,29458.87994662348
2007-12-03,29279.010401147094
2007-12-04,29052.331790961936
2007-12-05,29047.407297693717
2007-12-06,29802.50202329613
2007-12-07,29866.594996363878
2007-12-10,29730.577203472745
2007-12-11,29922.887161869425
2007-12-12,29975.45062415648
2007-12-13,29856.145706350428
2007-12-14,30312.199576968855
2007-12-17,29877.78631377079
2007-12-18,30257.750302488697
2007-12-19,30159.47516455955
2007-12-20,30176.158258837884
2007-12-21,30140.804288769177
2007-12-24,29821.62913329711
2007-12-26,29566.887385526596
2007-12-27,29734.777575182718
2007-12-28,30185.458944133592
2007-12-31,30189.752416308344
2008-01-02,30138.126557513657
2008-01-03,30453.08805042157
2008-01-04,30517.36848761179
2008-01-07,30313.927889648763
2008-01-08,30083.68068898135
2008-01-09,29919.453876223623
2008-01-10,29613.878043163106
2008-01-11,29260.818543708818
2008-01-14,29411.085904475112
2008-01-15,29538.024305962103
2008-01-16,29178.863306468767
2008-01-17,29610.543924240443
2008-01-18,29786.90550542425
2008-01-22,29261.222231303986
2008-01-23,29158.492714128617
2008-01-24,29467.725124416844
2008-01-25,29240.798228975804
2008-01-28,29384.557348240214
2008-01-29,30063.90389685837
2008-01-30,30210.90762618679
2008-01-31,29600.48620313593
2008-02-01,29916.49163678194
2008-02-04,30092.486522207415
2008-02-05,30271.5009968277
2008-02-06,30317.58640811128
2008-02-07,30096.166237978963
2008-02-08,30415.567741492312
2008-02-11,29926.874665957486
2008-02-12,29970.830549145212
2008-02-13,30113.78124360457
2008-02-14,31049.844429168144
2008-02-15,30970.98913726259
2008-02-19,30756.612322411398
2008-02-20,30756.000436760412
2008-02-21,30404.77557598874
2008-02-22,30927.370673447997
2008-02-25,31179.190494444592
2008-02-26,31469.031696712384
2008-02-27,31299.12854553431
2008-02-28,30424.794858434972
2008-02-29,30189.380237734556
2008-03-03,30539.401139432044
2008-03-04,30329.374114147453
2008-03-05,30519.94631775915
2008-03-06,30172.40576911851
2008-03-07,30140.605168704304
2008-03-10,30148.605455742574
2008-03-11,30451.53926980121
2008-03-12,30645.617506382336
2008-03-13,31190.49542610507
2008-03-14,30867.29592108063
2008-03-17,30983.00815035243
2008-03-18,31301.831218690622
2008-03-19,31622.82243716489
2008-03-20,31927.36107836942
2008-03-24,31824.8276436031
2008-03-25,31738.334889116282
2008-03-26,31161.26464719995
2008-03-27,31914.41002357907
2008-03-28,32009.71539410577
2008-03-31,32300.421338453525
2008-04-01,32419.537141171873
2008-04-02,31947.796456022952
2008-04-03,32137.293466546384
2008-04-04,32546.627716896754
2008-04-07,32790.399292298374
2008-04-08,32464.674332592887
2008-04-09,31864.429626300658
2008-04-10,31582.62372438708
2008-04-11,31220.9564498185
2008-04-14,30846.0322360057
2008-04-15,30439.67157073127
2008-04-16,29738.034072806164
2008-04-17,29844.514497342632
2008-04-18,29575.119207414456
2008-04-21,30195.691633141163
2008-04-22,30357.744341162863
2008-04-23,30134.17778056962
2008-04-24,30535.230606289337
2008-04-25,30517.941050489728
2008-04-28,30540.68808574053
2008-04-29,30380.346723816216
2008-04-30,30427.64956579734
2008-05-01,30902.929858162843
2008-05-02,31322.368735642558
2008-05-05,31356.58360194077
2008-05-06,31547.18244099867
2008-05-07,31992.96038777382
2008-05-08,32529.324987554082
2008-05-09,32561.08378138335
2008-05-12,32222.772723992955
2008-05-13,32046.379085238623
2008-05-14,31560.721181113175
2008-05-15,30892.6582051119
2008-05-16,30570.07172476368
2008-05-19,30547.432224705695
2008-05-20,30515.175490133
2008-05-21,29973.75531471828
2008-05-22,29806.01430101568
2008-05-23,29433.84904114149
2008-05-27,30065.184792636996
2008-05-28,29887.1800685199
2008-05-29,30060.744566326935
2008-05-30,29977.284665532527
2008-06-02,29767.072472403644
2008-06-03,30003.881171662375
2008-06-04,29727.088816951808
2008-06-05,29727.730522007594
2008-06-06,28758.608624415636
2008-06-09,28562.454285601467
2008-06-10,28209.770033539997
2008-06-11,28612.474853165393
2008-06-12,28987.966396336
2008-06-13,28988.540306271214
2008-06-16,29317.21732233947
2008-06-17,29288.44403428691
2008-06-18,29344.651320405577
2008-06-19,30032.1092244091
2008-06-20,30599.971956531193
2008-06-23,30267.682516612742
2008-06-24,29786.838043550808
2008-06-25,30600.479753998945
2008-06-26,31034.61991274545
2008-06-27,30593.647666826688
2008-06-30,30581.33097366251
2008-07-01,31306.21161890874
2008-07-02,31017.710064547082
2008-07-03,30624.787247180215
2008-07-07,30883.290790085146
2008-07-08,30270.113320540477
2008-07-09,29364.637910647838
2008-07-10,29410.635347049145
2008-07-11,29553.538082943174
2008-07-14,29401.580853939126
2008-07-15,29547.84074115796
2008-07-16,29953.561235428973
2008-07-17,30137.495340445003
2008-07-18,30006.12425510868
2008-07-21,30124.901968802642
2008-07-22,29944.43352970578
2008-07-23,30245.460197516484
2008-07-24,30519.23162041343
2008-07-25,29961.297111270567
2008-07-28,30386.38640688823
2008-07-29,30437.59380522319
2008-07-30,30317.072837638458
2008-07-31,29867.366795029735
2008-08-01,30251.270758263014
2008-08-04,29860.405287772774
2008-08-05,29461.063698874546
2008-08-06,29011.095051086173
2008-08-07,29664.13544083854
2008-08-08,29558.105735599263
2008-08-11,29017.541401402552
2008-08-12,29459.823733816233
2008-08-13,29480.15067624047
2008-08-14,29136.93020898902
2008-08-15,29108.90206978249
2008-08-18,29538.079449295263
2008-08-19,29045.297403818597
2008-08-20,29569.964888537022
2008-08-21,29859.65959964778
2008-08-22,29676.084253301462
2008-08-25,29301.095729654426
2008-08-26,28994.80706356627
2008-08-27,29310.35645875026
2008-08-28,29480.856499836515
2008-08-29,29145.71623946577
2008-09-02,29056.823715125003
2008-09-03,28274.048656551287
2008-09-04,28401.892412246547
2008-09-05,28408.933377470206
2008-09-08,28348.703348569103
2008-09-09,28937.387526539485
2008-09-10,29359.476692791624
2008-09-11,29117.05438713534
2008-09-12,29338.0940223751
2008-09-15,29257.920146028457
2008-09-16,29565.95542351008
2008-09-17,29894.98854548956
2008-09-18,29965.681016938466
2008-09-19,29983.551306001504
2008-09-22,29874.002404408333
2008-09-23,30060.499447078328
2008-09-24,30063.55078768756
2008-09-25,29691.541814400545
2008-09-26,29329.226549352377
2008-09-29,29260.85957218481
2008-09-30,29879.56103182325
2008-10-01,29957.03981817371
2008-10-02,29498.339192868127
2008-10-03,29661.919499944503
2008-10-06,29691.62125941072
2008-10-07,29811.256115661716
2008-10-08,29480.312850877064
2008-10-09,28611.38356273209
2008-10-10,28343.232707503837
2008-10-13,28795.34637864985
2008-10-14,28462.106852441197
2008-10-15,28245.188784764814
2008-10-16,28403.76388966817
2008-10-17,28353.81233600995
2008-10-20,28258.048403920013
2008-10-21,28406.220364346675
2008-10-22,28272.628384419044
2008-10-23,28318.630875288174
2008-10-24,28244.21413438459
2008-10-27,28554.287815133674
2008-10-28,28957.233655128777
2008-10-29,29546.009428410885
2008-10-30,29679.192930053196
2008-10-31,30219.254103489588
2008-11-03,30643.22403585755
2008-11-04,30408.026528121638
2008-11-05,30842.929982419446
2008-11-06,30597.83696065386
2008-11-07,30227.557249923153
2008-11-10,30044.870294629778
2008-11-11,30162.60174310071
2008-11-12,30893.146352355478
2008-11-13,30587.948324583624
2008-11-14,30608.274577607754
2008-11-17,30647.002002658875
2008-11-18,31303.06468730617
2008-11-19,30824.992186902753
2008-11-20,31251.24570838711
2008-11-21,31449.004342916083
2008-11-24,31107.183497439808
2008-11-25,30712.616549447146
2008-11-26,31115.263560520005
2008-11-28,31130.699231701346
2008-12-01,30382.199607782146
2008-12-02,30179.331687798975
2008-12-03,29875.245467240173
2008-12-04,29635.160878535746
2008-12-05,29241.645406645388
2008-12-08,29341.258261882336
2008-12-09,29771.934469808108
2008-12-10,30152.107487123747
2008-12-11,30616.641484136264
2008-12-12,29513.319485721546
2008-12-15,29619.296424992608
2008-12-16,29641.296925323204
2008-12-17,29765.653392248405
2008-12-18,29991.032145635272
2008-12-19,29969.75022195701
2008-12-22,30084.37129032684
2008-12-23,30211.45276285382
2008-12-24,30300.516098820357
2008-12-26,29873.0425479225
2008-12-29,29884.11317281723
2008-12-30,29547.21239834898
2008-12-31,29651.513384776325
2009-01-02,30287.768757742677
2009-01-05,30212.20591487681
2009-01-06,30636.702783684814
2009-01-07,30725.026457151595
2009-01-08,31432.458064800714
2009-01-09,30964.191024244243
2009-01-12,30919.921531733442
2009-01-13,30943.140375520532
2009-01-14,31491.534973553076
2009-01-15,31370.072840876765
2009-01-16,31139.14698118938
2009-01-20,30787.428404492748
2009-01-21,30944.354321451505
2009-01-22,31420.86524682163
2009-01-23,31633.86309822249
2009-01-26,32036.15738744214
2009-01-27,32357.331732219165
2009-01-28,32570.42731614502
2009-01-29,32711.770309924384
2009-01-30,32474.75253134613
2009-02-02,32339.834680664673
2009-02-03,33062.3298326797
2009-02-04,33647.65931996612
2009-02-05,33392.717590847475
2009-02-06,33511.62219271867
2009-02-09,34008.872512418224
2009-02-10,33870.10611885543
2009-02-11,33850.28933420298
2009-02-12,34125.492934722504
2009-02-13,34321.77328611882
2009-02-17,34221.67943837556
2009-02-18,34412.57910623479
2009-02-19,34666.77195461541
2009-02-20,34989.66850344401
2009-02-23,34743.578409203015
2009-02-24,34839.83615724922
2009-02-25,35244.25956420503
2009-02-26,35256.685812571275
2009-02-27,35390.0178207512
2009-03-02,35533.99930497136
2009-03-03,36379.27591721545
2009-03-04,36321.70848064663
2009-03-05,36995.479766889934
2009-03-06,36703.79496597584
2009-03-09,36957.5457089085
2009-03-10,36909.23127028001
2009-03-11,36389.88650530926
2009-03-12,37122.21379766484
2009-03-13,37851.748160019764
2009-03-16,37657.51527717782
2009-03-17,37848.99300551807
2009-03-18,37552.44272052679
2009-03-19,37049.723839761304
2009-03-20,37048.28150905219
2009-03-23,37507.940071556666
2009-03-24,37436.27317703032
2009-03-25,37449.92602310633
2009-03-26,37059.77487356902
2009-03-27,37431.44915396379
2009-03-30,37570.17206816881
2009-03-31,38126.837781667135
2009-04-01,38398.786176121146
2009-04-02,37946.673700356405
2009-04-03,37976.395625552184
2009-04-06,39004.517668084925
2009-04-07,38949.97948015735
2009-04-08,38060.59761955901
2009-04-09,38196.15036834269
2009-04-13,37840.155828239855
2009-04-14,36952.398764180376
2009-04-15,37086.797392466884
2009-04-16,37028.42455945885
2009-04-17,37279.36023068926
2009-04-20,37882.42861409158
2009-04-21,37240.32515523607
2009-04-22,37673.56849593378
2009-04-23,37082.41219453387
2009-04-24,37282.831956518756
2009-04-27,36579.6942595882
2009-04-28,37223.76337155465
2009-04-29,37589.969271900954
2009-04-30,37831.24303816232
2009-05-01,37645.3066976681
2009-05-04,38111.82581424645
2009-05-05,37732.34461255725
2009-05-06,38335.809273503255
2009-05-07,38565.85163340763
2009-05-08,38514.48436611995
2009-05-11,38693.83368113413
2009-05-12,38862.45466247715
2009-05-13,39083.98417909786
2009-05-14,39788.051240913956
2009-05-15,39983.726385295224
2009-05-18,39821.00220651065
2009-05-19,39702.39455853305
2009-05-20,39649.191182582916
2009-05-21,39352.877618928804
2009-05-22,39996.29701704261
2009-05-26,39636.245785612955
2009-05-27,39740.55948423901
2009-05-28,40237.08306911396
2009-05-29,39905.89708372874
2009-06-01,40162.638439658906
2009-06-02,40511.79157351171
2009-06-03,40662.02540847439
2009-06-04,40608.96829098389
2009-06-05,40875.553063662526
2009-06-08,40138.77756222185
2009-06-09,40375.60084655287
2009-06-10,40496.50547539514
2009-06-11,40963.03003244618
2009-06-12,40416.67985712927
2009-06-15,40963.17907389215
2009-06-16,40323.00276525449
2009-06-17,40155.262785582556
2009-06-18,39304.89116187727
2009-06-19,39411.49849424069
2009-06-22,39048.15596062564
2009-06-23,38726.434185760256
2009-06-24,37367.84260009949
2009-06-25,36224.8168543581
2009-06-26,35771.50390876305
2009-06-29,36194.27798056748
2009-06-30,35056.7581542636
2009-07-01,35246.70977863662
2009-07-02,34925.04385422355
2009-07-06,34781.92368489961
2009-07-07,34796.50488980352
2009-07-08,34643.73807767217
2009-07-09,34769.77944858037
2009-07-10,33677.97861982451
2009-07-13,33500.92805481136
2009-07-14,34031.563380265434
2009-07-15,34445.444457666075
2009-07-16,34466.897913959554
2009-07-17,34604.721317066804
2009-07-20,34706.67606301824
2009-07-21,34833.826471189
2009-07-22,34845.200497354985
2009-07-23,34950.40007050116
2009-07-24,35106.42576601362
2009-07-27,35238.90945396453
2009-07-28,35376.739860345726
2009-07-29,35556.82592773752
2009-07-30,36100.718942740226
2009-07-31,35895.385716294346
2009-08-03,36251.39350108637
2009-08-04,35766.29222637944
2009-08-05,36306.17582228769
2009-08-06,36197.42860924974
2009-08-07,36226.61187100528
2009-08-10,36341.08459081474
2009-08-11,36001.403502507266
2009-08-12,36108.942325495846
2009-08-13,36047.0209092741
2009-08-14,35500.75928685524
2009-08-17,35322.10219728975
2009-08-18,35842.513877424986
2009-08-19,35879.36281190864
2009-08-20,35874.109694678686
2009-08-21,35521.72092650778
2009-08-24,35656.16717063183
2009-08-25,35344.23026855587
2009-08-26,34865.971823693326
2009-08-27,33866.11350586374
2009-08-28,34958.64642600308
2009-08-31,34905.84269402068
2009-09-01,35171.94810153418
2009-09-02,34890.15572200009
2009-09-03,34136.203518795344
2009-09-04,34656.256194880334
2009-09-08,35082.78530587278
2009-09-09,35617.43879251104
2009-09-10,35834.102596588666
2009-09-11,35549.84077043551
2009-09-14,35260.29742284784
2009-09-15,35655.94338377879
2009-09-16,35166.38506149592
2009-09-17,35305.63066657978
2009-09-18,35965.36087147506
2009-09-21,35689.154853747365
2009-09-22,35707.653699263756
2009-09-23,35952.17789627523
2009-09-24,36373.24033943444
2009-09-25,36924.5932980608
2009-09-28,36465.50548533348
2009-09-29,36609.66403540271
2009-09-30,36147.37775034186
2009-10-01,36580.17400733505
2009-10-02,36045.8265309258
2009-10-05,35885.06738440819
2009-10-06,35317.40838554656
2009-10-07,35585.03927891108
2009-10-08,35897.051403359575
2009-10-09,35866.35083785568
2009-10-12,36756.46744646728
2009-10-13,36598.40845795281
2009-10-14,36837.08740649685
2009-10-15,36706.254269611614
2009-10-16,36555.04301212688
2009-10-19,36620.843688415225
2009-10-20,36663.66258086149
2009-10-21,37025.67571577839
2009-10-22,36996.30571336263
2009-10-23,36640.30898441397
2009-10-26,36237.53280647862
2009-10-27,36090.675670310586
2009-10-28,35596.6279459411
2009-10-29,36008.22871359652
2009-10-30,36345.970979957594
2009-11-02,36196.67616613825
2009-11-03,36565.44661834287
2009-11-04,36759.28382787094
2009-11-05,36299.39746626799
2009-11-06,36582.9181865744
2009-11-09,36420.95783327103
2009-11-10,37177.323421913665
2009-11-11,37521.88845096061
2009-11-12,36550.88558836323
2009-11-13,36721.954794730154
2009-11-16,36544.17321320276
2009-11-17,36264.5686616401
2009-11-18,36666.846243482636
2009-11-19,36880.305286265364
2009-11-20,36483.38866884742
2009-11-23,36547.146581807974
2009-11-24,36310.871419326846
2009-11-25,36681.717195970035
2009-11-27,36867.678844189024
2009-11-30,36033.00168774289
2009-12-01,35604.59508565201
2009-12-02,35433.618319315356
2009-12-03,35947.229042217936
2009-12-04,36145.94054093349
2009-12-07,35639.38170605007
2009-12-08,34919.3870451012
2009-12-09,35056.1822351953
2009-12-10,35465.66181564048
2009-12-11,34615.6735629428
2009-12-14,34650.547148870755
2009-12-15,34640.5100891521
2009-12-16,34592.66772703392
2009-12-17,34514.59666640247
2009-12-18,34979.78780360259
2009-12-21,35582.24917811072
2009-12-22,35996.86267932814
2009-12-23,34847.07771264116
2009-12-24,34731.69662667319
2009-12-28,34496.705794156915
2009-12-29,33906.3176307877
2009-12-30,34203.26034677661
2009-12-31,33878.692592921216
2010-01-04,33245.33062055637
2010-01-05,33294.01745658656
2010-01-06,33393.85552514103
2010-01-07,33310.33273397502
2010-01-08,33650.23381078728
2010-01-11,33519.38943954503
2010-01-12,33946.02378085007
2010-01-13,34341.50805200558
2010-01-14,34226.53254389786
2010-01-15,34276.16993624736
2010-01-19,33990.11282796239
2010-01-20,33884.14293624302
2010-01-21,33148.42633975448
2010-01-22,33240.87479395851
2010-01-25,33401.54168880716
2010-01-26,33489.367176260224
2010-01-27,33407.842981426045
2010-01-28,33568.70585819052
2010-01-29,33700.25534278109
2010-02-01,33582.67210678161
2010-02-02,33799.303133253576
2010-02-03,34078.54671410166
2010-02-04,33322.63513817287
2010-02-05,33532.02158888604
2010-02-08,34013.12692520776
2010-02-09,34176.171531220454
2010-02-10,34403.192201713595
2010-02-11,34064.61610395322
2010-02-12,33846.411539133565
2010-02-16,33998.91128722965
2010-02-17,33414.84851614906
2010-02-18,33624.07138687975
2010-02-19,33169.66020812761
2010-02-22,33077.49914182203
2010-02-23,33185.90101565475
2010-02-24,33412.40356013554
2010-02-25,33880.638134470595
2010-02-26,34006.75065025487
2010-03-01,33442.63368094564
2010-03-02,33495.480050519414
2010-03-03,33653.2965343971
2010-03-04,33306.51290610349
2010-03-05,34040.10546156612
2010-03-08,33857.9177889456
2010-03-09,33599.47865846944
2010-03-10,33645.56181321258
2010-03-11,33506.10368567637
2010-03-12,33757.84619995786
2010-03-15,34026.76394251845
2010-03-16,34319.78325460704
2010-03-17,34450.047413890745
2010-03-18,34457.32425728292
2010-03-19,34988.69837254989
2010-03-22,35154.412372655104
2010-03-23,35222.42049919141
2010-03-24,35079.59993248329
2010-03-25,34739.72682747342
2010-03-26,34852.39088717397
2010-03-29,34395.72371655411
2010-03-30,34729.68249778238
2010-03-31,34735.10803572512
2010-04-01,34816.53710191647
2010-04-05,35155.780650130124
2010-04-06,35327.09655252459
2010-04-07,34443.8399823711
2010-04-08,34427.870300025126
2010-04-09,34548.351043505936
2010-04-12,33797.793228941584
2010-04-13,33013.84796823255
2010-04-14,32948.181514400654
2010-04-15,32891.45979545122
2010-04-16,33521.276159495515
2010-04-19,33909.23436839955
2010-04-20,33847.05633308529
2010-04-21,33569.40318512637
2010-04-22,33526.41784723333
2010-04-23,33321.64047006417
2010-04-26,33973.35235644738
2010-04-27,34030.75224386395
2010-04-28,34210.604165067605
2010-04-29,34586.225582019055
2010-04-30,34384.14899567501
2010-05-03,34270.87994688324
2010-05-04,33893.26020048733
2010-05-05,34001.33324852842
2010-05-06,33921.00455975248
2010-05-07,34399.78848726698
2010-05-10,34762.75774604594
2010-05-11,34366.577746945266
2010-05-12,33890.141632923594
2010-05-13,34617.96891044897
2010-05-14,34343.130041188066
2010-05-17,34534.91378693533
2010-05-18,34299.02483613809
2010-05-19,34441.51553604304
2010-05-20,35268.31167958571
2010-05-21,35257.434966310786
2010-05-24,35138.44851199329
2010-05-25,34634.660928638375
2010-05-26,34340.35139013733
2010-05-27,34585.500944457795
2010-05-28,35289.52981745556
2010-06-01,34964.09150162992
2010-06-02,35465.67232583109
2010-06-03,34924.80711214273
2010-06-04,34559.43191327595
2010-06-07,34683.43159812455
2010-06-08,34488.087947020496
2010-06-09,34575.68787475126
2010-06-10,34675.86351904722
2010-06-11,34949.934870925994
2010-06-14,34926.653380045995
2010-06-15,35214.876040370174
2010-06-16,35207.05586578146
2010-06-17,35570.95557038689
2010-06-18,35272.532782676295
2010-06-21,35825.062209433
2010-06-22,35948.228048223784
2010-06-23,36533.2461545435
2010-06-24,36136.35164744374
2010-06-25,36260.39925877881
2010-06-28,36419.86467495932
2010-06-29,36956.156081496454
2010-06-30,37337.17385726856
2010-07-01,37254.515523665905
2010-07-02,36896.29032828589
2010-07-06,36208.02135747755
2010-07-07,36518.82590134855
2010-07-08,37058.081499175234
2010-07-09,36745.35698134636
2010-07-12,36113.18742209516
2010-07-13,35024.473892820955
2010-07-14,35083.70023559323
2010-07-15,34810.6144769013
2010-07-16,34564.882310712695
2010-07-19,35093.630862049315
2010-07-20,35243.58196850714
2010-07-21,34888.8057872052
2010-07-22,34172.215004833386
2010-07-23,34229.67246989408
2010-07-26,34350.74546815287
2010-07-27,35117.17878760046
2010-07-28,35265.430806113145
2010-07-29,35929.652124524124
2010-07-30,36064.61220220225
2010-08-02,35866.80136009181
2010-08-03,35645.179606346304
2010-08-04,34887.41961675627
2010-08-05,34992.43925225392
2010-08-06,35042.4175137175
2010-08-09,34941.596817963975
2010-08-10,35371.56270934348
2010-08-11,34664.207816203816
2010-08-12,34380.08943163468
2010-08-13,34181.24696914855
2010-08-16,34216.7961821226
2010-08-17,34511.9810402255
2010-08-18,34497.71651168157
2010-08-19,34568.02801001177
2010-08-20,34496.70458475424
2010-08-23,34428.20868534205
2010-08-24,34495.18847866565
2010-08-25,34732.50940818834
2010-08-26,34785.39332859859
2010-08-27,34660.463834916096
2010-08-30,34547.72641383381
2010-08-31,34623.18168826335
2010-09-01,34580.63498694589
2010-09-02,34678.38311866829
2010-09-03,34663.3530237609
2010-09-07,35229.73981071343
2010-09-08,35690.0558470875
2010-09-09,35671.862488484956
2010-09-10,35277.29384860708
2010-09-13,35162.53543636106
2010-09-14,35134.69726327893
2010-09-15,34351.41665440271
2010-09-16,34690.58627761526
2010-09-17,34380.2909434262
2010-09-20,34007.283606224024
2010-09-21,34123.74450340793
2010-09-22,34037.490176973864
2010-09-23,33748.42872069572
2010-09-24,33609.99537686282
2010-09-27,32956.366988319205
2010-09-28,33419.701919463296
2010-09-29,33057.796493944676
2010-09-30,33430.565263242366
2010-10-01,33674.620012872314
2010-10-04,33452.17330728922
2010-10-05,34420.7392953586
2010-10-06,33748.770327017475
2010-10-07,33396.70153036821
2010-10-08,33247.784215925734
2010-10-11,33193.55517929299
2010-10-12,33251.74227569827
2010-10-13,32812.421666449416
2010-10-14,32541.620839487776
2010-10-15,32062.224104091758
2010-10-18,32270.77809269462
2010-10-19,32781.53934708553
2010-10-20,32681.893068237554
2010-10-21,32870.320500900925
2010-10-22,33463.862131063834
2010-10-25,33241.25588090705
2010-10-26,33111.819659854285
2010-10-27,33252.744877036006
2010-10-28,33036.33280377799
2010-10-29,33348.629217624744
2010-11-01,33163.629394206604
2010-11-02,33000.55457119644
2010-11-03,32374.66294779891
2010-11-04,32609.535529284047
2010-11-05,33072.73262445987
2010-11-08,33884.99076810002
2010-11-09,33784.101682422646
2010-11-10,33420.07130768701
2010-11-11,33673.481580308966
2010-11-12,33573.883974592696
2010-11-15,33477.60476214389
2010-11-16,34166.16720796092
2010-11-17,34465.00537023078
2010-11-18,34878.57528064324
2010-11-19,35469.25877817031
2010-11-22,35930.064044304294
2010-11-23,36036.62216222506
2010-11-24,35172.0846246731
2010-11-26,34804.348731506245
2010-11-29,35145.37484658804
2010-11-30,35354.120322091614
2010-12-01,34761.45351354417
2010-12-02,34720.51801502219
2010-12-03,35222.88147810002
2010-12-06,35112.337838528714
2010-12-07,35750.21903044736
2010-12-08,36280.88241729478
2010-12-09,37221.4237135821
2010-12-10,37208.809982228995
2010-12-13,36733.839334370925
2010-12-14,36717.35476628271
2010-12-15,37149.6168063031
2010-12-16,37142.07185062549
2010-12-17,36972.3617394764
2010-12-20,36906.955499466094
2010-12-21,37142.73334982098
2010-12-22,36580.594838157245
2010-12-23,37085.91689466656
2010-12-27,37050.81649734458
2010-12-28,37589.297402441414
2010-12-29,37513.001957703505
2010-12-30,36904.807114659576
2010-12-31,36211.576995315445
2011-01-03,35927.15511571267
2011-01-04,35938.404379201165
2011-01-05,35360.90082347316
2011-01-06,35478.37158336089
2011-01-07,35547.57825381636
2011-01-10,35903.332782045174
2011-01-11,36334.32964572891
2011-01-12,36008.46545291121
2011-01-13,35552.340058862304
2011-01-14,36117.577756669765
2011-01-18,36444.808064413824
2011-01-19,36202.28694297646
2011-01-20,36183.18659616694
2011-01-21,36679.642045113724
2011-01-24,36706.815266414975
2011-01-25,36559.72762246071
2011-01-26,36717.768434581936
2011-01-27,37010.602041762104
2011-01-28,36253.2432398244
2011-01-31,35970.89983850262
2011-02-01,35904.14472597403
2011-02-02,37313.77498206048
2011-02-03,37570.113683217896
2011-02-04,37336.06824018769
2011-02-07,37166.92057694063
2011-02-08,37365.713027434875
2011-02-09,37869.60099595084
2011-02-10,37592.377903166285
2011-02-11,37556.83761749825
2011-02-14,37807.522486904956
2011-02-15,37371.83859506316
2011-02-16,37521.72941776814
2011-02-17,36987.86571001923
2011-02-18,37189.26966041342
2011-02-22,37443.413679101846
2011-02-23,37332.05424204264
2011-02-24,37132.4546537334
2011-02-25,37306.987057172766
2011-02-28,36789.34417317706
2011-03-01,36722.82098591075
2011-03-02,36784.86564032898
2011-03-03,36641.41931900837
2011-03-04,36877.23938635167
2011-03-07,37545.97234047918
2011-03-08,38226.415694756404
2011-03-09,38540.23163580283
2011-03-10,38086.90665232872
2011-03-11,38172.06280859541
2011-03-14,37891.882069227264
2011-03-15,37090.45518860046
2011-03-16,36896.235230102444
2011-03-17,36710.68626354504
2011-03-18,35801.618851276515
2011-03-21,36232.321622561336
2011-03-22,37235.061947327034
2011-03-23,37782.96054436518
2011-03-24,37291.49108151836
2011-03-25,37065.1155159602
2011-03-28,36275.72561707172
2011-03-29,35651.959340537345
2011-03-30,35333.56593976781
2011-03-31,35711.08792299771
2011-04-01,35471.50031073874
2011-04-04,35628.68961978279
2011-04-05,35229.23338301726
2011-04-06,35507.62846528875
2011-04-07,35639.716805506054
2011-04-08,36124.3458082284
2011-04-11,36918.97276246908
2011-04-12,36986.66276649685
2011-04-13,37229.641858813135
2011-04-14,37248.13918393857
2011-04-15,37318.20820932816
2011-04-18,37245.40691042482
2011-04-19,36548.68272769099
2011-04-20,35930.97047252966
2011-04-21,35881.727413909626
2011-04-25,35583.33303626835
2011-04-26,35047.68696756451
2011-04-27,35466.08280143918
2011-04-28,35679.39664939089
2011-04-29,35773.100974582194
2011-05-02,36342.06242414738
2011-05-03,36409.94334849356
2011-05-04,36587.00430653872
2011-05-05,36497.2706519443
2011-05-06,37448.18932250291
2011-05-09,37082.545360141376
2011-05-10,37002.314407427155
2011-05-11,37017.84365008444
2011-05-12,37079.56270475659
2011-05-13,36755.15886603751
2011-05-16,37131.708590088936
2011-05-17,36797.25492417585
2011-05-18,36390.0329797477
2011-05-19,36365.20385474943
2011-05-20,36698.95591352359
2011-05-23,36454.94105477792
2011-05-24,36542.511521673674
2011-05-25,35928.503023038546
2011-05-26,35847.15758809461
2011-05-27,36064.939353357746
2011-05-31,35241.76811391696
2011-06-01,35284.02425968698
2011-06-02,35267.40160433228
2011-06-03,35339.16480449124
2011-06-06,35214.5837582635
2011-06-07,34639.423073905564
2011-06-08,34293.645085399905
2011-06-09,34402.930150141285
2011-06-10,34831.06364468455
2011-06-13,34426.92295029863
2011-06-14,34484.20855988736
2011-06-15,34851.375299658415
2011-06-16,35114.839153615016
2011-06-17,35102.598830598916
2011-06-20,34432.07317775596
2011-06-21,34014.85449137669
2011-06-22,33836.020371248895
2011-06-23,33596.69823254132
2011-06-24,33676.59742479162
2011-06-27,34477.610513743704
2011-06-28,34364.14752616527
2011-06-29,34367.21618431376
2011-06-30,34826.809115626675
2011-07-01,34518.0845553196
2011-07-05,34486.057362672385
2011-07-06,34208.845937198574
2011-07-07,34210.45624643562
2011-07-08,33359.531530023145
2011-07-11,33513.50641727186
2011-07-12,32842.564522431356
2011-07-13,33311.2103551035
2011-07-14,33547.26026441544
2011-07-15,33721.99283934489
2011-07-18,34536.444607257654
2011-07-19,34379.62886442159
2011-07-20,34796.89009422955
2011-07-21,34846.196377558415
2011-07-22,34926.192479102894
2011-07-25,35293.37616140092
2011-07-26,34876.647659641145
2011-07-27,35619.59233214693
2011-07-28,35458.386738306144
2011-07-29,35003.011952926645
2011-08-01,34279.37572056061
2011-08-02,33855.26278187073
2011-08-03,33069.12171800544
2011-08-04,32879.976516217284
2011-08-05,33410.84318679921
2011-08-08,33456.980056531895
2011-08-09,32992.545993961015
2011-08-10,32723.515345526128
2011-08-11,33022.09089198916
2011-08-12,33165.497529597385
2011-08-15,33069.26217256122
2011-08-16,33185.81485618391
2011-08-17,32569.57087024559
2011-08-18,33085.844895383256
2011-08-19,32934.61648623892
2011-08-22,31957.666112085342
2011-08-23,31895.45083529761
2011-08-24,32444.778075931186
2011-08-25,32743.882755941187
2011-08-26,32313.04125568223
2011-08-29,32240.69832491179
2011-08-30,32697.9309860107
2011-08-31,32792.93258480398
2011-09-01,32720.37432739134
2011-09-02,32373.46371874037
2011-09-06,32202.666184642047
2011-09-07,31977.99320615311
2011-09-08,32401.71834286787
2011-09-09,31754.714124186066
2011-09-12,32099.779307236302
2011-09-13,31984.687921266097
2011-09-14,31717.52188405271
2011-09-15,31960.45422747093
2011-09-16,32082.388334289946
2011-09-19,32398.367426561388
2011-09-20,31751.444729171555
2011-09-21,32187.48243200649
2011-09-22,31907.578162932878
2011-09-23,32509.644551107867
2011-09-26,32991.33519534378
2011-09-27,32438.84480344666
2011-09-28,32486.107465216304
2011-09-29,32570.973942008488
2011-09-30,32408.98150168903
2011-10-03,32701.711247714684
2011-10-04,33048.033804009116
2011-10-05,32429.282808657583
2011-10-06,32629.57961271711
2011-10-07,31925.086066498083
2011-10-10,32639.637638968903
2011-10-11,33017.72022415468
2011-10-12,32922.30580733459
2011-10-13,32722.485036616585
2011-10-14,32697.08641390567
2011-10-17,32783.57824114739
2011-10-18,32781.13658221625
2011-10-19,33447.505187033974
2011-10-20,33487.13114288523
2011-10-21,33306.24741069952
2011-10-24,33584.8909426429
2011-10-25,33055.14783972546
2011-10-26,33324.61208010083
2011-10-27,32888.90307274388
2011-10-28,32869.685572246795
2011-10-31,33324.480864681726
2011-11-01,33234.793384972494
2011-11-02,32853.114188347456
2011-11-03,32598.418514984776
2011-11-04,32322.885422400548
2011-11-07,32221.96659169459
2011-11-08,33054.006161012876
2011-11-09,33124.55761037991
2011-11-10,33740.79081011566
2011-11-11,33819.4998656075
2011-11-14,33564.899134363084
2011-11-15,32775.09249108195
2011-11-16,32527.4707904149
2011-11-17,32982.47740720702
2011-11-18,33184.12647106682
2011-11-21,33589.63795410761
2011-11-22,33381.1422053504
2011-11-23,33306.6830506273
2011-11-25,33089.39260787862
2011-11-28,33130.582701270185
2011-11-29,33439.02303244765
2011-11-30,33723.6212505053
2011-12-01,33241.094684113756
2011-12-02,33112.74311870061
2011-12-05,33812.13624097807
2011-12-06,33117.04632132719
2011-12-07,33165.96567297825
2011-12-08,33568.02110841002
2011-12-09,33547.38673258363
2011-12-12,33485.47622577319
2011-12-13,32623.42244304939
2011-12-14,32586.937825397967
2011-12-15,32304.60466535276
2011-12-16,32225.840312493616
2011-12-19,32673.070401358225
2011-12-20,32634.244577328285
2011-12-21,32488.801932097027
2011-12-22,32604.542824280055
2011-12-23,32581.682225394627
2011-12-27,32699.44795127576
2011-12-28,32897.01138933395
2011-12-29,32379.864890685534
2011-12-30,31896.890628098954
2012-01-03,32037.393473002845
2012-01-04,31720.88621755315
2012-01-05,31955.009221386263
2012-01-06,32154.299312698236
2012-01-09,31888.86993596794
2012-01-10,32257.865019238685
2012-01-11,32599.397722370035
2012-01-12,32686.478586286237
2012-01-13,32657.736594514517
2012-01-17,32779.85025537324
2012-01-18,32630.3029149261
2012-01-19,32732.064295969605
2012-01-20,32575.50938323198
2012-01-23,33016.77737881366
2012-01-24,32781.592902197735
2012-01-25,31913.77243265741
2012-01-26,32028.897756004415
2012-01-27,32460.650070885018
2012-01-30,32725.14983504637
2012-01-31,32641.17723972292
2012-02-01,32623.529409349096
2012-02-02,32197.62175166017
2012-02-03,31895.235678261597
2012-02-06,32359.192541946304
2012-02-07,32428.253428194843
2012-02-08,32299.48948880817
2012-02-09,32474.156667023588
2012-02-10,32034.02937356413
2012-02-13,32174.937822339874
2012-02-14,32135.689662986122
2012-02-15,32039.91326350004
2012-02-16,32093.676641811147
2012-02-17,32017.05182998331
2012-02-21,32083.04991571049
2012-02-22,32057.559392095918
2012-02-23,31745.327123610565
2012-02-24,32059.514921922397
2012-02-27,32104.822948000445
2012-02-28,31783.754323310313
2012-02-29,32118.392573445
2012-03-01,32542.545848172038
2012-03-02,32348.962368060085
2012-03-05,32416.398828088873
2012-03-06,32058.684239729526
2012-03-07,32379.04326412897
2012-03-08,32274.932804395336
2012-03-09,32147.45760834182
2012-03-12,32544.13237295995
2012-03-13,32428.589526555046
2012-03-14,32291.143055534736
2012-03-15,31857.11441748501
2012-03-16,31083.924897953537
2012-03-19,31237.50082263176
2012-03-20,31305.908530837725
2012-03-21,31639.367470559373
2012-03-22,31872.545674917652
2012-03-23,31859.91047416704
2012-03-26,32006.023544658507
2012-03-27,31958.757503270477
2012-03-28,32110.714480167073
2012-03-29,32559.82648055596
2012-03-30,32838.06785584384
2012-04-02,31727.968485443518
2012-04-03,31568.616641427943
2012-04-04,32199.697752751214
2012-04-05,32352.516112923666
2012-04-09,32937.39453212786
2012-04-10,33251.504618986466
2012-04-11,34018.307379760445
2012-04-12,34742.03778984745
2012-04-13,34343.009419303955
2012-04-16,34434.06346400301
2012-04-17,34638.64260472533
2012-04-18,34735.94394371568
2012-04-19,34644.02380108601
2012-04-20,34448.42867988592
2012-04-23,34378.096807568116
2012-04-24,33993.04851746991
2012-04-25,33071.26592899147
2012-04-26,33055.257443614406
2012-04-27,33821.97664047261
2012-04-30,34845.10887756243
2012-05-01,35108.48332997453
2012-05-02,34563.86472382619
2012-05-03,34570.2633868311
2012-05-04,35041.656533340014
2012-05-07,35424.55863304863
2012-05-08,35368.57274166418
2012-05-09,35200.76793638426
2012-05-10,35164.2329267052
2012-05-11,34824.94372723124
2012-05-14,35032.74591574759
2012-05-15,34378.963877149894
2012-05-16,34934.40170590683
2012-05-17,34827.144805093616
2012-05-18,34346.052845208855
2012-05-21,34017.80217812725
2012-05-22,33542.49365457499
2012-05-23,33400.085977953786
2012-05-24,33722.175535348164
2012-05-25,33392.361188706294
2012-05-29,33326.83575574762
2012-05-30,33499.71589907175
2012-05-31,33462.6842296419
2012-06-01,33341.2703288111
2012-06-04,32691.83455771367
2012-06-05,32640.638061016976
2012-06-06,32221.52677428243
2012-06-07,31288.46345658238
2012-06-08,31818.99840820614
2012-06-11,31885.15814009221
2012-06-12,31523.62783016124
2012-06-13,31915.49536879109
2012-06-14,31875.246674176386
2012-06-15,31213.262881832656
2012-06-18,31114.630917510687
2012-06-19,31118.882498756913
2012-06-20,30593.869597641624
2012-06-21,31245.385318025954
2012-06-22,31066.11375195653
2012-06-25,30742.196311752068
2012-06-26,30208.229640130885
2012-06-27,30616.62564207837
2012-06-28,30030.216754857676
2012-06-29,30600.487769110896
2012-07-02,30689.764473109728
2012-07-03,31247.970576089192
2012-07-05,31064.26935755869
2012-07-06,30985.30808724261
2012-07-09,30683.150331453584
2012-07-10,30346.778503876852
2012-07-11,30491.05520416058
2012-07-12,30475.655216316318
2012-07-13,30124.175207377437
2012-07-16,29863.31726259244
2012-07-17,29326.874150235824
2012-07-18,29477.09665688044
2012-07-19,28937.11698842668
2012-07-20,28904.050910650963
2012-07-23,29289.29738660567
2012-07-24,29757.43869090752
2012-07-25,29610.714475633107
2012-07-26,29685.984785649493
2012-07-27,29424.571369850823
2012-07-30,29250.57414785244
2012-07-31,29092.99480778136
2012-08-01,29229.398039567037
2012-08-02,29096.254273218932
2012-08-03,29110.70406274243
2012-08-06,29291.897237005116
2012-08-07,29419.23192896671
2012-08-08,29571.828296939417
2012-08-09,29548.824193063952
2012-08-10,29988.861299063563
2012-08-13,29883.592800936935
2012-08-14,30062.79965155971
2012-08-15,30158.167187649222
2012-08-16,30448.32303926848
2012-08-17,30778.005740418183
2012-08-20,30453.84446564725
2012-08-21,30810.136416181893
2012-08-22,30078.143612573527
2012-08-23,29558.760641340632
2012-08-24,29245.529862785977
2012-08-27,29417.762111449687
2012-08-28,29957.834966353425
2012-08-29,30340.276062428235
2012-08-30,30246.210827590494
2012-08-31,30491.38089544674
2012-09-04,30377.49339908782
2012-09-05,30105.182767525657
2012-09-06,30669.36855694238
2012-09-07,30518.132698040798
2012-09-10,30797.973610148783
2012-09-11,30419.905651565503
2012-09-12,30390.338983748003
2012-09-13,29827.56159759551
2012-09-14,29611.95348070966
2012-09-17,30110.80960409727
2012-09-18,29825.41024668474
2012-09-19,29717.9213120945
2012-09-20,29304.997966907926
2012-09-21,28363.911776184315
2012-09-24,28312.78402930767
2012-09-25,28820.851456193897
2012-09-26,29208.172207196912
2012-09-27,29404.585040721
2012-09-28,29463.63113301351
2012-10-01,30004.351018705038
2012-10-02,30162.594320365955
2012-10-03,30251.99722418472
2012-10-04,29731.34131898986
2012-10-05,29446.12812068023
2012-10-08,29844.534377419
2012-10-09,29982.243424510158
2012-10-10,30106.57922382387
2012-10-11,30145.65350281741
2012-10-12,29875.497674151502
2012-10-15,30682.007583835457
2012-10-16,30709.212295854177
2012-10-17,31074.571753759275
2012-10-18,31017.235643596894
2012-10-19,30817.864323481037
2012-10-22,30524.873209307047
2012-10-23,30038.28536685563
2012-10-24,30216.246521605648
2012-10-25,30363.37558728436
2012-10-26,30945.01726730993
2012-10-31,31089.36193604855
2012-11-01,31180.245464580206
2012-11-02,30966.03897221133
2012-11-05,30932.355305072855
2012-11-06,31145.98632946128
2012-11-07,30755.044032356385
2012-11-08,30673.989553044557
2012-11-09,30590.11748878093
2012-11-12,30637.789168142117
2012-11-13,30682.203244882898
2012-11-14,30753.26945663503
2012-11-15,30662.772027476476
2012-11-16,30675.95920771393
2012-11-19,30640.697484353248
2012-11-20,29906.132905158025
2012-11-21,30493.321732552
2012-11-23,30774.62570413601
2012-11-26,30662.541616723618
2012-11-27,30350.112665706958
2012-11-28,29798.1845594751
2012-11-29,29944.32091525968
2012-11-30,29840.14723416877
2012-12-03,30043.54751942079
2012-12-04,29646.681376013163
2012-12-05,29620.311787574497
2012-12-06,29333.398841631537
2012-12-07,29448.69052335555
2012-12-10,29612.25044970515
2012-12-11,29644.054846455405
2012-12-12,29965.07305945581
2012-12-13,29809.349265430763
2012-12-14,29876.001245796837
2012-12-17,29756.09507165033
2012-12-18,30158.18265712129
2012-12-19,30317.274429266636
2012-12-20,30128.07206173117
2012-12-21,30261.4474707461
2012-12-24,29891.351667169656
2012-12-26,29381.88660912616
2012-12-27,28848.42067112846
2012-12-28,28038.06439658363
2012-12-31,28847.902253695793
2013-01-02,28915.731330391354
2013-01-03,28815.32753046182
2013-01-04,29136.984841009296
2013-01-07,29046.898760138465
2013-01-08,28866.58117668993
2013-01-09,28783.06444569608
2013-01-10,28598.230425769034
2013-01-11,28342.49854994745
2013-01-14,28889.347820743133
2013-01-15,29179.63983975148
2013-01-16,29271.280171215134
2013-01-17,29434.956888436613
2013-01-18,29973.561507691447
2013-01-22,29830.881217038896
2013-01-23,29957.7192992337
2013-01-24,29778.33443207686
2013-01-25,30818.74562665875
2013-01-28,30928.206983715983
2013-01-29,30670.19326805876
2013-01-30,30898.521084124975
2013-01-31,31040.5614888581
2013-02-01,30993.211140818545
2013-02-04,30613.322566913335
2013-02-05,30055.365626122082
2013-02-06,30459.687329507702
2013-02-07,30970.47471026359
2013-02-08,30559.71423172665
2013-02-11,31111.588288344272
2013-02-12,31311.99559496529
2013-02-13,30978.732425631148
2013-02-14,30822.32669735196
2013-02-15,30708.892595515023
2013-02-19,31258.921851605573
2013-02-20,30909.127978758486
2013-02-21,31580.46636319291
2013-02-22,31759.95909637797
2013-02-25,31924.6775526326
2013-02-26,32400.261394737165
2013-02-27,32581.592100804926
2013-02-28,32622.498099435204
2013-03-01,32477.028978274553
2013-03-04,32341.95443808853
2013-03-05,32493.702068691033
2013-03-06,32057.297181868995
2013-03-07,32138.473454987015
2013-03-08,32612.149591749017
2013-03-11,33257.84251705488
2013-03-12,33526.65972117231
2013-03-13,33570.09314577636
2013-03-14,34470.67207993971
2013-03-15,34473.98508267438
2013-03-18,34188.566665396844
2013-03-19,34386.54073334195
2013-03-20,34113.18877560796
2013-03-21,34037.71729679683
2013-03-22,34276.95421178453
2013-03-25,33828.33116918309
2013-03-26,34260.77580292245
2013-03-27,34261.93805368677
2013-03-28,34245.18423521178
2013-04-01,34604.730890369225
2013-04-02,34902.264603293945
2013-04-03,34753.37577459169
2013-04-04,33981.47578215808
2013-04-05,33836.605740462954
2013-04-08,34278.12759036003
2013-04-09,33947.57134251822
2013-04-10,34808.91508835563
2013-04-11,35346.68749141845
2013-04-12,35961.88044318528
2013-04-15,36666.57039766671
2013-04-16,36795.76119724171
2013-04-17,36661.79507337694
2013-04-18,37201.2131188199
2013-04-19,37792.83247948587
2013-04-22,37442.16638947697
2013-04-23,37646.39367215608
2013-04-24,37981.294858099536
2013-04-25,38078.03501213025
2013-04-26,38569.50149317013
2013-04-29,39380.432275743595
2013-04-30,38732.078879999004
2013-05-01,39284.30175390737
2013-05-02,38990.029429670714
2013-05-03,39845.1232121904
2013-05-06,39899.999982488676
2013-05-07,39696.96547982576
2013-05-08,39954.25420522029
2013-05-09,39405.18598756188
2013-05-10,39240.41728055869
2013-05-13,40011.68728460299
2013-05-14,39180.72899409113
2013-05-15,39301.496589671246
2013-05-16,39747.07013590249
2013-05-17,40124.01066619962
2013-05-20,40074.77051221776
2013-05-21,39334.78343848796
2013-05-22,38645.985511981286
2013-05-23,38553.832058433094
2013-05-24,38162.84451709686
2013-05-28,38614.62881084846
2013-05-29,38628.234528994246
2013-05-30,39313.96078997422
2013-05-31,39614.570933354815
2013-06-03,39405.615758864784
2013-06-04,39940.861801422114
2013-06-05,40032.2880590143
2013-06-06,40017.66829311803
2013-06-07,40614.94916287036
2013-06-10,40545.18520684716
2013-06-11,40809.64264150002
2013-06-12,40635.81346857434
2013-06-13,40564.769332630785
2013-06-14,41148.17903619128
2013-06-17,41589.07991373989
2013-06-18,42186.98490298774
2013-06-19,41706.902643538204
2013-06-20,41187.76123105927
2013-06-21,40897.093889538235
2013-06-24,41654.54515513225
2013-06-25,41684.380714832914
2013-06-26,41498.9236106023
2013-06-27,41746.354468117774
2013-06-28,41477.27605197503
2013-07-01,41760.603954882856
2013-07-02,41188.265519944674
2013-07-03,41461.49155887279
2013-07-05,42126.3722932458
2013-07-08,42068.0005677467
2013-07-09,42582.214339874125
2013-07-10,42429.608579222324
2013-07-11,42988.87243958214
2013-07-12,43202.60869114749
2013-07-15,43092.313204102975
2013-07-16,42322.06408934941
2013-07-17,42471.39113066368
2013-07-18,41729.059825140626
2013-07-19,42089.21876911914
2013-07-22,41389.51974913989
2013-07-23,41143.225286023466
2013-07-24,41145.462957917705
2013-07-25,40708.82730163673
2013-07-26,42008.852303407235
2013-07-29,40929.28098698002
2013-07-30,41717.357559955795
2013-07-31,41598.62976965188
2013-08-01,41760.33198138037
2013-08-02,41691.3438849505
2013-08-05,41710.14670652442
2013-08-06,41295.21856901385
2013-08-07,41238.240410800325
2013-08-08,41101.669121213534
2013-08-09,40805.459325626005
2013-08-12,41226.03341369033
2013-08-13,40949.262483407496
2013-08-14,40776.54730510727
2013-08-15,41451.90919209939
2013-08-16,41808.764671744204
2013-08-19,43010.08488711784
2013-08-20,43401.44765624042
2013-08-21,43565.555753568886
2013-08-22,42628.171330883626
2013-08-23,43371.590904831566
2013-08-26,44004.44996779417
2013-08-27,44043.15523342216
2013-08-28,44592.70962417287
2013-08-29,44599.315087154406
2013-08-30,45401.088081531365
2013-09-03,45933.42005615285
2013-09-04,45764.49801258757
2013-09-05,45440.17054832794
2013-09-06,45808.89065668207
2013-09-09,45646.363623349105
2013-09-10,45549.06388764075
2013-09-11,45776.198139544904
2013-09-12,46945.192675358936
2013-09-13,46698.40556192826
2013-09-16,47199.82519500312
2013-09-17,47991.9097626068
2013-09-18,48099.22486880881
2013-09-19,48443.05767368423
2013-09-20,47800.94000303834
2013-09-23,48243.21363061315
2013-09-24,47824.56051235464
2013-09-25,46366.8600414436
2013-09-26,46321.06327448989
2013-09-27,45077.71574408692
2013-09-30,45515.607846560706
2013-10-01,45735.20981445446
2013-10-02,45328.25084679978
2013-10-03,44538.14724435349
2013-10-04,45034.07152474798
2013-10-07,44597.66709130558
2013-10-08,44837.4937821401
2013-10-09,44946.8275127969
2013-10-10,44645.00399313403
2013-10-11,44641.942776673124
2013-10-14,44576.98356681019
2013-10-15,44661.88826589494
2013-10-16,44077.44485971989
2013-10-17,44140.3908507805
2013-10-18,43855.39495628777
2013-10-21,44422.470252067185
2013-10-22,44381.036822456444
2013-10-23,45538.668361144446
2013-10-24,45538.28002171233
2013-10-25,45975.38325877256
2013-10-28,45792.041073247885
2013-10-29,45142.44280685343
2013-10-30,45395.20254367203
2013-10-31,45432.184725382984
2013-11-01,45174.89522471213
2013-11-04,44395.06755976701
2013-11-05,44012.746235650346
2013-11-06,44454.35323806793
2013-11-07,44435.420748637305
2013-11-08,44369.49083328221
2013-11-11,43835.41504998368
2013-11-12,43420.40446109126
2013-11-13,42985.19388903091
2013-11-14,42805.861389035905
2013-11-15,43569.01454348548
2013-11-18,44900.62907799851
2013-11-19,45078.47421544961
2013-11-20,44755.153632377675
2013-11-21,44567.083840058694
2013-11-22,45738.68806714645
2013-11-25,46119.52086769761
2013-11-26,46111.29721525415
2013-11-27,45314.57689508359
2013-11-29,45102.59163405427
2013-12-02,44820.199302657595
2013-12-03,43353.82126882172
2013-12-04,43311.500356820834
2013-12-05,43460.8302460642
2013-12-06,42916.96238415666
2013-12-09,42945.06763247847
2013-12-10,43606.50086910083
2013-12-11,43740.41839995632
2013-12-12,44128.10061314807
2013-12-13,43413.380448416996
2013-12-16,43835.74075649425
2013-12-17,43974.36151457541
2013-12-18,44116.82431140148
2013-12-19,44607.30427760571
2013-12-20,43825.87045001421
2013-12-23,43307.0224375789
2013-12-24,42393.88538961772
2013-12-26,41958.83530317004
2013-12-27,41722.51759839988
2013-12-30,42141.498337717414
2013-12-31,42731.27698956631
2014-01-02,42907.54579716554
2014-01-03,42762.441932763635
2014-01-06,41972.43311089324
2014-01-07,42249.83967061268
2014-01-08,42551.51143946027
2014-01-09,43001.282684776656
2014-01-10,43064.66943429686
2014-01-13,42285.518420408334
2014-01-14,42129.14518865607
2014-01-15,42905.48220403349
2014-01-16,42333.6194734637
2014-01-17,42997.23718050837
2014-01-21,42163.3907502145
2014-01-22,41723.58981800002
2014-01-23,42271.96435617236
2014-01-24,41438.56438009113
2014-01-27,41637.253972438026
2014-01-28,41726.12320389445
2014-01-29,41855.78155913486
2014-01-30,41927.86551755529
2014-01-31,41854.9797395544
2014-02-03,40913.799185293916
2014-02-04,40738.48925116016
2014-02-05,41113.52452459409
2014-02-06,41187.97895262993
2014-02-07,41322.64401890499
2014-02-10,41088.663235199936
2014-02-11,40772.9544441688
2014-02-12,41069.05524377183
2014-02-13,41159.59047756543
2014-02-14,40825.7229268865
2014-02-18,41241.873896315046
2014-02-19,41271.40274798303
2014-02-20,41672.22776970916
2014-02-21,41815.41248625611
2014-02-24,42074.16460263148
2014-02-25,42224.158989367235
2014-02-26,42956.1744239415
2014-02-27,43025.01388498378
2014-02-28,42818.64626139886
2014-03-03,43555.85381055951
2014-03-04,43523.05242373572
2014-03-05,44622.889335499625
2014-03-06,44749.35879348213
2014-03-07,43656.51451803088
2014-03-10,43985.085434621644
2014-03-11,44583.113909521286
2014-03-12,44822.667106262925
2014-03-13,43251.887804926366
2014-03-14,43503.2036363872
2014-03-17,43322.59184878692
2014-03-18,43262.40529460726
2014-03-19,42757.407900135935
2014-03-20,42726.63081588542
2014-03-21,41526.99723143669
2014-03-24,41528.82502913799
2014-03-25,41808.81961685061
2014-03-26,41594.89695356376
2014-03-27,41195.05644431909
2014-03-28,40939.706069068685
2014-03-31,40609.953509318606
2014-04-01,41076.31834433058
2014-04-02,41419.11821500701
2014-04-03,41879.85350275065
2014-04-04,41921.29307761028
2014-04-07,42876.788289328695
2014-04-08,42376.23832523628
2014-04-09,41423.50748306568
2014-04-10,41907.88178866689
2014-04-11,41899.29308156758
2014-04-14,42633.1046322719
2014-04-15,42571.45374115667
2014-04-16,42687.808749686985
2014-04-17,42072.72561882378
2014-04-21,41933.56984632051
2014-04-22,41831.42003822871
2014-04-23,41997.224198351636
2014-04-24,42120.02813518751
2014-04-25,42713.38710518638
2014-04-28,43354.17534691677
2014-04-29,42915.423122939275
2014-04-30,43696.58681928023
2014-05-01,42847.064855958066
2014-05-02,42576.05128644922
2014-05-05,42304.63264673909
2014-05-06,42125.51581158626
2014-05-07,42730.01664182315
2014-05-08,42720.6143389196
2014-05-09,41428.35572426438
2014-05-12,41558.38112182652
2014-05-13,42204.8902524498
2014-05-14,42411.55381751072
2014-05-15,42590.069045079224
2014-05-16,42928.90758134296
2014-05-19,43192.215493524935
2014-05-20,43022.10352710967
2014-05-21,43372.01093974916
2014-05-22,43946.426008771916
2014-05-23,44675.99734030165
2014-05-27,45148.5442107135
2014-05-28,44564.40364060432
2014-05-29,44892.78476431382
2014-05-30,44561.19209471157
2014-06-02,43699.00611532302
2014-06-03,43209.78458738051
2014-06-04,43970.371965416416
2014-06-05,44366.61413339113
2014-06-06,44366.64815508033
2014-06-09,44226.278956055045
2014-06-10,43993.087876062535
2014-06-11,43784.13697176184
2014-06-12,44189.37266204747
2014-06-13,44441.825342316806
2014-06-16,44313.58860021166
2014-06-17,43521.564830861746
2014-06-18,42964.643963122966
2014-06-19,43351.604955057024
2014-06-20,43816.93545620481
2014-06-23,42750.25799959174
2014-06-24,43361.00190643055
2014-06-25,43564.133696895406
2014-06-26,43823.37874729339
2014-06-27,44221.18261480436
2014-06-30,44184.271237125795
2014-07-01,44635.498191193714
2014-07-02,44425.155671453496
2014-07-03,43853.69978173367
2014-07-07,44095.371538758154
2014-07-08,44420.65198241435
2014-07-09,43722.53068677682
2014-07-10,43373.99643575781
2014-07-11,43075.73275261126
2014-07-14,44011.914131125544
2014-07-15,44890.75570039899
2014-07-16,44996.30688778821
2014-07-17,44439.907735314264
2014-07-18,45545.1285115317
2014-07-21,44952.790423024395
2014-07-22,44143.95393870037
2014-07-23,44172.72631621453
2014-07-24,43984.631668212845
2014-07-25,43701.1065609124
2014-07-28,42579.264254743735
2014-07-29,43184.05622622986
2014-07-30,43466.30358417664
2014-07-31,43688.93979922312
2014-08-01,44110.37016370873
2014-08-04,44102.14060022979
2014-08-05,44478.08820273994
2014-08-06,45186.23337710613
2014-08-07,45554.603164689805
2014-08-08,45280.96021063867
2014-08-11,45160.48404705675
2014-08-12,45994.944033760934
2014-08-13,45546.09341799785
2014-08-14,45379.5657236009
2014-08-15,45275.26914060737
2014-08-18,45867.279929103075
2014-08-19,46345.6950172877
2014-08-20,45520.544617284824
2014-08-21,45395.27747528599
2014-08-22,45167.754011452605
2014-08-25,46540.47270880531
2014-08-26,47315.38010032686
2014-08-27,46983.14906611906
2014-08-28,46576.897096119705
2014-08-29,45534.329445945696
2014-09-02,44798.099692658136
2014-09-03,44536.64183008247
2014-09-04,44450.71725850762
2014-09-05,44431.66019282505
2014-09-08,43763.065521983895
2014-09-09,42889.58157424797
2014-09-10,43547.62343832324
2014-09-11,43751.44449395235
2014-09-12,44395.85825769258
2014-09-15,44594.12717553304
2014-09-16,44192.595878031534
2014-09-17,44530.16653943717
2014-09-18,44805.641970616925
2014-09-19,44422.64486640648
2014-09-22,44770.21807570547
2014-09-23,45585.390407011124
2014-09-24,46237.25794331192
2014-09-25,46336.786965891326
2014-09-26,47480.134180970286
2014-09-29,46224.60091317724
2014-09-30,46692.05075207266
2014-10-01,46302.24984415326
2014-10-02,47211.121369482076
2014-10-03,46817.72958818132
2014-10-06,47245.53654400162
2014-10-07,46835.809208468156
2014-10-08,47868.75290146063
2014-10-09,47317.64269004157
2014-10-10,48140.06024582802
2014-10-13,48446.11064141528
2014-10-14,47995.3250584468
2014-10-15,47921.986446186376
2014-10-16,48140.376512999595
2014-10-17,47622.08451912154
2014-10-20,48972.70146921139
2014-10-21,49547.21135605816
2014-10-22,49374.73306680439
2014-10-23,49343.49760065361
2014-10-24,49192.405193691804
2014-10-27,48981.19745474355
2014-10-28,48559.680399056175
2014-10-29,48472.11129262429
2014-10-30,50165.91493456499
2014-10-31,50487.89069172132
2014-11-03,49877.05685128438
2014-11-04,49532.260603347226
2014-11-05,49464.069643003626
2014-11-06,48843.24442726837
2014-11-07,48197.84551617303
2014-11-10,47187.59007636982
2014-11-11,47345.41322370099
2014-11-12,48431.737653186785
2014-11-13,49108.85449526372
2014-11-14,49660.434460112796
2014-11-17,49830.27648361247
2014-11-18,49745.23356720688
2014-11-19,49567.63855121188
2014-11-20,49568.074790124134
2014-11-21,50528.21288871055
2014-11-24,50208.183177972474
2014-11-25,50317.20844869538
2014-11-26,50373.870494799055
2014-11-28,50752.951800355186
2014-12-01,51529.539886961385
2014-12-02,49875.31204642791
2014-12-03,50295.65088963998
2014-12-04,50277.32170984454
2014-12-05,50338.53410556746
2014-12-08,50298.942501454745
2014-12-09,49695.43067944539
2014-12-10,49723.52440513487
2014-12-11,49098.966925435365
2014-12-12,48921.95545385092
2014-12-15,48337.42791603662
2014-12-16,48432.7021691422
2014-12-17,48909.105800241116
2014-12-18,48687.5335321659
2014-12-19,47513.90308947989
2014-12-22,46946.60080004757
2014-12-23,47236.5111101237
2014-12-24,46831.22079898976
2014-12-26,45667.06499076598
2014-12-29,45856.172875564334
2014-12-30,45168.20621820308
2014-12-31,45295.8281272299
2015-01-02,44382.824371022274
2015-01-05,44327.78842580627
2015-01-06,43311.38802822707
2015-01-07,43568.552750749805
2015-01-08,43361.74488665011
2015-01-09,42955.77770557769
2015-01-12,43194.15833147174
2015-01-13,42816.488472320416
2015-01-14,42606.849242804965
2015-01-15,43070.10705002516
2015-01-16,42415.35893089647
2015-01-20,41772.96074416133
2015-01-21,41856.536845468174
2015-01-22,42273.86659495083
2015-01-23,41862.584684065885
2015-01-26,41891.33147367069
2015-01-27,41753.2703381344
2015-01-28,41233.243872083825
2015-01-29,40632.056843818726
2015-01-30,40306.15877064042
2015-02-02,39811.46252003284
2015-02-03,39392.60633122383
2015-02-04,39183.017562965535
2015-02-05,39252.52941781707
2015-02-06,39091.73316128184
2015-02-09,39439.442536102724
2015-02-10,39520.96571406521
2015-02-11,39837.37192336807
2015-02-12,40050.720611747354
2015-02-13,39490.061980199236
2015-02-17,40280.14020608329
2015-02-18,40119.08352445503
2015-02-19,40167.31401971457
2015-02-20,40254.686048949225
2015-02-23,40554.00345885007
2015-02-24,40660.659090480025
2015-02-25,40215.75959762732
2015-02-26,40112.82278460542
2015-02-27,40455.949112611335
2015-03-02,40617.69813569982
2015-03-03,41231.86651444311
2015-03-04,42412.00621193915
2015-03-05,41532.23328849037
2015-03-06,40266.130625030484
2015-03-09,40973.023085970824
2015-03-10,41053.709288310245
2015-03-11,41096.67207641934
2015-03-12,41203.880212529504
2015-03-13,41641.89055508568
2015-03-16,41402.18733063623
2015-03-17,41757.3674499993
2015-03-18,42410.38228534921
2015-03-19,41011.58046504651
2015-03-20,40235.619184646326
2015-03-23,39896.14586287451
2015-03-24,39169.36767938284
2015-03-25,39471.14376201239
2015-03-26,39311.89813022784
2015-03-27,38904.63548138236
2015-03-30,38719.785755880905
2015-03-31,38613.23670088604
2015-04-01,38228.303123721875
2015-04-02,38032.597401366205
2015-04-06,37152.21688444242
2015-04-07,36720.25519378748
2015-04-08,37011.87522025982
2015-04-09,37748.11188260868
2015-04-10,37124.460045358
2015-04-13,36565.52797664548
2015-04-14,36805.59407224642
2015-04-15,36689.94291734145
2015-04-16,37347.845842468276
2015-04-17,37831.45056777034
2015-04-20,37392.71220800812
2015-04-21,37906.898248492646
2015-04-22,38430.42902939025
2015-04-23,38400.211269548985
2015-04-24,37579.847397129175
2015-04-27,38168.320621189756
2015-04-28,38593.09511140823
2015-04-29,38141.19086875873
2015-04-30,37831.56363676569
2015-05-01,38631.730407717194
2015-05-04,37970.87071016501
2015-05-05,38130.59804257983
2015-05-06,38303.89139692238
2015-05-07,37725.79517757032
2015-05-08,37174.10821546972
2015-05-11,37694.54574638129
2015-05-12,37187.76785620043
2015-05-13,36752.83520095314
2015-05-14,36655.14799236772
2015-05-15,36035.561302188544
2015-05-18,36999.86954379286
2015-05-19,36722.234392875886
2015-05-20,36839.717407990756
2015-05-21,37805.85572711631
2015-05-22,37768.42644638794
2015-05-26,37022.35182080918
2015-05-27,37748.4468180966
2015-05-28,37569.84023076593
2015-05-29,37523.979180744274
2015-06-01,38048.370302272895
2015-06-02,38258.81566305437
2015-06-03,38149.74547443768
2015-06-04,38488.49493103958
2015-06-05,37760.28859444027
2015-06-08,37971.11427727023
2015-06-09,38825.4699893435
2015-06-10,38017.02204280079
2015-06-11,38611.356081362195
2015-06-12,38934.20222302274
2015-06-15,39391.1310127245
2015-06-16,38609.619865555134
2015-06-17,38196.96150561553
2015-06-18,38256.4539998273
2015-06-19,37749.71644068155
2015-06-22,37960.829778387895
2015-06-23,38401.218573319275
2015-06-24,38130.09294128802
2015-06-25,38291.70589681647
2015-06-26,38145.565589006794
2015-06-29,38232.17892841616
2015-06-30,38218.71222766706
2015-07-01,38218.71794488992
2015-07-02,37528.68911442198
2015-07-06,37406.40229167542
2015-07-07,37088.69100847604
2015-07-08,36466.91335503475
2015-07-09,36289.224467923166
2015-07-10,36205.52942754576
2015-07-13,35873.7165310109
2015-07-14,35869.119518028034
2015-07-15,35426.20600960017
2015-07-16,35123.296821199794
2015-07-17,35529.651052061825
2015-07-20,35288.543764514565
2015-07-21,35761.5865146879
2015-07-22,36275.57907627722
2015-07-23,35874.878463786205
2015-07-24,36282.91601752009
2015-07-27,35679.69346178021
2015-07-28,35239.15701089899
2015-07-29,34958.85922831591
2015-07-30,34825.50441515584
2015-07-31,35345.69337506706
2015-08-03,36575.74741523104
2015-08-04,36404.01012380133
2015-08-05,35690.61304952461
2015-08-06,35561.1979110947
2015-08-07,34862.17375428696
2015-08-10,35862.702614112386
2015-08-11,35249.17463895904
2015-08-12,34825.40107060032
2015-08-13,34448.7311620001
2015-08-14,34627.39818093536
2015-08-17,34522.55298071607
2015-08-18,34553.13733259901
2015-08-19,34680.83324467888
2015-08-20,34688.23470731103
2015-08-21,35314.89364325818
2015-08-24,35696.739348347604
2015-08-25,36344.672559247054
2015-08-26,36742.676569803276
2015-08-27,37015.741222355224
2015-08-28,36464.58613733956
2015-08-31,36879.52067967446
2015-09-01,37446.23099925212
2015-09-02,37828.82402838881
2015-09-03,38218.63514664262
2015-09-04,37995.78608364153
2015-09-08,38438.06428331416
2015-09-09,38087.03895510402
2015-09-10,38327.278365445425
2015-09-11,37904.31710168441
2015-09-14,37566.1355510761
2015-09-15,37894.35120294757
2015-09-16,37877.60635924264
2015-09-17,37903.65747198825
2015-09-18,37588.29104920836
2015-09-21,37900.86077110014
2015-09-22,37156.624883944765
2015-09-23,37220.625444056015
2015-09-24,36255.11503987081
2015-09-25,35799.003562091886
2015-09-28,35734.142670760884
2015-09-29,35593.07929719992
2015-09-30,35680.9312678982
2015-10-01,35455.23040206841
2015-10-02,35448.458917491866
2015-10-05,35693.797342282756
2015-10-06,35911.52182583003
2015-10-07,35368.42692706945
2015-10-08,35531.73177406751
2015-10-09,35876.191276150406
2015-10-12,35909.28823309354
2015-10-13,35830.768204117085
2015-10-14,36305.95757505513
2015-10-15,36319.68173781216
2015-10-16,36048.06782778421
2015-10-19,35439.245596640496
2015-10-20,35431.53582219
2015-10-21,35576.87522826995
2015-10-22,34613.68621393895
2015-10-23,34721.132543297594
2015-10-26,34281.71946369812
2015-10-27,34567.50231603672
2015-10-28,33878.691152500876
2015-10-29,33899.151409377606
2015-10-30,33318.57964241901
2015-11-02,33249.200628514176
2015-11-03,33470.71960314683
2015-11-04,33039.13359940245
2015-11-05,32753.907688897194
2015-11-06,32745.637541534048
2015-11-09,32931.269758965274
2015-11-10,32892.07386840684
2015-11-11,32760.948543419603
2015-11-12,32066.722157449836
2015-11-13,31706.175123362602
2015-11-16,31776.116154669045
2015-11-17,32169.528680727446
2015-11-18,32377.68570283379
2015-11-19,33071.18328335731
2015-11-20,32961.73296722826
2015-11-23,33162.65619436038
2015-11-24,33658.84632311336
2015-11-25,33880.57762921644
2015-11-27,33638.11232185328
2015-11-30,33657.68953391544
2015-12-01,33585.17086562831
2015-12-02,34471.230933797466
2015-12-03,34617.11118361994
2015-12-04,34154.16461609368
2015-12-07,33804.05425834491
2015-12-08,34072.259318049444
2015-12-09,34490.61073913688
2015-12-10,35199.66316351585
2015-12-11,34954.95960003533
2015-12-14,34683.56665796405
2015-12-15,34327.34399587299
2015-12-16,33364.31353023302
2015-12-17,32848.498111787325
2015-12-18,32729.31442734529
2015-12-21,32637.36566438089
2015-12-22,32663.892431961496
2015-12-23,31819.346640447326
2015-12-24,31706.76572012623
2015-12-28,31640.44100574649
2015-12-29,31995.355782721108
2015-12-30,31739.227735958633
2015-12-31,31672.215496048928
2016-01-04,31822.251835678228
2016-01-05,31603.08354374322
2016-01-06,31433.591637049438
2016-01-07,32101.269847732372
2016-01-08,31711.367283091127
2016-01-11,31843.40646161909
2016-01-12,31780.680094122385
2016-01-13,32354.19366690434
2016-01-14,32809.78486161958
2016-01-15,32195.58254575141
2016-01-19,32324.984508701225
2016-01-20,32540.333028069443
2016-01-21,32735.143415031307
2016-01-22,33282.88128605911
2016-01-25,32632.06214216845
2016-01-26,32529.68486826928
2016-01-27,32279.85955815183
2016-01-28,32230.326929338713
2016-01-29,32444.44141327171
2016-02-01,32748.87523995703
2016-02-02,32248.093481184103
2016-02-03,32493.709351111425
2016-02-04,32697.45514957563
2016-02-05,32432.376794829142
2016-02-08,32636.624035729958
2016-02-09,32819.60887448212
2016-02-10,33346.99436373754
2016-02-11,32958.004607578325
2016-02-12,33119.118801647266
2016-02-16,33223.30966200147
2016-02-17,33463.02457468939
2016-02-18,32555.297683404944
2016-02-19,33200.53805473246
2016-02-22,33266.7480145542
2016-02-23,33273.268150730655
2016-02-24,33358.686487739535
2016-02-25,32938.093362244195
2016-02-26,32763.721541593248
2016-02-29,33079.56595972426
2016-03-01,32670.623351905266
2016-03-02,32018.64559972669
2016-03-03,33257.95831387838
2016-03-04,32632.300831462355
2016-03-07,32404.319211823637
2016-03-08,31870.806492105214
2016-03-09,31358.847923935646
2016-03-10,31434.945139931253
2016-03-11,30998.021942416737
2016-03-14,30846.728030294034
2016-03-15,31684.46169582355
2016-03-16,31691.617403271375
2016-03-17,32074.98042478086
2016-03-18,31608.50514393406
2016-03-21,30932.438128962145
2016-03-22,31335.02164368139
2016-03-23,31595.740080712258
2016-03-24,32117.719679706803
2016-03-28,32282.17966810301
2016-03-29,32444.96407734524
2016-03-30,32289.353368413143
2016-03-31,32646.23820456477
2016-04-01,32789.1119491621
2016-04-04,32777.77974943289
2016-04-05,32839.723946518796
2016-04-06,33058.591226303186
2016-04-07,33289.97122833622
2016-04-08,32949.96911851815
2016-04-11,33493.885786256295
2016-04-12,33059.06638506413
2016-04-13,32736.62161863912
2016-04-14,32222.088928817182
2016-04-15,32058.57723352357
2016-04-18,31443.819724900855
2016-04-19,31437.156836947812
2016-04-20,31333.491528899835
2016-04-21,31722.42827240112
2016-04-22,31502.45942116359
2016-04-25,31403.605536119212
2016-04-26,31529.8955086357
2016-04-27,30854.686235820005
2016-04-28,31810.964529157485
2016-04-29,31915.370874977532
2016-05-02,31544.597179485983
2016-05-03,31430.465528556768
2016-05-04,31178.4906336198
2016-05-05,31476.35328656711
2016-05-06,31717.723599041477
2016-05-09,31657.416290363748
2016-05-10,31422.83661927455
2016-05-11,31004.806561829166
2016-05-12,30796.250109699977
2016-05-13,30191.339472874897
2016-05-16,29739.732575345755
2016-05-17,29781.721706857235
2016-05-18,29954.51594415651
2016-05-19,29493.61625320059
2016-05-20,29829.696492139377
2016-05-23,29746.28510176188
2016-05-24,30144.662115496427
2016-05-25,29711.442372604593
2016-05-26,29753.890123181613
2016-05-27,29751.022801187373
2016-05-31,29475.520374116666
2016-06-01,29214.323872717672
2016-06-02,29190.28858715138
2016-06-03,29537.78624499858
2016-06-06,29088.565975818838
2016-06-07,29228.985754935446
2016-06-08,29556.180328044073
2016-06-09,29732.39200159617
2016-06-10,29458.370012260097
2016-06-13,28886.86869737238
2016-06-14,28964.934158849566
2016-06-15,29257.295560957224
2016-06-16,29247.809489555857
2016-06-17,29762.546257709033
2016-06-20,30198.877024809488
2016-06-21,30471.61212588133
2016-06-22,30091.809273611285
2016-06-23,30073.89618468379
2016-06-24,29995.764075894604
2016-06-27,30461.76385827664
2016-06-28,30346.36861998141
2016-06-29,30417.79799904558
2016-06-30,30276.875646145472
2016-07-01,30266.051936429514
2016-07-05,29694.51302745641
2016-07-06,29943.259753969494
2016-07-07,29690.069297918006
2016-07-08,29154.073430909975
2016-07-11,29080.602834934052
2016-07-12,29053.262596481443
2016-07-13,28782.69161824066
2016-07-14,28805.132656766928
2016-07-15,29353.43239368259
2016-07-18,29178.416303811384
2016-07-19,28483.45146937682
2016-07-20,28355.365214537185
2016-07-21,27753.732682795646
2016-07-22,28122.906218918073
2016-07-25,27895.946911966468
2016-07-26,27880.36636762089
2016-07-27,28550.066461677747
2016-07-28,28352.85607846335
2016-07-29,27773.911140239223
2016-08-01,27934.31163466025
2016-08-02,27426.689595971377
2016-08-03,27619.86216277435
2016-08-04,27486.224574546806
2016-08-05,27356.23622283408
2016-08-08,27188.750144785346
2016-08-09,27246.403153207804
2016-08-10,27424.079703657713
2016-08-11,27536.47624096501
2016-08-12,27305.128938842994
2016-08-15,27109.713062658782
2016-08-16,27352.174926639655
2016-08-17,27860.40007010009
2016-08-18,28276.15483944682
2016-08-19,28363.194278730738
2016-08-22,28617.04269156359
2016-08-23,29261.603648208762
2016-08-24,29125.957218487463
2016-08-25,29393.101631905763
2016-08-26,29164.346994776246
2016-08-29,29988.724808520958
2016-08-30,30361.76637442861
2016-08-31,29913.110859718683
2016-09-01,30523.057152983136
2016-09-02,30059.666822250754
2016-09-06,29833.40010588727
2016-09-07,29405.956130031955
2016-09-08,29508.777475888895
2016-09-09,29587.857151116517
2016-09-12,29017.581991717572
2016-09-13,29164.70858066043
2016-09-14,29230.880715438852
2016-09-15,29248.804405466086
2016-09-16,29284.909275061895
2016-09-19,28835.868606329484
2016-09-20,28767.193317432833
2016-09-21,28509.127386039316
2016-09-22,28299.69345879314
2016-09-23,28183.437118250222
2016-09-26,27866.690383411635
2016-09-27,27670.717564699768
2016-09-28,27710.248272968627
2016-09-29,27798.22077816449
2016-09-30,27328.24997962158
2016-10-03,27125.434958784157
2016-10-04,27336.43375400707
2016-10-05,26781.480042511856
2016-10-06,27017.991624380105
2016-10-07,27108.972256270517
2016-10-10,27231.058604525762
2016-10-11,27693.121407830316
2016-10-12,28029.770097294684
2016-10-13,27724.11552201687
2016-10-14,28048.519225808264
2016-10-17,28260.449976756758
2016-10-18,28009.884195597584
2016-10-19,28165.873719314524
2016-10-20,28323.97279741324
2016-10-21,28497.988936307684
2016-10-24,28261.796302835137
2016-10-25,28074.42334049601
2016-10-26,28432.490331936213
2016-10-27,28501.16727003941
2016-10-28,28729.765017025726
2016-10-31,29342.292653309432
2016-11-01,29204.172871264633
2016-11-02,29923.695907475143
2016-11-03,29365.962751665684
2016-11-04,29254.271765817633
2016-11-07,29405.533923725852
2016-11-08,29362.43562945361
2016-11-09,28618.18745576339
2016-11-10,28428.429205505545
2016-11-11,28070.354010028404
2016-11-14,27701.37992637763
2016-11-15,27606.906497263488
2016-11-16,27527.836186992277
2016-11-17,27896.187082859407
2016-11-18,27858.510134612094
2016-11-21,27120.361391238606
2016-11-22,26744.169531107833
2016-11-23,26764.48751707973
2016-11-25,26907.958700079387
2016-11-28,26825.019791872768
2016-11-29,27570.478254216356
2016-11-30,27238.83426027847
2016-12-01,27366.90507054986
2016-12-02,27300.6934365083
2016-12-05,27286.122539417614
2016-12-06,27387.346186042836
2016-12-07,27494.179251154983
2016-12-08,27670.164491024087
2016-12-09,27542.790162605008
2016-12-12,28045.388287448957
2016-12-13,27852.469015509407
2016-12-14,27277.64603011754
2016-12-15,27245.80010066357
2016-12-16,27318.427475037166
2016-12-19,27032.536874968184
2016-12-20,27045.30306507713
2016-12-21,27338.407791483663
2016-12-22,27175.864276425873
2016-12-23,26879.736223934004
2016-12-27,26759.005783316527
2016-12-28,26859.536251181078
2016-12-29,26479.728018581212
2016-12-30,26142.084562111402
2017-01-03,26383.578337167364
2017-01-04,26330.932370484294
2017-01-05,26390.177640156096
2017-01-06,26510.652519769235
2017-01-09,26674.210916947795
2017-01-10,26907.949139034987
2017-01-11,26468.254539266934
2017-01-12,26555.22401982009
2017-01-13,25831.784668989618
2017-01-17,25674.874106901552
2017-01-18,25433.878117992994
2017-01-19,25613.375965764906
2017-01-20,25959.534667098815
2017-01-23,26143.37836818743
2017-01-24,26215.35570869513
2017-01-25,26008.172345331364
2017-01-26,25872.390038415942
2017-01-27,25727.593598448337
2017-01-30,25699.964768368423
2017-01-31,26346.986820658763
2017-02-01,26482.87543826662
2017-02-02,26535.168299371504
2017-02-03,26088.136295970704
2017-02-06,25808.013488070592
2017-02-07,26398.493041487694
2017-02-08,26361.320035789453
2017-02-09,25798.863842012877
2017-02-10,25776.801308803948
2017-02-13,25585.400295059673
2017-02-14,25858.881067686616
2017-02-15,25665.732071012764
2017-02-16,25283.47681736339
2017-02-17,24645.327394380398
2017-02-21,24125.102581220242
2017-02-22,24148.116419019178
2017-02-23,24513.273042104967
2017-02-24,24657.087068249682
2017-02-27,24371.394854326314
2017-02-28,24508.900504681686
2017-03-01,24269.226511572997
2017-03-02,23866.623698024727
2017-03-03,23785.82839997086
2017-03-06,24605.43406835337
2017-03-07,24110.077650611183
2017-03-08,24398.5027514
2017-03-09,24362.022081852196
2017-03-10,24189.207263348388
2017-03-13,23896.471411240636
2017-03-14,23984.55794041414
2017-03-15,23745.79649155499
2017-03-16,23741.721381900115
2017-03-17,24030.472088475788
2017-03-20,24204.855785553616
2017-03-21,24216.181198231516
2017-03-22,24267.230267761806
2017-03-23,24435.807372488496
2017-03-24,24148.990553225216
2017-03-27,24125.084731629937
2017-03-28,24538.555494451044
2017-03-29,24427.56643069772
2017-03-30,25157.982138880696
2017-03-31,25296.391527528798
2017-04-03,25375.65723708728
2017-04-04,25782.88151978725
2017-04-05,25860.090296663162
2017-04-06,26040.2647294557
2017-04-07,26448.581623069076
2017-04-10,26557.776309766567
2017-04-11,26858.169079495357
2017-04-12,27532.31607573867
2017-04-13,27132.81290915473
2017-04-17,27184.058400500737
2017-04-18,27387.735956105684
2017-04-19,28102.092047821803
2017-04-20,28364.543495660026
2017-04-21,28288.65490638188
2017-04-24,28256.27723099302
2017-04-25,28297.035363496572
2017-04-26,28362.008722184524
2017-04-27,28805.218511649917
2017-04-28,29422.4809812151
2017-05-01,29717.81654003114
2017-05-02,29996.795006884455
2017-05-03,29739.905060696383
2017-05-04,30169.590829566747
2017-05-05,30026.265212197854
2017-05-08,30712.62048413558
2017-05-09,30747.12185454617
2017-05-10,30411.017546875322
2017-05-11,30166.9648745644
2017-05-12,30427.84689693943
2017-05-15,30224.31819572099
2017-05-16,30555.574191392756
2017-05-17,30949.488668250993
2017-05-18,30248.445730762527
2017-05-19,30435.55202636088
2017-05-22,30393.00330333991
2017-05-23,30360.897315147984
2017-05-24,30118.586847719474
2017-05-25,30424.93077957667
2017-05-26,30404.90487153046
2017-05-30,30582.42190612777
2017-05-31,29830.594096305755
2017-06-01,30051.766053764743
2017-06-02,30350.48234303332
2017-06-05,30746.46238500551
2017-06-06,30357.128049074185
2017-06-07,30736.63458186245
2017-06-08,31458.690246350383
2017-06-09,31280.792642694032
2017-06-12,31339.904367066625
2017-06-13,31193.199579040847
2017-06-14,30686.907288325467
2017-06-15,31238.678891584943
2017-06-16,31007.648471664972
2017-06-19,31520.882791431166
2017-06-20,31932.87549002448
2017-06-21,32526.40338216462
2017-06-22,31790.678637011508
2017-06-23,32390.136950398348
2017-06-26,32591.67161912779
2017-06-27,31672.89841469287
2017-06-28,31448.812881792936
2017-06-29,31318.365951641306
2017-06-30,31225.4175472809
2017-07-03,31082.689592764975
2017-07-05,31147.812363287485
2017-07-06,30688.456119193394
2017-07-07,30808.454134799355
2017-07-10,30743.228990560994
2017-07-11,30261.97402014292
2017-07-12,30420.82552399072
2017-07-13,30439.919898049702
2017-07-14,29727.31643037489
2017-07-17,29875.217920195424
2017-07-18,29954.05022350744
2017-07-19,30106.888764021147
2017-07-20,29969.08351208249
2017-07-21,29729.9887606914
2017-07-24,29930.77991811719
2017-07-25,30234.756170761066
2017-07-26,30047.353741142706
2017-07-27,30616.876144242568
2017-07-28,30446.60985336414
2017-07-31,30466.111657744208
2017-08-01,30364.481276849285
2017-08-02,30536.1506669019
2017-08-03,30486.3827887693
2017-08-04,30990.575668927915
2017-08-07,31707.549175763317
2017-08-08,31838.669661475036
2017-08-09,31632.407716770238
2017-08-10,31927.5408720704
2017-08-11,31900.88323898312
2017-08-14,31533.052805569834
2017-08-15,31137.538798269
2017-08-16,30933.316188827223
2017-08-17,30793.012769264333
2017-08-18,31360.89672347373
2017-08-21,31288.530068115277
2017-08-22,31306.115647860224
2017-08-23,31536.728174145326
2017-08-24,31415.03629336425
2017-08-25,31250.47409208826
2017-08-28,31608.200494639023
2017-08-29,31277.410674151837
2017-08-30,31836.249617172714
2017-08-31,31494.07801587254
2017-09-01,31241.395689128203
2017-09-05,31141.213374968578
2017-09-06,31043.510360560907
2017-09-07,31791.379755268812
2017-09-08,31881.319920467606
2017-09-11,31983.69190378395
2017-09-12,31988.650694692173
2017-09-13,32152.838953366852
2017-09-14,31411.56547619889
2017-09-15,30721.319233914506
2017-09-18,30228.287621435473
2017-09-19,30650.504324606558
2017-09-20,30340.393257778247
2017-09-21,30869.68833033845
2017-09-22,31068.789884290974
2017-09-25,31129.90039550991
2017-09-26,31122.424952070312
2017-09-27,30678.34242814706
2017-09-28,30217.737799555063
2017-09-29,29616.089673651353
2017-10-02,29955.231106531384
2017-10-03,29568.67476486831
2017-10-04,29613.691172533934
2017-10-05,29927.852025254495
2017-10-06,30032.994237242103
2017-10-09,29598.678100675435
2017-10-10,28957.860663636937
2017-10-11,29026.215751688367
2017-10-12,29440.755628654184
2017-10-13,29355.933711375506
2017-10-16,29737.860547509317
2017-10-17,29568.854294498615
2017-10-18,29408.292964398082
2017-10-19,29315.50861024481
2017-10-20,28611.81543240363
2017-10-23,29393.52255144391
2017-10-24,29141.85510797246
2017-10-25,29092.22547044744
2017-10-26,29437.58118082442
2017-10-27,29461.373455633464
2017-10-30,29359.990797860253
2017-10-31,29117.34663528687
2017-11-01,29708.547678078216
2017-11-02,28926.33803763615
2017-11-03,28939.623835861894
2017-11-06,28762.53471188685
2017-11-07,28457.586511249996
2017-11-08,28713.90821346354
2017-11-09,28221.596872986185
2017-11-10,28360.905923747076
2017-11-13,28758.142103729442
2017-11-14,28743.58408330294
2017-11-15,28596.5342738206
2017-11-16,28569.912592709352
2017-11-17,28177.533137570277
2017-11-20,28280.38875984947
2017-11-21,28631.72871852681
2017-11-22,28879.11735881657
2017-11-24,28618.747154787194
2017-11-27,28763.50462862559
2017-11-28,28894.351985902777
2017-11-29,28878.551759197566
2017-11-30,28614.357851608882
2017-12-01,28468.5076666804
2017-12-04,28513.584580628765
2017-12-05,28703.762004484655
2017-12-06,29129.78239011138
2017-12-07,29258.46600587994
2017-12-08,29153.516254731094
2017-12-11,29018.792047596573
2017-12-12,29001.036761483858
2017-12-13,29430.716897965885
2017-12-14,28697.95013523695
2017-12-15,29166.44233259646
2017-12-18,29077.788523678635
2017-12-19,29274.251095134976
2017-12-20,29104.169573636533
2017-12-21,29377.15446822523
2017-12-22,29166.190887687753
2017-12-26,28666.361054446163
2017-12-27,28957.52433678825
2017-12-28,29321.600767280703
2017-12-29,29976.335680419514
2018-01-02,30131.85842570148
2018-01-03,30069.925650895948
2018-01-04,30112.50276021134
2018-01-05,30249.882752700938
2018-01-08,30109.551402779318
2018-01-09,29709.1440317955
2018-01-10,29137.074734668575
2018-01-11,29194.009881445265
2018-01-12,28557.36666098968
2018-01-16,29108.613456290757
2018-01-17,29562.222470870136
2018-01-18,29788.256420027523
2018-01-19,29708.306487839105
2018-01-22,30192.384169581957
2018-01-23,30130.72020276475
2018-01-24,29440.53164496511
2018-01-25,28879.159369698573
2018-01-26,29033.47685901561
2018-01-29,29272.643316333862
2018-01-30,29069.532774367584
2018-01-31,29520.337357393433
2018-02-01,29723.262758583656
2018-02-02,29556.355535181046
2018-02-05,29500.075993145885
2018-02-06,29363.961196390355
2018-02-07,29422.53961208507
2018-02-08,29546.678472723084
2018-02-09,30165.650504576723
2018-02-12,30047.6259540824
2018-02-13,29776.217610362044
2018-02-14,29770.368930790777
2018-02-15,29517.440735049397
2018-02-16,29179.99446145607
2018-02-20,29535.20146247021
2018-02-21,29079.85871661368
2018-02-22,28820.79835244062
2018-02-23,28997.21941534702
2018-02-26,28791.765433726578
2018-02-27,28826.04778484413
2018-02-28,28581.519173448047
2018-03-01,28311.34048962756
2018-03-02,28942.615466864663
2018-03-05,29072.06253399172
2018-03-06,28959.701222269945
2018-03-07,28984.908002221993
2018-03-08,28637.98246714225
2018-03-09,28535.957101173728
2018-03-12,28742.93189873982
2018-03-13,29108.306565769773
2018-03-14,28838.32375125248
2018-03-15,28149.79805020344
2018-03-16,28800.244594906322
2018-03-19,29432.083506861945
2018-03-20,29493.010586397886
2018-03-21,29832.365184815408
2018-03-22,29814.03929090015
2018-03-23,29671.103738697973
2018-03-26,30085.386848271355
2018-03-27,30421.960646596028
2018-03-28,30456.701422734302
2018-03-29,30290.0071319083
2018-04-02,29768.52010986568
2018-04-03,29719.18419969264
2018-04-04,29970.58583866437
2018-04-05,29710.64645609874
2018-04-06,30017.80731365943
2018-04-09,30006.09529283201
2018-04-10,30379.603322136594
2018-04-11,30294.75584320294
2018-04-12,30552.46892835457
2018-04-13,30855.825740903765
2018-04-16,30846.88247905843
2018-04-17,30748.71172659673
2018-04-18,30475.86515714421
2018-04-19,30879.08925815492
2018-04-20,30690.274530583985
2018-04-23,30607.74574194975
2018-04-24,31151.215865962284
2018-04-25,31207.187090595075
2018-04-26,30767.26273300896
2018-04-27,31309.511234650425
2018-04-30,31139.65573908538
2018-05-01,31268.637040265676
2018-05-02,31260.52430063131
2018-05-03,30916.14354543585
2018-05-04,32183.96395212722
2018-05-07,31724.476910971232
2018-05-08,32239.322835154628
2018-05-09,31912.175530871424
2018-05-10,31800.462486241555
2018-05-11,31864.2425184998
2018-05-14,31638.16534064606
2018-05-15,31132.7685933691
2018-05-16,30948.470636942642
2018-05-17,31187.498395268172
2018-05-18,30986.871727428283
2018-05-21,30720.3659289665
2018-05-22,30964.455907043033
2018-05-23,31138.212516985623
2018-05-24,31330.95787783801
2018-05-25,31762.953120087226
2018-05-29,32599.46105911218
2018-05-30,32591.72232771761
2018-05-31,32668.872227769836
2018-06-01,32663.064146709323
2018-06-04,32631.064659237236
2018-06-05,32816.63667857313
2018-06-06,32832.82348258309
2018-06-07,32401.307656324003
2018-06-08,31862.61923021421
2018-06-11,31693.305964973504
2018-06-12,31291.96955978154
2018-06-13,31218.777183880597
2018-06-14,31127.196760406543
2018-06-15,31133.426581270858
2018-06-18,31047.238210697495
2018-06-19,31776.073323227407
2018-06-20,31761.588104282804
2018-06-21,31695.841553145325
2018-06-22,31593.959389413114
2018-06-25,31645.413329090137
2018-06-26,31837.92918390662
2018-06-27,31145.681654064014
2018-06-28,31443.321818004297
2018-06-29,31877.262540661664
2018-07-02,32264.94532537367
2018-07-03,32208.316851951873
2018-07-05,32306.20825432915
2018-07-06,32660.876556776515
2018-07-09,32248.59886494358
2018-07-10,32310.316564152894
2018-07-11,32175.302727820923
2018-07-12,32157.83118485986
2018-07-13,32500.835097790357
2018-07-16,32659.170528360904
2018-07-17,32073.146542449966
2018-07-18,32808.328472877525
2018-07-19,32930.35454998475
2018-07-20,32379.61509080707
2018-07-23,32112.165617815852
2018-07-24,31635.51292597414
2018-07-25,31813.45082063526
2018-07-26,32062.6829101549
2018-07-27,31956.986941904233
2018-07-30,32073.53840587662
2018-07-31,31750.725047208613
2018-08-01,31754.901105156572
2018-08-02,32139.393187742167
2018-08-03,32767.226066086336
2018-08-06,33077.88241917467
2018-08-07,32764.38331767614
2018-08-08,32857.69576481975
2018-08-09,32840.58806677671
2018-08-10,32835.04994748892
2018-08-13,32632.33413189219
2018-08-14,32582.324409021017
2018-08-15,31851.72969318765
2018-08-16,32165.43840706002
2018-08-17,31977.286443107158
2018-08-20,32657.91693860794
2018-08-21,32432.16920319791
2018-08-22,32868.19802146793
2018-08-23,32554.482522714025
2018-08-24,33205.26130001526
2018-08-27,33181.89721626367
2018-08-28,32572.606047636167
2018-08-29,32864.68747091563
2018-08-30,33109.408574887966
2018-08-31,32596.564502655532
2018-09-04,33259.0931844448
2018-09-05,33404.22879184158
2018-09-06,33539.77004017195
2018-09-07,33864.55761547401
2018-09-10,33802.24812117009
2018-09-11,34523.23391612402
2018-09-12,33812.946106645024
2018-09-13,33254.73098398445
2018-09-14,33259.449202139425
2018-09-17,33438.432650979
2018-09-18,33559.21466069538
2018-09-19,34483.67311361113
2018-09-20,34362.27082818712
2018-09-21,34125.29500655269
2018-09-24,34066.27861661086
2018-09-25,34034.50101711089
2018-09-26,33191.059948892005
2018-09-27,32854.571448922004
2018-09-28,32851.30554567787
2018-10-01,32194.432468678824
2018-10-02,32055.781822351135
2018-10-03,31753.089447123126
2018-10-04,31674.89578807736
2018-10-05,32032.634961352647
2018-10-08,31371.547658191135
2018-10-09,32087.05949695089
2018-10-10,32165.430953892297
2018-10-11,32082.321189873208
2018-10-12,32401.584568673574
2018-10-15,32429.763620425554
2018-10-16,32499.14841635817
2018-10-17,32714.403471358826
2018-10-18,32298.860137608855
2018-10-19,31877.299705713674
2018-10-22,31980.709676427803
2018-10-23,31491.44925191144
2018-10-24,32048.57853522318
2018-10-25,32227.887352558937
2018-10-26,32266.787674344137
2018-10-29,32441.55806838189
2018-10-30,32553.236646891313
2018-10-31,32712.009215344937
2018-11-01,32585.531860385094
2018-11-02,32652.679163031728
2018-11-05,32644.081353510042
2018-11-06,33382.97146973315
2018-11-07,33308.737111176546
2018-11-08,33778.67079599433
2018-11-09,33855.351614871644
2018-11-12,33660.68338379661
2018-11-13,34027.92489038786
2018-11-14,33579.38165522778
2018-11-15,33850.17892385665
2018-11-16,33953.177918153764
2018-11-19,34357.32119344368
2018-11-20,34748.62066354421
2018-11-21,34236.89608694161
2018-11-23,33489.722479234166
2018-11-26,33375.80666497106
2018-11-27,33507.62408345181
2018-11-28,32842.90349185013
2018-11-29,33152.637841028285
2018-11-30,33731.2226587637
2018-12-03,33524.85351707059
2018-12-04,33561.06050331553
2018-12-06,33567.11289234335
2018-12-07,33729.96857694757
2018-12-10,33503.706664844845
2018-12-11,33305.57121426024
2018-12-12,33842.48788959039
2018-12-13,34277.133953551674
2018-12-14,33405.68418891387
2018-12-17,32988.18096197023
2018-12-18,33120.31359602167
2018-12-19,32761.210136484166
2018-12-20,33023.82848916482
2018-12-21,32283.586102209687
2018-12-24,32197.08657916881
2018-12-26,32237.677875408874
2018-12-27,31852.54991667669
2018-12-28,32188.055977306518
2018-12-31,32450.593461600634
2019-01-02,32334.369387983377
2019-01-03,31999.34834957916
2019-01-04,32124.080291456467
2019-01-07,32098.49983257858
2019-01-08,31993.93836109195
2019-01-09,31259.024091513
2019-01-10,31159.568068434415
2019-01-11,30722.357463870256
2019-01-14,30124.029729541886
2019-01-15,30590.93314724617
2019-01-16,30753.090280544016
2019-01-17,30680.356050942137
2019-01-18,31087.857093756204
2019-01-22,31248.61817301295
2019-01-23,31315.43051456352
2019-01-24,31345.89554853917
2019-01-25,31050.70883358284
2019-01-28,31477.67113813132
2019-01-29,31987.384164891388
2019-01-30,31704.975406372636
2019-01-31,31706.471724011775
2019-02-01,31794.866216043512
2019-02-04,31850.13317379997
2019-02-05,31919.002944987016
2019-02-06,32064.216784106888
2019-02-07,32439.935259194488
2019-02-08,32933.91072807108
2019-02-11,32776.00422158092
2019-02-12,32725.563430114657
2019-02-13,33052.10455264803
2019-02-14,33323.223296154116
2019-02-15,32932.317699966196
2019-02-19,32687.67839673877
2019-02-20,33078.770883546145
2019-02-21,32810.806017879266
2019-02-22,32511.895923537137
2019-02-25,31981.56285532428
2019-02-26,31713.513050915077
2019-02-27,31539.219875668823
2019-02-28,31386.72274087405
2019-03-01,32294.581215246595
2019-03-04,32385.70932123838
2019-03-05,32428.812798814295
2019-03-06,32286.674116984337
2019-03-07,32703.26577839708
2019-03-08,32829.1713094275
2019-03-11,33423.222053732185
2019-03-12,33908.6637115579
2019-03-13,33308.45881216267
2019-03-14,33323.518038699985
2019-03-15,33401.029841655116
2019-03-18,33305.664782039436
2019-03-19,33582.26812219662
2019-03-20,33168.47018326678
2019-03-21,33134.23849498904
2019-03-22,32991.62756939266
2019-03-25,32837.357282501485
2019-03-26,32495.03532107759
2019-03-27,31888.944357108037
2019-03-28,32259.105138314655
2019-03-29,32259.544753920196
2019-04-01,31871.325827698114
2019-04-02,31778.99868370512
2019-04-03,32029.028733523242
2019-04-04,31515.582102911227
2019-04-05,30898.762009807913
2019-04-08,31097.95830832784
2019-04-09,30843.928496483466
2019-04-10,30976.29041688333
2019-04-11,30933.223725155538
2019-04-12,30935.791770172604
2019-04-15,30873.399027625932
2019-04-16,30876.441813818394
2019-04-17,31337.409741966483
2019-04-18,31320.494279741757
2019-04-22,31112.775244311255
2019-04-23,31811.779354436363
2019-04-24,32117.68092721216
2019-04-25,32055.40707087988
2019-04-26,33026.773860061156
2019-04-29,33004.84453333956
2019-04-30,32433.286602202454
2019-05-01,32682.889108154526
2019-05-02,32534.520316995655
2019-05-03,32223.74371449555
2019-05-06,32187.16607624002
2019-05-07,32526.42837858872
2019-05-08,32775.72650789935
2019-05-09,32590.38107036623
2019-05-10,32433.217281962192
2019-05-13,32937.33882079576
2019-05-14,32800.06757516719
2019-05-15,33057.484584676095
2019-05-16,32542.907176589695
2019-05-17,32602.47084677422
2019-05-20,32687.097688466776
2019-05-21,32897.28884926255
2019-05-22,33034.08640220851
2019-05-23,32831.68672225659
2019-05-24,33073.07852623475
2019-05-28,32990.90082515901
2019-05-29,32454.73755357388
2019-05-30,32120.274283749106
2019-05-31,31737.671833090888
2019-06-03,31495.50459118435
2019-06-04,31121.675050455724
2019-06-05,30674.77423294578
2019-06-06,31229.639219167657
2019-06-07,31166.314575588352
2019-06-10,31450.555268401713
2019-06-11,31339.490792540517
2019-06-12,31213.09434341096
2019-06-13,31384.743463873514
2019-06-14,31178.0450723436
2019-06-17,30788.89616647787
2019-06-18,30463.203414839376
2019-06-19,30025.20678082701
2019-06-20,30450.64924744739
2019-06-21,30743.133858512152
2019-06-24,31024.74108426436
2019-06-25,31071.551942913713
2019-06-26,31663.211886773708
2019-06-27,32276.991050743694
2019-06-28,32030.348559184316
2019-07-01,31777.926020061357
2019-07-02,31534.353972307577
2019-07-03,31047.120703374334
2019-07-05,31288.19392886789
2019-07-08,31446.92802807991
2019-07-09,31613.14105836028
2019-07-10,31309.39752461095
2019-07-11,30921.869896586464
2019-07-12,31757.47769342213
2019-07-15,32093.716414564384
2019-07-16,32199.200929120325
2019-07-17,32499.88741471001
2019-07-18,32133.44651161481
2019-07-19,32427.247549508356
2019-07-22,32501.938919730987
2019-07-23,32291.858126442527
2019-07-24,32836.75631980542
2019-07-25,32806.33058020643
2019-07-26,32695.06922947711
2019-07-29,32854.229124269616
2019-07-30,33032.3125177943
2019-07-31,32798.69007793587
2019-08-01,33470.360895986654
2019-08-02,34307.7204873924
2019-08-05,34042.16579764555
2019-08-06,34876.744867467416
2019-08-07,34672.264009203274
2019-08-08,35122.20667180965
2019-08-09,35527.62506443803
2019-08-12,35250.66390616723
2019-08-13,35106.53050412051
2019-08-14,34300.550580747775
2019-08-15,34359.6758898426
2019-08-16,34090.46451664866
2019-08-19,35021.97132532208
2019-08-20,35194.890271202836
2019-08-21,33853.0558630227
2019-08-22,33731.56893109496
2019-08-23,34152.623037523554
2019-08-26,33755.40069715231
2019-08-27,33993.52579664683
2019-08-28,33873.200352818414
2019-08-29,33782.01622884389
2019-08-30,33538.70156899915
2019-09-03,33525.11280656581
2019-09-04,33168.499388615644
2019-09-05,33126.40240530011
2019-09-06,32721.337731387823
2019-09-09,32930.06955892944
2019-09-10,33426.70084734153
2019-09-11,32920.23004057145
2019-09-12,32808.103272086184
2019-09-13,32715.49726933928
2019-09-16,32159.819238407537
2019-09-17,32575.84044502518
2019-09-18,32349.337713436707
2019-09-19,32400.289165180842
2019-09-20,32567.707434113938
2019-09-23,32266.17632673882
2019-09-24,32025.20103771233
2019-09-25,31726.92824230314
2019-09-26,32107.577273482995
2019-09-27,31564.388050513597
2019-09-30,31498.295101512256
2019-10-01,32289.17234342685
2019-10-02,32557.74938948374
2019-10-03,32547.029876763958
2019-10-04,33288.083672662666
2019-10-07,33452.76715948061
2019-10-08,32712.98495556832
2019-10-09,32403.0442680882
2019-10-10,32495.2396521376
2019-10-11,32454.403233040644
2019-10-14,32584.01300577217
2019-10-15,32691.387854582354
2019-10-16,32831.396779927694
2019-10-17,32878.2346279304
2019-10-18,33567.15023806336
2019-10-21,33300.507916645234
2019-10-22,32918.686875802036
2019-10-23,32852.894246700016
2019-10-24,33339.190436160425
2019-10-25,33297.70346857441
2019-10-28,32812.26166674325
2019-10-29,32700.748174447697
2019-10-30,32609.494060997786
2019-10-31,33122.447155757654
2019-11-01,33338.24823366431
2019-11-04,33341.50872966098
2019-11-05,33197.72944704181
2019-11-06,32929.17596086226
2019-11-07,33455.957976703474
2019-11-08,34049.2477354818
2019-11-11,34301.63834731507
2019-11-12,34249.206191816505
2019-11-13,33694.80816360921
2019-11-14,34060.10340628063
2019-11-15,33357.65817113035
2019-11-18,33335.05765580962
2019-11-19,33442.146474311245
2019-11-20,32948.1361491974
2019-11-21,33257.28181061691
2019-11-22,33611.95187292791
2019-11-25,33963.20680996022
2019-11-26,33990.08326860265
2019-11-27,34705.272359948576
2019-11-29,34262.20869729403
2019-12-02,34153.23768321374
2019-12-03,33834.020969845915
2019-12-04,33839.95694185107
2019-12-05,33817.91263801892
2019-12-06,33546.274540446844
2019-12-09,33532.03555729448
2019-12-10,33080.81082701107
2019-12-11,33352.5895415447
2019-12-12,32687.594772431108
2019-12-13,32274.34085877917
2019-12-16,31938.78639226798
2019-12-17,31682.244342980735
2019-12-18,32413.343465419675
2019-12-19,32086.008855091437
2019-12-20,32299.50390795082
2019-12-23,32198.600184847528
2019-12-24,31998.258007658675
2019-12-26,31807.12193058015
2019-12-27,31822.503892998273
2019-12-30,31177.04884090423
2019-12-31,30807.412800393457
2020-01-02,30152.693474809814
2020-01-03,30526.05355242481
2020-01-06,31115.320377830136
2020-01-07,31314.994129314375
2020-01-08,31135.434471325327
2020-01-09,31494.18576088029
2020-01-10,31593.829110888106
2020-01-13,31910.491131537907
2020-01-14,32222.353847091337
2020-01-15,32140.845007821255
2020-01-16,32097.51451960135
2020-01-17,31938.31978645534
2020-01-21,31984.05487949634
2020-01-22,32311.252766945752
2020-01-23,31933.492127983653
2020-01-24,32558.195252582547
2020-01-27,32304.186979269172
2020-01-28,32254.221263522842
2020-01-29,32291.531847086357
2020-01-30,31781.505872827478
2020-01-31,31886.313874302265
2020-02-03,30750.592224489636
2020-02-04,30298.08612080523
2020-02-05,30346.412966616343
2020-02-06,29858.596286320542
2020-02-07,30554.249212072627
2020-02-10,30824.58614976124
2020-02-11,31253.72409027852
2020-02-12,31610.872365026436
2020-02-13,31592.093818289013
2020-02-14,31771.537352479685
2020-02-18,31975.223696537563
2020-02-19,31905.23162556443
2020-02-20,31965.319177971265
2020-02-21,31781.19997211066
2020-02-24,31318.24732460387
2020-02-25,31410.811744877796
2020-02-26,31543.778311877853
2020-02-27,31634.137026036253
2020-02-28,31598.16078271342
2020-03-02,31514.26649061391
2020-03-03,32171.283616424735
2020-03-04,32172.53968701884
2020-03-05,32039.30617109738
2020-03-06,31592.076142981918
2020-03-09,31384.34032752945
2020-03-10,31323.184119052254
2020-03-11,31330.50773973789
2020-03-12,31729.75023427799
2020-03-13,31522.25234390682
2020-03-16,31630.151324047292
2020-03-17,32169.127121148264
2020-03-18,32297.10981392564
2020-03-19,32537.70497239001
2020-03-20,32770.63806371345
2020-03-23,32996.37860544661
2020-03-24,33213.06788058136
2020-03-25,32767.40411821793
2020-03-26,33503.99055257534
2020-03-27,33170.78739638976
2020-03-30,33645.64193243735
2020-03-31,33185.83729973154
2020-04-01,32707.61147516107
2020-04-02,32795.186267929625
2020-04-03,32969.71034830651
2020-04-06,32679.78188295326
2020-04-07,32732.228631019
2020-04-08,32240.084166308618
2020-04-09,32890.1816125637
2020-04-13,32237.708596288387
2020-04-14,33080.53740199457
2020-04-15,33362.59977699558
2020-04-16,32802.89687377357
2020-04-17,33191.12880228478
2020-04-20,33013.11132862174
2020-04-21,33344.579724804404
2020-04-22,33503.455996256554
2020-04-23,33528.378889306376
2020-04-24,33140.37934504015
2020-04-27,32786.473125496326
2020-04-28,32486.14031962762
2020-04-29,32483.544152958162
2020-04-30,32205.13052865995
2020-05-01,32264.34143658095
2020-05-04,32238.822654078187
2020-05-05,32295.209131328145
2020-05-06,32151.06044360212
2020-05-07,32069.753421179925
2020-05-08,32601.893678446162
2020-05-11,32709.398712422848
2020-05-12,32994.47313239675
2020-05-13,33243.87054089147
2020-05-14,32664.94178576695
2020-05-15,32627.538330905598
2020-05-18,33293.160822918304
2020-05-19,33470.597721208
2020-05-20,33782.61172239236
2020-05-21,34034.31875953173
2020-05-22,34475.49744575967
2020-05-26,34789.20426047531
2020-05-27,34529.32093927362
2020-05-28,35243.064167123244
2020-05-29,35306.28515677583
2020-06-01,34027.41865229029
2020-06-02,33890.732300756594
2020-06-03,33516.6001538146
2020-06-04,33555.69134982543
2020-06-05,33888.21850282709
2020-06-08,34148.465094200146
2020-06-09,34124.15787826414
2020-06-10,33242.14785303964
2020-06-11,33513.34373404838
2020-06-12,33312.93328882741
2020-06-15,32972.535730351505
2020-06-16,32950.35867270834
2020-06-17,32612.472100745057
2020-06-18,31807.648653147997
2020-06-19,31977.607068420573
2020-06-22,31957.478563260047
2020-06-23,32246.13111310403
2020-06-24,32827.38123182264
2020-06-25,32488.28586546667
2020-06-26,32216.514534410282
2020-06-29,32829.012842741955
2020-06-30,32793.9477480498
2020-07-01,33443.32397697357
2020-07-02,33084.84932438957
2020-07-06,33101.65837264268
2020-07-07,32576.510534732155
2020-07-08,32650.85285103034
2020-07-09,33246.11875480123
2020-07-10,33480.692657010884
2020-07-13,33427.478904474396
2020-07-14,33753.2496455899
2020-07-15,33048.68773666115
2020-07-16,32227.92167180335
2020-07-17,32465.78289797737
2020-07-20,31774.37573648763
2020-07-21,31948.73435079986
2020-07-22,31690.688465175746
2020-07-23,31219.045955915073
2020-07-24,31138.159543360114
2020-07-27,30892.02280366246
2020-07-28,31974.426921947826
2020-07-29,32545.09994829641
2020-07-30,32543.00412717242
2020-07-31,32853.22101485696
2020-08-03,31925.714222507984
2020-08-04,31788.933880665027
2020-08-05,31592.89839974602
2020-08-06,31580.625315765126
2020-08-07,31072.622178765458
2020-08-10,31641.853309625338
2020-08-11,31249.55494456584
2020-08-12,31315.594998551664
2020-08-13,30977.212075048756
2020-08-14,31190.001208036883
2020-08-17,30953.012761033922
2020-08-18,31462.65580672418
2020-08-19,31505.370967167273
2020-08-20,31379.279067681913
2020-08-21,31097.051832583256
2020-08-24,31230.562899893386
2020-08-25,30904.5796190848
2020-08-26,30731.57069468082
2020-08-27,30775.269170068805
2020-08-28,30525.318136010264
2020-08-31,29920.199864332608
2020-09-01,29669.139788885954
2020-09-02,30387.61820770704
2020-09-03,30159.35036128866
2020-09-04,30453.791639792813
2020-09-08,30691.116051923666
2020-09-09,29943.461594247296
2020-09-10,30209.292826482702
2020-09-11,29923.91683065866
2020-09-14,30387.09982479336
2020-09-15,30388.910003901216
2020-09-16,30647.227779114928
2020-09-17,30713.59858413256
2020-09-18,30607.123695107595
2020-09-21,29910.43600836252
2020-09-22,29988.382696600438
2020-09-23,30087.075450649365
2020-09-24,29569.92147909727
2020-09-25,29540.86161685881
2020-09-28,29493.22954980256
2020-09-29,29288.579472369398
2020-09-30,29881.35475604236
2020-10-01,29890.062752479294
2020-10-02,29575.28518643327
2020-10-05,29275.171391006053
2020-10-06,28903.421204056925
2020-10-07,28749.907672980487
2020-10-08,29132.215497068853
2020-10-09,29034.406596485045
2020-10-12,28918.551973278292
2020-10-13,29149.41847232499
2020-10-14,29988.579850295348
2020-10-15,30155.647435045063
2020-10-16,30494.000294846195
2020-10-19,30186.178224136893
2020-10-20,29692.417772915032
2020-10-21,29790.964003940015
2020-10-22,29938.13176506499
2020-10-23,29988.076689394744
2020-10-26,29918.142798921148
2020-10-27,29521.749417436098
2020-10-28,29648.54400124218
2020-10-29,29559.128163708145
2020-10-30,29235.854927439013
2020-11-02,29376.085364135575
2020-11-03,28979.121757451092
2020-11-04,28940.56882190933
2020-11-05,29194.676622285515
2020-11-06,28439.99232906516
2020-11-09,28850.528581685983
2020-11-10,29179.555586178245
2020-11-11,29091.597085362406
2020-11-12,28688.03170684513
2020-11-13,28167.899889553726
2020-11-16,28020.64582944046
2020-11-17,27757.92786154413
2020-11-18,27669.633566976263
2020-11-19,27496.413082875126
2020-11-20,27460.51630593844
2020-11-23,27424.377613614408
2020-11-24,27205.0651035604
2020-11-25,27311.778756946023
2020-11-27,27117.110689574703
2020-11-30,27078.024845921977
2020-12-01,27327.905613266605
2020-12-02,26955.85007178037
2020-12-03,26807.09777348015
2020-12-04,27323.147094255015
2020-12-07,27014.7861169103
2020-12-08,27038.431358593505
2020-12-09,26725.801295145226
2020-12-10,26259.339413707592
2020-12-11,26690.610333748547
2020-12-14,26585.046198430613
2020-12-15,26776.336233821796
2020-12-16,26774.217903391214
2020-12-17,26694.489375588433
2020-12-18,26660.587059124347
2020-12-21,27060.015984564703
2020-12-22,26826.25646827061
2020-12-23,26806.26461414593
2020-12-24,26388.289926882986
2020-12-28,26604.59650781303
2020-12-29,26867.7209077708
2020-12-30,27584.70521419553
2020-12-31,27799.2535243853
2021-01-04,27077.411284311056
2021-01-05,26750.14322891612
2021-01-06,27534.130798847564
2021-01-07,27453.60898886481
2021-01-08,27810.35873585968
2021-01-11,27998.016048526322
2021-01-12,28188.538839535562
2021-01-13,28634.25396082841
2021-01-14,28977.052552569257
2021-01-15,28721.895265348034
2021-01-19,28780.219630456548
2021-01-20,29436.121631062775
2021-01-21,29219.72037736908
2021-01-22,29239.90961819828
2021-01-25,29381.510258240796
2021-01-26,29856.360467909362
2021-01-27,30021.34223365836
2021-01-28,30653.085980493142
2021-01-29,30406.169437473778
2021-02-01,29978.396773572218
2021-02-02,29484.978875925965
2021-02-03,29448.753060180003
2021-02-04,29862.72667785457
2021-02-05,29447.139480728216
2021-02-08,29217.812871277943
2021-02-09,28771.88745527266
2021-02-10,28832.284744127162
2021-02-11,28100.936925200414
2021-02-12,28265.244180678856
2021-02-16,28833.81593573814
2021-02-17,28817.725700306124
2021-02-18,29493.11702802386
2021-02-19,29152.396561469788
2021-02-22,29206.79826731998
2021-02-23,29011.556525611388
2021-02-24,28898.59663780158
2021-02-25,28920.262039051828
2021-02-26,28935.88651013145
2021-03-01,28718.615923265606
2021-03-02,28583.09065425726
2021-03-03,28331.34165442476
2021-03-04,28680.243898915334
2021-03-05,28293.441386788614
2021-03-08,28118.85550382821
2021-03-09,28667.260414718676
2021-03-10,28588.71614491564
2021-03-11,28427.722575218642
2021-03-12,28157.109599371997
2021-03-15,27647.693293259563
2021-03-16,28095.913050491163
2021-03-17,28310.84189007926
2021-03-18,28484.638008139547
2021-03-19,28180.836435833335
2021-03-22,27754.810567905788
2021-03-23,27660.668387402366
2021-03-24,27245.105918490106
2021-03-25,27906.599489849556
2021-03-26,27707.565970010182
2021-03-29,26896.153829290783
2021-03-30,26890.84582104603
2021-03-31,26277.720937721373
2021-04-01,26345.013082490943
2021-04-05,26241.472556040328
2021-04-06,26762.136309548583
2021-04-07,26329.610039471685
2021-04-08,26521.634522071472
2021-04-09,26120.491817424816
2021-04-12,26048.324718988843
2021-04-13,26564.753360803985
2021-04-14,26485.279041744423
2021-04-15,26733.058403528783
2021-04-16,26165.938081568507
2021-04-19,25718.84941628845
2021-04-20,26123.128289732686
2021-04-21,26683.34015030922
2021-04-22,26382.37605066584
2021-04-23,25980.471981888877
2021-04-26,25749.074280672547
2021-04-27,25696.654286743447
2021-04-28,25438.851315123207
2021-04-29,25468.535312321666
2021-04-30,25835.319259592452
2021-05-03,25408.79141500274
2021-05-04,25050.245797017156
2021-05-05,25371.29913730322
2021-05-06,25505.6065367471
2021-05-07,25793.429564866212
2021-05-10,25678.98360189922
2021-05-11,25433.059359238425
2021-05-12,25492.985215186884
2021-05-13,25488.414718515087
2021-05-14,25575.735632131593
2021-05-17,25076.776283046827
2021-05-18,24653.257994091873
2021-05-19,25250.58621784136
2021-05-20,25117.2978462738
2021-05-21,25243.665808977574
2021-05-24,25512.004735849838
2021-05-25,25477.098964057543
2021-05-26,25207.134830850173
2021-05-27,25583.898444821534
2021-05-28,25298.8875408911
2021-06-01,25105.930824721232
2021-06-02,25149.748700528842
2021-06-03,25109.93112771229
2021-06-04,25472.75785475035
2021-06-07,25461.30533112323
2021-06-08,24882.526287850116
2021-06-09,24780.989265977296
2021-06-10,24693.29429532323
2021-06-11,24484.97430234864
2021-06-14,24778.307746737697
2021-06-15,24334.221658503397
2021-06-16,24293.6260249828
2021-06-17,24329.399222230542
2021-06-18,24223.361738821364
2021-06-21,24574.17066999381
2021-06-22,24801.393810383688
2021-06-23,24839.18500167815
2021-06-24,24737.214348405847
2021-06-25,24866.18383601151
2021-06-28,25296.640245432292
2021-06-29,24984.696485707067
2021-06-30,24972.418003380688
2021-07-01,24348.621502048445
2021-07-02,24591.794603243583
2021-07-06,24424.940451951563
2021-07-07,24284.742768717875
2021-07-08,24205.63154487348
2021-07-09,24376.089636547877
2021-07-12,24219.287567145682
2021-07-13,24553.739459911758
2021-07-14,24265.143877455244
2021-07-15,24526.904838353745
2021-07-16,24492.9224600084
2021-07-19,24711.353155034816
2021-07-20,24423.735668312358
2021-07-21,24878.434269535308
2021-07-22,24873.09683122236
2021-07-23,25524.75447683539
2021-07-26,24921.004505653393
2021-07-27,25437.716761286236
2021-07-28,25657.568798458517
2021-07-29,26062.788948524154
2021-07-30,25584.292967669717
2021-08-02,25846.2588292068
2021-08-03,26328.942784080104
2021-08-04,26837.247794044033
2021-08-05,26561.648730937966
2021-08-06,26204.441482501876
2021-08-09,26666.378881944496
2021-08-10,26907.38417066905
2021-08-11,26614.589203951997
2021-08-12,26597.884216697712
2021-08-13,26740.108869238557
2021-08-16,26361.089907880014
2021-08-17,26487.83492262651
2021-08-18,26858.054420034747
2021-08-19,26619.997844526428
2021-08-20,26596.67593874166
2021-08-23,26774.605339366488
2021-08-24,26483.46495554199
2021-08-25,26114.681245071704
2021-08-26,25969.575251964525
2021-08-27,25831.641374797506
2021-08-30,26133.52339282003
2021-08-31,26388.5248649593
2021-09-01,26372.36090509822
2021-09-02,26273.101320728943
2021-09-03,25570.980727590948
2021-09-07,25823.270057794278
2021-09-08,25894.65600944219
2021-09-09,25734.104556597576
2021-09-10,25608.678266106224
2021-09-13,26585.253831908485
2021-09-14,26402.55597467795
2021-09-15,26201.085218667413
2021-09-16,25738.86637345351
2021-09-17,25754.043499111132
2021-09-20,26219.48709267729
2021-09-21,26247.364971232953
2021-09-22,26598.89835207096
2021-09-23,26680.759848424084
2021-09-24,26614.645813517156
2021-09-27,26868.49776975098
2021-09-28,26898.900773229787
2021-09-29,26985.48142064664
2021-09-30,27213.93708080885
2021-10-01,27133.974132296575
2021-10-04,27261.187757057734
2021-10-05,27748.683170091936
2021-10-06,27184.744933512953
2021-10-07,27254.292684668053
2021-10-08,27162.190136506222
2021-10-11,26760.12411609151
2021-10-12,26373.254858897184
2021-10-13,26273.21309928175
2021-10-14,26540.54714006265
2021-10-15,26400.813650852073
2021-10-18,26531.706227544655
2021-10-19,26590.115560309965
2021-10-20,26794.626272622038
2021-10-21,27211.235941114537
2021-10-22,27460.288976574193
2021-10-25,27679.70746828201
2021-10-26,27211.57652734204
2021-10-27,27064.2458166664
2021-10-28,26412.325903946854
2021-10-29,25809.370641680816
2021-11-01,26103.50372545684
2021-11-02,25828.054079839578
2021-11-03,26096.224738507284
2021-11-04,26236.17165581777
2021-11-05,26080.150175148738
2021-11-08,26221.816960877022
2021-11-09,26286.05710911507
2021-11-10,26331.773055930877
2021-11-11,26210.683551861308
2021-11-12,26448.198969430483
2021-11-15,25827.520240894122
2021-11-16,26194.45845198918
2021-11-17,26260.62641353783
2021-11-18,26371.292270622995
2021-11-19,26347.103399662137
2021-11-22,26352.93153744499
2021-11-23,26894.82416608377
2021-11-24,26749.457391227177
2021-11-26,26241.314474344275
2021-11-29,26386.39711143514
2021-11-30,26568.6708760589
2021-12-01,26458.815590560964
2021-12-02,26239.31678850471
2021-12-03,26116.03720404441
2021-12-06,26461.046381991768
2021-12-07,26692.02245233889
2021-12-08,27142.333471122336
2021-12-09,26953.81511880373
2021-12-10,26986.178516208656
2021-12-13,27074.50625558934
2021-12-14,27110.053840701537
2021-12-15,27177.49506833691
2021-12-16,26722.297727158468
2021-12-17,26823.356713412362
2021-12-20,26640.967685516793
2021-12-21,26587.147675407916
2021-12-22,26683.99275256676
2021-12-23,26225.691027201035
2021-12-27,26465.338849923668
2021-12-28,26094.809197554874
2021-12-29,25625.145416898722
2021-12-30,25503.761415405683
2021-12-31,25413.31406320187
2022-01-03,25426.79527554367
2022-01-04,25561.561966210626
2022-01-05,25702.15683020735
2022-01-06,26075.541310011336
2022-01-07,26241.68504049989
2022-01-10,26421.852196474727
2022-01-11,26714.796385901354
2022-01-12,26352.341971438513
2022-01-13,26383.86811953953
2022-01-14,26286.79457342987
2022-01-18,26502.327696598597
2022-01-19,26493.41406795032
2022-01-20,26234.336361007066
2022-01-21,26197.08626005558
2022-01-24,26552.260742877537
2022-01-25,26164.686927198327
2022-01-26,25758.382236986658
2022-01-27,25672.440028085446
2022-01-28,25771.86921369586
2022-01-31,26243.05537305809
2022-02-01,25846.75328270911
2022-02-02,25624.90729378016
2022-02-03,25373.993841566542
2022-02-04,25645.627813277955
2022-02-07,26407.82941656101
2022-02-08,25901.128276931155
2022-02-09,26056.694174835862
2022-02-10,25900.931326721424
2022-02-11,25642.172056519717
2022-02-14,26099.971952706328
2022-02-15,26079.7402173833
2022-02-16,26220.93101371804
2022-02-17,26548.858266267864
2022-02-18,26306.261117173115
2022-02-22,26419.832748712182
2022-02-23,26170.508912628997
2022-02-24,26964.696674176488
2022-02-25,26918.354743222746
2022-02-28,26920.53162596459
2022-03-01,27186.161522691928
2022-03-02,27036.65276502331
2022-03-03,27214.478647725613
2022-03-04,27406.249073306917
2022-03-07,26956.01998844825
2022-03-08,27229.702590865392
2022-03-09,27274.04790192127
2022-03-10,27812.59039462998
2022-03-11,27616.402336899944
2022-03-14,27596.319958716304
2022-03-15,27627.048076659576
2022-03-16,27730.397298570555
2022-03-17,27160.30193014258
2022-03-18,27338.6515110803
2022-03-21,26910.341769893927
2022-03-22,27104.043155962267
2022-03-23,27382.820300874213
2022-03-24,27229.539644131488
2022-03-25,26829.91840055539
2022-03-28,26475.52533818974
2022-03-29,26348.818247254992
2022-03-30,26145.59454407926
2022-03-31,26294.480490541402
2022-04-01,26632.187166990563
2022-04-04,26447.70754076512
2022-04-05,26453.61685716488
2022-04-06,26016.15494956674
2022-04-07,26242.770656019
2022-04-08,26204.293002907852
2022-04-11,26454.18144736558
2022-04-12,26515.379827595963
2022-04-13,27077.809878734086
2022-04-14,26797.24251428452
2022-04-18,26704.94625074566
2022-04-19,26094.392046715533
2022-04-20,25962.625678722165
2022-04-21,25889.789105101616
2022-04-22,26434.570673252292
2022-04-25,26480.37656862754
2022-04-26,26552.82558629732
2022-04-27,26466.92907861041
2022-04-28,26490.855947515487
2022-04-29,26794.52012563294
2022-05-02,26906.238033850277
2022-05-03,26831.49592389031
2022-05-04,26243.76134492544
2022-05-05,25578.120754439526
2022-05-06,25227.36080178363
2022-05-09,24983.85384490411
2022-05-10,24606.914093688563
2022-05-11,24323.734034146903
2022-05-12,24759.178516788503
2022-05-13,24775.338906945137
2022-05-16,24859.336582671545
2022-05-17,25017.45092499253
2022-05-18,25258.046266078854
2022-05-19,25309.241980372095
2022-05-20,25495.79557200132
2022-05-23,24999.78920885661
2022-05-24,24771.09390813391
2022-05-25,24982.19609385317
2022-05-26,25524.236916844162
2022-05-27,25722.257004729596
2022-05-31,25925.081350680688
2022-06-01,25896.040609417534
2022-06-02,25799.003912001157
2022-06-03,26394.627852095928
2022-06-06,26258.69986478257
2022-06-07,26413.37295163128
2022-06-08,26316.338801729402
2022-06-09,26260.97245807239
2022-06-10,26388.21042452264
2022-06-13,26281.68043850425
2022-06-14,26125.83963330358
2022-06-15,25978.829128031226
2022-06-16,26524.70477854544
2022-06-17,26192.095288884222
2022-06-21,26368.869690461106
2022-06-22,26694.355272828845
2022-06-23,26878.69946705087
2022-06-24,27327.65187463214
2022-06-27,27547.29018801604
2022-06-28,27951.655300811235
2022-06-29,28598.793353576242
2022-06-30,28124.695248556018
2022-07-01,27917.004046893668
2022-07-05,28224.673153844597
2022-07-06,28740.01883866283
2022-07-07,28794.140355025836
2022-07-08,29124.598782396646
2022-07-11,28972.99673688159
2022-07-12,29300.76403834922
2022-07-13,29565.623336216457
2022-07-14,29213.981129218922
2022-07-15,28956.51348147512
2022-07-18,28442.383091839147
2022-07-19,28638.216729257954
2022-07-20,28231.279370573066
2022-07-21,28410.35332262075
2022-07-22,28746.972762973317
2022-07-25,28795.90340178153
2022-07-26,28828.537403175327
2022-07-27,29493.37736209672
2022-07-28,29635.632457494045
2022-07-29,29593.49242179715
2022-08-01,29536.145789309543
2022-08-02,29647.735131799862
2022-08-03,29860.85601057849
2022-08-04,30454.706827897815
2022-08-05,30743.968711623118
2022-08-08,31578.755573584724
2022-08-09,31116.961423180448
2022-08-10,31165.181150821136
2022-08-11,31259.220980594106
2022-08-12,30632.428554215585
2022-08-15,30926.58550527812
2022-08-16,31055.654098551924
2022-08-17,30774.99249995138
2022-08-18,30965.48428496525
2022-08-19,30462.872650201636
2022-08-22,30300.4134530731
2022-08-23,30700.86477842486
2022-08-24,30022.754259941226
2022-08-25,30027.96115516545
2022-08-26,30020.564682268243
2022-08-29,29783.02370380804
2022-08-30,29845.984430848126
2022-08-31,29778.533642025654
2022-09-01,29745.059712075734
2022-09-02,29591.100339257944
2022-09-06,29919.744490335524
2022-09-07,29832.21050606486
2022-09-08,29804.182314213645
2022-09-09,29871.873751007748
2022-09-12,29876.47627250772
2022-09-13,30246.004499531016
2022-09-14,29878.410351548482
2022-09-15,29515.67399629367
2022-09-16,29283.224358636424
2022-09-19,28879.875376034528
2022-09-20,28539.837512820737
2022-09-21,28748.646880841636
2022-09-22,28521.10812839226
2022-09-23,28279.545245528778
2022-09-26,28432.613919983174
2022-09-27,28822.961666486623
2022-09-28,28735.84837952943
2022-09-29,28719.229913677882
2022-09-30,28630.673846814392
2022-10-03,28171.924545367227
2022-10-04,28422.207757369386
2022-10-05,28537.450913781446
2022-10-06,29247.62350572586
2022-10-07,28850.645241553775
2022-10-10,28733.381567154127
2022-10-11,28673.945098726366
2022-10-12,29071.85788564467
2022-10-13,28827.3595031677
2022-10-14,29362.537418033655
2022-10-17,29673.299044402564
2022-10-18,29847.66307843577
2022-10-19,29625.799173158106
2022-10-20,29583.064745083688
2022-10-21,29649.478712266093
2022-10-24,29427.685885617
2022-10-25,29665.815767924214
2022-10-26,29929.694523229722
2022-10-27,30513.620552781278
2022-10-28,30589.500764597848
2022-10-31,31830.111285939915
2022-11-01,31875.305625617504
2022-11-02,31768.109600209184
2022-11-03,31764.17783562279
2022-11-04,32012.846203297428
2022-11-07,32282.493247656064
2022-11-08,31853.63963755315
2022-11-09,31993.10180047885
2022-11-10,32197.33284093313
2022-11-11,32715.044992027648
2022-11-14,32453.220433331928
2022-11-15,32469.67686775627
2022-11-16,33171.67573397994
2022-11-17,32489.989821019863
2022-11-18,32061.705884042774
2022-11-21,31535.027033718034
2022-11-22,32071.313138473146
2022-11-23,32360.085183136835
2022-11-25,32802.88809341425
2022-11-28,32566.805886911818
2022-11-29,32765.551136780698
2022-11-30,32640.64104833361
2022-12-01,32922.327821965446
2022-12-02,32351.649338472507
2022-12-05,31945.56947982507
2022-12-06,31816.77483484694
2022-12-07,32345.926439631403
2022-12-08,32541.314432992436
2022-12-09,32956.24230550301
2022-12-12,32567.83339896335
2022-12-13,32739.64149311092
2022-12-14,33505.928292321485
2022-12-15,33654.78432547193
2022-12-16,34207.41176285272
2022-12-19,34792.38653921819
2022-12-20,34276.6719592143
2022-12-21,33824.07679349468
2022-12-22,34612.17130522657
2022-12-23,35055.02703375269
2022-12-27,34438.52076403863
2022-12-28,34892.54669196996
2022-12-29,35070.998917751785
2022-12-30,35279.25572983238
2023-01-03,35639.69499557667
2023-01-04,36486.956024897925
2023-01-05,36457.22628972452
2023-01-06,35872.884773832826
2023-01-09,36208.01771168155
2023-01-10,36192.66387443554
2023-01-11,35978.837841158296
2023-01-12,35859.676594246106
2023-01-13,35704.26142045813
2023-01-17,36178.29396010242
2023-01-18,36008.02749486167
2023-01-19,35820.44557523041
2023-01-20,36183.75288500841
2023-01-23,36287.74883357675
2023-01-24,35839.23500230465
2023-01-25,36158.54422431476
2023-01-26,36477.79724855739
2023-01-27,36322.12754479146
2023-01-30,36087.67483346138
2023-01-31,35581.273694295196
2023-02-01,34879.580416267854
2023-02-02,34633.417338447594
2023-02-03,34800.85339304232
2023-02-06,34471.686056933744
2023-02-07,34649.360993937815
2023-02-08,35081.9487287947
2023-02-09,35264.29491456316
2023-02-10,35636.4380565236
2023-02-13,35603.10764558821
2023-02-14,35565.40266716746
2023-02-15,35708.17909486024
2023-02-16,35872.223347160514
2023-02-17,35532.04720074991
2023-02-21,36552.927682212765
2023-02-22,36324.99651113791
2023-02-23,36255.67866101595
2023-02-24,36348.46307964672
2023-02-27,36737.72289748304
2023-02-28,36455.003161318826
2023-03-01,36918.08394677683
2023-03-02,37197.14507787899
2023-03-03,37381.7460904913
2023-03-06,36596.48409423283
2023-03-07,36714.84093568328
2023-03-08,36169.75695434272
2023-03-09,36063.92567607746
2023-03-10,36154.16951003791
2023-03-13,36250.05427082941
2023-03-14,35451.81154133814
2023-03-15,34963.144875951126
2023-03-16,35238.671486949446
2023-03-17,35731.11939913153
2023-03-20,35612.34877606962
2023-03-21,36666.86505861194
2023-03-22,36350.470490060725
2023-03-23,35929.80325964302
2023-03-24,36087.30576077959
2023-03-27,35304.18027978988
2023-03-28,35504.82539110094
2023-03-29,35607.719038458
2023-03-30,35009.369149957034
2023-03-31,35803.97704954522
2023-04-03,35742.29066045858
2023-04-04,35166.04069199803
2023-04-05,34961.18973393486
2023-04-06,35122.72390619545
2023-04-10,35592.47769952201
2023-04-11,36063.622415126636
2023-04-12,36272.361772756674
2023-04-13,35725.94280731526
2023-04-14,35433.266970407145
2023-04-17,35806.86994258662
2023-04-18,35675.36988586762
2023-04-19,35845.57277029462
2023-04-20,35559.37584288033
2023-04-21,35810.148762354984
2023-04-24,36252.08273962995
2023-04-25,36742.900068428695
2023-04-26,36027.45645038484
2023-04-27,35557.118438396516
2023-04-28,35526.2467140793
2023-05-01,35650.342262984996
2023-05-02,35035.81404652163
2023-05-03,34801.65286831979
2023-05-04,34902.05173755976
2023-05-05,34830.25562128775
2023-05-08,34755.427788696266
2023-05-09,35027.335593372336
2023-05-10,34891.34210780289
2023-05-11,35290.64092526768
2023-05-12,34912.94810910674
2023-05-15,34775.08525189091
2023-05-16,34950.15863990765
2023-05-17,34027.64390146702
2023-05-18,34439.05777669787
2023-05-19,34756.729211489706
2023-05-22,34584.80508574425
2023-05-23,34674.0634470855
2023-05-24,34009.90565459539
2023-05-25,33663.45583884381
2023-05-26,34073.491068173294
2023-05-30,34098.70480091288
2023-05-31,33731.0412608255
2023-06-01,33952.019498402966
2023-06-02,33989.09108267518
2023-06-05,33952.780049744186
2023-06-06,33970.10500471937
2023-06-07,34277.25902549483
2023-06-08,34547.07992016355
2023-06-09,34301.598679511095
2023-06-12,33998.15004285526
2023-06-13,33867.17990416635
2023-06-14,33940.568570153264
2023-06-15,33929.455149266134
2023-06-16,34265.55483747092
2023-06-20,34379.187170538105
2023-06-21,34249.72793518278
2023-06-22,34277.113993977
2023-06-23,34597.04999983459
2023-06-26,34612.49176158613
2023-06-27,34160.825407438715
2023-06-28,34365.808195954734
2023-06-29,34212.59636085242
2023-06-30,34168.63545626252
2023-07-03,33614.407493317616
2023-07-05,34149.076940770225
2023-07-06,34281.23085041903
2023-07-07,34258.34526555615
2023-07-10,33940.21628090423
2023-07-11,34235.886359594595
2023-07-12,34190.004596921695
2023-07-13,33933.53017749052
2023-07-14,34066.8383798119
2023-07-17,34275.41350734372
2023-07-18,33784.167741307734
2023-07-19,33662.16018251991
2023-07-20,33687.252395857206
2023-07-21,33686.334311816376
2023-07-24,34070.92512916652
2023-07-25,33912.01588966783
2023-07-26,33966.840866923725
2023-07-27,34131.48719921385
2023-07-28,33643.52664702852
2023-07-31,33221.559968573645
2023-08-01,33725.434879645596
2023-08-02,33597.16683261838
2023-08-03,33919.72743133889
2023-08-04,33002.701408905574
2023-08-07,33536.528009532034
2023-08-08,32975.976527569816
2023-08-09,33638.28596392948
2023-08-10,33612.255953711836
2023-08-11,32706.37196303384
2023-08-14,31891.80324621351
2023-08-15,31840.302937421777
2023-08-16,31394.3072891898
2023-08-17,31113.227858909708
2023-08-18,31009.500972614318
2023-08-21,30512.28530605232
2023-08-22,29913.1749210844
2023-08-23,29839.411914529115
2023-08-24,30224.540017447303
2023-08-25,30427.39964869939
2023-08-28,29906.321156378872
2023-08-29,29408.716301797358
2023-08-30,29122.75951510897
2023-08-31,29652.689171462414
2023-09-01,29988.871819704036
2023-09-05,29760.66595532253
2023-09-06,29610.434457547653
2023-09-07,29558.781265690606
2023-09-08,29572.780177267476
2023-09-11,29669.47252664987
2023-09-12,29893.566488474775
2023-09-13,29736.197373081188
2023-09-14,30189.644025797203
2023-09-15,30216.207548168444
2023-09-18,30018.78985689371
2023-09-19,30680.63750930356
2023-09-20,29961.340061184357
2023-09-21,30207.265209323912
2023-09-22,30647.66787604446
2023-09-25,30642.343304906524
2023-09-26,30593.94509278686
2023-09-27,30697.07899284298
2023-09-28,30888.440562448843
2023-09-29,30778.565727490804
2023-10-02,30687.715770024508
2023-10-03,30958.916646708112
2023-10-04,30894.870854163917
2023-10-05,30829.442858364753
2023-10-06,30514.987555234395
2023-10-09,30672.00050679653
2023-10-10,31452.97578079684
2023-10-11,31549.06827463388
2023-10-12,31529.491131389957
2023-10-13,31836.66006752727
2023-10-16,31931.958125362235
2023-10-17,31933.02767519263
2023-10-18,31821.583154338412
2023-10-19,32188.455058614985
2023-10-20,32527.273561878086
2023-10-23,31859.0606042516
2023-10-24,32234.2769885132
2023-10-25,32078.388196262993
2023-10-26,32038.641784950767
2023-10-27,32265.081628822412
2023-10-30,31894.96432214626
2023-10-31,32267.426972240584
2023-11-01,32128.63796789943
2023-11-02,32178.99864979241
2023-11-03,31781.98327108158
2023-11-06,32632.355316425655
2023-11-07,32995.88784695528
2023-11-08,33217.65783953333
2023-11-09,32787.75346621852
2023-11-10,32985.400172078174
2023-11-13,32793.00546599733
2023-11-14,32890.667924291825
2023-11-15,32479.844500680487
2023-11-16,32280.14106879085
2023-11-17,32152.750813538318
2023-11-20,32437.141353232477
2023-11-21,32529.16648421516
2023-11-22,32884.09396855603
2023-11-24,32992.04274793358
2023-11-27,33238.92129101099
2023-11-28,33427.81869223003
2023-11-29,33158.4766567704
2023-11-30,32553.97145135817
2023-12-01,32714.59710068429
2023-12-04,32544.339032804786
2023-12-05,32649.160229786336
2023-12-06,32817.37265810478
2023-12-07,32877.681390333135
2023-12-08,33026.04580818117
2023-12-11,32405.25604290371
2023-12-12,32315.283465188353
2023-12-13,32663.73878449407
2023-12-14,33017.35100801213
2023-12-15,32889.39152352132
2023-12-18,32684.50147569637
2023-12-19,32789.83750225573
2023-12-20,33154.73209613528
2023-12-21,32450.771656234967
2023-12-22,32286.841269453686
2023-12-26,32999.56350598067
2023-12-27,32743.17297063774
2023-12-28,32493.053977629235
2023-12-29,32804.01069749737
2024-01-02,32293.19880670205
2024-01-03,31785.492468363627
2024-01-04,30837.659112348832
2024-01-05,30074.831302630097
2024-01-08,30004.11835134843
2024-01-09,30717.04593694687
2024-01-10,31089.04954821082
2024-01-11,31502.67180420162
2024-01-12,31333.570416792023
2024-01-16,31199.48714561371
2024-01-17,31406.585816441162
2024-01-18,31059.233508464302
2024-01-19,30807.8612317994
2024-01-22,31097.369382883393
2024-01-23,30610.20219545408
2024-01-24,30048.247001272077
2024-01-25,29745.274750746084
2024-01-26,30058.880987014374
2024-01-29,29693.119748081106
2024-01-30,29688.532368194963
2024-01-31,29264.686393327967
2024-02-01,29243.123945079788
2024-02-02,29085.29520573848
2024-02-05,28699.76159973485
2024-02-06,28864.869136231242
2024-02-07,28372.51276757327
2024-02-08,28382.115697358517
2024-02-09,28623.380806254816
2024-02-12,28092.136250233
2024-02-13,27781.2985915471
2024-02-14,27570.36047569318
2024-02-15,27709.11500010599
2024-02-16,27962.08190810749
2024-02-20,27955.360781707353
2024-02-21,27130.60384626945
2024-02-22,27573.27611500514
2024-02-23,27476.170512463144
2024-02-26,27441.675863586406
2024-02-27,27439.96418358087
2024-02-28,27373.624519287816
2024-02-29,27039.297718385973
2024-03-01,26938.574227186906
2024-03-04,27232.085558794377
2024-03-05,27540.719540232305
2024-03-06,27818.41866255148
2024-03-07,27475.817519840824
2024-03-08,27311.25488839458
2024-03-11,27129.891558193325
2024-03-12,26823.415658462585
2024-03-13,26938.944056168733
2024-03-14,26971.32908784171
2024-03-15,26652.49802681906
2024-03-18,26475.734681678892
2024-03-19,26003.214994394984
2024-03-20,25773.749779346144
2024-03-21,25935.653720310005
2024-03-22,25934.31915937072
2024-03-25,25744.93240693027
2024-03-26,25762.421779660042
2024-03-27,25626.853974944952
2024-03-28,25645.20666887701
2024-04-01,25532.88407786162
2024-04-02,25454.14088764779
2024-04-03,25122.208178714798
2024-04-04,25109.663871559795
2024-04-05,24868.220813080396
2024-04-08,24743.86757953442
2024-04-09,24300.43775632907
2024-04-10,24008.77948335042
2024-04-11,23974.58228714542
2024-04-12,23839.0263002492
2024-04-15,23445.178388608187
2024-04-16,23317.48908109609
2024-04-17,23304.808162380014
2024-04-18,22867.269472166496
2024-04-19,22964.704042627156
2024-04-22,22836.976620158533
2024-04-23,22802.454368241248
2024-04-24,22795.283667076026
2024-04-25,22575.158462148735
2024-04-26,22669.886737105095
2024-04-29,22913.29494706862
2024-04-30,22969.887291032883
2024-05-01,22654.418150360667
2024-05-02,22573.915834586187
2024-05-03,22681.61185973981
2024-05-06,22908.94677100765
2024-05-07,23162.064721250084
2024-05-08,22891.257517891558
2024-05-09,22021.462122804947
2024-05-10,22045.39692011895
2024-05-13,22111.345253561238
2024-05-14,22393.72014621741
2024-05-15,22050.647280074798
2024-05-16,21987.198637100424
2024-05-17,21922.77435546098
2024-05-20,21992.264380843062
2024-05-21,22300.4937412063
2024-05-22,22480.366032477494
2024-05-23,22410.992860558836
2024-05-24,22262.30005869735
2024-05-28,22317.978785326337
2024-05-29,22053.380456229093
2024-05-30,22161.489762485842
2024-05-31,22192.15458940549
2024-06-03,22608.606920374692
2024-06-04,22455.976109573625
2024-06-05,22788.830652664175
2024-06-06,22761.175906000717
2024-06-07,23057.3073709165
2024-06-10,23244.247241004865
2024-06-11,23664.793863331837
2024-06-12,23834.433511967705
2024-06-13,23905.03825069209
2024-06-14,24381.280001709278
2024-06-17,24134.263606431978
2024-06-18,24226.20374178106
2024-06-20,23614.126569148455
2024-06-21,23934.15233865941
2024-06-24,23911.80859029013
2024-06-25,23966.447193035525
2024-06-26,23505.267827149866
2024-06-27,23171.008465497125
2024-06-28,23003.40814854605
2024-07-01,22821.490723047973
2024-07-02,22719.637855947203
2024-07-03,23267.663540895694
2024-07-05,23356.651814146488
2024-07-08,22793.904390825453
2024-07-09,22883.314464604362
2024-07-10,22584.497365209394
2024-07-11,22774.977306863304
2024-07-12,22637.64950253252
2024-07-15,22575.83376954864
2024-07-16,22782.031730024897
2024-07-17,22832.7986900287
2024-07-18,22601.62073434026
2024-07-19,22528.965659042387
2024-07-22,22586.60827317015
2024-07-23,22793.949329678362
2024-07-24,23224.185788820563
2024-07-25,23033.88440956478
2024-07-26,23123.08365950448
2024-07-29,23099.39772582096
2024-07-30,22970.0204372624
2024-07-31,23047.015121098655
2024-08-01,22933.088166199526
2024-08-02,22839.120927929285
2024-08-05,22542.86709448588
2024-08-06,22793.51735192557
2024-08-07,22623.602774228984
2024-08-08,22715.28532342689
2024-08-09,22688.66864012785
2024-08-12,22835.19286160502
2024-08-13,22934.056769293984
2024-08-14,23057.685192819503
2024-08-15,23059.40285927249
2024-08-16,22914.00587181707
2024-08-19,22807.515710186337
2024-08-20,22450.001303436675
2024-08-21,22785.002883785135
2024-08-22,23250.403313792438
2024-08-23,23502.616971751355
2024-08-26,23537.770156576174
2024-08-27,23725.65432920184
2024-08-28,23857.456876918
2024-08-29,24012.929246660908
2024-08-30,24177.86986240149
2024-09-03,23930.46541458699
2024-09-04,23906.670572604387
2024-09-05,24301.53989158147
2024-09-06,24570.225410890973
2024-09-09,24759.309566027612
2024-09-10,24846.614694014366
2024-09-11,25036.89871447573
2024-09-12,25382.087487228255
2024-09-13,25118.138516808922
2024-09-16,25085.94505765085
2024-09-17,25359.04045828195
2024-09-18,25591.345390594957
2024-09-19,25686.399482663917
2024-09-20,25834.026502395544
2024-09-23,25238.165979024525
2024-09-24,25233.566633530783
2024-09-25,25187.68370632697
2024-09-26,25156.618607212728
2024-09-27,25197.10791564005
2024-09-30,25118.501722875517
2024-10-01,24765.61749938089
2024-10-02,24968.397987256856
2024-10-03,24822.398291355516
2024-10-04,25216.19006513474
2024-10-07,25310.880528668848
2024-10-08,25130.437712759693
2024-10-09,25164.734381245413
2024-10-10,25092.149696090095
2024-10-11,25179.117670563366
2024-10-14,25099.291030407672
2024-10-15,25168.223627232182
2024-10-16,25153.5765156431
2024-10-17,25054.119835020545
2024-10-18,25404.95302361467
2024-10-21,25495.731800805734
2024-10-22,25868.93865223008
2024-10-23,26069.18559484502
2024-10-24,26289.99464083171
2024-10-25,26819.226549388226
2024-10-28,26872.57097871648
2024-10-29,26570.015212082533
2024-10-30,26362.448153630205
2024-10-31,26081.67039485004
2024-11-01,26024.165306106876
2024-11-04,25963.14775169124
2024-11-05,25389.00434558265
2024-11-06,25326.070942088867
2024-11-07,25676.18315130761
2024-11-08,25502.64504472768
2024-11-11,24905.99932269085
2024-11-12,24685.799197305212
2024-11-13,24657.485453803267
2024-11-14,25121.821516115433
2024-11-15,24888.286141122047
2024-11-18,24534.940934826023
2024-11-19,24096.546133589236
2024-11-20,24129.16906272476
2024-11-21,23918.37449308742
2024-11-22,24549.617724743217
2024-11-25,24274.503729962118
2024-11-26,23968.032001510004
2024-11-27,24074.531538918494
2024-11-29,24276.44762911479
2024-12-02,24346.176899472706
2024-12-03,23829.66704236668
2024-12-04,23274.949524161795
2024-12-05,23244.890914029434
2024-12-06,23387.275325948078
2024-12-09,23364.68913218899
2024-12-10,23759.90757330973
2024-12-11,23471.67858747165
2024-12-12,23289.625720238135
2024-12-13,22819.776755452756
2024-12-16,23027.169445477124
2024-12-17,23244.495499514815
2024-12-18,23199.991766860345
2024-12-19,23155.139453429143
2024-12-20,23052.32925580544
2024-12-23,22677.543438354776
2024-12-24,22667.735021992998
2024-12-26,22891.03821038769
2024-12-27,22729.046749498477
2024-12-30,23206.72129507408
2024-12-31,22859.342842646478
2025-01-02,22947.631598040272
2025-01-03,22581.378160767166
2025-01-06,23250.692423955086
2025-01-07,23476.620314721302
2025-01-08,23593.13579678571
2025-01-10,23298.244813714056
2025-01-13,23406.5387534409
2025-01-14,22976.01688798279
2025-01-15,22907.386959238942
2025-01-16,22569.396151292698
2025-01-17,22512.375408730455
2025-01-21,22687.479625374595
2025-01-22,22735.27456433548
2025-01-23,22654.25922148741
2025-01-24,22670.752993150505
2025-01-27,22590.67577190861
2025-01-28,22477.58316211046
2025-01-29,22559.12057314168
2025-01-30,22675.059602735804
2025-01-31,22691.775979874434
2025-02-03,22929.12879389637
2025-02-04,23042.53540918138
2025-02-05,22825.622695758997
2025-02-06,23009.63944883637
2025-02-07,23312.602641118116
2025-02-10,23231.85283398664
2025-02-11,23067.152279035923
2025-02-12,23220.858230050977
2025-02-13,23411.039798154336
2025-02-14,23443.8416160729
2025-02-18,23560.802131183456
2025-02-19,23787.200489100804
2025-02-20,23852.65479445144
2025-02-21,23410.12909333927
2025-02-24,23516.24661829774
2025-02-25,23572.059997042463
2025-02-26,23364.503789421826
2025-02-27,23591.994499809127
2025-02-28,23599.669724354997
2025-03-03,23259.293067045084
2025-03-04,23607.612428452583
2025-03-05,23767.17593082952
2025-03-06,24298.131190968386
2025-03-07,24201.40597266258
2025-03-10,24046.71611057345
2025-03-11,24018.554517616456
2025-03-12,24480.26223960136
2025-03-13,23747.62357704579
2025-03-14,24133.376749050887
2025-03-17,23791.776192601894
2025-03-18,23360.439568452686
2025-03-19,23445.417214935707
2025-03-20,23387.170485758626
2025-03-21,23833.39305492972
2025-03-24,23653.080239317704
2025-03-25,23960.920566102945
2025-03-26,23524.9355032147
2025-03-27,23818.054069851118
2025-03-28,24157.704457535634
2025-03-31,24264.25434505591
2025-04-01,24601.26538211089
2025-04-02,24544.517034149943
2025-04-03,24893.540385280896
2025-04-04,24996.28259592768
2025-04-07,25456.668256092562
2025-04-08,25111.44981301497
2025-04-09,24979.298112988407
2025-04-10,24841.171831716336
2025-04-11,25144.817639387526
2025-04-14,25439.502987711487
2025-04-15,25111.99438840468
2025-04-16,25583.82234755243
2025-04-17,25749.219349453477
2025-04-21,25388.20021142393
2025-04-22,25609.96951649189
2025-04-23,25223.252417019063
2025-04-24,25285.415342372806
2025-04-25,25409.18153671726
2025-04-28,25186.875692700036
2025-04-29,25367.293857832396
2025-04-30,25450.59339122313
2025-05-01,25809.28237592185
2025-05-02,25958.468514783384
2025-05-05,26082.82903677905
2025-05-06,25843.767283318673
2025-05-07,25684.807448808333
2025-05-08,25966.798219977154
2025-05-09,26231.121246166524
2025-05-12,26153.32321673195
2025-05-13,26117.62894560051
2025-05-14,26188.72365555127
2025-05-15,26566.89429160534
2025-05-16,26809.302479442384
2025-05-19,26652.12429687895
2025-05-20,26739.587228622073
2025-05-21,26690.29514048858
2025-05-22,27108.44084288162
2025-05-23,27067.936380688076
2025-05-27,27168.03586261473
2025-05-28,27219.02940413417
2025-05-29,27857.049822733017
2025-05-30,27697.21911206894
2025-06-02,27980.898200605916
2025-06-03,27315.209899449575
2025-06-04,26753.151230595297
2025-06-05,26564.873515721898
2025-06-06,27255.768062927204
2025-06-09,27002.66628752194
2025-06-10,27192.87160062566
2025-06-11,27037.97813586941
2025-06-12,27071.775576961558
2025-06-13,27170.822877270697
2025-06-16,27268.10509971619
2025-06-17,27144.280700137457
2025-06-18,27412.881717638335
2025-06-20,27291.640438473496
2025-06-23,27165.778114678484
2025-06-24,26588.20752967051
2025-06-25,26686.506390122046
2025-06-26,26851.896198037357
2025-06-27,27350.23210875324
2025-06-30,27417.3102370987
2025-07-01,27237.295634007096
2025-07-02,27553.31009784089
2025-07-03,27896.08859847266
2025-07-07,28256.15430495179
2025-07-08,28473.078074493773
2025-07-09,27987.895537073757
2025-07-10,28477.750630984963
2025-07-11,28749.513382432127
