Date,Close
2007-09-18,4585.718233073214
2007-09-19,4534.177751128731
2007-09-20,4550.821211543636
2007-09-21,4605.752245240402
2007-09-24,4690.058750516071
2007-09-25,4621.655295286089
2007-09-26,4642.071943409379
2007-09-27,4497.338024001213
2007-09-28,4510.512189392074
2007-10-01,4499.372313693231
2007-10-03,4511.995799021167
2007-10-04,4576.515801138255
2007-10-05,4616.837292121814
2007-10-08,4638.043383281778
2007-10-09,4555.711837612755
2007-10-10,4488.446183273732
2007-10-11,4488.43461456499
2007-10-12,4542.9462190303175
2007-10-15,4497.157433540289
2007-10-16,4534.137357718339
2007-10-17,4567.14685212498
2007-10-18,4558.594339223122
2007-10-19,4615.510405471267
2007-10-22,4654.377438097906
2007-10-23,4702.978629343187
2007-10-24,4652.65820629628
2007-10-25,4671.448202656397
2007-10-26,4714.6842421492975
2007-10-29,4827.403422041676
2007-10-30,4874.925622419604
2007-10-31,4956.623709313833
2007-11-01,4858.014568483845
2007-11-02,4845.853333421732
2007-11-05,4872.541207248014
2007-11-06,4845.671845694145
2007-11-07,4791.329263940435
2007-11-08,4846.527897367153
2007-11-12,4890.334508085423
2007-11-13,4898.000070824557
2007-11-14,5039.430985101842
2007-11-15,4982.612712162607
2007-11-16,5005.40761064961
2007-11-19,4980.463160077187
2007-11-20,4993.384912296457
2007-11-21,4878.319151317954
2007-11-22,4967.264392472439
2007-11-23,5050.839362839749
2007-11-26,5163.08934603326
2007-11-27,5153.624613272578
2007-11-28,5095.04108964628
2007-11-29,5234.999148436613
2007-11-30,5389.088161262435
2007-12-03,5492.312776213621
2007-12-04,5488.807811940266
2007-12-05,5669.66075392592
2007-12-06,5649.054023436169
2007-12-07,5684.065822539804
2007-12-10,5784.561467356252
2007-12-11,5745.577634199996
2007-12-12,5858.739468289594
2007-12-13,5844.376144366642
2007-12-14,5842.757828792858
2007-12-17,5957.122073647025
2007-12-18,6050.7489761375155
2007-12-19,6103.679416112831
2007-12-20,6251.31372796823
2007-12-24,6241.691297792598
2007-12-26,6238.113339121519
2007-12-27,6328.217774785502
2007-12-28,6314.661169424457
2007-12-31,6349.731732563869
2008-01-01,6384.8973126457095
2008-01-02,6362.4790417444365
2008-01-03,6333.729070508966
2008-01-04,6333.40926692689
2008-01-07,6399.294461411943
2008-01-08,6352.135478710619
2008-01-09,6392.730185337327
2008-01-10,6403.501094426047
2008-01-11,6462.296580008822
2008-01-14,6492.925917192334
2008-01-15,6684.827392613028
2008-01-16,6611.539668125501
2008-01-17,6586.04756455687
2008-01-18,6728.832806015746
2008-01-21,6744.101369133577
2008-01-22,6736.531904516251
2008-01-23,6700.0888847494425
2008-01-24,6682.576499138851
2008-01-25,6644.987557656494
2008-01-28,6653.022352818775
2008-01-29,6600.511439776986
2008-01-30,6588.663036870875
2008-01-31,6617.116923341947
2008-02-01,6515.412558110309
2008-02-04,6508.31243327389
2008-02-05,6522.353886547392
2008-02-06,6597.3750851530185
2008-02-07,6656.960823364692
2008-02-08,6615.735251139464
2008-02-11,6739.8177097882535
2008-02-12,6809.03621793382
2008-02-13,6771.4099364623435
2008-02-14,6669.154319542061
2008-02-15,6669.797813156737
2008-02-18,6670.714274345622
2008-02-19,6835.2350320618625
2008-02-20,6829.716624574794
2008-02-21,6833.841675524831
2008-02-22,6830.796869318297
2008-02-25,6829.841321046989
2008-02-26,6981.929880837522
2008-02-27,7234.539133937027
2008-02-28,7320.816745456286
2008-02-29,7468.259054463277
2008-03-03,7423.717961157102
2008-03-04,7369.047317582716
2008-03-05,7354.222709203762
2008-03-07,7383.788107732028
2008-03-10,7332.775277095916
2008-03-11,7409.725765482371
2008-03-12,7407.904499894459
2008-03-13,7316.194893975894
2008-03-14,7222.29365758705
2008-03-17,7072.091267753203
2008-03-18,7085.124140182129
2008-03-19,7045.1495766369735
2008-03-24,6983.710701145047
2008-03-25,6975.393520986798
2008-03-26,6829.9117147576735
2008-03-27,6721.123653487155
2008-03-28,6761.1200454683985
2008-03-31,6774.586102052929
2008-04-01,6757.879997429662
2008-04-02,6771.840539959847
2008-04-03,6812.352687463754
2008-04-04,6734.408086517166
2008-04-07,6731.560102528718
2008-04-08,6814.483258803279
2008-04-09,6780.753741211124
2008-04-10,6771.484517576851
2008-04-11,7017.875987956067
2008-04-15,7110.631569451584
2008-04-16,7061.093791798821
2008-04-17,7131.424618559676
2008-04-21,7175.684433884647
2008-04-22,7319.209724237584
2008-04-23,7167.070547328915
2008-04-24,6992.798434037845
2008-04-25,6924.189640713668
2008-04-28,7026.061578122921
2008-04-29,6849.322888167384
2008-04-30,6860.021472466077
2008-05-02,6977.205607847069
2008-05-05,6919.765628642478
2008-05-06,6957.994049706728
2008-05-07,7021.240176786454
2008-05-08,7104.683901204683
2008-05-09,6974.613434392391
2008-05-12,7006.6141441036825
2008-05-13,6975.434521471256
2008-05-14,7118.577409668078
2008-05-15,7262.083479875521
2008-05-16,7192.4538922418
2008-05-20,7383.882961758466
2008-05-21,7467.92901022041
2008-05-22,7326.590712073938
2008-05-23,7247.734982417107
2008-05-26,7092.829697932039
2008-05-27,7067.009993974292
2008-05-28,7144.561735618284
2008-05-29,7164.498404497198
2008-05-30,7212.826721818263
2008-06-02,7177.564585979148
2008-06-03,7092.99543062918
2008-06-04,7063.381727861532
2008-06-05,7089.214444169462
2008-06-06,7245.293548243088
2008-06-09,7163.194350916079
2008-06-10,7129.166194185367
2008-06-11,7169.712789764377
2008-06-12,7215.80741351906
2008-06-13,7183.282962705611
2008-06-16,7089.497492102229
2008-06-17,7102.52979607016
2008-06-18,7091.799902443533
2008-06-19,7113.051406708495
2008-06-20,7313.0907802783895
2008-06-23,7385.220548886324
2008-06-24,7308.599355483382
2008-06-25,7316.705542105386
2008-06-26,7287.728140765483
2008-06-27,7377.16037537531
2008-06-30,7266.657490306918
2008-07-01,7212.529625069226
2008-07-02,7345.1228882673595
2008-07-03,7359.213530144057
2008-07-04,7309.463481475346
2008-07-07,7432.474817101928
2008-07-08,7483.982598970423
2008-07-09,7483.514590952821
2008-07-10,7624.204214536342
2008-07-11,7549.4111105823295
2008-07-14,7623.816385833327
2008-07-15,7586.111262993525
2008-07-16,7668.454821435363
2008-07-17,7991.711314830682
2008-07-18,8057.228190034594
2008-07-21,8100.449639134915
2008-07-22,8186.3048600685615
2008-07-23,8221.806642650086
2008-07-24,8095.65926627603
2008-07-25,8003.17872129635
2008-07-28,8063.220896106764
2008-07-29,7898.356537103814
2008-07-30,7864.312689280688
2008-07-31,7734.414750390758
2008-08-01,7755.254522049442
2008-08-04,7746.976485797254
2008-08-05,7709.437228148299
2008-08-06,7680.157607978941
2008-08-07,7706.656706303926
2008-08-08,7868.544629841135
2008-08-11,8016.000560573753
2008-08-12,8037.199230569205
2008-08-13,8009.7339590959555
2008-08-14,7925.964420174613
2008-08-18,7979.6919730574755
2008-08-19,7846.956085750599
2008-08-20,7929.7434930487325
2008-08-21,8024.637495516676
2008-08-22,8054.00794296105
2008-08-25,8038.46055633542
2008-08-26,8119.685536614923
2008-08-27,8202.19537148309
2008-08-28,8381.070219273754
2008-08-29,8623.352470679301
2008-09-01,8386.411559380802
2008-09-02,8420.01659190079
2008-09-04,8494.247334498259
2008-09-05,8552.32520234394
2008-09-08,8684.790861857047
2008-09-09,8682.368363217527
2008-09-10,8549.487660494995
2008-09-11,8479.03798105057
2008-09-12,8481.4430309189
2008-09-15,8420.922156071452
2008-09-16,8472.761263791044
2008-09-17,8509.381806153926
2008-09-18,8324.891434538464
2008-09-19,8288.94592445761
2008-09-22,8370.192265141073
2008-09-23,8463.290790466075
2008-09-24,8397.23252368401
2008-09-25,8458.371912094037
2008-09-26,8426.909002151082
2008-09-29,8577.47147217628
2008-09-30,8784.098819632283
2008-10-01,8705.455494074507
2008-10-03,8666.776627137006
2008-10-06,8919.884933885627
2008-10-07,9013.084331988013
2008-10-08,9145.393489148788
2008-10-10,9171.068282618682
2008-10-13,9089.993484362567
2008-10-14,9082.757565602276
2008-10-15,9217.779794589955
2008-10-16,9236.702962364632
2008-10-17,9012.661393949065
2008-10-20,8958.309402035267
2008-10-21,8891.658989227899
2008-10-22,8805.61078928499
2008-10-23,8856.46581862886
2008-10-24,8760.236992414864
2008-10-27,8624.443088946924
2008-10-29,8700.93495556675
2008-10-31,8713.15413762608
2008-11-03,8600.747661117148
2008-11-04,8562.328592823776
2008-11-05,8809.161316158634
2008-11-06,8753.561884055704
2008-11-07,8868.279762531507
2008-11-10,9041.266311051535
2008-11-11,9127.236340407584
2008-11-12,9027.713927471972
2008-11-14,9222.593186781734
2008-11-17,8993.017378397431
2008-11-18,9033.626422217949
2008-11-19,8915.434568520526
2008-11-20,9079.423265721562
2008-11-21,9142.671443210365
2008-11-24,9164.487169233462
2008-11-25,9201.551188683523
2008-11-26,9216.905721693893
2008-11-28,9218.900778114185
2008-12-01,9081.387751644537
2008-12-02,9065.119330887566
2008-12-03,9039.474512347355
2008-12-04,8941.030041818383
2008-12-05,9096.562256050995
2008-12-08,9171.72002175668
2008-12-10,9205.975367188135
2008-12-11,9165.069190957622
2008-12-12,9015.350029880676
2008-12-15,8937.035580292815
2008-12-16,8899.12557259855
2008-12-17,8794.871985834963
2008-12-18,8682.363382711486
2008-12-19,8686.516522512118
2008-12-22,8572.28212299265
2008-12-23,8419.710885002665
2008-12-24,8469.455747141876
2008-12-26,8280.909951152957
2008-12-29,8384.527648050524
2008-12-30,8228.522669988279
2008-12-31,8319.934107505063
2009-01-02,8223.7633063009
2009-01-05,8284.290749570691
2009-01-06,8452.462553730467
2009-01-07,8430.004698007597
2009-01-09,8371.869186714974
2009-01-12,8363.712583885064
2009-01-13,8260.747304416907
2009-01-14,8390.433368820439
2009-01-15,8488.73421904398
2009-01-16,8781.3692202185
2009-01-19,9040.85209478354
2009-01-20,9068.642140579046
2009-01-21,9074.728095906366
2009-01-22,9124.029202206559
2009-01-23,9005.852912780801
2009-01-27,8879.1336462007
2009-01-28,8989.593528073292
2009-01-29,9021.291878665146
2009-01-30,8988.259210254782
2009-02-02,9159.19632024983
2009-02-03,9421.151233644892
2009-02-04,9344.259675840705
2009-02-05,9457.714117503327
2009-02-06,9200.121819475371
2009-02-09,9155.876731330753
2009-02-10,9290.74209755305
2009-02-11,9231.646425261984
2009-02-12,9216.297174438161
2009-02-13,9384.853113179146
2009-02-16,9386.575162121788
2009-02-17,9441.843772803519
2009-02-18,9533.412533095045
2009-02-19,9654.845906732726
2009-02-20,9683.9016228036
2009-02-24,9918.224373092793
2009-02-25,9910.51885398773
2009-02-26,9884.413298641959
2009-02-27,10000.378955465923
2009-03-02,10041.585624517853
2009-03-03,9884.576851078742
2009-03-04,9780.773733779284
2009-03-05,9854.732042766303
2009-03-06,10009.614707228826
2009-03-09,9837.485266104668
2009-03-12,9944.77172085677
2009-03-13,9909.66500104268
2009-03-16,10009.671389015897
2009-03-17,9782.74367741074
2009-03-18,10000.610816604541
2009-03-19,9970.642708097943
2009-03-20,10125.29371353414
2009-03-23,10070.068183156358
2009-03-24,10140.625441977609
2009-03-25,9828.689994514623
2009-03-26,9979.342565891466
2009-03-27,9952.122422696408
2009-03-30,9910.480447834265
2009-03-31,9685.321956641536
2009-04-01,9728.81217642058
2009-04-02,9748.34632072294
2009-04-06,9637.470291807653
2009-04-08,9660.076024765773
2009-04-09,9752.678897697757
2009-04-13,9764.305670881924
2009-04-15,9949.601775075387
2009-04-16,9831.503417376684
2009-04-17,9982.88644556323
2009-04-20,9905.608994515875
2009-04-21,9832.98068119225
2009-04-22,9975.287784110165
2009-04-23,10085.729103821997
2009-04-24,10052.203936095859
2009-04-27,10058.005389925172
2009-04-28,10067.512137337546
2009-04-29,10177.05120328952
2009-05-04,10227.568496258415
2009-05-05,10275.370765863403
2009-05-06,10210.856438436404
2009-05-07,10472.524903312367
2009-05-08,10433.051729019275
2009-05-11,10398.43198307579
2009-05-12,10583.463243637163
2009-05-13,10603.229376380663
2009-05-14,10344.750796500515
2009-05-15,10323.922142489291
2009-05-18,10258.942272081254
2009-05-19,10422.065866615627
2009-05-20,10455.555251039339
2009-05-21,10549.79246572053
2009-05-22,10348.101320453232
2009-05-25,10267.605318560383
2009-05-26,10310.875435669277
2009-05-27,10335.951064598841
2009-05-28,10328.398796559897
2009-05-29,10279.654286880803
2009-06-01,10416.617994738337
2009-06-02,10365.32316494048
2009-06-03,10242.94688039291
2009-06-04,10343.091399826862
2009-06-05,10118.11304893547
2009-06-08,10449.59199246084
2009-06-09,10410.598282719411
2009-06-10,10312.039371313254
2009-06-11,10405.3448600601
2009-06-12,10285.133900833715
2009-06-15,10153.507341062163
2009-06-16,10125.296800452914
2009-06-17,10043.404815441596
2009-06-18,9910.25789013833
2009-06-19,9950.245359572784
2009-06-22,9830.617611017758
2009-06-23,9830.388984943867
2009-06-24,9754.74987291801
2009-06-25,9695.613864134919
2009-06-26,9790.389574180215
2009-06-29,9620.119373216401
2009-06-30,9677.866919680964
2009-07-01,9699.611204326657
2009-07-02,9621.51807909408
2009-07-03,9836.167894341417
2009-07-06,9995.105819941971
2009-07-07,10030.38543988265
2009-07-08,10043.342225544979
2009-07-09,10043.518586178487
2009-07-10,10084.994878182719
2009-07-13,10278.71699530911
2009-07-14,10331.261912419908
2009-07-15,10381.732086134221
2009-07-16,10454.810912564093
2009-07-17,10575.288722016026
2009-07-20,10621.789432789026
2009-07-21,10854.460861817852
2009-07-22,10900.368837703163
2009-07-23,10855.967552114857
2009-07-24,10874.597856814522
2009-07-27,11108.103921482436
2009-07-28,11394.725679952999
2009-07-29,11414.62302635649
2009-07-30,11360.245363997743
2009-07-31,11176.6057987032
2009-08-03,11096.262049628842
2009-08-04,11118.123235189216
2009-08-05,10937.495210201487
2009-08-06,10693.058845077303
2009-08-07,10729.580595743486
2009-08-10,10819.46467252415
2009-08-11,10740.946232779897
2009-08-12,10726.870358955111
2009-08-13,10976.348244076442
2009-08-14,10975.606319130946
2009-08-17,10956.931218626252
2009-08-18,10703.052080891795
2009-08-19,10940.781093320355
2009-08-20,11074.147751246554
2009-08-21,11180.569002928154
2009-08-24,11167.132724972542
2009-08-25,11135.677624327656
2009-08-26,11272.161838100048
2009-08-27,11470.185773248237
2009-08-28,11685.930264488772
2009-08-31,11756.552679085256
2009-09-01,11783.478080487444
2009-09-02,11734.60314462784
2009-09-03,11520.621529194465
2009-09-04,11791.31592848749
2009-09-07,11789.589992811483
2009-09-08,11877.097567120249
2009-09-09,11709.706089712048
2009-09-10,11744.566359627457
2009-09-11,11688.749329424514
2009-09-14,11857.560111416222
2009-09-15,11924.277359294421
2009-09-16,11739.534102964742
2009-09-17,11800.445859881456
2009-09-18,11612.396353948534
2009-09-22,11471.799212077927
2009-09-23,11496.422134687005
2009-09-24,11589.476115435395
2009-09-25,11572.083973191497
2009-09-29,11655.137196787731
2009-09-30,11710.240940204156
2009-10-01,11624.705067292412
2009-10-05,11358.7101654288
2009-10-06,11309.189019430734
2009-10-07,11288.652948278877
2009-10-08,11608.868731252203
2009-10-09,11522.04138781356
2009-10-12,11630.063019513977
2009-10-14,11749.291349072768
2009-10-15,11895.922842959098
2009-10-16,12075.435216351932
2009-10-20,12069.655197263086
2009-10-21,11941.186547290468
2009-10-22,12042.284750126833
2009-10-23,12109.729176306155
2009-10-26,12117.220073324906
2009-10-27,12070.028112268346
2009-10-28,12066.071256603995
2009-10-29,11949.428834732202
2009-10-30,12159.159252788246
2009-11-03,12320.51495108363
2009-11-04,12243.906971543089
2009-11-05,12045.428455896808
2009-11-06,12106.53792596552
2009-11-09,12034.915777850916
2009-11-10,12063.062767950742
2009-11-11,12079.43893622021
2009-11-12,11991.994316013068
2009-11-13,12287.599459068233
2009-11-16,11995.145901852104
2009-11-17,11889.064499305183
2009-11-18,11819.171489020684
2009-11-19,11989.415062894022
2009-11-20,12071.929782902364
2009-11-23,11996.924265326397
2009-11-24,11796.017281597913
2009-11-25,11817.664042846136
2009-11-26,11842.51059334094
2009-11-27,11853.224098839504
2009-11-30,11799.35377839059
2009-12-01,11640.560843969062
2009-12-02,11577.357417592693
2009-12-03,11519.107987627662
2009-12-04,11484.39919199125
2009-12-07,11324.5501722379
2009-12-08,11894.890847925695
2009-12-09,11785.087808419588
2009-12-10,12003.79970583812
2009-12-11,12066.96442938812
2009-12-14,12108.702762267623
2009-12-15,12112.537472772256
2009-12-16,12185.42180556476
2009-12-17,12312.423030119518
2009-12-18,11983.879318564748
2009-12-21,11686.186182778565
2009-12-22,11524.65412940196
2009-12-23,11661.031012644571
2009-12-24,11638.302961347725
2009-12-29,11633.573618444136
2009-12-30,11820.077462226476
2009-12-31,12001.780965483502
2010-01-04,12034.97031941521
2010-01-05,12002.72941093337
2010-01-06,11865.997579417719
2010-01-07,12159.728089991324
2010-01-08,12157.586605138338
2010-01-11,11868.787866804909
2010-01-12,11844.388959365773
2010-01-13,11803.687119617878
2010-01-14,11774.996119724703
2010-01-15,11901.301203934116
2010-01-18,11960.701623566723
2010-01-19,11961.965694844977
2010-01-20,11994.375494230768
2010-01-21,11811.937768114283
2010-01-22,11847.523478033509
2010-01-25,11722.789241192051
2010-01-27,11668.830489026881
2010-01-28,11721.048816763747
2010-01-29,11519.477164588603
2010-02-01,11602.376681459156
2010-02-02,11382.906133789318
2010-02-03,11587.607345803928
2010-02-04,11607.90166745547
2010-02-05,11702.191334388965
2010-02-08,11608.348474512513
2010-02-09,11466.342493537764
2010-02-10,11624.666035171265
2010-02-11,11465.337537943466
2010-02-15,11454.851563378941
2010-02-16,11739.71426453732
2010-02-17,11702.829248761594
2010-02-18,11681.895952930547
2010-02-19,11823.061774956139
2010-02-22,11771.242525604152
2010-02-23,11749.864403868063
2010-02-24,11809.23436044583
2010-02-25,11574.22836830861
2010-02-26,11835.389346156493
2010-03-02,11999.860100446196
2010-03-03,11847.259224179184
2010-03-04,11782.858508396092
2010-03-05,12294.924870314351
2010-03-08,12249.212737508919
2010-03-09,12402.02902831454
2010-03-10,12440.292171122943
2010-03-11,12326.687277855413
2010-03-12,12104.698660946326
2010-03-15,12158.853980859263
2010-03-16,12194.474052868602
2010-03-17,12011.861124866311
2010-03-18,11860.953477348732
2010-03-19,12241.729020716522
2010-03-22,12201.993150723203
2010-03-23,12309.971992109893
2010-03-25,12184.724737487531
2010-03-26,12099.561053082143
2010-03-29,12044.066536842896
2010-03-30,12308.116353723703
2010-03-31,11944.87184482276
2010-04-01,11979.13905024867
2010-04-05,11848.756375456009
2010-04-06,12038.563610262296
2010-04-07,11909.144118862567
2010-04-08,12110.109102680703
2010-04-09,12296.4301597705
2010-04-12,12473.89051707974
2010-04-13,12522.335134869369
2010-04-15,12285.435114855727
2010-04-16,11959.66126161919
2010-04-19,11868.794218540077
2010-04-20,11627.780291129395
2010-04-21,11696.349648402513
2010-04-22,11557.78143043622
2010-04-23,11564.971051937118
2010-04-26,11392.9032904785
2010-04-27,11479.981349101301
2010-04-28,11326.881765946431
2010-04-29,11150.826226214787
2010-04-30,11106.500641841192
2010-05-03,11131.312621620142
2010-05-04,11644.914137990767
2010-05-05,11533.037705176941
2010-05-06,11452.304248860506
2010-05-07,11504.03551237248
2010-05-10,11382.527421351495
2010-05-11,11415.311472875921
2010-05-12,11595.643059599099
2010-05-13,11468.127365856006
2010-05-14,11394.646610841039
2010-05-17,11631.733517867327
2010-05-18,11784.002788463415
2010-05-19,11996.192470688155
2010-05-20,12180.084942071497
2010-05-21,12238.803017004628
2010-05-24,12560.144696052568
2010-05-25,12277.09993200239
2010-05-26,12188.401686208592
2010-05-27,11967.49598463198
2010-05-28,11954.285264560664
2010-05-31,11860.904374536936
2010-06-01,11904.248718097673
2010-06-02,12068.480413312935
2010-06-03,12135.61697278081
2010-06-04,11972.876128964008
2010-06-07,11983.997717804039
2010-06-08,12018.593453666923
2010-06-09,11789.249687529871
2010-06-10,11903.835019573511
2010-06-11,11880.148580823254
2010-06-14,11652.005865916248
2010-06-15,11853.548514577586
2010-06-16,12106.705324390336
2010-06-17,12148.449527762843
2010-06-18,12365.998672655216
2010-06-21,12536.55360882219
2010-06-22,12374.774651916396
2010-06-23,12381.800294931696
2010-06-24,12301.28075294117
2010-06-25,12023.449248837389
2010-06-28,11990.2149393492
2010-06-29,12366.516385539577
2010-06-30,12388.062772853882
2010-07-01,12612.232433110337
2010-07-02,12144.840943157678
2010-07-05,12109.17667582007
2010-07-06,11875.73718114745
2010-07-07,11746.92074585334
2010-07-08,11919.216141005872
2010-07-09,11789.713900755987
2010-07-12,11660.02319478269
2010-07-13,11507.209937005282
2010-07-14,11353.75038781422
2010-07-15,11297.722839921566
2010-07-16,11205.889331164675
2010-07-19,11180.028677104367
2010-07-20,11359.502583695672
2010-07-21,11555.880180028695
2010-07-22,11327.8631490054
2010-07-23,11366.767506995648
2010-07-26,11500.816504463846
2010-07-27,11582.106138615214
2010-07-28,11483.20792450281
2010-07-29,11468.327428389142
2010-07-30,11225.259003316163
2010-08-02,11403.943568494871
2010-08-03,11447.683851359396
2010-08-04,11668.529169262167
2010-08-05,11429.61707374074
2010-08-06,11428.48257062677
2010-08-09,11256.610306711485
2010-08-10,11413.416258477506
2010-08-11,11192.539086610734
2010-08-12,11231.428093581084
2010-08-13,11278.995865109471
2010-08-16,11437.126618142636
2010-08-17,11484.42390060328
2010-08-18,11591.005835774007
2010-08-19,11331.079950922987
2010-08-20,11228.201974913476
2010-08-23,11640.691258548944
2010-08-24,11715.329717256353
2010-08-25,11556.224631587731
2010-08-26,11307.63320148507
2010-08-27,11572.718335026735
2010-08-30,11501.629648555312
2010-08-31,11382.352373721305
2010-09-01,11367.1756828405
2010-09-02,11327.711372083966
2010-09-03,11226.518016204502
2010-09-06,11381.297501769779
2010-09-07,11607.64536404534
2010-09-08,11679.67374025592
2010-09-09,11796.869951568071
2010-09-13,12070.501375642796
2010-09-14,12163.062465814734
2010-09-15,12079.277609544191
2010-09-16,12164.476200329109
2010-09-17,12132.924512160087
2010-09-20,12242.43463667864
2010-09-21,12504.19422971074
2010-09-22,12762.222407190311
2010-09-23,12906.281351824784
2010-09-24,12909.166010147095
2010-09-27,13078.249033804786
2010-09-28,12834.780575574161
2010-09-29,12967.540102849007
2010-09-30,13031.047507975536
2010-10-01,13099.440389048808
2010-10-04,13141.435414595253
2010-10-05,13137.965669680243
2010-10-06,13388.660092300186
2010-10-07,13466.454559589421
2010-10-08,13541.951326206841
2010-10-11,13434.54421528843
2010-10-12,13817.072033189961
2010-10-13,13987.139271102116
2010-10-14,14107.746961142855
2010-10-15,14036.39448105826
2010-10-18,14173.927200916678
2010-10-19,13838.471508749813
2010-10-20,13932.189640243498
2010-10-21,13967.948656234847
2010-10-22,13728.397507017002
2010-10-25,13578.02109752896
2010-10-26,13427.772980872687
2010-10-27,13284.410793640784
2010-10-28,13003.234706893209
2010-10-29,12913.920663720726
2010-11-01,12999.37844805059
2010-11-02,12884.264983185469
2010-11-03,12911.033211133643
2010-11-04,13416.394535322192
2010-11-08,13106.372207194925
2010-11-09,12868.092242091385
2010-11-10,12861.973177684717
2010-11-11,12774.816991644884
2010-11-12,12627.845807405161
2010-11-15,12562.635832720176
2010-11-16,12853.692673264384
2010-11-18,12760.886781354824
2010-11-19,12961.615991728728
2010-11-22,12596.315350850167
2010-11-23,12448.097559557176
2010-11-24,12534.349626116376
2010-11-25,12487.616429686148
2010-11-26,12497.76545716623
2010-11-29,12272.043612375193
2010-11-30,12359.941366743806
2010-12-01,12255.431416257103
2010-12-02,12094.062073379875
2010-12-03,12153.654554469631
2010-12-06,12084.925011415931
2010-12-07,12086.915601930988
2010-12-08,12182.34413406372
2010-12-09,12190.52586107692
2010-12-10,12079.28216960856
2010-12-13,12215.498444221083
2010-12-14,12165.655090920574
2010-12-15,12310.440332027185
2010-12-16,12259.150155170968
2010-12-20,12418.820919932135
2010-12-21,12338.327585213488
2010-12-22,12602.40083635012
2010-12-23,12723.29458725465
2010-12-24,12765.862659882472
2010-12-27,12735.837489176449
2010-12-28,13000.43178536696
2010-12-29,12900.068848576662
2010-12-30,12591.816133198547
2010-12-31,12793.577380630368
2011-01-03,12982.642746794254
2011-01-04,13242.32639471673
2011-01-05,13449.786849852366
2011-01-06,13267.501491632305
2011-01-07,13211.94332016675
2011-01-10,12986.622536571158
2011-01-11,12788.913949028703
2011-01-12,13049.936007074177
2011-01-13,13007.832396722451
2011-01-14,12961.918600188375
2011-01-17,12930.476646078929
2011-01-18,12528.83784847882
2011-01-19,12262.491169731373
2011-01-20,12360.756136653263
2011-01-21,12091.449805342167
2011-01-24,11993.729556964116
2011-01-25,11695.733987572094
2011-01-27,11477.646858974069
2011-01-28,11391.04098789621
2011-01-31,11213.991641551856
2011-02-01,11121.843461135126
2011-02-02,11149.603127231794
2011-02-03,10826.579357025254
2011-02-04,10955.093929072247
2011-02-07,10906.499722814122
2011-02-08,10930.226624516563
2011-02-09,10845.389005804205
2011-02-10,10815.312686880497
2011-02-11,10697.978969619804
2011-02-14,10416.781172050652
2011-02-15,10445.93374353344
2011-02-16,10601.189740031365
2011-02-17,10643.865622975381
2011-02-18,10662.494785878967
2011-02-21,10534.637775131849
2011-02-22,10259.03778629078
2011-02-23,10340.819253514723
2011-02-24,10308.85916347854
2011-02-25,10300.773491432852
2011-02-28,10280.34145077479
2011-03-01,10081.322665714319
2011-03-03,10164.669705287624
2011-03-04,10512.20612703549
2011-03-07,10485.263711065021
2011-03-08,10348.208274261027
2011-03-09,10301.344840495263
2011-03-10,10118.618502510883
2011-03-11,10142.558585127574
2011-03-14,10170.826873931726
2011-03-15,9934.728407530347
2011-03-16,10005.978393682763
2011-03-17,10067.141901304367
2011-03-18,10201.510925821525
2011-03-21,10309.813416585317
2011-03-22,10350.75532363348
2011-03-23,10262.220276257221
2011-03-24,10255.38430796098
2011-03-25,10248.072516649145
2011-03-28,10312.740411098595
2011-03-29,10198.561666609814
2011-03-30,10025.463321216566
2011-03-31,10220.183031891986
2011-04-01,10628.659638740855
2011-04-04,10812.14648055608
2011-04-05,11150.457814262654
2011-04-06,11052.89043587152
2011-04-07,11016.509798545565
2011-04-08,10995.095018685544
2011-04-11,10945.735035784472
2011-04-13,11235.493416113051
2011-04-15,10978.968208317357
2011-04-18,10917.227618724462
2011-04-19,10728.439205693205
2011-04-20,10645.6185432701
2011-04-21,10395.939103240611
2011-04-25,10184.341616476237
2011-04-26,10225.019488097207
2011-04-27,10256.53364415473
2011-04-28,10281.12639124621
2011-04-29,10306.0293455987
2011-05-02,10411.359748195953
2011-05-03,10424.5412304752
2011-05-04,10269.13809285376
2011-05-05,10237.351690631753
2011-05-06,10132.90258329
2011-05-09,10225.889612380704
2011-05-10,10327.688737415838
2011-05-11,10340.143420948634
2011-05-12,10432.115214326237
2011-05-13,10400.775499531048
2011-05-16,10536.372539505675
2011-05-17,10686.657637851962
2011-05-18,10649.674213807302
2011-05-19,10562.056615447924
2011-05-20,10838.040016862524
2011-05-23,10971.601972813538
2011-05-24,11011.894277683323
2011-05-25,10906.378259852467
2011-05-26,10881.419603869277
2011-05-27,10951.655629954334
2011-05-30,11091.113091529314
2011-06-01,10937.000839940421
2011-06-02,10902.783002952012
2011-06-03,10925.884983658309
2011-06-06,10701.784990734575
2011-06-07,10958.377763316497
2011-06-08,10978.901899810258
2011-06-09,10852.645193807884
2011-06-10,10853.783077238948
2011-06-13,10883.000063378568
2011-06-14,11049.042383262293
2011-06-15,11024.06664147073
2011-06-16,11271.002423696546
2011-06-17,11017.572896881671
2011-06-20,11047.136097650591
2011-06-21,11035.054090825624
2011-06-22,11038.257128337284
2011-06-23,10868.675667724285
2011-06-24,10922.937811494321
2011-06-27,10884.707280317412
2011-06-28,11186.723781898856
2011-06-29,11162.003957341209
2011-06-30,11292.011299515936
2011-07-01,11181.432343115912
2011-07-04,11275.777424840062
2011-07-05,11521.80773885628
2011-07-06,11406.4155271357
2011-07-07,11328.689644733773
2011-07-08,11018.85313343493
2011-07-11,11142.308232314817
2011-07-12,11218.599682435708
2011-07-13,11293.397923789482
2011-07-15,11368.834945255217
2011-07-18,11569.145053598671
2011-07-19,11416.678820432813
2011-07-20,11546.974622278773
2011-07-21,11562.716815382653
2011-07-22,11755.514861229292
2011-07-25,11819.980466223136
2011-07-26,11831.211876164158
2011-07-27,11834.758064759577
2011-07-28,12002.955547783358
2011-07-29,12166.324160712296
2011-08-01,12189.177506835667
2011-08-02,12212.810342591356
2011-08-03,12337.189017780793
2011-08-04,12397.630997173546
2011-08-05,12335.644840552422
2011-08-08,12477.112880310535
2011-08-09,12262.051127943427
2011-08-10,12026.251140226133
2011-08-11,12155.798354333254
2011-08-12,12022.141516541365
2011-08-16,11861.184467587667
2011-08-17,11722.59822249361
2011-08-18,11623.573125135112
2011-08-19,11422.286565023476
2011-08-22,11647.011139730936
2011-08-23,11721.889978908677
2011-08-24,11821.036106729494
2011-08-25,11849.825335919957
2011-08-26,11942.554901916588
2011-08-29,11887.547359491378
2011-08-30,12101.46421563162
2011-09-02,12110.648388589829
2011-09-05,11857.821818350762
2011-09-06,11997.128674465886
2011-09-07,12280.693490682932
2011-09-08,12216.416761373534
2011-09-09,12171.518075086551
2011-09-12,11969.35917244474
2011-09-13,11773.41344842844
2011-09-14,11790.0953339529
2011-09-15,11844.389524145965
2011-09-16,11988.30034063212
2011-09-19,11936.339794202224
2011-09-20,12033.889138873816
2011-09-21,11644.902995141634
2011-09-22,11606.45700982998
2011-09-23,11822.15094823944
2011-09-26,11950.14345411761
2011-09-27,11935.50340205363
2011-09-28,12090.204230067038
2011-09-29,12355.996141750054
2011-09-30,12240.837885192419
2011-10-03,12339.323254035427
2011-10-04,12713.492457969205
2011-10-05,12945.883346911085
2011-10-07,12970.665475961325
2011-10-10,12863.789426291905
2011-10-11,12419.752891724793
2011-10-12,12378.880238916909
2011-10-13,12275.593716031119
2011-10-14,12551.852264572359
2011-10-17,12695.730387592013
2011-10-18,12664.43784506592
2011-10-19,12476.162655531538
2011-10-20,12190.797684240455
2011-10-21,12079.082039446388
2011-10-24,11725.541496532942
2011-10-25,11825.966470775082
2011-10-28,11962.561193560137
2011-10-31,11940.458360588053
2011-11-01,11741.66561433401
2011-11-02,11624.097620796583
2011-11-03,11748.917590128089
2011-11-04,11705.412722012185
2011-11-08,11585.817709370875
2011-11-09,11684.415627890034
2011-11-11,11909.676140055306
2011-11-14,11875.896323996809
2011-11-15,11848.92927892091
2011-11-16,12075.898885349035
2011-11-17,11613.916661726826
2011-11-18,11509.395435448938
2011-11-21,11404.683125897998
2011-11-22,11372.23334484338
2011-11-23,11435.271650538785
2011-11-25,11402.388515837389
2011-11-28,11467.071003305771
2011-11-29,11476.698169627807
2011-11-30,11465.314346651576
2011-12-01,11666.011178370856
2011-12-02,11771.139940291185
2011-12-05,11770.593735439299
2011-12-07,11583.389156483501
2011-12-08,11307.027897808182
2011-12-09,11004.880190649463
2011-12-12,10801.75678646129
2011-12-13,10780.226155893546
2011-12-14,10779.094540332517
2011-12-15,10822.174182930692
2011-12-16,10528.611398927465
2011-12-19,10642.922562765214
2011-12-20,10575.684417921175
2011-12-21,10492.651317537278
2011-12-22,10702.813631064011
2011-12-23,10634.660965490339
2011-12-27,10393.824912035938
2011-12-28,10159.338371264721
2011-12-29,10347.12657864379
2011-12-30,10553.768144431035
2012-01-03,10777.86409454573
2012-01-04,10791.421992013533
2012-01-05,10817.0254689123
2012-01-06,10810.351968158866
2012-01-09,10714.0940713992
2012-01-10,10866.977050515488
2012-01-11,10860.84496715119
2012-01-12,10916.019480801497
2012-01-13,10745.761505827675
2012-01-16,10480.53916287473
2012-01-17,10536.455905051838
2012-01-18,10271.785149796218
2012-01-19,10302.853816181336
2012-01-20,10131.249888188107
2012-01-23,10139.60774459649
2012-01-24,9916.207744094554
2012-01-25,9916.786409120317
2012-01-27,9777.076674485983
2012-01-30,9796.505860828174
2012-01-31,9805.949266335458
2012-02-01,9667.542912999967
2012-02-02,9582.358901625255
2012-02-03,9606.193355076359
2012-02-06,9473.59813882407
2012-02-07,9686.733042570759
2012-02-08,9703.421444289375
2012-02-09,10012.06168151526
2012-02-10,10008.453620440967
2012-02-13,9951.19001796837
2012-02-14,9944.772273601408
2012-02-15,9873.043156457803
2012-02-16,9962.547063110396
2012-02-17,9868.987229520208
2012-02-21,9720.987068945811
2012-02-22,9671.599732042285
2012-02-23,9693.073047843158
2012-02-24,9660.703938645185
2012-02-27,9567.951267264443
2012-02-28,9568.819512189264
2012-02-29,9545.120023507856
2012-03-01,9506.016104029928
2012-03-02,9542.047272383312
2012-03-05,9478.057130221243
2012-03-06,9235.701112496234
2012-03-07,9236.328501799599
2012-03-09,9335.598246214386
2012-03-12,9227.890787315908
2012-03-13,9026.73155453826
2012-03-14,8914.594028946163
2012-03-15,9003.593868684144
2012-03-16,8945.005359983397
2012-03-19,8976.408936658374
2012-03-20,8913.123217305822
2012-03-21,8960.890700491507
2012-03-22,9090.788343263828
2012-03-23,8997.436477839807
2012-03-26,9207.897778141218
2012-03-27,9255.971984262043
2012-03-28,9146.507855189844
2012-03-29,8923.6881262867
2012-03-30,9082.047922958885
2012-04-02,8898.522486794047
2012-04-03,8985.446082945162
2012-04-04,8982.570700397913
2012-04-09,9188.694399434175
2012-04-10,9066.120583617236
2012-04-11,9060.502655211685
2012-04-12,8994.087628121108
2012-04-13,9018.778869201986
2012-04-16,8763.019307360964
2012-04-17,8778.878243369565
2012-04-18,8871.318371325273
2012-04-19,9018.513363146916
2012-04-20,9063.393420907856
2012-04-23,8827.450599413727
2012-04-24,8626.244476024787
2012-04-25,8410.551810292813
2012-04-26,8259.175890675922
2012-04-27,8275.023901319133
2012-04-30,8431.38052596114
2012-05-02,8500.599595214733
2012-05-03,8609.687565091115
2012-05-04,8350.415186839582
2012-05-07,8352.89226680868
2012-05-08,8480.811053965701
2012-05-09,8271.777683033988
2012-05-10,8230.350929818915
2012-05-11,8129.806013172647
2012-05-14,8085.491043684298
2012-05-15,8010.544260443483
2012-05-16,8026.037757139069
2012-05-17,8118.684069558498
2012-05-18,8214.555520569531
2012-05-22,8309.018937992922
2012-05-23,8239.01518748327
2012-05-24,8250.457334016384
2012-05-25,8279.11111752964
2012-05-28,8285.20199766514
2012-05-29,8280.632753921589
2012-05-30,8384.159052128685
2012-05-31,8470.100859323149
2012-06-01,8434.755564426963
2012-06-04,8395.13571875342
2012-06-05,8481.844522552183
2012-06-06,8558.16067266434
2012-06-07,8409.598466984877
2012-06-08,8565.8909306145
2012-06-11,8516.604099770488
2012-06-12,8292.140745072324
2012-06-13,8204.523421584707
2012-06-14,8195.790761930559
2012-06-15,8085.501286301142
2012-06-18,8091.164942591564
2012-06-19,8084.300128762789
2012-06-20,8166.364950663655
2012-06-21,8198.178029424464
2012-06-22,8257.310703053558
2012-06-25,8215.436907987343
2012-06-26,8434.696858815834
2012-06-27,8412.705430360083
2012-06-28,8407.561326734969
2012-06-29,8415.2119500992
2012-07-02,8271.350015066659
2012-07-03,8451.189259340697
2012-07-04,8301.476132836837
2012-07-05,8560.160547465977
2012-07-06,8462.540200924836
2012-07-09,8613.703891494313
2012-07-10,8502.204049404523
2012-07-11,8425.32450069745
2012-07-12,8683.703072852171
2012-07-13,8790.208698144343
2012-07-16,8905.484645530978
2012-07-17,8953.916616298215
2012-07-18,8754.995864657627
2012-07-19,8593.479202750252
2012-07-20,8714.82548009486
2012-07-23,8912.201312194622
2012-07-24,8930.9069043893
2012-07-25,8906.2225056756
2012-07-26,8829.983742058077
2012-07-27,8916.887299141039
2012-07-30,8741.334570616318
2012-07-31,8707.404870553453
2012-08-01,8980.085770767608
2012-08-02,9151.466800279803
2012-08-03,9118.672999657596
2012-08-06,9208.336814810284
2012-08-07,9365.432836194814
2012-08-08,9351.583068800675
2012-08-09,9315.765994000747
2012-08-10,9368.378413188262
2012-08-13,9543.871373471884
2012-08-14,9594.189597467159
2012-08-16,9397.222499550728
2012-08-17,9946.149771069493
2012-08-21,9972.657740975706
2012-08-22,9763.29238853214
2012-08-23,9834.006020790855
2012-08-24,9943.343590880228
2012-08-27,9759.521768410743
2012-08-29,9524.862124019503
2012-08-30,9526.604332797318
2012-08-31,9530.51045103042
2012-09-03,9499.615637929068
2012-09-04,9345.822101863012
2012-09-05,9358.599041493084
2012-09-06,9202.255104307058
2012-09-07,9226.826927954018
2012-09-10,9300.63886039867
2012-09-11,9349.79709924249
2012-09-12,9420.181614598176
2012-09-13,9244.9323245074
2012-09-14,9222.232007681501
2012-09-17,9326.843160770335
2012-09-18,8973.572156346267
2012-09-20,9133.499261285016
2012-09-21,9137.018772516818
2012-09-24,9003.926276268903
2012-09-25,8841.447797597302
2012-09-26,8883.312548620841
2012-09-27,8908.845769950118
2012-09-28,8894.73370132175
2012-10-01,9005.41204234469
2012-10-03,9050.150524996172
2012-10-04,9068.192409922858
2012-10-05,9118.241215040605
2012-10-08,9217.720755654536
2012-10-09,9445.300700373464
2012-10-10,9598.829510326314
2012-10-11,9692.029391125183
2012-10-12,9832.059393126809
2012-10-15,9893.065952789768
2012-10-16,9909.276581979106
2012-10-17,9985.868654131831
2012-10-18,9942.250038075303
2012-10-19,9968.218844391842
2012-10-22,10013.094694501218
2012-10-23,9993.660281887054
2012-10-25,9800.245539333993
2012-10-29,9942.621614784515
2012-10-30,9945.366800382779
2012-10-31,9925.230457471444
2012-11-01,9985.258669398214
2012-11-02,9938.956436194107
2012-11-05,9935.928597354432
2012-11-06,9856.92527691701
2012-11-07,9978.699894357236
2012-11-08,9834.58706651947
2012-11-09,9804.911928110565
2012-11-12,9924.29381706688
2012-11-15,9822.086325888735
2012-11-16,9726.608419048773
2012-11-19,9603.765482441337
2012-11-20,9756.740325331655
2012-11-21,9584.111684022537
2012-11-22,9559.021323828742
2012-11-23,9437.585276569716
2012-11-26,9470.676338148593
2012-11-27,9596.869978613282
2012-11-29,9541.784334699594
2012-11-30,9507.75369422229
2012-12-03,9279.265177205101
2012-12-04,9297.643771752319
2012-12-05,9499.870406046504
2012-12-06,9283.969481421535
2012-12-07,9202.174251976989
2012-12-10,9167.76300553526
2012-12-11,9241.974382160211
2012-12-12,9241.421643867081
2012-12-13,9274.067501461806
2012-12-14,9339.762015716979
2012-12-17,9252.67212899059
2012-12-18,9337.786123662212
2012-12-19,9438.371292388938
2012-12-20,9360.267874900917
2012-12-21,9220.26924586569
2012-12-24,9250.372196231054
2012-12-26,9360.887110937176
2012-12-27,9368.962084774128
2012-12-28,9301.545707916519
2012-12-31,9356.305936554481
2013-01-02,9634.118611280917
2013-01-03,9530.731325220917
2013-01-04,9642.861985312755
2013-01-07,9676.041808319766
2013-01-08,9638.187947040382
2013-01-09,9540.152915139483
2013-01-10,9358.690008272999
2013-01-11,9246.479007905655
2013-01-14,9210.04094923272
2013-01-15,9198.179240176081
2013-01-16,9177.359745701002
2013-01-17,9143.988704980686
2013-01-18,9194.507637048184
2013-01-21,8954.984696701851
2013-01-22,9017.143314007351
2013-01-23,9002.214890670151
2013-01-24,8902.157839638317
2013-01-25,8860.289983237717
2013-01-28,8885.105192753424
2013-01-29,8919.778868846774
2013-01-30,8778.611676648221
2013-01-31,8729.549291632742
2013-02-01,8681.799013977865
2013-02-04,8519.772329610127
2013-02-05,8486.10221196809
2013-02-06,8395.492156813238
2013-02-07,8461.256139457813
2013-02-08,8312.4619308065
2013-02-11,8306.699674361445
2013-02-12,8326.425591709682
2013-02-13,8490.434168744028
2013-02-14,8364.900516201555
2013-02-15,8160.715049050298
2013-02-18,8168.409264144385
2013-02-19,8259.316108463334
2013-02-20,8228.427631367205
2013-02-21,8293.520600913615
2013-02-22,8313.178383771525
2013-02-25,8550.488480720382
2013-02-26,8673.33534985859
2013-02-27,8727.971800500205
2013-02-28,8956.137717490443
2013-03-01,8996.64942417065
2013-03-04,9374.308181169199
2013-03-05,9456.024580058383
2013-03-06,9638.014180518914
2013-03-07,9439.899607164796
2013-03-08,9557.49111621148
2013-03-11,9561.832526545968
2013-03-12,9466.437101023923
2013-03-13,9269.810693138626
2013-03-14,9294.822408945609
2013-03-15,9192.665878673308
2013-03-18,9164.068808234884
2013-03-19,9259.451505606807
2013-03-20,9097.702273551437
2013-03-21,9350.320650304962
2013-03-22,9318.13815145577
2013-03-25,9522.057978699133
2013-03-26,9586.639423896124
2013-03-28,9592.579656644342
2013-04-01,9777.092389787378
2013-04-02,9964.915650081535
2013-04-03,9998.266494112591
2013-04-04,9994.553113601058
2013-04-05,10187.713562900597
2013-04-08,10398.030754906007
2013-04-09,10567.167513263521
2013-04-10,10550.759492298628
2013-04-11,10743.590887626597
2013-04-12,10774.577362892649
2013-04-15,10794.097848820906
2013-04-16,10538.366992813235
2013-04-17,10500.860803966765
2013-04-18,10595.438507469795
2013-04-22,10456.157901420413
2013-04-23,10461.65892104782
2013-04-25,10674.619054175597
2013-04-26,10995.82913696962
2013-04-29,10852.520335437723
2013-04-30,10844.446466341986
2013-05-02,10704.28560278154
2013-05-03,10561.747623117735
2013-05-06,10524.162771874757
2013-05-07,10396.666766492901
2013-05-08,10305.123470496725
2013-05-09,10296.898646596235
2013-05-10,10189.857458654256
2013-05-13,10305.962841255012
2013-05-14,10150.975513383157
2013-05-15,10065.525602526573
2013-05-16,9859.355536817773
2013-05-17,9914.265392198988
2013-05-20,10038.769688168972
2013-05-21,10172.086679400405
2013-05-22,10246.321870221114
2013-05-23,10179.025563772097
2013-05-24,10171.393851371586
2013-05-27,10116.123910304606
2013-05-28,10406.664270925763
2013-05-29,10444.186468500218
2013-05-30,10190.61170303155
2013-05-31,10057.93858753787
2013-06-03,10123.540636925502
2013-06-04,10222.335367474747
2013-06-05,10069.477816207844
2013-06-06,10033.97682675837
2013-06-07,9960.64912114454
2013-06-10,9959.45442954264
2013-06-11,9940.76349723257
2013-06-12,9855.88650489504
2013-06-13,10020.352318070216
2013-06-14,9625.368392858696
2013-06-17,9898.552228662214
2013-06-18,9963.357890460933
2013-06-19,9732.630871878677
2013-06-20,9820.6837475853
2013-06-21,9810.915053394496
2013-06-24,9811.312038850676
2013-06-25,9664.874747660104
2013-06-26,9737.735123144968
2013-06-27,9627.65129979122
2013-06-28,9546.966042688477
2013-07-01,9462.219892217707
2013-07-02,9523.345554010044
2013-07-03,9351.898878593722
2013-07-04,9182.9388747198
2013-07-05,9216.270038729088
2013-07-08,9210.548513457286
2013-07-09,9138.162041067555
2013-07-10,9225.444850369895
2013-07-11,9231.629603682719
2013-07-12,9326.75976236929
2013-07-15,9394.818732351589
2013-07-16,9307.165800507055
2013-07-17,9210.580391863075
2013-07-18,9195.439537816295
2013-07-19,9358.163271549769
2013-07-22,9430.048501800142
2013-07-23,9381.043175196142
2013-07-24,9221.15156290129
2013-07-25,9391.91516859862
2013-07-26,9594.017727763992
2013-07-29,9673.100268592203
2013-07-30,9520.484478490194
2013-07-31,9237.26423332638
2013-08-01,9181.437543733027
2013-08-02,9066.112336469698
2013-08-05,9182.453720912234
2013-08-06,8981.953705955586
2013-08-07,8941.69950459289
2013-08-08,8976.176759372065
2013-08-12,8891.220949000004
2013-08-13,9170.177748751255
2013-08-14,9109.85230387944
2013-08-16,8979.288493784921
2013-08-19,9072.669606841904
2013-08-20,8993.867423525568
2013-08-21,8948.557877604733
2013-08-22,8902.348186014002
2013-08-23,8777.389363600701
2013-08-26,8659.81844288646
2013-08-27,8640.652800004395
2013-08-28,8639.978118678455
2013-08-29,8703.432801826904
2013-08-30,8799.518533136916
2013-09-02,8800.161822504228
2013-09-03,9068.202559415487
2013-09-04,9358.034542821291
2013-09-05,9330.865638245139
2013-09-06,9384.877447602556
2013-09-10,9310.564284738779
2013-09-11,9011.973357172956
2013-09-12,9108.782368494265
2013-09-13,9017.463162464237
2013-09-16,9008.556668639585
2013-09-17,8933.120266307256
2013-09-18,8867.233135371654
2013-09-19,8772.85992326692
2013-09-20,8771.519958153
2013-09-23,8660.121782164184
2013-09-24,8518.22640812652
2013-09-25,8503.607836349684
2013-09-26,8583.327301900768
2013-09-27,8586.392023862916
2013-09-30,8654.967947030325
2013-10-01,8594.230038371037
2013-10-03,8713.2050385974
2013-10-04,8843.797918967211
2013-10-07,8961.123844669492
2013-10-08,8985.912017969296
2013-10-09,8886.976088749001
2013-10-10,8797.37269249867
2013-10-11,8811.660244078686
2013-10-14,8789.237385631135
2013-10-15,8897.912537776247
2013-10-17,8950.815492739497
2013-10-18,8814.565882711577
2013-10-21,8930.93952016383
2013-10-22,8843.307040531645
2013-10-23,9026.872290523039
2013-10-24,9104.572785085566
2013-10-25,9258.481388137721
2013-10-28,9215.179849382384
2013-10-29,9267.66449221758
2013-10-30,9132.884109802544
2013-10-31,8971.975690712432
2013-11-01,8986.431303087922
2013-11-05,8959.091178925897
2013-11-06,9093.193750895294
2013-11-07,9074.25977729091
2013-11-08,9245.26959302403
2013-11-11,9322.981581600156
2013-11-12,9245.52607869759
2013-11-13,9277.368793148495
2013-11-14,9164.3316599645
2013-11-18,9165.970823388232
2013-11-19,9159.473726710981
2013-11-20,9006.00982328719
2013-11-21,9054.93869225867
2013-11-22,9217.761773867327
2013-11-25,9116.262505257146
2013-11-26,9284.827279300309
2013-11-27,9329.998964509654
2013-11-28,9435.229840482529
2013-11-29,9425.10111544561
2013-12-02,9597.361069026221
2013-12-03,9606.828683633095
2013-12-04,9701.959860693052
2013-12-05,9798.827376194566
2013-12-06,9819.962482836156
2013-12-09,9877.294823207638
2013-12-10,9982.296979572848
2013-12-11,10054.960052474315
2013-12-12,10050.92652261936
2013-12-13,10116.371353560866
2013-12-16,10127.2673345594
2013-12-17,10267.755033344909
2013-12-18,10135.622986098339
2013-12-19,10016.432381259887
2013-12-20,9934.04992632561
2013-12-23,9719.422893082023
2013-12-24,9921.999074357005
2013-12-26,9887.343302817255
2013-12-27,9548.851497914113
2013-12-30,9635.80351060632
2013-12-31,9446.870981985008
2014-01-02,9509.111340755413
2014-01-03,9510.353374125383
2014-01-06,9523.095371490987
2014-01-07,9674.738611067636
2014-01-08,9559.578348672861
2014-01-09,9517.893079684802
2014-01-10,9508.558567363745
2014-01-13,9445.127506573797
2014-01-14,9680.42040602839
2014-01-15,9574.330936541024
2014-01-16,9420.961020419645
2014-01-17,9271.239642723529
2014-01-20,9353.002746679555
2014-01-21,9272.77597916773
2014-01-22,9453.717689436564
2014-01-23,9507.889367303505
2014-01-24,9637.809480783422
2014-01-27,9813.422271040547
2014-01-28,9790.479570497964
2014-01-29,9781.596160453602
2014-01-30,9855.159425883086
2014-01-31,9983.150742830474
2014-02-03,10021.292414870068
2014-02-04,9951.945231114034
2014-02-05,10148.127316943455
2014-02-06,10134.90324200769
2014-02-07,10226.01538638151
2014-02-10,10208.297561335346
2014-02-11,10129.886189676603
2014-02-12,10151.277636339859
2014-02-13,10238.17507814338
2014-02-14,10177.770578695225
2014-02-18,10320.159514176736
2014-02-19,10435.676546217
2014-02-20,10613.450290757903
2014-02-21,10644.991957800718
2014-02-24,11030.873367130038
2014-02-25,10855.450942852323
2014-02-26,10806.535289903388
2014-02-28,10695.598454678562
2014-03-03,10942.526709359237
2014-03-04,10935.302974949404
2014-03-05,10751.885266057574
2014-03-06,10535.24157097986
2014-03-07,10520.457639010252
2014-03-10,10544.482048122443
2014-03-11,10431.328312467936
2014-03-12,10296.784647460527
2014-03-13,10410.878600707543
2014-03-14,10448.72653204976
2014-03-18,10413.197791207303
2014-03-19,10523.415030532457
2014-03-20,10486.529030629703
2014-03-21,10432.073587846658
2014-03-24,10662.996132438799
2014-03-25,10825.49184889674
2014-03-26,10671.76963775168
2014-03-27,10583.009834256527
2014-03-28,10701.355529183158
2014-03-31,10639.558220168945
2014-04-01,10495.849751116146
2014-04-02,10656.044889474917
2014-04-03,10569.276441018004
2014-04-04,10629.050319471753
2014-04-07,10983.968198136961
2014-04-09,11167.037452173887
2014-04-10,11062.388447253952
2014-04-11,11053.750568851265
2014-04-15,10912.542367393542
2014-04-16,10708.101737021127
2014-04-17,10600.188142336678
2014-04-21,10676.53200742209
2014-04-22,10706.719397810451
2014-04-23,10678.546359954902
2014-04-25,10506.192478935225
2014-04-28,10599.672806143595
2014-04-29,10464.591845241437
2014-04-30,10450.787385425425
2014-05-02,10550.553286493734
2014-05-05,10328.582031867742
2014-05-06,10154.107586940714
2014-05-07,10146.322001478919
2014-05-08,10072.828622562487
2014-05-09,10053.644170756854
2014-05-12,10243.22040655947
2014-05-13,10091.109870603035
2014-05-14,10392.374961697784
2014-05-15,10747.34208025982
2014-05-16,10756.522078734379
2014-05-19,10441.83174569168
2014-05-20,10147.353505392437
2014-05-21,10189.394271262652
2014-05-22,10008.950492073323
2014-05-23,9790.159273460878
2014-05-26,9727.67257289258
2014-05-27,9791.409675469513
2014-05-28,9696.56338398075
2014-05-29,9563.592589954684
2014-05-30,9451.129354031566
2014-06-02,9314.333960273918
2014-06-03,9473.714595721118
2014-06-04,9451.661039619461
2014-06-05,9651.810980243923
2014-06-06,9726.181088932815
2014-06-09,9656.07873371317
2014-06-10,9654.22453380189
2014-06-11,9705.363639545703
2014-06-12,9684.889371766365
2014-06-13,9865.134243631435
2014-06-16,9780.94085843501
2014-06-17,9566.032117677458
2014-06-18,9327.961288090975
2014-06-19,9247.712359184829
2014-06-20,9249.996017133948
2014-06-23,9121.40311768132
2014-06-24,9137.837014551562
2014-06-25,9178.5761382402
2014-06-26,9255.529389238685
2014-06-27,9347.637431635807
2014-06-30,9237.43061615562
2014-07-01,9344.073418577773
2014-07-02,9432.005408884499
2014-07-03,9667.079739410869
2014-07-04,9820.586654607221
2014-07-07,9877.632348458581
2014-07-08,9965.96310219433
2014-07-09,10005.726972635675
2014-07-10,9997.239593754357
2014-07-11,10039.40199198142
2014-07-14,10070.347733383327
2014-07-15,10074.172205847615
2014-07-16,9968.036382231447
2014-07-17,10277.523894242953
2014-07-18,10208.107316801099
2014-07-21,10398.346039284204
2014-07-22,10158.39473338858
2014-07-23,10134.577524977842
2014-07-24,9892.726430152657
2014-07-25,9862.477529198219
2014-07-28,9899.508248744069
2014-07-30,9582.309996754399
2014-07-31,9516.88602717063
2014-08-01,9522.159843604562
2014-08-04,9548.110737379222
2014-08-05,9600.017804862817
2014-08-06,9534.431004999522
2014-08-07,9551.611339178755
2014-08-08,9612.219883585116
2014-08-11,9437.644017319724
2014-08-12,9674.246785148383
2014-08-13,9706.01048031532
2014-08-14,9631.5348334448
2014-08-18,9805.347857678129
2014-08-19,9733.535853525666
2014-08-20,9548.923208598868
2014-08-21,9609.191382704988
2014-08-22,9822.681084190792
2014-08-25,9934.818884377652
2014-08-26,9848.64578848036
2014-08-27,10004.29002283918
2014-08-28,9998.36622041695
2014-09-01,9972.91025797802
2014-09-02,9838.059141098416
2014-09-03,9699.948966160315
2014-09-04,9652.447060598544
2014-09-05,9651.806941121597
2014-09-08,9699.555056278848
2014-09-09,9838.172680027334
2014-09-10,9818.33108185806
2014-09-11,9912.445932180191
2014-09-12,10065.246011949434
2014-09-15,10028.163737328392
2014-09-16,9852.726890962089
2014-09-17,9945.478218598495
2014-09-18,10087.728813493552
2014-09-19,10041.218547859746
2014-09-22,9943.391577613651
2014-09-23,9750.409204310956
2014-09-24,9796.080963666604
2014-09-25,9826.122376567359
2014-09-26,9620.515217277323
2014-09-29,9817.77658181385
2014-09-30,9794.855716599723
2014-10-01,9819.407712386355
2014-10-07,9827.745326623384
2014-10-08,10070.320600310428
2014-10-09,9956.347522978196
2014-10-10,9742.674310640557
2014-10-13,9722.32533630925
2014-10-14,9572.909248828693
2014-10-16,9596.486623852306
2014-10-17,9471.081613534623
2014-10-20,9651.904800644332
2014-10-21,9632.36363489381
2014-10-22,9676.72089156108
2014-10-27,9560.1989757169
2014-10-28,9314.836453549431
2014-10-29,9214.675414348074
2014-10-30,9124.161653198837
2014-10-31,9060.4769734413
2014-11-03,8948.868519158133
2014-11-05,8742.814283642192
2014-11-07,8750.017498033783
2014-11-10,8933.94316594402
2014-11-11,8906.655396573473
2014-11-12,8902.481664999837
2014-11-13,8828.859156116692
2014-11-14,8746.250917051813
2014-11-17,8673.491326274012
2014-11-18,8599.585801430852
2014-11-19,8717.871586708643
2014-11-20,8733.359372714262
2014-11-21,8667.248289090878
2014-11-24,8801.98861864569
2014-11-25,8613.007252653026
2014-11-26,8712.431630589579
2014-11-27,8802.73247647077
2014-11-28,8683.23110828683
2014-12-01,8682.089256740932
2014-12-02,8621.997111935172
2014-12-03,8761.401076445178
2014-12-04,8676.157035693983
2014-12-05,8483.696399739058
2014-12-08,8447.920562353
2014-12-09,8505.682930052551
2014-12-10,8674.970691311259
2014-12-11,8716.880947567279
2014-12-12,8587.817002471664
2014-12-15,8361.683968145164
2014-12-16,8177.540267541312
2014-12-17,8272.639676844068
2014-12-18,8338.315789553235
2014-12-19,8398.146764518027
2014-12-22,8412.937296571727
2014-12-23,8273.813535198311
2014-12-24,8187.888428682744
2014-12-26,8112.08497131981
2014-12-29,8011.059412655551
2014-12-30,7937.59699295948
2014-12-31,8029.430782046749
2015-01-02,7995.514820134796
2015-01-05,8013.705313453411
2015-01-06,8204.463708048817
2015-01-07,8219.85699888851
2015-01-08,8129.00153598787
2015-01-09,8125.206115992365
2015-01-12,8256.130127836397
2015-01-13,8290.72177283226
2015-01-14,8264.189346546524
2015-01-15,8122.719333606609
2015-01-16,8158.280505115275
2015-01-19,8106.934026383134
2015-01-20,8284.348894025376
2015-01-21,8353.339701511468
2015-01-22,8353.13716972368
2015-01-23,8315.284602365547
2015-01-27,8243.612481535143
2015-01-28,7991.8018246536185
2015-01-29,7922.44631570123
2015-01-30,7808.86017565749
2015-02-02,7982.4785154273995
2015-02-03,8035.848673578646
2015-02-04,7891.3110559938405
2015-02-05,7870.748244391616
2015-02-06,7812.411444833917
2015-02-09,7797.43021357558
2015-02-10,8041.181456798945
2015-02-11,8007.000917303251
2015-02-12,7965.863755851364
2015-02-13,8081.187247930381
2015-02-16,8049.661706766413
2015-02-18,7910.179893770567
2015-02-19,7876.603717351245
2015-02-20,7871.018839997698
2015-02-23,7887.897975546859
2015-02-24,7952.441502753159
2015-02-25,8080.678359682002
2015-02-26,8070.367387735554
2015-02-27,8125.373894408262
2015-03-02,8174.429762509067
2015-03-03,8188.751936223522
2015-03-04,7998.48037638265
2015-03-05,7956.024037781006
2015-03-09,7896.1551213742205
2015-03-10,7899.3043746046715
2015-03-11,7853.771133907062
2015-03-12,7783.400282301694
2015-03-13,7626.344914423938
2015-03-16,7655.785173675577
2015-03-17,7425.195650834164
2015-03-18,7350.048624811246
2015-03-19,7357.527846462792
2015-03-20,7441.03577771047
2015-03-23,7476.421758826496
2015-03-24,7516.506519468271
2015-03-25,7515.095161104894
2015-03-26,7589.66300653187
2015-03-27,7628.664222809861
2015-03-30,7697.3646814298445
2015-03-31,7628.376685583529
2015-04-01,7555.511839189819
2015-04-06,7508.618316590665
2015-04-07,7518.237118373616
2015-04-08,7615.6188884875355
2015-04-09,7607.602191165916
2015-04-10,7739.296729323547
2015-04-13,7690.111071570361
2015-04-16,7588.826653483092
2015-04-17,7543.42000965798
2015-04-20,7412.4618106656935
2015-04-21,7355.202160464017
2015-04-22,7288.260962124721
2015-04-23,7271.2518277992185
2015-04-24,7391.4987211302405
2015-04-27,7373.411176952796
2015-04-28,7357.933191721588
2015-04-29,7285.030021310965
2015-04-30,7246.314416937249
2015-05-04,7395.845967309261
2015-05-05,7438.70767609437
2015-05-06,7290.072505135664
2015-05-07,7257.51541090167
2015-05-08,7217.701705739199
2015-05-11,7227.04275196242
2015-05-12,7103.5853314337555
2015-05-13,7056.9082558425935
2015-05-14,7141.734695151169
2015-05-15,7164.622024508783
2015-05-18,7301.366000986428
2015-05-19,7395.491916750894
2015-05-20,7440.876418539061
2015-05-21,7327.819474636682
2015-05-22,7451.511623908286
2015-05-25,7393.986241045254
2015-05-26,7540.731881172792
2015-05-27,7351.608815262949
2015-05-28,7346.604679122766
2015-05-29,7324.215332420362
2015-06-01,7329.872024521882
2015-06-02,7273.065377089529
2015-06-03,7274.592972872413
2015-06-04,7231.766436692354
2015-06-05,7121.5279849089775
2015-06-08,7091.563834370309
2015-06-09,7067.599250743074
2015-06-10,7039.859063281381
2015-06-11,7140.753776794996
2015-06-12,7090.860791355961
2015-06-15,7123.975661993027
2015-06-16,6974.687726476816
2015-06-17,6922.790404994089
2015-06-18,7001.817097621958
2015-06-19,7122.183922908755
2015-06-22,7067.771310832349
2015-06-23,7076.134835348638
2015-06-24,7047.191362852311
2015-06-25,7032.615268574006
2015-06-26,6940.318728361706
2015-06-29,6909.464308668683
2015-06-30,6914.9553124890135
2015-07-01,6953.385714482652
2015-07-02,6877.514696591583
2015-07-03,6828.745844547285
2015-07-06,6831.544662139395
2015-07-07,6939.677487053211
2015-07-08,6883.08910295094
2015-07-09,6787.104921527276
2015-07-10,6705.731431119182
2015-07-13,6679.5302545621325
2015-07-14,6629.058767281409
2015-07-15,6705.159668435491
2015-07-16,6593.502740996787
2015-07-17,6485.657466644212
2015-07-20,6590.974787519702
2015-07-21,6527.8365390372655
2015-07-22,6565.136637595163
2015-07-23,6460.230199063015
2015-07-24,6436.802222478044
2015-07-27,6356.435690963963
2015-07-28,6286.437335730568
2015-07-29,6350.090963404595
2015-07-30,6401.268654263646
2015-07-31,6416.0939952234885
2015-08-03,6401.702268477148
2015-08-04,6298.557889376333
2015-08-05,6129.826359061231
2015-08-06,6151.444336907889
2015-08-07,6066.1548900232965
2015-08-10,6016.532735429593
2015-08-11,6045.061255715581
2015-08-12,5916.66197826987
2015-08-13,5914.2929824296425
2015-08-14,5970.718405867795
2015-08-17,5882.602588251856
2015-08-18,5936.6736444160015
2015-08-19,5991.436070625863
2015-08-20,6025.490975764062
2015-08-21,6053.734258712197
2015-08-24,6085.414593229655
2015-08-25,6208.280679620764
2015-08-26,6120.348764981055
2015-08-27,6143.811432987126
2015-08-28,6180.424525309196
2015-08-31,6124.287808236799
2015-09-01,6031.110001666785
2015-09-02,5935.189416907765
2015-09-03,5996.585412989235
2015-09-04,5933.171435132532
2015-09-07,5921.292012688843
2015-09-08,5917.281481452581
2015-09-09,6010.896905554943
2015-09-10,6194.194588748766
2015-09-11,6214.226575007302
2015-09-14,6245.973573080042
2015-09-15,6289.112559279067
2015-09-16,6307.786496854308
2015-09-18,6441.2284874164025
2015-09-21,6481.408947726028
2015-09-22,6649.341002783676
2015-09-23,6649.64431781569
2015-09-24,6855.859663607731
2015-09-28,6932.409502286336
2015-09-29,6906.512200465498
2015-09-30,6871.404082721401
2015-10-01,6833.868851502281
2015-10-05,6795.461646479383
2015-10-06,6826.5437736863105
2015-10-07,6874.826341623197
2015-10-08,6935.181009463632
2015-10-09,6991.106160091957
2015-10-12,6931.411304186077
2015-10-13,6876.3670797029545
2015-10-14,6748.60313610438
2015-10-15,6752.104148843845
2015-10-16,6815.781249269295
2015-10-19,6826.479219379608
2015-10-20,6748.590612951971
2015-10-21,6667.878408484827
2015-10-23,6686.337382230484
2015-10-26,6821.504083548106
2015-10-27,6950.035428588575
2015-10-28,6926.14374143668
2015-10-29,6881.391585676513
2015-10-30,6993.954687914026
2015-11-02,6982.777558989459
2015-11-03,6922.958011965697
2015-11-04,7083.592913454497
2015-11-05,7167.745229791424
2015-11-06,7117.137748096053
2015-11-09,7165.953066678067
2015-11-10,7176.094113018112
2015-11-13,7113.297199238991
2015-11-16,7322.666341191499
2015-11-17,7446.521848147454
2015-11-18,7607.649741891598
2015-11-19,7557.843190359425
2015-11-20,7651.0075471543905
2015-11-23,7652.967212734233
2015-11-24,7512.800156775355
2015-11-26,7583.604486123187
2015-11-27,7429.983395770355
2015-11-30,7398.631233022602
2015-12-01,7565.839421761299
2015-12-02,7563.722725939929
2015-12-03,7634.519247991708
2015-12-04,7740.071312726616
2015-12-07,7638.336325434863
2015-12-08,7607.34204104961
2015-12-09,7735.363889212888
2015-12-10,7973.155511416892
2015-12-11,8097.459015970335
2015-12-14,8194.520531686816
2015-12-15,8417.768754542592
2015-12-16,8389.45813426623
2015-12-17,8414.657704536776
2015-12-18,8328.20394897093
2015-12-21,8164.542804038704
2015-12-22,7983.682585875702
2015-12-23,8004.954282158466
2015-12-24,8115.856016472828
2015-12-28,8105.792693474245
2015-12-29,8207.801015729005
2015-12-30,8284.024676597775
2015-12-31,8342.456279838594
2016-01-04,8269.91181956682
2016-01-05,8410.95267906856
2016-01-06,8530.537155451011
2016-01-07,8339.669053758727
2016-01-08,8417.506231338582
2016-01-11,8468.080627763942
2016-01-12,8527.357801228312
2016-01-13,8541.094540248476
2016-01-14,8365.11415647378
2016-01-15,8358.989983297131
2016-01-18,8565.188268014164
2016-01-19,8581.931481537162
2016-01-20,8702.208237408802
2016-01-21,8726.949472025626
2016-01-22,8811.409696010454
2016-01-25,8789.88536004354
2016-01-27,9003.033619615659
2016-01-28,9204.832121319549
2016-01-29,9119.353864255401
2016-02-01,9148.822454192432
2016-02-02,9064.098944951795
2016-02-03,9111.976794637658
2016-02-04,9132.857191929388
2016-02-05,9119.981663161287
2016-02-08,9129.080054052689
2016-02-09,9134.823513589066
2016-02-10,9178.074573330925
2016-02-11,9129.281475032652
2016-02-12,9020.239418169998
2016-02-15,9078.144073822377
2016-02-16,8969.97109177011
2016-02-17,9256.622783139817
2016-02-18,9031.013260100535
2016-02-19,9017.411414901155
2016-02-22,9143.186060583603
2016-02-23,9094.841108946248
2016-02-24,8920.854351006408
2016-02-25,8933.8958438598
2016-02-26,9205.139129633913
2016-02-29,9382.631901323073
2016-03-01,9279.368129839293
2016-03-02,9309.158613688827
2016-03-03,9474.852607681214
2016-03-04,9357.947162597115
2016-03-08,9129.297960564907
2016-03-09,8936.13705577169
2016-03-10,8794.649272674482
2016-03-11,8865.446409133017
2016-03-14,8836.036258908973
2016-03-15,8665.852447234764
2016-03-16,8554.684922528664
2016-03-17,8654.134657964574
2016-03-18,8450.472197260413
2016-03-21,8596.210919139194
2016-03-22,8506.641667091326
2016-03-23,8740.14263672256
2016-03-28,8585.029965078202
2016-03-29,8491.584692685046
2016-03-30,8389.19695724241
2016-03-31,8175.7601856478495
2016-04-01,8182.5618080118265
2016-04-04,8139.632259093505
2016-04-05,8075.180957816278
2016-04-06,8238.067998242632
2016-04-07,8400.182817486675
2016-04-08,8362.718614893125
2016-04-11,8343.32681603747
2016-04-12,8303.711787435808
2016-04-13,8265.926388300448
2016-04-18,8488.25556804199
2016-04-20,8532.259967657496
2016-04-21,8497.72329540616
2016-04-22,8483.379948500056
2016-04-25,8543.081515926542
2016-04-26,8375.275421120892
2016-04-27,8247.62909977226
2016-04-28,7929.90763474435
2016-04-29,7903.324776842605
2016-05-02,7962.506837151907
2016-05-03,7668.381071042703
2016-05-04,7762.110452564707
2016-05-05,7753.729471008832
2016-05-06,7770.67911686343
2016-05-09,7788.0953817407135
2016-05-10,7796.891303521473
2016-05-11,7740.600998379865
2016-05-12,7560.554959423693
2016-05-13,7449.12151952827
2016-05-16,7416.609006694542
2016-05-17,7402.043316878949
2016-05-18,7372.700392560723
2016-05-19,7429.01235039978
2016-05-20,7718.905424680779
2016-05-23,7752.308193096277
2016-05-24,7931.362321650548
2016-05-25,8039.261242839778
2016-05-26,8124.543202192248
2016-05-27,8093.554670305141
2016-05-30,8076.568862781712
2016-05-31,8017.4146710405785
2016-06-01,7807.325600333058
2016-06-02,7852.937019700425
2016-06-03,7998.661701950898
2016-06-06,7951.872721009226
2016-06-07,7880.44161808001
2016-06-08,7791.874091644878
2016-06-09,7698.007756657594
2016-06-10,7632.0397899666505
2016-06-13,7616.710705214132
2016-06-14,7637.011489783709
2016-06-15,7704.6445937846365
2016-06-16,7591.089031342376
2016-06-17,7610.508176624148
2016-06-20,7601.327888737673
2016-06-21,7686.678985495609
2016-06-22,7607.945704371504
2016-06-23,7711.142697040685
2016-06-24,7755.821751262156
2016-06-27,7855.682243653516
2016-06-28,7735.897600333238
2016-06-29,7743.580127965297
2016-06-30,7678.932490685604
2016-07-01,7755.851341607216
2016-07-04,7677.219764454717
2016-07-05,7658.83094404833
2016-07-07,7720.544762615739
2016-07-08,7626.992624492134
2016-07-11,7604.713020558821
2016-07-12,7643.907738170844
2016-07-13,7649.15327646888
2016-07-14,7565.494638394924
2016-07-15,7541.367638794495
2016-07-18,7545.498205372739
2016-07-19,7495.50898427058
2016-07-20,7365.4413928786
2016-07-21,7408.215230085113
2016-07-22,7337.048319040251
2016-07-25,7292.996956666942
2016-07-26,7315.814079624816
2016-07-27,7348.8106480949245
2016-07-28,7359.289582698915
2016-07-29,7305.276518150024
2016-08-01,7520.976957736942
2016-08-02,7373.161120460021
2016-08-03,7206.649719220827
2016-08-04,7231.482796849146
2016-08-05,7159.326794614063
2016-08-08,7191.55877013174
2016-08-09,7206.800223757361
2016-08-10,7151.32573865296
2016-08-11,7164.559557610732
2016-08-16,7106.058978552788
2016-08-17,7198.754233558039
2016-08-18,7259.023468675769
2016-08-19,7232.944715418384
2016-08-22,7117.174675939921
2016-08-23,7119.938224625572
2016-08-24,7203.0801357242735
2016-08-25,7118.8641665512105
2016-08-26,6984.585551844092
2016-08-29,7123.432172864364
2016-08-30,7155.471374125562
2016-08-31,7144.693831094357
2016-09-01,7207.428075688704
2016-09-02,7026.287945397476
2016-09-06,7049.662115867268
2016-09-07,7160.200788889174
2016-09-08,7100.314813830099
2016-09-09,7041.9989263768375
2016-09-12,6934.252839525496
2016-09-14,6852.793841765566
2016-09-15,6847.276564763779
2016-09-16,6735.715271454142
2016-09-19,6784.278644116559
2016-09-20,6858.073316135774
2016-09-21,6789.453567144513
2016-09-22,6569.0932028218
2016-09-23,6588.550458712252
2016-09-26,6567.146688847983
2016-09-27,6681.038633992456
2016-09-28,6570.460627616165
2016-09-29,6716.679465938752
2016-09-30,6819.883414580619
2016-10-03,6780.554998674736
2016-10-04,6741.920778113576
2016-10-05,6734.793408010925
2016-10-06,6623.902942744624
2016-10-07,6574.245000543985
2016-10-10,6607.548176064701
2016-10-13,6523.80090472818
2016-10-14,6438.347950620763
2016-10-17,6425.310282589009
2016-10-18,6473.921594467628
2016-10-19,6360.1808578857335
2016-10-20,6336.071137136314
2016-10-21,6260.755238460892
2016-10-24,6212.120171114923
2016-10-25,6191.7211654299135
2016-10-26,6105.320755997275
2016-10-27,5986.654618669366
2016-10-28,6066.834569356408
2016-11-01,6214.725524548026
2016-11-02,6283.708243704252
2016-11-03,6373.972326760038
2016-11-04,6237.322717557429
2016-11-07,6281.179856221415
2016-11-08,6337.412966517604
2016-11-09,6383.033389775474
2016-11-10,6464.936185411198
2016-11-11,6410.635147336573
2016-11-15,6520.6962636787775
2016-11-16,6640.884161587955
2016-11-17,6640.891613805533
2016-11-18,6580.035602207848
2016-11-21,6681.1498068060255
2016-11-22,6681.681437257468
2016-11-23,6790.167985202225
2016-11-24,6704.164565215039
2016-11-25,6739.955600761213
2016-11-28,6456.4285647836095
2016-11-29,6498.015615551417
2016-11-30,6558.901372153922
2016-12-01,6557.558364106143
2016-12-02,6602.418240216007
2016-12-05,6709.456741143762
2016-12-06,6815.317334166915
2016-12-07,6822.7259598944975
2016-12-08,6745.535756614615
2016-12-09,6835.624083386547
2016-12-12,6788.882734857177
2016-12-13,6777.111500806092
2016-12-14,6770.434089785487
2016-12-15,6807.231413160928
2016-12-16,6681.771351248707
2016-12-19,6822.066054927403
2016-12-20,6768.094437658746
2016-12-21,6698.210355700771
2016-12-22,6626.716916471138
2016-12-23,6657.338989870952
2016-12-26,6794.834350948425
2016-12-27,6806.368379582876
2016-12-28,6766.2511353530845
2016-12-29,6642.550333775072
2016-12-30,6619.841492420872
2017-01-02,6501.831997001594
2017-01-03,6491.6396278187185
2017-01-04,6563.572051537901
2017-01-05,6484.319823738764
2017-01-06,6468.921788907851
2017-01-09,6414.083358385031
2017-01-10,6372.822324048077
2017-01-11,6407.442981587881
2017-01-12,6543.27072932773
2017-01-13,6530.720756537852
2017-01-16,6491.6661140368915
2017-01-17,6455.673805359413
2017-01-18,6386.51744474032
2017-01-19,6252.876081989113
2017-01-20,6255.608957247767
2017-01-23,6319.460937438443
2017-01-24,6345.120808749272
2017-01-25,6325.271511245002
2017-01-27,6306.4836185673985
2017-01-30,6250.535680738279
2017-01-31,6261.154353608042
2017-02-01,6229.433900433069
2017-02-02,6063.737931280809
2017-02-03,6033.9184710226355
2017-02-06,6012.123996784547
2017-02-07,5908.102496493614
2017-02-08,5939.307486793003
2017-02-09,5994.051832920516
2017-02-10,6013.68995106542
2017-02-13,6156.998101855432
2017-02-14,6188.657712238004
2017-02-15,6191.596165648099
2017-02-16,5981.541853388119
2017-02-17,6007.733890380047
2017-02-20,6010.2059634908765
2017-02-21,5800.255022130755
2017-02-22,5812.58550076566
2017-02-23,5812.779326725755
2017-02-27,5830.864909768557
2017-02-28,5865.233404785876
2017-03-01,5960.472632891551
2017-03-02,5922.487095826679
2017-03-03,5987.478046748319
2017-03-06,6061.77234144237
2017-03-07,6131.846885299413
2017-03-08,6209.969427972444
2017-03-09,6143.076547149984
2017-03-10,6111.231270069525
2017-03-14,6156.365062925025
2017-03-15,6028.127050408235
2017-03-16,6032.4210043045005
2017-03-17,5979.563418414098
2017-03-20,6011.633435956263
2017-03-21,5974.705133773565
2017-03-22,5994.544683272635
2017-03-23,5976.0930610573405
2017-03-24,6011.576163609397
2017-03-27,6054.100426154597
2017-03-28,6098.158199295383
2017-03-29,6101.499826205339
2017-03-30,6135.446137823
2017-03-31,6202.770062021964
2017-04-03,6111.892900083138
2017-04-05,6096.88745403167
2017-04-06,6058.864913714496
2017-04-07,6052.448120598001
2017-04-10,6081.922346802045
2017-04-11,6088.791481078776
2017-04-12,6100.151733897906
2017-04-13,6105.206506442318
2017-04-17,6067.080303923262
2017-04-18,5970.5136989638
2017-04-19,5993.168341455884
2017-04-20,6130.490106562213
2017-04-21,6312.066529397905
2017-04-24,6292.590038307958
2017-04-25,6382.560086847501
2017-04-26,6313.635650081795
2017-04-27,6295.18594350295
2017-04-28,6377.777697262792
2017-05-02,6527.345452945217
2017-05-03,6522.588260582629
2017-05-04,6436.794883194095
2017-05-05,6504.190122532417
2017-05-08,6602.0853945905255
2017-05-09,6576.828165681254
2017-05-10,6645.632767913926
2017-05-11,6528.9220020026
2017-05-12,6488.06438938561
2017-05-15,6513.883100661358
2017-05-16,6623.528658196749
2017-05-17,6495.15487165218
2017-05-18,6499.053981510865
2017-05-19,6448.802204215097
2017-05-22,6469.136171839887
2017-05-23,6298.961400693604
2017-05-24,6264.665681574353
2017-05-25,6268.062333366913
2017-05-26,6411.610454183631
2017-05-29,6452.130232603817
2017-05-30,6441.444238766146
2017-05-31,6405.305987603456
2017-06-01,6462.955831910483
2017-06-02,6418.743971847293
2017-06-05,6482.26835880751
2017-06-06,6462.325227208797
2017-06-07,6424.817025698491
2017-06-08,6440.485601192179
2017-06-09,6365.181426930065
2017-06-12,6293.300128989231
2017-06-13,6151.02568245462
2017-06-14,6256.986969462455
2017-06-15,6394.671546971552
2017-06-16,6317.424437200774
2017-06-19,6256.21982750569
2017-06-20,6138.97175047812
2017-06-21,6037.027636854379
2017-06-22,6058.9265435510415
2017-06-23,5976.863076435992
2017-06-27,6131.557998031527
2017-06-28,6262.503957526049
2017-06-29,6089.542532523833
2017-06-30,6162.4772190982485
2017-07-03,6150.852392807289
2017-07-04,6097.964521159049
2017-07-05,6103.241641243819
2017-07-06,6176.096133987025
2017-07-07,6075.522554347333
2017-07-10,6166.531660149808
2017-07-11,6276.326326351401
2017-07-12,6315.656604168761
2017-07-13,6265.787775385227
2017-07-14,6252.247078651343
2017-07-17,6260.3054017615195
2017-07-18,6382.664596160202
2017-07-19,6257.127393219898
2017-07-20,6490.954270559815
2017-07-21,6519.738301242772
2017-07-24,6562.726519761735
2017-07-25,6674.950853856513
2017-07-26,6824.719416402969
2017-07-27,6729.385406486031
2017-07-28,6715.693339660063
2017-07-31,6773.279161715774
2017-08-01,6708.422565814008
2017-08-02,6760.144928056727
2017-08-03,6700.9366946519385
2017-08-04,6751.116707138214
2017-08-07,6729.443945355785
2017-08-08,6818.275858292157
2017-08-09,6781.277537276017
2017-08-10,6832.662809096991
2017-08-11,7168.6697201169245
2017-08-14,7265.999820858591
2017-08-16,7323.611847425417
2017-08-17,7343.155357930618
2017-08-18,7280.87431233466
2017-08-21,7395.548995170022
2017-08-22,7197.171874960747
2017-08-23,7111.060101841692
2017-08-24,7106.373244424366
2017-08-28,7150.147106056044
2017-08-29,7362.298569463534
2017-08-30,7333.651954439999
2017-08-31,7307.914106483934
2017-09-01,7373.741596702565
2017-09-04,7320.156300057933
2017-09-05,7321.991331295741
2017-09-06,7291.711647428244
2017-09-07,7170.655489795704
2017-09-08,7027.0945496420245
2017-09-11,7228.711914492548
2017-09-12,7178.704799396298
2017-09-13,7149.858528388038
2017-09-14,7019.831866187151
2017-09-15,7122.658623752815
2017-09-18,7107.565134084744
2017-09-19,7069.9003973472245
2017-09-20,7109.507134084747
2017-09-21,7099.755405160602
2017-09-22,7055.327825686885
2017-09-25,7040.676891542415
2017-09-26,7054.83834625881
2017-09-27,7223.4613162300175
2017-09-28,7083.163377592998
2017-09-29,7125.115383086734
2017-10-03,7130.020844069529
2017-10-04,7121.451760896488
2017-10-05,7229.240774232098
2017-10-06,7045.099620472976
2017-10-09,6894.839038801537
2017-10-10,7094.483620340194
2017-10-11,7060.548317798085
2017-10-12,7350.857346993395
2017-10-13,7271.1436203313215
2017-10-16,7321.243526208649
2017-10-17,7173.397382944759
2017-10-18,7113.226266370166
2017-10-19,7094.75117260296
2017-10-23,7243.5491456976615
2017-10-24,7204.3181721571755
2017-10-25,7162.407305491386
2017-10-26,7221.442487602443
2017-10-27,7343.228664523312
2017-10-30,7270.2780880941045
2017-10-31,7243.938499833413
2017-11-01,7271.806884348859
2017-11-02,7318.355210321051
2017-11-03,7146.962860742139
2017-11-06,7217.752206179069
2017-11-07,6995.989128267649
2017-11-08,6980.294442086695
2017-11-09,6788.251743369658
2017-11-10,6907.339071765559
2017-11-13,6839.352335188183
2017-11-14,6820.1493472397915
2017-11-15,6737.454538675044
2017-11-16,6622.245430307433
2017-11-17,6629.275767573253
2017-11-20,6564.216406559041
2017-11-21,6500.56423591054
2017-11-22,6577.106085209271
2017-11-23,6706.915254354926
2017-11-24,6567.8865886523845
2017-11-27,6580.718739890027
2017-11-28,6460.883701087592
2017-11-29,6513.764044745118
2017-11-30,6577.3397295127525
2017-12-01,6493.706175669818
2017-12-04,6507.9922997809135
2017-12-05,6498.006113056566
2017-12-06,6547.0056519506425
2017-12-07,6615.671208657732
2017-12-08,6580.007912627697
2017-12-11,6449.192988688349
2017-12-12,6404.720488449127
2017-12-13,6455.165561014683
2017-12-14,6473.282790211584
2017-12-15,6302.947599272684
2017-12-18,6237.171944936798
2017-12-19,6282.488997472914
2017-12-20,6180.986218225512
2017-12-21,6346.217725966163
2017-12-22,6287.047112807618
2017-12-26,6195.138705871956
2017-12-27,6306.878934413058
2017-12-28,6137.03414438814
2017-12-29,6121.791076704928
2018-01-02,6116.910724279056
2018-01-03,6195.188232986443
2018-01-04,6269.3638627403225
2018-01-05,6177.977454938231
2018-01-08,6157.8988339450125
2018-01-09,6055.126903155704
2018-01-10,6088.557984789726
2018-01-11,5932.6282861291
2018-01-12,5973.405235669959
2018-01-15,5953.7637932250755
2018-01-16,5806.3600758412485
2018-01-17,5699.114673968139
2018-01-18,5535.395447343825
2018-01-19,5420.851232576395
2018-01-22,5460.414181249302
2018-01-23,5334.228655654065
2018-01-24,5242.651253391075
2018-01-25,5229.36757512779
2018-01-29,5217.902191514547
2018-01-30,5258.1963769292115
2018-01-31,5262.4016548775
2018-02-01,5315.783895142337
2018-02-02,5250.635983988286
2018-02-05,5263.63414560963
2018-02-06,5165.529494169834
2018-02-07,5135.899601735056
2018-02-08,5244.4866023627
2018-02-09,5355.421460170376
2018-02-12,5387.22686112331
2018-02-14,5352.187917722684
2018-02-15,5193.127763179882
2018-02-16,5048.116661528782
2018-02-19,4922.879007503195
2018-02-20,4923.999417861855
2018-02-21,4855.147999880532
2018-02-22,4821.678331838183
2018-02-23,4865.576032966522
2018-02-26,4932.520071214725
2018-02-27,4901.715115044958
2018-02-28,4902.599006884805
2018-03-01,4880.937228524947
2018-03-05,4924.376933334995
2018-03-06,5001.285334908094
2018-03-07,4978.961113931739
2018-03-08,5088.047903282531
2018-03-09,5199.224281596865
2018-03-12,5210.468531008075
2018-03-13,5258.0723629798285
2018-03-14,5176.24008694215
2018-03-15,5056.889269122497
2018-03-16,5038.068133256164
2018-03-19,5055.400098706512
2018-03-20,5094.421105217823
2018-03-21,5050.498344066357
2018-03-22,5146.419543833571
2018-03-23,5227.080415323856
2018-03-26,5299.15675712836
2018-03-27,5372.658256960025
2018-03-28,5239.6963593237415
2018-04-02,5205.171607600676
2018-04-03,5317.769441613474
2018-04-04,5307.810567067804
2018-04-05,5216.73237877941
2018-04-06,5137.528944162988
2018-04-09,5186.369202803058
2018-04-10,5173.5711884627135
2018-04-11,5189.582002709975
2018-04-12,5263.16106271577
2018-04-13,5365.751439550603
2018-04-16,5389.432384473167
2018-04-17,5388.570209739568
2018-04-18,5474.29076160105
2018-04-19,5513.596889441645
2018-04-20,5507.695512475816
2018-04-23,5484.3039901148595
2018-04-24,5496.163119448365
2018-04-25,5482.301702623084
2018-04-26,5391.7200424796865
2018-04-27,5513.853057469797
2018-04-30,5474.302009988397
2018-05-02,5556.031781177572
2018-05-03,5591.520633622629
2018-05-04,5773.111296325597
2018-05-07,5673.275496352026
2018-05-08,5650.713530143553
2018-05-09,5652.530609793543
2018-05-10,5653.965571472519
2018-05-11,5595.000948047573
2018-05-14,5621.702015660358
2018-05-15,5541.597066701922
2018-05-16,5545.699453513747
2018-05-17,5746.344586547892
2018-05-18,5829.1812583203555
2018-05-21,5792.38714757585
2018-05-22,5724.460503333839
2018-05-23,5574.704114481327
2018-05-24,5603.475806448735
2018-05-25,5799.907958518336
2018-05-28,5822.687920815666
2018-05-29,5738.514109347657
2018-05-30,5631.665274243756
2018-05-31,5546.7033457812395
2018-06-01,5451.82324937882
2018-06-04,5366.4450334503845
2018-06-05,5402.485855784462
2018-06-06,5402.505596563648
2018-06-07,5424.337742472934
2018-06-08,5465.954403522151
2018-06-11,5510.522521267877
2018-06-12,5537.179806415332
2018-06-13,5416.333969970898
2018-06-14,5455.561487580314
2018-06-15,5478.085943005998
2018-06-18,5544.729529180322
2018-06-19,5584.624342002418
2018-06-20,5676.662835038561
2018-06-21,5831.100103205295
2018-06-22,5992.971581312064
2018-06-25,6052.192285655286
2018-06-26,6081.894578714917
2018-06-27,6239.1036697614545
2018-06-28,6195.666745103574
2018-06-29,6274.661560604263
2018-07-02,6288.24919760636
2018-07-03,6420.290877599039
2018-07-04,6322.867391273586
2018-07-05,6321.702750485432
2018-07-06,6343.932955946698
2018-07-09,6292.793265218922
2018-07-10,6231.812316842783
2018-07-11,6361.565930270803
2018-07-12,6315.67203453353
2018-07-13,6300.139523704981
2018-07-16,6415.888352140343
2018-07-17,6458.145126472896
2018-07-18,6528.463463254911
2018-07-19,6452.444103380106
2018-07-20,6532.197801813799
2018-07-23,6588.787121271023
2018-07-24,6692.830157832428
2018-07-25,6661.8073814357385
2018-07-26,6721.765520191315
2018-07-27,6752.451430971922
2018-07-30,6655.672237501603
2018-07-31,6634.025544843291
2018-08-01,6516.279481157589
2018-08-02,6462.79272310933
2018-08-03,6506.689067517659
2018-08-06,6556.658244988683
2018-08-07,6620.001406683938
2018-08-08,6532.970280222227
2018-08-09,6584.298594602808
2018-08-10,6670.352892946539
2018-08-13,6599.716357261344
2018-08-14,6607.432562357232
2018-08-16,6665.992951925882
2018-08-17,6708.225695269153
2018-08-20,6700.347509642664
2018-08-21,6548.747847691069
2018-08-23,6556.707237886809
2018-08-24,6543.241760551198
2018-08-27,6442.8221902803
2018-08-28,6392.649069238356
2018-08-29,6526.355843403989
2018-08-30,6479.476154588701
2018-08-31,6445.646533888037
2018-09-03,6307.09218744968
2018-09-04,6385.653807755444
2018-09-05,6488.750786687436
2018-09-06,6446.483944879225
2018-09-07,6416.666491983478
2018-09-10,6425.715943391945
2018-09-11,6581.11365654665
2018-09-12,6639.344058948297
2018-09-14,6702.171141279391
2018-09-17,6737.790757299295
2018-09-18,6756.146154984228
2018-09-19,6864.186076892258
2018-09-21,6967.695284765799
2018-09-24,6932.627109199044
2018-09-25,6862.135210551109
2018-09-26,6888.53745028749
2018-09-27,6869.821064933064
2018-09-28,6913.39655908647
2018-10-01,6895.389461691223
2018-10-03,6919.1922675030955
2018-10-04,7003.005279066215
2018-10-05,6837.860656980837
2018-10-08,6941.823188570527
2018-10-09,7067.525296304258
2018-10-10,7124.656221747277
2018-10-11,7165.2338275656675
2018-10-12,7162.683704169495
2018-10-15,7193.9767046847455
2018-10-16,7056.2741367736535
2018-10-17,7026.306534986282
2018-10-19,6858.499225483551
2018-10-22,6909.965205806012
2018-10-23,6963.050491070065
2018-10-24,6996.617413758176
2018-10-25,6949.184842578719
2018-10-26,7067.8092144127795
2018-10-29,7293.427348032982
2018-10-30,7269.114142398233
2018-10-31,7243.6454634265265
2018-11-01,7376.802179078137
2018-11-02,7333.112198437889
2018-11-05,7407.825178623143
2018-11-06,7334.548545577739
2018-11-07,7328.151695413865
2018-11-09,7361.192654929644
2018-11-12,7400.569232201264
2018-11-13,7434.131905265279
2018-11-14,7605.313081445946
2018-11-15,7654.379909707116
2018-11-16,7677.085144219566
2018-11-19,7565.715971566606
2018-11-20,7430.447066789167
2018-11-21,7271.595336170269
2018-11-22,7138.716753362588
2018-11-26,7280.083020568382
2018-11-27,7251.742288703475
2018-11-28,7204.494967254776
2018-11-29,7303.714942472919
2018-11-30,7335.112472735146
2018-12-03,7223.424949567147
2018-12-04,7239.507911711008
2018-12-05,7072.831951780904
2018-12-06,7083.720607334879
2018-12-07,7196.987741504337
2018-12-10,7190.817262543645
2018-12-11,7269.264064956619
2018-12-12,7084.89879701366
2018-12-13,7051.717050618443
2018-12-14,6998.793210228052
2018-12-17,6991.1385362130995
2018-12-18,7073.477327961201
2018-12-19,7093.231940112357
2018-12-20,7006.3541042469615
2018-12-21,6921.929083072816
2018-12-24,6870.134913375957
2018-12-26,6866.773415816798
2018-12-27,6937.080182522524
2018-12-28,7072.526713745164
2018-12-31,7149.50227117321
2019-01-02,7254.646186797781
2019-01-03,7243.817019685396
2019-01-04,7052.3785761662675
2019-01-07,7003.195159944421
2019-01-08,6974.788209207957
2019-01-09,7145.537021322666
2019-01-10,7191.853315423187
2019-01-11,7236.137766739793
2019-01-14,7191.900928827481
2019-01-15,7216.547910853791
2019-01-16,7288.931361067038
2019-01-17,7154.169847386321
2019-01-18,7187.7446650095435
2019-01-21,7219.103099030701
2019-01-22,7184.603593358903
2019-01-23,7336.153183216511
2019-01-24,7415.47780149187
2019-01-25,7547.950084966711
2019-01-28,7547.79504429368
2019-01-29,7638.8535983196725
2019-01-30,7502.363631695702
2019-01-31,7509.080331013741
2019-02-01,7601.006908913227
2019-02-04,7421.842052271454
2019-02-05,7303.220511062785
2019-02-06,7278.975573890228
2019-02-07,7367.31701590285
2019-02-08,7138.868372896301
2019-02-11,7205.093606625362
2019-02-12,7041.212353847178
2019-02-14,7108.666387242157
2019-02-15,7052.6421105418
2019-02-18,6774.47583264558
2019-02-19,6690.8829733648245
2019-02-20,6677.400495339699
2019-02-21,6742.0591754429
2019-02-22,6697.55420761848
2019-02-25,6743.98740891525
2019-02-26,6647.167787547028
2019-02-27,6512.5139931165995
2019-02-28,6394.387929573408
2019-03-01,6368.577769012153
2019-03-05,6374.122697506357
2019-03-06,6572.9865917333345
2019-03-07,6550.470614101188
2019-03-08,6606.129102468138
2019-03-11,6657.18390876216
2019-03-12,6636.891771606284
2019-03-13,6580.391566814529
2019-03-14,6685.685994482279
2019-03-15,6546.446893656999
2019-03-18,6530.66361689561
2019-03-19,6668.967807637428
2019-03-20,6569.27230358917
2019-03-22,6542.889982665869
2019-03-25,6719.072936135556
2019-03-26,6739.189671574489
2019-03-27,6746.575599538556
2019-03-28,6754.842605432712
2019-04-01,6716.378467763694
2019-04-02,6662.613071636433
2019-04-03,6632.0556963082445
2019-04-04,6509.754943373883
2019-04-05,6465.305996941635
2019-04-08,6376.424326699003
2019-04-09,6387.625865286113
2019-04-10,6363.1637467890805
2019-04-11,6412.239882453001
2019-04-12,6404.917982150888
2019-04-15,6380.97387877006
2019-04-16,6229.868871832662
2019-04-18,6128.337625180569
2019-04-22,6008.33055233419
2019-04-23,5976.1822213476735
2019-04-24,5947.184755262022
2019-04-25,5806.814004854248
2019-04-26,5853.212571480531
2019-04-30,5739.446438117362
2019-05-02,5727.946490660562
2019-05-03,5780.592632950771
2019-05-06,5775.833595878246
2019-05-07,5849.608590596905
2019-05-08,5862.916643888389
2019-05-09,5834.464974346171
2019-05-10,5990.612813730112
2019-05-13,6119.0841855369445
2019-05-14,6141.004531252335
2019-05-15,6120.3179435051225
2019-05-16,6248.338040166522
2019-05-17,6377.067287794867
2019-05-20,6316.487040367602
2019-05-21,6507.152442671115
2019-05-22,6631.886191338187
2019-05-23,6720.484449551739
2019-05-24,6957.350503764157
2019-05-27,6867.314296832815
2019-05-28,6847.447209505097
2019-05-29,6904.186138899604
2019-05-30,6847.431805154095
2019-05-31,6900.254903976527
2019-06-03,6864.688256599794
2019-06-04,6914.994687932559
2019-06-06,6853.464773303176
2019-06-07,6901.552664131072
2019-06-10,6767.5557374030805
2019-06-11,6728.923022311304
2019-06-12,6755.4536526301
2019-06-13,6676.655632736553
2019-06-14,6705.06729493426
2019-06-17,6792.613287022458
2019-06-18,6738.9186494785345
2019-06-19,6709.293751714001
2019-06-20,6749.585492202112
2019-06-21,6654.176655372517
2019-06-24,6590.061382000504
2019-06-25,6617.378280302791
2019-06-26,6702.088857809161
2019-06-27,6743.16529839755
2019-06-28,6733.740877042838
2019-07-01,6576.320746608058
2019-07-02,6533.089284500012
2019-07-03,6644.9591181744645
2019-07-04,6754.731393965939
2019-07-05,6738.002577430343
2019-07-08,6757.307493291683
2019-07-09,6719.856627735236
2019-07-10,6664.549447915013
2019-07-11,6634.191007205301
2019-07-12,6835.254103432145
2019-07-15,6719.948466712651
2019-07-16,6578.735765060266
2019-07-17,6534.179701804831
2019-07-18,6488.539864306067
2019-07-19,6508.285650597237
2019-07-22,6477.50775632251
2019-07-23,6272.157175398516
2019-07-24,6347.769493852354
2019-07-25,6237.593966497774
2019-07-26,6153.1731254500355
2019-07-29,6269.583418033623
2019-07-30,6311.744634695183
2019-07-31,6399.503109798768
2019-08-01,6348.016925288024
2019-08-02,6446.004198063803
2019-08-05,6491.732075190425
2019-08-06,6599.238601798312
2019-08-07,6745.710444016665
2019-08-08,6876.263904769441
2019-08-09,6761.026134901011
2019-08-13,6726.541738702305
2019-08-14,6688.192049585751
2019-08-16,6606.950143681957
2019-08-19,6714.336940818748
2019-08-20,6662.296536124645
2019-08-21,6695.605982355391
2019-08-22,6600.249067378993
2019-08-23,6562.4100836360385
2019-08-26,6558.820053123493
2019-08-27,6594.018131312794
2019-08-28,6606.964042585787
2019-08-29,6701.217172425587
2019-08-30,6488.802369229302
2019-09-03,6413.0797234865795
2019-09-04,6565.556087955663
2019-09-05,6581.0063297185725
2019-09-06,6374.3459214278
2019-09-09,6450.360773500195
2019-09-11,6442.432029642507
2019-09-12,6426.087511996947
2019-09-13,6467.651605921666
2019-09-16,6444.345048456044
2019-09-17,6418.503788134921
2019-09-18,6346.017807144566
2019-09-19,6437.370554656637
2019-09-20,6430.522965215253
2019-09-23,6525.409002544038
2019-09-24,6539.89717715998
2019-09-25,6311.011503616158
2019-09-26,6191.949392941789
2019-09-27,6176.387285946358
2019-09-30,6099.936478765593
2019-10-01,6139.210818396998
2019-10-03,6222.493111069071
2019-10-04,6320.562926274015
2019-10-07,6186.872251903621
2019-10-09,6209.520898851487
2019-10-10,6190.908869694912
2019-10-11,6327.569512561733
2019-10-14,6305.131929803623
2019-10-15,6367.844385868891
2019-10-16,6395.451957088343
2019-10-17,6392.12376215253
2019-10-18,6324.439348939711
2019-10-22,6331.142269601865
2019-10-23,6212.254962769705
2019-10-24,6097.640981482709
2019-10-25,6059.420875795797
2019-10-29,6069.214555504019
2019-10-30,6040.458478519369
2019-10-31,6092.124168840294
2019-11-01,6092.526885337495
2019-11-04,6025.273937244132
2019-11-05,5940.842777983514
2019-11-06,5874.120856260289
2019-11-07,5862.282993841397
2019-11-08,5990.265158291652
2019-11-11,6077.836434450724
2019-11-13,6123.429236816625
2019-11-14,6205.818508820437
2019-11-15,6061.943970887457
2019-11-18,6170.225155975903
2019-11-19,6268.656804012234
2019-11-20,6284.282957786615
2019-11-21,6237.378494015636
2019-11-22,6346.24949910371
2019-11-25,6309.826671286115
2019-11-26,6329.601372781109
2019-11-27,6192.0200659334105
2019-11-28,6225.744219533561
2019-11-29,6340.295436482916
2019-12-02,6394.854800583465
2019-12-03,6422.422977791825
2019-12-04,6474.599940726393
2019-12-05,6420.679245431898
2019-12-06,6364.829837347402
2019-12-09,6259.031346242751
2019-12-10,6256.872035023734
2019-12-11,6276.775255763292
2019-12-12,6371.3582144727325
2019-12-13,6390.149639371019
2019-12-16,6511.947595403214
2019-12-17,6493.917982026283
2019-12-18,6522.6748550212515
2019-12-19,6558.584035536354
2019-12-20,6655.375037899528
2019-12-23,6784.441751796611
2019-12-24,6644.49686722395
2019-12-26,6687.591775578226
2019-12-27,6632.406262678167
2019-12-30,6554.243576568632
2019-12-31,6583.241564285628
2020-01-01,6521.1068010367035
2020-01-02,6607.648215815456
2020-01-03,6616.848918002057
2020-01-06,6613.001046833564
2020-01-07,6713.018368822056
2020-01-08,6746.3495657712165
2020-01-09,6765.233439156797
2020-01-10,6634.508266878721
2020-01-13,6698.380012827581
2020-01-14,6698.302579095383
2020-01-15,6661.2003671713055
2020-01-16,6621.961136824227
2020-01-17,6626.762243607327
2020-01-20,6797.047615967656
2020-01-21,6750.800472156829
2020-01-22,6625.118652930424
2020-01-23,6698.040801928309
2020-01-24,6716.835038819972
2020-01-27,6827.219589769161
2020-01-28,6876.276327165219
2020-01-29,6812.882794235604
2020-01-30,6947.047853003765
2020-01-31,6901.519284254551
2020-02-03,6844.484473062447
2020-02-04,6852.97467643056
2020-02-05,6722.406494049117
2020-02-06,6725.386300794066
2020-02-07,6675.675317764156
2020-02-10,6726.144750304031
2020-02-11,6708.1264253074905
2020-02-12,6741.931684693344
2020-02-13,6658.746762254017
2020-02-14,6547.750369231954
2020-02-17,6319.069172339011
2020-02-18,6281.442612944502
2020-02-19,6362.575679949155
2020-02-20,6425.303850196892
2020-02-24,6585.1331925531
2020-02-25,6599.964427949708
2020-02-26,6495.792345352351
2020-02-27,6393.574393730445
2020-02-28,6496.5072526395625
2020-03-02,6426.826460848857
2020-03-03,6469.858751640302
2020-03-04,6506.083999863136
2020-03-05,6466.821721796078
2020-03-06,6404.039846368696
2020-03-09,6516.360710369565
2020-03-11,6541.384273099253
2020-03-12,6354.497814651355
2020-03-13,6371.500016641854
2020-03-16,6494.403939751105
2020-03-17,6506.573123062551
2020-03-18,6340.168828769346
2020-03-19,6379.7823934043145
2020-03-20,6265.166669036246
2020-03-23,6142.941332338409
2020-03-24,6209.678207638457
2020-03-25,6334.923434220252
2020-03-26,6453.792687296527
2020-03-27,6427.264061410454
2020-03-30,6450.270305097165
2020-03-31,6354.409907733599
2020-04-01,6318.950075997658
2020-04-03,6356.907034592732
2020-04-07,6346.067339552182
2020-04-08,6367.982289848922
2020-04-09,6379.274419831505
2020-04-13,6327.338842071697
2020-04-15,6363.456415566437
2020-04-16,6365.417106691971
2020-04-17,6365.393275368284
2020-04-20,6381.711439131985
2020-04-21,6398.022865435096
2020-04-22,6226.01464771289
2020-04-23,6287.146820199349
2020-04-24,6355.697170342525
2020-04-27,6477.636464244181
2020-04-28,6436.879341652606
2020-04-29,6335.446601241525
2020-04-30,6309.802621978235
2020-05-04,6238.408326478633
2020-05-05,6262.410664519036
2020-05-06,6314.036014415653
2020-05-07,6338.997937525934
2020-05-08,6246.698080186237
2020-05-11,6368.897075291732
2020-05-12,6381.516745593181
2020-05-13,6456.405856222979
2020-05-14,6575.173795111532
2020-05-15,6679.749592223782
2020-05-18,6664.459983690237
2020-05-19,6795.976291817935
2020-05-20,6800.04364794962
2020-05-21,6768.933031943376
2020-05-22,6821.749592359215
2020-05-26,6724.309202835618
2020-05-27,6711.4912447543875
2020-05-28,6781.708074665309
2020-05-29,6775.20135505446
2020-06-01,6927.609873437107
2020-06-02,6969.201558321951
2020-06-03,6827.242632525724
2020-06-04,6848.356637516227
2020-06-05,6688.247312547604
2020-06-08,6761.402782032112
2020-06-09,6856.989333669844
2020-06-10,6809.010053040308
2020-06-11,6839.218892519618
2020-06-12,6872.671611739206
2020-06-15,6892.877837034539
2020-06-16,6934.963351975552
2020-06-17,6842.5396040995465
2020-06-18,6863.351537232766
2020-06-19,6745.945975307486
2020-06-22,6791.3237291174355
2020-06-23,6836.465659934308
2020-06-24,6756.242446292307
2020-06-25,6609.830076139404
2020-06-26,6570.849524842103
2020-06-29,6540.267149209413
2020-06-30,6499.093081437593
2020-07-01,6430.141545227079
2020-07-02,6550.110482414691
2020-07-03,6429.17792768951
2020-07-06,6461.825212648337
2020-07-07,6356.234485739632
2020-07-08,6390.39255078284
2020-07-09,6356.891417111661
2020-07-10,6385.5488846302405
2020-07-13,6261.220309159567
2020-07-14,6228.174251931876
2020-07-15,6204.625682676744
2020-07-16,6133.0329691714805
2020-07-17,6225.522927910557
2020-07-20,6210.923650033087
2020-07-21,6227.526278791849
2020-07-22,6208.663253057128
2020-07-23,6057.475367351786
2020-07-24,5965.927270144478
2020-07-27,5920.162701676248
2020-07-28,5872.476510823472
2020-07-29,5783.740256804689
2020-07-30,5802.388869047091
2020-07-31,5786.923084418374
2020-08-03,5789.705174479858
2020-08-04,5789.9092202499405
2020-08-05,5962.346089849126
2020-08-06,5828.369688213177
2020-08-07,5718.504204099981
2020-08-10,5659.012206056131
2020-08-11,5613.113129564016
2020-08-12,5591.1703825624545
2020-08-13,5486.515081484096
2020-08-14,5548.7003877987945
2020-08-17,5503.995347456713
2020-08-18,5480.763604621971
2020-08-19,5417.79264209996
2020-08-20,5428.874805648337
2020-08-21,5397.38848622274
2020-08-24,5331.276018467081
2020-08-25,5298.629596241236
2020-08-26,5363.428361690864
2020-08-27,5449.693983841033
2020-08-28,5493.838421266601
2020-08-31,5633.148168717392
2020-09-01,5598.245509173589
2020-09-02,5584.948356854308
2020-09-03,5594.005352902737
2020-09-04,5562.914965052639
2020-09-07,5594.828076245283
2020-09-08,5553.324724859683
2020-09-09,5569.083084235203
2020-09-10,5659.916996288785
2020-09-11,5634.7278030792795
2020-09-14,5651.0277139479795
2020-09-15,5670.098234561518
2020-09-16,5759.131366372192
2020-09-17,5866.195687013466
2020-09-18,5908.72157726121
2020-09-21,5941.456778411292
2020-09-22,6018.991171708088
2020-09-23,5993.343190064806
2020-09-24,5992.938980919554
2020-09-25,6056.769455018115
2020-09-28,6172.269820960583
2020-09-29,6165.421561843447
2020-09-30,6126.0349580091715
2020-10-01,6134.244061402405
2020-10-05,6076.937455399221
2020-10-06,6082.579938148711
2020-10-07,6063.176811795346
2020-10-08,6107.512375348214
2020-10-09,6035.114360546301
2020-10-12,6139.527932417992
2020-10-13,6049.968080641368
2020-10-14,6067.060602074542
2020-10-15,6180.465448644036
2020-10-16,6067.696706079348
2020-10-19,6111.092000064904
2020-10-20,6167.163956678456
2020-10-21,6092.819561107408
2020-10-22,6012.235210175033
2020-10-23,5989.3065582004765
2020-10-26,5867.640550132366
2020-10-27,5812.165754485371
2020-10-28,5743.194617616689
2020-10-29,5779.9643751656895
2020-10-30,5679.039895986658
2020-11-02,5662.182555234604
2020-11-03,5757.500873889666
2020-11-04,5637.397665628191
2020-11-05,5717.904654581969
2020-11-06,5608.811087798146
2020-11-09,5671.0914789924045
2020-11-10,5654.863099788829
2020-11-11,5621.648162136169
2020-11-12,5603.931338423694
2020-11-13,5535.776344586499
2020-11-17,5509.819714537153
2020-11-18,5484.984971155902
2020-11-19,5539.461045211107
2020-11-20,5663.6626880346175
2020-11-23,5653.749270607113
2020-11-24,5563.724408628852
2020-11-25,5602.906727882258
2020-11-26,5625.092863665226
2020-11-27,5562.461069592017
2020-12-01,5423.6042256470355
2020-12-02,5426.475064716379
2020-12-03,5436.871905656531
2020-12-04,5421.104639648831
2020-12-07,5419.115654087757
2020-12-08,5399.396727318528
2020-12-09,5464.6610313460005
2020-12-10,5327.418907921465
2020-12-11,5316.195466854485
2020-12-14,5341.066481468491
2020-12-15,5353.9434678012985
2020-12-16,5394.180688009045
2020-12-17,5394.000455483394
2020-12-18,5472.430741173282
2020-12-21,5495.083390400976
2020-12-22,5625.591762437988
2020-12-23,5605.137900366885
2020-12-24,5643.414769800582
2020-12-28,5598.988661748307
2020-12-29,5620.800252823523
2020-12-30,5611.972877595115
2020-12-31,5594.826754974149
2021-01-01,5573.450867927912
2021-01-04,5547.68919638548
2021-01-05,5593.983877664796
2021-01-06,5683.780341577098
2021-01-07,5760.754131772311
2021-01-08,5715.170584002786
2021-01-11,5709.970822380943
2021-01-12,5926.702273246999
2021-01-13,5763.701071962014
2021-01-14,5672.919954817869
2021-01-15,5653.308916864231
2021-01-18,5685.034753555707
2021-01-19,5735.307521344964
2021-01-20,5726.215375222318
2021-01-21,5672.938335738507
2021-01-22,5574.778457622046
2021-01-25,5630.178862751118
2021-01-27,5733.854882546616
2021-01-28,5712.062193790849
2021-01-29,5698.554553063735
2021-02-01,5714.168545031301
2021-02-02,5758.207351453176
2021-02-03,5824.445342661493
2021-02-04,5987.909174244335
2021-02-05,5912.663304425695
2021-02-08,5923.5701356323625
2021-02-09,5964.789302990704
2021-02-10,6068.5644455330885
2021-02-11,6053.9742546661655
2021-02-12,6000.121053944632
2021-02-15,5998.880067909154
2021-02-16,5946.39095672758
2021-02-17,6046.748601134528
2021-02-18,6057.956232307621
2021-02-19,6055.498897357095
2021-02-22,5946.46942694128
2021-02-23,6000.118573055314
2021-02-24,5941.091868879941
2021-02-25,5906.559222849922
2021-02-26,5967.812731415655
2021-03-01,5934.297282913796
2021-03-02,5969.7505537437955
2021-03-03,5940.485556771991
2021-03-04,6080.789417365234
2021-03-05,6003.028807825156
2021-03-08,6008.854507086593
2021-03-09,6076.508289876075
2021-03-10,6064.167399854889
2021-03-12,5902.239814130205
2021-03-15,5951.271017676244
2021-03-16,5883.159523590307
2021-03-17,5769.855869534534
2021-03-18,5753.290067845166
2021-03-19,5924.385873335726
2021-03-22,5899.407329447996
2021-03-23,5868.41769587726
2021-03-24,5827.525614396822
2021-03-25,5678.7993075920085
2021-03-26,5684.043467834774
2021-03-30,5824.187802658662
2021-03-31,5778.1136026099175
2021-04-01,5770.029170123425
2021-04-05,5838.0655542682525
2021-04-06,5871.713091248389
2021-04-07,5911.628415495349
2021-04-08,5869.893145955126
2021-04-09,6064.515600924093
2021-04-12,6088.5268231799255
2021-04-13,6202.135793324781
2021-04-15,6138.52259466922
2021-04-16,6247.456791011177
2021-04-19,6284.379165411062
2021-04-20,6285.4569301620995
2021-04-22,6251.100363506396
2021-04-23,6237.9725761498985
2021-04-26,6174.1513534195
2021-04-27,6341.917740877915
2021-04-28,6275.930165551561
2021-04-29,6207.338497107958
2021-04-30,6074.4269940587965
2021-05-03,6004.121843036559
2021-05-04,6023.814210288388
2021-05-05,5925.615065998681
2021-05-06,5971.90849075173
2021-05-07,5923.61872634418
2021-05-10,5924.03964917298
2021-05-11,5879.348729193102
2021-05-12,5963.502825301272
2021-05-14,5935.37268524743
2021-05-17,5992.124308240354
2021-05-18,6120.493904098162
2021-05-19,6279.628352373989
2021-05-20,6412.530883839352
2021-05-21,6401.1321680075325
2021-05-24,6428.332079295699
2021-05-25,6433.331037889618
2021-05-26,6466.010782657471
2021-05-27,6356.828275942895
2021-05-28,6315.279893607298
2021-05-31,6426.809649375444
2021-06-01,6493.328754465258
2021-06-02,6652.992118199055
2021-06-03,6671.733023063996
2021-06-04,6657.668074353291
2021-06-07,6557.649455251034
2021-06-08,6633.003300779977
2021-06-09,6578.497258813649
2021-06-10,6517.512639146095
2021-06-11,6586.631870044576
2021-06-14,6532.953038383403
2021-06-15,6595.563980203847
2021-06-16,6661.771017404301
2021-06-17,6673.662674380314
2021-06-18,6739.1185695132235
2021-06-21,6760.756500479709
2021-06-22,6673.761787911728
2021-06-23,6593.606228108097
2021-06-24,6639.642119339266
2021-06-25,6688.08795185433
2021-06-28,6687.029445322525
2021-06-29,6671.429359525895
2021-06-30,6606.403177520609
2021-07-01,6600.488601754699
2021-07-02,6552.657421260882
2021-07-05,6635.1800919146
2021-07-06,6568.758590624286
2021-07-07,6526.237813394381
2021-07-08,6600.135724112865
2021-07-09,6645.710194696731
2021-07-12,6815.769230723859
2021-07-13,6894.5950250213755
2021-07-14,6859.887754768951
2021-07-15,6783.095159764455
2021-07-16,6777.615315059185
2021-07-19,6742.177647764335
2021-07-20,6677.017003000136
2021-07-22,6723.491580955098
2021-07-23,6685.010135667591
2021-07-26,6697.493467006678
2021-07-27,6747.974388724375
2021-07-28,6782.118430146383
2021-07-29,6777.983986282985
2021-07-30,6786.765217440225
2021-08-02,6856.599990995324
2021-08-03,7037.606642257682
2021-08-04,7284.079665543448
2021-08-05,7292.758708559845
2021-08-06,7375.798224235904
2021-08-09,7491.227966729133
2021-08-10,7350.822121474775
2021-08-11,7277.759387749138
2021-08-12,7322.695901218463
2021-08-13,7075.289652194154
2021-08-16,7099.412639047131
2021-08-17,7205.486202278298
2021-08-18,7350.6314766164
2021-08-20,7304.813594542158
2021-08-23,7177.780913983353
2021-08-24,6931.708477646332
2021-08-25,7004.272183673872
2021-08-26,7027.321652388718
2021-08-27,6903.630935938428
2021-08-30,6942.345513637616
2021-08-31,7019.225057038978
2021-09-01,7010.859527589515
2021-09-02,7198.741254281037
2021-09-03,7181.887966704349
2021-09-06,7270.191827205571
2021-09-07,7151.077971974717
2021-09-08,7049.173904846206
2021-09-09,7070.918958718902
2021-09-13,7166.339345304358
2021-09-14,7187.229252640858
2021-09-15,7189.790865551926
2021-09-16,7185.499467993257
2021-09-17,7455.061548218611
2021-09-20,7351.0704093608465
2021-09-21,7235.378328033261
2021-09-22,7250.534266420966
2021-09-23,7219.040197649977
2021-09-24,7145.033621147153
2021-09-27,7061.004281006201
2021-09-28,7107.577298303562
2021-09-29,7008.116082768905
2021-09-30,6988.82681444656
2021-10-01,7107.469068240324
2021-10-04,7179.301884352258
2021-10-05,7166.002267232188
2021-10-06,7186.938537504628
2021-10-07,7275.597277861051
2021-10-08,7413.363722744879
2021-10-11,7416.929352697159
2021-10-12,7576.687616429872
2021-10-13,7639.906793570681
2021-10-14,7769.725364579539
2021-10-18,7740.7738079326855
2021-10-19,7822.5543890192575
2021-10-20,7726.310063876582
2021-10-21,7900.147079922014
2021-10-22,7909.959395574429
2021-10-25,7967.921127852929
2021-10-26,8035.7133880626825
2021-10-27,8295.972798395973
2021-10-28,8165.357404873881
2021-10-29,8079.474484652198
2021-11-01,8067.7907673755435
2021-11-02,8131.861066656598
2021-11-03,8151.741404773819
2021-11-04,8023.935376645262
2021-11-08,7973.6991673001485
2021-11-09,8087.905315444153
2021-11-10,8230.870162456382
2021-11-11,8325.106514149657
2021-11-12,8256.428591103182
2021-11-15,8145.955789063103
2021-11-16,8165.169313426462
2021-11-17,8138.497179945585
2021-11-18,8077.949099235069
2021-11-22,7966.9617775804345
2021-11-23,8161.165054845627
2021-11-24,8178.440696960297
2021-11-25,8265.152566130784
2021-11-26,8432.231424993855
2021-11-29,8351.354135161257
2021-11-30,8280.415788356611
2021-12-01,8174.6738902304305
2021-12-02,8174.579801877234
2021-12-03,8252.941208612596
2021-12-06,8235.297600304191
2021-12-07,8201.79743070981
2021-12-08,8261.305525813817
2021-12-09,8198.146414076415
2021-12-10,8310.338693841559
2021-12-13,8148.985313362921
2021-12-14,7854.038129843073
2021-12-15,7845.104698080105
2021-12-16,7998.748516187329
2021-12-17,7941.369543276398
2021-12-20,7888.504080773175
2021-12-21,7861.2673935247285
2021-12-22,7871.807496157883
2021-12-23,7905.0832736955745
2021-12-24,8015.684724648565
2021-12-27,8025.86109661458
2021-12-28,7882.227714755167
2021-12-29,7933.602862383312
2021-12-30,7942.3734735581
2021-12-31,7888.173441056051
2022-01-03,8035.929955723811
2022-01-04,8017.185073022002
2022-01-05,8044.802621842995
2022-01-06,8055.245173709688
2022-01-07,7966.411344202409
2022-01-10,8001.751010489795
2022-01-11,8071.829553047888
2022-01-12,8110.3259035482015
2022-01-13,8092.524289185136
2022-01-14,8248.545061014605
2022-01-17,8070.0693743800075
2022-01-18,7920.858723349607
2022-01-19,7803.962268070274
2022-01-20,7814.022576223568
2022-01-21,7757.9143294559835
2022-01-24,7878.602119690527
2022-01-25,7749.211827203727
2022-01-27,7828.53671621601
2022-01-28,7735.546698189661
2022-01-31,7993.0743984184055
2022-02-01,7855.445924902462
2022-02-02,7892.015359573481
2022-02-03,7951.4222268047415
2022-02-04,7986.826326087714
2022-02-07,8104.070963310399
2022-02-08,8206.859039463152
2022-02-09,8250.3168750014
2022-02-10,8270.86007532597
2022-02-11,8220.060189412474
2022-02-14,8372.123078366189
2022-02-15,8271.994843528362
2022-02-16,8371.998648464185
2022-02-17,8408.878183372895
2022-02-18,8499.348920363833
2022-02-21,8558.495743063922
2022-02-22,8615.08438445665
2022-02-23,8539.337168497123
2022-02-24,8665.955729564483
2022-02-25,8691.931676332086
2022-02-28,8418.169834863764
2022-03-02,8273.849031472371
2022-03-03,8280.144008393987
2022-03-04,8280.476550280493
2022-03-07,8363.081631498097
2022-03-08,8378.528632938456
2022-03-09,8444.310055355614
2022-03-10,8536.83720539995
2022-03-11,8587.260739474366
2022-03-14,8476.805823000146
2022-03-15,8363.476475091056
2022-03-16,8058.613107939924
2022-03-17,8096.255011628714
2022-03-21,8247.9091189523
2022-03-22,8333.442696414326
2022-03-23,8442.6998021037
2022-03-24,8535.833329984323
2022-03-25,8733.231452419192
2022-03-28,8690.082067420637
2022-03-29,8620.007576226502
2022-03-30,8696.36177019321
2022-03-31,8770.902541674363
2022-04-01,8614.338945894435
2022-04-04,8410.33668293317
2022-04-05,8310.747926724032
2022-04-06,8208.946912443442
2022-04-07,8198.203460636505
2022-04-08,8302.274493345141
2022-04-11,8321.651266473875
2022-04-12,8299.019718339425
2022-04-13,8365.223817045115
2022-04-18,8394.630625131482
2022-04-19,8384.697564980792
2022-04-20,8336.527988582879
2022-04-21,8255.81784938991
2022-04-22,8305.790491123185
2022-04-25,8448.15525840554
2022-04-26,8465.686320138404
2022-04-27,8597.150934017094
2022-04-28,8607.438220693026
2022-04-29,8529.346382179301
2022-05-02,8432.573634531052
2022-05-04,8513.159673720627
2022-05-05,8460.151937779756
2022-05-06,8649.425228654796
2022-05-09,8803.970328568186
2022-05-10,8588.309399141634
2022-05-11,8638.490350574248
2022-05-12,8648.565408071701
2022-05-13,8744.311971989577
2022-05-16,8752.282278083567
2022-05-17,8783.505563905028
2022-05-18,8685.028701218229
2022-05-19,8569.986275484567
2022-05-20,8453.171779954306
2022-05-23,8447.707328510309
2022-05-24,8510.469955326284
2022-05-25,8426.0117237284
2022-05-26,8345.946284434667
2022-05-27,8419.795655381771
2022-05-30,8204.382237235388
2022-05-31,8300.210728008793
2022-06-01,8269.577868901988
2022-06-02,8305.217955277825
2022-06-03,8425.593039793535
2022-06-06,8494.280902472941
2022-06-07,8572.59012126169
2022-06-08,8747.47427723686
2022-06-09,8842.061440052521
2022-06-10,8799.149679609345
2022-06-13,8663.535478378697
2022-06-14,8611.07421003293
2022-06-15,8696.04182646556
2022-06-16,8694.260964558362
2022-06-17,8652.313842954285
2022-06-20,8486.282922215381
2022-06-21,8417.744077150044
2022-06-22,8481.275162176826
2022-06-23,8584.696152330813
2022-06-24,8481.180173388659
2022-06-27,8701.613823303289
2022-06-28,8835.956239394754
2022-06-29,9005.075387462379
2022-06-30,9142.282317725552
2022-07-01,8974.34115638134
2022-07-04,9170.817434320094
2022-07-05,9190.507230548472
2022-07-06,9176.548020288603
2022-07-07,8876.263194636262
2022-07-08,9022.744753303723
2022-07-11,8935.554815051426
2022-07-12,8969.761417447306
2022-07-13,8894.760479864279
2022-07-14,8746.444650088784
2022-07-15,8632.243831425321
2022-07-18,8702.446010384276
2022-07-19,8680.287502498182
2022-07-20,8927.66669002035
2022-07-21,9020.391110391653
2022-07-22,9010.63543728973
2022-07-25,8954.43743739851
2022-07-26,8819.21978446908
2022-07-27,8849.409559959424
2022-07-28,8675.62314613255
2022-07-29,8727.09795729433
2022-08-01,8982.263142301363
2022-08-02,8877.129486742737
2022-08-03,8827.458714337738
2022-08-04,8770.801901804034
2022-08-05,8794.587681125215
2022-08-08,8913.502362835236
2022-08-10,9003.994743698957
2022-08-11,9083.230712755549
2022-08-12,9233.263806969875
2022-08-16,9353.983535715768
2022-08-17,9230.531650893372
2022-08-18,9078.59677328004
2022-08-19,9246.422037319737
2022-08-22,9326.214888052007
2022-08-23,9116.44584230913
2022-08-24,9042.351621890724
2022-08-25,9220.70366444199
2022-08-26,9337.126591947253
2022-08-29,9272.681208364267
2022-08-30,9122.874025756568
2022-09-01,8933.012804200393
2022-09-02,8750.305675055
2022-09-05,8850.495910851569
2022-09-06,9146.686169404436
2022-09-07,9104.256666574212
2022-09-08,9052.705773683532
2022-09-09,9111.844107100696
2022-09-12,9058.21777325641
2022-09-13,8987.456154868063
2022-09-14,8985.321379371688
2022-09-15,9119.658419927786
2022-09-16,9010.801758328176
2022-09-19,9022.938861339859
2022-09-20,9049.151885874922
2022-09-21,9156.518217872237
2022-09-22,9090.86000172207
2022-09-23,9048.041533527436
2022-09-26,9323.590554178018
2022-09-27,9337.75191595427
2022-09-28,9384.27431597033
2022-09-29,9374.359446255376
2022-09-30,9265.972619434127
2022-10-03,9124.131042312489
2022-10-04,8981.88272587941
2022-10-06,8989.59391391544
2022-10-07,9016.492170586509
2022-10-10,8927.813355302742
2022-10-11,8963.679937766432
2022-10-12,8748.426567842846
2022-10-13,8655.033803834565
2022-10-14,8589.384764874321
2022-10-17,8658.377113858352
2022-10-18,8676.82009797327
2022-10-19,8648.89471687693
2022-10-20,8536.270826051134
2022-10-21,8690.757412266614
2022-10-24,8686.742005619459
2022-10-25,8629.180514044996
2022-10-27,8645.16261161262
2022-10-28,8499.064271957075
2022-10-31,8440.828759507505
2022-11-01,8348.324785178464
2022-11-02,8354.850890050182
2022-11-03,8241.630186608008
2022-11-04,8370.86568787634
2022-11-07,8546.498093916003
2022-11-09,8425.92834137604
2022-11-10,8338.84980527141
2022-11-11,8300.728568311592
2022-11-14,8339.891241646894
2022-11-15,8259.028256750225
2022-11-16,8127.600483227342
2022-11-17,8063.351741348017
2022-11-18,7968.264698339069
2022-11-21,7892.3817546960145
2022-11-22,8046.693058194561
2022-11-23,8090.224535598268
2022-11-24,7877.505083088543
2022-11-25,7992.303392441898
2022-11-28,7958.562960959439
2022-11-29,7900.413606538391
2022-11-30,7693.874834280692
2022-12-01,7528.761314832995
2022-12-02,7444.104098197622
2022-12-05,7368.7205550205545
2022-12-06,7399.534705092664
2022-12-07,7419.441995779628
2022-12-08,7385.9246163684575
2022-12-09,7409.408486952078
2022-12-12,7381.773183892525
2022-12-13,7364.301832426067
2022-12-14,7299.345657451666
2022-12-15,7265.696386476014
2022-12-16,7196.577822862004
2022-12-19,7189.202025658445
2022-12-20,7158.319206531641
2022-12-21,7075.706310854721
2022-12-22,7217.255119212981
2022-12-23,7133.361197207133
2022-12-26,7113.099119623142
2022-12-27,7237.749976478059
2022-12-28,7223.80324078691
2022-12-29,7215.4025333066065
2022-12-30,7159.723097549977
2023-01-02,7195.399773965879
2023-01-03,7127.7053009434085
2023-01-04,7172.617622891604
2023-01-05,7313.313845140443
2023-01-06,7370.1592693451785
2023-01-09,7473.644037364801
2023-01-10,7457.019705715236
2023-01-11,7225.888746775376
2023-01-12,7119.219255473208
2023-01-13,7175.553770009335
2023-01-16,7247.836259028724
2023-01-17,7141.792059240403
2023-01-18,7156.43816408186
2023-01-19,7142.847134291064
2023-01-20,7133.313433984824
2023-01-23,7122.290086054156
2023-01-24,6993.83419445352
2023-01-25,7068.276481374151
2023-01-27,7098.565424568892
2023-01-30,7293.817096238841
2023-01-31,7266.578586632906
2023-02-01,7123.406144644777
2023-02-02,7089.217371929457
2023-02-03,7000.075755616951
2023-02-06,7090.812708869322
2023-02-07,7135.601343306967
2023-02-08,7144.670685414395
2023-02-09,7108.46209857602
2023-02-10,7023.455393581405
2023-02-13,6929.30948539385
2023-02-14,6911.2641857308
2023-02-15,7039.800504110597
2023-02-16,6875.871060364801
2023-02-17,6846.620695910883
2023-02-20,6816.396993460108
2023-02-21,6776.735462171913
2023-02-22,6763.199105315386
2023-02-23,6681.620299553671
2023-02-24,6682.790801882178
2023-02-27,6577.216974439783
2023-02-28,6551.016821536438
2023-03-01,6481.877108468821
2023-03-02,6466.183037676481
2023-03-03,6416.195766330914
2023-03-06,6329.306830350992
2023-03-08,6263.448111235224
2023-03-09,6396.709985930742
2023-03-10,6561.687479170434
2023-03-13,6575.696391141567
2023-03-14,6623.416186041878
2023-03-15,6668.147811632656
2023-03-16,6746.987668675468
2023-03-17,6719.434827571282
2023-03-20,6766.947565955693
2023-03-21,6850.629082398461
2023-03-22,6828.3646834100555
2023-03-23,6859.876623325382
2023-03-24,6956.66872244143
2023-03-27,6905.215706116006
2023-03-28,6829.3012108279445
2023-03-29,6833.649187273809
2023-03-31,6807.30375256367
2023-04-03,7005.313094273873
2023-04-05,7036.379957035422
2023-04-06,7048.593830066024
2023-04-10,7006.045297151837
2023-04-11,6782.174700783214
2023-04-12,6762.785892299665
2023-04-13,6871.455970417599
2023-04-17,6827.371127647942
2023-04-18,6781.119831859488
2023-04-19,6735.222977892972
2023-04-20,6928.973099588507
2023-04-21,6802.407856596485
2023-04-24,6801.373569356093
2023-04-25,6809.496708161506
2023-04-26,6897.630397412394
2023-04-27,7079.7024117599285
2023-04-28,7219.145776379489
2023-05-02,7083.346536830883
2023-05-03,7052.41557665158
2023-05-04,7076.168629278885
2023-05-05,7007.614321808006
2023-05-08,7112.935184489065
2023-05-09,7117.693007007167
2023-05-10,7140.990413647813
2023-05-11,7055.80758224604
2023-05-12,7053.82496947625
2023-05-15,7152.080671256207
2023-05-16,7215.745517829549
2023-05-17,7104.610852117651
2023-05-18,7111.692532479655
2023-05-19,7242.031037646078
2023-05-22,7277.44110921774
2023-05-23,7189.579487123182
2023-05-24,7102.362858904976
2023-05-25,7104.746989690346
2023-05-26,7040.110072423256
2023-05-29,7007.179692644685
2023-05-30,7113.122045930855
2023-05-31,7287.23014500087
2023-06-01,7253.569821657188
2023-06-02,6853.17882453687
2023-06-05,6906.4370673296
2023-06-06,6980.098926262987
2023-06-07,7008.422708902277
2023-06-08,6792.253249387301
2023-06-09,6827.748061269448
2023-06-12,6845.407588984107
2023-06-13,6888.209952309503
2023-06-14,6889.153590141785
2023-06-15,6829.013777386741
2023-06-16,6891.302443176719
2023-06-19,6990.720950553526
2023-06-20,6814.5836797402235
2023-06-21,6703.472682506335
2023-06-22,6619.325509169242
2023-06-23,6708.0210309667045
2023-06-26,6634.804045208992
2023-06-27,6708.94636082907
2023-06-28,6730.827793110826
2023-06-30,6561.935202058286
2023-07-03,6563.467935508461
2023-07-04,6613.087871859985
2023-07-05,6715.674044903518
2023-07-06,6637.032483259265
2023-07-07,6532.455418247837
2023-07-10,6444.672178663269
2023-07-11,6285.633749592239
2023-07-12,6250.266702596698
2023-07-13,6180.848244062519
2023-07-14,6310.407953231756
2023-07-17,6386.472908033921
2023-07-18,6341.698303890716
2023-07-19,6358.4637524898235
2023-07-20,6246.595739853047
2023-07-21,6403.799236337719
2023-07-24,6395.591574982776
2023-07-25,6374.64867528312
2023-07-26,6348.305353418643
2023-07-27,6181.845605922185
2023-07-28,6272.459047217227
2023-07-31,6049.264609546377
2023-08-01,6121.537937117829
2023-08-02,6072.1058165588865
2023-08-03,6145.498777161421
2023-08-04,6065.37518004869
2023-08-07,6083.6712486380175
2023-08-08,6148.974593579187
2023-08-09,6128.432527020518
2023-08-10,6250.375300050241
2023-08-11,6530.874439977968
2023-08-14,6536.186958343856
2023-08-16,6648.566401381858
2023-08-17,6654.830209373645
2023-08-18,6612.118472304347
2023-08-21,6598.601341055027
2023-08-22,6710.066760586658
2023-08-23,6724.520094481045
2023-08-24,6766.950029199034
2023-08-25,6714.418149519186
2023-08-28,6710.631717835104
2023-08-29,6834.930630627349
2023-08-30,6817.613165612608
2023-08-31,6982.625005998647
2023-09-01,6953.977330670463
2023-09-04,6861.7766786205975
2023-09-05,6800.477292417542
2023-09-06,6829.749793535786
2023-09-07,6814.21214765715
2023-09-08,6891.705627226999
2023-09-11,6838.952421238315
2023-09-12,6805.238040510556
2023-09-13,6740.753083346104
2023-09-14,6792.184462672305
2023-09-15,6807.850324084997
2023-09-18,6888.575138082555
2023-09-20,6826.6403723927415
2023-09-21,6923.487517686018
2023-09-22,6775.006600067532
2023-09-25,6722.803897950296
2023-09-26,6622.912918999996
2023-09-27,6523.296076591653
2023-09-28,6477.14500987478
2023-09-29,6543.324454416078
2023-10-03,6600.308716672081
2023-10-04,6651.718628901167
2023-10-05,6586.862596608866
2023-10-06,6685.802345766466
2023-10-09,6681.419653674813
2023-10-10,6631.928699457521
2023-10-11,6759.359530606053
2023-10-12,6731.087253194543
2023-10-13,6674.296914081346
2023-10-16,6769.978346640934
2023-10-17,6765.949723785927
2023-10-18,6716.98655783336
2023-10-19,6685.31822179626
2023-10-20,6568.6304656317825
2023-10-23,6482.795390098612
2023-10-25,6361.1140755714405
2023-10-26,6340.871626421822
2023-10-27,6357.818409744435
2023-10-30,6324.865075191933
2023-10-31,6376.525947929139
2023-11-01,6520.542391457085
2023-11-02,6730.02520642055
2023-11-03,6773.128771600563
2023-11-06,7060.106455869044
2023-11-07,6989.275757194127
2023-11-08,6913.34465796674
2023-11-09,6990.767377709381
2023-11-10,6950.405481132026
2023-11-13,6822.127312977516
2023-11-15,6827.839345371835
2023-11-16,6969.060248232771
2023-11-17,6879.346547386838
2023-11-20,6677.167128221054
2023-11-21,6672.808042594164
2023-11-22,6653.590358372624
2023-11-23,6647.937000807709
2023-11-24,6748.518456293287
2023-11-28,6696.83923498959
2023-11-29,6718.534164927782
2023-11-30,6776.85024826251
2023-12-01,6758.315213967795
2023-12-04,6851.413311059895
2023-12-05,6800.499121063678
2023-12-06,6787.776637619026
2023-12-07,6863.135104262124
2023-12-08,6902.370047886657
2023-12-11,7312.066909724031
2023-12-12,7148.142405581575
2023-12-13,7118.446265519315
2023-12-14,7098.6533338393865
2023-12-15,7010.3175573061935
2023-12-18,6982.544806075178
2023-12-19,7188.096727180329
2023-12-20,7109.898307481909
2023-12-21,6998.148977193341
2023-12-22,6922.565994154797
2023-12-26,6890.579383910627
2023-12-27,6805.492305819238
2023-12-28,6803.982339351979
2023-12-29,7078.388898827386
2024-01-01,7162.026632736716
2024-01-02,7215.5444220718
2024-01-03,7155.199606426692
2024-01-04,7210.358714658279
2024-01-05,7323.045112022879
2024-01-08,7250.872770183916
2024-01-09,7218.412010372648
2024-01-10,7337.5087078500355
2024-01-11,7308.636305648627
2024-01-12,7387.4544107811225
2024-01-15,7355.72182823345
2024-01-16,7481.849117876575
2024-01-17,7511.22120090069
2024-01-18,7477.388151797033
2024-01-19,7656.679628210532
2024-01-23,7696.706299463547
2024-01-24,7755.76966032028
2024-01-25,7743.033105027904
2024-01-29,7782.202377408006
2024-01-30,7776.821304401705
2024-01-31,7847.557912371241
2024-02-01,7998.790429885611
2024-02-02,8007.73710564909
2024-02-05,7984.164069896323
2024-02-06,8022.415478419868
2024-02-07,7843.959724680446
2024-02-08,7769.56075972026
2024-02-09,7887.908989567089
2024-02-12,7825.425642245381
2024-02-13,7883.600584320155
2024-02-14,7802.986512126427
2024-02-15,8009.884103580835
2024-02-16,8013.6229335770095
2024-02-19,8023.115807673574
2024-02-20,8107.943707722186
2024-02-21,8087.099552572904
2024-02-22,8111.703374128371
2024-02-23,8197.791752429725
2024-02-26,8273.500396054495
2024-02-27,8164.645141436381
2024-02-28,8241.558396025917
2024-02-29,8259.677541178213
2024-03-01,8211.43271298214
2024-03-04,8199.976500834053
2024-03-05,8417.08789188178
2024-03-06,8325.608873805166
2024-03-07,8274.761626564066
2024-03-11,8118.20390710272
2024-03-12,7971.931847462075
2024-03-13,8035.236820630689
2024-03-14,8097.688392276078
2024-03-15,8193.254592517193
2024-03-18,8189.523586871407
2024-03-19,8129.4986518351125
2024-03-20,8130.840661098637
2024-03-21,8112.177864366666
2024-03-22,8178.922395148231
2024-03-26,8294.362001162035
2024-03-27,8170.302864826516
2024-03-28,8044.318113937502
2024-04-01,7882.188249506192
2024-04-02,7897.293342674536
2024-04-03,7735.361136239854
2024-04-04,7553.735550707594
2024-04-05,7704.255360941362
2024-04-08,7542.4081551049685
2024-04-09,7492.650902796917
2024-04-10,7398.721787850815
2024-04-12,7389.482593656653
2024-04-15,7246.475689042987
2024-04-16,7174.120984726034
2024-04-18,7133.969815084338
2024-04-19,7296.7138470909385
2024-04-22,7511.92456794334
2024-04-23,7542.295583652244
2024-04-24,7628.149263806871
2024-04-25,7743.561398963599
2024-04-26,7796.222311561828
2024-04-29,7861.320765580252
2024-04-30,7794.089622328996
2024-05-02,7773.417912693754
2024-05-03,7515.0072838153255
2024-05-06,7521.239743879629
2024-05-07,7426.3359792974115
2024-05-08,7493.96489620059
2024-05-09,7523.299163823281
2024-05-10,7371.692331850246
2024-05-13,7416.667914019184
2024-05-14,7431.225595808848
2024-05-15,7415.236771596833
2024-05-16,7528.688984687509
2024-05-17,7573.4523090007615
2024-05-21,7587.342436887945
2024-05-22,7479.251478568549
2024-05-23,7589.109104559709
2024-05-24,7668.787388322876
2024-05-27,7837.420542981942
2024-05-28,7850.3205901267875
2024-05-29,7797.626999999052
2024-05-30,7866.097308918245
2024-05-31,7683.98488994044
2024-06-03,7490.355464969566
2024-06-04,7529.636785031793
2024-06-05,7397.382435643808
2024-06-06,7330.972842999986
2024-06-07,7358.398278831909
2024-06-10,7444.855610491783
2024-06-11,7568.139490542005
2024-06-12,7648.530219138325
2024-06-13,7578.096489875504
2024-06-14,7531.012552412739
2024-06-18,7539.790162907179
2024-06-19,7393.683387133505
2024-06-20,7518.878790741099
2024-06-21,7490.416626517635
2024-06-24,7503.607246679594
2024-06-25,7437.685188919123
2024-06-26,7588.136910454193
2024-06-27,7773.440221031895
2024-06-28,7800.7959246067
2024-07-01,7625.336696115124
2024-07-02,7471.909656719779
2024-07-03,7560.04737728995
2024-07-04,7394.874584048647
2024-07-05,7421.921929327454
2024-07-08,7478.616449794185
2024-07-09,7511.345606959484
2024-07-10,7644.950111325517
2024-07-11,7532.2695687984715
2024-07-12,7659.191445858451
2024-07-15,7713.28890850895
2024-07-16,7637.717709298116
2024-07-18,7727.773699663986
2024-07-19,7754.740486660626
2024-07-22,7748.140092279295
2024-07-23,7820.312280501881
2024-07-24,7925.713723856338
2024-07-25,7845.177369827566
2024-07-26,7904.368523016318
2024-07-29,7804.74619493431
2024-07-30,7814.406981042343
2024-07-31,7920.688831607615
2024-08-01,7879.281070016142
2024-08-02,7943.116281145142
2024-08-05,7845.078817095386
2024-08-06,7880.86915164787
2024-08-07,8023.418704830823
2024-08-08,8144.673506909067
2024-08-09,8054.414169254098
2024-08-12,8048.725318699642
2024-08-13,8120.616612173499
2024-08-14,8028.141674517798
2024-08-16,8158.598785888129
2024-08-19,8259.721758719797
2024-08-20,8258.65713551524
2024-08-21,8344.738675116861
2024-08-22,8473.224641189347
2024-08-23,8398.4080652163
2024-08-26,8471.884157836628
2024-08-27,8386.430078060393
2024-08-28,8385.313573942416
2024-08-29,8333.28955957071
2024-08-30,8327.162753990322
2024-09-02,8400.162650430084
2024-09-03,8515.754876283898
2024-09-04,8611.940890458238
2024-09-05,8529.32326979484
2024-09-06,8278.027123244388
2024-09-09,8209.49227424138
2024-09-10,8399.099454134564
2024-09-11,8322.173476154463
2024-09-12,8213.128758525274
2024-09-13,8169.185993640414
2024-09-16,8416.481626554234
2024-09-17,8600.312557994503
2024-09-18,8537.438368881962
2024-09-19,8552.636357789514
2024-09-20,8572.184910181888
2024-09-23,8613.752857766156
2024-09-24,8684.788442236877
2024-09-25,8777.235875210064
2024-09-26,8795.977118590152
2024-09-27,8552.005254763906
2024-09-30,8500.006622433964
2024-10-01,8301.764244055601
2024-10-03,8532.313222547597
2024-10-04,8695.533111454533
2024-10-07,8451.93236104969
2024-10-08,8466.911764973454
2024-10-09,8557.171952495744
2024-10-10,8509.99179081545
2024-10-11,8412.411439073692
2024-10-14,8226.906060541483
2024-10-15,8435.022766531583
2024-10-16,8398.593287091095
2024-10-17,8486.932387248133
2024-10-18,8343.270292135374
2024-10-21,8254.96312278166
2024-10-22,8263.880379430138
2024-10-23,8509.760355452956
2024-10-24,8611.516345874654
2024-10-25,8719.017384401488
2024-10-28,8732.514096961764
2024-10-29,8914.084843326806
2024-10-30,8919.008632340068
2024-10-31,9027.013005744884
2024-11-01,9072.745793505987
2024-11-04,9061.822252195068
2024-11-05,9086.494520360682
2024-11-06,9062.975558177803
2024-11-07,8901.631227818607
2024-11-08,8912.19237329013
2024-11-11,8627.864121830871
2024-11-12,8618.583126332574
2024-11-13,8677.930907198817
2024-11-14,8677.686124493865
2024-11-18,8751.078929737912
2024-11-19,8639.336443185888
2024-11-21,8664.244386934588
2024-11-22,8806.29160441036
2024-11-25,8716.449734638487
2024-11-26,8571.84962382109
2024-11-27,8517.684603327363
2024-11-28,8728.458236607315
2024-11-29,8770.044054407075
2024-12-02,8567.877531430364
2024-12-03,8472.081910191924
2024-12-04,8643.929216467912
2024-12-05,8667.1395956307
2024-12-06,8612.386269707933
2024-12-09,8647.14056041004
2024-12-10,8792.589067485347
2024-12-11,8877.351337677554
2024-12-12,9081.612167034751
2024-12-13,9025.193760780361
2024-12-16,8805.548922718286
2024-12-17,8809.872984442394
2024-12-18,8763.514008148624
2024-12-19,8734.643312494065
2024-12-20,8604.53497139174
2024-12-23,8637.280566715623
2024-12-24,8697.211835422322
2024-12-26,8614.661193075359
2024-12-27,8518.782963032503
2024-12-30,8666.382513291686
2024-12-31,8833.764942602264
2025-01-01,8702.442109218955
2025-01-02,8637.33222454752
2025-01-03,8681.14210932146
2025-01-06,8657.906887342164
2025-01-07,8735.247678716189
2025-01-08,8638.79428182974
2025-01-09,8563.68045658646
2025-01-10,8490.593012073183
2025-01-13,8403.750095367688
2025-01-14,8304.555846473615
2025-01-15,8408.367456872287
2025-01-16,8654.735254330624
2025-01-17,8583.158394723188
2025-01-20,8480.67957062121
2025-01-21,8367.76081357507
2025-01-22,8555.296142368205
2025-01-23,8631.99943196965
2025-01-24,8731.189652927405
2025-01-27,8970.44879004735
2025-01-28,8805.318785067286
2025-01-29,8913.780701484337
2025-01-30,8935.405114026586
2025-01-31,8874.339985243216
2025-02-03,8917.184074531395
2025-02-04,8975.793075109259
2025-02-05,9026.395511046583
2025-02-06,9141.186668787184
2025-02-07,9039.920850600889
2025-02-10,9046.831441449189
2025-02-11,8951.692719506193
2025-02-12,8910.887217717935
2025-02-13,8862.679540571069
2025-02-14,8867.475607017133
2025-02-17,9085.353572813694
2025-02-18,9101.011424353881
2025-02-19,9114.963024415181
2025-02-20,9030.475439207326
2025-02-21,8910.95895836487
2025-02-24,8931.721322220583
2025-02-25,8836.530577776313
2025-02-27,8861.223078240395
2025-02-28,8911.110215329609
2025-03-03,8826.678838759553
2025-03-04,8795.552893056609
2025-03-05,8657.325395704172
2025-03-06,8732.887661045717
2025-03-07,8856.951340224443
2025-03-10,8783.913172284645
2025-03-11,8885.6236654017
2025-03-12,9026.695572774915
2025-03-13,8920.77010835658
2025-03-17,8988.4094563841
2025-03-18,9014.56005805414
2025-03-19,8917.47046244671
2025-03-20,8782.133711654074
2025-03-21,8956.350154170332
2025-03-24,8739.131016436188
2025-03-25,8522.782591465842
2025-03-26,8440.487638124141
2025-03-27,8381.799177272092
2025-03-28,8291.051292126824
2025-04-01,8146.584983383194
2025-04-02,8246.549829843636
2025-04-03,8125.233656546936
2025-04-04,8250.856784315003
2025-04-07,8229.513988020173
2025-04-08,8266.038224263315
2025-04-09,8107.728142569298
2025-04-11,8091.517020114023
2025-04-15,8081.218134698845
2025-04-16,8090.299951075514
2025-04-17,7960.503135668703
2025-04-21,7862.445013235555
2025-04-22,7856.756638829401
2025-04-23,7672.001457988457
2025-04-24,7680.126669344844
2025-04-25,7800.901364101397
2025-04-28,7819.685840523588
2025-04-29,7892.421379510963
2025-04-30,8033.7552921106035
2025-05-02,8121.975448389029
2025-05-05,8110.811134349091
2025-05-06,8193.296381128297
2025-05-07,8129.86813462389
2025-05-08,7990.670406269651
2025-05-09,7995.979256651003
2025-05-12,7889.034316840926
2025-05-13,7778.197614598742
2025-05-14,7827.850445610922
2025-05-15,7819.74947703064
2025-05-16,7905.234180636038
2025-05-19,7939.149073209036
2025-05-20,8017.501339137923
2025-05-21,8077.900337072801
2025-05-22,7918.012473515232
2025-05-23,7905.250521415966
2025-05-26,8090.974840716122
2025-05-27,8086.209422660047
2025-05-28,8066.79198275555
2025-05-29,8031.131636437913
2025-05-30,8042.731714734104
2025-06-02,7953.959139006526
2025-06-03,7891.461042096601
2025-06-04,7867.3195192331095
2025-06-05,7913.118870177275
2025-06-06,7804.8453770333335
2025-06-09,7908.679708141096
2025-06-10,8076.537869695579
2025-06-11,8000.950631279303
2025-06-12,8058.454425043053
2025-06-13,8024.613850470903
2025-06-16,7885.290766807899
2025-06-17,7888.1555663802965
2025-06-18,7888.986403898312
2025-06-19,7931.715420166827
2025-06-20,8042.519850378664
2025-06-23,8103.509437259329
2025-06-24,8041.917384645904
2025-06-25,8070.869925712233
2025-06-26,7958.840843115379
2025-06-27,8011.770357749989
2025-06-30,7811.7600080866605
2025-07-01,7891.8299780980315
2025-07-02,7936.365467172905
2025-07-03,7784.689388711791
2025-07-04,7791.552145981841
2025-07-07,7770.64042626164
2025-07-08,7716.0683496211905
2025-07-09,7781.729326555438
2025-07-10,7961.021097623517
2025-07-11,7871.292129785659
