Date,Close
2000-01-04,0.768913951244481
2000-01-05,0.7617687341272689
2000-01-06,0.7409240415069475
2000-01-07,0.7153233247141119
2000-01-10,0.7150580892973771
2000-01-11,0.7082018469238398
2000-01-12,0.6946415709794724
2000-01-13,0.7135454327737395
2000-01-14,0.7013098129641127
2000-01-18,0.6936663194068228
2000-01-19,0.691210799856669
2000-01-20,0.6769205429329417
2000-01-21,0.6735515246179827
2000-01-24,0.6657419683278734
2000-01-25,0.645086152664327
2000-01-26,0.620013733653538
2000-01-27,0.6337816578928117
2000-01-28,0.633053140503219
2000-01-31,0.6410571539958735
2000-02-01,0.6069053318190423
2000-02-02,0.6126144796423673
2000-02-03,0.6114664879172355
2000-02-04,0.6134991084422765
2000-02-07,0.5941311405388611
2000-02-08,0.5965246691194768
2000-02-09,0.5973871478419173
2000-02-10,0.594298275013124
2000-02-11,0.5770838534734019
2000-02-14,0.5791850544899176
2000-02-15,0.6116782110509762
2000-02-16,0.5963056264207329
2000-02-17,0.5811903781454411
2000-02-18,0.5827187537424513
2000-02-22,0.5723907709227236
2000-02-23,0.5692126301398872
2000-02-24,0.5819145591899288
2000-02-25,0.5909584665363102
2000-02-28,0.5862670096394875
2000-02-29,0.5998275175050276
2000-03-01,0.6211808186243271
2000-03-02,0.636471178334996
2000-03-03,0.6427542472526978
2000-03-06,0.643621957934176
2000-03-07,0.6281641300878933
2000-03-08,0.5994368722910449
2000-03-09,0.5960521317203297
2000-03-10,0.5785781433187513
2000-03-13,0.5850867162380227
2000-03-14,0.5952716262444868
2000-03-15,0.5888895312987812
2000-03-16,0.569826486466366
2000-03-17,0.5412051858815392
2000-03-20,0.5586789269113701
2000-03-21,0.5597064676166401
2000-03-22,0.5498572196805303
2000-03-23,0.5362952789080012
2000-03-24,0.5475358106158005
2000-03-27,0.565490435161291
2000-03-28,0.5522005660486002
2000-03-29,0.5701971713253307
2000-03-30,0.5850468030472761
2000-03-31,0.6187172920738895
2000-04-03,0.6131772780106672
2000-04-04,0.614204388411511
2000-04-05,0.642272389856796
2000-04-06,0.6341327043674391
2000-04-07,0.6396659055324878
2000-04-10,0.6538876190077556
2000-04-11,0.6744891389134675
2000-04-12,0.6910158394524117
2000-04-13,0.6898772063783437
2000-04-14,0.7112071797905919
2000-04-17,0.7166211410612586
2000-04-18,0.7342529820683956
2000-04-19,0.7676437431665631
2000-04-20,0.7592756851132307
2000-04-24,0.7586052282132136
2000-04-25,0.7449226760373622
2000-04-26,0.7430206214131627
2000-04-27,0.7395340527099591
2000-04-28,0.7479606777783798
2000-05-01,0.7340359138151016
2000-05-02,0.7064533080597428
2000-05-03,0.6800342083257568
2000-05-04,0.6910216462399705
2000-05-05,0.6899198532136219
2000-05-08,0.6798033829239534
2000-05-09,0.6872104938251358
2000-05-10,0.7103115513256902
2000-05-11,0.6973576368671282
2000-05-12,0.742129285291607
2000-05-15,0.7384149740031272
2000-05-16,0.7535225491370598
2000-05-17,0.7525500922197625
2000-05-18,0.7132292068593677
2000-05-19,0.703075289404558
2000-05-22,0.7008532514881969
2000-05-23,0.6988938363802605
2000-05-24,0.7067564212622505
2000-05-25,0.7086220634032354
2000-05-26,0.6812980981160617
2000-05-30,0.6668338021964941
2000-05-31,0.6589380008057072
2000-06-01,0.6839920967403419
2000-06-02,0.7027567429163736
2000-06-05,0.7047185419429837
2000-06-06,0.709433714288559
2000-06-07,0.706564175735992
2000-06-08,0.725800025975661
2000-06-09,0.7224260494617525
2000-06-12,0.7104903263761804
2000-06-13,0.7169768577955639
2000-06-14,0.7182712591471303
2000-06-15,0.7172731705128768
2000-06-16,0.6989370765270472
2000-06-19,0.7062693855007416
2000-06-20,0.7033186594248763
2000-06-21,0.6835760906007259
2000-06-22,0.6891886810688996
2000-06-23,0.7023735933494356
2000-06-26,0.7420757934970102
2000-06-27,0.7597898465018642
2000-06-28,0.7922202008123379
2000-06-29,0.8084650720992561
2000-06-30,0.8057171922348842
2000-07-03,0.8000861279947268
2000-07-05,0.8044634979561012
2000-07-06,0.795975295966496
2000-07-07,0.8203821184849992
2000-07-10,0.8120812292090408
2000-07-11,0.8207438540107278
2000-07-12,0.8074505119496256
2000-07-13,0.826439673972057
2000-07-14,0.8546634546502848
2000-07-17,0.8230353429090925
2000-07-18,0.8366412252910055
2000-07-19,0.8617794531942593
2000-07-20,0.873504443114294
2000-07-21,0.8550588365955267
2000-07-24,0.8694945101958381
2000-07-25,0.9025009267718266
2000-07-26,0.8976526671524635
2000-07-27,0.9147936553313966
2000-07-28,0.911319290314244
2000-07-31,0.9098191020904526
2000-08-01,0.9201486377339956
2000-08-02,0.9422605586873118
2000-08-03,0.9970577477495974
2000-08-04,0.9854954046049537
2000-08-07,1.0027468046004524
2000-08-08,1.0286309833592389
2000-08-09,1.035962274118717
2000-08-10,1.0816148466257818
2000-08-11,1.0797019796242848
2000-08-14,1.1012443274738968
2000-08-15,1.1229429484528586
2000-08-16,1.1082766927083814
2000-08-17,1.0931475568552824
2000-08-18,1.117806318471177
2000-08-21,1.0709205912392086
2000-08-22,1.0583681420001476
2000-08-23,1.0442433172862369
2000-08-24,1.0539801892420069
2000-08-25,1.0203085858123793
2000-08-28,1.034983728385272
2000-08-29,0.9973311210668078
2000-08-30,1.0012189093806703
2000-08-31,0.9945278061942626
2000-09-01,0.9666055778153627
2000-09-05,0.9298366072367993
2000-09-06,0.9021431438910208
2000-09-07,0.9081382408675727
2000-09-08,0.8915846473470578
2000-09-11,0.9374587176646564
2000-09-12,0.9199780001442738
2000-09-13,0.8912506845537901
2000-09-14,0.9267457021511059
2000-09-15,0.9102667052177732
2000-09-18,0.9394877490674796
2000-09-19,0.9369085802084445
2000-09-20,0.9399571478959
2000-09-21,0.9451752564873562
2000-09-22,0.9248724397559367
2000-09-25,0.9589636017623947
2000-09-26,0.9649614546402103
2000-09-27,1.0091903743664226
2000-09-28,1.0251103936787904
2000-09-29,0.9910120384123414
2000-10-02,0.9904555163469676
2000-10-03,1.0304897682388408
2000-10-04,1.0349372849522045
2000-10-05,1.0279920483378153
2000-10-06,1.015044095350812
2000-10-09,1.0114122135679644
2000-10-10,1.036619014508058
2000-10-11,1.0156150182658557
2000-10-12,0.9919981716579691
2000-10-13,0.9763511149835051
2000-10-16,1.0079525885403722
2000-10-17,0.9845734212162591
2000-10-18,1.006517520700127
2000-10-19,1.0272118154229135
2000-10-20,1.073406810403931
2000-10-23,1.0666576874250504
2000-10-24,1.1100827940647693
2000-10-25,1.087957946021718
2000-10-26,1.0445614776919494
2000-10-27,1.0250211238882148
2000-10-30,1.0227195001189842
2000-10-31,0.970729335974814
2000-11-01,0.9570111967966498
2000-11-02,0.9898728688010131
2000-11-03,0.9755243374596964
2000-11-06,0.9757414623019875
2000-11-07,0.9494116917606452
2000-11-08,1.0029173955919324
2000-11-09,1.0017173798010037
2000-11-10,0.9848565442516297
2000-11-13,0.9740231431714651
2000-11-14,0.9651207439947979
2000-11-15,0.9257060769313055
2000-11-16,0.9474942002118271
2000-11-17,0.92098551591243
2000-11-20,0.9040298855950202
2000-11-21,0.913791748139303
2000-11-22,0.9007828347087814
2000-11-24,0.8952995295258201
2000-11-27,0.9150171232910524
2000-11-28,0.9118836912453793
2000-11-29,0.9408845907779897
2000-11-30,0.9121337419548486
2000-12-01,0.8853851088188613
2000-12-04,0.8889587279297189
2000-12-05,0.8499608039206488
2000-12-06,0.8459166631001033
2000-12-07,0.8537540009031257
2000-12-08,0.8396925132875173
2000-12-11,0.8396968601327336
2000-12-12,0.845061392939478
2000-12-13,0.8731083511799584
2000-12-14,0.867301102900517
2000-12-15,0.8618757570079519
2000-12-18,0.8557174960218898
2000-12-19,0.84916107270086
2000-12-20,0.8841248717407667
2000-12-21,0.9190499103028343
2000-12-22,0.8669565939916932
2000-12-26,0.8890625989116573
2000-12-27,0.8829374015409491
2000-12-28,0.886777609629648
2000-12-29,0.9110717845319071
2001-01-02,0.9540764806882983
2001-01-03,0.9236971575417837
2001-01-04,0.9275808163061726
2001-01-05,0.9639409895305829
2001-01-08,0.9613601012304199
2001-01-09,0.9653094602396187
2001-01-10,0.9661870341115484
2001-01-11,0.9511683692280865
2001-01-12,0.9773710224076423
2001-01-16,1.0120238782373099
2001-01-17,1.0256505292996798
2001-01-18,1.0363446723545482
2001-01-19,0.9995261914539988
2001-01-22,0.9853557318481372
2001-01-23,1.0073387981939337
2001-01-24,1.0073478593836618
2001-01-25,1.049146961802623
2001-01-26,1.0250161968685376
2001-01-29,1.0089293717212642
2001-01-30,0.9899788593905734
2001-01-31,0.9652236336709712
2001-02-01,0.9718452904866368
2001-02-02,0.974325965152459
2001-02-05,0.9709062613232127
2001-02-06,1.0311085053085882
2001-02-07,1.0102344651426491
2001-02-08,0.9732388470785336
2001-02-09,0.9614808752243841
2001-02-12,0.9331665441990038
2001-02-13,0.9626727988975113
2001-02-14,0.9428723472576586
2001-02-15,0.9675574863573281
2001-02-16,0.922899506236557
2001-02-20,0.9072976965305983
2001-02-21,0.8964966308889807
2001-02-22,0.9048591611038935
2001-02-23,0.9019006619939355
2001-02-26,0.9034325139510163
2001-02-27,0.8933099516201854
2001-02-28,0.9408776629801875
2001-03-01,0.9174606839302497
2001-03-02,0.8651950335707751
2001-03-05,0.8813397752858283
2001-03-06,0.8443635983043833
2001-03-07,0.8451847413506397
2001-03-08,0.8269157701184394
2001-03-09,0.8361031820361587
2001-03-12,0.8379042617885637
2001-03-13,0.8628010363669967
2001-03-14,0.8355090637872259
2001-03-15,0.8261134524855529
2001-03-16,0.8089042896038418
2001-03-19,0.7821555475790538
2001-03-20,0.7634707651377718
2001-03-21,0.7604033364715583
2001-03-22,0.7756130990727951
2001-03-23,0.815597052562488
2001-03-26,0.8056998992484714
2001-03-27,0.820498197865885
2001-03-28,0.8062484622325631
2001-03-29,0.8178467181816542
2001-03-30,0.8203499900204926
2001-04-02,0.7799713139829534
2001-04-03,0.7775460640361956
2001-04-04,0.7749308445787437
2001-04-05,0.7607109336176848
2001-04-06,0.7969130143812333
2001-04-09,0.8451748623739624
2001-04-10,0.8557192497988891
2001-04-11,0.8143727194657872
2001-04-12,0.8394818804444335
2001-04-16,0.8607729655243298
2001-04-17,0.8719299062432999
2001-04-18,0.8935258729845706
2001-04-19,0.8933864433534584
2001-04-20,0.8883978397429027
2001-04-23,0.9279098286960291
2001-04-24,0.9231523228026769
2001-04-25,0.9649326895401864
2001-04-26,0.9580386990351056
2001-04-27,0.9508841823073938
2001-04-30,0.9435723832682105
2001-05-01,0.9499844367997187
2001-05-02,0.9425573997996406
2001-05-03,0.9137301078575191
2001-05-04,0.9128535437647984
2001-05-07,0.920681039217084
2001-05-08,0.9389793929174681
2001-05-09,0.9803773502805391
2001-05-10,0.9829836117257105
2001-05-11,1.0262468439029275
2001-05-14,1.0207352310320745
2001-05-15,1.0448244076415718
2001-05-16,1.0377789100710857
2001-05-17,1.0565571279079309
2001-05-18,1.0920693090600604
2001-05-21,1.1294733034904174
2001-05-22,1.0848119274294004
2001-05-23,1.0688960533069185
2001-05-24,1.0855442911221032
2001-05-25,1.130599672500472
2001-05-29,1.098042201616285
2001-05-30,1.0485672719439834
2001-05-31,1.06388587345492
2001-06-01,1.1190561804854324
2001-06-04,1.1021412346519355
2001-06-05,1.136958585547397
2001-06-06,1.1067539931429815
2001-06-07,1.1077515627247956
2001-06-08,1.1024433473295412
2001-06-11,1.0824883513677446
2001-06-12,1.0959321807675848
2001-06-13,1.1023233901832514
2001-06-14,1.1384496094298022
2001-06-15,1.1127054680503456
2001-06-18,1.1327359161181578
2001-06-19,1.1285611627432246
2001-06-20,1.060640902982259
2001-06-21,1.0053143187947364
2001-06-22,1.0064877329607773
2001-06-25,1.0195974793057758
2001-06-26,1.0136893106576923
2001-06-27,1.0084153349649916
2001-06-28,1.021779566061693
2001-06-29,1.0303001496746431
2001-07-02,1.0140687192597293
2001-07-03,1.0345419397119477
2001-07-05,1.0587099857971687
2001-07-06,1.065948806238602
2001-07-09,1.05984415655057
2001-07-10,1.0774734567981776
2001-07-11,1.0563337151965289
2001-07-12,1.0252455859937502
2001-07-13,1.0446741722874753
2001-07-16,1.0610269594431434
2001-07-17,1.0410118529032222
2001-07-18,1.0014769233981704
2001-07-19,0.9885598661662242
2001-07-20,0.9944016362429293
2001-07-23,0.9802814650841618
2001-07-24,1.0020326823195853
2001-07-25,0.9984006508712456
2001-07-26,0.9905242869295731
2001-07-27,0.9602609058908631
2001-07-30,0.9607608177915615
2001-07-31,0.9568233260332565
2001-08-01,0.9296780509637741
2001-08-02,0.921277737229287
2001-08-03,0.9421212972027913
2001-08-06,0.9091940478396312
2001-08-07,0.931736794316927
2001-08-08,0.9404963872609033
2001-08-09,0.8795462924349017
2001-08-10,0.8823123826170407
2001-08-13,0.8640282805162053
2001-08-14,0.8650023191728636
2001-08-15,0.855908140004483
2001-08-16,0.8432393445791435
2001-08-17,0.8401617103618028
2001-08-20,0.8329898582475581
2001-08-21,0.820853755374399
2001-08-22,0.7976138146942541
2001-08-23,0.7854598221529338
2001-08-24,0.765194564332458
2001-08-27,0.7511536261031538
2001-08-28,0.7406126667790839
2001-08-29,0.7427775530360491
2001-08-30,0.7724581467727925
2001-08-31,0.7861945011848639
2001-09-04,0.794050787055722
2001-09-05,0.7271005309332393
2001-09-06,0.7595966078181243
2001-09-07,0.7420875822027663
2001-09-10,0.758131192087513
2001-09-17,0.7631717573779755
2001-09-18,0.753158499039678
2001-09-19,0.7745108328132922
2001-09-20,0.7681531260807318
2001-09-21,0.7765067268751452
2001-09-24,0.767180823005354
2001-09-25,0.764961801693807
2001-09-26,0.7331770909689188
2001-09-27,0.7133177779167206
2001-09-28,0.7020220635779975
2001-10-01,0.6938750554668631
2001-10-02,0.6888090563464275
2001-10-03,0.6840744604961325
2001-10-04,0.6859210252143199
2001-10-05,0.6642205524804035
2001-10-08,0.6776137716277119
2001-10-09,0.6693292036659907
2001-10-10,0.6642597234540637
2001-10-11,0.6730322021892315
2001-10-12,0.6750692277048868
2001-10-15,0.7123238257051465
2001-10-16,0.7168404542403293
2001-10-17,0.7302164765678525
2001-10-18,0.7365132267279471
2001-10-19,0.7339746423452043
2001-10-22,0.7693327792275318
2001-10-23,0.7890366513351116
2001-10-24,0.7761315819664178
2001-10-25,0.7857243503605292
2001-10-26,0.7746883910150738
2001-10-29,0.7751297552382546
2001-10-30,0.7688712547124708
2001-10-31,0.76296347084422
2001-11-01,0.7339946435958509
2001-11-02,0.7816784789120815
2001-11-05,0.7740816858074162
2001-11-06,0.7938250172195435
2001-11-07,0.790722936124909
2001-11-08,0.8137923277021252
2001-11-09,0.8026205819874886
2001-11-12,0.7686940935984975
2001-11-13,0.7685755899149836
2001-11-14,0.7652067625534477
2001-11-15,0.773845402288629
2001-11-16,0.762364188590317
2001-11-19,0.7466162053746972
2001-11-20,0.7452975517198495
2001-11-21,0.748358202490841
2001-11-23,0.7776508737309831
2001-11-26,0.7744585562434086
2001-11-27,0.767861891901642
2001-11-28,0.7692628122736792
2001-11-29,0.7789752157261812
2001-11-30,0.8012243445761472
2001-12-03,0.7876253841987542
2001-12-04,0.7742297155601835
2001-12-05,0.7881965870562057
2001-12-06,0.7644854757035731
2001-12-07,0.7526448851116136
2001-12-10,0.7336308276734759
2001-12-11,0.759191051209846
2001-12-12,0.7694478197960143
2001-12-13,0.7505470891193159
2001-12-14,0.7501845259104862
2001-12-17,0.7413191066716857
2001-12-18,0.735817715496647
2001-12-19,0.6986544521697953
2001-12-20,0.714651338888336
2001-12-21,0.7205438185756206
2001-12-24,0.692916159722002
2001-12-26,0.7035195049091446
2001-12-27,0.7059542700623367
2001-12-28,0.7138690156717714
2001-12-31,0.7131876616167655
2002-01-02,0.7276908919091989
2002-01-03,0.7230689942307726
2002-01-04,0.7033542096284006
2002-01-07,0.727261996033358
2002-01-08,0.7335531240616167
2002-01-09,0.7014646413698912
2002-01-10,0.6815241145285544
2002-01-11,0.6898212462790954
2002-01-14,0.6985224920931209
2002-01-15,0.6999619060183979
2002-01-16,0.7261801025113569
2002-01-17,0.7213745380177999
2002-01-18,0.7429470786822014
2002-01-22,0.7392144706730548
2002-01-23,0.7424186526548237
2002-01-24,0.7563469280389908
2002-01-25,0.7676907980134359
2002-01-28,0.7460401843442017
2002-01-29,0.7189431378173388
2002-01-30,0.713681702491902
2002-01-31,0.7235223007303248
2002-02-01,0.7397186498659467
2002-02-04,0.7036580686271524
2002-02-05,0.6913021623085271
2002-02-06,0.7008649414313554
2002-02-07,0.7209227122647762
2002-02-08,0.7125349224891965
2002-02-11,0.7259588973547577
2002-02-12,0.7184897051560103
2002-02-13,0.7218386025324505
2002-02-14,0.7362551895183858
2002-02-15,0.7541500348535773
2002-02-19,0.7439450226633341
2002-02-20,0.776098240301879
2002-02-21,0.7803089111540498
2002-02-22,0.8032597725033707
2002-02-25,0.8096354089511518
2002-02-26,0.8024576976399941
2002-02-27,0.7672196859712984
2002-02-28,0.7640396394806893
2002-03-01,0.7659587689839972
2002-03-04,0.7525789844338904
2002-03-05,0.7459051962627931
2002-03-06,0.7258052716945104
2002-03-07,0.7203289955821882
2002-03-08,0.7031740166829693
2002-03-11,0.6793398920120242
2002-03-12,0.6737505457334233
2002-03-13,0.6787651953125846
2002-03-14,0.6713090503046857
2002-03-15,0.6649969208363824
2002-03-18,0.6512188435132001
2002-03-19,0.6758810519564878
2002-03-20,0.6894926488421025
2002-03-21,0.6915323683059342
2002-03-22,0.7247092816186692
2002-03-25,0.7015816606131251
2002-03-26,0.6866165180905063
2002-03-27,0.6795888938520629
2002-03-28,0.6929280851520031
2002-04-01,0.6737380605150071
2002-04-02,0.6861171951380117
2002-04-03,0.6985545701055785
2002-04-04,0.6959718664036361
2002-04-05,0.7034208845975316
2002-04-08,0.6892538255483488
2002-04-09,0.6879291498307143
2002-04-10,0.6597000574258025
2002-04-11,0.6377513061936934
2002-04-12,0.6333668375032389
2002-04-15,0.6478403202237419
2002-04-16,0.6419618418536027
2002-04-17,0.6206613396964411
2002-04-18,0.6093060769595154
2002-04-19,0.6262082306011311
2002-04-22,0.6342824205344201
2002-04-23,0.6438164376625313
2002-04-24,0.6492600334847605
2002-04-25,0.6545599594164018
2002-04-26,0.6854650546064246
2002-04-29,0.6781203384204112
2002-04-30,0.6648446739915929
2002-05-01,0.6586717519128256
2002-05-02,0.6486816670735416
2002-05-03,0.640968041595366
2002-05-06,0.6390100113681048
2002-05-07,0.6488404665845198
2002-05-08,0.6402510894610597
2002-05-09,0.6847131651679897
2002-05-10,0.6950561055880626
2002-05-13,0.6980159423594877
2002-05-14,0.7109268517742087
2002-05-15,0.7213139213656472
2002-05-16,0.7150436624010816
2002-05-17,0.6816581689662398
2002-05-20,0.7257726003533518
2002-05-21,0.7478915204594654
2002-05-22,0.7444310506125166
2002-05-23,0.7068489160716543
2002-05-24,0.7152613796430282
2002-05-28,0.7310181885157178
2002-05-29,0.7378297864031889
2002-05-30,0.7080663183130927
2002-05-31,0.6981338644753461
2002-06-03,0.6582987025704813
2002-06-04,0.6768183650424315
2002-06-05,0.6826057117876281
2002-06-06,0.6609927760372928
2002-06-07,0.6632331491597218
2002-06-10,0.6722223011626564
2002-06-11,0.6909657633071656
2002-06-12,0.6674267372278846
2002-06-13,0.6488419998633208
2002-06-14,0.6497586613687725
2002-06-17,0.6327387111171899
2002-06-18,0.6221663518196431
2002-06-19,0.6107814593947065
2002-06-20,0.6083402243730482
2002-06-21,0.5892359806041473
2002-06-24,0.610135552659786
2002-06-25,0.6339038063737578
2002-06-26,0.6362828550589051
2002-06-27,0.6399020522229538
2002-06-28,0.6501103157293214
2002-07-01,0.6745230757905596
2002-07-02,0.6692209582822085
2002-07-03,0.6782655489769028
2002-07-05,0.701796558850675
2002-07-08,0.7073676096636398
2002-07-09,0.71507760429511
2002-07-10,0.7120566595857909
2002-07-11,0.7598326297390866
2002-07-12,0.7655722569294653
2002-07-15,0.7472931419858437
2002-07-16,0.7565797938285245
2002-07-17,0.7877676357604958
2002-07-18,0.8152899225458033
2002-07-19,0.8003023628219892
2002-07-22,0.7787684338737031
2002-07-23,0.7710490555557886
2002-07-24,0.7820815969852883
2002-07-25,0.8234141201485734
2002-07-26,0.7972210530233389
2002-07-29,0.7879765535012386
2002-07-30,0.7914419893072798
2002-07-31,0.8037056574051931
2002-08-01,0.8314908342391103
2002-08-02,0.8356157669073547
2002-08-05,0.8044032450776859
2002-08-06,0.8008513693022382
2002-08-07,0.7951690164484745
2002-08-08,0.8131862970313064
2002-08-09,0.8085526907737228
2002-08-12,0.7932194973568784
2002-08-13,0.77656823885425
2002-08-14,0.7622634148202665
2002-08-15,0.7522076403628275
2002-08-16,0.7569115949531678
2002-08-19,0.7369064147650665
2002-08-20,0.7498172829532651
2002-08-21,0.7367463089420666
2002-08-22,0.7219516066908209
2002-08-23,0.7291981573325698
2002-08-26,0.769175057847024
2002-08-27,0.7748033509370287
2002-08-28,0.7857061004819488
2002-08-29,0.805485266331402
2002-08-30,0.8063734085989632
2002-09-03,0.8277896915071379
2002-09-04,0.8197947384364551
2002-09-05,0.8198889854230089
2002-09-06,0.8544134440214275
2002-09-09,0.8486179692105581
2002-09-10,0.836897368151129
2002-09-11,0.8706259480113633
2002-09-12,0.8608187957754997
2002-09-13,0.9036010746340494
2002-09-16,0.9027543893705472
2002-09-17,0.9173700305126492
2002-09-18,0.9354815191932384
2002-09-19,0.9036337645807251
2002-09-20,0.9291057663984701
2002-09-23,0.9036591195509192
2002-09-24,0.8810761909898744
2002-09-25,0.8815082618780627
2002-09-26,0.8715058928377327
2002-09-27,0.8750719836285268
2002-09-30,0.9073096536934888
2002-10-01,0.8609124873772238
2002-10-02,0.8197288072252673
2002-10-03,0.8396567170005248
2002-10-04,0.8590827232446692
2002-10-07,0.845493227820016
2002-10-08,0.8498641342144455
2002-10-09,0.8589307980386814
2002-10-10,0.9068179922951839
2002-10-11,0.9033798043064525
2002-10-14,0.8960634503149828
2002-10-15,0.9089877748927234
2002-10-16,0.9023236401610345
2002-10-17,0.8985999567864095
2002-10-18,0.9093153286693434
2002-10-21,0.8814880749557116
2002-10-22,0.9046458928117107
2002-10-23,0.8374421511086412
2002-10-24,0.8242358302157891
2002-10-25,0.8280772621930476
2002-10-28,0.8187396990558413
2002-10-29,0.8138536860772088
2002-10-30,0.8358094190422523
2002-10-31,0.8051117486887521
2002-11-01,0.8196721465858344
2002-11-04,0.8148830025096416
2002-11-05,0.8016572071042535
2002-11-06,0.8541383805501129
2002-11-07,0.8957603849140946
2002-11-08,0.9226407609150963
2002-11-11,0.9105817606514641
2002-11-12,0.9547895833244081
2002-11-13,0.9494028313695084
2002-11-14,0.9546412296326025
2002-11-15,0.9804077314713899
2002-11-18,1.0072959176067438
2002-11-19,0.996747880768972
2002-11-20,0.9753337974581688
2002-11-21,0.9510852707714212
2002-11-22,0.9319766829733059
2002-11-25,0.9670357122465206
2002-11-26,0.9874424078391293
2002-11-27,0.9873951793077649
2002-11-29,0.9966537803043014
2002-12-02,1.0143202801597349
2002-12-03,1.0024040604096163
2002-12-04,1.0092158441923869
2002-12-05,0.9818941937855349
2002-12-06,0.9776668192117121
2002-12-09,0.994305480494245
2002-12-10,1.014343732742748
2002-12-11,1.0346842916960028
2002-12-12,1.0752141145026637
2002-12-13,1.0838771291757836
2002-12-16,1.0860464556917921
2002-12-17,1.0910887417713735
2002-12-18,1.1034133846799696
2002-12-19,1.1013981103662998
2002-12-20,1.0773352969751235
2002-12-23,1.0894147651112078
2002-12-24,1.1273348080748427
2002-12-26,1.1030425202873855
2002-12-27,1.1069699032267737
2002-12-30,1.1094575809615503
2002-12-31,1.1040821676166672
2003-01-02,1.0874193219585861
2003-01-03,1.0643724978092564
2003-01-06,1.1072189856356534
2003-01-07,1.1159028322826439
2003-01-08,1.1146685212421392
2003-01-09,1.1267586177724496
2003-01-10,1.1485506752439507
2003-01-13,1.1114282168353087
2003-01-14,1.156080841184176
2003-01-15,1.159865715184731
2003-01-16,1.110358861335441
2003-01-17,1.141450101865961
2003-01-21,1.12872355427936
2003-01-22,1.1541844722449897
2003-01-23,1.1825505714408369
2003-01-24,1.1898609433254517
2003-01-27,1.2112648386780822
2003-01-28,1.231915829765438
2003-01-29,1.27300714081744
2003-01-30,1.2846365419306298
2003-01-31,1.248480636596879
2003-02-03,1.257955012422175
2003-02-04,1.2543335360120698
2003-02-05,1.268326381352821
2003-02-06,1.3286730172163734
2003-02-07,1.312923120687484
2003-02-10,1.3227487109008471
2003-02-11,1.315154443277332
2003-02-12,1.3426588844234926
2003-02-13,1.3130443065443531
2003-02-14,1.3386350635472961
2003-02-18,1.3364261736171532
2003-02-19,1.3565155243240588
2003-02-20,1.302717748246501
2003-02-21,1.2757558484381784
2003-02-24,1.250896965203148
2003-02-25,1.2880924793043267
2003-02-26,1.268855340126698
2003-02-27,1.2408554046679334
2003-02-28,1.2093020186785368
2003-03-03,1.208467150553387
2003-03-04,1.2611317887296942
2003-03-05,1.220132048554625
2003-03-06,1.2104023319961477
2003-03-07,1.2321969907528822
2003-03-10,1.2632351986827755
2003-03-11,1.2971012224397318
2003-03-12,1.2187736786505197
2003-03-13,1.1670776995028465
2003-03-14,1.1479729259078943
2003-03-17,1.1235889985805063
2003-03-18,1.167346868004503
2003-03-19,1.1672703188435087
2003-03-20,1.205280311181548
2003-03-21,1.1655923779402833
2003-03-24,1.1368023809378875
2003-03-25,1.1056019755648683
2003-03-26,1.1281752460716306
2003-03-27,1.1184968447247976
2003-03-28,1.077102209958106
2003-03-31,1.0681533140023067
2003-04-01,1.037319905392124
2003-04-02,1.0437411276930655
2003-04-03,1.0560901801879006
2003-04-04,1.0778703980258082
2003-04-07,1.1176714177154932
2003-04-08,1.139794887797554
2003-04-09,1.096032443529521
2003-04-10,1.111639420944026
2003-04-11,1.0716575372156736
2003-04-14,1.0673426131849142
2003-04-15,1.1011037116964952
2003-04-16,1.1375104913020242
2003-04-17,1.1212010338259144
2003-04-21,1.1179407148852474
2003-04-22,1.1045721814157905
2003-04-23,1.1175450316290487
2003-04-24,1.133956022551824
2003-04-25,1.1581384394162568
2003-04-28,1.1989588560940878
2003-04-29,1.189607118248699
2003-04-30,1.1749175779762722
2003-05-01,1.163263390121505
2003-05-02,1.1882399817589633
2003-05-05,1.2195214919821007
2003-05-06,1.2058644525155888
2003-05-07,1.1601687966413663
2003-05-08,1.1815452504792097
2003-05-09,1.1890155991897091
2003-05-12,1.2117464449355788
2003-05-13,1.1859389093973418
2003-05-14,1.1518221406938056
2003-05-15,1.1323085780492954
2003-05-16,1.074954307176066
2003-05-19,1.0948908708756695
2003-05-20,1.126694513508486
2003-05-21,1.1676350261814503
2003-05-22,1.11994594921333
2003-05-23,1.1213549475780542
2003-05-27,1.1826687399391387
2003-05-28,1.183059354418543
2003-05-29,1.1398303455484884
2003-05-30,1.1337171330635298
2003-06-02,1.1486395350906515
2003-06-03,1.158205142616227
2003-06-04,1.182449700322888
2003-06-05,1.181232619422768
2003-06-06,1.2163991815930402
2003-06-09,1.209769979207125
2003-06-10,1.1822840208168406
2003-06-11,1.1883438775189366
2003-06-12,1.1703557108482263
2003-06-13,1.1413308033629972
2003-06-16,1.1490325595193538
2003-06-17,1.1275713597670871
2003-06-18,1.0869994183659952
2003-06-19,1.0591233861615281
2003-06-20,1.0995875234036245
2003-06-23,1.1245811438540434
2003-06-24,1.1105808800955155
2003-06-25,1.1141746324366655
2003-06-26,1.1145115747481542
2003-06-27,1.0927788908460812
2003-06-30,1.0551554070521356
2003-07-01,1.0479242825491273
2003-07-02,1.0863716944859805
2003-07-03,1.0509827136987908
2003-07-07,1.089500576314852
2003-07-08,1.085710186819366
2003-07-09,1.1154324416155512
2003-07-10,1.155228366634036
2003-07-11,1.1439649709500392
2003-07-14,1.1388330148791097
2003-07-15,1.1774865419577796
2003-07-16,1.1791232368164066
2003-07-17,1.1522550748512383
2003-07-18,1.117154957978204
2003-07-21,1.0715088562967086
2003-07-22,1.0462844692684898
2003-07-23,1.0657372900539375
2003-07-24,1.0440620358195614
2003-07-25,1.029296920933214
2003-07-28,1.0577868771152696
2003-07-29,1.0403224182092223
2003-07-30,0.9945522929263436
2003-07-31,1.029100421440941
2003-08-01,1.0602840085399357
2003-08-04,1.0620821792288753
2003-08-05,1.0747189470525595
2003-08-06,1.0661489758191234
2003-08-07,1.0365765385654968
2003-08-08,1.0557779130909626
2003-08-11,1.0409410080199755
2003-08-12,1.0267543004500623
2003-08-13,1.0094283997728484
2003-08-14,1.0311830655692649
2003-08-15,1.0156906094896172
2003-08-18,1.0189244135292175
2003-08-19,0.9850292213865359
2003-08-20,1.0273342562994185
2003-08-21,1.0396466756778713
2003-08-22,1.034816407519645
2003-08-25,1.0483924379804896
2003-08-26,1.0251389084692117
2003-08-27,1.065889048894202
2003-08-28,1.061482024726943
2003-08-29,1.022677559812107
2003-09-02,1.055650340341436
2003-09-03,1.0415075307185477
2003-09-04,1.0196210704106112
2003-09-05,1.003982852922935
2003-09-08,0.9974994763108356
2003-09-09,1.0009058607331116
2003-09-10,0.9942077792393468
2003-09-11,1.0016363225801146
2003-09-12,0.9786707730854817
2003-09-15,0.9719233404674741
2003-09-16,0.9668453369206287
2003-09-17,0.9677457153709585
2003-09-18,0.9498128194162601
2003-09-19,0.9339611855922771
2003-09-22,0.9618231867540422
2003-09-23,0.9538846320256941
2003-09-24,0.9227504433111982
2003-09-25,0.9134604553735671
2003-09-26,0.9152425254975128
2003-09-29,0.9298274069568924
2003-09-30,0.9026478538771229
2003-10-01,0.8947074318895806
2003-10-02,0.9025403167887749
2003-10-03,0.8640395440593318
2003-10-06,0.8615385900782121
2003-10-07,0.8448742461942708
2003-10-08,0.8402823018196245
2003-10-09,0.8583774482448358
2003-10-10,0.8548838582140288
2003-10-13,0.8909904437576054
2003-10-14,0.8759528616154058
2003-10-15,0.8826772787860487
2003-10-16,0.8721947378856969
2003-10-17,0.8761865413490475
2003-10-20,0.8638378091989115
2003-10-21,0.8184218834210626
2003-10-22,0.8276639829923421
2003-10-23,0.8664553021056732
2003-10-24,0.8545679997922834
2003-10-27,0.8894984046477309
2003-10-28,0.8700912903142651
2003-10-29,0.8960452924033103
2003-10-30,0.9076081826468962
2003-10-31,0.8968127136915782
2003-11-03,0.9168855460469244
2003-11-04,0.9230105217997098
2003-11-05,0.8991745817978483
2003-11-06,0.9084347421519785
2003-11-07,0.9041307446844495
2003-11-10,0.8643794399341089
2003-11-11,0.8996893491005145
2003-11-12,0.8884221537853163
2003-11-13,0.855895316923052
2003-11-14,0.8495778131458703
2003-11-17,0.8561863410650277
2003-11-18,0.8646516779325993
2003-11-19,0.8338914749609292
2003-11-20,0.8155534478371043
2003-11-21,0.81347548497882
2003-11-24,0.8211019137910713
2003-11-25,0.8372425484137599
2003-11-26,0.8446298130787854
2003-11-28,0.8481323336933005
2003-12-01,0.8567973342652594
2003-12-02,0.8582779337098143
2003-12-03,0.8476385377706411
2003-12-04,0.8308489832043979
2003-12-05,0.8305922334035825
2003-12-08,0.8132063372048105
2003-12-09,0.7796774871420392
2003-12-10,0.766168584559315
2003-12-11,0.7469779752224075
2003-12-12,0.7442594043017776
2003-12-15,0.7599244163918746
2003-12-16,0.7583851464146919
2003-12-17,0.7692217127036958
2003-12-18,0.7404775883764002
2003-12-19,0.7415755427452121
2003-12-22,0.7612486555378231
2003-12-23,0.7722473057507087
2003-12-24,0.7324253524234338
2003-12-26,0.7243350094321608
2003-12-29,0.7380468311421069
2003-12-30,0.7520329891986295
2003-12-31,0.7410117760664049
2004-01-02,0.7728876803867704
2004-01-05,0.8128901637429395
2004-01-06,0.8339610527423097
2004-01-07,0.8328017911670326
2004-01-08,0.8402201165555898
2004-01-09,0.8422921648351331
2004-01-12,0.8965919830755802
2004-01-13,0.9146725110720446
2004-01-14,0.8838203863089996
2004-01-15,0.8557257087410247
2004-01-16,0.874089909214701
2004-01-20,0.8551623118059464
2004-01-21,0.8112387386761373
2004-01-22,0.8079604849413231
2004-01-23,0.7954355099504351
2004-01-26,0.7726022097910684
2004-01-27,0.7699823506957066
2004-01-28,0.772913150931049
2004-01-29,0.746188154717668
2004-01-30,0.7396818936779467
2004-02-02,0.7122043318037774
2004-02-03,0.71861538478087
2004-02-04,0.6932238481319295
2004-02-05,0.6817620798532393
2004-02-06,0.6869510033073479
2004-02-09,0.6865756230550238
2004-02-10,0.7155484113462193
2004-02-11,0.7198486466246518
2004-02-12,0.7026399732721561
2004-02-13,0.6855553119491571
2004-02-17,0.7143656800163568
2004-02-18,0.7294371504241798
2004-02-19,0.729623248705479
2004-02-20,0.7311060122077255
2004-02-23,0.7326160477761702
2004-02-24,0.7148546991272297
2004-02-25,0.6939142217414493
2004-02-26,0.7030774960685416
2004-02-27,0.6895883400963502
2004-03-01,0.6954454065911672
2004-03-02,0.7046818789890573
2004-03-03,0.7295024983643418
2004-03-04,0.7199392894527306
2004-03-05,0.7182262277012045
2004-03-08,0.7256708323023062
2004-03-09,0.720463368853
2004-03-10,0.7146925771703939
2004-03-11,0.6994216366037499
2004-03-12,0.6923127676831682
2004-03-15,0.6916931243469858
2004-03-16,0.6764782658001537
2004-03-17,0.7140517845239347
2004-03-18,0.690576158343773
2004-03-19,0.7093811746079014
2004-03-22,0.7245547792556386
2004-03-23,0.6841081959202536
2004-03-24,0.6951200397080434
2004-03-25,0.7125316998474089
2004-03-26,0.7257589042569368
2004-03-29,0.7756395608247129
2004-03-30,0.8049191304250952
2004-03-31,0.8162133538095818
2004-04-01,0.7981210102283497
2004-04-02,0.7748186636527711
2004-04-05,0.7712730742112502
2004-04-06,0.8012313759222235
2004-04-07,0.8210668935219837
2004-04-08,0.790052135390428
2004-04-12,0.7922399317309105
2004-04-13,0.7762804076540252
2004-04-14,0.7755206477692504
2004-04-15,0.7764571245196447
2004-04-16,0.7840383246263981
2004-04-19,0.7891340844430736
2004-04-20,0.8002455893097381
2004-04-21,0.8430576979590014
2004-04-22,0.8393355239699453
2004-04-23,0.809632181143929
2004-04-26,0.7820382080136531
2004-04-27,0.8022438016190003
2004-04-28,0.8273456591648352
2004-04-29,0.8193239031369555
2004-04-30,0.8021099246196499
2004-05-03,0.7697049559700764
2004-05-04,0.7618339614422548
2004-05-05,0.7772720832509958
2004-05-06,0.7690838868326102
2004-05-07,0.7638239865951717
2004-05-10,0.7241261652334499
2004-05-11,0.7109330848999448
2004-05-12,0.7175539115042291
2004-05-13,0.6675916312502846
2004-05-14,0.6581592411173124
2004-05-17,0.6732527736432089
2004-05-18,0.6686213821107215
2004-05-19,0.6450470644329881
2004-05-20,0.6356104618989752
2004-05-21,0.6450385422102268
2004-05-24,0.6744083608984758
2004-05-25,0.6791953020471125
2004-05-26,0.7007244749678337
2004-05-27,0.708490833040438
2004-05-28,0.7025387504637512
2004-06-01,0.7045625363585785
2004-06-02,0.7293376760682923
2004-06-03,0.7144225351600441
2004-06-04,0.7673774354707622
2004-06-07,0.7507019488504024
2004-06-08,0.7545560802807237
2004-06-09,0.7682184672728479
2004-06-10,0.7814277901928492
2004-06-14,0.7826643246838666
2004-06-15,0.786046689771733
2004-06-16,0.8109606025850244
2004-06-17,0.8725006717141183
2004-06-18,0.8889498489850498
2004-06-21,0.919709154921114
2004-06-22,0.910698519126199
2004-06-23,0.9110695764312348
2004-06-24,0.8721387794632842
2004-06-25,0.8701275870133236
2004-06-28,0.8850343879593033
2004-06-29,0.8726637885503106
2004-06-30,0.8592323616033982
2004-07-01,0.8529948987318667
2004-07-02,0.8551891557556384
2004-07-06,0.8499631723845892
2004-07-07,0.8633468136473395
2004-07-08,0.8670044849749956
2004-07-09,0.8657884914101674
2004-07-12,0.8546457530664521
2004-07-13,0.8710227242698537
2004-07-14,0.9117179308540022
2004-07-15,0.9279332010240793
2004-07-16,0.8998798462465027
2004-07-19,0.9041592682168165
2004-07-20,0.8771829346127709
2004-07-21,0.8865738218190355
2004-07-22,0.9563086975030589
2004-07-23,0.9766834779689008
2004-07-26,1.0198560325290498
2004-07-27,1.0663035734070914
2004-07-28,1.057843235551527
2004-07-29,1.071519137021994
2004-07-30,1.102949100205168
2004-08-02,1.0563242024172192
2004-08-03,1.0373316846215634
2004-08-04,1.0476828168602914
2004-08-05,1.0217506933124851
2004-08-06,1.0747426410598437
2004-08-09,1.0930044032084487
2004-08-10,1.1197795298016437
2004-08-11,1.1348552400025007
2004-08-12,1.1215220269514707
2004-08-13,1.1657759281552476
2004-08-16,1.1223686950948533
2004-08-17,1.1950972196834024
2004-08-18,1.183213527480194
2004-08-19,1.181040216241792
2004-08-20,1.2117060427146014
2004-08-23,1.1811189060502545
2004-08-24,1.2004449969794049
2004-08-25,1.232219272252112
2004-08-26,1.1942153581075639
2004-08-27,1.1714662216896166
2004-08-30,1.1766591420327381
2004-08-31,1.2492988823790105
2004-09-01,1.2168876975023337
2004-09-02,1.208175208820166
2004-09-03,1.2013363644913482
2004-09-07,1.2496771025927371
2004-09-08,1.2412225040915636
2004-09-09,1.245127443673951
2004-09-10,1.2831543059734658
2004-09-13,1.2594610569498794
2004-09-14,1.244064198022551
2004-09-15,1.2567981361079978
2004-09-16,1.3193307439930173
2004-09-17,1.3022888271764388
2004-09-20,1.2868572692917484
2004-09-21,1.3028856150004204
2004-09-22,1.3109002922402178
2004-09-23,1.2938295377210385
2004-09-24,1.2931287218282792
2004-09-27,1.2967055367394864
2004-09-28,1.2754846435845848
2004-09-29,1.2681912444034005
2004-09-30,1.2385994730234342
2004-10-01,1.2380284612244996
2004-10-04,1.2582552800155873
2004-10-05,1.2552702139995837
2004-10-06,1.1916464036926886
2004-10-07,1.171144449180978
2004-10-08,1.1410772022312692
2004-10-11,1.1886343964273196
2004-10-12,1.126396537920126
2004-10-13,1.1099060303142647
2004-10-14,1.082649995702931
2004-10-15,1.0610647292053905
2004-10-18,1.0831663086177319
2004-10-19,1.0825779374586635
2004-10-20,1.0523228908176996
2004-10-21,1.0664519242901531
2004-10-22,1.100914881430661
2004-10-25,1.1158479115295072
2004-10-26,1.1273735940428735
2004-10-27,1.1016979296030773
2004-10-28,1.1217759085310781
2004-10-29,1.1654841918902572
2004-11-01,1.1727851356665013
2004-11-02,1.1581936049084955
2004-11-03,1.1557669413649603
2004-11-04,1.1949764771144402
2004-11-05,1.211481685577613
2004-11-08,1.2152200326380145
2004-11-09,1.179891866216838
2004-11-10,1.1544311111706755
2004-11-11,1.1247436663046655
2004-11-12,1.129600743050092
2004-11-15,1.1228930621233744
2004-11-16,1.1366268283546976
2004-11-17,1.1100240714531013
2004-11-18,1.129535482960429
2004-11-19,1.1372309383453236
2004-11-22,1.1320176222466118
2004-11-23,1.1321043993143898
2004-11-24,1.1482860895851368
2004-11-26,1.136560909519571
2004-11-29,1.119778634113955
2004-11-30,1.1049895277487414
2004-12-01,1.0911573856579329
2004-12-02,1.092324780033938
2004-12-03,1.0673081433632368
2004-12-06,1.0813403984671557
2004-12-07,1.1008100050343328
2004-12-08,1.0650915296575063
2004-12-09,1.0810555813942881
2004-12-10,1.0400837934348495
2004-12-13,1.070427387955731
2004-12-14,1.0931801129307421
2004-12-15,1.0892285778000532
2004-12-16,1.1477188288450129
2004-12-17,1.190434798980717
2004-12-20,1.173197173847365
2004-12-21,1.1410121474308053
2004-12-22,1.125881245929645
2004-12-23,1.1235735662679456
2004-12-27,1.0779740889991931
2004-12-28,1.0481285576966564
2004-12-29,1.0339065680580193
2004-12-30,1.0570177685526734
2004-12-31,1.0414708721268067
2005-01-03,1.057706360883791
2005-01-04,1.0532135288675875
2005-01-05,1.0502217625542378
2005-01-06,1.0259596990856075
2005-01-07,0.9884372729556665
2005-01-10,0.9596917610761567
2005-01-11,0.9668266758877302
2005-01-12,0.9424943576723998
2005-01-13,0.9372166985243482
2005-01-14,0.9317436516147666
2005-01-18,0.92132757757181
2005-01-19,0.9724235875573483
2005-01-20,0.9977387902443069
2005-01-21,0.9621522602093471
2005-01-24,0.9612851799871426
2005-01-25,1.019866834734323
2005-01-26,1.043221901906406
2005-01-27,1.1329238978190699
2005-01-28,1.1484135411498382
2005-01-31,1.1632872598183985
2005-02-01,1.1549530237482177
2005-02-02,1.1649574593746213
2005-02-03,1.1905392689257488
2005-02-04,1.1784739149662915
2005-02-07,1.2037916086459626
2005-02-08,1.1968995308287276
2005-02-09,1.1591134300986785
2005-02-10,1.123519855529793
2005-02-11,1.148381797222807
2005-02-14,1.1416004911121918
2005-02-15,1.099149013428677
2005-02-16,1.1151916447560508
2005-02-17,1.1186021205314054
2005-02-18,1.1425009553261627
2005-02-22,1.1053679914270649
2005-02-23,1.0970004294781344
2005-02-24,1.10383318021295
2005-02-25,1.1266697009843298
2005-02-28,1.1208827040861338
2005-03-01,1.1365846062442124
2005-03-02,1.1300107434946132
2005-03-03,1.1437836214822545
2005-03-04,1.143036805407732
2005-03-07,1.1368983440363056
2005-03-08,1.1562359211529127
2005-03-09,1.1440750552777559
2005-03-10,1.1161244543979565
2005-03-11,1.1198616640877497
2005-03-14,1.144268109067898
2005-03-15,1.162716666465153
2005-03-16,1.1672932432754528
2005-03-17,1.1400482585593084
2005-03-18,1.120851168913733
2005-03-21,1.157689027201719
2005-03-22,1.092199085181554
2005-03-23,1.0932297731747005
2005-03-24,1.1366590797793878
2005-03-28,1.1423015804511285
2005-03-29,1.148599841789618
2005-03-30,1.1838476192773832
2005-03-31,1.2061616282065126
2005-04-01,1.1875812760692985
2005-04-04,1.2036637697922365
2005-04-05,1.2682306020441796
2005-04-06,1.261047584295794
2005-04-07,1.2598834909759191
2005-04-08,1.2184557292659002
2005-04-11,1.2325657910700396
2005-04-12,1.2471502567048955
2005-04-13,1.2529711926212912
2005-04-14,1.293158902190158
2005-04-15,1.2971709891450338
2005-04-18,1.3234264898279626
2005-04-19,1.3627108435460071
2005-04-20,1.368983929355038
2005-04-21,1.3646249645363704
2005-04-22,1.3510795900103847
2005-04-25,1.3678019347428687
2005-04-26,1.334213588397854
2005-04-27,1.3604663412897466
2005-04-28,1.3482379250559842
2005-04-29,1.3234229822190697
2005-05-02,1.284127486907196
2005-05-03,1.3082391465624383
2005-05-04,1.3152312924475087
2005-05-05,1.3079818039283717
2005-05-06,1.3509193466560738
2005-05-09,1.3863821963080718
2005-05-10,1.3757460670822592
2005-05-11,1.3920397961166915
2005-05-12,1.4158083322296737
2005-05-13,1.382064254588168
2005-05-16,1.356215947556118
2005-05-17,1.3561170958816977
2005-05-18,1.3543828850825186
2005-05-19,1.3741455742237279
2005-05-20,1.3899986599967766
2005-05-23,1.3891928581670048
2005-05-24,1.409611132601333
2005-05-25,1.3887577151108286
2005-05-26,1.3829840400996896
2005-05-27,1.4189337142457767
2005-05-31,1.3900596417158095
2005-06-01,1.4009009689108087
2005-06-02,1.4027875890191897
2005-06-03,1.4212419734322017
2005-06-06,1.409581036151566
2005-06-07,1.4367539708763422
2005-06-08,1.4584935448856982
2005-06-09,1.4476972888138753
2005-06-10,1.4324679079101117
2005-06-13,1.438607310016646
2005-06-14,1.4399580898828568
2005-06-15,1.441872255084031
2005-06-16,1.3433838395550808
2005-06-17,1.368935789368182
2005-06-20,1.3403387780570728
2005-06-21,1.3462338696909575
2005-06-22,1.325131163782586
2005-06-23,1.3574822759634542
2005-06-24,1.379381026944364
2005-06-27,1.3792165431957002
2005-06-28,1.3855774707254993
2005-06-29,1.403260627388267
2005-06-30,1.4174304992775169
2005-07-01,1.4173555679054133
2005-07-05,1.4548994603056182
2005-07-06,1.4335965525143781
2005-07-07,1.3875767591930883
2005-07-08,1.435129800535594
2005-07-11,1.4143485084095122
2005-07-12,1.463321116390162
2005-07-13,1.4696760342298718
2005-07-14,1.4762543078582544
2005-07-15,1.4167066437560027
2005-07-18,1.407861406616819
2005-07-19,1.3758763870569977
2005-07-20,1.483859792244452
2005-07-21,1.5326878734231022
2005-07-22,1.4784133342580315
2005-07-25,1.5630676982194995
2005-07-26,1.5694026772685497
2005-07-27,1.6052837121642523
2005-07-28,1.646718988857113
2005-07-29,1.6239184793552726
2005-08-01,1.5832026036925857
2005-08-02,1.5022703260572317
2005-08-03,1.5205899032270926
2005-08-04,1.5755967169953096
2005-08-05,1.5938290227556837
2005-08-08,1.6582358121793999
2005-08-09,1.6153127720184075
2005-08-10,1.680814564115205
2005-08-11,1.6398179287275432
2005-08-12,1.6960844723458857
2005-08-15,1.6516079033669069
2005-08-16,1.6542606187929498
2005-08-17,1.6278074493662267
2005-08-18,1.5585719101847706
2005-08-19,1.5879080096205098
2005-08-22,1.5380444718449109
2005-08-23,1.5917871547328033
2005-08-24,1.6052181352079093
2005-08-25,1.6165888623958962
2005-08-26,1.6233930896996638
2005-08-29,1.620191258335035
2005-08-30,1.5966891100749507
2005-08-31,1.6114124534687706
2005-09-01,1.542526860264871
2005-09-02,1.4920944416999746
2005-09-06,1.5684715391495876
2005-09-07,1.581309545720459
2005-09-08,1.5439049647249368
2005-09-09,1.4696884454696557
2005-09-12,1.540870558500684
2005-09-13,1.5549040149268056
2005-09-14,1.54847205492655
2005-09-15,1.5443484117227302
2005-09-16,1.570833637419995
2005-09-19,1.6434405566014283
2005-09-20,1.6910155538457468
2005-09-21,1.6880971426075402
2005-09-22,1.7134893688915223
2005-09-23,1.7016054409586676
2005-09-26,1.774496137730452
2005-09-27,1.7473627261139033
2005-09-28,1.812463574687809
2005-09-29,1.8328072400344968
2005-09-30,1.7799204644335733
2005-10-03,1.7689487262088697
2005-10-04,1.7991931221920798
2005-10-05,1.773503870296997
2005-10-06,1.7548486465103572
2005-10-07,1.7061447651297386
2005-10-10,1.8026646516236016
2005-10-11,1.8603527166646203
2005-10-12,1.8162296992362519
2005-10-13,1.8188392292328834
2005-10-14,1.7607781903480941
2005-10-17,1.7619705803209136
2005-10-18,1.6963624958388486
2005-10-19,1.6708604731819336
2005-10-20,1.6833340112930935
2005-10-21,1.7462669464859792
2005-10-24,1.840580204137576
2005-10-25,1.8800208091914492
2005-10-26,1.9440468284500687
2005-10-27,1.9611088390603997
2005-10-28,1.9860240583042383
2005-10-31,1.897975516774493
2005-11-01,1.9390805207175863
2005-11-02,1.973311670569953
2005-11-03,1.9364010251576518
2005-11-04,1.9907916374429842
2005-11-07,1.9774579535951313
2005-11-08,1.9589832207293565
2005-11-09,1.8842651992089106
2005-11-10,1.863209912437482
2005-11-11,1.9702164436636769
2005-11-14,2.012101557099242
2005-11-15,2.036584999131223
2005-11-16,1.963304051539085
2005-11-17,1.9657356165920832
2005-11-18,1.9340526124966158
2005-11-21,1.9320930974983643
2005-11-22,1.939081238906428
2005-11-23,1.9115798397976616
2005-11-25,1.956767716399111
2005-11-28,1.983209352301886
2005-11-29,2.023814563885843
2005-11-30,2.0596555480513
2005-12-01,2.1932125012755566
2005-12-02,2.2361492741953053
2005-12-05,2.2015488233314184
2005-12-06,2.147805530959541
2005-12-07,2.070379672301531
2005-12-08,2.05066938038881
2005-12-09,2.0321540850304105
2005-12-12,2.052230424448308
2005-12-13,2.0540348312002465
2005-12-14,2.013815413414299
2005-12-15,1.9785216335539502
2005-12-16,1.9476431820616327
2005-12-19,2.02306844443482
2005-12-20,1.974028483888965
2005-12-21,1.935272776600325
2005-12-22,1.9347846649295795
2005-12-23,1.9597247858865667
2005-12-27,1.9530406110548169
2005-12-28,2.0126281219277335
2005-12-29,2.027524447252018
2005-12-30,2.011295875542137
2006-01-03,1.9777035577422393
2006-01-04,1.8514336679095103
2006-01-05,1.823140814026724
2006-01-06,1.8345875795395534
2006-01-09,1.8049881671612915
2006-01-10,1.8995715557413366
2006-01-11,1.8445578368657853
2006-01-12,1.8096673972826296
2006-01-13,1.8433587111015481
2006-01-17,1.7459812654452789
2006-01-18,1.8339654948660917
2006-01-19,1.88330201378663
2006-01-20,1.8821288859008742
2006-01-23,1.8792398425407646
2006-01-24,1.9225076758860689
2006-01-25,1.9038090656926396
2006-01-26,1.9085984041844821
2006-01-27,1.8890414961494224
2006-01-30,1.957970238814268
2006-01-31,1.9464539752798684
2006-02-01,1.9313400835067087
2006-02-02,1.8080584930692314
2006-02-03,1.8540245558917177
2006-02-06,1.8157925496622929
2006-02-07,1.7824114735427639
2006-02-08,1.7448217847668073
2006-02-09,1.7872806637703726
2006-02-10,1.7986500109588037
2006-02-13,1.8329011318637947
2006-02-14,1.849296185902031
2006-02-15,1.8988026007185168
2006-02-16,1.847592039408585
2006-02-17,1.8580510638685384
2006-02-21,1.8065739740513023
2006-02-22,1.8193010390884443
2006-02-23,1.8384646177264043
2006-02-24,1.7771114408188338
2006-02-27,1.81344033075543
2006-02-28,1.8878110583458814
2006-03-01,1.8868602887866437
2006-03-02,1.7930758105811424
2006-03-03,1.8342003355418743
2006-03-06,1.891756382990154
2006-03-07,1.8884077975156754
2006-03-08,1.8260130264649366
2006-03-09,1.8653586629009724
2006-03-10,1.9429304934622988
2006-03-13,2.0141009204947786
2006-03-14,2.0226349617549957
2006-03-15,2.0434445657917366
2006-03-16,2.0817661994154624
2006-03-17,2.05442761623064
2006-03-20,2.1332255108493414
2006-03-21,2.1197449121147334
2006-03-22,2.246150536658497
2006-03-23,2.275831286657136
2006-03-24,2.13260728926417
2006-03-27,2.145425612928884
2006-03-28,2.1406509112213157
2006-03-29,2.124455181050615
2006-03-30,2.0511012516271685
2006-03-31,1.982336324392798
2006-04-03,1.9998811845990858
2006-04-04,1.9876794863897997
2006-04-05,2.014880132434317
2006-04-06,1.9700525191832916
2006-04-07,1.9792013145674765
2006-04-10,1.9751966347047212
2006-04-11,1.9787834879046784
2006-04-12,2.0274143056642826
2006-04-13,1.9652495995860548
2006-04-17,1.9833386787018226
2006-04-18,2.0223274182836612
2006-04-19,2.0208343493646748
2006-04-20,2.0405069675049097
2006-04-21,1.9693914345374797
2006-04-24,2.0296509102864166
2006-04-25,2.178317032682771
2006-04-26,2.09116498958294
2006-04-27,2.0586228483298368
2006-04-28,1.995111303630361
2006-05-01,2.082750846625706
2006-05-02,2.143956543734314
2006-05-03,2.162778845008234
2006-05-04,2.0136865524825804
2006-05-05,1.982746788102178
2006-05-08,1.9216649764720442
2006-05-09,1.89444695002349
2006-05-10,1.9153512183596557
2006-05-11,1.9351173358649343
2006-05-12,1.9051476283686926
2006-05-15,1.9037717238177085
2006-05-16,1.9581479221767089
2006-05-17,1.9546850963274707
2006-05-18,1.9296478600043558
2006-05-19,2.0206604501292196
2006-05-22,2.0389120771126565
2006-05-23,2.041494659128769
2006-05-24,2.148044206034238
2006-05-25,2.241899656819364
2006-05-26,2.2741845151951585
2006-05-30,2.3418506891108177
2006-05-31,2.248839935281231
2006-06-01,2.3123661241697824
2006-06-02,2.26743031328061
2006-06-05,2.243548897961798
2006-06-06,2.1905731406416336
2006-06-07,2.1553858019800187
2006-06-08,2.2122709416339226
2006-06-09,2.1093877988145957
2006-06-12,2.090045991058041
2006-06-13,2.180758884398935
2006-06-14,2.120502651843953
2006-06-15,2.150678030022859
2006-06-16,2.1986870306543844
2006-06-19,2.178807733560439
2006-06-20,2.166443796627864
2006-06-21,2.232567421818339
2006-06-22,2.2138630600321663
2006-06-23,2.302038646379029
2006-06-26,2.3395414322000403
2006-06-27,2.2929732549529005
2006-06-28,2.27685692483328
2006-06-29,2.3042897064705086
2006-06-30,2.336921897146422
2006-07-03,2.3751357807171023
2006-07-05,2.340287108973823
2006-07-06,2.3049117546759597
2006-07-07,2.406592461522427
2006-07-10,2.4903303155713603
2006-07-11,2.5337616455084357
2006-07-12,2.4578842329188797
2006-07-13,2.4485819465369003
2006-07-14,2.3666515469990816
2006-07-17,2.338796134368534
2006-07-18,2.3287022055512194
2006-07-19,2.3552476480461184
2006-07-20,2.2562886775776794
2006-07-21,2.2579896687906484
2006-07-24,2.1735602230470827
2006-07-25,2.1023702989211364
2006-07-26,2.088700674296998
2006-07-27,2.069208021996099
2006-07-28,2.0514576261317936
2006-07-31,2.073641594844188
2006-08-01,2.05303119562966
2006-08-02,2.0549795255238954
2006-08-03,2.0471484396073034
2006-08-04,1.9684386769283557
2006-08-07,2.005867569462813
2006-08-08,2.001022444772637
2006-08-09,2.0364989317389552
2006-08-10,2.0209735570966028
2006-08-11,2.0531478386206254
2006-08-14,2.050481521272633
2006-08-15,2.0497703840265737
2006-08-16,2.1202793031206983
2006-08-17,2.1023086785038982
2006-08-18,2.0811192403835608
2006-08-21,2.1149624446166264
2006-08-22,2.1259945927402395
2006-08-23,2.0721047129628563
2006-08-24,2.1004267301694624
2006-08-25,2.0943170237925086
2006-08-28,2.134989419918851
2006-08-29,2.067419628245438
2006-08-30,2.0480850705271716
2006-08-31,2.118075695359698
2006-09-01,2.2353922254831375
2006-09-05,2.2617586628818267
2006-09-06,2.2530013904532447
2006-09-07,2.1857990263564395
2006-09-08,2.122729491880594
2006-09-11,2.018655118622011
2006-09-12,2.0820940376253425
2006-09-13,2.1671536978195296
2006-09-14,2.054999414017613
2006-09-15,2.0161205124510513
2006-09-18,2.0118292308340795
2006-09-19,1.9604984472899702
2006-09-20,1.967169101179573
2006-09-21,1.9731845864627453
2006-09-22,1.9151126593440135
2006-09-25,1.8454271266712199
2006-09-26,1.8770042664683544
2006-09-27,1.8184548272355099
2006-09-28,1.8224544977864292
2006-09-29,1.8294062210822895
2006-10-02,1.768435882250872
2006-10-03,1.7875151595195788
2006-10-04,1.7628949506263056
2006-10-05,1.832742233464102
2006-10-06,1.8181046159666252
2006-10-09,1.8422158903492674
2006-10-10,1.8210397919633399
2006-10-11,1.8604184122118985
2006-10-12,1.9280205368381624
2006-10-13,1.9570421562386913
2006-10-16,1.9574877719206534
2006-10-17,1.970138786822899
2006-10-18,1.945385214668673
2006-10-19,1.9299639725827866
2006-10-20,1.8161393208585384
2006-10-23,1.8529136062354457
2006-10-24,1.900761871569083
2006-10-25,1.9053877361176133
2006-10-26,1.9969776895178382
2006-10-27,2.004332884760607
2006-10-30,2.082836186683038
2006-10-31,2.045687698329834
2006-11-01,2.0662820181020236
2006-11-02,2.043688232359407
2006-11-03,2.027176256680596
2006-11-06,2.0223909231001733
2006-11-07,2.0419731231607954
2006-11-08,1.9618905803818496
2006-11-09,2.0892932475355304
2006-11-10,2.2162124376153525
2006-11-13,2.2100302170340345
2006-11-14,2.1672213131416314
2006-11-15,2.1371714429461393
2006-11-16,2.12680124594702
2006-11-17,2.238179353684795
2006-11-20,2.2947020366361564
2006-11-21,2.28351600936957
2006-11-22,2.3366977237838307
2006-11-24,2.2600769966577414
2006-11-27,2.301440943329192
2006-11-28,2.1724969995798156
2006-11-29,2.125535053565809
2006-11-30,2.109662958808627
2006-12-01,2.1677703846583425
2006-12-04,2.170092006477554
2006-12-05,2.0659987991366933
2006-12-06,2.0690596532274417
2006-12-07,2.124132505906611
2006-12-08,2.1712197883629125
2006-12-11,2.2430945556309183
2006-12-12,2.261910171368836
2006-12-13,2.2378049111183707
2006-12-14,2.2335855817495367
2006-12-15,2.28881751769573
2006-12-18,2.264309859817771
2006-12-19,2.3517249480591964
2006-12-20,2.2834571212063897
2006-12-21,2.328961160142381
2006-12-22,2.480933544244665
2006-12-26,2.5539326770059505
2006-12-27,2.557762253092942
2006-12-28,2.4791587412033236
2006-12-29,2.4815467870700445
2007-01-03,2.483082692659514
2007-01-04,2.4720619135006925
2007-01-05,2.523437138660002
2007-01-08,2.427819845316814
2007-01-09,2.4335217391705175
2007-01-10,2.435970568002676
2007-01-11,2.370139171714817
2007-01-12,2.269312134982247
2007-01-16,2.2064569001365784
2007-01-17,2.247651491962515
2007-01-18,2.2243756461030375
2007-01-19,2.2117714279346448
2007-01-22,2.1712745536860316
2007-01-23,2.1543588502369784
2007-01-24,2.1911194365198843
2007-01-25,2.170914220731765
2007-01-26,2.2755091772055254
2007-01-29,2.320981407119991
2007-01-30,2.3418717505572983
2007-01-31,2.2719009484606367
2007-02-01,2.24357055007146
2007-02-02,2.209526413088898
2007-02-05,2.154924838239224
2007-02-06,2.1293358016897317
2007-02-07,2.0636082216849987
2007-02-08,2.1014505137824475
2007-02-09,2.1423547197766193
2007-02-12,2.193862855411498
2007-02-13,2.1722553148280475
2007-02-14,2.1603892751863265
2007-02-15,2.268948883862995
2007-02-16,2.3231739600910055
2007-02-20,2.3230260525182094
2007-02-21,2.3029276157733127
2007-02-22,2.3051072726986033
2007-02-23,2.399432972766657
2007-02-26,2.3899235550246583
2007-02-27,2.417416275265448
2007-02-28,2.4653642443395887
2007-03-01,2.420344201854337
2007-03-02,2.4993805199475245
2007-03-05,2.4626537146829954
2007-03-06,2.345767182919583
2007-03-07,2.30733855798049
2007-03-08,2.301471813474509
2007-03-09,2.3098946723333627
2007-03-12,2.3309273443626126
2007-03-13,2.2962973280879027
2007-03-14,2.456091019021051
2007-03-15,2.4246959425602954
2007-03-16,2.443569298974925
2007-03-19,2.425100731122717
2007-03-20,2.4156991867369557
2007-03-21,2.464149237441539
2007-03-22,2.502495671879894
2007-03-23,2.397748364723719
2007-03-26,2.323919889276253
2007-03-27,2.3044413327281057
2007-03-28,2.332116791419933
2007-03-29,2.459158223946888
2007-03-30,2.4459863178715335
2007-04-02,2.6109458550180835
2007-04-03,2.5487744997893773
2007-04-04,2.4245941142117506
2007-04-05,2.384708475167501
2007-04-09,2.4235087791018257
2007-04-10,2.4375374461699857
2007-04-11,2.4898433276659566
2007-04-12,2.4868148554104716
2007-04-13,2.502488153778218
2007-04-16,2.4653789275279294
2007-04-17,2.3783678459228526
2007-04-18,2.4704584061059847
2007-04-19,2.435829238009891
2007-04-20,2.4664475968583273
2007-04-23,2.4894700691521177
2007-04-24,2.517513233992976
2007-04-25,2.603286132841419
2007-04-26,2.5016517615455687
2007-04-27,2.395492352208291
2007-04-30,2.4392117930944535
2007-05-01,2.4332016554019034
2007-05-02,2.507361565800702
2007-05-03,2.429856493645141
2007-05-04,2.4526647663286982
2007-05-07,2.4416690995409778
2007-05-08,2.4649286307731093
2007-05-09,2.5776615252044612
2007-05-10,2.4912848083503274
2007-05-11,2.3631760672410485
2007-05-14,2.4212989415184345
2007-05-15,2.5439025975839114
2007-05-16,2.504833985181482
2007-05-17,2.614725958235201
2007-05-18,2.5484222239027745
2007-05-21,2.558926115244471
2007-05-22,2.46945430345479
2007-05-23,2.5303619284010637
2007-05-24,2.613043797057519
2007-05-25,2.610132338647701
2007-05-29,2.5017886475281403
2007-05-30,2.4466657068082163
2007-05-31,2.348895139463943
2007-06-01,2.40809442724438
2007-06-04,2.332707855927903
2007-06-05,2.3849893648722706
2007-06-06,2.3369021403044465
2007-06-07,2.3795032848249527
2007-06-08,2.394428627937053
2007-06-11,2.445315080057467
2007-06-12,2.428460631518605
2007-06-13,2.5334243676711155
2007-06-14,2.647407259873641
2007-06-15,2.519340257389645
2007-06-18,2.5225821401673034
2007-06-19,2.5069959022011905
2007-06-20,2.5594375199675685
2007-06-21,2.5789664988163152
2007-06-22,2.5616867665178527
2007-06-25,2.5386323687219035
2007-06-26,2.406443252801603
2007-06-27,2.3616781931752873
2007-06-28,2.4340488741536035
2007-06-29,2.3213441539983433
2007-07-02,2.383326107189098
2007-07-03,2.4040439684291868
2007-07-05,2.4266216794201565
2007-07-06,2.4008779021524296
2007-07-09,2.3432747277537067
2007-07-10,2.3968320265215377
2007-07-11,2.3660409912317153
2007-07-12,2.3029146736347643
2007-07-13,2.3341710641611733
2007-07-16,2.313034927039848
2007-07-17,2.455136299971184
2007-07-18,2.54425558379049
2007-07-19,2.66679857822931
2007-07-20,2.5438878497426956
2007-07-23,2.561250431503666
2007-07-24,2.6346985982620637
2007-07-25,2.6910006640526727
2007-07-26,2.7736995472677908
2007-07-27,2.8264800181851557
2007-07-30,2.899003431957962
2007-07-31,2.9034267175570365
2007-08-01,2.8798796513778537
2007-08-02,2.8492462954893414
2007-08-03,2.831988262192281
2007-08-06,2.873614673221227
2007-08-07,2.916115871571002
2007-08-08,2.7930141065108907
2007-08-09,2.8650233754501997
2007-08-10,2.8569935313430186
2007-08-13,2.826807026715097
2007-08-14,2.852329651592927
2007-08-15,2.8799433911489936
2007-08-16,2.975408790196805
2007-08-17,2.948910315036213
2007-08-20,3.0598415876655958
2007-08-21,3.0731729581143
2007-08-22,3.0322941567016577
2007-08-23,3.0036638672696117
2007-08-24,3.037646832622892
2007-08-27,2.9790954506276206
2007-08-28,2.8862190548550584
2007-08-29,2.993098375784545
2007-08-30,2.9019052959247187
2007-08-31,2.963117788488488
2007-09-04,2.9826060830881027
2007-09-05,3.049336787233335
2007-09-06,2.8991598431367267
2007-09-07,3.015470679154701
2007-09-10,2.949727048483098
2007-09-11,2.9136914990215526
2007-09-12,2.9659043527726765
2007-09-13,2.9911866092931323
2007-09-14,3.077522350191817
2007-09-17,3.1161142535593185
2007-09-18,2.9959065242933054
2007-09-19,2.882438226790559
2007-09-20,2.931771359358897
2007-09-21,2.931654799339127
2007-09-24,2.9750626422798856
2007-09-25,2.998735741367093
2007-09-26,2.942074496277114
2007-09-27,2.986906069763689
2007-09-28,3.0050458581776387
2007-10-01,2.98802907739546
2007-10-02,2.9413033350188367
2007-10-03,2.8498993890635194
2007-10-04,2.7486429284051486
2007-10-05,2.6918244042958133
2007-10-08,2.650077547592663
2007-10-09,2.5716428043000064
2007-10-10,2.5363815232771962
2007-10-11,2.6411569014367666
2007-10-12,2.561234368163289
2007-10-15,2.6037053879449448
2007-10-16,2.5258335321695298
2007-10-17,2.531364057973114
2007-10-18,2.6371645913035633
2007-10-19,2.570647724004913
2007-10-22,2.618951925353876
2007-10-23,2.5836827546905696
2007-10-24,2.6007154847765763
2007-10-25,2.565880410263169
2007-10-26,2.641090742863573
2007-10-29,2.5544208723084765
2007-10-30,2.6890348976845995
2007-10-31,2.7527584012293085
2007-11-01,2.7261248848256185
2007-11-02,2.764213061982412
2007-11-05,2.723237504931355
2007-11-06,2.6933627537587346
2007-11-07,2.718547160818264
2007-11-08,2.7840781467509204
2007-11-09,2.7199525953003625
2007-11-12,2.7843456313722603
2007-11-13,2.7533003840086865
2007-11-14,2.7144666686459127
2007-11-15,2.745263363775039
2007-11-16,2.825729933854897
2007-11-19,2.947451974381191
2007-11-20,2.9361062453333244
2007-11-21,2.8751542995328716
2007-11-23,2.9788717909461564
2007-11-26,2.9013637348265626
2007-11-27,2.8368480560893197
2007-11-28,3.0158194726963954
2007-11-29,3.156476229683082
2007-11-30,3.095992462169261
2007-12-03,3.160881401921175
2007-12-04,3.1226848273747057
2007-12-05,3.1507779344383726
2007-12-06,3.227187205710656
2007-12-07,3.1199270791170637
2007-12-10,3.00817894959546
2007-12-11,2.765065445985979
2007-12-12,2.7598495427622467
2007-12-13,2.702836741911042
2007-12-14,2.784171257072868
2007-12-17,2.7692656361498433
2007-12-18,2.8296605411770885
2007-12-19,2.7038791316352397
2007-12-20,2.681958100328403
2007-12-21,2.653612173998497
2007-12-24,2.632698741990426
2007-12-26,2.599407116064944
2007-12-27,2.5567869633310125
2007-12-28,2.6423231672361145
2007-12-31,2.6777445004822242
2008-01-02,2.6715991185083845
2008-01-03,2.6437006010963606
2008-01-04,2.4970180135369575
2008-01-07,2.3671693947263455
2008-01-08,2.342031266919595
2008-01-09,2.307455985913127
2008-01-10,2.314372330359244
2008-01-11,2.331969781791735
2008-01-14,2.3376677362428313
2008-01-15,2.3135769175717895
2008-01-16,2.3391906980885158
2008-01-17,2.270453969134387
2008-01-18,2.254152348395466
2008-01-22,2.189368431608159
2008-01-23,2.2745341396458736
2008-01-24,2.378230749960454
2008-01-25,2.2961645792376206
2008-01-28,2.358885764164306
2008-01-29,2.297170200846698
2008-01-30,2.4078224161381527
2008-01-31,2.446099124967888
2008-02-01,2.3289940721573106
2008-02-04,2.417312460172477
2008-02-05,2.4088013388937806
2008-02-06,2.484336966842296
2008-02-07,2.4503779467516504
2008-02-08,2.563934328761399
2008-02-11,2.5669145997978933
2008-02-12,2.506430489480646
2008-02-13,2.566997856820861
2008-02-14,2.5913949029396837
2008-02-15,2.472219411183228
2008-02-19,2.5870639095207264
2008-02-20,2.5776172670587156
2008-02-21,2.705912300697091
2008-02-22,2.593096856439952
2008-02-25,2.702683012415517
2008-02-26,2.76655438577111
2008-02-27,2.8097913340626954
2008-02-28,2.8760062256659165
2008-02-29,2.8239731608118475
2008-03-03,2.817912288465923
2008-03-04,2.8879419491630856
2008-03-05,2.7615248744731264
2008-03-06,2.684732441672999
2008-03-07,2.6528071538702287
2008-03-10,2.6592336127025065
2008-03-11,2.6542666458168296
2008-03-12,2.7754202830601007
2008-03-13,2.759843961303389
2008-03-14,2.735739885830857
2008-03-17,2.6563790002228296
2008-03-18,2.708807271690133
2008-03-19,2.6960689952064585
2008-03-20,2.5953327945966542
2008-03-24,2.679458558695997
2008-03-25,2.642530803742841
2008-03-26,2.6771842852309655
2008-03-27,2.726293260730483
2008-03-28,2.828207600178978
2008-03-31,2.825572388724866
2008-04-01,2.8688719018542876
2008-04-02,2.850411157631278
2008-04-03,3.0146524915864714
2008-04-04,2.993977030594279
2008-04-07,2.83747309547592
2008-04-08,2.7841215719080252
2008-04-09,2.7323915911076915
2008-04-10,2.835125421526834
2008-04-11,2.8442787922669175
2008-04-14,2.888688759313495
2008-04-15,2.85508129428703
2008-04-16,2.746104362824129
2008-04-17,2.7932921016108674
2008-04-18,2.6745040887589986
2008-04-21,2.707799948222198
2008-04-22,2.662152264389887
2008-04-23,2.6279219715298963
2008-04-24,2.7737050635670504
2008-04-25,2.740214541329371
2008-04-28,2.8421846873568457
2008-04-29,2.7698155455613587
2008-04-30,2.810397690945169
2008-05-01,2.898600943191014
2008-05-02,2.7571970923204083
2008-05-05,2.7547029743107805
2008-05-06,2.8068811764297776
2008-05-07,2.786326303564153
2008-05-08,2.7312933823044823
2008-05-09,2.6732676798653827
2008-05-12,2.673021851843248
2008-05-13,2.806653692284827
2008-05-14,2.99772263260207
2008-05-15,3.027372313027521
2008-05-16,3.0070434331648213
2008-05-19,3.062367542684555
2008-05-20,3.024169411139871
2008-05-21,3.1166909956017568
2008-05-22,3.079800405904887
2008-05-23,2.963772851607104
2008-05-27,2.961388129203065
2008-05-28,3.087532375978598
2008-05-29,3.050604466580852
2008-05-30,2.9304783092898576
2008-06-02,3.118891859256803
2008-06-03,3.002091220410594
2008-06-04,3.013431301579508
2008-06-05,2.964994625068363
2008-06-06,2.938959855557045
2008-06-09,2.9225790626404313
2008-06-10,2.945055918691941
2008-06-11,2.844126373834373
2008-06-12,2.8515029831496976
2008-06-13,2.89312025766281
2008-06-16,2.7677947993787124
2008-06-17,2.801992455127762
2008-06-18,2.7430607342558275
2008-06-19,2.711367522516314
2008-06-20,2.645026249139213
2008-06-23,2.657748690258345
2008-06-24,2.6963226625057697
2008-06-25,2.8075767662024824
2008-06-26,2.762990628294316
2008-06-27,2.6893286535615757
2008-06-30,2.6222856314909206
2008-07-01,2.6045504937078228
2008-07-02,2.5912091824666788
2008-07-03,2.5310682463919414
2008-07-07,2.4969796134492372
2008-07-08,2.5186531211664485
2008-07-09,2.458421894798014
2008-07-10,2.4332895638346503
2008-07-11,2.3779877641477776
2008-07-14,2.428910259424449
2008-07-15,2.3766808267536916
2008-07-16,2.412868705593257
2008-07-17,2.4403136717754363
2008-07-18,2.3967297504193605
2008-07-21,2.4033174780388666
2008-07-22,2.479534734261708
2008-07-23,2.423863589168023
2008-07-24,2.4019762954202886
2008-07-25,2.4763753863986873
2008-07-28,2.396314133243341
2008-07-29,2.4107840913359486
2008-07-30,2.3930555348014115
2008-07-31,2.3271624557707176
2008-08-01,2.2940302859003383
2008-08-04,2.298908587737145
2008-08-05,2.24803283257105
2008-08-06,2.3049897122434935
2008-08-07,2.315277122531199
2008-08-08,2.3969806956397854
2008-08-11,2.427832450097722
2008-08-12,2.4692745750916507
2008-08-13,2.550116442241713
2008-08-14,2.491052352506706
2008-08-15,2.472825952437526
2008-08-18,2.544420438369073
2008-08-19,2.473602983333262
2008-08-20,2.4233931706821576
2008-08-21,2.3909322770759722
2008-08-22,2.327437995323594
2008-08-25,2.2726540911967037
2008-08-26,2.1807814939885644
2008-08-27,2.1998222271711407
2008-08-28,2.1586067009996133
2008-08-29,2.1299736831795957
2008-09-02,2.0746129064305303
2008-09-03,2.0567251176604318
2008-09-04,1.936599704348589
2008-09-05,1.9597725328353575
2008-09-08,1.9368822994758308
2008-09-09,2.001982331142706
2008-09-10,1.9841151242838955
2008-09-11,2.0245132364396605
2008-09-12,1.9761254392958088
2008-09-15,1.954304185356478
2008-09-16,1.9403582455524708
2008-09-17,1.9572398099374158
2008-09-18,2.020472864122206
2008-09-19,2.1751569750372255
2008-09-22,2.138653726971765
2008-09-23,2.238154104253422
2008-09-24,2.240225993329858
2008-09-25,2.2988340969131684
2008-09-26,2.2912395568235517
2008-09-29,2.3542805473163293
2008-09-30,2.3120937191426094
2008-10-01,2.2581663067907702
2008-10-02,2.3377136327193897
2008-10-03,2.3310980658098464
2008-10-06,2.28892012143958
2008-10-07,2.3829575933554064
2008-10-08,2.3845738576373745
2008-10-09,2.356458095763046
2008-10-10,2.373108532958193
2008-10-13,2.4215271273827756
2008-10-14,2.4055433787050298
2008-10-15,2.341182850279122
2008-10-16,2.3678959519833573
2008-10-17,2.480555884707702
2008-10-20,2.469413935629994
2008-10-21,2.5608462177384106
2008-10-22,2.6157518309880796
2008-10-23,2.6770666129296115
2008-10-24,2.6286357003929877
2008-10-27,2.704857666998296
2008-10-28,2.712775525010953
2008-10-29,2.7677615284170516
2008-10-30,2.7320912547119653
2008-10-31,2.6945129924397566
2008-11-03,2.8176005931178785
2008-11-04,2.7576484637601206
2008-11-05,2.7751392231109824
2008-11-06,2.675179785805511
2008-11-07,2.6407284345698727
2008-11-10,2.5872194513277336
2008-11-11,2.4325776641528436
2008-11-12,2.3757270279121308
2008-11-13,2.344010435294277
2008-11-14,2.4305146705659566
2008-11-17,2.3826082067410232
2008-11-18,2.3146357917227807
2008-11-19,2.431343423481951
2008-11-20,2.3851251154382425
2008-11-21,2.488532104223599
2008-11-24,2.427767814026619
2008-11-25,2.4170977369008635
2008-11-26,2.530019334288446
2008-11-28,2.628914794306961
2008-12-01,2.667970010983102
2008-12-02,2.768621726202206
2008-12-03,2.862665124340804
2008-12-04,2.917152388233265
2008-12-05,3.092875012538559
2008-12-08,3.1080256356443976
2008-12-09,3.1325011839675843
2008-12-10,3.1414639841885283
2008-12-11,3.215186632393378
2008-12-12,3.1215786398122365
2008-12-15,3.268099144884005
2008-12-16,3.117707382411784
2008-12-17,3.0497705164194575
2008-12-18,2.935854464864463
2008-12-19,2.8819639888306483
2008-12-22,2.8694693044542037
2008-12-23,2.9316486187746014
2008-12-24,2.930381455133325
2008-12-26,3.0828962030524782
2008-12-29,3.0246790045751712
2008-12-30,2.9734661616305322
2008-12-31,3.0269123349671343
2009-01-02,2.9953878913360157
2009-01-05,3.0761799144997104
2009-01-06,3.1370285149246215
2009-01-07,3.07453482577588
2009-01-08,3.046362146361437
2009-01-09,3.23927040113204
2009-01-12,3.237366690277583
2009-01-13,3.233003912792354
2009-01-14,3.2716111499986322
2009-01-15,3.1733901158049003
2009-01-16,3.305461287061625
2009-01-20,3.2792964621966667
2009-01-21,3.249329880699152
2009-01-22,3.2569311083409285
2009-01-23,3.1286805770807535
2009-01-26,3.0656978207460694
2009-01-27,3.026535656042337
2009-01-28,3.0238082770495636
2009-01-29,3.0204716390639907
2009-01-30,3.0760181356028515
2009-02-02,3.1139045842145436
2009-02-03,3.0598017978540186
2009-02-04,3.038026478644371
2009-02-05,3.0651278279694023
2009-02-06,2.996526807526875
2009-02-09,2.9196358380833614
2009-02-10,2.9275702690184766
2009-02-11,3.005363924936559
2009-02-12,3.0468607265862286
2009-02-13,3.2287312650210636
2009-02-17,3.2017784041164203
2009-02-18,3.3395961331772486
2009-02-19,3.4697289139321144
2009-02-20,3.526055147359723
2009-02-23,3.538127293869813
2009-02-24,3.587473088860037
2009-02-25,3.4609250478862728
2009-02-26,3.3955541408210164
2009-02-27,3.2975028316089334
2009-03-02,3.35472683856169
2009-03-03,3.4717546612071866
2009-03-04,3.420728074488605
2009-03-05,3.457407013557619
2009-03-06,3.4954139926068213
2009-03-09,3.4770654530099385
2009-03-10,3.489669728098853
2009-03-11,3.499328803302441
2009-03-12,3.518409487277053
2009-03-13,3.513725059408579
2009-03-16,3.3632372816566223
2009-03-17,3.3587805457096374
2009-03-18,3.3003552328492547
2009-03-19,3.2667077426184328
2009-03-20,3.362836182178849
2009-03-23,3.5451333596960555
2009-03-24,3.372854878283206
2009-03-25,3.4396073198937835
2009-03-26,3.455837136139259
2009-03-27,3.389230610457338
2009-03-30,3.2017581612839985
2009-03-31,3.256459392994166
2009-04-01,3.3164862333045373
2009-04-02,3.385639255155446
2009-04-03,3.3331570488461897
2009-04-06,3.367760272122662
2009-04-07,3.375507631896101
2009-04-08,3.44287073540109
2009-04-09,3.2590616003129336
2009-04-13,3.199200858106673
2009-04-14,3.3280804156395485
2009-04-15,3.267554433617692
2009-04-16,3.3515314318102694
2009-04-17,3.4301025040995565
2009-04-20,3.3854899847837983
2009-04-21,3.417959097865794
2009-04-22,3.385696173814493
2009-04-23,3.3503955702657997
2009-04-24,3.4569032814595575
2009-04-27,3.51596782010513
2009-04-28,3.5040377327224808
2009-04-29,3.4839395721235915
2009-04-30,3.5785049164893232
2009-05-01,3.488977356195558
2009-05-04,3.363914281678281
2009-05-05,3.4349579174930325
2009-05-06,3.331803623763264
2009-05-07,3.1687813259058166
2009-05-08,3.3074585940617234
2009-05-11,3.4802714538356696
2009-05-12,3.463730277436964
2009-05-13,3.3401172933879693
2009-05-14,3.4641158147605036
2009-05-15,3.3570210179444224
2009-05-18,3.515862848116268
2009-05-19,3.5012422940949945
2009-05-20,3.4206608220033896
2009-05-21,3.4723630920891972
2009-05-22,3.4279221417246926
2009-05-26,3.2377850238550954
2009-05-27,3.2163556279329537
2009-05-28,3.210197328556029
2009-05-29,3.196796444255721
2009-06-01,3.135339183163551
2009-06-02,3.063705101438401
2009-06-03,3.0213042114586646
2009-06-04,3.2108836810798618
2009-06-05,3.2160783707531664
2009-06-08,3.2967264603146527
2009-06-09,3.3266166675471367
2009-06-10,3.3045583931908062
2009-06-11,3.3234195593544706
2009-06-12,3.3143863684366024
2009-06-15,3.2196375600442972
2009-06-16,3.165542178904584
2009-06-17,3.2130947738240283
2009-06-18,3.1697195767455915
2009-06-19,3.3213235687126965
2009-06-22,3.1369260829876966
2009-06-23,3.2099771971335107
2009-06-24,3.0948679596226905
2009-06-25,3.1184698107294166
2009-06-26,3.294386631892282
2009-06-29,3.2921304340893363
2009-06-30,3.2731264494810133
2009-07-01,3.2402903247364487
2009-07-02,3.20944717271108
2009-07-06,3.244286281217542
2009-07-07,3.205381291974891
2009-07-08,3.295085553058422
2009-07-09,3.381906138634711
2009-07-10,3.531268145587592
2009-07-13,3.438909915336571
2009-07-14,3.4137022618475203
2009-07-15,3.4243956752593636
2009-07-16,3.4747227659258093
2009-07-17,3.398613625697919
2009-07-20,3.443053567553724
2009-07-21,3.4416470847295084
2009-07-22,3.4652743557842007
2009-07-23,3.5604467386246372
2009-07-24,3.5902693151869602
2009-07-27,3.630547292441401
2009-07-28,3.7682919205226106
2009-07-29,3.7255599218471422
2009-07-30,3.7475188425353108
2009-07-31,3.707209480866196
2009-08-03,3.74366636797809
2009-08-04,3.550918428916214
2009-08-05,3.7506870863317325
2009-08-06,3.6375103622691585
2009-08-07,3.7279298195173123
2009-08-10,3.8314531390426816
2009-08-11,3.78250314404019
2009-08-12,3.6445250053132847
2009-08-13,3.5380649775775397
2009-08-14,3.5361408536137864
2009-08-17,3.5881353077477516
2009-08-18,3.5559249786259497
2009-08-19,3.589967297306662
2009-08-20,3.536757332220851
2009-08-21,3.466424686022942
2009-08-24,3.471704946387048
2009-08-25,3.471063938375408
2009-08-26,3.2743300922841208
2009-08-27,3.359956883941524
2009-08-28,3.4766085494354573
2009-08-31,3.5564519533582426
2009-09-01,3.4815461939946015
2009-09-02,3.439645825994085
2009-09-03,3.535679699411506
2009-09-04,3.5405948884093252
2009-09-08,3.615279201357705
2009-09-09,3.557916564893417
2009-09-10,3.582858140436895
2009-09-11,3.5650537404297804
2009-09-14,3.544758328040024
2009-09-15,3.5309567933242385
2009-09-16,3.386246138582544
2009-09-17,3.419304905149558
2009-09-18,3.3679855303114246
2009-09-21,3.2946866083296547
2009-09-22,3.3094927187117014
2009-09-23,3.3276664947480863
2009-09-24,3.2841046032433505
2009-09-25,3.208940800901348
2009-09-28,3.208152200012515
2009-09-29,3.2799350475635807
2009-09-30,3.2479898540414505
2009-10-01,3.2926296920339104
2009-10-02,3.3211776862531694
2009-10-05,3.1754344544491198
2009-10-06,3.1121236035030444
2009-10-07,3.0836752334666344
2009-10-08,3.055753405857808
2009-10-09,3.1801771297171566
2009-10-12,3.245344082784951
2009-10-13,3.36914485650435
2009-10-14,3.426887772929067
2009-10-15,3.5697246911173077
2009-10-16,3.6563798063807638
2009-10-19,3.623447014032587
2009-10-20,3.6622034708925644
2009-10-21,3.6854659848000972
2009-10-22,3.7607714173936206
2009-10-23,3.8223586595570045
2009-10-26,3.8162321257531264
2009-10-27,3.8179455890217913
2009-10-28,3.878314920836538
2009-10-29,3.9565252571124367
2009-10-30,3.980818312578774
2009-11-02,4.1003456938004685
2009-11-03,4.023597139022678
2009-11-04,3.898798175206741
2009-11-05,3.8601962307353883
2009-11-06,3.974440142701973
2009-11-09,4.07640625539526
2009-11-10,4.123620850293113
2009-11-11,4.0011492003887685
2009-11-12,3.9668855123470728
2009-11-13,3.925603980538339
2009-11-16,4.029104688297252
2009-11-17,3.9519073219682954
2009-11-18,3.8861314096166537
2009-11-19,3.8490640267122447
2009-11-20,3.8188646827102173
2009-11-23,3.7911578319235253
2009-11-24,3.8836418404773587
2009-11-25,3.8873373464027865
2009-11-27,3.8865057901054283
2009-11-30,3.9932510540767656
2009-12-01,3.9035810244542466
2009-12-02,3.8659594771322934
2009-12-03,3.922977424503148
2009-12-04,3.8487608370283204
2009-12-07,3.867119405897939
2009-12-08,3.729374840009963
2009-12-09,3.682228385930764
2009-12-10,3.7871563952410012
2009-12-11,3.803517560734326
2009-12-14,3.7421350198129346
2009-12-15,3.7973957441062107
2009-12-16,3.744750708759814
2009-12-17,3.6805291747412383
2009-12-18,3.830954629541165
2009-12-21,3.7212440982605135
2009-12-22,3.701441071192838
2009-12-23,3.6515266294665967
2009-12-24,3.652655838804194
2009-12-28,3.6904885294302976
2009-12-29,3.602882450952554
2009-12-30,3.459875256345139
2009-12-31,3.384623716006004
2010-01-04,3.479543615269519
2010-01-05,3.4755429098068844
2010-01-06,3.570371607444333
2010-01-07,3.4604367017172892
2010-01-08,3.546850608049871
2010-01-11,3.634491191156018
2010-01-12,3.695123895505018
2010-01-13,3.762412174630193
2010-01-14,3.847535682476013
2010-01-15,3.869026474444354
2010-01-19,4.073776903476308
2010-01-20,4.066945928886444
2010-01-21,3.860450769174984
2010-01-22,3.6448321183326913
2010-01-25,3.6436277765595793
2010-01-26,3.5900704906482352
2010-01-27,3.5563039190841876
2010-01-28,3.5440122187961016
2010-01-29,3.459390364321983
2010-02-01,3.4650436553492683
2010-02-02,3.590705385565954
2010-02-03,3.3976454673899226
2010-02-04,3.4367336781709206
2010-02-05,3.487531893368557
2010-02-08,3.444362442800119
2010-02-09,3.3043997312843967
2010-02-10,3.376258003856335
2010-02-11,3.406067923717829
2010-02-12,3.5771618297893366
2010-02-16,3.5713970404849604
2010-02-17,3.6448136899074592
2010-02-18,3.653121805974404
2010-02-19,3.650815300632162
2010-02-22,3.748670340972207
2010-02-23,3.5651106605065728
2010-02-24,3.508291558177297
2010-02-25,3.5098095785633414
2010-02-26,3.5085264056377596
2010-03-01,3.428622869205529
2010-03-02,3.4702778259942386
2010-03-03,3.5093325691616424
2010-03-04,3.38278586403627
2010-03-05,3.464295760121451
2010-03-08,3.345805562361826
2010-03-09,3.355675960476936
2010-03-10,3.401389366824095
2010-03-11,3.342581454492792
2010-03-12,3.416708146221089
2010-03-15,3.547133384097848
2010-03-16,3.659457459709907
2010-03-17,3.7306198900688607
2010-03-18,3.770202617545047
2010-03-19,3.8269837025294526
2010-03-22,3.7689730517000117
2010-03-23,3.80695285189836
2010-03-24,3.84380525375634
2010-03-25,3.770335397610936
2010-03-26,3.789557001509796
2010-03-29,3.881733635695354
2010-03-30,3.8044045458297777
2010-03-31,3.7057771299939284
2010-04-01,3.646880576136678
2010-04-05,3.627375540621519
2010-04-06,3.573505143933042
2010-04-07,3.7052017664242065
2010-04-08,3.674760088839024
2010-04-09,3.7061189537234496
2010-04-12,3.7262615960908487
2010-04-13,3.874502305907883
2010-04-14,3.9845694660110462
2010-04-15,3.877248101801986
2010-04-16,3.7512211488000085
2010-04-19,3.7103131889431595
2010-04-20,3.6443349848106155
2010-04-21,3.721086955078573
2010-04-22,3.8016180376444626
2010-04-23,3.9051449148101116
2010-04-26,3.76535999004938
2010-04-27,3.7393592576684185
2010-04-28,3.741594569847061
2010-04-29,3.6442172140474725
2010-04-30,3.682955926617643
2010-05-03,3.5935879215241764
2010-05-04,3.5220837995917935
2010-05-05,3.5652548799666004
2010-05-06,3.6562493010872488
2010-05-07,3.7734644987446946
2010-05-10,3.65232469445879
2010-05-11,3.6126823999983
2010-05-12,3.6918420264103435
2010-05-13,3.7117037323233357
2010-05-14,3.633845902425292
2010-05-17,3.6100910515641584
2010-05-18,3.6722064658862092
2010-05-19,3.5959594537938453
2010-05-20,3.6640672992155205
2010-05-21,3.589970272698665
2010-05-24,3.626779990391531
2010-05-25,3.661095369723905
2010-05-26,3.606700536367549
2010-05-27,3.5258626529116497
2010-05-28,3.6282926778715794
2010-06-01,3.764563953903549
2010-06-02,3.7215485715655956
2010-06-03,3.5671535811295807
2010-06-04,3.471168620769509
2010-06-07,3.4946543184722416
2010-06-08,3.4952257509315805
2010-06-09,3.2987175247357414
2010-06-10,3.4096592438524564
2010-06-11,3.333816415405221
2010-06-14,3.4095844325437064
2010-06-15,3.307287805935248
2010-06-16,3.370183159024529
2010-06-17,3.3071204307228053
2010-06-18,3.409135198359067
2010-06-21,3.343289305071652
2010-06-22,3.420021830252123
2010-06-23,3.277060495652746
2010-06-24,3.228621023029912
2010-06-25,3.1003953648908658
2010-06-28,3.072994331388875
2010-06-29,3.151489407659123
2010-06-30,3.1786026779710324
2010-07-01,3.128454987117606
2010-07-02,3.1586328145299185
2010-07-06,3.186969558163591
2010-07-07,3.096474809648311
2010-07-08,3.107217811416878
2010-07-09,3.0317276441852927
2010-07-12,2.962175645335775
2010-07-13,2.9665971823109323
2010-07-14,2.976401277597635
2010-07-15,2.98454998598943
2010-07-16,2.9910940567689908
2010-07-19,3.061772778160106
2010-07-20,3.1437105826259346
2010-07-21,3.129491868556739
2010-07-22,3.114851912307231
2010-07-23,3.2377837185003706
2010-07-26,3.0832088070256924
2010-07-27,3.096005427859346
2010-07-28,3.1681729395274574
2010-07-29,3.3424805242385744
2010-07-30,3.3285238533732713
2010-08-02,3.418924141648197
2010-08-03,3.5114620925986197
2010-08-04,3.4219108203007043
2010-08-05,3.6045576717239927
2010-08-06,3.5698071607091704
2010-08-09,3.5804903432831816
2010-08-10,3.5210642308452553
2010-08-11,3.660837684776686
2010-08-12,3.629153214671669
2010-08-13,3.6970638962042024
2010-08-16,3.7940197044293393
2010-08-17,3.7957680372398137
2010-08-18,3.9421567708808403
2010-08-19,3.9417294786712422
2010-08-20,4.094578223549464
2010-08-23,4.040491091388822
2010-08-24,4.117885576421599
2010-08-25,4.150443180815865
2010-08-26,4.192081447563556
2010-08-27,4.08492418060382
2010-08-30,4.183894965385256
2010-08-31,4.240433907407045
2010-09-01,4.227405756547799
2010-09-02,4.161797011473407
2010-09-03,3.987491612899928
2010-09-07,4.095727137361326
2010-09-08,4.194487130434971
2010-09-09,4.2578234089055815
2010-09-10,4.02146408290446
2010-09-13,4.27192677494534
2010-09-14,4.349824222595439
2010-09-15,4.507263211761801
2010-09-16,4.449251202695639
2010-09-17,4.343497690810132
2010-09-20,4.357897875127802
2010-09-21,4.462754854116622
2010-09-22,4.553053270354361
2010-09-23,4.4568417380988015
2010-09-24,4.238317187915456
2010-09-27,4.132600340800974
2010-09-28,4.089424025813081
2010-09-29,4.101399615763783
2010-09-30,4.136014529144225
2010-10-01,4.18268005752374
2010-10-04,4.140964739233718
2010-10-05,4.0704370229715945
2010-10-06,4.011711977008661
2010-10-07,4.177807265898565
2010-10-08,4.101259488307816
2010-10-11,4.0703589749555436
2010-10-12,3.988750563888114
2010-10-13,3.852753033159903
2010-10-14,3.9727100398502198
2010-10-15,4.209338284473099
2010-10-18,4.288213787209139
2010-10-19,4.376985852640141
2010-10-20,4.579697590501715
2010-10-21,4.507331748362271
2010-10-22,4.502317215096971
2010-10-25,4.486984126903667
2010-10-26,4.439048364847415
2010-10-27,4.48349849482834
2010-10-28,4.4828187718150145
2010-10-29,4.527334687859258
2010-11-01,4.5376647810909
2010-11-02,4.540016105107875
2010-11-03,4.620784394187644
2010-11-04,4.751474030605349
2010-11-05,5.043822150207886
2010-11-08,5.143192007191607
2010-11-09,5.457538976080395
2010-11-10,5.676614226706739
2010-11-11,5.674992274293723
2010-11-12,5.426177107408989
2010-11-15,5.42850711780511
2010-11-16,5.372648764759553
2010-11-17,5.264385285027291
2010-11-18,5.216388150522901
2010-11-19,5.306830547833832
2010-11-22,5.412646939579208
2010-11-23,5.204561549175403
2010-11-24,5.247398695059895
2010-11-26,5.401139284477087
2010-11-29,5.200615404373375
2010-11-30,5.179460439494909
2010-12-01,5.119351502086426
2010-12-02,5.267949245348846
2010-12-03,5.43890038536249
2010-12-06,5.615888419538158
2010-12-07,5.649334988629123
2010-12-08,5.6978133743979225
2010-12-09,5.643524851892172
2010-12-10,5.667299111146265
2010-12-13,5.974642167582254
2010-12-14,5.870870127834013
2010-12-15,5.998409447662815
2010-12-16,6.285150974617558
2010-12-17,6.364493123942344
2010-12-20,6.367676969982051
2010-12-21,6.578015978470404
2010-12-22,6.491049399889869
2010-12-23,6.607647729053355
2010-12-27,6.705522487682195
2010-12-28,6.651758463449453
2010-12-29,6.279768716624332
2010-12-30,5.780045231595224
2010-12-31,6.009424727852509
2011-01-03,5.901791806708061
2011-01-04,5.966575670111261
2011-01-05,5.705136848221607
2011-01-06,5.8712495322545495
2011-01-07,6.116959671199288
2011-01-10,5.986070054814661
2011-01-11,5.992787999235302
2011-01-12,6.079911180083638
2011-01-13,6.250220501983092
2011-01-14,6.149842270531232
2011-01-18,5.847127448788219
2011-01-19,6.190568413703578
2011-01-20,6.239934463937249
2011-01-21,6.473410885570937
2011-01-24,6.269501902898826
2011-01-25,6.072857670185226
2011-01-26,5.93288776877008
2011-01-27,5.834064917353106
2011-01-28,5.85500606729876
2011-01-31,5.622149437142451
2011-02-01,5.910845207372825
2011-02-02,6.127966663607346
2011-02-03,6.023778444758596
2011-02-04,5.871802740829048
2011-02-07,5.7556259535087175
2011-02-08,5.942399363075607
2011-02-09,6.190168838627255
2011-02-10,6.432995732687085
2011-02-11,6.307238496210953
2011-02-14,6.500840687738565
2011-02-15,6.513322339185109
2011-02-16,6.6461041190116905
2011-02-17,6.786197455846411
2011-02-18,6.863295735743383
2011-02-22,6.958012239998157
2011-02-23,6.990002553083411
2011-02-24,6.994974419308962
2011-02-25,6.906528347125724
2011-02-28,6.883355215466892
2011-03-01,6.756959878215431
2011-03-02,6.926005321178215
2011-03-03,6.967721923455105
2011-03-04,7.212172536289885
2011-03-07,7.513089308155763
2011-03-08,7.402383521445806
2011-03-09,7.253376306495881
2011-03-10,7.590146401004412
2011-03-11,7.37799434402098
2011-03-14,7.6643887526763415
2011-03-15,7.59296189827003
2011-03-16,7.798189930310581
2011-03-17,7.908953292094847
2011-03-18,7.914392280011669
2011-03-21,7.929937975328845
2011-03-22,8.319709114385287
2011-03-23,8.473281745231644
2011-03-24,8.377380041218837
2011-03-25,8.177100623881111
2011-03-28,8.394861912956054
2011-03-29,8.096472807216458
2011-03-30,8.226561932236228
2011-03-31,8.093640662036073
2011-04-01,7.966573249104281
2011-04-04,8.167442423801196
2011-04-05,8.15012909111443
2011-04-06,8.179094622171322
2011-04-07,8.04159613757802
2011-04-08,7.761881618838179
2011-04-11,7.768287498183738
2011-04-12,7.645977824477903
2011-04-13,7.648866014740512
2011-04-14,7.413465760278634
2011-04-15,7.363401606071428
2011-04-18,7.558512360369463
2011-04-19,8.019917987125346
2011-04-20,7.809490174512984
2011-04-21,7.718177245120275
2011-04-25,7.798446093449457
2011-04-26,7.637012373391437
2011-04-27,7.182465646602808
2011-04-28,7.350500689763051
2011-04-29,7.343609170154717
2011-05-02,7.734794579096406
2011-05-03,7.838760194750994
2011-05-04,7.700272537072352
2011-05-05,7.465501439407665
2011-05-06,7.174794968614977
2011-05-09,7.105074593017795
2011-05-10,7.017462951350294
2011-05-11,6.937693454049001
2011-05-12,7.168667076425124
2011-05-13,7.430810523276063
2011-05-16,7.542493400834207
2011-05-17,7.7346032139862295
2011-05-18,7.817971097899226
2011-05-19,7.664159924009586
2011-05-20,7.7681354856399265
2011-05-23,7.799949791436033
2011-05-24,7.486291713151987
2011-05-25,7.8718876372853845
2011-05-26,7.964105661478944
2011-05-27,8.190529843276366
2011-05-31,8.189226496335099
2011-06-01,8.317629690862757
2011-06-02,8.489525471009008
2011-06-03,8.454934652597608
2011-06-06,8.37014018917078
2011-06-07,8.315546574606302
2011-06-08,8.520027116895726
2011-06-09,8.37327528416208
2011-06-10,8.348722275881725
2011-06-13,8.421947859593802
2011-06-14,8.283198924510994
2011-06-15,8.251321555042836
2011-06-16,8.487053223462844
2011-06-17,8.429183275136857
2011-06-20,8.465110000412164
2011-06-21,8.190233359492256
2011-06-22,8.379646158306441
2011-06-23,8.211959733674533
2011-06-24,8.155357081807054
2011-06-27,8.083810070636352
2011-06-28,7.9055311983962
2011-06-29,7.71726393088972
2011-06-30,7.740110223373793
2011-07-01,7.756529542466868
2011-07-05,7.866882834416303
2011-07-06,7.996210701480468
2011-07-07,7.875625777475961
2011-07-08,7.952037199715192
2011-07-11,8.022287897137328
2011-07-12,8.223776829151891
2011-07-13,8.545134420878437
2011-07-14,8.62690423915208
2011-07-15,8.743729753835867
2011-07-18,8.660017944844762
2011-07-19,8.866685533428845
2011-07-20,8.63333315794664
2011-07-21,8.332149724792592
2011-07-22,8.243360132522735
2011-07-25,8.593382437380203
2011-07-26,8.320995116857846
2011-07-27,8.427504603731343
2011-07-28,8.668277856098891
2011-07-29,8.56143147972328
2011-08-01,8.445026401057635
2011-08-02,8.378138092116988
2011-08-03,8.350570541601506
2011-08-04,8.243467879385257
2011-08-05,8.371354698623422
2011-08-08,8.059025751895621
2011-08-09,7.984935986038457
2011-08-10,8.024211278872011
2011-08-11,7.816999730608261
2011-08-12,8.135393643880525
2011-08-15,8.055434977703543
2011-08-16,8.143247214787056
2011-08-17,7.9879809655693395
2011-08-18,8.151668187888038
2011-08-19,8.41744273535915
2011-08-22,8.426825150912002
2011-08-23,8.759447796477593
2011-08-24,8.841963651607701
2011-08-25,9.1037858007333
2011-08-26,8.71721053118914
2011-08-29,8.973896142784639
2011-08-30,9.202913382113739
2011-08-31,9.311638283981432
2011-09-01,9.14160001385537
2011-09-02,9.523174253608301
2011-09-06,10.117514336862241
2011-09-07,10.493010886625862
2011-09-08,10.471826082056095
2011-09-09,10.474157209662561
2011-09-12,10.381707646384044
2011-09-13,10.507191931403238
2011-09-14,10.622274178648334
2011-09-15,10.790838137592694
2011-09-16,10.877597860315015
2011-09-19,10.633488559917263
2011-09-20,10.69113567072986
2011-09-21,10.352821054281865
2011-09-22,10.323091002641748
2011-09-23,10.298630195868217
2011-09-26,10.412958049333808
2011-09-27,10.38599415588128
2011-09-28,10.276154054446357
2011-09-29,10.60458171705922
2011-09-30,10.600973585933934
2011-10-03,10.976735948985775
2011-10-04,11.156777031833972
2011-10-05,11.647383754872
2011-10-06,11.524720113947327
2011-10-07,11.327313160923282
2011-10-10,11.733348943468542
2011-10-11,12.365277200295006
2011-10-12,12.3899395460509
2011-10-13,12.060267488396162
2011-10-14,12.319284720245133
2011-10-17,12.401757128805173
2011-10-18,12.492082416620825
2011-10-19,11.95223191630362
2011-10-20,11.818795833361392
2011-10-21,12.193125497259782
2011-10-24,12.841481694075465
2011-10-25,12.877262959720222
2011-10-26,12.616924751014666
2011-10-27,13.210614598234319
2011-10-28,12.550304417942405
2011-10-31,12.994229568593779
2011-11-01,12.554218308319525
2011-11-02,13.015880592063326
2011-11-03,13.272495634983935
2011-11-04,13.347443735762322
2011-11-07,12.922558343090813
2011-11-08,12.715953874845944
2011-11-09,12.285015758185859
2011-11-10,12.368497452336486
2011-11-11,12.627765175313154
2011-11-14,12.82192515624084
2011-11-15,12.350385601446362
2011-11-16,12.083485713759794
2011-11-17,12.17598999880851
2011-11-18,12.260449348126446
2011-11-21,12.122520900559492
2011-11-22,11.899481470696594
2011-11-23,11.682525829646059
2011-11-25,11.520924464359297
2011-11-28,11.447003719428762
2011-11-29,11.744927048072988
2011-11-30,11.9923490415514
2011-12-01,12.08936122962073
2011-12-02,12.002738987886914
2011-12-05,11.877533900184595
2011-12-06,12.158672009825398
2011-12-07,12.409425874646285
2011-12-08,12.58247848735526
2011-12-09,12.749906493727067
2011-12-12,12.468290608690724
2011-12-13,12.694734801802198
2011-12-14,12.888308937074184
2011-12-15,12.449473754799405
2011-12-16,12.278445333142221
2011-12-19,12.136081639981395
2011-12-20,11.979182550213135
2011-12-21,12.002137246452586
2011-12-22,11.901284547575848
2011-12-23,11.569657249870554
2011-12-27,11.555356361303934
2011-12-28,11.497366176044356
2011-12-29,12.085476942879934
2011-12-30,12.178495329100038
2012-01-03,12.317257628433774
2012-01-04,12.485442297722477
2012-01-05,12.100385748396095
2012-01-06,12.284566470063684
2012-01-09,12.35992866050236
2012-01-10,13.206488315288777
2012-01-11,13.677989219235664
2012-01-12,13.628914364769017
2012-01-13,13.675812565661941
2012-01-17,13.987273335359506
2012-01-18,13.862738524246089
2012-01-19,14.698788463137058
2012-01-20,15.178457322177426
2012-01-23,15.169181470096825
2012-01-24,14.961478708881225
2012-01-25,14.939198399801636
2012-01-26,15.160399558396808
2012-01-27,15.746976811878369
2012-01-30,16.066506283084227
2012-01-31,16.00553956518113
2012-02-01,16.058855800770132
2012-02-02,16.099515094987822
2012-02-03,16.52855464666281
2012-02-06,16.958381129316596
2012-02-07,17.177139032281932
2012-02-08,17.023899964185205
2012-02-09,16.99945845108199
2012-02-10,16.98877537066404
2012-02-13,16.792268601712884
2012-02-14,16.09732938685748
2012-02-15,15.557396211811628
2012-02-16,15.929988254685831
2012-02-17,15.909734605704827
2012-02-21,15.975770740213875
2012-02-22,16.050592176423198
2012-02-23,15.930883503736224
2012-02-24,15.375851882096638
2012-02-27,15.478971473971582
2012-02-28,15.127063785889094
2012-02-29,14.299704145846315
2012-03-01,14.641059270091045
2012-03-02,14.90064420883993
2012-03-05,14.813305682607833
2012-03-06,14.954326931336523
2012-03-07,14.688678975763422
2012-03-08,14.720480716805854
2012-03-09,14.565487302344778
2012-03-12,14.321059383241371
2012-03-13,15.082742892931519
2012-03-14,15.14395955508675
2012-03-15,15.544668037253885
2012-03-16,16.42608267054951
2012-03-19,16.98991544674892
2012-03-20,16.907174214195656
2012-03-21,17.193639651458295
2012-03-22,17.196910458407547
2012-03-23,17.08060047848281
2012-03-26,17.087711363054694
2012-03-27,17.302387745882413
2012-03-28,17.742402006236066
2012-03-29,17.776519216892293
2012-03-30,17.083508038593255
2012-04-02,17.124145756167355
2012-04-03,17.64546225378496
2012-04-04,17.707979893328275
2012-04-05,17.52344416865698
2012-04-09,17.669962692714478
2012-04-10,17.59758546635158
2012-04-11,16.99135021537942
2012-04-12,16.53778672509405
2012-04-13,16.881189148730805
2012-04-16,17.30048663642719
2012-04-17,17.069835964923133
2012-04-18,16.90860122843614
2012-04-19,16.265912089769543
2012-04-20,16.259920575917032
2012-04-23,16.234619798990323
2012-04-24,16.264127245318427
2012-04-25,16.741677252707206
2012-04-26,17.110473502736085
2012-04-27,16.96425945827415
2012-04-30,17.073184515508046
2012-05-01,16.757525243205574
2012-05-02,17.114009249904065
2012-05-03,16.990335194064155
2012-05-04,17.497343236462697
2012-05-07,18.067246454998738
2012-05-08,18.800161879373114
2012-05-09,18.84656090776448
2012-05-10,19.506550729790874
2012-05-11,19.73836635808852
2012-05-14,19.713083910907972
2012-05-15,19.807099108782296
2012-05-16,19.012856763949916
2012-05-17,18.96664627237186
2012-05-18,19.43738714452086
2012-05-21,18.40856664466008
2012-05-22,17.277325509188756
2012-05-23,17.681687058978984
2012-05-24,17.46406083745498
2012-05-25,16.91690978572937
2012-05-29,17.239002358890435
2012-05-30,16.904464002451093
2012-05-31,16.463443710306798
2012-06-01,16.629405587480754
2012-06-04,17.423500409985085
2012-06-05,17.40532656431954
2012-06-06,17.24325941112163
2012-06-07,17.26860406426451
2012-06-08,16.908117347256823
2012-06-11,17.066372930970463
2012-06-12,16.66878504026108
2012-06-13,16.666292818443605
2012-06-14,17.408004284247852
2012-06-15,17.293838562988178
2012-06-18,17.40054020108568
2012-06-19,17.1639753034445
2012-06-20,17.06842006515884
2012-06-21,17.246297141111416
2012-06-22,17.271087831702808
2012-06-25,17.736023257846053
2012-06-26,17.37895362370571
2012-06-27,17.747612988035847
2012-06-28,17.712646163222363
2012-06-29,17.377064268736333
2012-07-02,17.54542701449346
2012-07-03,17.209035832968492
2012-07-05,16.259069206898854
2012-07-06,15.977024361860622
2012-07-09,15.865040410768977
2012-07-10,16.203574380625803
2012-07-11,16.053746713318546
2012-07-12,15.87678740728485
2012-07-13,16.463590456089015
2012-07-16,17.131715439506696
2012-07-17,17.205387146544254
2012-07-18,17.431423092233054
2012-07-19,18.17036789155977
2012-07-20,18.686861696725813
2012-07-23,18.932044127497605
2012-07-24,17.966798231915835
2012-07-25,18.1570869125017
2012-07-26,18.501729969921257
2012-07-27,18.57879857034906
2012-07-30,18.255522300100264
2012-07-31,18.791942394992784
2012-08-01,18.409955286977592
2012-08-02,17.22796319342284
2012-08-03,17.725712537508084
2012-08-06,17.792447980513405
2012-08-07,18.024658678122545
2012-08-08,17.76823060538485
2012-08-09,18.155911761637867
2012-08-10,18.004369360853406
2012-08-13,18.590577639598315
2012-08-14,18.85436206040104
2012-08-15,19.227347696727275
2012-08-16,19.229110214023773
2012-08-17,19.752582509696524
2012-08-20,18.74512875896013
2012-08-21,19.361587895528338
2012-08-22,19.278437813741274
2012-08-23,19.012927439466292
2012-08-24,18.88054639607676
2012-08-27,19.457807731911817
2012-08-28,19.846500008512127
2012-08-29,20.016023399083696
2012-08-30,19.895487274178663
2012-08-31,20.10032776524018
2012-09-04,19.485248661553072
2012-09-05,19.50180709503454
2012-09-06,19.6183116841495
2012-09-07,19.720126840977503
2012-09-10,21.082435212071154
2012-09-11,21.207844780925765
2012-09-12,21.189172676745923
2012-09-13,20.284695810133844
2012-09-14,20.363752220305262
2012-09-17,20.421580421001938
2012-09-18,20.338813444822907
2012-09-19,20.823262982749238
2012-09-20,20.83676475741442
2012-09-21,20.68703825703382
2012-09-24,21.127184477592486
2012-09-25,20.331792552295997
2012-09-26,20.694105088687174
2012-09-27,21.537389014776604
2012-09-28,21.844848840785144
2012-10-01,22.244957936426356
2012-10-02,21.657168580164004
2012-10-03,22.277276596378265
2012-10-04,22.05254434644028
2012-10-05,21.666998867511154
2012-10-08,22.781199698197987
2012-10-09,23.667667965519524
2012-10-10,23.81734811146721
2012-10-11,23.591865293875337
2012-10-12,23.48510619040687
2012-10-15,23.081480547841903
2012-10-16,24.08101396417363
2012-10-17,23.868268472271897
2012-10-18,25.058106178141493
2012-10-19,25.05894861516786
2012-10-22,25.072607564289097
2012-10-23,25.640252335997086
2012-10-24,25.14810982420467
2012-10-25,25.872780783672525
2012-10-26,25.916890129224438
2012-10-31,26.005139196822075
2012-11-01,26.239025959636383
2012-11-02,26.420199652996306
2012-11-05,27.179919445815447
2012-11-06,28.49790464330647
2012-11-07,28.091711612459218
2012-11-08,26.82730206417015
2012-11-09,27.075447132181473
2012-11-12,26.9336576038325
2012-11-13,25.761101031290554
2012-11-14,25.41607186062941
2012-11-15,26.240016599276316
2012-11-16,26.25423611965291
2012-11-19,24.973246856182246
2012-11-20,24.317198437599245
2012-11-21,23.721951684775007
2012-11-23,23.87145028128498
2012-11-26,23.734521614442464
2012-11-27,23.259348332369225
2012-11-28,23.09178695154703
2012-11-29,23.10185009649855
2012-11-30,23.54503053839244
2012-12-03,23.51638482480328
2012-12-04,23.83005860927564
2012-12-05,23.268016562827707
2012-12-06,23.51306618732734
2012-12-07,23.632618000505758
2012-12-10,23.57517370306068
2012-12-11,23.463855097169013
2012-12-12,23.738439767231753
2012-12-13,24.458185257834927
2012-12-14,23.66721375954368
2012-12-17,23.288275136071523
2012-12-18,24.06399786219886
2012-12-19,23.39232005355849
2012-12-20,23.542655047515083
2012-12-21,23.163275744919158
2012-12-24,22.44962034049655
2012-12-26,22.065617848053975
2012-12-27,21.618445786532035
2012-12-28,21.0823281240951
2012-12-31,20.218084897269108
2013-01-02,20.461292235705645
2013-01-03,19.93895256820101
2013-01-04,19.541803852897623
2013-01-07,20.68723333255359
2013-01-08,21.42648449531584
2013-01-09,22.085460508517688
2013-01-10,22.739503246298593
2013-01-11,23.272970397399167
2013-01-14,22.66068440253382
2013-01-15,22.718918813361807
2013-01-16,22.344962049908943
2013-01-17,22.3085880134934
2013-01-18,21.900494756453433
2013-01-22,21.176818325696043
2013-01-23,20.972278651977
2013-01-24,20.337049989395325
2013-01-25,19.674546879400108
2013-01-28,19.99949756724867
2013-01-29,19.92915405580452
2013-01-30,20.19760788205084
2013-01-31,20.54441331358954
2013-02-01,19.777425942891067
2013-02-04,19.60702024769869
2013-02-05,18.736015406677506
2013-02-06,18.449864618277278
2013-02-07,18.32859868841298
2013-02-08,18.169990105188383
2013-02-11,19.365834128293262
2013-02-12,19.510739742098554
2013-02-13,20.199359190201516
2013-02-14,19.975727551582466
2013-02-15,19.468517522467366
2013-02-19,20.00416385976351
2013-02-20,20.834817963867177
2013-02-21,19.999852419623554
2013-02-22,19.48163192441469
2013-02-25,19.697929852028846
2013-02-26,19.398940538130933
2013-02-27,18.600525437447384
2013-02-28,18.56485924503221
2013-03-01,18.606448134291494
2013-03-04,18.066303927583316
2013-03-05,18.11212644981595
2013-03-06,17.824833606890866
2013-03-07,17.626648288644326
2013-03-08,17.0829005384906
2013-03-11,17.474827142685868
2013-03-12,16.60181442357852
2013-03-13,16.237760672218826
2013-03-14,16.432756204205806
2013-03-15,16.19347693728855
2013-03-18,15.475278699201
2013-03-19,15.561307708336809
2013-03-20,15.361417149619202
2013-03-21,15.657168660626638
2013-03-22,15.154246734283669
2013-03-25,15.637461508299536
2013-03-26,15.392438882258721
2013-03-27,14.694544641592165
2013-03-28,14.70321775175112
2013-04-01,14.66872043092418
2013-04-02,15.314467710080132
2013-04-03,14.99167640716795
2013-04-04,14.570119325531321
2013-04-05,14.569312782520775
2013-04-08,14.778997230192664
2013-04-09,14.95936425155252
2013-04-10,14.938024645709108
2013-04-11,14.489595913806879
2013-04-12,14.3359317370627
2013-04-15,14.756621393198122
2013-04-16,15.264494053553099
2013-04-17,15.38340787220904
2013-04-18,15.690414413118678
2013-04-19,15.642631181963903
2013-04-22,15.159620683989306
2013-04-23,15.668461939999935
2013-04-24,15.657554102810728
2013-04-25,14.762267046121032
2013-04-26,15.215376367790642
2013-04-29,14.805248110918052
2013-04-30,14.591226182098149
2013-05-01,14.753500214514757
2013-05-02,14.831463265037257
2013-05-03,15.278153369034007
2013-05-06,15.04182510509655
2013-05-07,15.467153674161189
2013-05-08,15.617899712872681
2013-05-09,15.327068911474576
2013-05-10,15.532634609184054
2013-05-13,15.843529320802103
2013-05-14,15.726002390906407
2013-05-15,15.713063329466944
2013-05-16,15.321132315121442
2013-05-17,15.750797484189036
2013-05-20,15.228282627780217
2013-05-21,15.027882468746354
2013-05-22,14.903609359628682
2013-05-23,14.586796830064788
2013-05-24,14.629773607599988
2013-05-28,14.661028799039816
2013-05-29,14.59816291669856
2013-05-30,14.76729348875626
2013-05-31,14.964673972893136
2013-06-03,15.212389468130038
2013-06-04,14.354283869932292
2013-06-05,14.172600577846262
2013-06-06,13.854293331368877
2013-06-07,13.834292383435974
2013-06-10,14.173315536618041
2013-06-11,14.44467812429929
2013-06-12,15.115831032007486
2013-06-13,14.421520211102687
2013-06-14,13.74116509252904
2013-06-17,13.847782264967442
2013-06-18,13.509426088357019
2013-06-19,13.491903356599646
2013-06-20,13.491074425241218
2013-06-21,13.335001379348858
2013-06-24,13.41356123393078
2013-06-25,12.727079648680641
2013-06-26,12.161345747094575
2013-06-27,12.008167856691847
2013-06-28,11.737187846162783
2013-07-01,11.576954004775915
2013-07-02,11.735162359489419
2013-07-03,11.80668022005331
2013-07-05,11.918200803666592
2013-07-08,11.768206825052724
2013-07-09,11.626897279762312
2013-07-10,12.154804967914572
2013-07-11,12.170204938097857
2013-07-12,11.90715216441013
2013-07-15,11.922576496013233
2013-07-16,11.848251640146927
2013-07-17,11.911662989719076
2013-07-18,11.823196691300076
2013-07-19,11.998540299849726
2013-07-22,12.347184047107222
2013-07-23,12.201412094281373
2013-07-24,12.475830841342153
2013-07-25,12.265447972377538
2013-07-26,12.28304567265658
2013-07-29,12.106542244352285
2013-07-30,12.139952460636431
2013-07-31,11.84236616194023
2013-08-01,12.247556847491913
2013-08-02,12.12920106531724
2013-08-05,11.522053891324196
2013-08-06,11.635644388702898
2013-08-07,11.193191649362749
2013-08-08,10.84402075498892
2013-08-09,10.41440375326394
2013-08-12,10.353042432101551
2013-08-13,9.742766318476733
2013-08-14,9.448740600233997
2013-08-15,9.496841767990297
2013-08-16,9.712240204418064
2013-08-19,9.725119101838828
2013-08-20,9.593774721011005
2013-08-21,9.510584917983412
2013-08-22,9.562868276427313
2013-08-23,9.807518462978246
2013-08-26,9.929852066166896
2013-08-27,10.152369527075775
2013-08-28,10.405242090804133
2013-08-29,10.686500979821684
2013-08-30,10.287132843281501
2013-09-03,10.024299708574638
2013-09-04,9.908207614736048
2013-09-05,9.745033899280365
2013-09-06,10.040736188266868
2013-09-09,10.262999066476288
2013-09-10,10.727262971317437
2013-09-11,10.867483768126036
2013-09-12,11.20072574371606
2013-09-13,10.867165049773531
2013-09-16,10.642496272144662
2013-09-17,10.777894043765885
2013-09-18,11.171638837232246
2013-09-19,10.939648599476707
2013-09-20,11.018262869855974
2013-09-23,11.14340072767262
2013-09-24,11.04067463256509
2013-09-25,11.045449649636074
2013-09-26,11.250211598370916
2013-09-27,11.406300912983621
2013-09-30,11.50164779818087
2013-10-01,11.61124381006986
2013-10-02,11.782617171363045
2013-10-03,11.588104317140566
2013-10-04,11.563625148945116
2013-10-07,11.224150868810623
2013-10-08,11.424708213326737
2013-10-09,11.854994211190172
2013-10-10,11.951116653424151
2013-10-11,12.244288791822774
2013-10-14,12.580976768284174
2013-10-15,13.083827494225512
2013-10-16,13.062351882880703
2013-10-17,13.189020061677741
2013-10-18,13.667747778315473
2013-10-21,13.396975957034693
2013-10-22,12.913853736205006
2013-10-23,12.967138105096014
2013-10-24,12.901056536403324
2013-10-25,12.826538797234688
2013-10-28,12.9088832230387
2013-10-29,13.037687977288064
2013-10-30,13.28779901403619
2013-10-31,13.345789103166721
2013-11-01,13.629042086083022
2013-11-04,14.220227308496057
2013-11-05,14.173467666366495
2013-11-06,14.529123041406855
2013-11-07,14.806720558796826
2013-11-08,15.124103664507606
2013-11-11,14.403915810345694
2013-11-12,14.393823526914543
2013-11-13,14.224484989580324
2013-11-14,13.958275948097413
2013-11-15,14.372986631022357
2013-11-18,14.223079775952618
2013-11-19,14.66859702700138
2013-11-20,15.056320102757919
2013-11-21,15.234701391727194
2013-11-22,14.889582649507433
2013-11-25,15.11478260701775
2013-11-26,15.71389964335113
2013-11-27,15.909834600074243
2013-11-29,15.502540644608667
2013-12-02,15.504407987611481
2013-12-03,15.1093810557765
2013-12-04,15.497210870594307
2013-12-05,15.438222539435916
2013-12-06,15.797454327325223
2013-12-09,16.028572441914584
2013-12-10,15.762814923795522
2013-12-11,15.353281485749088
2013-12-12,15.068341146540373
2013-12-13,15.403146382459058
2013-12-16,14.884886861614978
2013-12-17,15.318855158425944
2013-12-18,15.078162474330142
2013-12-19,16.225260484681264
2013-12-20,16.724704231048676
2013-12-23,16.87382190087853
2013-12-24,17.910620704096996
2013-12-26,18.156617107484685
2013-12-27,18.760898491094412
2013-12-30,18.401550797819848
2013-12-31,17.774434088411606
2014-01-02,17.625298034453504
2014-01-03,17.36884516937269
2014-01-06,16.637361703486384
2014-01-07,16.120841023692293
2014-01-08,15.837129215681381
2014-01-09,15.460390415452228
2014-01-10,16.22103954189584
2014-01-13,15.250681265348252
2014-01-14,16.101387296404816
2014-01-15,16.28612984370421
2014-01-16,16.009922598945145
2014-01-17,15.284859802092104
2014-01-21,16.194507653950872
2014-01-22,16.96763552558332
2014-01-23,16.649785887717428
2014-01-24,16.224793523793537
2014-01-27,16.451626176297847
2014-01-28,16.978000880657184
2014-01-29,17.15000923883621
2014-01-30,16.381321856137383
2014-01-31,16.142402434295196
2014-02-03,15.244601429211647
2014-02-04,15.133208108536826
2014-02-05,15.584394288859837
2014-02-06,15.779935471572816
2014-02-07,15.74921820961692
2014-02-10,16.140810140568185
2014-02-11,17.07631374815988
2014-02-12,17.259267466777676
2014-02-13,18.18342686343887
2014-02-14,17.933517997681776
2014-02-18,18.830404264077895
2014-02-19,19.27147317290669
2014-02-20,20.073018167522086
2014-02-21,20.767448448251788
2014-02-24,20.956668095114555
2014-02-25,20.817112841095096
2014-02-26,21.172952658105093
2014-02-27,21.54080770076282
2014-02-28,21.795841054888026
2014-03-03,20.551305919710448
2014-03-04,20.23937451049037
2014-03-05,19.791759221560742
2014-03-06,19.845193165136433
2014-03-07,19.600856805018516
2014-03-10,19.8490637145551
2014-03-11,20.119450380585125
2014-03-12,20.528508850277642
2014-03-13,20.762645257642728
2014-03-14,20.79647971420356
2014-03-17,21.817071381255552
2014-03-18,21.097816210854468
2014-03-19,21.43744784247979
2014-03-20,21.455822147957083
2014-03-21,20.878061352691844
2014-03-24,20.76940321379862
2014-03-25,21.04379814331774
2014-03-26,20.799453402082605
2014-03-27,20.880776095341012
2014-03-28,21.597144699867012
2014-03-31,21.069415722912787
2014-04-01,21.396690418381787
2014-04-02,21.85533878495327
2014-04-03,22.492094438605406
2014-04-04,22.41410388465653
2014-04-07,22.2993215129948
2014-04-08,22.415840866856122
2014-04-09,22.033559494748985
2014-04-10,21.694138277136997
2014-04-11,21.645845348026285
2014-04-14,21.010010368326064
2014-04-15,20.63025819923401
2014-04-16,20.190057426570373
2014-04-17,20.962560991851177
2014-04-21,20.827159637900543
2014-04-22,21.454317616727135
2014-04-23,21.46994264415452
2014-04-24,21.778929392357117
2014-04-25,22.164940771801245
2014-04-28,21.14559239270299
2014-04-29,21.670250302409563
2014-04-30,21.462823953959976
2014-05-01,21.62465698024804
2014-05-02,21.347266476782313
2014-05-05,22.49144763853612
2014-05-06,22.094646189368547
2014-05-07,21.681158237821418
2014-05-08,21.8291078256347
2014-05-09,21.790371290288835
2014-05-12,21.542375055285653
2014-05-13,21.473538800933547
2014-05-14,21.176934527750927
2014-05-15,21.86685675216765
2014-05-16,23.089827127059017
2014-05-19,22.916040184232827
2014-05-20,22.564101746648394
2014-05-21,22.992698535569073
2014-05-22,23.57977440899588
2014-05-23,24.587811061083823
2014-05-27,24.50099066748547
2014-05-28,24.309628730424727
2014-05-29,25.588948484525226
2014-05-30,25.317286035798386
2014-06-02,24.628566278587833
2014-06-03,24.739817412408918
2014-06-04,25.088878519137275
2014-06-05,24.863266857917743
2014-06-06,25.627772929856594
2014-06-09,25.16912928427858
2014-06-10,25.29020480123391
2014-06-11,25.245835919801205
2014-06-12,25.086115539703744
2014-06-13,25.10455331233495
2014-06-16,25.083750672827403
2014-06-17,25.37285610718067
2014-06-18,25.122302434098668
2014-06-19,25.629180588699707
2014-06-20,24.918591542253402
2014-06-23,25.90466079516218
2014-06-24,26.586277794256336
2014-06-25,26.16814146808037
2014-06-26,27.440291268909835
2014-06-27,27.481690785898405
2014-06-30,27.289331809339362
2014-07-01,28.154971297367933
2014-07-02,27.761599536168074
2014-07-03,27.53250457022536
2014-07-07,26.99458047014404
2014-07-08,26.417746950081153
2014-07-09,25.83666744207008
2014-07-10,25.74744958133586
2014-07-11,27.33669839488187
2014-07-14,27.33271211710017
2014-07-15,26.59796317733479
2014-07-16,26.74366702651713
2014-07-17,27.510296396448595
2014-07-18,26.897782480827505
2014-07-21,27.834478925483353
2014-07-22,26.56942393819966
2014-07-23,27.414638556187466
2014-07-24,27.00832607966517
2014-07-25,26.791148663450073
2014-07-28,27.8745471610603
2014-07-29,26.13306577502912
2014-07-30,26.64660194622297
2014-07-31,26.36456301121303
2014-08-01,26.457674558395908
2014-08-04,27.045399298921573
2014-08-05,26.954945812997362
2014-08-06,26.738488353108984
2014-08-07,29.20682395308837
2014-08-08,28.265367223401423
2014-08-11,27.58257443347973
2014-08-12,26.54326560110453
2014-08-13,27.221016548151127
2014-08-14,26.8716093135911
2014-08-15,27.27785640355314
2014-08-18,26.33472144403549
2014-08-19,25.908021054694043
2014-08-20,26.373049729272783
2014-08-21,26.131233889396963
2014-08-22,26.575487780444867
2014-08-25,26.903981395457137
2014-08-26,26.027057440727674
2014-08-27,26.229317405297454
2014-08-28,26.444229862646967
2014-08-29,26.19741911988145
2014-09-02,26.615850543955915
2014-09-03,27.023091601335967
2014-09-04,27.711011892957835
2014-09-05,27.882045666607112
2014-09-08,27.7992361797977
2014-09-09,27.989105531811404
2014-09-10,27.882015992565385
2014-09-11,25.913361676158143
2014-09-12,25.2249060072859
2014-09-15,24.698322769804463
2014-09-16,25.535002918578883
2014-09-17,24.872987879308493
2014-09-18,23.80247940558727
2014-09-19,23.46016896458674
2014-09-22,22.98892765900669
2014-09-23,23.075946305899105
2014-09-24,21.702635335367614
2014-09-25,20.76597099287244
2014-09-26,21.259734393865795
2014-09-29,21.026630570783762
2014-09-30,21.633770945357018
2014-10-01,22.184197765119986
2014-10-02,22.1952711758569
2014-10-03,21.961452303114466
2014-10-06,22.07089739176286
2014-10-07,21.681932391960046
2014-10-08,22.075864624142326
2014-10-09,22.155788910973413
2014-10-10,22.504364569549157
2014-10-13,22.002892643335603
2014-10-14,21.737660138746303
2014-10-15,21.60301032389403
2014-10-16,20.653171465068304
2014-10-17,21.292838665456845
2014-10-20,22.127375295897913
2014-10-21,21.845672441927938
2014-10-22,22.84180633607112
2014-10-23,22.825124706872533
2014-10-24,23.134380234559686
2014-10-27,23.115022132514504
2014-10-28,22.189188191398465
2014-10-29,21.52166584161615
2014-10-30,21.902189566316437
2014-10-31,22.341627748172836
2014-11-03,23.707026358161933
2014-11-04,24.237313189846265
2014-11-05,24.408935846144267
2014-11-06,25.595169903532724
2014-11-07,25.965166196868974
2014-11-10,26.920208803790377
2014-11-11,26.374596383921716
2014-11-12,26.244335845285033
2014-11-13,27.207466230589315
2014-11-14,27.26927059578779
2014-11-17,27.725561018025534
2014-11-18,27.603887461980822
2014-11-19,28.612627977683992
2014-11-20,27.730705278503176
2014-11-21,28.018171594991067
2014-11-24,27.95456276471028
2014-11-25,27.400531483916076
2014-11-26,27.48296086452496
2014-11-28,27.706101600358256
2014-12-01,28.438251511394437
2014-12-02,28.73715016893239
2014-12-03,28.546018713655222
2014-12-04,27.986157563773897
2014-12-05,28.73399251464201
2014-12-08,28.57791396132803
2014-12-09,27.506086915094546
2014-12-10,26.00013485881262
2014-12-11,25.39918338643512
2014-12-12,25.33802603624165
2014-12-15,25.220661641940424
2014-12-16,24.865735927886693
2014-12-17,24.072235298294288
2014-12-18,24.834471626513324
2014-12-19,24.46834317801467
2014-12-22,23.45026709474706
2014-12-23,24.432049121899404
2014-12-24,24.618053434565965
2014-12-26,24.693743809823758
2014-12-29,25.095370438459955
2014-12-30,25.318394487239587
2014-12-31,24.930292568381365
2015-01-02,24.337908588275788
2015-01-05,25.405145483237426
2015-01-06,26.623726907770457
2015-01-07,27.191252404934378
2015-01-08,27.477124179874103
2015-01-09,28.150413206834415
2015-01-12,28.00538064936052
2015-01-13,26.89035387790575
2015-01-14,27.576244912443826
2015-01-15,28.775395056233595
2015-01-16,28.577452216592896
2015-01-20,28.408187746064165
2015-01-21,28.440786665560896
2015-01-22,27.39851773981794
2015-01-23,27.866276642559544
2015-01-26,28.505491710368393
2015-01-27,28.202970285858765
2015-01-28,28.930669800436295
2015-01-29,28.847407163750223
2015-01-30,27.4119348078571
2015-02-02,28.050515217152192
2015-02-03,27.156394680683178
2015-02-04,26.91884518113344
2015-02-05,27.576440074910803
2015-02-06,27.5126234172365
2015-02-09,26.886239952512582
2015-02-10,27.150589874340564
2015-02-11,26.517136298965028
2015-02-12,26.51677856967056
2015-02-13,26.340368498253635
2015-02-17,26.16451704210486
2015-02-18,26.405212574670504
2015-02-19,26.655364888854955
2015-02-20,26.69024017614665
2015-02-23,28.20081525216838
2015-02-24,27.482050778731043
2015-02-25,28.511449393947444
2015-02-26,29.20160344164057
2015-02-27,29.773183081814228
2015-03-02,29.239589749996
2015-03-03,29.480966087304168
2015-03-04,29.716808356875898
2015-03-05,29.242447250826906
2015-03-06,29.437145104982914
2015-03-09,28.965264776136557
2015-03-10,28.735074384997507
2015-03-11,28.6842241219737
2015-03-12,28.332550420704305
2015-03-13,26.989353490136807
2015-03-16,26.26400176779138
2015-03-17,25.45142671732791
2015-03-18,25.902262074011663
2015-03-19,26.02450297677813
2015-03-20,26.11196137046456
2015-03-23,26.880883872485594
2015-03-24,26.649950689694112
2015-03-25,28.86874758707709
2015-03-26,29.698454784456597
2015-03-27,28.954330997314816
2015-03-30,29.13662868394768
2015-03-31,29.22993325707214
2015-04-01,28.945748605361942
2015-04-02,28.521445541510186
2015-04-06,28.572194795990576
2015-04-07,29.74466082387721
2015-04-08,29.56424055091239
2015-04-09,29.18276748209962
2015-04-10,28.019076343479174
2015-04-13,29.17498019975409
2015-04-14,29.54697827041604
2015-04-15,29.934330654943487
2015-04-16,29.656592429419643
2015-04-17,29.112754170405484
2015-04-20,29.092938794594588
2015-04-21,28.40015664799292
2015-04-22,28.532010433067487
2015-04-23,29.184880976400283
2015-04-24,28.872090447626135
2015-04-27,28.893574495620676
2015-04-28,28.92442716329364
2015-04-29,28.79407756117829
2015-04-30,27.938446718500487
2015-05-01,29.11476559443892
2015-05-04,30.2618660646813
2015-05-05,31.116023403704236
2015-05-06,33.89815718705491
2015-05-07,33.11432142781875
2015-05-08,33.86577865198694
2015-05-11,33.11327410629199
2015-05-12,34.339500912660206
2015-05-13,32.72067580867481
2015-05-14,32.794442708932365
2015-05-15,31.498853151144512
2015-05-18,32.535882388381424
2015-05-19,33.263705966706446
2015-05-20,32.37002340989436
2015-05-21,31.79778120249925
2015-05-22,31.688395859989566
2015-05-26,31.900072009514755
2015-05-27,31.543640493289228
2015-05-28,30.47195503106747
2015-05-29,29.607854329018103
2015-06-01,29.848255773034353
2015-06-02,29.36223546029701
2015-06-03,29.46211781022277
2015-06-04,29.62843597014112
2015-06-05,28.96836387673529
2015-06-08,29.35258983463321
2015-06-09,28.589282567868977
2015-06-10,27.66048960491224
2015-06-11,28.048164396370506
2015-06-12,27.96743781995353
2015-06-15,27.940319492661985
2015-06-16,28.868451512883542
2015-06-17,29.72584146233149
2015-06-18,29.96219674518386
2015-06-19,30.662653894283476
2015-06-22,29.543301982721278
2015-06-23,29.661767444804827
2015-06-24,28.82387000155853
2015-06-25,26.76643479513396
2015-06-26,26.40209057914209
2015-06-29,26.451043449161155
2015-06-30,26.82186730505292
2015-07-01,26.928311885330697
2015-07-02,27.258937093088928
2015-07-06,26.576779941759295
2015-07-07,26.946088047696268
2015-07-08,27.207996093164912
2015-07-09,26.7855728221291
2015-07-10,27.658329530037353
2015-07-13,27.479845066312354
2015-07-14,28.430873901087207
2015-07-15,28.084371651471045
2015-07-16,28.85193066624459
2015-07-17,29.498714930791714
2015-07-20,28.301110902996363
2015-07-21,27.682609668113816
2015-07-22,28.00592661991144
2015-07-23,28.0749282849846
2015-07-24,27.94806556027972
2015-07-27,28.233684614032402
2015-07-28,27.881380277788733
2015-07-29,27.287482084224468
2015-07-30,27.07408408215841
2015-07-31,27.36750920193445
2015-08-03,27.292536550626714
2015-08-04,27.486712542996095
2015-08-05,27.16742824261264
2015-08-06,28.550199576222692
2015-08-07,27.738395576504644
2015-08-10,27.69590197072545
2015-08-11,27.282823501268172
2015-08-12,27.25536631328147
2015-08-13,26.44247570369638
2015-08-14,25.93225641148257
2015-08-17,25.341539105528437
2015-08-18,25.515144954728157
2015-08-19,25.434328809954533
2015-08-20,26.577511226889573
2015-08-21,25.8050080893593
2015-08-24,26.597893222285627
2015-08-25,27.266712425637696
2015-08-26,27.38043984629641
2015-08-27,28.192597218899646
2015-08-28,27.910920699739705
2015-08-31,27.99632761363956
2015-09-01,28.396632588308744
2015-09-02,29.29091868608546
2015-09-03,29.336735306523277
2015-09-04,29.76188737229064
2015-09-08,29.013514700365175
2015-09-09,28.85664079044694
2015-09-10,28.617988676087858
2015-09-11,28.91618368698358
2015-09-14,27.727052298337476
2015-09-15,28.47226492660058
2015-09-16,28.501360356331407
2015-09-17,28.609549083113738
2015-09-18,28.533013342783914
2015-09-21,27.27255426243842
2015-09-22,26.77772676972858
2015-09-23,27.506587379360443
2015-09-24,27.021244945302072
2015-09-25,25.513705359182644
2015-09-28,25.140073071532306
2015-09-29,24.337881696240444
2015-09-30,24.204893394668314
2015-10-01,24.000042514640867
2015-10-02,23.828383287009117
2015-10-05,23.634344586467947
2015-10-06,24.132542943457672
2015-10-07,23.045105383201335
2015-10-08,22.459553511537695
2015-10-09,22.39790251763794
2015-10-12,22.756609065515804
2015-10-13,23.18306370727018
2015-10-14,22.377850504928617
2015-10-15,22.153069500788934
2015-10-16,22.070021834893193
2015-10-19,22.83531764810574
2015-10-20,23.272291975059165
2015-10-21,23.398498667940395
2015-10-22,23.944521060499337
2015-10-23,22.802785001997556
2015-10-26,22.452573806357304
2015-10-27,22.917626210551074
2015-10-28,22.87058585464233
2015-10-29,22.86804778366544
2015-10-30,23.169963835953787
2015-11-02,24.07962485489423
2015-11-03,22.855125198040295
2015-11-04,22.94019277653126
2015-11-05,23.084344606277142
2015-11-06,23.91157788252753
2015-11-09,23.19190656849546
2015-11-10,22.074575549153245
2015-11-11,21.28178142967195
2015-11-12,21.899353646424423
2015-11-13,21.878154677815935
2015-11-16,22.568389791995365
2015-11-17,22.363456810030293
2015-11-18,24.039075781370105
2015-11-19,25.905095930973154
2015-11-20,25.5844862883142
2015-11-23,25.60456625009203
2015-11-24,25.749901057867227
2015-11-25,26.232644635322
2015-11-27,26.24877848016602
2015-11-30,25.85499521366068
2015-12-01,25.333985465366034
2015-12-02,24.921453495637785
2015-12-03,24.719541958687362
2015-12-04,25.30777675344907
2015-12-07,26.376413709401813
2015-12-08,24.821580059898043
2015-12-09,24.57027207260054
2015-12-10,24.124495243118993
2015-12-11,23.56641040201736
2015-12-14,24.973191910144518
2015-12-15,25.254702806884282
2015-12-16,24.890317317673578
2015-12-17,25.268311034517257
2015-12-18,25.044735540818746
2015-12-21,25.238521231331866
2015-12-22,25.868207632769014
2015-12-23,25.742460617358464
2015-12-24,26.344125467056635
2015-12-28,26.606208981703663
2015-12-29,25.909833573211706
2015-12-30,25.68764783252179
2015-12-31,26.68016591349271
2016-01-04,26.76466831511903
2016-01-05,27.916742827877197
2016-01-06,28.529777580763056
2016-01-07,29.041684656089263
2016-01-08,29.425743737451846
2016-01-11,28.514031384954823
2016-01-12,27.99143951412904
2016-01-13,28.01080199596088
2016-01-14,28.41055117962447
2016-01-15,27.70421610296493
2016-01-19,26.788349122101998
2016-01-20,27.432579849846842
2016-01-21,26.773476035408795
2016-01-22,25.899950211858318
2016-01-25,25.39079166531347
2016-01-26,24.6357951581682
2016-01-27,24.890375684176796
2016-01-28,25.01363869018482
2016-01-29,24.482456187124793
2016-02-01,24.63512069270544
2016-02-02,25.721254926368943
2016-02-03,25.298901141381062
2016-02-04,25.524172565956064
2016-02-05,24.574391257468996
2016-02-08,25.546514713946454
2016-02-09,25.87986949517452
2016-02-10,26.247204269744163
2016-02-11,25.794798568301044
2016-02-12,26.553419881261217
2016-02-16,27.17451206435032
2016-02-17,27.589664421492863
2016-02-18,27.80239214320925
2016-02-19,28.43620100428025
2016-02-22,29.870530257147827
2016-02-23,29.711213881977123
2016-02-24,29.40694595158401
2016-02-25,28.708085401494426
2016-02-26,27.22494400430309
2016-02-29,27.585963714656206
2016-03-01,28.157230552508654
2016-03-02,28.37496336457164
2016-03-03,27.975882360399837
2016-03-04,27.260795822640397
2016-03-07,27.592852507201556
2016-03-08,27.210300079704236
2016-03-09,26.672976198154803
2016-03-10,26.74806952094081
2016-03-11,25.975489215354806
2016-03-14,24.9624298861783
2016-03-15,25.790962352639756
2016-03-16,25.716245550600256
2016-03-17,26.22720378707748
2016-03-18,26.321328494040177
2016-03-21,25.55727686413291
2016-03-22,26.170920348899248
2016-03-23,25.17696897467016
2016-03-24,25.595573896971022
2016-03-28,25.85907416903875
2016-03-29,25.75951117298873
2016-03-30,25.719717582377555
2016-03-31,25.494443164482917
2016-04-01,26.01962592073625
2016-04-04,25.901024826418375
2016-04-05,26.574673111634038
2016-04-06,26.05986522338425
2016-04-07,25.619538914858357
2016-04-08,26.577825556289216
2016-04-11,26.09564978018798
2016-04-12,25.721823884440443
2016-04-13,26.075894015598887
2016-04-14,26.777379790709627
2016-04-15,27.03296321119047
2016-04-18,26.907225685640242
2016-04-19,26.52982665982083
2016-04-20,26.89169123651314
2016-04-21,26.00553930994846
2016-04-22,26.47810706363053
2016-04-25,27.210051978162138
2016-04-26,26.92951782405927
2016-04-27,27.203725852805366
2016-04-28,26.683708789297476
2016-04-29,27.545781829520536
2016-05-02,27.300959334467926
2016-05-03,28.1667100473929
2016-05-04,28.759843620815627
2016-05-05,28.887450534698516
2016-05-06,29.407820409871825
2016-05-09,29.471936933617414
2016-05-10,29.81382532363446
2016-05-11,29.22047718297101
2016-05-12,30.268302345124603
2016-05-13,30.677001829011665
2016-05-16,30.875825489879016
2016-05-17,31.811105789572274
2016-05-18,32.48183191444232
2016-05-19,32.76888291917771
2016-05-20,33.15397753626667
2016-05-23,32.74427123361074
2016-05-24,31.505242870398355
2016-05-25,32.540123905039934
2016-05-26,32.80716828054487
2016-05-27,32.675355074563036
2016-05-31,31.387512697368813
2016-06-01,30.648857078115373
2016-06-02,30.63143272177359
2016-06-03,30.628777606303338
2016-06-06,31.23653074164877
2016-06-07,31.68853927756733
2016-06-08,32.43958948820006
2016-06-09,32.719694291228606
2016-06-10,32.32378303732089
2016-06-13,32.70697428458452
2016-06-14,31.905477892759194
2016-06-15,31.429960713236113
2016-06-16,31.258496874977478
2016-06-17,32.011897422451796
2016-06-20,34.00853355904074
2016-06-21,34.0024655052844
2016-06-22,35.548663024079424
2016-06-23,36.4428361554824
2016-06-24,36.286419154814986
2016-06-27,35.981138207815945
2016-06-28,33.18165625869279
2016-06-29,32.698901903086735
2016-06-30,32.53181083340286
2016-07-01,32.59081365049899
2016-07-05,32.81200863566659
2016-07-06,32.85313314763942
2016-07-07,33.26672740983395
2016-07-08,34.44039413772499
2016-07-11,34.347235226137514
2016-07-12,33.44815233358141
2016-07-13,32.77005858582092
2016-07-14,33.48027612399039
2016-07-15,33.4452890925718
2016-07-18,33.81567751457752
2016-07-19,34.65355809878523
2016-07-20,34.9663698431326
2016-07-21,35.10536850585926
2016-07-22,33.551144644117905
2016-07-25,33.31848370751746
2016-07-26,33.50833504358523
2016-07-27,34.297210251047225
2016-07-28,34.71643782219174
2016-07-29,35.22281050720126
2016-08-01,37.01156312054376
2016-08-02,36.74707759269459
2016-08-03,36.219519970231225
2016-08-04,35.9653849658791
2016-08-05,34.781869661768475
2016-08-08,35.09317695114737
2016-08-09,35.80662948190174
2016-08-10,36.38784488299704
2016-08-11,36.28842640178404
2016-08-12,35.341607422373116
2016-08-15,33.543241299677355
2016-08-16,31.75891823797092
2016-08-17,31.54840430027038
2016-08-18,31.665361984270934
2016-08-19,32.844569192037916
2016-08-22,32.53104394501602
2016-08-23,32.78467537070131
2016-08-24,33.542933240537046
2016-08-25,34.101840505807125
2016-08-26,35.311838551744685
2016-08-29,35.04582482443577
2016-08-30,35.17605964624468
2016-08-31,36.123889801761244
2016-09-01,36.31590514519985
2016-09-02,36.4978785044934
2016-09-06,37.285983578843066
2016-09-07,36.85913548798214
2016-09-08,37.938020688179456
2016-09-09,39.034626638817485
2016-09-12,39.170679510646806
2016-09-13,37.64361348208156
2016-09-14,38.298779136573735
2016-09-15,38.517592752241384
2016-09-16,38.26889325780925
2016-09-19,37.33206649624228
2016-09-20,36.09582782452804
2016-09-21,36.46462502684085
2016-09-22,37.61350184690686
2016-09-23,37.90958643790354
2016-09-26,37.95782397819815
2016-09-27,36.308690860020924
2016-09-28,37.89765432076994
2016-09-29,38.76464987758962
2016-09-30,36.474162089375746
2016-10-03,37.18474566371596
2016-10-04,37.23574313756689
2016-10-05,37.16036617454586
2016-10-06,36.59841643351106
2016-10-07,36.01433335483742
2016-10-10,34.72632693928275
2016-10-11,34.98341834868958
2016-10-12,34.208837624487074
2016-10-13,33.94720445085854
2016-10-14,35.16244777037016
2016-10-17,35.67301743359719
2016-10-18,36.35966237807356
2016-10-19,35.47122536513177
2016-10-20,35.38207540186827
2016-10-21,34.946584036085014
2016-10-24,34.14364683693324
2016-10-25,34.85747406322015
2016-10-26,34.65503965322576
2016-10-27,35.48192920150985
2016-10-28,35.12093644407457
2016-10-31,34.53405564612828
2016-11-01,35.06204815311399
2016-11-02,34.778392610276576
2016-11-03,35.326949785473595
2016-11-04,35.437193411447595
2016-11-07,34.98404092024658
2016-11-08,35.6210910506649
2016-11-09,36.365075459703355
2016-11-10,36.33181234336224
2016-11-11,36.70663997427887
2016-11-14,36.30023698744127
2016-11-15,37.898060527766205
2016-11-16,38.756393568816776
2016-11-17,38.09637505541066
2016-11-18,39.23906810894606
2016-11-21,39.308019243989136
2016-11-22,37.88043662462772
2016-11-23,37.21585063390763
2016-11-25,36.7821479445256
2016-11-28,38.51871903110144
2016-11-29,39.325010046021504
2016-11-30,39.005171712218996
2016-12-01,38.24939758786898
2016-12-02,37.32606257675042
2016-12-05,38.749064380424755
2016-12-06,38.1327063700185
2016-12-07,38.65017885282594
2016-12-08,38.35501647592505
2016-12-09,38.149837539020595
2016-12-12,38.03566492336242
2016-12-13,37.71863795357158
2016-12-14,36.07293362492771
2016-12-15,35.58311151330967
2016-12-16,35.06717938684992
2016-12-19,35.54554851671921
2016-12-20,35.73493488271218
2016-12-21,35.16006525604091
2016-12-22,34.19561218560225
2016-12-23,35.19856874095553
2016-12-27,35.9896238779379
2016-12-28,36.52149853177086
2016-12-29,36.896786830217444
2016-12-30,36.97713322106119
2017-01-03,36.97821263245276
2017-01-04,37.64312122663487
2017-01-05,36.19765997847037
2017-01-06,35.297794986254836
2017-01-09,35.74797312247932
2017-01-10,37.27546411541362
2017-01-11,38.43514067263889
2017-01-12,38.992994525498005
2017-01-13,38.31991336366133
2017-01-17,37.575019221617175
2017-01-18,37.94056405365394
2017-01-19,37.10176502237569
2017-01-20,36.023887530672205
2017-01-23,36.25114247011253
2017-01-24,36.695573650130896
2017-01-25,36.414963622046635
2017-01-26,36.391982940268164
2017-01-27,36.02310450996372
2017-01-30,35.97327951840829
2017-01-31,36.49774140719643
2017-02-01,36.70247150789397
2017-02-02,37.66725837569878
2017-02-03,36.83400522959628
2017-02-06,36.58808842883334
2017-02-07,35.9231511338794
2017-02-08,36.30382771130671
2017-02-09,36.1526737556046
2017-02-10,36.727524894437856
2017-02-13,34.945837769330645
2017-02-14,35.60682953837527
2017-02-15,36.40769019986764
2017-02-16,35.77823298656252
2017-02-17,35.11754511277778
2017-02-21,34.77037427629344
2017-02-22,35.26332666946139
2017-02-23,35.18528794048479
2017-02-24,36.247789498467974
2017-02-27,36.42174976931921
2017-02-28,38.19513439493092
2017-03-01,37.21862032494987
2017-03-02,36.76325108413113
2017-03-03,36.28923017350021
2017-03-06,36.88835850325642
2017-03-07,38.800956359607554
2017-03-08,38.94036483023183
2017-03-09,39.82178728181821
2017-03-10,40.20538980918555
2017-03-13,39.551815036267456
2017-03-14,40.64716894734575
2017-03-15,38.98665774225933
2017-03-16,39.12895237786631
2017-03-17,39.77402449375291
2017-03-20,39.45880713264359
2017-03-21,38.777860499816114
2017-03-22,38.35059301318629
2017-03-23,37.54206495502256
2017-03-24,36.54563073073744
2017-03-27,37.22798867617246
2017-03-28,37.68507746258537
2017-03-29,37.80153391625197
2017-03-30,38.25953817385093
2017-03-31,38.111191868251424
2017-04-03,39.105186147289764
2017-04-04,37.76786412632735
2017-04-05,38.360288946732574
2017-04-06,38.97768261182934
2017-04-07,37.9067077807777
2017-04-10,37.577519908211116
2017-04-11,37.55009317298587
2017-04-12,37.18568399093434
2017-04-13,37.63249737465094
2017-04-17,38.347059217906036
2017-04-18,37.368476142806465
2017-04-19,37.9649960101269
2017-04-20,38.44637492085041
2017-04-21,37.33110530712569
2017-04-24,38.03822207744454
2017-04-25,39.12671679138056
2017-04-26,38.09507387540595
2017-04-27,38.55763696520601
2017-04-28,39.91629722489003
2017-05-01,39.23414125308332
2017-05-02,39.162850112318296
2017-05-03,40.151234468189074
2017-05-04,40.66369281994165
2017-05-05,38.463958220901034
2017-05-08,38.14421016416455
2017-05-09,37.29427361742234
2017-05-10,37.263004164824515
2017-05-11,37.66324776782301
2017-05-12,38.290786826193354
2017-05-15,37.933974319047884
2017-05-16,38.70447976808996
2017-05-17,37.84360640136367
2017-05-18,39.85776071213708
2017-05-19,38.908856158623166
2017-05-22,37.14811730663942
2017-05-23,38.35513076022427
2017-05-24,37.474818454473684
2017-05-25,37.45768696407783
2017-05-26,36.962869353962915
2017-05-30,36.53504000109706
2017-05-31,37.93699330307356
2017-06-01,38.69775050550529
2017-06-02,39.67091130570278
2017-06-05,38.39221443469473
2017-06-06,38.29489332959049
2017-06-07,37.91235022878977
2017-06-08,37.296293538694115
2017-06-09,37.37493605996708
2017-06-12,36.31397146187681
2017-06-13,36.18937156712963
2017-06-14,36.42793009861371
2017-06-15,36.69914774920964
2017-06-16,35.646044370571175
2017-06-19,34.07866450978665
2017-06-20,34.80133872946993
2017-06-21,35.46040326496273
2017-06-22,35.31667541288829
2017-06-23,35.89022429808564
2017-06-26,35.796791107794725
2017-06-27,36.847424425106865
2017-06-28,36.68561529333829
2017-06-29,36.42683614175843
2017-06-30,36.5563790432971
2017-07-03,36.30537699181601
2017-07-05,36.31483901214819
2017-07-06,36.01879177848038
2017-07-07,35.374589091733085
2017-07-10,34.65278627643484
2017-07-11,34.60242075235038
2017-07-12,35.7514369260903
2017-07-13,36.17031308839043
2017-07-14,37.70386816549898
2017-07-17,36.82546230714891
2017-07-18,36.978874241675996
2017-07-19,34.927055491385
2017-07-20,33.695385973792376
2017-07-21,35.351021312228944
2017-07-24,33.86940260884619
2017-07-25,33.04167713848521
2017-07-26,34.239675888137754
2017-07-27,35.44775094798643
2017-07-28,35.46899319635428
2017-07-31,35.70475924749342
2017-08-01,36.49515393277396
2017-08-02,36.76756711320201
2017-08-03,35.46238187188244
2017-08-04,34.841323405002726
2017-08-07,34.163043537813486
2017-08-08,33.73551891653746
2017-08-09,34.252838902821765
2017-08-10,32.01577851772883
2017-08-11,33.225399618445415
2017-08-14,32.706174703613904
2017-08-15,32.65897028599125
2017-08-16,32.883239270481184
2017-08-17,32.67400794495608
2017-08-18,32.328835181958674
2017-08-21,32.16832788430547
2017-08-22,31.87272261562432
2017-08-23,31.399815391034643
2017-08-24,30.90851133529982
2017-08-25,30.643087085761213
2017-08-28,30.88076256290495
2017-08-29,30.20440114517009
2017-08-30,29.459252267879975
2017-08-31,28.924499262738497
2017-09-01,28.040601732309494
2017-09-05,28.79869771360473
2017-09-06,28.587578315681764
2017-09-07,28.057256658213923
2017-09-08,28.896476285034595
2017-09-11,29.831439264676145
2017-09-12,29.38896582874283
2017-09-13,27.914204319994624
2017-09-14,28.032957999139104
2017-09-15,26.966596795756075
2017-09-18,27.765928373717546
2017-09-19,28.772593986268163
2017-09-20,27.398429345923283
2017-09-21,26.092410065976964
2017-09-22,26.53647747238558
2017-09-25,25.97112882660113
2017-09-26,25.54559567044678
2017-09-27,25.253010685931088
2017-09-28,25.641398438484103
2017-09-29,26.006880866426794
2017-10-02,26.14045199083987
2017-10-03,27.13519786086322
2017-10-04,25.83546297714971
2017-10-05,26.633585116764536
2017-10-06,27.72972633311014
2017-10-09,28.15195881437058
2017-10-10,28.92583692647801
2017-10-11,28.93610612678439
2017-10-12,28.208242681428025
2017-10-13,29.881319675732488
2017-10-16,29.793888556282877
2017-10-17,30.503099468668008
2017-10-18,30.800778722399045
2017-10-19,31.33947627436683
2017-10-20,30.97436203077687
2017-10-23,29.834357170887834
2017-10-24,29.507147751473525
2017-10-25,28.38181075162163
2017-10-26,29.48756174516346
2017-10-27,29.99540510707364
2017-10-30,29.13445549044277
2017-10-31,29.343392393008973
2017-11-01,29.245576299342073
2017-11-02,29.731825891843744
2017-11-03,29.803086528021243
2017-11-06,29.55852450055526
2017-11-07,30.83394013454513
2017-11-08,31.396355559052953
2017-11-09,32.73341276061389
2017-11-10,32.72239594909402
2017-11-13,32.6755970608119
2017-11-14,33.22032667287572
2017-11-15,33.732448163820514
2017-11-16,32.45711160354187
2017-11-17,32.72950990530273
2017-11-20,33.1961764311661
2017-11-21,34.825216951734916
2017-11-22,34.878839226090115
2017-11-24,36.05625549151823
2017-11-27,35.51695514789902
2017-11-28,36.18448233690541
2017-11-29,36.69584395127491
2017-11-30,36.969643009665816
2017-12-01,36.87339766875101
2017-12-04,36.5878989394491
2017-12-05,37.29359310979513
2017-12-06,38.13333842245903
2017-12-07,37.43704271897445
2017-12-08,36.27587359212297
2017-12-11,35.89998447811168
2017-12-12,35.49863798989244
2017-12-13,34.121628036677656
2017-12-14,35.51553545631616
2017-12-15,34.18874019498026
2017-12-18,34.79197249598116
2017-12-19,35.12276485384713
2017-12-20,35.22710135664776
2017-12-21,35.92040466972582
2017-12-22,35.628296477699195
2017-12-26,35.49699148062606
2017-12-27,36.720796593322916
2017-12-28,36.57822502726506
2017-12-29,34.902317837181336
2018-01-02,34.43508273346937
2018-01-03,34.813154898853895
2018-01-04,33.968581636857046
2018-01-05,33.61546489382416
2018-01-08,33.16509371590202
2018-01-09,31.892724621518106
2018-01-10,31.97112681866767
2018-01-11,31.933930911687305
2018-01-12,31.729119437294763
2018-01-16,32.656855447192385
2018-01-17,33.60933944408986
2018-01-18,33.83434296348155
2018-01-19,34.38411298144656
2018-01-22,33.49960576037797
2018-01-23,32.54156548457641
2018-01-24,32.065502694004934
2018-01-25,32.62133872872333
2018-01-26,31.466307398400172
2018-01-29,31.541413768948807
2018-01-30,33.11627565841794
2018-01-31,33.66944102116734
2018-02-01,34.56677780247745
2018-02-02,34.10062875399521
2018-02-05,34.20138573943747
2018-02-06,35.42924886775139
2018-02-07,35.651008251876334
2018-02-08,35.806319365028095
2018-02-09,35.77162460826899
2018-02-12,35.379345953652695
2018-02-13,34.743052967768314
2018-02-14,35.04217087998648
2018-02-15,34.333048954119704
2018-02-16,33.40491916694567
2018-02-20,32.14781776912718
2018-02-21,31.205149505150853
2018-02-22,32.432960016761555
2018-02-23,32.93870653591997
2018-02-26,32.09494102357469
2018-02-27,31.95934061898974
2018-02-28,31.13588568367889
2018-03-01,31.962546309676448
2018-03-02,32.82906917256101
2018-03-05,32.13536669080421
2018-03-06,31.180642965216855
2018-03-07,31.190767440154335
2018-03-08,31.108427223544396
2018-03-09,31.613068681099058
2018-03-12,33.41293633374646
2018-03-13,33.67807084739454
2018-03-14,34.07832743924594
2018-03-15,33.962615169232606
2018-03-16,33.13747984897797
2018-03-19,33.24058457479799
2018-03-20,33.52744900508929
2018-03-21,33.162575469519886
2018-03-22,32.65437226582627
2018-03-23,31.0783303664912
2018-03-26,31.166259169648015
2018-03-27,31.219379801618704
2018-03-28,31.309258443610798
2018-03-29,31.718221120798386
2018-04-02,31.78880268412097
2018-04-03,31.919724499453977
2018-04-04,31.636864352154472
2018-04-05,31.501023406449473
2018-04-06,31.633189495009184
2018-04-09,31.83197978372237
2018-04-10,32.63820348506505
2018-04-11,34.269810248748115
2018-04-12,34.090867995477126
2018-04-13,33.359792363182684
2018-04-16,33.32854136347574
2018-04-17,32.521581072776115
2018-04-18,33.33972469579425
2018-04-19,32.733320517868705
2018-04-20,32.08956463108517
2018-04-23,32.6994891437889
2018-04-24,32.85070374398019
2018-04-25,33.20968612299347
2018-04-26,33.04500342918738
2018-04-27,33.715878293189554
2018-04-30,33.56359781959278
2018-05-01,33.654521036082876
2018-05-02,34.707891373036986
2018-05-03,34.62209802847646
2018-05-04,34.8600204323086
2018-05-07,34.31364586573539
2018-05-08,35.85196538176823
2018-05-09,34.291370070347256
2018-05-10,35.153493869901844
2018-05-11,35.56813048758938
2018-05-14,35.04927217719932
2018-05-15,36.54574804454449
2018-05-16,37.49156816975965
2018-05-17,36.35916777249158
2018-05-18,34.548720720688586
2018-05-21,34.45279763778301
2018-05-22,32.89827280648317
2018-05-23,34.79177007074742
2018-05-24,35.5225374791137
2018-05-25,35.51300543266087
2018-05-29,34.18626265914491
2018-05-30,34.45761971190509
2018-05-31,34.550990148733526
2018-06-01,35.710338968589
2018-06-04,35.1712960804946
2018-06-05,35.163849463440485
2018-06-06,34.30974971432321
2018-06-07,34.33794668319463
2018-06-08,33.60830638463622
2018-06-11,33.10461288431005
2018-06-12,32.35990192158863
2018-06-13,32.659421046077426
2018-06-14,32.56275579206308
2018-06-15,31.877478190855594
2018-06-18,31.367112935108462
2018-06-19,31.26532021908248
2018-06-20,31.579422725690414
2018-06-21,32.70930758421664
2018-06-22,31.78765573653704
2018-06-25,32.58131353381139
2018-06-26,32.7614588602273
2018-06-27,32.337394070082944
2018-06-28,32.20060266877141
2018-06-29,30.73117435412335
2018-07-02,30.422754549158302
2018-07-03,29.615421417867914
2018-07-05,30.263890065224924
2018-07-06,29.57413090679838
2018-07-09,28.373369648487888
2018-07-10,28.428170143256718
2018-07-11,28.197558071696157
2018-07-12,28.073882665874105
2018-07-13,28.002066185990728
2018-07-16,28.72603198331573
2018-07-17,29.026160608228935
2018-07-18,28.36399241880627
2018-07-19,29.10010416492657
2018-07-20,30.36263233465341
2018-07-23,30.211913514187792
2018-07-24,30.322909821850565
2018-07-25,30.20033589062879
2018-07-26,30.208902275255333
2018-07-27,27.897269156141878
2018-07-30,29.963371911393157
2018-07-31,31.257502543040953
2018-08-01,31.39314072083241
2018-08-02,30.178040139015494
2018-08-03,30.5045998030868
2018-08-06,30.400299672902413
2018-08-07,29.50791053073641
2018-08-08,29.20959776433918
2018-08-09,29.179354948483727
2018-08-10,29.34687064258779
2018-08-13,30.032500152860354
2018-08-14,29.154745364524064
2018-08-15,28.43748386151649
2018-08-16,27.825918164072505
2018-08-17,27.785050227272254
2018-08-20,27.872465201409753
2018-08-21,28.117140766365402
2018-08-22,29.42804441291102
2018-08-23,30.432410132704366
2018-08-24,29.430248454401255
2018-08-27,29.301527917445554
2018-08-28,28.883399126514522
2018-08-29,30.503239399865464
2018-08-30,30.345323751643384
2018-08-31,29.997577790050865
2018-09-04,29.678889819588797
2018-09-05,31.109190479958393
2018-09-06,31.060325002481598
2018-09-07,30.5989713894528
2018-09-10,29.58151230056869
2018-09-11,30.198219195811905
2018-09-12,28.836224931983022
2018-09-13,28.43652482532528
2018-09-14,29.167302619602605
2018-09-17,27.63249234305322
2018-09-18,27.622306879330484
2018-09-19,27.68637642301096
2018-09-20,27.50786916811887
2018-09-21,29.296843644773983
2018-09-24,30.14578069745615
2018-09-25,29.949176539894392
2018-09-26,30.68228330632488
2018-09-27,29.90841148186558
2018-09-28,30.70822608572765
2018-10-01,31.894704466284992
2018-10-02,32.18562745205073
2018-10-03,31.911553270182104
2018-10-04,31.422783478831366
2018-10-05,31.7550520537826
2018-10-08,32.953877146765485
2018-10-09,33.29509922645803
2018-10-10,34.26187333149953
2018-10-11,32.689512101170386
2018-10-12,30.785749054014158
2018-10-15,31.85096475391616
2018-10-16,31.200093438502172
2018-10-17,31.538960865220062
2018-10-18,32.19436410930702
2018-10-19,31.745670370117264
2018-10-22,33.9414244960163
2018-10-23,35.214362280707526
2018-10-24,33.50698860667621
2018-10-25,33.17297357873343
2018-10-26,32.18205169811135
2018-10-29,33.235662766661385
2018-10-30,31.548427272480527
2018-10-31,32.071811864554
2018-11-01,33.488747097540355
2018-11-02,32.740422021798906
2018-11-05,32.086258870879256
2018-11-06,31.250009322967728
2018-11-07,31.918446935742736
2018-11-08,32.97794028883696
2018-11-09,31.952905410703924
2018-11-12,32.343931413248036
2018-11-13,32.15657068903985
2018-11-14,32.04582234565601
2018-11-15,31.64961163916427
2018-11-16,31.459406715455113
2018-11-19,31.35788283298084
2018-11-20,31.264247015653094
2018-11-21,32.19733235806759
2018-11-23,33.24961260043136
2018-11-26,31.143344516470535
2018-11-27,30.90214654383
2018-11-28,31.62908199990065
2018-11-29,32.39819485417385
2018-11-30,31.998033324438445
2018-12-03,32.54548029287546
2018-12-04,32.43302183936257
2018-12-06,31.454458514921505
2018-12-07,31.60790543094804
2018-12-10,31.22223857546808
2018-12-11,30.313360210589046
2018-12-12,28.581450539696604
2018-12-13,28.79003819707335
2018-12-14,27.676915976319393
2018-12-17,27.07156375506012
2018-12-18,26.762279971804862
2018-12-19,27.006384220233123
2018-12-20,25.578906787988977
2018-12-21,26.952535237554596
2018-12-24,27.814150116908408
2018-12-26,27.86130244424439
2018-12-27,27.820387021306935
2018-12-28,27.88332995367193
2018-12-31,26.887863456044965
2019-01-02,26.567909669491122
2019-01-03,26.40089805686297
2019-01-04,27.13837286332561
2019-01-07,27.58307908192283
2019-01-08,27.957738873936705
2019-01-09,28.561075054908628
2019-01-10,28.165287645397807
2019-01-11,28.33713499655202
2019-01-14,28.436070212421832
2019-01-15,29.05264626804046
2019-01-16,29.33493165583421
2019-01-17,30.264101099368343
2019-01-18,30.43821024840929
2019-01-22,31.862181772197445
2019-01-23,31.463912719389448
2019-01-24,30.92430737699132
2019-01-25,31.635543893114686
2019-01-28,32.09532551694706
2019-01-29,31.48051627447395
2019-01-30,31.47908847626196
2019-01-31,29.43574559513682
2019-02-01,30.610658593973444
2019-02-04,30.02460677919749
2019-02-05,29.571406112111024
2019-02-06,28.936668375534097
2019-02-07,28.082124408675362
2019-02-08,27.433630227213563
2019-02-11,27.351451416006743
2019-02-12,27.51204270983102
2019-02-13,28.450720868608265
2019-02-14,27.827896672696504
2019-02-15,28.220984575418175
2019-02-19,29.31350733028278
2019-02-20,30.43170963433352
2019-02-21,30.834937875422458
2019-02-22,29.83245167060042
2019-02-25,31.128136069537206
2019-02-26,31.498520425965346
2019-02-27,30.354377171003
2019-02-28,30.617163920110574
2019-03-01,29.331808729712108
2019-03-04,29.67372558887645
2019-03-05,32.02601944451752
2019-03-06,30.795023938185132
2019-03-07,32.2722428091119
2019-03-08,30.355094516371945
2019-03-11,31.247843069981123
2019-03-12,31.562242989116754
2019-03-13,32.062213709722755
2019-03-14,32.30245191552554
2019-03-15,31.8683183780029
2019-03-18,32.78590267496623
2019-03-19,33.888677840176555
2019-03-20,34.545997206416814
2019-03-21,34.030962064591876
2019-03-22,33.09625199061659
2019-03-25,33.3671040803231
2019-03-26,33.241508116115305
2019-03-27,35.218826252468396
2019-03-28,35.4244512556688
2019-03-29,35.3301677509785
2019-04-01,36.14401377946639
2019-04-02,37.39823072648925
2019-04-03,38.35676623685702
2019-04-04,36.82755497754499
2019-04-05,37.88128686023483
2019-04-08,37.672615709226044
2019-04-09,37.50366738430714
2019-04-10,36.34245326024859
2019-04-11,37.69282105328287
2019-04-12,37.70942568729588
2019-04-15,38.63732313054772
2019-04-16,39.038396202286854
2019-04-17,38.93409199427435
2019-04-18,38.9807265513463
2019-04-22,39.703531736694885
2019-04-23,40.87489057780174
2019-04-24,40.3878567297828
2019-04-25,41.56457621281496
2019-04-26,41.10140032290704
2019-04-29,41.31311828847598
2019-04-30,40.31904886062094
2019-05-01,39.87565433510009
2019-05-02,38.98979938425093
2019-05-03,38.63036348380665
2019-05-06,39.73175795684364
2019-05-07,40.28962574443408
2019-05-08,41.13349462808798
2019-05-09,43.47590838873127
2019-05-10,44.84339818479331
2019-05-13,43.81216978739833
2019-05-14,43.18516935520531
2019-05-15,43.41117493266557
2019-05-16,43.26936519732413
2019-05-17,44.355129477937844
2019-05-20,44.688591973963014
2019-05-21,42.413650183383126
2019-05-22,42.91352544085781
2019-05-23,43.465374332995104
2019-05-24,43.76520335041313
2019-05-28,44.18576352633921
2019-05-29,46.70753262032308
2019-05-30,49.354119348292066
2019-05-31,48.512208773599156
2019-06-03,48.7454660198669
2019-06-04,48.703420531852174
2019-06-05,48.862182333035804
2019-06-06,50.16321743755999
2019-06-07,50.37271500416415
2019-06-10,49.1751681692234
2019-06-11,48.58960893439535
2019-06-12,48.49725120998924
2019-06-13,47.485563551301205
2019-06-14,46.34158752198461
2019-06-17,48.58050211742949
2019-06-18,46.903558408542054
2019-06-19,47.17302008741565
2019-06-20,47.583795332981346
2019-06-21,45.99441655048419
2019-06-24,47.4032199200414
2019-06-25,49.088642758983006
2019-06-26,47.58171056858262
2019-06-27,48.0954939752105
2019-06-28,49.74251959348314
2019-07-01,48.552987994505244
2019-07-02,47.771750864861026
2019-07-03,48.237978645673955
2019-07-05,47.19320239000714
2019-07-08,46.07991008621842
2019-07-09,44.530095775232006
2019-07-10,44.6548503013614
2019-07-11,45.230060389093374
2019-07-12,42.43764891655613
2019-07-15,41.31242015032555
2019-07-16,42.64456266320763
2019-07-17,42.42852170894342
2019-07-18,42.09766049902859
2019-07-19,40.7863471016841
2019-07-22,41.58996153063526
2019-07-23,42.18518676923703
2019-07-24,43.24234715897026
2019-07-25,43.2749687234368
2019-07-26,43.40930530135032
2019-07-29,43.14913691440615
2019-07-30,42.8960351166426
2019-07-31,41.55637877790861
2019-08-01,40.883291943468144
2019-08-02,41.62847592465969
2019-08-05,42.278102094927846
2019-08-06,40.82747007090819
2019-08-07,42.57991035212407
2019-08-08,42.698585544779505
2019-08-09,43.46307824647339
2019-08-12,43.736108179907056
2019-08-13,42.905503819447716
2019-08-14,43.20571512020377
2019-08-15,42.093213369264696
2019-08-16,43.148709092792956
2019-08-19,42.53598214078606
2019-08-20,42.85412011002419
2019-08-21,43.33858197085905
2019-08-22,43.32645316887818
2019-08-23,42.43735831617909
2019-08-26,43.56525421996949
2019-08-27,42.83590314513995
2019-08-28,44.450937332107905
2019-08-29,47.28884267316344
2019-08-30,47.18350891014835
2019-09-03,43.874586519403486
2019-09-04,43.382109139788625
2019-09-05,43.438618175737425
2019-09-06,44.071332370655405
2019-09-09,43.72206967247264
2019-09-10,43.55438852383775
2019-09-11,44.08135567529325
2019-09-12,43.07385052457626
2019-09-13,44.846220476607655
2019-09-16,45.08775291789615
2019-09-17,44.700171798715616
2019-09-18,42.119765790181994
2019-09-19,42.124485977596606
2019-09-20,43.986672738579315
2019-09-23,42.98594144862217
2019-09-24,44.41993690988922
2019-09-25,44.04273743603766
2019-09-26,44.207883773359704
2019-09-27,45.39568731947939
2019-09-30,45.87483232155238
2019-10-01,44.978787792540196
2019-10-02,43.82285812117558
2019-10-03,43.863797782244426
2019-10-04,41.32631464568964
2019-10-07,40.9591886998318
2019-10-08,42.90322064778861
2019-10-09,42.79246022445778
2019-10-10,41.83506678955727
2019-10-11,40.19144409571335
2019-10-14,39.55282340951388
2019-10-15,39.91133536942974
2019-10-16,39.20885881868006
2019-10-17,39.06240266317043
2019-10-18,38.53560846491531
2019-10-21,37.92953271640269
2019-10-22,37.74243164561205
2019-10-23,38.30388433138583
2019-10-24,38.87828091577081
2019-10-25,37.73331123664963
2019-10-28,38.394538447458785
2019-10-29,36.47988296601335
2019-10-30,35.87026504098599
2019-10-31,36.48777536856606
2019-11-01,35.33573751036752
2019-11-04,35.944887279212374
2019-11-05,37.272392579865055
2019-11-06,36.53314847766118
2019-11-07,35.01914720328548
2019-11-08,35.19397269797913
2019-11-11,34.89345997076008
2019-11-12,34.16021439254317
2019-11-13,33.0806190459996
2019-11-14,33.58929764843175
2019-11-15,32.662566669801805
2019-11-18,33.24858604821385
2019-11-19,32.937510738921254
2019-11-20,32.179065223266264
2019-11-21,32.583446099691855
2019-11-22,32.74099217378423
2019-11-25,33.67676396358536
2019-11-26,34.24629108459457
2019-11-27,33.65389062034651
2019-11-29,33.58945316330507
2019-12-02,33.695337410375124
2019-12-03,33.0183220874495
2019-12-04,33.117763142493786
2019-12-05,32.56480987610355
2019-12-06,33.42204455036379
2019-12-09,34.50026212810043
2019-12-10,36.89694922283602
2019-12-11,36.26518741078803
2019-12-12,37.493796044710905
2019-12-13,38.15991489235424
2019-12-16,38.55659856534784
2019-12-17,38.07324097573746
2019-12-18,37.82188861209456
2019-12-19,38.165868286298036
2019-12-20,39.29528063297173
2019-12-23,38.36726132304634
2019-12-24,39.858103849483726
2019-12-26,39.74342073805182
2019-12-27,37.15495856802882
2019-12-30,38.69710879731596
2019-12-31,36.10249335418401
2020-01-02,34.761594585335644
2020-01-03,32.26527705766069
2020-01-06,30.02331236847127
2020-01-07,30.101139272026963
2020-01-08,29.475724120241388
2020-01-09,29.893575243549357
2020-01-10,31.051127261457946
2020-01-13,31.38662187242054
2020-01-14,31.62659932276927
2020-01-15,32.40536714735744
2020-01-16,33.24122914313032
2020-01-17,32.486406033244165
2020-01-21,32.69912803686067
2020-01-22,32.76244978679302
2020-01-23,34.135970017482045
2020-01-24,35.11168719772475
2020-01-27,35.865479063963406
2020-01-28,36.489732902701725
2020-01-29,37.44622825395707
2020-01-30,37.80984183703501
2020-01-31,38.83727007633418
2020-02-03,39.40510135090923
2020-02-04,38.39069540311534
2020-02-05,38.30660639427238
2020-02-06,36.48646825221167
2020-02-07,35.553370207374215
2020-02-10,35.35763225867536
2020-02-11,34.23722650881285
2020-02-12,33.886167049040075
2020-02-13,35.266387184727186
2020-02-14,34.71653655547935
2020-02-18,35.01354680537737
2020-02-19,33.943771361483925
2020-02-20,34.52720317066021
2020-02-21,34.866381940706155
2020-02-24,32.83223355474247
2020-02-25,31.69468211521358
2020-02-26,29.7433666809711
2020-02-27,29.592583839784016
2020-02-28,28.345705021252645
2020-03-02,26.50768409415263
2020-03-03,26.323504018536717
2020-03-04,25.883931344535345
2020-03-05,26.090017807276368
2020-03-06,26.815166106472418
2020-03-09,26.519920449329756
2020-03-10,24.45053724636025
2020-03-11,24.49689849869061
2020-03-12,23.34895479431164
2020-03-13,23.313256583195304
2020-03-16,22.867203946857646
2020-03-17,22.271194320639125
2020-03-18,23.0951547424403
2020-03-19,22.188159779955782
2020-03-20,22.27848908458347
2020-03-23,22.937556167593648
2020-03-24,23.11489327074594
2020-03-25,23.59656785827388
2020-03-26,23.751347739283695
2020-03-27,24.635676927561402
2020-03-30,25.336590149866367
2020-03-31,25.846375430773055
2020-04-01,24.78643044998341
2020-04-02,25.420106631243666
2020-04-03,25.498457404443265
2020-04-06,25.085154583835354
2020-04-07,25.393584808842093
2020-04-08,25.80451511512977
2020-04-09,25.234300385319386
2020-04-13,25.258727547320365
2020-04-14,25.753743797089623
2020-04-15,25.66020427616503
2020-04-16,25.2550938406313
2020-04-17,24.578489093300526
2020-04-20,23.569469117813654
2020-04-21,23.774917943824637
2020-04-22,23.092818785917327
2020-04-23,23.116472784330476
2020-04-24,22.783291893372173
2020-04-27,22.055275208926506
2020-04-28,21.622984743816414
2020-04-29,21.369980885703537
2020-04-30,21.97045194007647
2020-05-01,21.44688610518837
2020-05-04,22.010498345014444
2020-05-05,21.86209228013
2020-05-06,23.223372536333812
2020-05-07,23.113905336773513
2020-05-08,23.58601912847114
2020-05-11,23.128254129483448
2020-05-12,22.303326787167265
2020-05-13,22.583126827386746
2020-05-14,22.828309662781262
2020-05-15,22.964026542723143
2020-05-18,23.76217153798548
2020-05-19,23.230622432615547
2020-05-20,23.5832514629245
2020-05-21,23.201915168159516
2020-05-22,23.694409150678315
2020-05-26,24.360810563375562
2020-05-27,24.99260463333931
2020-05-28,24.582660982938794
2020-05-29,23.31762631100626
2020-06-01,22.054688499236846
2020-06-02,21.4480869497425
2020-06-03,21.184816487087392
2020-06-04,21.212900452970885
2020-06-05,20.26208477775699
2020-06-08,20.834398621395717
2020-06-09,20.74044919106147
2020-06-10,21.51197074602023
2020-06-11,21.535142694683437
2020-06-12,21.123863478845372
2020-06-15,21.12755070402832
2020-06-16,19.86981191641009
2020-06-17,19.63956545107809
2020-06-18,19.487159144913907
2020-06-19,19.929771861518773
2020-06-22,20.47188279239341
2020-06-23,19.01811056712686
2020-06-24,18.87576037740833
2020-06-25,18.89264902392693
2020-06-26,18.27601520147784
2020-06-29,18.038617156458233
2020-06-30,17.931576689733422
2020-07-01,17.091369871583932
2020-07-02,16.655855759558932
2020-07-06,16.929575838374152
2020-07-07,17.94262580005917
2020-07-08,17.538971816367532
2020-07-09,17.267301447570095
2020-07-10,16.970208237858515
2020-07-13,17.50142376629352
2020-07-14,17.57661887683006
2020-07-15,18.244438729518862
2020-07-16,17.854824515529046
2020-07-17,17.59810033058547
2020-07-20,17.31043283833482
2020-07-21,17.458701889832053
2020-07-22,16.503203048434333
2020-07-23,16.77007005152949
2020-07-24,17.54649727008571
2020-07-27,18.005486637632675
2020-07-28,18.00480493251306
2020-07-29,18.15960468723666
2020-07-30,19.060520264372272
2020-07-31,20.070018759451543
2020-08-03,20.24167904154359
2020-08-04,19.101434940233037
2020-08-05,19.49677027000822
2020-08-06,19.497047949323477
2020-08-07,19.466336733416135
2020-08-10,19.75898419383989
2020-08-11,19.581048523158238
2020-08-12,20.57356967077627
2020-08-13,20.67259364894919
2020-08-14,20.22949366930521
2020-08-17,20.517977334394274
2020-08-18,21.463450559382235
2020-08-19,21.424795026655634
2020-08-20,21.63545655132437
2020-08-21,21.657190552066403
2020-08-24,21.74846655790502
2020-08-25,21.97561035868391
2020-08-26,21.526185935007632
2020-08-27,21.367992112068755
2020-08-28,22.704320045306314
2020-08-31,23.33279259014475
2020-09-01,23.322340265606638
2020-09-02,22.205426241941456
2020-09-03,21.616678674588968
2020-09-04,20.61474185592988
2020-09-08,20.36404277491641
2020-09-09,20.929829825626538
2020-09-10,20.313235715236928
2020-09-11,20.601357241659624
2020-09-14,21.170169299925355
2020-09-15,21.486728504179393
2020-09-16,21.591831109368144
2020-09-17,21.74543459043326
2020-09-18,22.387343170037926
2020-09-21,21.97007562695661
2020-09-22,20.85936257951269
2020-09-23,20.171027488960632
2020-09-24,19.674785016773736
2020-09-25,19.396862368266902
2020-09-28,19.27903161634051
2020-09-29,20.46463601193565
2020-09-30,20.971132672559683
2020-10-01,21.307350637676727
2020-10-02,21.823884619728712
2020-10-05,21.532606770232803
2020-10-06,21.26045063599626
2020-10-07,21.949420933370916
2020-10-08,21.81909037656873
2020-10-09,21.869546164893077
2020-10-12,21.397099413334683
2020-10-13,20.445417787498712
2020-10-14,20.768533712949953
2020-10-15,21.018294684421978
2020-10-16,21.892969548522732
2020-10-19,21.207952752685475
2020-10-20,21.904491178070472
2020-10-21,21.002921674135145
2020-10-22,21.979738426315834
2020-10-23,22.091111453841886
2020-10-26,22.606643632380152
2020-10-27,22.706276165977545
2020-10-28,22.07494306002249
2020-10-29,21.365456236226592
2020-10-30,20.60392033247814
2020-11-02,19.629272229954424
2020-11-03,20.822747978845506
2020-11-04,20.17202835485529
2020-11-05,21.310166030898596
2020-11-06,21.671629250165694
2020-11-09,21.704620680792594
2020-11-10,20.472341331572515
2020-11-11,20.91982377492449
2020-11-12,21.635135948675973
2020-11-13,22.02885400352427
2020-11-16,21.76727917069896
2020-11-17,20.566322815314052
2020-11-18,19.69120574050468
2020-11-19,19.622042578959206
2020-11-20,19.30817872925099
2020-11-23,19.54136541930459
2020-11-24,19.764696956519668
2020-11-25,20.798321557888947
2020-11-27,20.50815452885336
2020-11-30,20.386284074759157
2020-12-01,21.089026467461622
2020-12-02,20.58540275273895
2020-12-03,20.672673682959385
2020-12-04,20.02458330506336
2020-12-07,20.217195653643493
2020-12-08,19.78532799304877
2020-12-09,19.54099697455776
2020-12-10,19.587061700308926
2020-12-11,20.090654364395323
2020-12-14,20.553469739492503
2020-12-15,19.969042387576593
2020-12-16,20.293407403938257
2020-12-17,20.014087742799546
2020-12-18,19.986255487198573
2020-12-21,19.92992691308507
2020-12-22,19.542664702380677
2020-12-23,19.200641072978186
2020-12-24,20.612829480012525
2020-12-28,20.70521261321234
2020-12-29,20.328800411433544
2020-12-30,20.360274637643027
2020-12-31,20.641690290533205
2021-01-04,21.430714740097496
2021-01-05,20.7609947077753
2021-01-06,20.45601273322196
2021-01-07,19.27366647073123
2021-01-08,20.159595705796942
2021-01-11,20.990820323395493
2021-01-12,21.106208527823753
2021-01-13,20.179850336397212
2021-01-14,19.41679189617214
2021-01-15,19.650127008329672
2021-01-19,19.7882710968263
2021-01-20,19.906162169576923
2021-01-21,19.723188463840643
2021-01-22,20.00237421679905
2021-01-25,20.49713436062822
2021-01-26,20.521368944348385
2021-01-27,20.249825785936878
2021-01-28,20.20259554804265
2021-01-29,19.960703661171124
2021-02-01,19.24294516026846
2021-02-02,19.18848375787597
2021-02-03,18.67868761339832
2021-02-04,18.468504554718272
2021-02-05,18.304317584490764
2021-02-08,17.958439002935847
2021-02-09,17.652838907317193
2021-02-10,18.287589731243255
2021-02-11,18.628530148594056
2021-02-12,18.31443919131212
2021-02-16,18.689235943582954
2021-02-17,19.492354470295655
2021-02-18,19.25235194693208
2021-02-19,19.98597676237983
2021-02-22,19.808699953099783
2021-02-23,20.724159606615867
2021-02-24,21.157938463624603
2021-02-25,21.45049868900501
2021-02-26,21.212456301598383
2021-03-01,21.027979754641027
2021-03-02,20.665431958913736
2021-03-03,19.668373425697244
2021-03-04,20.41006512860654
2021-03-05,19.953033661982424
2021-03-08,20.435674259922994
2021-03-09,20.449241208456176
2021-03-10,20.578641099870786
2021-03-11,19.38346326749444
2021-03-12,19.31114845481001
2021-03-15,18.79570666546602
2021-03-16,19.496078950283326
2021-03-17,19.253757666024594
2021-03-18,19.083412977058444
2021-03-19,18.801327916499964
2021-03-22,19.689378203320395
2021-03-23,20.044149915309514
2021-03-24,19.711743140124614
2021-03-25,18.634519678936794
2021-03-26,18.903418248059296
2021-03-29,18.6019061331229
2021-03-30,17.77564307305999
2021-03-31,18.046631722843284
2021-04-01,18.038036674442615
2021-04-05,18.162048618875232
2021-04-06,18.26570103788352
2021-04-07,18.384638179552088
2021-04-08,18.817605276300164
2021-04-09,18.82273993812499
2021-04-12,18.772270249290674
2021-04-13,18.130785306706034
2021-04-14,18.75114370054944
2021-04-15,18.298626075011224
2021-04-16,19.307918761078465
2021-04-19,19.26832872865598
2021-04-20,18.47568021966738
2021-04-21,18.530404013358343
2021-04-22,18.318988827646276
2021-04-23,18.040511691027348
2021-04-26,17.703160716884167
2021-04-27,17.20411371422884
2021-04-28,18.074913437524785
2021-04-29,17.842822624606853
2021-04-30,18.3138264875109
2021-05-03,16.92030083944365
2021-05-04,17.470249065461523
2021-05-05,17.805730568870842
2021-05-06,18.287197256283502
2021-05-07,17.913002138317868
2021-05-10,17.844787975808412
2021-05-11,17.369526327684163
2021-05-12,16.927843997137064
2021-05-13,17.11841407038365
2021-05-14,17.523371045083977
2021-05-17,18.32455453622024
2021-05-18,19.00367932607759
2021-05-19,19.69975735485886
2021-05-20,19.440410152951998
2021-05-21,18.762367251141196
2021-05-24,17.679673830653794
2021-05-25,17.9222046757505
2021-05-26,17.417130002086026
2021-05-27,17.326511669474765
2021-05-28,16.737158052594733
2021-06-01,16.838313706949464
2021-06-02,16.547916701887008
2021-06-03,16.625619555744663
2021-06-04,16.318876582292003
2021-06-07,16.600027989130652
2021-06-08,15.74349340625446
2021-06-09,15.381072474381721
2021-06-10,15.408994469769327
2021-06-11,15.960168775580266
2021-06-14,16.23410815314062
2021-06-15,16.002850105151925
2021-06-16,16.086044628883286
2021-06-17,15.955260581677535
2021-06-18,16.176385190561753
2021-06-21,16.832456749082937
2021-06-22,16.943788864304203
2021-06-23,17.54815931251695
2021-06-24,16.622807778827816
2021-06-25,16.706254674153975
2021-06-28,16.526402278377766
2021-06-29,16.524742402876537
2021-06-30,15.988916712466835
2021-07-01,16.27497881833013
2021-07-02,16.272139159601384
2021-07-06,16.006135763155882
2021-07-07,15.92889994702875
2021-07-08,15.553991680628972
2021-07-09,16.129474817365654
2021-07-12,16.307954699975365
2021-07-13,16.68081471391924
2021-07-14,16.971505604569327
2021-07-15,17.439516391769956
2021-07-16,17.259113152216266
2021-07-19,17.33087782600056
2021-07-20,17.432974331856915
2021-07-21,17.403393853697704
2021-07-22,16.426546554255467
2021-07-23,16.55040526282582
2021-07-26,16.357197950642306
2021-07-27,16.251364316913726
2021-07-28,16.496324161929227
2021-07-29,16.154047531196635
2021-07-30,15.583454150951951
2021-08-02,15.986810898334294
2021-08-03,15.99610732898064
2021-08-04,16.069917345046154
2021-08-05,16.32082861187081
2021-08-06,16.14713281433806
2021-08-09,16.812491024214196
2021-08-10,17.857117603059237
2021-08-11,17.5804800912009
2021-08-12,16.837773890206982
2021-08-13,17.222526968898023
2021-08-16,17.30797309774461
2021-08-17,17.808687839531267
2021-08-18,17.493796235237344
2021-08-19,17.917533001574775
2021-08-20,19.216402689514226
2021-08-23,19.617864102771527
2021-08-24,19.11568862074686
2021-08-25,19.55996927547694
2021-08-26,19.191121512659777
2021-08-27,19.074695821763623
2021-08-30,19.42381020802347
2021-08-31,19.821357129660104
2021-09-01,18.725541374993952
2021-09-02,18.403232286219573
2021-09-03,18.544769348508453
2021-09-07,18.5499911427096
2021-09-08,19.34714535529538
2021-09-09,20.08563230428147
2021-09-10,19.375629460024943
2021-09-13,19.793432934721704
2021-09-14,21.034574620240132
2021-09-15,21.58311397546469
2021-09-16,20.01653196210809
2021-09-17,19.58597383292211
2021-09-20,18.367236244246374
2021-09-21,18.851670069888172
2021-09-22,19.27429743061706
2021-09-23,20.037161063193945
2021-09-24,19.28989902667461
2021-09-27,19.465450019422967
2021-09-28,19.355153893288605
2021-09-29,20.016606609437307
2021-09-30,19.740635332259124
2021-10-01,19.85255744882385
2021-10-04,20.95975002234592
2021-10-05,20.12610816919069
2021-10-06,19.797964905598963
2021-10-07,18.758067210117787
2021-10-08,18.998791750551554
2021-10-11,18.82522849730474
2021-10-12,18.396632346459906
2021-10-13,18.505663386698213
2021-10-14,18.675523312562817
2021-10-15,18.54637785213504
2021-10-18,18.34791669211586
2021-10-19,18.717617705009662
2021-10-20,17.86582937723949
2021-10-21,17.558287978332995
2021-10-22,18.14606706380276
2021-10-25,17.523872733716857
2021-10-26,17.903612744632582
2021-10-27,17.309210469591154
2021-10-28,17.17020835494812
2021-10-29,17.535142283226577
2021-11-01,17.15734213222287
2021-11-02,18.002439345005854
2021-11-03,17.092103894046787
2021-11-04,17.13134141909034
2021-11-05,17.36924957361883
2021-11-08,17.20985819838451
2021-11-09,17.710733951735694
2021-11-10,19.344178436551505
2021-11-11,19.05627830472598
2021-11-12,18.83361845619648
2021-11-15,18.56361583377502
2021-11-16,18.476758193246138
2021-11-17,18.51778867269527
2021-11-18,18.787374575117955
2021-11-19,19.716014019837967
2021-11-22,19.00871320339418
2021-11-23,18.663091318288835
2021-11-24,17.99649637763536
2021-11-26,17.503553580203832
2021-11-29,17.326256225359597
2021-11-30,17.44371687979915
2021-12-01,17.534781456847842
2021-12-02,18.07656988527921
2021-12-03,18.13395797401628
2021-12-06,18.78815873345411
2021-12-07,18.822194510281232
2021-12-08,17.951185981105557
2021-12-09,17.5011246110387
2021-12-10,17.401807420120694
2021-12-13,16.921767940591913
2021-12-14,17.316250879678243
2021-12-15,16.87785094190958
2021-12-16,17.204751118299523
2021-12-17,17.289445544835793
2021-12-20,17.26934219715106
2021-12-21,16.78072911159722
2021-12-22,16.389988745885468
2021-12-23,16.211635865900803
2021-12-27,16.315703697012324
2021-12-28,15.993005288222559
2021-12-29,16.742583699961052
2021-12-30,16.304432865405275
2021-12-31,16.406589724526526
2022-01-03,17.142843717554328
2022-01-04,16.858371865875572
2022-01-05,16.4251386411174
2022-01-06,16.51880086261618
2022-01-07,16.98772145369116
2022-01-10,16.89342221087557
2022-01-11,16.97545225052921
2022-01-12,16.865220888851773
2022-01-13,16.205131497536932
2022-01-14,15.993078166756101
2022-01-18,15.768289579115928
2022-01-19,15.805673803542895
2022-01-20,16.227213356780783
2022-01-21,16.144729265180192
2022-01-24,16.403290648557903
2022-01-25,15.937426073177189
2022-01-26,16.277625406613822
2022-01-27,16.035332683594756
2022-01-28,16.75452734322347
2022-01-31,16.708274411072964
2022-02-01,17.365021354084558
2022-02-02,17.801388212062808
2022-02-03,17.611252012862
2022-02-04,17.03604860505047
2022-02-07,16.916874895499742
2022-02-08,16.64822759865542
2022-02-09,15.846625662735928
2022-02-10,15.563156214190727
2022-02-11,15.762141927902183
2022-02-14,15.307943187935207
2022-02-15,15.659702333421524
2022-02-16,15.94725291742403
2022-02-17,15.877931068587584
2022-02-18,15.73623844792267
2022-02-22,15.522073589227457
2022-02-23,15.4381197689977
2022-02-24,15.293346735292706
2022-02-25,15.535136351305924
2022-02-28,15.81141924320686
2022-03-01,16.174327217260313
2022-03-02,16.408443860084226
2022-03-03,15.963713811080968
2022-03-04,15.703384588459357
2022-03-07,16.065191761464778
2022-03-08,16.73988900019963
2022-03-09,16.636385347854283
2022-03-10,16.93788539245031
2022-03-11,17.346532589509554
2022-03-14,17.884597930609743
2022-03-15,18.397212552335255
2022-03-16,18.679622885280487
2022-03-17,18.51307819952669
2022-03-18,18.626838156900465
2022-03-21,18.667478894797245
2022-03-22,18.619016324241304
2022-03-23,19.04537721554172
2022-03-24,19.709686944329242
2022-03-25,19.916037629966052
2022-03-28,20.06255194354848
2022-03-29,20.800832189549904
2022-03-30,20.680120254728994
2022-03-31,20.850387968591352
2022-04-01,20.956178027615678
2022-04-04,20.307846820237092
2022-04-05,19.64693938633804
2022-04-06,20.782181340633628
2022-04-07,21.74525702662814
2022-04-08,21.725963382509985
2022-04-11,22.03294581742185
2022-04-12,22.735844153103304
2022-04-13,23.355921816487626
2022-04-14,22.836867005703937
2022-04-18,22.48655045928562
2022-04-19,22.11581856274301
2022-04-20,23.363306563825343
2022-04-21,23.955588009206362
2022-04-22,23.466758467245185
2022-04-25,24.691025585020146
2022-04-26,25.489175449958804
2022-04-27,26.663252365808322
2022-04-28,26.23445740845407
2022-04-29,25.42979219615111
2022-05-02,26.35448066942621
2022-05-03,26.52734611502125
2022-05-04,26.97881150558024
2022-05-05,27.95087986663365
2022-05-06,27.341964188528078
2022-05-09,26.91626344940385
2022-05-10,27.084438533147626
2022-05-11,27.9780733916738
2022-05-12,27.830754180110773
2022-05-13,28.41117602906535
2022-05-16,29.69906692274224
2022-05-17,29.69077558124112
2022-05-18,30.413586413552927
2022-05-19,30.236715687209475
2022-05-20,30.24795333215657
2022-05-23,30.415655225317884
2022-05-24,30.811456892093407
2022-05-25,30.94037229380046
2022-05-26,30.13338179707026
2022-05-27,29.923181910190916
2022-05-31,30.213348029241512
2022-06-01,29.486125140624868
2022-06-02,29.69529684886605
2022-06-03,31.159875687323936
2022-06-06,33.256326072685205
2022-06-07,33.558248518232546
2022-06-08,33.26760440600729
2022-06-09,34.185007584456145
2022-06-10,33.48948610599806
2022-06-13,33.47764978505999
2022-06-14,34.44344928018253
2022-06-15,34.37712861961085
2022-06-16,33.88489211998773
2022-06-17,34.29380980515806
2022-06-21,33.68246598070861
2022-06-22,33.83357781969986
2022-06-23,34.471128172293284
2022-06-24,33.71408921296291
2022-06-27,33.92575695570025
2022-06-28,34.19399950066359
2022-06-29,35.848394605215816
2022-06-30,37.67641173412475
2022-07-01,36.9089358712522
2022-07-05,36.78812294737601
2022-07-06,37.94985330655344
2022-07-07,38.14010930743963
2022-07-08,38.907972366239015
2022-07-11,37.44480192284163
2022-07-12,37.85036960621928
2022-07-13,37.46362762807899
2022-07-14,37.9217610098377
2022-07-15,38.33816988101775
2022-07-18,37.985990331163315
2022-07-19,38.540939249816795
2022-07-20,40.3691201349136
2022-07-21,42.24153496596778
2022-07-22,43.29256466286599
2022-07-25,44.190417903140485
2022-07-26,45.61255568174367
2022-07-27,45.5887655236725
2022-07-28,45.56809356542916
2022-07-29,44.685296342932595
2022-08-01,45.35244542312527
2022-08-02,44.37631087555411
2022-08-03,45.2560267147692
2022-08-04,44.82608524968525
2022-08-05,46.02510423936622
2022-08-08,45.90496274617232
2022-08-09,47.99426847353533
2022-08-10,48.8300848442691
2022-08-11,50.1049691071248
2022-08-12,51.046113166686595
2022-08-15,50.4391047410095
2022-08-16,49.61481520529785
2022-08-17,50.14892408630546
2022-08-18,50.86430225529831
2022-08-19,51.70298283502434
2022-08-22,48.917284607499134
2022-08-23,50.69684849789659
2022-08-24,54.51506232720017
2022-08-25,56.36414110558339
2022-08-26,54.80690166338422
2022-08-29,55.84706404792599
2022-08-30,57.80803590141656
2022-08-31,57.18744656776624
2022-09-01,59.246410229910644
2022-09-02,61.45551563102232
2022-09-06,61.87032585088477
2022-09-07,62.315588489444195
2022-09-08,63.4819924609639
2022-09-09,65.4111152827108
2022-09-12,66.11122586924
2022-09-13,68.40389355519828
2022-09-14,70.62363315760267
2022-09-15,71.81999740338323
2022-09-16,72.75083705372052
2022-09-19,72.53251750342274
2022-09-20,73.71511715151989
2022-09-21,74.14662224509755
2022-09-22,72.1118140942633
2022-09-23,73.60376994051458
2022-09-26,72.87911932741395
2022-09-27,72.25396050433686
2022-09-28,70.0849859356525
2022-09-29,68.53977654011824
2022-09-30,68.75618990291703
2022-10-03,67.29214692216861
2022-10-04,68.78385049238962
2022-10-05,70.20772663983621
2022-10-06,68.77332303186569
2022-10-07,67.60188598856783
2022-10-10,67.6231293134865
2022-10-11,70.41790487165582
2022-10-12,69.1930919823334
2022-10-13,69.38911378689582
2022-10-14,69.19664112796667
2022-10-17,72.36917992065116
2022-10-18,71.41406294395986
2022-10-19,74.25701949859717
2022-10-20,76.06251271484211
2022-10-21,77.3546096467457
2022-10-24,76.40638638957896
2022-10-25,74.25158544633015
2022-10-26,70.95916024106101
2022-10-27,67.6615969001689
2022-10-28,68.85921541515796
2022-10-31,68.85922862190313
2022-11-01,67.57506453241027
2022-11-02,67.7084654060399
2022-11-03,68.08556904070335
2022-11-04,65.28195873291497
2022-11-07,63.98591502888201
2022-11-08,61.41908680974794
2022-11-09,59.511622284070654
2022-11-10,58.54396312790492
2022-11-11,60.49494599100871
2022-11-14,62.56689402988115
2022-11-15,63.30717444393982
2022-11-16,62.38458952358672
2022-11-17,62.94887870381368
2022-11-18,65.0168430443735
2022-11-21,64.32695802846625
2022-11-22,66.00272582563287
2022-11-23,66.33443496358349
2022-11-25,67.61806260083236
2022-11-28,67.9310929612348
2022-11-29,65.99364039426695
2022-11-30,63.83646568894786
2022-12-01,62.68070694206649
2022-12-02,62.56144944001503
2022-12-05,66.55805415229257
2022-12-06,64.1230109303206
2022-12-07,63.27472800649638
2022-12-08,62.7171063194901
2022-12-09,60.717732721035844
2022-12-12,59.131786543646356
2022-12-13,59.60712906379932
2022-12-14,62.93455947339561
2022-12-15,60.81720959909175
2022-12-16,61.68305649121477
2022-12-19,61.35801015434651
2022-12-20,57.515702972445034
2022-12-21,57.52013712317773
2022-12-22,56.86261216938735
2022-12-23,56.52201769317427
2022-12-27,57.619366947578136
2022-12-28,57.52719233320493
2022-12-29,58.54071763712587
2022-12-30,58.14222914490179
2023-01-03,58.1410089389231
2023-01-04,58.317621525078785
2023-01-05,57.832024599398714
2023-01-06,57.216961374480725
2023-01-09,58.007105704102514
2023-01-10,59.42280753949876
2023-01-11,60.527120174821476
2023-01-12,62.54276404140504
2023-01-13,64.61647173116218
2023-01-17,64.90814980893177
2023-01-18,69.98964490852168
2023-01-19,70.01968125377878
2023-01-20,70.34349275656231
2023-01-23,70.48395088608488
2023-01-24,68.88899956632862
2023-01-25,66.86020643009319
2023-01-26,69.1274474161965
2023-01-27,67.36352314315825
2023-01-30,68.44790891446476
2023-01-31,66.99281865727485
2023-02-01,68.79230935526299
2023-02-02,69.77744010577464
2023-02-03,67.52847712949118
2023-02-06,67.3825838351683
2023-02-07,70.12203022180513
2023-02-08,69.91002246471992
2023-02-09,69.55654643419253
2023-02-10,68.08499614993232
2023-02-13,69.16618913669153
2023-02-14,68.78328664467696
2023-02-15,66.48645167023254
2023-02-16,68.13562614240033
2023-02-17,67.0275139664456
2023-02-21,63.61906779462952
2023-02-22,63.876767373700844
2023-02-23,64.08106967087168
2023-02-24,62.681785507379466
2023-02-27,63.33178378935116
2023-02-28,61.95286033607189
2023-03-01,63.679447787540646
2023-03-02,65.59493404040514
2023-03-03,67.05012934801505
2023-03-06,68.75799654601579
2023-03-07,71.57741085238975
2023-03-08,73.4990959921192
2023-03-09,70.36863700867066
2023-03-10,70.78459981474305
2023-03-13,70.39671483446119
2023-03-14,75.3189532076444
2023-03-15,75.03417621206042
2023-03-16,75.80821942715373
2023-03-17,75.10099880895156
2023-03-20,77.07140791517442
2023-03-21,76.19188553407383
2023-03-22,75.90529799590188
2023-03-23,76.20409876067927
2023-03-24,73.36253571065873
2023-03-27,73.87461552208657
2023-03-28,73.39461653871669
2023-03-29,73.84136036290423
2023-03-30,75.87505373687803
2023-03-31,76.48727727634736
2023-04-03,74.69224362224132
2023-04-04,76.68128431899625
2023-04-05,79.46821425291273
2023-04-06,78.85836167050867
2023-04-10,76.75146114594304
2023-04-11,74.19690524431218
2023-04-12,72.05369640120544
2023-04-13,73.60856459112968
2023-04-14,74.20689170316857
2023-04-17,76.50478570758463
2023-04-18,79.15583000563802
2023-04-19,79.11985541808049
2023-04-20,79.18771287107937
2023-04-21,81.2930019160572
2023-04-24,77.25441646340232
2023-04-25,75.98301396670429
2023-04-26,73.84450875163263
2023-04-27,73.88115760644068
2023-04-28,73.88171794981555
2023-05-01,75.58321263154863
2023-05-02,77.89984968569212
2023-05-03,79.19490581804892
2023-05-04,81.44828904253455
2023-05-05,79.41297282406049
2023-05-08,79.65704387213165
2023-05-09,76.06067281475227
2023-05-10,79.91456408151457
2023-05-11,81.84801928800029
2023-05-12,82.43001669423123
2023-05-15,79.2079473825085
2023-05-16,75.83989508767064
2023-05-17,79.03142032950227
2023-05-18,82.70383346678169
2023-05-19,81.36205678653327
2023-05-22,80.19179390425614
2023-05-23,82.57596267291078
2023-05-24,80.187642640846
2023-05-25,81.47609930552015
2023-05-26,79.61787881817122
2023-05-30,80.0857476068657
2023-05-31,83.90835883521765
2023-06-01,84.61212444538779
2023-06-02,86.1752477815653
2023-06-05,90.01996759160025
2023-06-06,88.13427119995694
2023-06-07,85.75431474730841
2023-06-08,90.26237228276585
2023-06-09,89.06282676573072
2023-06-12,88.44096791967385
2023-06-13,85.68841730956804
2023-06-14,83.86772382156016
2023-06-15,86.25429560527019
2023-06-16,86.75747047162858
2023-06-20,86.41111359317473
2023-06-21,86.99183706192049
2023-06-22,87.31241352949765
2023-06-23,86.03281204630319
2023-06-26,85.2014648028767
2023-06-27,86.59988845423753
2023-06-28,86.62353115093813
2023-06-29,85.32851129513215
2023-06-30,87.45602505960584
2023-07-03,85.83119740333504
2023-07-05,86.73216014599983
2023-07-06,90.5040988000919
2023-07-07,90.92211245570492
2023-07-10,90.97755674006012
2023-07-11,96.08152184733805
2023-07-12,91.8601891041723
2023-07-13,90.43859646048428
2023-07-14,93.12070846377891
2023-07-17,95.94926741522768
2023-07-18,94.2324987512826
2023-07-19,93.43267302683613
2023-07-20,92.22566922314924
2023-07-21,94.22189356465152
2023-07-24,92.0406781830943
2023-07-25,92.82078019042541
2023-07-26,93.82307706383901
2023-07-27,94.31126393700887
2023-07-28,99.34955909551465
2023-07-31,97.29741063897428
2023-08-01,101.59735111485831
2023-08-02,101.60059377776287
2023-08-03,102.88739308203692
2023-08-04,98.21358113655717
2023-08-07,97.97678505418989
2023-08-08,96.50798185019792
2023-08-09,93.78298655679369
2023-08-10,93.5268882508119
2023-08-11,90.41639110541178
2023-08-14,89.457105575316
2023-08-15,92.38843913608534
2023-08-16,89.89715651809067
2023-08-17,89.48148067747208
2023-08-18,89.76876711182814
2023-08-21,89.08058093878029
2023-08-22,90.5733066842156
2023-08-23,85.34901720978777
2023-08-24,85.30581969508059
2023-08-25,86.06658918312978
2023-08-28,85.15183120018159
2023-08-29,83.6448712228414
2023-08-30,82.95784491781342
2023-08-31,83.12371397529964
2023-09-01,78.08176954734193
2023-09-05,78.94496614903733
2023-09-06,79.58001117594837
2023-09-07,81.47141961692196
2023-09-08,82.35391884691262
2023-09-11,80.45030768847758
2023-09-12,79.52812294258496
2023-09-13,78.78567875384901
2023-09-14,81.10384247542879
2023-09-15,81.14785715847553
2023-09-18,82.14813526746654
2023-09-19,80.92547895846161
2023-09-20,79.30083898303081
2023-09-21,84.16259291548224
2023-09-22,83.60797140371112
2023-09-25,82.5417419967411
2023-09-26,79.61208967817346
2023-09-27,78.46151397375034
2023-09-28,75.78232904401862
2023-09-29,74.70213114131896
2023-10-02,77.51926457575897
2023-10-03,75.85635691596038
2023-10-04,73.00644431989058
2023-10-05,69.51917374175466
2023-10-06,70.96200326495958
2023-10-09,67.82066918970868
2023-10-10,67.38944020342055
2023-10-11,67.77253210402519
2023-10-12,70.38667604331985
2023-10-13,70.17285963994765
2023-10-16,68.69280059857861
2023-10-17,68.55534021088042
2023-10-18,70.08107175832593
2023-10-19,69.27699743804747
2023-10-20,69.89200408825508
2023-10-23,70.82612829270482
2023-10-24,70.19432640468716
2023-10-25,71.90884098317528
2023-10-26,71.99621166093513
2023-10-27,73.14322864055673
2023-10-30,74.13354699658157
2023-10-31,72.80639526217604
2023-11-01,73.37429693222569
2023-11-02,74.37130542831642
2023-11-03,73.87903797484053
2023-11-06,76.29442366868885
2023-11-07,74.85984807865641
2023-11-08,74.71819525380722
2023-11-09,71.5513391890224
2023-11-10,69.95960555126418
2023-11-13,70.28173051145865
2023-11-14,67.689321892709
2023-11-15,66.99394100309125
2023-11-16,67.03389629710354
2023-11-17,67.89531694838874
2023-11-20,67.88356231142184
2023-11-21,67.27696449899102
2023-11-22,67.06264090319698
2023-11-24,66.98342110701645
2023-11-27,69.82351509261885
2023-11-28,70.54381897324588
2023-11-29,71.86060030967877
2023-11-30,76.2459901747904
2023-12-01,79.29311528826906
2023-12-04,79.29682763341062
2023-12-05,78.48798348746641
2023-12-06,77.73101383869323
2023-12-07,78.60214579432564
2023-12-08,78.07806355239838
2023-12-11,78.57601265588778
2023-12-12,80.80174505337389
2023-12-13,80.68586924040642
2023-12-14,79.49878657623259
2023-12-15,80.37232643999924
2023-12-18,86.66879324370163
2023-12-19,88.3545399831252
2023-12-20,90.85451607317738
2023-12-21,90.1852601465837
2023-12-22,86.35441965401506
2023-12-26,85.73750243828643
2023-12-27,86.28608588882246
2023-12-28,89.58586166133857
2023-12-29,91.63795292499343
2024-01-02,92.24862602423656
2024-01-03,94.10860421895119
2024-01-04,98.524025424458
2024-01-05,99.05797632417493
2024-01-08,100.41290642196878
2024-01-09,101.26111124632544
2024-01-10,100.0678630016973
2024-01-11,102.80369739233772
2024-01-12,100.98633606771688
2024-01-16,101.9986780067609
2024-01-17,103.60470166029361
2024-01-18,104.52044320218926
2024-01-19,103.31706916021655
2024-01-22,105.66398023501677
2024-01-23,111.54595465178318
2024-01-24,110.21991182652752
2024-01-25,114.16737025692365
2024-01-26,109.31250171039939
2024-01-29,116.34641499550558
2024-01-30,118.7160734392559
2024-01-31,120.25229237913203
2024-02-01,124.89212918119996
2024-02-02,123.85298634787503
2024-02-05,116.37634542401698
2024-02-06,116.96470825880517
2024-02-07,117.40789955710501
2024-02-08,119.52984604289358
2024-02-09,113.7910173884187
2024-02-12,110.77024832351957
2024-02-13,111.58222283507867
2024-02-14,108.13495108094547
2024-02-15,114.70827322175857
2024-02-16,115.58456508668078
2024-02-20,109.55937813302496
2024-02-21,110.37109908174128
2024-02-22,110.52582822913861
2024-02-23,115.11480641255986
2024-02-26,111.43833754948673
2024-02-27,110.3106925101292
2024-02-28,110.38910212829299
2024-02-29,107.09563082013331
2024-03-01,109.29351138111795
2024-03-04,108.06255833211097
2024-03-05,107.10968580481412
2024-03-06,100.09428394089822
2024-03-07,99.85441266767329
2024-03-08,101.66360011585897
2024-03-11,107.44326218312503
2024-03-12,107.90299594549111
2024-03-13,106.51265697606661
2024-03-14,107.17629092533019
2024-03-15,107.50301420831764
2024-03-18,104.71316252956626
2024-03-19,102.13435973196387
2024-03-20,104.98817527129543
2024-03-21,101.89589321654282
2024-03-22,101.65068690086058
2024-03-25,103.8298214950679
2024-03-26,100.481120214853
2024-03-27,96.22607211905687
2024-03-28,92.50768422536142
2024-04-01,92.66831141153195
2024-04-02,92.633573392758
2024-04-03,91.71899398814895
2024-04-04,91.39338531627133
2024-04-05,91.51605170723396
2024-04-08,94.5576755013916
2024-04-09,98.20602917441313
2024-04-10,99.76454004311638
2024-04-11,104.02975854008226
2024-04-12,99.55256500785327
2024-04-15,100.14314970604227
2024-04-16,106.22145388640662
2024-04-17,106.24928847064403
2024-04-18,105.64395130270572
2024-04-19,107.31084757503803
2024-04-22,109.22703738444453
2024-04-23,112.51896653472245
2024-04-24,112.9225288485835
2024-04-25,110.65388062159667
2024-04-26,111.74917122476438
2024-04-29,112.19506754041905
2024-04-30,105.5211438888751
2024-05-01,108.05007765385862
2024-05-02,108.81544602488984
2024-05-03,112.93946785595882
2024-05-06,117.15927355061785
2024-05-07,115.51482388143667
2024-05-08,118.69559821665035
2024-05-09,117.87826494146314
2024-05-10,122.31783803174955
2024-05-13,126.69357145495948
2024-05-14,125.90884236233552
2024-05-15,116.97839252754558
2024-05-16,122.3732807651124
2024-05-17,121.79299922280993
2024-05-20,125.21424733843203
2024-05-21,125.13260635723114
2024-05-22,126.37493726707437
2024-05-23,123.45044982677823
2024-05-24,118.26478719382618
2024-05-28,120.31948324409815
2024-05-29,117.01333371395782
2024-05-30,118.53833135126838
2024-05-31,113.78505115545279
2024-06-03,113.89772220281971
2024-06-04,115.38660639303214
2024-06-05,116.80359285801882
2024-06-06,118.54795410635474
2024-06-07,114.53241330208796
2024-06-10,117.21378473158818
2024-06-11,117.16849295851098
2024-06-12,112.79604706712372
2024-06-13,113.90191134497256
2024-06-14,115.11857768180423
2024-06-17,110.83476955150759
2024-06-18,113.02864621131415
2024-06-20,109.52759347851007
2024-06-21,110.51866277737427
2024-06-24,107.30699477668291
2024-06-25,110.00660431676097
2024-06-26,105.94930459323648
2024-06-27,106.50317108457574
2024-06-28,101.7877756499618
2024-07-01,105.85552262399757
2024-07-02,109.03374658038392
2024-07-03,113.02714978395983
2024-07-05,115.63959153254491
2024-07-08,126.1026708985195
2024-07-09,132.2611702891343
2024-07-10,130.28031115864243
2024-07-11,130.84881389095426
2024-07-12,133.07586623255975
2024-07-15,130.04332112884205
2024-07-16,128.0506860089979
2024-07-17,126.21244108054988
2024-07-18,126.14060289871104
2024-07-19,127.46677037831907
2024-07-22,124.89121732661656
2024-07-23,133.8973821300235
2024-07-24,135.2315237523573
2024-07-25,132.63408821004052
2024-07-26,132.1767258664844
2024-07-29,131.46369436127782
2024-07-30,131.75677907211238
2024-07-31,131.49304903176483
2024-08-01,129.4490361500655
2024-08-02,131.13588890844542
2024-08-05,130.45716184174472
2024-08-06,135.68424494084798
2024-08-07,137.06255609711695
2024-08-08,141.45304985230214
2024-08-09,142.13891969511025
2024-08-12,137.6477587483902
2024-08-13,143.86174837896922
2024-08-14,145.84168322772035
2024-08-15,146.74348407371176
2024-08-16,148.70454441690987
2024-08-19,149.13360548391177
2024-08-20,148.29230417490822
2024-08-21,156.13699329080765
2024-08-22,152.61428387364077
2024-08-23,156.02300086166414
2024-08-26,162.353653074151
2024-08-27,163.9428982854217
2024-08-28,166.42987178620746
2024-08-29,169.4779786861368
2024-08-30,171.53742564209
2024-09-03,181.29518190406426
2024-09-04,184.92547292442518
2024-09-05,192.5696060133552
2024-09-06,199.80808773595794
2024-09-09,199.1819017256824
2024-09-10,194.4881573245412
2024-09-11,186.11604151646816
2024-09-12,189.8092038267571
2024-09-13,191.28885573471402
2024-09-16,191.43103059959344
2024-09-17,186.6802179165225
2024-09-18,185.57677361928504
2024-09-19,179.12445867679685
2024-09-20,179.72546275140442
2024-09-23,175.25656297027624
2024-09-24,176.8836530436872
2024-09-25,180.99566678190794
2024-09-26,183.54113525525653
2024-09-27,191.3054949665676
2024-09-30,187.43918673108968
2024-10-01,187.41769820889417
2024-10-02,187.5430174421935
2024-10-03,189.99546391697834
2024-10-04,195.44996345058595
2024-10-07,192.91024538271952
2024-10-08,193.07368411994983
2024-10-09,187.84824637783058
2024-10-10,182.71353009323673
2024-10-11,178.14821038611555
2024-10-14,188.39406823575868
2024-10-15,188.7539311360097
2024-10-16,192.8169023376579
2024-10-17,188.98752431628702
2024-10-18,191.70715748371413
2024-10-21,207.4769604956641
2024-10-22,200.27767570686368
2024-10-23,204.4342132366483
2024-10-24,199.4900842268991
2024-10-25,197.4508900450685
2024-10-28,207.03572341584402
2024-10-29,210.10136956329762
2024-10-30,206.61316465818535
2024-10-31,200.24551278685237
2024-11-01,203.5492279909668
2024-11-04,207.16880964653478
2024-11-05,219.19311073337175
2024-11-06,212.36063935204334
2024-11-07,202.49405335462237
2024-11-08,204.0483363250902
2024-11-11,200.52484679586414
2024-11-12,203.3375178805402
2024-11-13,206.05803021461878
2024-11-14,210.3665936158828
2024-11-15,221.65628493324064
2024-11-18,219.2771420204928
2024-11-19,223.29888523248314
2024-11-20,221.9113210671642
2024-11-21,220.34649234375902
2024-11-22,213.0315528262789
2024-11-25,208.78237426386636
2024-11-26,202.9247334460351
2024-11-27,195.48044315695626
2024-11-29,193.68861245338138
2024-12-02,194.72247565062275
2024-12-03,196.98632552904786
2024-12-04,199.37926755667326
2024-12-05,200.19475654961263
2024-12-06,202.61740154591385
2024-12-09,200.71993674783272
2024-12-10,199.6934232744517
2024-12-11,206.24642146963285
2024-12-12,209.78787981568834
2024-12-13,207.10015415789965
2024-12-16,211.83688515391907
2024-12-17,209.37005331577987
2024-12-18,221.02175621150982
2024-12-19,222.55715211362278
2024-12-20,231.13474765421518
2024-12-23,229.664598414016
2024-12-24,227.5932037493965
2024-12-26,232.87695923468553
2024-12-27,226.57886188938636
2024-12-30,221.83536690996357
2024-12-31,211.22138694595824
2025-01-02,212.6972031014469
2025-01-03,225.68400130675187
2025-01-06,223.3709454449113
2025-01-07,217.69892862159938
2025-01-08,213.87171165115478
2025-01-10,207.1395669611801
2025-01-13,213.52297163513185
2025-01-14,217.20957639292283
2025-01-15,209.26718745589088
2025-01-16,207.94414637079052
2025-01-17,203.7616306016936
2025-01-21,198.35915223967302
2025-01-22,195.967914120938
2025-01-23,193.47500302476797
2025-01-24,194.88187422572562
2025-01-27,188.0254801107752
2025-01-28,177.96438558143618
2025-01-29,179.17750538797495
2025-01-30,177.10419683101574
2025-01-31,170.6826832119577
2025-02-03,169.90249566858876
2025-02-04,170.58691121233883
2025-02-05,177.49946059994073
2025-02-06,188.9965966674173
2025-02-07,179.58198806566307
2025-02-10,184.743539624322
2025-02-11,189.9392060374722
2025-02-12,191.7003441570798
2025-02-13,188.6765547002395
2025-02-14,190.25028882551973
2025-02-18,187.7275639491093
2025-02-19,184.7232278024773
2025-02-20,187.2644959411334
2025-02-21,195.98294751248181
2025-02-24,192.99070697526923
2025-02-25,188.12691272756535
2025-02-26,191.08933626948576
2025-02-27,191.6606900108813
2025-02-28,191.4608801414882
2025-03-03,189.48611770874658
2025-03-04,181.71544252528577
2025-03-05,181.46691007034852
2025-03-06,186.9102773635088
2025-03-07,194.38341037000168
2025-03-10,192.55199070632267
2025-03-11,196.84141385043128
2025-03-12,193.6113979829204
2025-03-13,196.13055014858662
2025-03-14,196.60880757242214
2025-03-17,205.84596060279966
2025-03-18,219.44258180185906
2025-03-19,219.76079424755423
2025-03-20,220.6008719813597
2025-03-21,227.08211041150497
2025-03-24,227.02425502452118
2025-03-25,238.613748210046
2025-03-26,234.05739688989894
2025-03-27,231.39065008580837
2025-03-28,219.0494258647153
2025-03-31,222.950147786055
2025-04-01,229.5555255731442
2025-04-02,224.95941187773653
2025-04-03,217.31208845359026
2025-04-04,214.42767220127755
2025-04-07,216.37056889682378
2025-04-08,220.28823277625938
2025-04-09,213.99740888761096
2025-04-10,222.17732410427644
2025-04-11,220.2510916993214
2025-04-14,224.95372382406305
2025-04-15,219.72982958812125
2025-04-16,209.59363670272916
2025-04-17,219.6940484566123
2025-04-21,226.55343727434948
2025-04-22,212.00960026570874
2025-04-23,215.91224901011861
2025-04-24,214.32278205260644
2025-04-25,200.38632295137472
2025-04-28,196.1725321159359
2025-04-29,199.83691903690408
2025-04-30,199.39353012792805
2025-05-01,201.89235932502467
2025-05-02,198.27891429962986
2025-05-05,198.00608505043414
2025-05-06,195.09651222436972
2025-05-07,199.4822274269691
2025-05-08,194.48038173126855
2025-05-09,191.97950591837034
2025-05-12,189.36780668257506
2025-05-13,192.46657211593438
2025-05-14,191.84379535035214
2025-05-15,198.7843662049306
2025-05-16,203.02712261620897
2025-05-19,210.54258855999257
2025-05-20,219.06945880564265
2025-05-21,213.99557757358636
2025-05-22,207.55075186425344
2025-05-23,207.89797097975259
2025-05-27,201.46713442743314
2025-05-28,200.41851474742705
2025-05-29,202.27902029334035
2025-05-30,200.21169456408396
2025-06-02,201.79060415235753
2025-06-03,209.59019957874216
2025-06-04,209.02317526338007
2025-06-05,216.13911633677864
2025-06-06,229.79509578130848
2025-06-09,230.14286218187848
2025-06-10,235.46936320589867
2025-06-11,238.9274652934279
2025-06-12,242.71422741929118
2025-06-13,250.3456557762143
2025-06-16,250.15850687828012
2025-06-17,255.27927962056563
2025-06-18,255.09426784476844
2025-06-20,246.16407965753046
2025-06-23,240.5732908565106
2025-06-24,246.26652307355684
2025-06-25,248.3665700994495
2025-06-26,245.56469720915013
2025-06-27,246.97597372300697
2025-06-30,255.78884222984593
2025-07-01,259.37370019086643
2025-07-02,256.60211001535373
2025-07-03,264.63657987492377
2025-07-07,261.7330570649731
2025-07-08,264.0357967413004
2025-07-09,251.86806686005417
2025-07-10,248.15801850830533
2025-07-11,261.1419802814408
