Datetime,Close
2023-07-14 09:00:00+00:00,350.0577257920819
2023-07-14 10:00:00+00:00,351.17336936240935
2023-07-14 11:00:00+00:00,349.5618320384777
2023-07-14 12:00:00+00:00,348.7894593042075
2023-07-14 13:00:00+00:00,349.8923630424644
2023-07-14 13:30:00+00:00,351.51877294592515
2023-07-14 14:30:00+00:00,351.4428954958245
2023-07-14 15:30:00+00:00,355.2699719174074
2023-07-14 16:30:00+00:00,352.9321025879597
2023-07-14 17:30:00+00:00,354.4758463419798
2023-07-14 18:30:00+00:00,354.84023978902087
2023-07-14 19:30:00+00:00,355.1297123457284
2023-07-14 20:00:00+00:00,353.6867509326514
2023-07-14 21:00:00+00:00,351.0541871334529
2023-07-14 22:00:00+00:00,353.37645441121094
2023-07-14 23:00:00+00:00,353.1846505297714
2023-07-17 08:00:00+00:00,354.2675563511037
2023-07-17 09:00:00+00:00,354.88371753131895
2023-07-17 10:00:00+00:00,354.7585215669178
2023-07-17 11:00:00+00:00,353.2946500218641
2023-07-17 12:00:00+00:00,352.40378390053286
2023-07-17 13:00:00+00:00,354.3207099770936
2023-07-17 13:30:00+00:00,354.0778692245333
2023-07-17 14:30:00+00:00,354.8344731942888
2023-07-17 15:30:00+00:00,357.0505795733173
2023-07-17 16:30:00+00:00,354.8591820958684
2023-07-17 17:30:00+00:00,356.1596510631687
2023-07-17 18:30:00+00:00,355.60606230203473
2023-07-17 19:30:00+00:00,355.9467457780406
2023-07-17 20:00:00+00:00,355.6196042814442
2023-07-17 21:00:00+00:00,355.7189258006531
2023-07-17 22:00:00+00:00,358.1084274002728
2023-07-17 23:00:00+00:00,356.61351416798993
2023-07-18 08:00:00+00:00,357.42761199602626
2023-07-18 09:00:00+00:00,357.2894105924568
2023-07-18 10:00:00+00:00,357.58889731830425
2023-07-18 11:00:00+00:00,358.1062005567141
2023-07-18 12:00:00+00:00,359.4122903258956
2023-07-18 13:00:00+00:00,359.9240805329468
2023-07-18 13:30:00+00:00,361.9261214816598
2023-07-18 14:30:00+00:00,364.0409117377446
2023-07-18 15:30:00+00:00,364.89682263398566
2023-07-18 16:30:00+00:00,364.8397902043371
2023-07-18 17:30:00+00:00,364.15443196744957
2023-07-18 18:30:00+00:00,365.17892901734956
2023-07-18 19:30:00+00:00,363.846216541086
2023-07-18 20:00:00+00:00,362.5033372140328
2023-07-18 21:00:00+00:00,363.12126993542427
2023-07-18 22:00:00+00:00,364.06150109580176
2023-07-18 23:00:00+00:00,365.4892926780138
2023-07-19 08:00:00+00:00,366.6512025690424
2023-07-19 09:00:00+00:00,369.7642022028257
2023-07-19 10:00:00+00:00,369.3378870507035
2023-07-19 11:00:00+00:00,369.4655548087934
2023-07-19 12:00:00+00:00,368.75733491615955
2023-07-19 13:00:00+00:00,367.4988165068025
2023-07-19 13:30:00+00:00,366.56157461756214
2023-07-19 14:30:00+00:00,366.1719613058273
2023-07-19 15:30:00+00:00,369.2990133807258
2023-07-19 16:30:00+00:00,369.9311093739903
2023-07-19 17:30:00+00:00,370.2595551940945
2023-07-19 18:30:00+00:00,373.3853359275463
2023-07-19 19:30:00+00:00,372.96870383411493
2023-07-19 20:00:00+00:00,375.0279794780175
2023-07-19 21:00:00+00:00,375.4286046062705
2023-07-19 22:00:00+00:00,373.75785839454346
2023-07-19 23:00:00+00:00,375.4019922108362
2023-07-20 08:00:00+00:00,375.02310908046366
2023-07-20 09:00:00+00:00,374.24017931080687
2023-07-20 10:00:00+00:00,371.8177842980805
2023-07-20 11:00:00+00:00,375.11769217242795
2023-07-20 12:00:00+00:00,379.67607868412557
2023-07-20 13:00:00+00:00,380.076592446823
2023-07-20 13:30:00+00:00,376.8332639283407
2023-07-20 14:30:00+00:00,377.7847551332099
2023-07-20 15:30:00+00:00,379.39210785673407
2023-07-20 16:30:00+00:00,379.6534638574861
2023-07-20 17:30:00+00:00,380.02761545525306
2023-07-20 18:30:00+00:00,379.50208335322816
2023-07-20 19:30:00+00:00,380.3901209352193
2023-07-20 20:00:00+00:00,380.7821944064765
2023-07-20 21:00:00+00:00,380.5857480078065
2023-07-20 22:00:00+00:00,380.1599612100498
2023-07-20 23:00:00+00:00,378.025800476479
2023-07-21 08:00:00+00:00,380.2862726903598
2023-07-21 09:00:00+00:00,381.0459131972928
2023-07-21 10:00:00+00:00,380.67484796986355
2023-07-21 11:00:00+00:00,381.6769514073215
2023-07-21 12:00:00+00:00,384.74362732612866
2023-07-21 13:00:00+00:00,384.22069842876624
2023-07-21 13:30:00+00:00,386.21790360480804
2023-07-21 14:30:00+00:00,386.16056916095533
2023-07-21 15:30:00+00:00,386.0644187047587
2023-07-21 16:30:00+00:00,388.19631717268953
2023-07-21 17:30:00+00:00,390.2773459321413
2023-07-21 18:30:00+00:00,390.6391342726872
2023-07-21 19:30:00+00:00,391.566488328498
2023-07-21 20:00:00+00:00,388.47690465446584
2023-07-21 21:00:00+00:00,382.77467443661135
2023-07-21 22:00:00+00:00,384.3021496559768
2023-07-21 23:00:00+00:00,387.79972841168
2023-07-24 08:00:00+00:00,389.0078772791666
2023-07-24 09:00:00+00:00,389.81162168227166
2023-07-24 10:00:00+00:00,388.54177078641027
2023-07-24 11:00:00+00:00,391.32043021920776
2023-07-24 12:00:00+00:00,390.31853473624716
2023-07-24 13:00:00+00:00,388.540517203675
2023-07-24 13:30:00+00:00,387.83370535345205
2023-07-24 14:30:00+00:00,387.5755853105278
2023-07-24 15:30:00+00:00,388.7893174923862
2023-07-24 16:30:00+00:00,386.475198399439
2023-07-24 17:30:00+00:00,386.99562588095387
2023-07-24 18:30:00+00:00,387.2564700687018
2023-07-24 19:30:00+00:00,388.05319821472716
2023-07-24 20:00:00+00:00,386.5426700555845
2023-07-24 21:00:00+00:00,388.72269141073224
2023-07-24 22:00:00+00:00,390.68675245306855
2023-07-24 23:00:00+00:00,389.4554364754461
2023-07-25 08:00:00+00:00,391.4401818189251
2023-07-25 09:00:00+00:00,394.0705675277903
2023-07-25 10:00:00+00:00,397.01002140710307
2023-07-25 11:00:00+00:00,397.17449631821023
2023-07-25 12:00:00+00:00,396.17876564423614
2023-07-25 13:00:00+00:00,394.7728088986067
2023-07-25 13:30:00+00:00,393.74237582598886
2023-07-25 14:30:00+00:00,391.6553549417326
2023-07-25 15:30:00+00:00,389.98394619254094
2023-07-25 16:30:00+00:00,391.3118622106694
2023-07-25 17:30:00+00:00,389.6705411589282
2023-07-25 18:30:00+00:00,391.7447780299738
2023-07-25 19:30:00+00:00,395.15422385296836
2023-07-25 20:00:00+00:00,396.28629880986387
2023-07-25 21:00:00+00:00,396.0591338316668
2023-07-25 22:00:00+00:00,392.00074449204743
2023-07-25 23:00:00+00:00,391.96142716630663
2023-07-26 08:00:00+00:00,390.98944963729826
2023-07-26 09:00:00+00:00,390.4093287754109
2023-07-26 10:00:00+00:00,388.41960126416257
2023-07-26 11:00:00+00:00,389.26975700832975
2023-07-26 12:00:00+00:00,387.56499637412145
2023-07-26 13:00:00+00:00,387.04363143178836
2023-07-26 13:30:00+00:00,388.7380184302657
2023-07-26 14:30:00+00:00,392.77193636686366
2023-07-26 15:30:00+00:00,390.90110887704753
2023-07-26 16:30:00+00:00,392.58331520238767
2023-07-26 17:30:00+00:00,393.40370863415933
2023-07-26 18:30:00+00:00,394.33725738615243
2023-07-26 19:30:00+00:00,393.5524536035531
2023-07-26 20:00:00+00:00,393.7047239709473
2023-07-26 21:00:00+00:00,395.67427914667974
2023-07-26 22:00:00+00:00,396.49454223886295
2023-07-26 23:00:00+00:00,396.52883588016397
2023-07-27 08:00:00+00:00,396.12439677344406
2023-07-27 09:00:00+00:00,393.96940799435106
2023-07-27 10:00:00+00:00,395.8809100515493
2023-07-27 11:00:00+00:00,396.59958991691406
2023-07-27 12:00:00+00:00,398.1115956838826
2023-07-27 13:00:00+00:00,397.783083401002
2023-07-27 13:30:00+00:00,396.9394817737944
2023-07-27 14:30:00+00:00,397.8089994650058
2023-07-27 15:30:00+00:00,400.78198945089525
2023-07-27 16:30:00+00:00,402.5976292602789
2023-07-27 17:30:00+00:00,405.806525193988
2023-07-27 18:30:00+00:00,406.31959048070803
2023-07-27 19:30:00+00:00,406.9465194185786
2023-07-27 20:00:00+00:00,404.37470683449754
2023-07-27 21:00:00+00:00,404.1708944592794
2023-07-27 22:00:00+00:00,404.27376581110633
2023-07-27 23:00:00+00:00,404.162093440692
2023-07-28 08:00:00+00:00,405.2370681379566
2023-07-28 09:00:00+00:00,404.9253574094544
2023-07-28 10:00:00+00:00,404.37746080117046
2023-07-28 11:00:00+00:00,405.017943070773
2023-07-28 12:00:00+00:00,404.1992504955009
2023-07-28 13:00:00+00:00,406.2014210582262
2023-07-28 13:30:00+00:00,405.3846858182734
2023-07-28 14:30:00+00:00,407.68197395440455
2023-07-28 15:30:00+00:00,409.26113675746814
2023-07-28 16:30:00+00:00,408.8622451270167
2023-07-28 17:30:00+00:00,411.0255254364812
2023-07-28 18:30:00+00:00,410.1676377163055
2023-07-28 19:30:00+00:00,411.3379995029648
2023-07-28 20:00:00+00:00,412.3702190744774
2023-07-28 21:00:00+00:00,412.63734342677765
2023-07-28 22:00:00+00:00,410.7248936896346
2023-07-28 23:00:00+00:00,410.4765464568028
2023-07-31 08:00:00+00:00,410.92105530244606
2023-07-31 09:00:00+00:00,412.7160864974516
2023-07-31 10:00:00+00:00,411.64984674949346
2023-07-31 11:00:00+00:00,412.668827528275
2023-07-31 12:00:00+00:00,414.38121392210627
2023-07-31 13:00:00+00:00,414.4559782712044
2023-07-31 13:30:00+00:00,412.77082185022164
2023-07-31 14:30:00+00:00,412.09858091821116
2023-07-31 15:30:00+00:00,413.901789320469
2023-07-31 16:30:00+00:00,413.58318199279864
2023-07-31 17:30:00+00:00,415.9742567114941
2023-07-31 18:30:00+00:00,413.9013459187149
2023-07-31 19:30:00+00:00,412.28977569798104
2023-07-31 20:00:00+00:00,412.2356882431199
2023-07-31 21:00:00+00:00,412.08108446811957
2023-07-31 22:00:00+00:00,409.78251505728196
2023-07-31 23:00:00+00:00,410.6582210258391
2023-08-01 08:00:00+00:00,412.8209477560337
2023-08-01 09:00:00+00:00,409.04225529036313
2023-08-01 10:00:00+00:00,407.9666198539404
2023-08-01 11:00:00+00:00,402.6623221315618
2023-08-01 12:00:00+00:00,403.337583298339
2023-08-01 13:00:00+00:00,400.71481355468745
2023-08-01 13:30:00+00:00,398.4377926864453
2023-08-01 14:30:00+00:00,397.7697432185623
2023-08-01 15:30:00+00:00,396.2697058039319
2023-08-01 16:30:00+00:00,396.78883261130466
2023-08-01 17:30:00+00:00,393.6039962992343
2023-08-01 18:30:00+00:00,395.6881573742062
2023-08-01 19:30:00+00:00,393.4472347273552
2023-08-01 20:00:00+00:00,392.13300363282605
2023-08-01 21:00:00+00:00,393.84957085553395
2023-08-01 22:00:00+00:00,394.37094962446866
2023-08-01 23:00:00+00:00,394.2195466351542
2023-08-02 08:00:00+00:00,389.77864542943325
2023-08-02 09:00:00+00:00,389.75689716375
2023-08-02 10:00:00+00:00,387.69684551125397
2023-08-02 11:00:00+00:00,389.54208160725705
2023-08-02 12:00:00+00:00,388.8626115763896
2023-08-02 13:00:00+00:00,390.3451030629549
2023-08-02 13:30:00+00:00,392.59631634508486
2023-08-02 14:30:00+00:00,390.6997196343637
2023-08-02 15:30:00+00:00,387.86907166926346
2023-08-02 16:30:00+00:00,388.4417793203889
2023-08-02 17:30:00+00:00,387.9116931797608
2023-08-02 18:30:00+00:00,385.6933536562489
2023-08-02 19:30:00+00:00,387.66749623740077
2023-08-02 20:00:00+00:00,387.3987360375161
2023-08-02 21:00:00+00:00,387.8311193455125
2023-08-02 22:00:00+00:00,388.4882340542506
2023-08-02 23:00:00+00:00,387.8153850097096
2023-08-03 08:00:00+00:00,385.6383760687258
2023-08-03 09:00:00+00:00,385.22734443207753
2023-08-03 10:00:00+00:00,386.7916137515374
2023-08-03 11:00:00+00:00,387.63508593236696
2023-08-03 12:00:00+00:00,387.9012195467763
2023-08-03 13:00:00+00:00,387.4146202582084
2023-08-03 13:30:00+00:00,386.9258103425998
2023-08-03 14:30:00+00:00,388.24069258840325
2023-08-03 15:30:00+00:00,386.03024034307407
2023-08-03 16:30:00+00:00,385.06882538683743
2023-08-03 17:30:00+00:00,385.45819319588156
2023-08-03 18:30:00+00:00,383.8264630116218
2023-08-03 19:30:00+00:00,386.30967778206724
2023-08-03 20:00:00+00:00,386.7047915995988
2023-08-03 21:00:00+00:00,387.2962339880007
2023-08-03 22:00:00+00:00,386.03365532071336
2023-08-03 23:00:00+00:00,388.91119773565083
2023-08-04 08:00:00+00:00,390.9988604282145
2023-08-04 09:00:00+00:00,389.33920968583607
2023-08-04 10:00:00+00:00,389.26309258369065
2023-08-04 11:00:00+00:00,391.0367821968469
2023-08-04 12:00:00+00:00,390.31421357823837
2023-08-04 13:00:00+00:00,387.2832688146126
2023-08-04 13:30:00+00:00,385.56207814728157
2023-08-04 14:30:00+00:00,387.05409944413447
2023-08-04 15:30:00+00:00,385.4220985466137
2023-08-04 16:30:00+00:00,388.25297065129854
2023-08-04 17:30:00+00:00,386.45406245722614
2023-08-04 18:30:00+00:00,387.039531912263
2023-08-04 19:30:00+00:00,387.8821060387996
2023-08-04 20:00:00+00:00,386.2148501394162
2023-08-04 21:00:00+00:00,385.0961943386189
2023-08-04 22:00:00+00:00,386.1132794339129
2023-08-04 23:00:00+00:00,385.27294804644583
2023-08-07 08:00:00+00:00,387.6497429094248
2023-08-07 09:00:00+00:00,387.10880493068476
2023-08-07 10:00:00+00:00,383.19810299908255
2023-08-07 11:00:00+00:00,384.4185449607724
2023-08-07 12:00:00+00:00,385.85048779024424
2023-08-07 13:00:00+00:00,385.73609746116813
2023-08-07 13:30:00+00:00,381.9186850906744
2023-08-07 14:30:00+00:00,379.7183475482735
2023-08-07 15:30:00+00:00,380.8846031592911
2023-08-07 16:30:00+00:00,381.873983906081
2023-08-07 17:30:00+00:00,384.0643837683704
2023-08-07 18:30:00+00:00,383.12960312236174
2023-08-07 19:30:00+00:00,387.25749173356735
2023-08-07 20:00:00+00:00,386.55838634507217
2023-08-07 21:00:00+00:00,389.3705928285208
2023-08-07 22:00:00+00:00,391.06554868782246
2023-08-07 23:00:00+00:00,388.41020680627986
2023-08-08 08:00:00+00:00,390.2344868358051
2023-08-08 09:00:00+00:00,388.85664871499813
2023-08-08 10:00:00+00:00,388.76685472844224
2023-08-08 11:00:00+00:00,384.31976697401365
2023-08-08 12:00:00+00:00,383.4179997343115
2023-08-08 13:00:00+00:00,380.7247669312218
2023-08-08 13:30:00+00:00,380.72119598275384
2023-08-08 14:30:00+00:00,378.861886537355
2023-08-08 15:30:00+00:00,378.23175327458983
2023-08-08 16:30:00+00:00,379.67847770868593
2023-08-08 17:30:00+00:00,380.4955195421635
2023-08-08 18:30:00+00:00,377.7903955376973
2023-08-08 19:30:00+00:00,377.16319788453706
2023-08-08 20:00:00+00:00,377.9446085402648
2023-08-08 21:00:00+00:00,376.35725207141536
2023-08-08 22:00:00+00:00,374.3363203417555
2023-08-08 23:00:00+00:00,374.9834262628182
2023-08-09 08:00:00+00:00,376.7305072036917
2023-08-09 09:00:00+00:00,377.48138466038324
2023-08-09 10:00:00+00:00,377.1481634551437
2023-08-09 11:00:00+00:00,379.2791761762225
2023-08-09 12:00:00+00:00,377.4075357852278
2023-08-09 13:00:00+00:00,375.8120005308994
2023-08-09 13:30:00+00:00,376.0354159193637
2023-08-09 14:30:00+00:00,377.28282309565765
2023-08-09 15:30:00+00:00,376.9317818887246
2023-08-09 16:30:00+00:00,376.98015218416407
2023-08-09 17:30:00+00:00,378.865597739793
2023-08-09 18:30:00+00:00,378.0657850018109
2023-08-09 19:30:00+00:00,375.61337573085035
2023-08-09 20:00:00+00:00,373.4372225676445
2023-08-09 21:00:00+00:00,373.1124084411536
2023-08-09 22:00:00+00:00,374.2873073218303
2023-08-09 23:00:00+00:00,373.09352455896834
2023-08-10 08:00:00+00:00,373.0864892745548
2023-08-10 09:00:00+00:00,370.8474170308148
2023-08-10 10:00:00+00:00,369.9758365823151
2023-08-10 11:00:00+00:00,370.34046331208714
2023-08-10 12:00:00+00:00,370.45337312112025
2023-08-10 13:00:00+00:00,371.04962426909674
2023-08-10 13:30:00+00:00,370.2512785838891
2023-08-10 14:30:00+00:00,371.9101037896766
2023-08-10 15:30:00+00:00,371.09370546748147
2023-08-10 16:30:00+00:00,371.303609721132
2023-08-10 17:30:00+00:00,371.01490563097525
2023-08-10 18:30:00+00:00,374.6010798402356
2023-08-10 19:30:00+00:00,375.2449731567837
2023-08-10 20:00:00+00:00,376.05330074972585
2023-08-10 21:00:00+00:00,376.5659493769867
2023-08-10 22:00:00+00:00,378.02509541528195
2023-08-10 23:00:00+00:00,379.6829882368999
2023-08-11 08:00:00+00:00,378.58805826412043
2023-08-11 09:00:00+00:00,379.8336072312814
2023-08-11 10:00:00+00:00,378.4820903707289
2023-08-11 11:00:00+00:00,378.05909640258034
2023-08-11 12:00:00+00:00,376.82463931791676
2023-08-11 13:00:00+00:00,375.016147610611
2023-08-11 13:30:00+00:00,373.11318148086843
2023-08-11 14:30:00+00:00,373.7351109553444
2023-08-11 15:30:00+00:00,370.70210512901104
2023-08-11 16:30:00+00:00,372.65714536378835
2023-08-11 17:30:00+00:00,371.58360358707085
2023-08-11 18:30:00+00:00,372.3106076052286
2023-08-11 19:30:00+00:00,372.0868832584157
2023-08-11 20:00:00+00:00,374.261076212439
2023-08-11 21:00:00+00:00,375.2226783351574
2023-08-11 22:00:00+00:00,373.16260018515834
2023-08-11 23:00:00+00:00,371.71073127095536
2023-08-14 08:00:00+00:00,371.2324897301452
2023-08-14 09:00:00+00:00,371.50291604120747
2023-08-14 10:00:00+00:00,371.5197571271927
2023-08-14 11:00:00+00:00,371.2719126438766
2023-08-14 12:00:00+00:00,367.5426289128429
2023-08-14 13:00:00+00:00,368.09552880313163
2023-08-14 13:30:00+00:00,366.95418043358103
2023-08-14 14:30:00+00:00,364.59173130580535
2023-08-14 15:30:00+00:00,361.9028208388832
2023-08-14 16:30:00+00:00,362.32576411702775
2023-08-14 17:30:00+00:00,360.8641206652124
2023-08-14 18:30:00+00:00,360.8808896268285
2023-08-14 19:30:00+00:00,360.2167941763534
2023-08-14 20:00:00+00:00,359.3833852797934
2023-08-14 21:00:00+00:00,361.87694767149463
2023-08-14 22:00:00+00:00,360.2551911708504
2023-08-14 23:00:00+00:00,358.35720347957545
2023-08-15 08:00:00+00:00,359.62702060013123
2023-08-15 09:00:00+00:00,360.031008693793
2023-08-15 10:00:00+00:00,361.10555899928585
2023-08-15 11:00:00+00:00,361.3851863912306
2023-08-15 12:00:00+00:00,361.9508372933006
2023-08-15 13:00:00+00:00,361.46260491562646
2023-08-15 13:30:00+00:00,361.9577604475772
2023-08-15 14:30:00+00:00,364.35252051423834
2023-08-15 15:30:00+00:00,364.2783860221474
2023-08-15 16:30:00+00:00,363.89372187498026
2023-08-15 17:30:00+00:00,366.52985524624563
2023-08-15 18:30:00+00:00,368.45278116273363
2023-08-15 19:30:00+00:00,366.34186752450046
2023-08-15 20:00:00+00:00,365.157316182469
2023-08-15 21:00:00+00:00,366.7170597106374
2023-08-15 22:00:00+00:00,366.2322779588256
2023-08-15 23:00:00+00:00,365.0813129358385
2023-08-16 08:00:00+00:00,365.2930372787979
2023-08-16 09:00:00+00:00,367.5872519662461
2023-08-16 10:00:00+00:00,368.3728264304306
2023-08-16 11:00:00+00:00,366.8724581242449
2023-08-16 12:00:00+00:00,366.4791688678486
2023-08-16 13:00:00+00:00,363.5293723416051
2023-08-16 13:30:00+00:00,362.76330555908623
2023-08-16 14:30:00+00:00,363.663766996234
2023-08-16 15:30:00+00:00,363.2641888168551
2023-08-16 16:30:00+00:00,362.1432916666726
2023-08-16 17:30:00+00:00,361.26193453321207
2023-08-16 18:30:00+00:00,358.98083504638277
2023-08-16 19:30:00+00:00,361.5637589120632
2023-08-16 20:00:00+00:00,361.6734494787223
2023-08-16 21:00:00+00:00,358.31536564292315
2023-08-16 22:00:00+00:00,356.0252605273101
2023-08-16 23:00:00+00:00,356.600373665032
2023-08-17 08:00:00+00:00,355.5798260247182
2023-08-17 09:00:00+00:00,356.3970616018597
2023-08-17 10:00:00+00:00,358.8757297192661
2023-08-17 11:00:00+00:00,359.2071718561157
2023-08-17 12:00:00+00:00,360.4248084626073
2023-08-17 13:00:00+00:00,360.2097707417442
2023-08-17 13:30:00+00:00,361.6527086759928
2023-08-17 14:30:00+00:00,362.56517786981686
2023-08-17 15:30:00+00:00,363.49148420200373
2023-08-17 16:30:00+00:00,365.0101925422025
2023-08-17 17:30:00+00:00,365.1311896178235
2023-08-17 18:30:00+00:00,366.69391314254335
2023-08-17 19:30:00+00:00,364.178559927591
2023-08-17 20:00:00+00:00,362.52875946140443
2023-08-17 21:00:00+00:00,359.23636776060846
2023-08-17 22:00:00+00:00,359.00297932821206
2023-08-17 23:00:00+00:00,359.8759929060453
2023-08-18 08:00:00+00:00,357.53545468784137
2023-08-18 09:00:00+00:00,359.774716029572
2023-08-18 10:00:00+00:00,358.853593127288
2023-08-18 11:00:00+00:00,360.88698442266366
2023-08-18 12:00:00+00:00,359.91301920507715
2023-08-18 13:00:00+00:00,359.84479645485726
2023-08-18 13:30:00+00:00,359.5256778497856
2023-08-18 14:30:00+00:00,362.0281614105129
2023-08-18 15:30:00+00:00,362.5183862303747
2023-08-18 16:30:00+00:00,359.9024926496291
2023-08-18 17:30:00+00:00,359.8624737338886
2023-08-18 18:30:00+00:00,357.91918617039266
2023-08-18 19:30:00+00:00,358.4121195535894
2023-08-18 20:00:00+00:00,359.1457167308569
2023-08-18 21:00:00+00:00,359.8420780889845
2023-08-18 22:00:00+00:00,360.5099661042179
2023-08-18 23:00:00+00:00,359.5316699215593
2023-08-21 08:00:00+00:00,362.1092842631064
2023-08-21 09:00:00+00:00,363.7872204159769
2023-08-21 10:00:00+00:00,363.465908591761
2023-08-21 11:00:00+00:00,362.6782865655378
2023-08-21 12:00:00+00:00,362.6385254990272
2023-08-21 13:00:00+00:00,360.0974098599953
2023-08-21 13:30:00+00:00,358.8278482292408
2023-08-21 14:30:00+00:00,358.01662086611486
2023-08-21 15:30:00+00:00,358.7144784224904
2023-08-21 16:30:00+00:00,358.49767876936244
2023-08-21 17:30:00+00:00,359.2730565435244
2023-08-21 18:30:00+00:00,359.0918866661593
2023-08-21 19:30:00+00:00,360.6728031906049
2023-08-21 20:00:00+00:00,358.78964316505875
2023-08-21 21:00:00+00:00,359.5777534614784
2023-08-21 22:00:00+00:00,360.61311249086657
2023-08-21 23:00:00+00:00,361.16195010435916
2023-08-22 08:00:00+00:00,360.2062994975672
2023-08-22 09:00:00+00:00,358.4050810483118
2023-08-22 10:00:00+00:00,355.34428551195856
2023-08-22 11:00:00+00:00,353.8073311915269
2023-08-22 12:00:00+00:00,355.1751947873831
2023-08-22 13:00:00+00:00,356.2838261383652
2023-08-22 13:30:00+00:00,356.8053963669213
2023-08-22 14:30:00+00:00,358.37529603102223
2023-08-22 15:30:00+00:00,359.54244996729244
2023-08-22 16:30:00+00:00,358.728812636007
2023-08-22 17:30:00+00:00,355.81787418243
2023-08-22 18:30:00+00:00,354.5599577994803
2023-08-22 19:30:00+00:00,354.4362035746156
2023-08-22 20:00:00+00:00,358.33936188019766
2023-08-22 21:00:00+00:00,356.93975748024616
2023-08-22 22:00:00+00:00,354.52722121613294
2023-08-22 23:00:00+00:00,351.38084454470146
2023-08-23 08:00:00+00:00,350.79799270937724
2023-08-23 09:00:00+00:00,351.743576842686
2023-08-23 10:00:00+00:00,351.3138157758089
2023-08-23 11:00:00+00:00,351.6055710165698
2023-08-23 12:00:00+00:00,353.99877385960133
2023-08-23 13:00:00+00:00,356.1152014711261
2023-08-23 13:30:00+00:00,357.38103241713657
2023-08-23 14:30:00+00:00,355.0953881747963
2023-08-23 15:30:00+00:00,352.6514112052261
2023-08-23 16:30:00+00:00,350.2501121561769
2023-08-23 17:30:00+00:00,348.623256287027
2023-08-23 18:30:00+00:00,346.3868665892261
2023-08-23 19:30:00+00:00,346.4863879544551
2023-08-23 20:00:00+00:00,346.65111475544694
2023-08-23 21:00:00+00:00,346.53653134880875
2023-08-23 22:00:00+00:00,346.979484849184
2023-08-23 23:00:00+00:00,348.1259723824029
2023-08-24 08:00:00+00:00,348.3911220382738
2023-08-24 09:00:00+00:00,345.8506106214941
2023-08-24 10:00:00+00:00,346.4020002392184
2023-08-24 11:00:00+00:00,344.8182303143173
2023-08-24 12:00:00+00:00,345.8012173203117
2023-08-24 13:00:00+00:00,347.0708956508698
2023-08-24 13:30:00+00:00,344.23396645617703
2023-08-24 14:30:00+00:00,341.14865613058
2023-08-24 15:30:00+00:00,342.7889207752741
2023-08-24 16:30:00+00:00,344.1459098453938
2023-08-24 17:30:00+00:00,344.49435774772206
2023-08-24 18:30:00+00:00,346.4967025597902
2023-08-24 19:30:00+00:00,345.7264623172373
2023-08-24 20:00:00+00:00,343.9216793036226
2023-08-24 21:00:00+00:00,342.29103140824446
2023-08-24 22:00:00+00:00,342.7327996614624
2023-08-24 23:00:00+00:00,341.19180296465
2023-08-25 08:00:00+00:00,343.31459537404754
2023-08-25 09:00:00+00:00,343.5030798941554
2023-08-25 10:00:00+00:00,345.683975289771
2023-08-25 11:00:00+00:00,344.96934036430014
2023-08-25 12:00:00+00:00,343.93908444849626
2023-08-25 13:00:00+00:00,342.6432746113604
2023-08-25 13:30:00+00:00,342.6959078757194
2023-08-25 14:30:00+00:00,341.96161795350537
2023-08-25 15:30:00+00:00,343.35987183790945
2023-08-25 16:30:00+00:00,343.67623299441493
2023-08-25 17:30:00+00:00,343.60279216087474
2023-08-25 18:30:00+00:00,344.89715335054893
2023-08-25 19:30:00+00:00,345.2519114043158
2023-08-25 20:00:00+00:00,342.5961369983394
2023-08-25 21:00:00+00:00,341.04358496833464
2023-08-25 22:00:00+00:00,341.95559512883244
2023-08-25 23:00:00+00:00,340.2248491854334
2023-08-28 08:00:00+00:00,338.7730186995871
2023-08-28 09:00:00+00:00,340.2809748164009
2023-08-28 10:00:00+00:00,340.3794199301141
2023-08-28 11:00:00+00:00,338.2807486464539
2023-08-28 12:00:00+00:00,336.71072082786145
2023-08-28 13:00:00+00:00,335.46850026603016
2023-08-28 13:30:00+00:00,334.6977065938079
2023-08-28 14:30:00+00:00,336.36041901158376
2023-08-28 15:30:00+00:00,337.52330781500854
2023-08-28 16:30:00+00:00,339.9725132828956
2023-08-28 17:30:00+00:00,338.1401118432627
2023-08-28 18:30:00+00:00,338.17821931616896
2023-08-28 19:30:00+00:00,337.94648746028673
2023-08-28 20:00:00+00:00,336.88804958161023
2023-08-28 21:00:00+00:00,337.7384741938752
2023-08-28 22:00:00+00:00,338.30531099314214
2023-08-28 23:00:00+00:00,339.47858509415624
2023-08-29 08:00:00+00:00,339.46194781079475
2023-08-29 09:00:00+00:00,340.03597764544463
2023-08-29 10:00:00+00:00,341.50342506969133
2023-08-29 11:00:00+00:00,343.2063502826732
2023-08-29 12:00:00+00:00,342.3034051918216
2023-08-29 13:00:00+00:00,343.35357264020706
2023-08-29 13:30:00+00:00,342.28665321103455
2023-08-29 14:30:00+00:00,343.3868585410935
2023-08-29 15:30:00+00:00,343.5092558506488
2023-08-29 16:30:00+00:00,341.74999644344996
2023-08-29 17:30:00+00:00,341.89085274239295
2023-08-29 18:30:00+00:00,343.11545485952496
2023-08-29 19:30:00+00:00,343.58750519505827
2023-08-29 20:00:00+00:00,344.4036302988223
2023-08-29 21:00:00+00:00,344.8456923036873
2023-08-29 22:00:00+00:00,346.6315919854029
2023-08-29 23:00:00+00:00,344.81608061654316
2023-08-30 08:00:00+00:00,344.178685042618
2023-08-30 09:00:00+00:00,344.15034014258134
2023-08-30 10:00:00+00:00,345.7039746655807
2023-08-30 11:00:00+00:00,345.8492080430202
2023-08-30 12:00:00+00:00,347.78979223576385
2023-08-30 13:00:00+00:00,347.66836597548007
2023-08-30 13:30:00+00:00,347.1617507884515
2023-08-30 14:30:00+00:00,349.066517443599
2023-08-30 15:30:00+00:00,350.55574558627546
2023-08-30 16:30:00+00:00,350.4872068474469
2023-08-30 17:30:00+00:00,352.265221185042
2023-08-30 18:30:00+00:00,351.1895773462045
2023-08-30 19:30:00+00:00,351.90271249072885
2023-08-30 20:00:00+00:00,350.6442311264826
2023-08-30 21:00:00+00:00,351.1918310080094
2023-08-30 22:00:00+00:00,352.31871576722625
2023-08-30 23:00:00+00:00,351.56315572956527
2023-08-31 08:00:00+00:00,350.33993429845026
2023-08-31 09:00:00+00:00,348.3613047829301
2023-08-31 10:00:00+00:00,346.371460117819
2023-08-31 11:00:00+00:00,347.37755777687613
2023-08-31 12:00:00+00:00,347.38377084421114
2023-08-31 13:00:00+00:00,344.42898980150767
2023-08-31 13:30:00+00:00,342.8710537197649
2023-08-31 14:30:00+00:00,345.0680380505758
2023-08-31 15:30:00+00:00,344.7487453177955
2023-08-31 16:30:00+00:00,344.14033153429483
2023-08-31 17:30:00+00:00,345.9170135974104
2023-08-31 18:30:00+00:00,346.86023064260473
2023-08-31 19:30:00+00:00,350.420293631552
2023-08-31 20:00:00+00:00,351.11598541063603
2023-08-31 21:00:00+00:00,348.4798099270385
2023-08-31 22:00:00+00:00,349.31781690139996
2023-08-31 23:00:00+00:00,348.11320254691196
2023-09-01 08:00:00+00:00,347.0158033367264
2023-09-01 09:00:00+00:00,350.7584885796709
2023-09-01 10:00:00+00:00,350.40017071779397
2023-09-01 11:00:00+00:00,352.951625121205
2023-09-01 12:00:00+00:00,350.3666919086518
2023-09-01 13:00:00+00:00,349.5893359077199
2023-09-01 13:30:00+00:00,349.2411648123567
2023-09-01 14:30:00+00:00,348.5734020081811
2023-09-01 15:30:00+00:00,347.9774965231236
2023-09-01 16:30:00+00:00,349.6455387954159
2023-09-01 17:30:00+00:00,351.58532320974916
2023-09-01 18:30:00+00:00,350.1251242376457
2023-09-01 19:30:00+00:00,350.0686330891781
2023-09-01 20:00:00+00:00,351.3824984547916
2023-09-01 21:00:00+00:00,350.05007173965566
2023-09-01 22:00:00+00:00,350.86160372409654
2023-09-01 23:00:00+00:00,350.14323862339444
2023-09-05 08:00:00+00:00,349.9649424816101
2023-09-05 09:00:00+00:00,349.16009584232154
2023-09-05 10:00:00+00:00,347.9332413391175
2023-09-05 11:00:00+00:00,346.75557262623227
2023-09-05 12:00:00+00:00,347.85760029685997
2023-09-05 13:00:00+00:00,348.5396205768508
2023-09-05 13:30:00+00:00,349.0916101876949
2023-09-05 14:30:00+00:00,346.8837473216493
2023-09-05 15:30:00+00:00,346.72809257266425
2023-09-05 16:30:00+00:00,347.6506045998192
2023-09-05 17:30:00+00:00,349.2543633427138
2023-09-05 18:30:00+00:00,349.14921058408197
2023-09-05 19:30:00+00:00,349.56995548221767
2023-09-05 20:00:00+00:00,351.3194964155574
2023-09-05 21:00:00+00:00,351.02038571018903
2023-09-05 22:00:00+00:00,351.12852036787854
2023-09-05 23:00:00+00:00,351.6320669298615
2023-09-06 08:00:00+00:00,349.0408116104564
2023-09-06 09:00:00+00:00,348.4134977647097
2023-09-06 10:00:00+00:00,348.3826257781352
2023-09-06 11:00:00+00:00,347.6816163237403
2023-09-06 12:00:00+00:00,348.7883559584627
2023-09-06 13:00:00+00:00,351.27074233709317
2023-09-06 13:30:00+00:00,349.88636908611835
2023-09-06 14:30:00+00:00,351.6369946982809
2023-09-06 15:30:00+00:00,352.927060582224
2023-09-06 16:30:00+00:00,350.94411511974664
2023-09-06 17:30:00+00:00,353.0804257492941
2023-09-06 18:30:00+00:00,349.8404600695198
2023-09-06 19:30:00+00:00,349.0197672232452
2023-09-06 20:00:00+00:00,347.9931869054541
2023-09-06 21:00:00+00:00,348.060053308042
2023-09-06 22:00:00+00:00,349.5876664331618
2023-09-06 23:00:00+00:00,347.86023690656475
2023-09-07 08:00:00+00:00,348.4819598367171
2023-09-07 09:00:00+00:00,348.23083128441607
2023-09-07 10:00:00+00:00,348.5099339203713
2023-09-07 11:00:00+00:00,351.18336957375254
2023-09-07 12:00:00+00:00,351.56054019875745
2023-09-07 13:00:00+00:00,352.7695380544835
2023-09-07 13:30:00+00:00,352.62869778074105
2023-09-07 14:30:00+00:00,353.7903701505588
2023-09-07 15:30:00+00:00,352.9854915307309
2023-09-07 16:30:00+00:00,354.8614641881255
2023-09-07 17:30:00+00:00,357.6110684579596
2023-09-07 18:30:00+00:00,356.9753855747437
2023-09-07 19:30:00+00:00,356.34720557820623
2023-09-07 20:00:00+00:00,355.206897059836
2023-09-07 21:00:00+00:00,356.09961922170964
2023-09-07 22:00:00+00:00,358.29255534479944
2023-09-07 23:00:00+00:00,357.3891127511412
2023-09-08 08:00:00+00:00,357.833558305134
2023-09-08 09:00:00+00:00,359.3827953644239
2023-09-08 10:00:00+00:00,360.1588121926297
2023-09-08 11:00:00+00:00,361.3138043642036
2023-09-08 12:00:00+00:00,361.89065705800436
2023-09-08 13:00:00+00:00,361.14427429801344
2023-09-08 13:30:00+00:00,357.710156258534
2023-09-08 14:30:00+00:00,356.66219996660226
2023-09-08 15:30:00+00:00,357.6855893377499
2023-09-08 16:30:00+00:00,354.3742448056263
2023-09-08 17:30:00+00:00,352.9123808924534
2023-09-08 18:30:00+00:00,351.1329473020686
2023-09-08 19:30:00+00:00,351.62235322787313
2023-09-08 20:00:00+00:00,349.7477588586414
2023-09-08 21:00:00+00:00,348.8313612203456
2023-09-08 22:00:00+00:00,350.2489110823108
2023-09-08 23:00:00+00:00,350.431979812569
2023-09-11 08:00:00+00:00,350.5368522384562
2023-09-11 09:00:00+00:00,350.79229175520715
2023-09-11 10:00:00+00:00,348.71145789957006
2023-09-11 11:00:00+00:00,348.3059011600735
2023-09-11 12:00:00+00:00,349.33781992646783
2023-09-11 13:00:00+00:00,350.07770968479286
2023-09-11 13:30:00+00:00,349.1473755173558
2023-09-11 14:30:00+00:00,349.5088898327909
2023-09-11 15:30:00+00:00,351.122594160732
2023-09-11 16:30:00+00:00,350.59988015483276
2023-09-11 17:30:00+00:00,353.3123536375635
2023-09-11 18:30:00+00:00,351.82383534351976
2023-09-11 19:30:00+00:00,352.26157373725084
2023-09-11 20:00:00+00:00,353.625089486934
2023-09-11 21:00:00+00:00,351.05679495279367
2023-09-11 22:00:00+00:00,351.4028225255655
2023-09-11 23:00:00+00:00,353.13195896077815
2023-09-12 08:00:00+00:00,355.3605921899343
2023-09-12 09:00:00+00:00,356.85839745433725
2023-09-12 10:00:00+00:00,356.7647571135055
2023-09-12 11:00:00+00:00,356.6607164987327
2023-09-12 12:00:00+00:00,356.1101357576176
2023-09-12 13:00:00+00:00,355.4469782256118
2023-09-12 13:30:00+00:00,353.0564492199145
2023-09-12 14:30:00+00:00,354.27256972390387
2023-09-12 15:30:00+00:00,354.12156816096484
2023-09-12 16:30:00+00:00,355.7370518466615
2023-09-12 17:30:00+00:00,354.7785849685063
2023-09-12 18:30:00+00:00,354.442061950461
2023-09-12 19:30:00+00:00,354.6679511014746
2023-09-12 20:00:00+00:00,353.8372118362883
2023-09-12 21:00:00+00:00,350.9780826782742
2023-09-12 22:00:00+00:00,352.34359175658886
2023-09-12 23:00:00+00:00,350.9834940549054
2023-09-13 08:00:00+00:00,352.64271044577754
2023-09-13 09:00:00+00:00,355.4837830603796
2023-09-13 10:00:00+00:00,353.59679192929553
2023-09-13 11:00:00+00:00,355.6239566913693
2023-09-13 12:00:00+00:00,355.1213156257885
2023-09-13 13:00:00+00:00,353.35159976350826
2023-09-13 13:30:00+00:00,351.9848941936567
2023-09-13 14:30:00+00:00,351.7635777343048
2023-09-13 15:30:00+00:00,349.09484287679055
2023-09-13 16:30:00+00:00,350.24181755450695
2023-09-13 17:30:00+00:00,352.2368941237845
2023-09-13 18:30:00+00:00,351.36423974162375
2023-09-13 19:30:00+00:00,349.6606031782342
2023-09-13 20:00:00+00:00,350.4302649301439
2023-09-13 21:00:00+00:00,348.6024773997516
2023-09-13 22:00:00+00:00,348.23924018802774
2023-09-13 23:00:00+00:00,348.78710880906675
2023-09-14 08:00:00+00:00,348.8287914163557
2023-09-14 09:00:00+00:00,350.21033528531933
2023-09-14 10:00:00+00:00,350.81872025417175
2023-09-14 11:00:00+00:00,350.2844091979138
2023-09-14 12:00:00+00:00,351.6015079288412
2023-09-14 13:00:00+00:00,351.53615458266347
2023-09-14 13:30:00+00:00,352.0726887729764
2023-09-14 14:30:00+00:00,351.94899670971563
2023-09-14 15:30:00+00:00,350.78958531299577
2023-09-14 16:30:00+00:00,351.87284459915753
2023-09-14 17:30:00+00:00,351.22911318801226
2023-09-14 18:30:00+00:00,352.11700762192686
2023-09-14 19:30:00+00:00,351.34185638809214
2023-09-14 20:00:00+00:00,351.6647546539494
2023-09-14 21:00:00+00:00,353.9093599939177
2023-09-14 22:00:00+00:00,354.0310554362661
2023-09-14 23:00:00+00:00,354.1268386555502
2023-09-15 08:00:00+00:00,352.55629615672467
2023-09-15 09:00:00+00:00,354.4185852330212
2023-09-15 10:00:00+00:00,354.3324527212877
2023-09-15 11:00:00+00:00,353.1533479156256
2023-09-15 12:00:00+00:00,349.8789259183893
2023-09-15 13:00:00+00:00,351.25017027764807
2023-09-15 13:30:00+00:00,351.7691511974241
2023-09-15 14:30:00+00:00,351.66067002684895
2023-09-15 15:30:00+00:00,351.18064173416445
2023-09-15 16:30:00+00:00,352.28979044314104
2023-09-15 17:30:00+00:00,353.66704587488084
2023-09-15 18:30:00+00:00,354.69591431164383
2023-09-15 19:30:00+00:00,354.44068912559436
2023-09-15 20:00:00+00:00,355.3835422538367
2023-09-15 21:00:00+00:00,357.55542664591763
2023-09-15 22:00:00+00:00,357.5797326347161
2023-09-15 23:00:00+00:00,356.95605845959983
2023-09-18 08:00:00+00:00,355.3275762424984
2023-09-18 09:00:00+00:00,354.52137355860714
2023-09-18 10:00:00+00:00,357.24350988472264
2023-09-18 11:00:00+00:00,355.16432820247275
2023-09-18 12:00:00+00:00,355.82716002151346
2023-09-18 13:00:00+00:00,352.39892057528454
2023-09-18 13:30:00+00:00,353.7421969912216
2023-09-18 14:30:00+00:00,355.37820267801453
2023-09-18 15:30:00+00:00,356.17144925221015
2023-09-18 16:30:00+00:00,354.73315293788875
2023-09-18 17:30:00+00:00,354.35349965221087
2023-09-18 18:30:00+00:00,348.56226522315774
2023-09-18 19:30:00+00:00,349.07666579509987
2023-09-18 20:00:00+00:00,348.27293246996453
2023-09-18 21:00:00+00:00,348.11611185391155
2023-09-18 22:00:00+00:00,349.7000163750909
2023-09-18 23:00:00+00:00,346.7809458149113
2023-09-19 08:00:00+00:00,347.8292823463422
2023-09-19 09:00:00+00:00,346.2762144629776
2023-09-19 10:00:00+00:00,346.1512490829583
2023-09-19 11:00:00+00:00,345.8192278804046
2023-09-19 12:00:00+00:00,346.46153934296956
2023-09-19 13:00:00+00:00,348.9899040888109
2023-09-19 13:30:00+00:00,349.677148823858
2023-09-19 14:30:00+00:00,349.9642958159835
2023-09-19 15:30:00+00:00,352.3791627814151
2023-09-19 16:30:00+00:00,353.3343370208728
2023-09-19 17:30:00+00:00,349.3730213603219
2023-09-19 18:30:00+00:00,349.84321729799336
2023-09-19 19:30:00+00:00,349.45003544246435
2023-09-19 20:00:00+00:00,350.3231720189207
2023-09-19 21:00:00+00:00,350.80838457114123
2023-09-19 22:00:00+00:00,351.64829467506576
2023-09-19 23:00:00+00:00,352.3905000962344
2023-09-20 08:00:00+00:00,351.92063139426426
2023-09-20 09:00:00+00:00,351.9611698332579
2023-09-20 10:00:00+00:00,351.77529174808325
2023-09-20 11:00:00+00:00,352.5861383074409
2023-09-20 12:00:00+00:00,353.8601220153046
2023-09-20 13:00:00+00:00,356.49220409428335
2023-09-20 13:30:00+00:00,357.30873872167484
2023-09-20 14:30:00+00:00,355.7396607162458
2023-09-20 15:30:00+00:00,354.88285126033435
2023-09-20 16:30:00+00:00,355.05927489222137
2023-09-20 17:30:00+00:00,355.0792987458597
2023-09-20 18:30:00+00:00,354.83004364548214
2023-09-20 19:30:00+00:00,352.2321047564776
2023-09-20 20:00:00+00:00,351.4998280126337
2023-09-20 21:00:00+00:00,352.07441608492434
2023-09-20 22:00:00+00:00,351.14079445434953
2023-09-20 23:00:00+00:00,350.9565206091745
2023-09-21 08:00:00+00:00,350.9245799755994
2023-09-21 09:00:00+00:00,353.8914971511793
2023-09-21 10:00:00+00:00,353.77460229119663
2023-09-21 11:00:00+00:00,356.13256331947053
2023-09-21 12:00:00+00:00,355.6275658751419
2023-09-21 13:00:00+00:00,356.3117618666536
2023-09-21 13:30:00+00:00,354.5540885845706
2023-09-21 14:30:00+00:00,354.05235169163115
2023-09-21 15:30:00+00:00,355.2879421556077
2023-09-21 16:30:00+00:00,357.34651548187315
2023-09-21 17:30:00+00:00,358.0074430976149
2023-09-21 18:30:00+00:00,358.48736103317015
2023-09-21 19:30:00+00:00,357.48195924524066
2023-09-21 20:00:00+00:00,359.8244050147662
2023-09-21 21:00:00+00:00,359.7726022682335
2023-09-21 22:00:00+00:00,358.7824044302073
2023-09-21 23:00:00+00:00,357.56151214816055
2023-09-22 08:00:00+00:00,356.8280035225556
2023-09-22 09:00:00+00:00,356.50991268428675
2023-09-22 10:00:00+00:00,358.8598288937797
2023-09-22 11:00:00+00:00,357.0507714619606
2023-09-22 12:00:00+00:00,357.98221258438576
2023-09-22 13:00:00+00:00,356.9089506813713
2023-09-22 13:30:00+00:00,358.4156837510292
2023-09-22 14:30:00+00:00,357.8782388852499
2023-09-22 15:30:00+00:00,357.3321809558504
2023-09-22 16:30:00+00:00,357.07131463491993
2023-09-22 17:30:00+00:00,354.0121612167514
2023-09-22 18:30:00+00:00,353.2705465914735
2023-09-22 19:30:00+00:00,354.5662803525796
2023-09-22 20:00:00+00:00,353.9851236393339
2023-09-22 21:00:00+00:00,355.4517097711736
2023-09-22 22:00:00+00:00,357.1962505201077
2023-09-22 23:00:00+00:00,354.9174396288917
2023-09-25 08:00:00+00:00,352.9015524236125
2023-09-25 09:00:00+00:00,352.1573711272143
2023-09-25 10:00:00+00:00,350.145856229383
2023-09-25 11:00:00+00:00,347.88749914936074
2023-09-25 12:00:00+00:00,348.3024715650577
2023-09-25 13:00:00+00:00,346.60720774222864
2023-09-25 13:30:00+00:00,347.0448062275683
2023-09-25 14:30:00+00:00,346.6300448322246
2023-09-25 15:30:00+00:00,345.2264617598459
2023-09-25 16:30:00+00:00,347.05875769895863
2023-09-25 17:30:00+00:00,348.51073886829806
2023-09-25 18:30:00+00:00,348.58687440176914
2023-09-25 19:30:00+00:00,345.6198994651163
2023-09-25 20:00:00+00:00,345.7217150756793
2023-09-25 21:00:00+00:00,346.1575184139059
2023-09-25 22:00:00+00:00,344.20640762015046
2023-09-25 23:00:00+00:00,345.21823184053875
2023-09-26 08:00:00+00:00,344.6908394289035
2023-09-26 09:00:00+00:00,342.80643702218043
2023-09-26 10:00:00+00:00,342.81621562224467
2023-09-26 11:00:00+00:00,341.0016035414003
2023-09-26 12:00:00+00:00,338.32729910209605
2023-09-26 13:00:00+00:00,338.18498063282794
2023-09-26 13:30:00+00:00,337.7738818669626
2023-09-26 14:30:00+00:00,337.3544428374117
2023-09-26 15:30:00+00:00,337.0838920914487
2023-09-26 16:30:00+00:00,336.7285167058931
2023-09-26 17:30:00+00:00,338.3464793931303
2023-09-26 18:30:00+00:00,336.0344568836374
2023-09-26 19:30:00+00:00,335.6588119943384
2023-09-26 20:00:00+00:00,335.82351924110543
2023-09-26 21:00:00+00:00,336.36071373387017
2023-09-26 22:00:00+00:00,336.7491227161468
2023-09-26 23:00:00+00:00,339.2429422727609
2023-09-27 08:00:00+00:00,337.4085776429276
2023-09-27 09:00:00+00:00,337.3718939250988
2023-09-27 10:00:00+00:00,338.17915646292823
2023-09-27 11:00:00+00:00,339.23887876690185
2023-09-27 12:00:00+00:00,336.66369146561914
2023-09-27 13:00:00+00:00,336.9720301368808
2023-09-27 13:30:00+00:00,336.53833446237957
2023-09-27 14:30:00+00:00,337.37056307178756
2023-09-27 15:30:00+00:00,337.64975196869943
2023-09-27 16:30:00+00:00,335.82469083111016
2023-09-27 17:30:00+00:00,335.86023219476596
2023-09-27 18:30:00+00:00,337.0290033616983
2023-09-27 19:30:00+00:00,336.7420843508593
2023-09-27 20:00:00+00:00,339.3387792909032
2023-09-27 21:00:00+00:00,339.26336196806307
2023-09-27 22:00:00+00:00,336.99523865478164
2023-09-27 23:00:00+00:00,335.13862380916
2023-09-28 08:00:00+00:00,336.52134334006314
2023-09-28 09:00:00+00:00,336.1922430880745
2023-09-28 10:00:00+00:00,336.31944459443685
2023-09-28 11:00:00+00:00,338.1843252164955
2023-09-28 12:00:00+00:00,339.2268554469754
2023-09-28 13:00:00+00:00,340.3978423556695
2023-09-28 13:30:00+00:00,341.27541986766437
2023-09-28 14:30:00+00:00,342.9787959093067
2023-09-28 15:30:00+00:00,340.697943924798
2023-09-28 16:30:00+00:00,338.2522960493444
2023-09-28 17:30:00+00:00,338.94333074287476
2023-09-28 18:30:00+00:00,338.79705960003275
2023-09-28 19:30:00+00:00,340.899656394027
2023-09-28 20:00:00+00:00,340.32112053091265
2023-09-28 21:00:00+00:00,340.05275571472185
2023-09-28 22:00:00+00:00,340.39064525885715
2023-09-28 23:00:00+00:00,339.8439748682864
2023-09-29 08:00:00+00:00,341.93340134251724
2023-09-29 09:00:00+00:00,340.9657391835399
2023-09-29 10:00:00+00:00,341.59367312111107
2023-09-29 11:00:00+00:00,341.04730950597497
2023-09-29 12:00:00+00:00,341.1021817460535
2023-09-29 13:00:00+00:00,340.1858405800973
2023-09-29 13:30:00+00:00,341.2985591089219
2023-09-29 14:30:00+00:00,341.4656712212877
2023-09-29 15:30:00+00:00,341.2952819612926
2023-09-29 16:30:00+00:00,344.0823606081972
2023-09-29 17:30:00+00:00,344.85735700679743
2023-09-29 18:30:00+00:00,346.6813712363428
2023-09-29 19:30:00+00:00,344.92131596399656
2023-09-29 20:00:00+00:00,345.90204977053895
2023-09-29 21:00:00+00:00,344.2976325686256
2023-09-29 22:00:00+00:00,344.59216859786466
2023-09-29 23:00:00+00:00,343.11524034358814
2023-10-02 08:00:00+00:00,343.54356880951354
2023-10-02 09:00:00+00:00,342.84452074892664
2023-10-02 10:00:00+00:00,341.45350083520464
2023-10-02 11:00:00+00:00,343.4056811648076
2023-10-02 12:00:00+00:00,344.84468567342725
2023-10-02 13:00:00+00:00,344.05509398960845
2023-10-02 13:30:00+00:00,342.90039916510784
2023-10-02 14:30:00+00:00,343.42569058236325
2023-10-02 15:30:00+00:00,343.5215593110208
2023-10-02 16:30:00+00:00,343.4152900851223
2023-10-02 17:30:00+00:00,342.81303071876016
2023-10-02 18:30:00+00:00,345.73982736779624
2023-10-02 19:30:00+00:00,344.03783754156564
2023-10-02 20:00:00+00:00,341.46847289434436
2023-10-02 21:00:00+00:00,340.3282333688581
2023-10-02 22:00:00+00:00,341.6327394052621
2023-10-02 23:00:00+00:00,340.53685144807207
2023-10-03 08:00:00+00:00,340.196816681851
2023-10-03 09:00:00+00:00,338.9108836867245
2023-10-03 10:00:00+00:00,337.78076550869673
2023-10-03 11:00:00+00:00,339.5014533055197
2023-10-03 12:00:00+00:00,338.4493508269213
2023-10-03 13:00:00+00:00,339.65800119742204
2023-10-03 13:30:00+00:00,339.1662998917007
2023-10-03 14:30:00+00:00,341.2060323841042
2023-10-03 15:30:00+00:00,340.6270957620725
2023-10-03 16:30:00+00:00,339.8396505175992
2023-10-03 17:30:00+00:00,340.9213377503168
2023-10-03 18:30:00+00:00,343.2571595591122
2023-10-03 19:30:00+00:00,343.49386221908605
2023-10-03 20:00:00+00:00,343.49727877054846
2023-10-03 21:00:00+00:00,344.58150184675225
2023-10-03 22:00:00+00:00,343.06830599184696
2023-10-03 23:00:00+00:00,343.45785185686276
2023-10-04 08:00:00+00:00,339.9092959659187
2023-10-04 09:00:00+00:00,340.20875635429525
2023-10-04 10:00:00+00:00,340.13175885894225
2023-10-04 11:00:00+00:00,339.52131817823187
2023-10-04 12:00:00+00:00,338.77833443324306
2023-10-04 13:00:00+00:00,338.6747833678892
2023-10-04 13:30:00+00:00,339.3298941387951
2023-10-04 14:30:00+00:00,341.57505321238256
2023-10-04 15:30:00+00:00,341.5493667836212
2023-10-04 16:30:00+00:00,341.2755497625321
2023-10-04 17:30:00+00:00,338.73503668064103
2023-10-04 18:30:00+00:00,339.0345488819418
2023-10-04 19:30:00+00:00,341.4881348734634
2023-10-04 20:00:00+00:00,341.16065940549447
2023-10-04 21:00:00+00:00,341.3694479240668
2023-10-04 22:00:00+00:00,341.8889369226527
2023-10-04 23:00:00+00:00,340.46016501365915
2023-10-05 08:00:00+00:00,340.52013274177176
2023-10-05 09:00:00+00:00,340.2711115250461
2023-10-05 10:00:00+00:00,337.85878636357313
2023-10-05 11:00:00+00:00,335.8104606674331
2023-10-05 12:00:00+00:00,336.75192123039665
2023-10-05 13:00:00+00:00,337.5040668804974
2023-10-05 13:30:00+00:00,339.0996862139948
2023-10-05 14:30:00+00:00,338.65086666827125
2023-10-05 15:30:00+00:00,340.3831466755128
2023-10-05 16:30:00+00:00,338.748256164066
2023-10-05 17:30:00+00:00,338.1993586053139
2023-10-05 18:30:00+00:00,339.75948902422886
2023-10-05 19:30:00+00:00,338.9140344494868
2023-10-05 20:00:00+00:00,337.2449477053523
2023-10-05 21:00:00+00:00,339.61878035785065
2023-10-05 22:00:00+00:00,341.1313163821415
2023-10-05 23:00:00+00:00,341.00438683055046
2023-10-06 08:00:00+00:00,341.9564286948126
2023-10-06 09:00:00+00:00,340.7476231703093
2023-10-06 10:00:00+00:00,340.7239623785575
2023-10-06 11:00:00+00:00,343.9382033601789
2023-10-06 12:00:00+00:00,345.3040912205601
2023-10-06 13:00:00+00:00,345.14655409247547
2023-10-06 13:30:00+00:00,346.20551747067236
2023-10-06 14:30:00+00:00,347.16692472176464
2023-10-06 15:30:00+00:00,347.27337590380847
2023-10-06 16:30:00+00:00,349.6978247052826
2023-10-06 17:30:00+00:00,347.0720411649537
2023-10-06 18:30:00+00:00,348.36325761114006
2023-10-06 19:30:00+00:00,347.90972246543834
2023-10-06 20:00:00+00:00,345.8095051890748
2023-10-06 21:00:00+00:00,343.9711827836437
2023-10-06 22:00:00+00:00,345.1354323325966
2023-10-06 23:00:00+00:00,343.4718672406468
2023-10-09 08:00:00+00:00,343.44762830164063
2023-10-09 09:00:00+00:00,346.9918065642159
2023-10-09 10:00:00+00:00,346.36898319432083
2023-10-09 11:00:00+00:00,345.28912087764604
2023-10-09 12:00:00+00:00,345.96274243123764
2023-10-09 13:00:00+00:00,345.0062254204004
2023-10-09 13:30:00+00:00,344.76562614871085
2023-10-09 14:30:00+00:00,344.4385074827616
2023-10-09 15:30:00+00:00,344.9141749212822
2023-10-09 16:30:00+00:00,346.44182073811123
2023-10-09 17:30:00+00:00,347.7540106014696
2023-10-09 18:30:00+00:00,349.4070676625005
2023-10-09 19:30:00+00:00,347.0515323387346
2023-10-09 20:00:00+00:00,347.78690299774496
2023-10-09 21:00:00+00:00,346.3405995898337
2023-10-09 22:00:00+00:00,344.0669854371276
2023-10-09 23:00:00+00:00,344.31221232300743
2023-10-10 08:00:00+00:00,344.85604852333995
2023-10-10 09:00:00+00:00,343.75319549308654
2023-10-10 10:00:00+00:00,345.64286904363405
2023-10-10 11:00:00+00:00,345.61401567372866
2023-10-10 12:00:00+00:00,345.18389686596623
2023-10-10 13:00:00+00:00,346.08727744090913
2023-10-10 13:30:00+00:00,345.2624023709539
2023-10-10 14:30:00+00:00,343.9526971575042
2023-10-10 15:30:00+00:00,344.1718348415348
2023-10-10 16:30:00+00:00,344.8398205791984
2023-10-10 17:30:00+00:00,346.26458098824077
2023-10-10 18:30:00+00:00,347.96319591449367
2023-10-10 19:30:00+00:00,348.8690776785618
2023-10-10 20:00:00+00:00,348.51028772064467
2023-10-10 21:00:00+00:00,346.57881782916877
2023-10-10 22:00:00+00:00,346.7262830589346
2023-10-10 23:00:00+00:00,345.1432658278183
2023-10-11 08:00:00+00:00,342.4578134839818
2023-10-11 09:00:00+00:00,340.29980084870044
2023-10-11 10:00:00+00:00,338.71869070441994
2023-10-11 11:00:00+00:00,337.94410582665176
2023-10-11 12:00:00+00:00,336.37455939402133
2023-10-11 13:00:00+00:00,339.844947521005
2023-10-11 13:30:00+00:00,339.2500314781777
2023-10-11 14:30:00+00:00,340.9602224409746
2023-10-11 15:30:00+00:00,341.2437956909198
2023-10-11 16:30:00+00:00,339.8485286671952
2023-10-11 17:30:00+00:00,339.93051816309537
2023-10-11 18:30:00+00:00,341.4981056647404
2023-10-11 19:30:00+00:00,343.66628201643744
2023-10-11 20:00:00+00:00,344.5716497926323
2023-10-11 21:00:00+00:00,346.1338501044794
2023-10-11 22:00:00+00:00,345.7441142334419
2023-10-11 23:00:00+00:00,346.88108538800054
2023-10-12 08:00:00+00:00,347.61462532977697
2023-10-12 09:00:00+00:00,348.7009394274719
2023-10-12 10:00:00+00:00,347.9548382411851
2023-10-12 11:00:00+00:00,347.6713244927069
2023-10-12 12:00:00+00:00,348.0237520206741
2023-10-12 13:00:00+00:00,349.0077570644523
2023-10-12 13:30:00+00:00,350.8334857039173
2023-10-12 14:30:00+00:00,348.55150139529474
2023-10-12 15:30:00+00:00,349.3581403639045
2023-10-12 16:30:00+00:00,347.0068948140881
2023-10-12 17:30:00+00:00,343.3234670941616
2023-10-12 18:30:00+00:00,343.81079971101235
2023-10-12 19:30:00+00:00,343.671377350663
2023-10-12 20:00:00+00:00,342.0061130247265
2023-10-12 21:00:00+00:00,341.00714813501116
2023-10-12 22:00:00+00:00,341.28448635225374
2023-10-12 23:00:00+00:00,341.57612504848237
2023-10-13 08:00:00+00:00,344.2756766533822
2023-10-13 09:00:00+00:00,343.96232696965586
2023-10-13 10:00:00+00:00,343.2451159865039
2023-10-13 11:00:00+00:00,346.6498092237835
2023-10-13 12:00:00+00:00,349.14699943940036
2023-10-13 13:00:00+00:00,352.2677985371965
2023-10-13 13:30:00+00:00,352.78359640094425
2023-10-13 14:30:00+00:00,354.60763288276985
2023-10-13 15:30:00+00:00,353.6137902978191
2023-10-13 16:30:00+00:00,353.6068618835921
2023-10-13 17:30:00+00:00,349.91429186679096
2023-10-13 18:30:00+00:00,352.01846281738864
2023-10-13 19:30:00+00:00,351.8759424321167
2023-10-13 20:00:00+00:00,349.9092903626147
2023-10-13 21:00:00+00:00,349.54946397138013
2023-10-13 22:00:00+00:00,349.2317301902438
2023-10-13 23:00:00+00:00,345.7481738484337
2023-10-16 08:00:00+00:00,346.09243718522737
2023-10-16 09:00:00+00:00,344.9610681746197
2023-10-16 10:00:00+00:00,347.5029404022629
2023-10-16 11:00:00+00:00,348.0075309139624
2023-10-16 12:00:00+00:00,346.7871137723577
2023-10-16 13:00:00+00:00,348.02009497411257
2023-10-16 13:30:00+00:00,349.2675793711372
2023-10-16 14:30:00+00:00,351.28230657904834
2023-10-16 15:30:00+00:00,351.27352342027535
2023-10-16 16:30:00+00:00,351.0178632785431
2023-10-16 17:30:00+00:00,354.01078953157406
2023-10-16 18:30:00+00:00,356.0708760871523
2023-10-16 19:30:00+00:00,356.76697847379717
2023-10-16 20:00:00+00:00,357.2851873894289
2023-10-16 21:00:00+00:00,355.900482223928
2023-10-16 22:00:00+00:00,354.6538129762313
2023-10-16 23:00:00+00:00,356.20671262103633
2023-10-17 08:00:00+00:00,353.9510483940523
2023-10-17 09:00:00+00:00,352.8565781220838
2023-10-17 10:00:00+00:00,351.3578463809686
2023-10-17 11:00:00+00:00,351.62958375426473
2023-10-17 12:00:00+00:00,351.5882832144135
2023-10-17 13:00:00+00:00,350.8618817911525
2023-10-17 13:30:00+00:00,352.4594080456862
2023-10-17 14:30:00+00:00,351.9228930042953
2023-10-17 15:30:00+00:00,352.69987608710585
2023-10-17 16:30:00+00:00,354.4630416510557
2023-10-17 17:30:00+00:00,354.90494749360545
2023-10-17 18:30:00+00:00,356.2647514111173
2023-10-17 19:30:00+00:00,353.7907988402704
2023-10-17 20:00:00+00:00,355.52703996102497
2023-10-17 21:00:00+00:00,353.6085026352854
2023-10-17 22:00:00+00:00,354.88835898120016
2023-10-17 23:00:00+00:00,354.811743658228
2023-10-18 08:00:00+00:00,355.1970792506309
2023-10-18 09:00:00+00:00,355.6915598521989
2023-10-18 10:00:00+00:00,357.0383070320596
2023-10-18 11:00:00+00:00,357.4166373380721
2023-10-18 12:00:00+00:00,359.8042669671998
2023-10-18 13:00:00+00:00,357.73716025225787
2023-10-18 13:30:00+00:00,358.5803888764664
2023-10-18 14:30:00+00:00,356.4548631174263
2023-10-18 15:30:00+00:00,355.94903706921593
2023-10-18 16:30:00+00:00,359.8957918799313
2023-10-18 17:30:00+00:00,358.4417833582822
2023-10-18 18:30:00+00:00,362.3838060499567
2023-10-18 19:30:00+00:00,365.13984583492106
2023-10-18 20:00:00+00:00,366.861840949454
2023-10-18 21:00:00+00:00,367.8002199373652
2023-10-18 22:00:00+00:00,366.74879254352425
2023-10-18 23:00:00+00:00,363.21646938931787
2023-10-19 08:00:00+00:00,364.1427067137281
2023-10-19 09:00:00+00:00,364.5011650637375
2023-10-19 10:00:00+00:00,365.02032649412484
2023-10-19 11:00:00+00:00,365.66294154868643
2023-10-19 12:00:00+00:00,366.4941277718871
2023-10-19 13:00:00+00:00,365.76877803699034
2023-10-19 13:30:00+00:00,365.58231029790323
2023-10-19 14:30:00+00:00,364.102113198578
2023-10-19 15:30:00+00:00,360.1536895891659
2023-10-19 16:30:00+00:00,360.3488585695579
2023-10-19 17:30:00+00:00,360.68874147823567
2023-10-19 18:30:00+00:00,359.27689058930304
2023-10-19 19:30:00+00:00,358.8810307338743
2023-10-19 20:00:00+00:00,359.1812317847626
2023-10-19 21:00:00+00:00,358.4431308593567
2023-10-19 22:00:00+00:00,358.458154145838
2023-10-19 23:00:00+00:00,359.9660117461253
2023-10-20 08:00:00+00:00,360.77346050229994
2023-10-20 09:00:00+00:00,360.7671260600301
2023-10-20 10:00:00+00:00,358.02070410501875
2023-10-20 11:00:00+00:00,357.85576395553096
2023-10-20 12:00:00+00:00,358.27509862505485
2023-10-20 13:00:00+00:00,358.5046821237307
2023-10-20 13:30:00+00:00,357.4168055791458
2023-10-20 14:30:00+00:00,355.5463650473819
2023-10-20 15:30:00+00:00,354.78559065359684
2023-10-20 16:30:00+00:00,354.19029697431995
2023-10-20 17:30:00+00:00,352.39180293000925
2023-10-20 18:30:00+00:00,352.5095390603319
2023-10-20 19:30:00+00:00,351.12006362502285
2023-10-20 20:00:00+00:00,351.87087531047723
2023-10-20 21:00:00+00:00,354.0985224299898
2023-10-20 22:00:00+00:00,353.7400061099131
2023-10-20 23:00:00+00:00,354.0262562511075
2023-10-23 08:00:00+00:00,354.2829630801278
2023-10-23 09:00:00+00:00,358.03233903208024
2023-10-23 10:00:00+00:00,360.4677643067296
2023-10-23 11:00:00+00:00,357.9745845788775
2023-10-23 12:00:00+00:00,359.3519987219288
2023-10-23 13:00:00+00:00,362.5676096908587
2023-10-23 13:30:00+00:00,362.2656835467771
2023-10-23 14:30:00+00:00,361.91120938384586
2023-10-23 15:30:00+00:00,361.71458939160226
2023-10-23 16:30:00+00:00,361.548266373413
2023-10-23 17:30:00+00:00,360.95534599815335
2023-10-23 18:30:00+00:00,360.21200467757023
2023-10-23 19:30:00+00:00,357.8941480619478
2023-10-23 20:00:00+00:00,358.65565938240456
2023-10-23 21:00:00+00:00,361.748992091577
2023-10-23 22:00:00+00:00,364.7010542202124
2023-10-23 23:00:00+00:00,363.65081167484664
2023-10-24 08:00:00+00:00,366.165110157659
2023-10-24 09:00:00+00:00,368.1754993367811
2023-10-24 10:00:00+00:00,368.39685688861385
2023-10-24 11:00:00+00:00,367.53941348967794
2023-10-24 12:00:00+00:00,367.6625258300657
2023-10-24 13:00:00+00:00,367.9394720481689
2023-10-24 13:30:00+00:00,366.8309234870865
2023-10-24 14:30:00+00:00,364.20377880087165
2023-10-24 15:30:00+00:00,366.60788611877604
2023-10-24 16:30:00+00:00,364.42752237486826
2023-10-24 17:30:00+00:00,366.08662123239935
2023-10-24 18:30:00+00:00,364.64426324857175
2023-10-24 19:30:00+00:00,367.2523847951971
2023-10-24 20:00:00+00:00,364.54320014016037
2023-10-24 21:00:00+00:00,363.21260034074027
2023-10-24 22:00:00+00:00,365.8088001370689
2023-10-24 23:00:00+00:00,364.79510117640274
2023-10-25 08:00:00+00:00,365.70150193385854
2023-10-25 09:00:00+00:00,364.96613273141526
2023-10-25 10:00:00+00:00,367.4742955169715
2023-10-25 11:00:00+00:00,367.4025293213977
2023-10-25 12:00:00+00:00,366.7019745617425
2023-10-25 13:00:00+00:00,367.69764099274335
2023-10-25 13:30:00+00:00,370.0600281139712
2023-10-25 14:30:00+00:00,368.61137719327786
2023-10-25 15:30:00+00:00,370.81058795050603
2023-10-25 16:30:00+00:00,367.8512751822041
2023-10-25 17:30:00+00:00,367.36414939093123
2023-10-25 18:30:00+00:00,367.3782156250959
2023-10-25 19:30:00+00:00,366.627118960312
2023-10-25 20:00:00+00:00,368.9254544465799
2023-10-25 21:00:00+00:00,366.115770719413
2023-10-25 22:00:00+00:00,368.81662239305604
2023-10-25 23:00:00+00:00,367.56567743050346
2023-10-26 08:00:00+00:00,369.8235882074933
2023-10-26 09:00:00+00:00,371.8955918727078
2023-10-26 10:00:00+00:00,369.11705963789194
2023-10-26 11:00:00+00:00,370.0871175759051
2023-10-26 12:00:00+00:00,371.05433493134524
2023-10-26 13:00:00+00:00,370.77586124290457
2023-10-26 13:30:00+00:00,368.97671983261205
2023-10-26 14:30:00+00:00,368.9211509966507
2023-10-26 15:30:00+00:00,370.31148710309304
2023-10-26 16:30:00+00:00,372.16326975993553
2023-10-26 17:30:00+00:00,372.45263885728554
2023-10-26 18:30:00+00:00,373.5103904701797
2023-10-26 19:30:00+00:00,371.68966860251703
2023-10-26 20:00:00+00:00,370.2533956480685
2023-10-26 21:00:00+00:00,369.3805483058451
2023-10-26 22:00:00+00:00,369.8670919472891
2023-10-26 23:00:00+00:00,366.76292544285957
2023-10-27 08:00:00+00:00,368.4667809957478
2023-10-27 09:00:00+00:00,367.24124474485984
2023-10-27 10:00:00+00:00,364.2880956105136
2023-10-27 11:00:00+00:00,363.96171623599355
2023-10-27 12:00:00+00:00,364.3507266360345
2023-10-27 13:00:00+00:00,364.0904244251071
2023-10-27 13:30:00+00:00,364.0420838523893
2023-10-27 14:30:00+00:00,361.5861123821348
2023-10-27 15:30:00+00:00,360.98109865209545
2023-10-27 16:30:00+00:00,361.1240138255176
2023-10-27 17:30:00+00:00,361.60618176376954
2023-10-27 18:30:00+00:00,361.72524293170875
2023-10-27 19:30:00+00:00,363.2714218447998
2023-10-27 20:00:00+00:00,363.3069117996215
2023-10-27 21:00:00+00:00,362.46573622874655
2023-10-27 22:00:00+00:00,361.5211125750836
2023-10-27 23:00:00+00:00,362.6553904628668
2023-10-30 08:00:00+00:00,363.87694869049955
2023-10-30 09:00:00+00:00,364.2694716993949
2023-10-30 10:00:00+00:00,365.07589892102413
2023-10-30 11:00:00+00:00,363.5990728647196
2023-10-30 12:00:00+00:00,361.2732256605606
2023-10-30 13:00:00+00:00,358.5744162282392
2023-10-30 13:30:00+00:00,356.3096206289199
2023-10-30 14:30:00+00:00,357.01569179728705
2023-10-30 15:30:00+00:00,356.3950418169279
2023-10-30 16:30:00+00:00,358.6784699731873
2023-10-30 17:30:00+00:00,356.65846028531246
2023-10-30 18:30:00+00:00,358.70328429773036
2023-10-30 19:30:00+00:00,359.5009213015883
2023-10-30 20:00:00+00:00,360.8884630807454
2023-10-30 21:00:00+00:00,361.7154034347568
2023-10-30 22:00:00+00:00,361.02784902845804
2023-10-30 23:00:00+00:00,361.8820647425982
2023-10-31 08:00:00+00:00,361.2018253646149
2023-10-31 09:00:00+00:00,361.7762028565743
2023-10-31 10:00:00+00:00,363.9052028841902
2023-10-31 11:00:00+00:00,364.29116583720327
2023-10-31 12:00:00+00:00,364.0482115683025
2023-10-31 13:00:00+00:00,364.35033075735396
2023-10-31 13:30:00+00:00,366.00994415318763
2023-10-31 14:30:00+00:00,366.05193239167113
2023-10-31 15:30:00+00:00,368.7041435384766
2023-10-31 16:30:00+00:00,367.8868367134707
2023-10-31 17:30:00+00:00,368.75755118386456
2023-10-31 18:30:00+00:00,368.52137056380224
2023-10-31 19:30:00+00:00,369.8797648050455
2023-10-31 20:00:00+00:00,369.6049627431246
2023-10-31 21:00:00+00:00,368.77806051561896
2023-10-31 22:00:00+00:00,366.8954757136874
2023-10-31 23:00:00+00:00,364.9999965833264
2023-11-01 08:00:00+00:00,363.875588020082
2023-11-01 09:00:00+00:00,360.9767515372318
2023-11-01 10:00:00+00:00,360.4222209957385
2023-11-01 11:00:00+00:00,360.04302236566434
2023-11-01 12:00:00+00:00,358.9750823650081
2023-11-01 13:00:00+00:00,359.13856656892256
2023-11-01 13:30:00+00:00,359.733092578842
2023-11-01 14:30:00+00:00,359.10046917810496
2023-11-01 15:30:00+00:00,361.255347030815
2023-11-01 16:30:00+00:00,361.2281783909599
2023-11-01 17:30:00+00:00,362.0098370626306
2023-11-01 18:30:00+00:00,363.1354709089013
2023-11-01 19:30:00+00:00,364.6424830015015
2023-11-01 20:00:00+00:00,364.02784657891
2023-11-01 21:00:00+00:00,364.73069240221133
2023-11-01 22:00:00+00:00,364.4811593440609
2023-11-01 23:00:00+00:00,368.69970380664734
2023-11-02 08:00:00+00:00,368.496487513984
2023-11-02 09:00:00+00:00,366.12281728224093
2023-11-02 10:00:00+00:00,366.4277665311976
2023-11-02 11:00:00+00:00,369.3969425709055
2023-11-02 12:00:00+00:00,366.1870325044549
2023-11-02 13:00:00+00:00,368.93810605203316
2023-11-02 13:30:00+00:00,368.1588118943529
2023-11-02 14:30:00+00:00,368.23353963435375
2023-11-02 15:30:00+00:00,368.2407495563054
2023-11-02 16:30:00+00:00,368.51099774886933
2023-11-02 17:30:00+00:00,366.09616747160976
2023-11-02 18:30:00+00:00,365.9164328075538
2023-11-02 19:30:00+00:00,367.4060303140457
2023-11-02 20:00:00+00:00,367.3771560102269
2023-11-02 21:00:00+00:00,364.28925188752515
2023-11-02 22:00:00+00:00,361.0602606198258
2023-11-02 23:00:00+00:00,363.0266781843311
2023-11-03 08:00:00+00:00,363.2632876671179
2023-11-03 09:00:00+00:00,359.74099092939736
2023-11-03 10:00:00+00:00,357.82725228178316
2023-11-03 11:00:00+00:00,358.58454830293476
2023-11-03 12:00:00+00:00,359.77178382888053
2023-11-03 13:00:00+00:00,359.5543524084994
2023-11-03 13:30:00+00:00,362.1726047862559
2023-11-03 14:30:00+00:00,360.9022286758457
2023-11-03 15:30:00+00:00,359.8704833341553
2023-11-03 16:30:00+00:00,356.45757501448867
2023-11-03 17:30:00+00:00,356.0954728108716
2023-11-03 18:30:00+00:00,357.16738982372567
2023-11-03 19:30:00+00:00,354.99637309557744
2023-11-03 20:00:00+00:00,356.35565329321815
2023-11-03 21:00:00+00:00,357.4002765589987
2023-11-03 22:00:00+00:00,359.0242095402406
2023-11-03 23:00:00+00:00,360.5833961710132
2023-11-06 09:00:00+00:00,363.4768003339016
2023-11-06 10:00:00+00:00,366.2101572819742
2023-11-06 11:00:00+00:00,364.9113917647284
2023-11-06 12:00:00+00:00,363.15891947483357
2023-11-06 13:00:00+00:00,362.6716690383341
2023-11-06 14:00:00+00:00,363.13918177739026
2023-11-06 14:30:00+00:00,362.6998237390999
2023-11-06 15:30:00+00:00,364.0470755806951
2023-11-06 16:30:00+00:00,363.8824730176614
2023-11-06 17:30:00+00:00,363.23027375670875
2023-11-06 18:30:00+00:00,363.586899700266
2023-11-06 19:30:00+00:00,363.25974575011173
2023-11-06 20:30:00+00:00,365.339262446579
2023-11-06 21:00:00+00:00,367.141390030689
2023-11-06 22:00:00+00:00,368.0520424293375
2023-11-06 23:00:00+00:00,368.11585769564107
2023-11-07 09:00:00+00:00,368.2493325083371
2023-11-07 10:00:00+00:00,368.42184497060003
2023-11-07 11:00:00+00:00,369.34346987991165
2023-11-07 12:00:00+00:00,366.6521343560216
2023-11-07 13:00:00+00:00,363.8928611154899
2023-11-07 14:00:00+00:00,363.93367451741926
2023-11-07 14:30:00+00:00,364.08022553876964
2023-11-07 15:30:00+00:00,363.60938612263567
2023-11-07 16:30:00+00:00,363.1373461053062
2023-11-07 17:30:00+00:00,362.81879906209997
2023-11-07 18:30:00+00:00,362.9244010079061
2023-11-07 19:30:00+00:00,359.72996347796885
2023-11-07 20:30:00+00:00,359.96769861274674
2023-11-07 21:00:00+00:00,359.7690711776431
2023-11-07 22:00:00+00:00,364.6087943683884
2023-11-07 23:00:00+00:00,365.1834617836607
2023-11-08 09:00:00+00:00,363.6637179932382
2023-11-08 10:00:00+00:00,361.9708658636996
2023-11-08 11:00:00+00:00,361.51489590879015
2023-11-08 12:00:00+00:00,358.35700223566704
2023-11-08 13:00:00+00:00,358.9071102328631
2023-11-08 14:00:00+00:00,360.40880773467126
2023-11-08 14:30:00+00:00,358.84025037241213
2023-11-08 15:30:00+00:00,360.9647575215507
2023-11-08 16:30:00+00:00,359.70355480619673
2023-11-08 17:30:00+00:00,360.4830150586022
2023-11-08 18:30:00+00:00,360.4476371834422
2023-11-08 19:30:00+00:00,361.5335045888847
2023-11-08 20:30:00+00:00,360.90801776320774
2023-11-08 21:00:00+00:00,361.136140446115
2023-11-08 22:00:00+00:00,362.4388352091896
2023-11-08 23:00:00+00:00,361.35392895868836
2023-11-09 09:00:00+00:00,358.9615905194469
2023-11-09 10:00:00+00:00,356.8918033562781
2023-11-09 11:00:00+00:00,356.7436937372767
2023-11-09 12:00:00+00:00,358.01013884359384
2023-11-09 13:00:00+00:00,360.7003618468601
2023-11-09 14:00:00+00:00,361.70848144461274
2023-11-09 14:30:00+00:00,360.2553886833425
2023-11-09 15:30:00+00:00,362.01872728463945
2023-11-09 16:30:00+00:00,360.44190120347207
2023-11-09 17:30:00+00:00,359.28086658576586
2023-11-09 18:30:00+00:00,357.14025060612585
2023-11-09 19:30:00+00:00,358.7664300450768
2023-11-09 20:30:00+00:00,361.60902675995453
2023-11-09 21:00:00+00:00,363.83087471335176
2023-11-09 22:00:00+00:00,363.62796188315076
2023-11-09 23:00:00+00:00,363.6173544882566
2023-11-10 09:00:00+00:00,364.34212082085344
2023-11-10 10:00:00+00:00,364.46047499948537
2023-11-10 11:00:00+00:00,364.070929702878
2023-11-10 12:00:00+00:00,363.3805837094037
2023-11-10 13:00:00+00:00,362.2695858347547
2023-11-10 14:00:00+00:00,363.2746985125341
2023-11-10 14:30:00+00:00,362.12781642197746
2023-11-10 15:30:00+00:00,362.7645759047067
2023-11-10 16:30:00+00:00,362.99309398349527
2023-11-10 17:30:00+00:00,362.3914077475861
2023-11-10 18:30:00+00:00,360.1045091988011
2023-11-10 19:30:00+00:00,359.91780102511905
2023-11-10 20:30:00+00:00,360.5776691069091
2023-11-10 21:00:00+00:00,360.56157691553807
2023-11-10 22:00:00+00:00,358.8307556554873
2023-11-10 23:00:00+00:00,357.31447093924174
2023-11-13 09:00:00+00:00,358.14462591010863
2023-11-13 10:00:00+00:00,357.1910296958316
2023-11-13 11:00:00+00:00,357.79557368050195
2023-11-13 12:00:00+00:00,358.06415837451567
2023-11-13 13:00:00+00:00,357.75594743964814
2023-11-13 14:00:00+00:00,357.00294540372863
2023-11-13 14:30:00+00:00,358.18203574592576
2023-11-13 15:30:00+00:00,358.202972097726
2023-11-13 16:30:00+00:00,358.4501364556576
2023-11-13 17:30:00+00:00,358.5793573655925
2023-11-13 18:30:00+00:00,358.6330932432881
2023-11-13 19:30:00+00:00,358.1009555391936
2023-11-13 20:30:00+00:00,360.80856259583584
2023-11-13 21:00:00+00:00,360.0368710564116
2023-11-13 22:00:00+00:00,359.7426053775015
2023-11-13 23:00:00+00:00,361.5831799055988
2023-11-14 09:00:00+00:00,359.93559422238656
2023-11-14 10:00:00+00:00,360.21237804230816
2023-11-14 11:00:00+00:00,360.5483432995527
2023-11-14 12:00:00+00:00,362.5873132833941
2023-11-14 13:00:00+00:00,362.38277817676004
2023-11-14 14:00:00+00:00,362.4847618504234
2023-11-14 14:30:00+00:00,363.3102126747035
2023-11-14 15:30:00+00:00,364.43034111780537
2023-11-14 16:30:00+00:00,365.9419070400307
2023-11-14 17:30:00+00:00,365.6826682986244
2023-11-14 18:30:00+00:00,366.93774767742235
2023-11-14 19:30:00+00:00,367.4235025102856
2023-11-14 20:30:00+00:00,367.15212831499895
2023-11-14 21:00:00+00:00,365.8415998421429
2023-11-14 22:00:00+00:00,367.24484186751374
2023-11-14 23:00:00+00:00,366.00467291099454
2023-11-15 09:00:00+00:00,367.00625416566453
2023-11-15 10:00:00+00:00,367.60752683122115
2023-11-15 11:00:00+00:00,368.4434397084585
2023-11-15 12:00:00+00:00,366.6085636932317
2023-11-15 13:00:00+00:00,366.65729921816467
2023-11-15 14:00:00+00:00,365.714149507947
2023-11-15 14:30:00+00:00,365.21015993413846
2023-11-15 15:30:00+00:00,360.7317241832946
2023-11-15 16:30:00+00:00,358.5955380542848
2023-11-15 17:30:00+00:00,356.7472366132292
2023-11-15 18:30:00+00:00,356.32479389986315
2023-11-15 19:30:00+00:00,356.45327995708544
2023-11-15 20:30:00+00:00,357.67822595003645
2023-11-15 21:00:00+00:00,356.8158642765102
2023-11-15 22:00:00+00:00,355.9767180194688
2023-11-15 23:00:00+00:00,356.02244667124165
2023-11-16 09:00:00+00:00,354.54751461518254
2023-11-16 10:00:00+00:00,355.4404820504306
2023-11-16 11:00:00+00:00,353.74896738565786
2023-11-16 12:00:00+00:00,355.27034001003074
2023-11-16 13:00:00+00:00,353.8765365182153
2023-11-16 14:00:00+00:00,354.72416721168344
2023-11-16 14:30:00+00:00,353.33256577679214
2023-11-16 15:30:00+00:00,354.05800362590537
2023-11-16 16:30:00+00:00,355.4647077497105
2023-11-16 17:30:00+00:00,356.2465313780822
2023-11-16 18:30:00+00:00,355.8087281709563
2023-11-16 19:30:00+00:00,357.63767385597527
2023-11-16 20:30:00+00:00,357.35789702364184
2023-11-16 21:00:00+00:00,355.11745558131
2023-11-16 22:00:00+00:00,355.34525503208465
2023-11-16 23:00:00+00:00,357.1951490676436
2023-11-17 09:00:00+00:00,358.4263125321501
2023-11-17 10:00:00+00:00,356.0127594454625
2023-11-17 11:00:00+00:00,360.3319351875311
2023-11-17 12:00:00+00:00,358.86720855948766
2023-11-17 13:00:00+00:00,358.3795470998987
2023-11-17 14:00:00+00:00,360.97332522094047
2023-11-17 14:30:00+00:00,359.8888292424796
2023-11-17 15:30:00+00:00,360.88389292697525
2023-11-17 16:30:00+00:00,361.6947129601181
2023-11-17 17:30:00+00:00,361.05288301142394
2023-11-17 18:30:00+00:00,361.719313653991
2023-11-17 19:30:00+00:00,360.1530494785374
2023-11-17 20:30:00+00:00,361.10330169504226
2023-11-17 21:00:00+00:00,360.4729035257224
2023-11-17 22:00:00+00:00,362.16455588017
2023-11-17 23:00:00+00:00,364.11508986310434
2023-11-20 09:00:00+00:00,363.1894879712052
2023-11-20 10:00:00+00:00,363.13668357291914
2023-11-20 11:00:00+00:00,361.6930757285412
2023-11-20 12:00:00+00:00,359.4293693477067
2023-11-20 13:00:00+00:00,360.53015203330705
2023-11-20 14:00:00+00:00,358.350676103525
2023-11-20 14:30:00+00:00,358.43447486728627
2023-11-20 15:30:00+00:00,359.9805175526993
2023-11-20 16:30:00+00:00,359.1538429304812
2023-11-20 17:30:00+00:00,357.35584947274896
2023-11-20 18:30:00+00:00,356.9952423328028
2023-11-20 19:30:00+00:00,357.0908098207732
2023-11-20 20:30:00+00:00,359.2831503759743
2023-11-20 21:00:00+00:00,357.95827766310464
2023-11-20 22:00:00+00:00,358.3827538436037
2023-11-20 23:00:00+00:00,359.98597880971334
2023-11-21 09:00:00+00:00,361.43764907865085
2023-11-21 10:00:00+00:00,360.3813162460567
2023-11-21 11:00:00+00:00,360.41778159614853
2023-11-21 12:00:00+00:00,362.31232669803273
2023-11-21 13:00:00+00:00,363.533721929154
2023-11-21 14:00:00+00:00,362.40901730482403
2023-11-21 14:30:00+00:00,362.8310151889635
2023-11-21 15:30:00+00:00,360.76634421743034
2023-11-21 16:30:00+00:00,361.1968278647536
2023-11-21 17:30:00+00:00,360.89489702599326
2023-11-21 18:30:00+00:00,359.7456568362789
2023-11-21 19:30:00+00:00,359.9547614312003
2023-11-21 20:30:00+00:00,360.9221405295837
2023-11-21 21:00:00+00:00,361.18052228218215
2023-11-21 22:00:00+00:00,362.15937092170674
2023-11-21 23:00:00+00:00,360.02090932506326
2023-11-22 09:00:00+00:00,359.5734830479522
2023-11-22 10:00:00+00:00,361.0917970711645
2023-11-22 11:00:00+00:00,359.8279977844071
2023-11-22 12:00:00+00:00,359.1981281515946
2023-11-22 13:00:00+00:00,359.30808958108105
2023-11-22 14:00:00+00:00,358.21141462983326
2023-11-22 14:30:00+00:00,357.9081583009886
2023-11-22 15:30:00+00:00,358.08365709392103
2023-11-22 16:30:00+00:00,356.13504133963676
2023-11-22 17:30:00+00:00,356.9934483540493
2023-11-22 18:30:00+00:00,355.5644636199641
2023-11-22 19:30:00+00:00,356.46928420890686
2023-11-22 20:30:00+00:00,359.2875310060322
2023-11-22 21:00:00+00:00,358.1850262289503
2023-11-22 22:00:00+00:00,361.92967844905644
2023-11-22 23:00:00+00:00,359.2422826726735
2023-11-24 09:00:00+00:00,358.18166357600285
2023-11-24 10:00:00+00:00,356.84000735194377
2023-11-24 11:00:00+00:00,355.7707401409346
2023-11-24 12:00:00+00:00,353.96457029924073
2023-11-24 13:00:00+00:00,354.0171112083112
2023-11-24 14:00:00+00:00,353.0235182698926
2023-11-24 14:30:00+00:00,357.33677394141336
2023-11-24 15:30:00+00:00,356.2675896404462
2023-11-24 16:30:00+00:00,356.3992145572943
2023-11-24 18:00:00+00:00,359.2495115262013
2023-11-24 19:00:00+00:00,356.4347268053036
2023-11-24 20:00:00+00:00,356.12481577196104
2023-11-24 21:00:00+00:00,355.0299132804364
2023-11-27 09:00:00+00:00,353.0642275600163
2023-11-27 10:00:00+00:00,353.22347496172233
2023-11-27 11:00:00+00:00,354.58785782253375
2023-11-27 12:00:00+00:00,354.6970500014707
2023-11-27 13:00:00+00:00,354.14023755041455
2023-11-27 14:00:00+00:00,353.6249333809584
2023-11-27 14:30:00+00:00,350.4957787219691
2023-11-27 15:30:00+00:00,353.52237926066994
2023-11-27 16:30:00+00:00,354.5554243529664
2023-11-27 17:30:00+00:00,356.0075251791783
2023-11-27 18:30:00+00:00,353.9622157920356
2023-11-27 19:30:00+00:00,351.172772087582
2023-11-27 20:30:00+00:00,351.29018899354514
2023-11-27 21:00:00+00:00,352.6947011136425
2023-11-27 22:00:00+00:00,352.60946611634813
2023-11-27 23:00:00+00:00,353.4592050037321
2023-11-28 09:00:00+00:00,352.8643023552892
2023-11-28 10:00:00+00:00,354.1900968235757
2023-11-28 11:00:00+00:00,353.0035137026622
2023-11-28 12:00:00+00:00,352.1655299199353
2023-11-28 13:00:00+00:00,353.7253417268202
2023-11-28 14:00:00+00:00,351.82785906219704
2023-11-28 14:30:00+00:00,353.1934827561236
2023-11-28 15:30:00+00:00,351.9645705058191
2023-11-28 16:30:00+00:00,354.96334619423266
2023-11-28 17:30:00+00:00,355.97966501746606
2023-11-28 18:30:00+00:00,356.17268945654865
2023-11-28 19:30:00+00:00,354.3899146791819
2023-11-28 20:30:00+00:00,353.3099066856729
2023-11-28 21:00:00+00:00,352.4200557448296
2023-11-28 22:00:00+00:00,350.6909180469949
2023-11-28 23:00:00+00:00,348.3761236350003
2023-11-29 09:00:00+00:00,348.8978645045831
2023-11-29 10:00:00+00:00,346.22364750460116
2023-11-29 11:00:00+00:00,343.9375498018588
2023-11-29 12:00:00+00:00,343.95620559559757
2023-11-29 13:00:00+00:00,343.1706964352757
2023-11-29 14:00:00+00:00,344.54968279512883
2023-11-29 14:30:00+00:00,345.0964653821335
2023-11-29 15:30:00+00:00,344.86162250432903
2023-11-29 16:30:00+00:00,344.08250658712524
2023-11-29 17:30:00+00:00,343.759574196692
2023-11-29 18:30:00+00:00,346.4588912700484
2023-11-29 19:30:00+00:00,346.45964984180773
2023-11-29 20:30:00+00:00,346.98157195736206
2023-11-29 21:00:00+00:00,346.441456289013
2023-11-29 22:00:00+00:00,348.1041120596427
2023-11-29 23:00:00+00:00,346.6913199160935
2023-11-30 09:00:00+00:00,347.3885894333979
2023-11-30 10:00:00+00:00,347.19873992766776
2023-11-30 11:00:00+00:00,347.34396024189533
2023-11-30 12:00:00+00:00,348.38685365168215
2023-11-30 13:00:00+00:00,345.479746297921
2023-11-30 14:00:00+00:00,346.7737675278506
2023-11-30 14:30:00+00:00,346.82894927833786
2023-11-30 15:30:00+00:00,345.3285892579815
2023-11-30 16:30:00+00:00,340.9473113894976
2023-11-30 17:30:00+00:00,340.8114539119653
2023-11-30 18:30:00+00:00,341.6595238849948
2023-11-30 19:30:00+00:00,341.7157548184919
2023-11-30 20:30:00+00:00,339.7929333712001
2023-11-30 21:00:00+00:00,338.38910990777987
2023-11-30 22:00:00+00:00,337.9446415686572
2023-11-30 23:00:00+00:00,338.36653908785945
2023-12-01 09:00:00+00:00,338.55474513997996
2023-12-01 10:00:00+00:00,342.11491045099774
2023-12-01 11:00:00+00:00,343.4137907294503
2023-12-01 12:00:00+00:00,343.90108955409823
2023-12-01 13:00:00+00:00,343.84713174171793
2023-12-01 14:00:00+00:00,346.69358906160375
2023-12-01 14:30:00+00:00,344.9400721851717
2023-12-01 15:30:00+00:00,344.62639959639534
2023-12-01 16:30:00+00:00,345.9689320321141
2023-12-01 17:30:00+00:00,348.5825825910035
2023-12-01 18:30:00+00:00,350.2667439447541
2023-12-01 19:30:00+00:00,349.8211322492618
2023-12-01 20:30:00+00:00,349.46427179185366
2023-12-01 21:00:00+00:00,348.05977706261524
2023-12-01 22:00:00+00:00,347.3622417912897
2023-12-01 23:00:00+00:00,345.86703519687364
2023-12-04 09:00:00+00:00,345.43361549006664
2023-12-04 10:00:00+00:00,347.1988287781283
2023-12-04 11:00:00+00:00,348.58192524906286
2023-12-04 12:00:00+00:00,346.76248985161254
2023-12-04 13:00:00+00:00,348.75780534223736
2023-12-04 14:00:00+00:00,351.562368265276
2023-12-04 14:30:00+00:00,350.48575723566194
2023-12-04 15:30:00+00:00,350.2950099038199
2023-12-04 16:30:00+00:00,351.69022554061456
2023-12-04 17:30:00+00:00,350.66971094305865
2023-12-04 18:30:00+00:00,351.3276936559573
2023-12-04 19:30:00+00:00,351.43394607031325
2023-12-04 20:30:00+00:00,351.7647800807285
2023-12-04 21:00:00+00:00,350.02978718690736
2023-12-04 22:00:00+00:00,352.37741747980465
2023-12-04 23:00:00+00:00,353.75873650791937
2023-12-05 09:00:00+00:00,353.138885399459
2023-12-05 10:00:00+00:00,351.0073145481246
2023-12-05 11:00:00+00:00,350.69619593643046
2023-12-05 12:00:00+00:00,352.36414899277673
2023-12-05 13:00:00+00:00,352.757047676783
2023-12-05 14:00:00+00:00,355.18410196658624
2023-12-05 14:30:00+00:00,356.5504890446539
2023-12-05 15:30:00+00:00,356.57994719496827
2023-12-05 16:30:00+00:00,355.00999901890475
2023-12-05 17:30:00+00:00,353.38737902352307
2023-12-05 18:30:00+00:00,351.6943539245885
2023-12-05 19:30:00+00:00,350.47563264016895
2023-12-05 20:30:00+00:00,346.61040319907437
2023-12-05 21:00:00+00:00,349.2206986601486
2023-12-05 22:00:00+00:00,348.54901391507985
2023-12-05 23:00:00+00:00,347.88857465732355
2023-12-06 09:00:00+00:00,347.62214443661327
2023-12-06 10:00:00+00:00,347.46048472637193
2023-12-06 11:00:00+00:00,346.81928546070986
2023-12-06 12:00:00+00:00,348.39459290004953
2023-12-06 13:00:00+00:00,346.68214013598896
2023-12-06 14:00:00+00:00,345.06209436889196
2023-12-06 14:30:00+00:00,343.92775978878603
2023-12-06 15:30:00+00:00,343.16412043930467
2023-12-06 16:30:00+00:00,341.53134782128666
2023-12-06 17:30:00+00:00,341.1644962036728
2023-12-06 18:30:00+00:00,339.523799949312
2023-12-06 19:30:00+00:00,339.9636000730295
2023-12-06 20:30:00+00:00,339.4086670654068
2023-12-06 21:00:00+00:00,336.5465137541198
2023-12-06 22:00:00+00:00,338.12736651764175
2023-12-06 23:00:00+00:00,336.39336224736365
2023-12-07 09:00:00+00:00,334.8734746318733
2023-12-07 10:00:00+00:00,334.66525430493044
2023-12-07 11:00:00+00:00,335.5905966559877
2023-12-07 12:00:00+00:00,336.6118499509533
2023-12-07 13:00:00+00:00,336.9144347705058
2023-12-07 14:00:00+00:00,333.2305563366686
2023-12-07 14:30:00+00:00,332.1695118786528
2023-12-07 15:30:00+00:00,332.7009964797404
2023-12-07 16:30:00+00:00,333.9154820485841
2023-12-07 17:30:00+00:00,332.0379117687361
2023-12-07 18:30:00+00:00,332.0853062788578
2023-12-07 19:30:00+00:00,332.50049219561566
2023-12-07 20:30:00+00:00,336.13965880849287
2023-12-07 21:00:00+00:00,336.4590861549763
2023-12-07 22:00:00+00:00,335.7909119864744
2023-12-07 23:00:00+00:00,336.32578517998087
2023-12-08 09:00:00+00:00,338.4552457626392
2023-12-08 10:00:00+00:00,337.3047364789601
2023-12-08 11:00:00+00:00,336.974320377808
2023-12-08 12:00:00+00:00,337.04780343567586
2023-12-08 13:00:00+00:00,339.5574267465171
2023-12-08 14:00:00+00:00,340.86187425372844
2023-12-08 14:30:00+00:00,341.39592465013465
2023-12-08 15:30:00+00:00,342.7531097572041
2023-12-08 16:30:00+00:00,342.5018502205454
2023-12-08 17:30:00+00:00,341.785954718158
2023-12-08 18:30:00+00:00,341.6542838260438
2023-12-08 19:30:00+00:00,340.4908645837844
2023-12-08 20:30:00+00:00,339.1710781784938
2023-12-08 21:00:00+00:00,337.8696036708864
2023-12-08 22:00:00+00:00,338.51907577336095
2023-12-08 23:00:00+00:00,339.1549066668995
2023-12-11 09:00:00+00:00,338.6556192911279
2023-12-11 10:00:00+00:00,337.69782875867025
2023-12-11 11:00:00+00:00,339.4288180696363
2023-12-11 12:00:00+00:00,338.41753692392336
2023-12-11 13:00:00+00:00,339.66888235732984
2023-12-11 14:00:00+00:00,340.42669984718776
2023-12-11 14:30:00+00:00,340.75769165397986
2023-12-11 15:30:00+00:00,341.33444146012357
2023-12-11 16:30:00+00:00,340.2978291306525
2023-12-11 17:30:00+00:00,338.29729959282673
2023-12-11 18:30:00+00:00,338.403487394922
2023-12-11 19:30:00+00:00,338.5063739720707
2023-12-11 20:30:00+00:00,338.9181933641843
2023-12-11 21:00:00+00:00,342.3183349189717
2023-12-11 22:00:00+00:00,342.4161807184788
2023-12-11 23:00:00+00:00,342.49434919404933
2023-12-12 09:00:00+00:00,343.84883658194076
2023-12-12 10:00:00+00:00,342.92762888858374
2023-12-12 11:00:00+00:00,344.1003177508357
2023-12-12 12:00:00+00:00,343.7868732976826
2023-12-12 13:00:00+00:00,342.7381002936117
2023-12-12 14:00:00+00:00,341.3831793039141
2023-12-12 14:30:00+00:00,340.1328159542877
2023-12-12 15:30:00+00:00,343.79942427787506
2023-12-12 16:30:00+00:00,343.3596313350365
2023-12-12 17:30:00+00:00,344.0605047322031
2023-12-12 18:30:00+00:00,345.4805301726389
2023-12-12 19:30:00+00:00,346.15115044932963
2023-12-12 20:30:00+00:00,348.4287555633339
2023-12-12 21:00:00+00:00,347.51504386297074
2023-12-12 22:00:00+00:00,348.32110924754664
2023-12-12 23:00:00+00:00,350.2556634237815
2023-12-13 09:00:00+00:00,352.24024952384764
2023-12-13 10:00:00+00:00,350.34053413686036
2023-12-13 11:00:00+00:00,350.2461714784061
2023-12-13 12:00:00+00:00,350.423857333535
2023-12-13 13:00:00+00:00,350.2911134981052
2023-12-13 14:00:00+00:00,351.1072420888756
2023-12-13 14:30:00+00:00,351.2487589843157
2023-12-13 15:30:00+00:00,352.12817466080486
2023-12-13 16:30:00+00:00,354.3777772676348
2023-12-13 17:30:00+00:00,354.516144732268
2023-12-13 18:30:00+00:00,352.4293558448807
2023-12-13 19:30:00+00:00,350.9659705319994
2023-12-13 20:30:00+00:00,350.340775868219
2023-12-13 21:00:00+00:00,350.9833376273617
2023-12-13 22:00:00+00:00,350.96333423029324
2023-12-13 23:00:00+00:00,350.42150909553345
2023-12-14 09:00:00+00:00,348.96027600533967
2023-12-14 10:00:00+00:00,347.89492308029844
2023-12-14 11:00:00+00:00,348.5782141918693
2023-12-14 12:00:00+00:00,346.9991702063666
2023-12-14 13:00:00+00:00,348.82751715960467
2023-12-14 14:00:00+00:00,350.7342090784584
2023-12-14 14:30:00+00:00,349.33259852425914
2023-12-14 15:30:00+00:00,350.7389735138887
2023-12-14 16:30:00+00:00,352.2892405681747
2023-12-14 17:30:00+00:00,351.37555216577806
2023-12-14 18:30:00+00:00,350.60395791174034
2023-12-14 19:30:00+00:00,352.2246163254478
2023-12-14 20:30:00+00:00,351.51560541853326
2023-12-14 21:00:00+00:00,351.7465156787163
2023-12-14 22:00:00+00:00,353.21479755395023
2023-12-14 23:00:00+00:00,352.7375623034795
2023-12-15 09:00:00+00:00,352.23286037281855
2023-12-15 10:00:00+00:00,351.5787626052069
2023-12-15 11:00:00+00:00,352.22750482467154
2023-12-15 12:00:00+00:00,352.3226195871441
2023-12-15 13:00:00+00:00,353.0144679213526
2023-12-15 14:00:00+00:00,353.46296093446074
2023-12-15 14:30:00+00:00,352.74018268911476
2023-12-15 15:30:00+00:00,354.31117658306897
2023-12-15 16:30:00+00:00,357.8351837346572
2023-12-15 17:30:00+00:00,358.5087661145109
2023-12-15 18:30:00+00:00,360.3624421567264
2023-12-15 19:30:00+00:00,361.9644196041761
2023-12-15 20:30:00+00:00,363.9980266935448
2023-12-15 21:00:00+00:00,362.25592962139456
2023-12-15 22:00:00+00:00,363.4858055641982
2023-12-15 23:00:00+00:00,363.61811859575124
2023-12-18 09:00:00+00:00,361.89552897697973
2023-12-18 10:00:00+00:00,358.6427067212551
2023-12-18 11:00:00+00:00,358.9271136304524
2023-12-18 12:00:00+00:00,362.4333689435741
2023-12-18 13:00:00+00:00,364.76498458029795
2023-12-18 14:00:00+00:00,364.6960652100308
2023-12-18 14:30:00+00:00,364.0581332875908
2023-12-18 15:30:00+00:00,364.9737843152067
2023-12-18 16:30:00+00:00,364.63670858966765
2023-12-18 17:30:00+00:00,366.7854956331964
2023-12-18 18:30:00+00:00,365.9152547860595
2023-12-18 19:30:00+00:00,366.03448749221377
2023-12-18 20:30:00+00:00,366.2917068863078
2023-12-18 21:00:00+00:00,364.7234740474169
2023-12-18 22:00:00+00:00,364.9721819018661
2023-12-18 23:00:00+00:00,364.5800376171789
2023-12-19 09:00:00+00:00,363.78284817719856
2023-12-19 10:00:00+00:00,366.12657748718397
2023-12-19 11:00:00+00:00,362.2789672112209
2023-12-19 12:00:00+00:00,362.06983773707367
2023-12-19 13:00:00+00:00,362.05076486005254
2023-12-19 14:00:00+00:00,360.37395987671493
2023-12-19 14:30:00+00:00,359.91166468707587
2023-12-19 15:30:00+00:00,357.55936681567636
2023-12-19 16:30:00+00:00,357.45473826747775
2023-12-19 17:30:00+00:00,358.7931454786272
2023-12-19 18:30:00+00:00,361.99846498922807
2023-12-19 19:30:00+00:00,363.8381065969558
2023-12-19 20:30:00+00:00,364.4256436095224
2023-12-19 21:00:00+00:00,365.0114285541231
2023-12-19 22:00:00+00:00,365.80661935903856
2023-12-19 23:00:00+00:00,364.7373151975848
2023-12-20 09:00:00+00:00,365.59425966248716
2023-12-20 10:00:00+00:00,366.21715092696417
2023-12-20 11:00:00+00:00,367.3486115601441
2023-12-20 12:00:00+00:00,368.5805359399154
2023-12-20 13:00:00+00:00,367.3073670354162
2023-12-20 14:00:00+00:00,367.09445737799683
2023-12-20 14:30:00+00:00,368.20855215637636
2023-12-20 15:30:00+00:00,368.01610191867155
2023-12-20 16:30:00+00:00,368.5186828518297
2023-12-20 17:30:00+00:00,367.2062025288365
2023-12-20 18:30:00+00:00,365.32981228226475
2023-12-20 19:30:00+00:00,365.8980536881808
2023-12-20 20:30:00+00:00,365.91759067251564
2023-12-20 21:00:00+00:00,363.6539541672668
2023-12-20 22:00:00+00:00,361.8373551353742
2023-12-20 23:00:00+00:00,362.29516997283827
2023-12-21 09:00:00+00:00,362.7860578175242
2023-12-21 10:00:00+00:00,360.9664545766865
2023-12-21 11:00:00+00:00,364.09595164441635
2023-12-21 12:00:00+00:00,365.4752783589026
2023-12-21 13:00:00+00:00,364.02721112750584
2023-12-21 14:00:00+00:00,366.0385181716162
2023-12-21 14:30:00+00:00,368.86924259877554
2023-12-21 15:30:00+00:00,369.4275608479847
2023-12-21 16:30:00+00:00,369.71669321533847
2023-12-21 17:30:00+00:00,371.0203968505392
2023-12-21 18:30:00+00:00,370.6280095274121
2023-12-21 19:30:00+00:00,371.4960518832112
2023-12-21 20:30:00+00:00,371.00524231697216
2023-12-21 21:00:00+00:00,371.0150005928154
2023-12-21 22:00:00+00:00,367.35496106622793
2023-12-21 23:00:00+00:00,367.24028070076264
2023-12-22 09:00:00+00:00,366.1994948748183
2023-12-22 10:00:00+00:00,365.64268071146483
2023-12-22 11:00:00+00:00,364.2700918937585
2023-12-22 12:00:00+00:00,365.41146054696685
2023-12-22 13:00:00+00:00,364.28413785098934
2023-12-22 14:00:00+00:00,363.53693973819236
2023-12-22 14:30:00+00:00,362.7357059102368
2023-12-22 15:30:00+00:00,361.437563774496
2023-12-22 16:30:00+00:00,361.1641701960641
2023-12-22 17:30:00+00:00,361.952279022596
2023-12-22 18:30:00+00:00,362.521614155219
2023-12-22 19:30:00+00:00,358.936870531054
2023-12-22 20:30:00+00:00,358.334295024652
2023-12-22 21:00:00+00:00,355.9274841754495
2023-12-22 22:00:00+00:00,353.37081281371405
2023-12-22 23:00:00+00:00,354.08269087735823
2023-12-26 09:00:00+00:00,357.28836675048865
2023-12-26 10:00:00+00:00,357.3455148678156
2023-12-26 11:00:00+00:00,360.863365498824
2023-12-26 12:00:00+00:00,361.6134172061953
2023-12-26 13:00:00+00:00,360.0107030583132
2023-12-26 14:00:00+00:00,361.1976615081343
2023-12-26 14:30:00+00:00,360.79005149046384
2023-12-26 15:30:00+00:00,358.90022121155494
2023-12-26 16:30:00+00:00,357.13953569634776
2023-12-26 17:30:00+00:00,356.1841126785076
2023-12-26 18:30:00+00:00,357.02823658988603
2023-12-26 19:30:00+00:00,356.5799209833966
2023-12-26 20:30:00+00:00,355.05637098181586
2023-12-26 21:00:00+00:00,357.1415141219175
2023-12-26 22:00:00+00:00,357.15529184331103
2023-12-26 23:00:00+00:00,357.23873396961045
2023-12-27 09:00:00+00:00,355.80522515951117
2023-12-27 10:00:00+00:00,354.91912178962235
2023-12-27 11:00:00+00:00,357.61447974426443
2023-12-27 12:00:00+00:00,359.58016040974667
2023-12-27 13:00:00+00:00,360.4381126007392
2023-12-27 14:00:00+00:00,360.4723566315129
2023-12-27 14:30:00+00:00,357.3621184685397
2023-12-27 15:30:00+00:00,355.52949649985834
2023-12-27 16:30:00+00:00,356.9061669726527
2023-12-27 17:30:00+00:00,358.0148645397539
2023-12-27 18:30:00+00:00,356.6219679617404
2023-12-27 19:30:00+00:00,356.23133291886006
2023-12-27 20:30:00+00:00,355.3573539073861
2023-12-27 21:00:00+00:00,352.6106760455563
2023-12-27 22:00:00+00:00,351.9988410562319
2023-12-27 23:00:00+00:00,349.70799041597616
2023-12-28 09:00:00+00:00,349.58293303480406
2023-12-28 10:00:00+00:00,351.2395063862832
2023-12-28 11:00:00+00:00,351.36113594425893
2023-12-28 12:00:00+00:00,349.36006516503517
2023-12-28 13:00:00+00:00,347.34691738849045
2023-12-28 14:00:00+00:00,345.6289467553707
2023-12-28 14:30:00+00:00,345.9947460478889
2023-12-28 15:30:00+00:00,345.70215097870897
2023-12-28 16:30:00+00:00,347.9581947792659
2023-12-28 17:30:00+00:00,348.73911922292734
2023-12-28 18:30:00+00:00,350.1338790418366
2023-12-28 19:30:00+00:00,351.57521392856745
2023-12-28 20:30:00+00:00,351.0046952804573
2023-12-28 21:00:00+00:00,352.035184033459
2023-12-28 22:00:00+00:00,352.693087114958
2023-12-28 23:00:00+00:00,355.37543107021725
2023-12-29 09:00:00+00:00,357.5705558552921
2023-12-29 10:00:00+00:00,358.1620220292744
2023-12-29 11:00:00+00:00,359.6042195727722
2023-12-29 12:00:00+00:00,359.9035268821176
2023-12-29 13:00:00+00:00,363.61277787510664
2023-12-29 14:00:00+00:00,362.6610607625484
2023-12-29 14:30:00+00:00,364.7527993890737
2023-12-29 15:30:00+00:00,364.892302195427
2023-12-29 16:30:00+00:00,367.3041084601849
2023-12-29 17:30:00+00:00,366.57141363320267
2023-12-29 18:30:00+00:00,365.50376743452796
2023-12-29 19:30:00+00:00,363.7485987007627
2023-12-29 20:30:00+00:00,364.8241500568672
2023-12-29 21:00:00+00:00,365.7806284479913
2023-12-29 22:00:00+00:00,368.20494318557945
2023-12-29 23:00:00+00:00,370.61934182109974
2024-01-02 09:00:00+00:00,372.4641617298814
2024-01-02 10:00:00+00:00,374.10819278434997
2024-01-02 11:00:00+00:00,374.93314953518296
2024-01-02 12:00:00+00:00,372.1664316822281
2024-01-02 13:00:00+00:00,369.9688801382653
2024-01-02 14:00:00+00:00,370.7173427371471
2024-01-02 14:30:00+00:00,371.84311927220483
2024-01-02 15:30:00+00:00,371.3394731320121
2024-01-02 16:30:00+00:00,370.1615418216795
2024-01-02 17:30:00+00:00,370.2947799080115
2024-01-02 18:30:00+00:00,372.5393649855317
2024-01-02 19:30:00+00:00,374.69778688119715
2024-01-02 20:30:00+00:00,375.518470229319
2024-01-02 21:00:00+00:00,375.4319261506688
2024-01-02 22:00:00+00:00,376.5028305144555
2024-01-02 23:00:00+00:00,374.3257069970823
2024-01-03 09:00:00+00:00,372.4414063037631
2024-01-03 10:00:00+00:00,373.59120356721144
2024-01-03 11:00:00+00:00,371.509583495933
2024-01-03 12:00:00+00:00,370.02318302145267
2024-01-03 13:00:00+00:00,368.09237608319387
2024-01-03 14:00:00+00:00,367.07861215068124
2024-01-03 14:30:00+00:00,368.06343332634555
2024-01-03 15:30:00+00:00,369.17218096158103
2024-01-03 16:30:00+00:00,369.37622844174814
2024-01-03 17:30:00+00:00,371.35417867631514
2024-01-03 18:30:00+00:00,373.49342181981484
2024-01-03 19:30:00+00:00,375.07010963292254
2024-01-03 20:30:00+00:00,375.26095959420894
2024-01-03 21:00:00+00:00,377.36104077030444
2024-01-03 22:00:00+00:00,378.4727824072586
2024-01-03 23:00:00+00:00,377.94890774108194
2024-01-04 09:00:00+00:00,379.4892867998401
2024-01-04 10:00:00+00:00,381.5967118833029
2024-01-04 11:00:00+00:00,381.1518532923002
2024-01-04 12:00:00+00:00,383.3686508016201
2024-01-04 13:00:00+00:00,383.21956706391546
2024-01-04 14:00:00+00:00,386.02765812976577
2024-01-04 14:30:00+00:00,384.91093316341176
2024-01-04 15:30:00+00:00,385.9395504407511
2024-01-04 16:30:00+00:00,385.51661725931814
2024-01-04 17:30:00+00:00,385.01343415618555
2024-01-04 18:30:00+00:00,383.97611668440504
2024-01-04 19:30:00+00:00,380.4294867465085
2024-01-04 20:30:00+00:00,382.1208791171014
2024-01-04 21:00:00+00:00,378.38033415812873
2024-01-04 22:00:00+00:00,377.55379888660093
2024-01-04 23:00:00+00:00,378.16985659686804
2024-01-05 09:00:00+00:00,380.14772122601175
2024-01-05 10:00:00+00:00,378.80614761996037
2024-01-05 11:00:00+00:00,376.3603346672524
2024-01-05 12:00:00+00:00,376.5996910277327
2024-01-05 13:00:00+00:00,376.0824393910349
2024-01-05 14:00:00+00:00,375.07587638198925
2024-01-05 14:30:00+00:00,373.5701943741369
2024-01-05 15:30:00+00:00,376.68727749744903
2024-01-05 16:30:00+00:00,376.56710672311124
2024-01-05 17:30:00+00:00,377.9367985592052
2024-01-05 18:30:00+00:00,376.92349231262625
2024-01-05 19:30:00+00:00,374.7294189073953
2024-01-05 20:30:00+00:00,375.3918676764456
2024-01-05 21:00:00+00:00,376.13172483644837
2024-01-05 22:00:00+00:00,375.78784547145153
2024-01-05 23:00:00+00:00,375.60128386916034
2024-01-08 09:00:00+00:00,377.25743244732854
2024-01-08 10:00:00+00:00,378.1223711527934
2024-01-08 11:00:00+00:00,380.61743824542646
2024-01-08 12:00:00+00:00,382.81414724821667
2024-01-08 13:00:00+00:00,383.8056593253163
2024-01-08 14:00:00+00:00,383.3118789900186
2024-01-08 14:30:00+00:00,379.33302090089853
2024-01-08 15:30:00+00:00,381.39523705113083
2024-01-08 16:30:00+00:00,380.86086539070527
2024-01-08 17:30:00+00:00,377.4781516603409
2024-01-08 18:30:00+00:00,376.08053672077796
2024-01-08 19:30:00+00:00,375.1495093343268
2024-01-08 20:30:00+00:00,375.5261049574032
2024-01-08 21:00:00+00:00,375.7326527263237
2024-01-08 22:00:00+00:00,376.95743571335663
2024-01-08 23:00:00+00:00,380.33319702686305
2024-01-09 09:00:00+00:00,381.5236289462122
2024-01-09 10:00:00+00:00,383.1229204431681
2024-01-09 11:00:00+00:00,382.08416073341
2024-01-09 12:00:00+00:00,382.59846261462445
2024-01-09 13:00:00+00:00,384.63356865270197
2024-01-09 14:00:00+00:00,386.39231300460375
2024-01-09 14:30:00+00:00,389.3566493724325
2024-01-09 15:30:00+00:00,387.08177862121454
2024-01-09 16:30:00+00:00,388.3679911277548
2024-01-09 17:30:00+00:00,388.98168847737406
2024-01-09 18:30:00+00:00,390.6530209727993
2024-01-09 19:30:00+00:00,389.4611715291663
2024-01-09 20:30:00+00:00,390.0511186214802
2024-01-09 21:00:00+00:00,391.2638803685167
2024-01-09 22:00:00+00:00,390.79627031579975
2024-01-09 23:00:00+00:00,391.4627009319807
2024-01-10 09:00:00+00:00,393.11248277275126
2024-01-10 10:00:00+00:00,393.48447542194685
2024-01-10 11:00:00+00:00,391.77072241962844
2024-01-10 12:00:00+00:00,392.3913101290273
2024-01-10 13:00:00+00:00,390.99649058959494
2024-01-10 14:00:00+00:00,393.7249324301637
2024-01-10 14:30:00+00:00,392.7611768533285
2024-01-10 15:30:00+00:00,394.04993851340834
2024-01-10 16:30:00+00:00,393.5538417850821
2024-01-10 17:30:00+00:00,393.5760089040799
2024-01-10 18:30:00+00:00,394.4852923362001
2024-01-10 19:30:00+00:00,394.2571652803142
2024-01-10 20:30:00+00:00,393.6781897501667
2024-01-10 21:00:00+00:00,395.1871540335232
2024-01-10 22:00:00+00:00,395.09309591885403
2024-01-10 23:00:00+00:00,395.1674493330258
2024-01-11 09:00:00+00:00,394.74151711670476
2024-01-11 10:00:00+00:00,396.1572305763647
2024-01-11 11:00:00+00:00,395.34821409130194
2024-01-11 12:00:00+00:00,396.1487702804566
2024-01-11 13:00:00+00:00,398.55673427831573
2024-01-11 14:00:00+00:00,399.1950217624082
2024-01-11 14:30:00+00:00,398.96187425870824
2024-01-11 15:30:00+00:00,399.2030671617702
2024-01-11 16:30:00+00:00,397.54358695912214
2024-01-11 17:30:00+00:00,398.60185264376764
2024-01-11 18:30:00+00:00,400.95908653317207
2024-01-11 19:30:00+00:00,402.1587158675445
2024-01-11 20:30:00+00:00,401.1039750769947
2024-01-11 21:00:00+00:00,404.34806382524084
2024-01-11 22:00:00+00:00,404.20988789086334
2024-01-11 23:00:00+00:00,402.5635544365907
2024-01-12 09:00:00+00:00,404.0908608967803
2024-01-12 10:00:00+00:00,406.18935496045924
2024-01-12 11:00:00+00:00,407.56155193116683
2024-01-12 12:00:00+00:00,406.6197434564572
2024-01-12 13:00:00+00:00,405.5638500275299
2024-01-12 14:00:00+00:00,405.08605677562065
2024-01-12 14:30:00+00:00,406.2028364714991
2024-01-12 15:30:00+00:00,406.5866966922241
2024-01-12 16:30:00+00:00,405.4620298346505
2024-01-12 17:30:00+00:00,406.26899809000935
2024-01-12 18:30:00+00:00,410.4523077159884
2024-01-12 19:30:00+00:00,408.19643011943106
2024-01-12 20:30:00+00:00,409.1861889778322
2024-01-12 21:00:00+00:00,408.2087295205217
2024-01-12 22:00:00+00:00,409.3264912600474
2024-01-12 23:00:00+00:00,411.966404048745
2024-01-16 09:00:00+00:00,412.2715904109068
2024-01-16 10:00:00+00:00,412.38235205971495
2024-01-16 11:00:00+00:00,411.05945410201855
2024-01-16 12:00:00+00:00,412.758138620894
2024-01-16 13:00:00+00:00,411.77460466185084
2024-01-16 14:00:00+00:00,412.33026174105714
2024-01-16 14:30:00+00:00,409.23938063677537
2024-01-16 15:30:00+00:00,407.15188777137706
2024-01-16 16:30:00+00:00,405.9509317982821
2024-01-16 17:30:00+00:00,406.30077193107553
2024-01-16 18:30:00+00:00,407.70902369745585
2024-01-16 19:30:00+00:00,405.5237645712471
2024-01-16 20:30:00+00:00,408.5700180589213
2024-01-16 21:00:00+00:00,409.9263695745086
2024-01-16 22:00:00+00:00,411.16559624462445
2024-01-16 23:00:00+00:00,412.14660742768604
2024-01-17 09:00:00+00:00,412.00001775300797
2024-01-17 10:00:00+00:00,413.6681693575144
2024-01-17 11:00:00+00:00,416.02172554080465
2024-01-17 12:00:00+00:00,415.8558303796953
2024-01-17 13:00:00+00:00,415.39494105686737
2024-01-17 14:00:00+00:00,413.4560671246316
2024-01-17 14:30:00+00:00,411.6221826710012
2024-01-17 15:30:00+00:00,410.6207936379375
2024-01-17 16:30:00+00:00,408.79184512662835
2024-01-17 17:30:00+00:00,409.74845267319444
2024-01-17 18:30:00+00:00,410.23446654274017
2024-01-17 19:30:00+00:00,408.1952465323015
2024-01-17 20:30:00+00:00,407.9812521302638
2024-01-17 21:00:00+00:00,408.19819248810813
2024-01-17 22:00:00+00:00,406.86319364424486
2024-01-17 23:00:00+00:00,404.8288700165075
2024-01-18 09:00:00+00:00,405.71118174023263
2024-01-18 10:00:00+00:00,405.95948497537813
2024-01-18 11:00:00+00:00,406.39880788545287
2024-01-18 12:00:00+00:00,404.5940085068716
2024-01-18 13:00:00+00:00,405.8187881032153
2024-01-18 14:00:00+00:00,402.8693124059539
2024-01-18 14:30:00+00:00,403.68381979451976
2024-01-18 15:30:00+00:00,403.2655363994967
2024-01-18 16:30:00+00:00,403.9810863040311
2024-01-18 17:30:00+00:00,403.2528722728786
2024-01-18 18:30:00+00:00,406.45134153793725
2024-01-18 19:30:00+00:00,407.91059181935367
2024-01-18 20:30:00+00:00,409.6250927737335
2024-01-18 21:00:00+00:00,406.50404983908675
2024-01-18 22:00:00+00:00,405.52836264557874
2024-01-18 23:00:00+00:00,404.04216680679485
2024-01-19 09:00:00+00:00,408.11374040067074
2024-01-19 10:00:00+00:00,408.3664997372947
2024-01-19 11:00:00+00:00,407.9749272266911
2024-01-19 12:00:00+00:00,408.37514247449417
2024-01-19 13:00:00+00:00,408.4051869035723
2024-01-19 14:00:00+00:00,408.4525880235869
2024-01-19 14:30:00+00:00,408.76458374186325
2024-01-19 15:30:00+00:00,407.3912978502159
2024-01-19 16:30:00+00:00,408.3258306989045
2024-01-19 17:30:00+00:00,408.5549132271953
2024-01-19 18:30:00+00:00,411.5745465375837
2024-01-19 19:30:00+00:00,410.2703587295351
2024-01-19 20:30:00+00:00,410.19414107702767
2024-01-19 21:00:00+00:00,410.69379845698484
2024-01-19 22:00:00+00:00,412.9020906719237
2024-01-19 23:00:00+00:00,411.7005738981
2024-01-22 09:00:00+00:00,411.19043826051586
2024-01-22 10:00:00+00:00,411.6768543831342
2024-01-22 11:00:00+00:00,413.9874240736574
2024-01-22 12:00:00+00:00,415.0200697335257
2024-01-22 13:00:00+00:00,411.8451148905056
2024-01-22 14:00:00+00:00,408.96740187405317
2024-01-22 14:30:00+00:00,410.46160309615146
2024-01-22 15:30:00+00:00,410.43747706404474
2024-01-22 16:30:00+00:00,411.8320161364586
2024-01-22 17:30:00+00:00,414.8277150418835
2024-01-22 18:30:00+00:00,415.06862394447916
2024-01-22 19:30:00+00:00,417.7568960193989
2024-01-22 20:30:00+00:00,417.3363574163776
2024-01-22 21:00:00+00:00,416.59212548708297
2024-01-22 22:00:00+00:00,417.68961391260996
2024-01-22 23:00:00+00:00,419.67908243764117
2024-01-23 09:00:00+00:00,420.2045506810023
2024-01-23 10:00:00+00:00,421.5152737838367
2024-01-23 11:00:00+00:00,421.3693466004432
2024-01-23 12:00:00+00:00,420.25991050511965
2024-01-23 13:00:00+00:00,420.78575514271745
2024-01-23 14:00:00+00:00,419.8129388838707
2024-01-23 14:30:00+00:00,420.31522299771206
2024-01-23 15:30:00+00:00,418.313282453982
2024-01-23 16:30:00+00:00,419.8870068084551
2024-01-23 17:30:00+00:00,419.3584844067081
2024-01-23 18:30:00+00:00,417.42105405900696
2024-01-23 19:30:00+00:00,419.18963217801263
2024-01-23 20:30:00+00:00,420.96575235208456
2024-01-23 21:00:00+00:00,421.74494251545656
2024-01-23 22:00:00+00:00,422.08147512106285
2024-01-23 23:00:00+00:00,420.5780112645121
2024-01-24 09:00:00+00:00,417.78180498982755
2024-01-24 10:00:00+00:00,419.1030164663537
2024-01-24 11:00:00+00:00,422.012695767931
2024-01-24 12:00:00+00:00,421.9540170195833
2024-01-24 13:00:00+00:00,421.4535541905294
2024-01-24 14:00:00+00:00,421.5662389008443
2024-01-24 14:30:00+00:00,419.7505864980845
2024-01-24 15:30:00+00:00,420.6365240724845
2024-01-24 16:30:00+00:00,419.92627182549165
2024-01-24 17:30:00+00:00,422.1677789345364
2024-01-24 18:30:00+00:00,423.36791328014493
2024-01-24 19:30:00+00:00,422.7015188501907
2024-01-24 20:30:00+00:00,422.4466220616079
2024-01-24 21:00:00+00:00,422.5778294739794
2024-01-24 22:00:00+00:00,423.5663287366133
2024-01-24 23:00:00+00:00,425.15573389781713
2024-01-25 09:00:00+00:00,424.95345938491766
2024-01-25 10:00:00+00:00,423.418620734151
2024-01-25 11:00:00+00:00,426.3546732070972
2024-01-25 12:00:00+00:00,427.97175465295834
2024-01-25 13:00:00+00:00,428.1534469410073
2024-01-25 14:00:00+00:00,427.35561373628826
2024-01-25 14:30:00+00:00,428.91917497374567
2024-01-25 15:30:00+00:00,425.9795000050636
2024-01-25 16:30:00+00:00,427.91324375109514
2024-01-25 17:30:00+00:00,428.837588529704
2024-01-25 18:30:00+00:00,429.4168526050167
2024-01-25 19:30:00+00:00,428.5566829636303
2024-01-25 20:30:00+00:00,428.63425366283644
2024-01-25 21:00:00+00:00,428.4810429496203
2024-01-25 22:00:00+00:00,426.8523656995252
2024-01-25 23:00:00+00:00,426.95028789382576
2024-01-26 09:00:00+00:00,426.33316957700043
2024-01-26 10:00:00+00:00,426.0859571370668
2024-01-26 11:00:00+00:00,424.6511815279619
2024-01-26 12:00:00+00:00,423.4700613335141
2024-01-26 13:00:00+00:00,425.0747309524183
2024-01-26 14:00:00+00:00,426.35040493059364
2024-01-26 14:30:00+00:00,426.4624122437333
2024-01-26 15:30:00+00:00,428.50185546554684
2024-01-26 16:30:00+00:00,427.718733424074
2024-01-26 17:30:00+00:00,428.6030092056649
2024-01-26 18:30:00+00:00,428.35403853813585
2024-01-26 19:30:00+00:00,430.4769891864045
2024-01-26 20:30:00+00:00,431.75808395104656
2024-01-26 21:00:00+00:00,432.6840033985745
2024-01-26 22:00:00+00:00,429.69811903284335
2024-01-26 23:00:00+00:00,428.9295824183658
2024-01-29 09:00:00+00:00,432.92053449259305
2024-01-29 10:00:00+00:00,433.54724095726084
2024-01-29 11:00:00+00:00,435.12376352389253
2024-01-29 12:00:00+00:00,432.045554375996
2024-01-29 13:00:00+00:00,430.3424988222215
2024-01-29 14:00:00+00:00,430.3027591716853
2024-01-29 14:30:00+00:00,426.8454521647755
2024-01-29 15:30:00+00:00,425.35885654685006
2024-01-29 16:30:00+00:00,425.3612081508192
2024-01-29 17:30:00+00:00,428.4342760596059
2024-01-29 18:30:00+00:00,428.9883679570836
2024-01-29 19:30:00+00:00,430.5696152836924
2024-01-29 20:30:00+00:00,431.6260432429322
2024-01-29 21:00:00+00:00,435.05808166553214
2024-01-29 22:00:00+00:00,436.16907569272837
2024-01-29 23:00:00+00:00,437.56222070455607
2024-01-30 09:00:00+00:00,439.05015420978305
2024-01-30 10:00:00+00:00,439.2997806424672
2024-01-30 11:00:00+00:00,440.07893200321587
2024-01-30 12:00:00+00:00,440.39737766875106
2024-01-30 13:00:00+00:00,440.4970879695008
2024-01-30 14:00:00+00:00,443.6146930502969
2024-01-30 14:30:00+00:00,440.6065347893005
2024-01-30 15:30:00+00:00,440.86901382063974
2024-01-30 16:30:00+00:00,437.7466303037253
2024-01-30 17:30:00+00:00,441.1539525519396
2024-01-30 18:30:00+00:00,442.3246904121519
2024-01-30 19:30:00+00:00,441.7813466266163
2024-01-30 20:30:00+00:00,445.451824398991
2024-01-30 21:00:00+00:00,443.85370397152155
2024-01-30 22:00:00+00:00,445.87411384821496
2024-01-30 23:00:00+00:00,448.76083330720024
2024-01-31 09:00:00+00:00,445.99174396910837
2024-01-31 10:00:00+00:00,446.10573726828585
2024-01-31 11:00:00+00:00,445.3958195863365
2024-01-31 12:00:00+00:00,446.28231106195796
2024-01-31 13:00:00+00:00,446.07221560697775
2024-01-31 14:00:00+00:00,446.46734102920357
2024-01-31 14:30:00+00:00,447.30333163474324
2024-01-31 15:30:00+00:00,448.8573140370958
2024-01-31 16:30:00+00:00,449.05860341170126
2024-01-31 17:30:00+00:00,447.65820686078564
2024-01-31 18:30:00+00:00,449.616561928667
2024-01-31 19:30:00+00:00,445.5425253443575
2024-01-31 20:30:00+00:00,441.1307936701966
2024-01-31 21:00:00+00:00,442.816014875038
2024-01-31 22:00:00+00:00,441.8623613891776
2024-01-31 23:00:00+00:00,442.8806369179994
2024-02-01 09:00:00+00:00,440.64467175836813
2024-02-01 10:00:00+00:00,440.45705683947943
2024-02-01 11:00:00+00:00,440.096660234915
2024-02-01 12:00:00+00:00,441.78074948030695
2024-02-01 13:00:00+00:00,439.99550770089724
2024-02-01 14:00:00+00:00,438.85771906950225
2024-02-01 14:30:00+00:00,439.58246749578495
2024-02-01 15:30:00+00:00,437.2573049336784
2024-02-01 16:30:00+00:00,436.8497959912573
2024-02-01 17:30:00+00:00,436.24756981040684
2024-02-01 18:30:00+00:00,436.76619071840895
2024-02-01 19:30:00+00:00,438.74879936754365
2024-02-01 20:30:00+00:00,441.91382451826786
2024-02-01 21:00:00+00:00,439.20552701718645
2024-02-01 22:00:00+00:00,437.64790763293394
2024-02-01 23:00:00+00:00,439.20718886396025
2024-02-02 09:00:00+00:00,444.16148946821204
2024-02-02 10:00:00+00:00,443.48723836670587
2024-02-02 11:00:00+00:00,445.7462649263673
2024-02-02 12:00:00+00:00,444.15760046865915
2024-02-02 13:00:00+00:00,440.47813746167304
2024-02-02 14:00:00+00:00,440.52769875742155
2024-02-02 14:30:00+00:00,441.87173937803294
2024-02-02 15:30:00+00:00,439.2942407101494
2024-02-02 16:30:00+00:00,437.47540030714816
2024-02-02 17:30:00+00:00,435.72881322467435
2024-02-02 18:30:00+00:00,436.88720778275496
2024-02-02 19:30:00+00:00,436.56580521917465
2024-02-02 20:30:00+00:00,435.90215145807366
2024-02-02 21:00:00+00:00,435.6517835966796
2024-02-02 22:00:00+00:00,436.4789629390197
2024-02-02 23:00:00+00:00,438.9260622686114
2024-02-05 09:00:00+00:00,440.31132469613107
2024-02-05 10:00:00+00:00,440.7274655203332
2024-02-05 11:00:00+00:00,441.30377548779256
2024-02-05 12:00:00+00:00,442.23634362908285
2024-02-05 13:00:00+00:00,446.24138819478327
2024-02-05 14:00:00+00:00,447.56245600040285
2024-02-05 14:30:00+00:00,450.0645971563597
2024-02-05 15:30:00+00:00,448.35388858972715
2024-02-05 16:30:00+00:00,449.37126716435
2024-02-05 17:30:00+00:00,450.60481320944547
2024-02-05 18:30:00+00:00,446.3291576166411
2024-02-05 19:30:00+00:00,447.0604978156635
2024-02-05 20:30:00+00:00,448.1767950498946
2024-02-05 21:00:00+00:00,448.6911955517934
2024-02-05 22:00:00+00:00,446.819766416451
2024-02-05 23:00:00+00:00,445.1603142504323
2024-02-06 09:00:00+00:00,442.44101217960855
2024-02-06 10:00:00+00:00,444.8038827115752
2024-02-06 11:00:00+00:00,445.4656865228617
2024-02-06 12:00:00+00:00,448.424652214961
2024-02-06 13:00:00+00:00,450.3450314571769
2024-02-06 14:00:00+00:00,450.3567454781321
2024-02-06 14:30:00+00:00,448.83090610221876
2024-02-06 15:30:00+00:00,444.92111428358817
2024-02-06 16:30:00+00:00,447.05081193205604
2024-02-06 17:30:00+00:00,446.79287803377775
2024-02-06 18:30:00+00:00,450.2698922766338
2024-02-06 19:30:00+00:00,451.94717099774493
2024-02-06 20:30:00+00:00,453.4430162565073
2024-02-06 21:00:00+00:00,454.1469095659044
2024-02-06 22:00:00+00:00,454.81101388886856
2024-02-06 23:00:00+00:00,453.4211041658794
2024-02-07 09:00:00+00:00,452.07372632460203
2024-02-07 10:00:00+00:00,452.04137380240195
2024-02-07 11:00:00+00:00,451.51279642753764
2024-02-07 12:00:00+00:00,451.0535995243724
2024-02-07 13:00:00+00:00,451.1304554036844
2024-02-07 14:00:00+00:00,452.1168284316094
2024-02-07 14:30:00+00:00,451.27216600595926
2024-02-07 15:30:00+00:00,454.0726509038016
2024-02-07 16:30:00+00:00,454.78842957464053
2024-02-07 17:30:00+00:00,449.27850718678945
2024-02-07 18:30:00+00:00,447.07319132723353
2024-02-07 19:30:00+00:00,447.1820377713711
2024-02-07 20:30:00+00:00,448.440347332871
2024-02-07 21:00:00+00:00,451.22679297883985
2024-02-07 22:00:00+00:00,450.56811884032857
2024-02-07 23:00:00+00:00,451.8693670688135
2024-02-08 09:00:00+00:00,450.39866083307226
2024-02-08 10:00:00+00:00,448.89704814661127
2024-02-08 11:00:00+00:00,448.0183401454001
2024-02-08 12:00:00+00:00,446.25403791632436
2024-02-08 13:00:00+00:00,442.15986123373034
2024-02-08 14:00:00+00:00,437.5033317987719
2024-02-08 14:30:00+00:00,439.1280993633876
2024-02-08 15:30:00+00:00,440.09110204701506
2024-02-08 16:30:00+00:00,440.79006374868146
2024-02-08 17:30:00+00:00,441.3923683354373
2024-02-08 18:30:00+00:00,440.03961461158343
2024-02-08 19:30:00+00:00,438.8907362635766
2024-02-08 20:30:00+00:00,438.1943720550458
2024-02-08 21:00:00+00:00,440.85843329562044
2024-02-08 22:00:00+00:00,438.9793400587815
2024-02-08 23:00:00+00:00,441.61057298689803
2024-02-09 09:00:00+00:00,442.357496732805
2024-02-09 10:00:00+00:00,439.25431108640487
2024-02-09 11:00:00+00:00,443.8240626765213
2024-02-09 12:00:00+00:00,441.1339613513057
2024-02-09 13:00:00+00:00,442.0806692581012
2024-02-09 14:00:00+00:00,443.20361966428004
2024-02-09 14:30:00+00:00,445.18338877255394
2024-02-09 15:30:00+00:00,443.3395646209045
2024-02-09 16:30:00+00:00,442.40714806191636
2024-02-09 17:30:00+00:00,444.0548463671494
2024-02-09 18:30:00+00:00,444.2473520710513
2024-02-09 19:30:00+00:00,444.8482269305132
2024-02-09 20:30:00+00:00,445.936757126188
2024-02-09 21:00:00+00:00,448.49685071975597
2024-02-09 22:00:00+00:00,446.95957583815766
2024-02-09 23:00:00+00:00,447.4120328316822
2024-02-12 09:00:00+00:00,451.70118353159745
2024-02-12 10:00:00+00:00,450.72147430365595
2024-02-12 11:00:00+00:00,450.3971710094338
2024-02-12 12:00:00+00:00,450.7700191644326
2024-02-12 13:00:00+00:00,448.9029411181537
2024-02-12 14:00:00+00:00,448.41455250561347
2024-02-12 14:30:00+00:00,448.4386854984671
2024-02-12 15:30:00+00:00,449.0436902199704
2024-02-12 16:30:00+00:00,450.52323458485085
2024-02-12 17:30:00+00:00,448.96094532509215
2024-02-12 18:30:00+00:00,449.6827427147437
2024-02-12 19:30:00+00:00,447.3395928501819
2024-02-12 20:30:00+00:00,451.00649616432304
2024-02-12 21:00:00+00:00,452.505639885304
2024-02-12 22:00:00+00:00,452.36994796272904
2024-02-12 23:00:00+00:00,452.68591324494946
2024-02-13 09:00:00+00:00,450.68985214730895
2024-02-13 10:00:00+00:00,453.74333044752365
2024-02-13 11:00:00+00:00,455.0005356206484
2024-02-13 12:00:00+00:00,452.47206132334406
2024-02-13 13:00:00+00:00,453.5597338676221
2024-02-13 14:00:00+00:00,452.3571730028542
2024-02-13 14:30:00+00:00,449.5688722237447
2024-02-13 15:30:00+00:00,450.62553594517925
2024-02-13 16:30:00+00:00,450.93175219338707
2024-02-13 17:30:00+00:00,453.1922503953466
2024-02-13 18:30:00+00:00,454.4954008658707
2024-02-13 19:30:00+00:00,453.5077822962662
2024-02-13 20:30:00+00:00,456.5920134622503
2024-02-13 21:00:00+00:00,456.46332234262763
2024-02-13 22:00:00+00:00,456.261652605574
2024-02-13 23:00:00+00:00,460.18908541684476
2024-02-14 09:00:00+00:00,460.62489814388175
2024-02-14 10:00:00+00:00,458.2607320645035
2024-02-14 11:00:00+00:00,458.7751289686838
2024-02-14 12:00:00+00:00,460.0055910771418
2024-02-14 13:00:00+00:00,457.0661178599266
2024-02-14 14:00:00+00:00,457.4476265561022
2024-02-14 14:30:00+00:00,456.51466626132657
2024-02-14 15:30:00+00:00,453.38985828554223
2024-02-14 16:30:00+00:00,453.9881771580271
2024-02-14 17:30:00+00:00,454.68716557401314
2024-02-14 18:30:00+00:00,459.1415430939532
2024-02-14 19:30:00+00:00,458.14978921717983
2024-02-14 20:30:00+00:00,459.7488444457424
2024-02-14 21:00:00+00:00,457.66102102978226
2024-02-14 22:00:00+00:00,458.23976137843874
2024-02-14 23:00:00+00:00,458.3363287561641
2024-02-15 09:00:00+00:00,457.07478072897567
2024-02-15 10:00:00+00:00,456.86397783575813
2024-02-15 11:00:00+00:00,457.02921074509004
2024-02-15 12:00:00+00:00,458.50608377097046
2024-02-15 13:00:00+00:00,454.93062096498704
2024-02-15 14:00:00+00:00,451.7737537851055
2024-02-15 14:30:00+00:00,451.47000963290105
2024-02-15 15:30:00+00:00,455.67072758829966
2024-02-15 16:30:00+00:00,459.44964360063096
2024-02-15 17:30:00+00:00,460.4076794222515
2024-02-15 18:30:00+00:00,458.4209962257991
2024-02-15 19:30:00+00:00,459.50036657774194
2024-02-15 20:30:00+00:00,459.10333315532984
2024-02-15 21:00:00+00:00,458.27163525256424
2024-02-15 22:00:00+00:00,457.6643306569068
2024-02-15 23:00:00+00:00,456.3891976427668
2024-02-16 09:00:00+00:00,454.7632234335358
2024-02-16 10:00:00+00:00,456.1059860696876
2024-02-16 11:00:00+00:00,456.74774667137245
2024-02-16 12:00:00+00:00,456.06433809531717
2024-02-16 13:00:00+00:00,456.1465483656358
2024-02-16 14:00:00+00:00,457.5288443645089
2024-02-16 14:30:00+00:00,459.3928798490668
2024-02-16 15:30:00+00:00,457.4072591261583
2024-02-16 16:30:00+00:00,452.9919857873121
2024-02-16 17:30:00+00:00,454.54007499811877
2024-02-16 18:30:00+00:00,455.462436560206
2024-02-16 19:30:00+00:00,457.415622246833
2024-02-16 20:30:00+00:00,456.17744407635456
2024-02-16 21:00:00+00:00,454.58492340788405
2024-02-16 22:00:00+00:00,461.0779347896124
2024-02-16 23:00:00+00:00,460.3534512221293
2024-02-20 09:00:00+00:00,459.0709859833445
2024-02-20 10:00:00+00:00,461.8936894779922
2024-02-20 11:00:00+00:00,462.6075465547881
2024-02-20 12:00:00+00:00,459.2012574458825
2024-02-20 13:00:00+00:00,458.3146932262257
2024-02-20 14:00:00+00:00,459.7944202113735
2024-02-20 14:30:00+00:00,460.43757362055476
2024-02-20 15:30:00+00:00,459.4955360953478
2024-02-20 16:30:00+00:00,457.3252665022037
2024-02-20 17:30:00+00:00,459.00633941102075
2024-02-20 18:30:00+00:00,460.21753126174724
2024-02-20 19:30:00+00:00,460.1276306468851
2024-02-20 20:30:00+00:00,461.8485019623701
2024-02-20 21:00:00+00:00,460.17102162240997
2024-02-20 22:00:00+00:00,462.35105903491586
2024-02-20 23:00:00+00:00,462.8264121820193
2024-02-21 09:00:00+00:00,467.13239976199077
2024-02-21 10:00:00+00:00,467.04122521181677
2024-02-21 11:00:00+00:00,469.7456299180748
2024-02-21 12:00:00+00:00,471.60953831615046
2024-02-21 13:00:00+00:00,470.0805020440644
2024-02-21 14:00:00+00:00,464.9673793036639
2024-02-21 14:30:00+00:00,460.7426871108328
2024-02-21 15:30:00+00:00,462.7100785839737
2024-02-21 16:30:00+00:00,459.3862878508291
2024-02-21 17:30:00+00:00,460.95610700780867
2024-02-21 18:30:00+00:00,462.5043503222026
2024-02-21 19:30:00+00:00,458.0335413246023
2024-02-21 20:30:00+00:00,455.68506819040323
2024-02-21 21:00:00+00:00,458.08527226239744
2024-02-21 22:00:00+00:00,462.02547475839606
2024-02-21 23:00:00+00:00,459.90144953263024
2024-02-22 09:00:00+00:00,461.61977969661325
2024-02-22 10:00:00+00:00,458.99578353621195
2024-02-22 11:00:00+00:00,459.7679107140784
2024-02-22 12:00:00+00:00,462.7647637536611
2024-02-22 13:00:00+00:00,462.0536697742089
2024-02-22 14:00:00+00:00,460.9205524476691
2024-02-22 14:30:00+00:00,458.3609388840344
2024-02-22 15:30:00+00:00,456.5388662975365
2024-02-22 16:30:00+00:00,460.48001595101977
2024-02-22 17:30:00+00:00,462.1477098114995
2024-02-22 18:30:00+00:00,463.8016825598763
2024-02-22 19:30:00+00:00,462.93747693815976
2024-02-22 20:30:00+00:00,461.61145011628787
2024-02-22 21:00:00+00:00,462.0757053476343
2024-02-22 22:00:00+00:00,461.7732514334189
2024-02-22 23:00:00+00:00,465.0127562084685
2024-02-23 09:00:00+00:00,463.9541599419536
2024-02-23 10:00:00+00:00,459.33604527059435
2024-02-23 11:00:00+00:00,461.2208395950969
2024-02-23 12:00:00+00:00,461.85546297003657
2024-02-23 13:00:00+00:00,462.5511658096045
2024-02-23 14:00:00+00:00,463.4060715778532
2024-02-23 14:30:00+00:00,462.2952913390236
2024-02-23 15:30:00+00:00,462.29465540079775
2024-02-23 16:30:00+00:00,460.52486343635206
2024-02-23 17:30:00+00:00,462.68467364157806
2024-02-23 18:30:00+00:00,459.98596408385475
2024-02-23 19:30:00+00:00,461.9848910018498
2024-02-23 20:30:00+00:00,465.45748811821034
2024-02-23 21:00:00+00:00,463.46070911317213
2024-02-23 22:00:00+00:00,462.38397842806677
2024-02-23 23:00:00+00:00,464.41992271068204
2024-02-26 09:00:00+00:00,460.33039625421753
2024-02-26 10:00:00+00:00,463.4263080900141
2024-02-26 11:00:00+00:00,465.8728762326247
2024-02-26 12:00:00+00:00,463.83119815485196
2024-02-26 13:00:00+00:00,465.84393459249935
2024-02-26 14:00:00+00:00,465.8435913810115
2024-02-26 14:30:00+00:00,466.4092407519257
2024-02-26 15:30:00+00:00,467.6595097878166
2024-02-26 16:30:00+00:00,469.9571729928004
2024-02-26 17:30:00+00:00,468.83713945288736
2024-02-26 18:30:00+00:00,470.37057799488406
2024-02-26 19:30:00+00:00,470.24338568579185
2024-02-26 20:30:00+00:00,469.04620647139853
2024-02-26 21:00:00+00:00,469.50209447171557
2024-02-26 22:00:00+00:00,468.23491869606505
2024-02-26 23:00:00+00:00,465.6315801832079
2024-02-27 09:00:00+00:00,466.19607017916496
2024-02-27 10:00:00+00:00,467.63781990974536
2024-02-27 11:00:00+00:00,470.04520917527395
2024-02-27 12:00:00+00:00,472.3630844498089
2024-02-27 13:00:00+00:00,474.00537324202554
2024-02-27 14:00:00+00:00,476.197979153161
2024-02-27 14:30:00+00:00,474.7509214828612
2024-02-27 15:30:00+00:00,474.96798090739543
2024-02-27 16:30:00+00:00,475.16760515907
2024-02-27 17:30:00+00:00,473.9500631496109
2024-02-27 18:30:00+00:00,472.77013130365305
2024-02-27 19:30:00+00:00,470.1859613398682
2024-02-27 20:30:00+00:00,469.6290665599669
2024-02-27 21:00:00+00:00,469.21309025676425
2024-02-27 22:00:00+00:00,467.6718277378359
2024-02-27 23:00:00+00:00,467.8024877022761
2024-02-28 09:00:00+00:00,470.0983601669668
2024-02-28 10:00:00+00:00,466.6709795706902
2024-02-28 11:00:00+00:00,467.43961983651315
2024-02-28 12:00:00+00:00,468.4298014226113
2024-02-28 13:00:00+00:00,466.87029078809235
2024-02-28 14:00:00+00:00,464.8651302866715
2024-02-28 14:30:00+00:00,468.2995057029924
2024-02-28 15:30:00+00:00,464.39766101494644
2024-02-28 16:30:00+00:00,463.9329276238547
2024-02-28 17:30:00+00:00,461.5384492052447
2024-02-28 18:30:00+00:00,462.1572084116287
2024-02-28 19:30:00+00:00,466.07954209346104
2024-02-28 20:30:00+00:00,466.38226471714046
2024-02-28 21:00:00+00:00,467.90157519131134
2024-02-28 22:00:00+00:00,467.95134692265157
2024-02-28 23:00:00+00:00,470.6477020722746
2024-02-29 09:00:00+00:00,471.88973049370566
2024-02-29 10:00:00+00:00,474.24721596575836
2024-02-29 11:00:00+00:00,474.5379318892465
2024-02-29 12:00:00+00:00,476.72808811820124
2024-02-29 13:00:00+00:00,477.6796905978505
2024-02-29 14:00:00+00:00,475.7761972431932
2024-02-29 14:30:00+00:00,477.47910427477154
2024-02-29 15:30:00+00:00,476.81267860616794
2024-02-29 16:30:00+00:00,472.8048127602783
2024-02-29 17:30:00+00:00,471.3281546835164
2024-02-29 18:30:00+00:00,472.219292051024
2024-02-29 19:30:00+00:00,473.8870447182672
2024-02-29 20:30:00+00:00,473.2133673655128
2024-02-29 21:00:00+00:00,471.7162499844572
2024-02-29 22:00:00+00:00,470.4954449755489
2024-02-29 23:00:00+00:00,471.6212556010726
2024-03-01 09:00:00+00:00,471.02637443055505
2024-03-01 10:00:00+00:00,470.52860936432774
2024-03-01 11:00:00+00:00,470.07500684967033
2024-03-01 12:00:00+00:00,471.5382984975096
2024-03-01 13:00:00+00:00,470.95278178657253
2024-03-01 14:00:00+00:00,471.33816318220784
2024-03-01 14:30:00+00:00,471.7371502732765
2024-03-01 15:30:00+00:00,473.60738962748627
2024-03-01 16:30:00+00:00,470.33511493672466
2024-03-01 17:30:00+00:00,472.15725787464487
2024-03-01 18:30:00+00:00,474.0497092581337
2024-03-01 19:30:00+00:00,474.0618254541919
2024-03-01 20:30:00+00:00,479.0942966762665
2024-03-01 21:00:00+00:00,477.9857499407715
2024-03-01 22:00:00+00:00,477.1195984472908
2024-03-01 23:00:00+00:00,478.00721966909833
2024-03-04 09:00:00+00:00,482.131414421056
2024-03-04 10:00:00+00:00,480.0455380708297
2024-03-04 11:00:00+00:00,479.7405241950164
2024-03-04 12:00:00+00:00,479.05343462729854
2024-03-04 13:00:00+00:00,479.37351150912025
2024-03-04 14:00:00+00:00,481.0748771801155
2024-03-04 14:30:00+00:00,482.71066015157254
2024-03-04 15:30:00+00:00,483.5600885967399
2024-03-04 16:30:00+00:00,485.4874300592217
2024-03-04 17:30:00+00:00,482.7084435718652
2024-03-04 18:30:00+00:00,481.4519293278078
2024-03-04 19:30:00+00:00,480.83159521612345
2024-03-04 20:30:00+00:00,482.72465832525717
2024-03-04 21:00:00+00:00,482.7304092033869
2024-03-04 22:00:00+00:00,481.6889160041669
2024-03-04 23:00:00+00:00,485.80434329581414
2024-03-05 09:00:00+00:00,491.1874660897925
2024-03-05 10:00:00+00:00,490.42983371982723
2024-03-05 11:00:00+00:00,491.5057951572545
2024-03-05 12:00:00+00:00,495.0751342301814
2024-03-05 13:00:00+00:00,496.91385539337716
2024-03-05 14:00:00+00:00,498.8553921261213
2024-03-05 14:30:00+00:00,494.3812264504504
2024-03-05 15:30:00+00:00,494.1218408671466
2024-03-05 16:30:00+00:00,497.74104689810474
2024-03-05 17:30:00+00:00,497.62637897401413
2024-03-05 18:30:00+00:00,497.5461605865688
2024-03-05 19:30:00+00:00,498.27126934687846
2024-03-05 20:30:00+00:00,498.0481679080462
2024-03-05 21:00:00+00:00,497.3455850865383
2024-03-05 22:00:00+00:00,496.2760368735411
2024-03-05 23:00:00+00:00,495.0985356335692
2024-03-06 09:00:00+00:00,498.6450258754224
2024-03-06 10:00:00+00:00,501.94728289061
2024-03-06 11:00:00+00:00,504.150351876975
2024-03-06 12:00:00+00:00,505.55933717563966
2024-03-06 13:00:00+00:00,504.7442287990662
2024-03-06 14:00:00+00:00,505.86362669987284
2024-03-06 14:30:00+00:00,506.62661400169486
2024-03-06 15:30:00+00:00,505.08629873898764
2024-03-06 16:30:00+00:00,505.9431975161662
2024-03-06 17:30:00+00:00,507.2266784153536
2024-03-06 18:30:00+00:00,508.0306517479259
2024-03-06 19:30:00+00:00,506.02855066390146
2024-03-06 20:30:00+00:00,504.73749636172687
2024-03-06 21:00:00+00:00,504.6975316645043
2024-03-06 22:00:00+00:00,507.44786021488295
2024-03-06 23:00:00+00:00,511.02821393215004
2024-03-07 09:00:00+00:00,510.2000955074735
2024-03-07 10:00:00+00:00,508.62618544267013
2024-03-07 11:00:00+00:00,507.9170784918774
2024-03-07 12:00:00+00:00,507.48957528262247
2024-03-07 13:00:00+00:00,510.6795997551696
2024-03-07 14:00:00+00:00,512.8175890262272
2024-03-07 14:30:00+00:00,513.4746716829156
2024-03-07 15:30:00+00:00,515.4455050443711
2024-03-07 16:30:00+00:00,518.2634197747856
2024-03-07 17:30:00+00:00,513.4598963573253
2024-03-07 18:30:00+00:00,510.2984157846137
2024-03-07 19:30:00+00:00,513.9603455769187
2024-03-07 20:30:00+00:00,513.5785003094417
2024-03-07 21:00:00+00:00,515.5783382730712
2024-03-07 22:00:00+00:00,516.9124569725943
2024-03-07 23:00:00+00:00,513.3472937111612
2024-03-08 09:00:00+00:00,511.1430819153364
2024-03-08 10:00:00+00:00,512.8280814505622
2024-03-08 11:00:00+00:00,513.435217201952
2024-03-08 12:00:00+00:00,513.0457869929495
2024-03-08 13:00:00+00:00,510.8879495324147
2024-03-08 14:00:00+00:00,511.076266277235
2024-03-08 14:30:00+00:00,507.4150059837651
2024-03-08 15:30:00+00:00,506.31163744079345
2024-03-08 16:30:00+00:00,508.2528799755751
2024-03-08 17:30:00+00:00,504.8926888506079
2024-03-08 18:30:00+00:00,504.7024067344612
2024-03-08 19:30:00+00:00,505.29329553588013
2024-03-08 20:30:00+00:00,504.674366562447
2024-03-08 21:00:00+00:00,501.9825882242444
2024-03-08 22:00:00+00:00,501.1358050149328
2024-03-08 23:00:00+00:00,501.13878995560583
2024-03-11 08:00:00+00:00,497.2950014974432
2024-03-11 09:00:00+00:00,494.45020552086226
2024-03-11 10:00:00+00:00,495.4170423520179
2024-03-11 11:00:00+00:00,494.437023327467
2024-03-11 12:00:00+00:00,495.12330188733614
2024-03-11 13:00:00+00:00,493.9606339074993
2024-03-11 13:30:00+00:00,495.04921997475805
2024-03-11 14:30:00+00:00,492.92259587966515
2024-03-11 15:30:00+00:00,495.1575861287815
2024-03-11 16:30:00+00:00,496.7863703746038
2024-03-11 17:30:00+00:00,501.7427479971591
2024-03-11 18:30:00+00:00,499.84163787548647
2024-03-11 19:30:00+00:00,499.59596464673024
2024-03-11 20:00:00+00:00,500.3513668172614
2024-03-11 21:00:00+00:00,500.83770642002037
2024-03-11 22:00:00+00:00,503.08922674041173
2024-03-11 23:00:00+00:00,506.0365791693314
2024-03-12 08:00:00+00:00,506.49190554913065
2024-03-12 09:00:00+00:00,511.213260793976
2024-03-12 10:00:00+00:00,514.7183651190172
2024-03-12 11:00:00+00:00,516.1111439557498
2024-03-12 12:00:00+00:00,516.396905475665
2024-03-12 13:00:00+00:00,515.0351304714134
2024-03-12 13:30:00+00:00,514.4342328557242
2024-03-12 14:30:00+00:00,514.9277305002089
2024-03-12 15:30:00+00:00,514.5574308778372
2024-03-12 16:30:00+00:00,511.3669599547454
2024-03-12 17:30:00+00:00,510.53321385860863
2024-03-12 18:30:00+00:00,510.1124500330485
2024-03-12 19:30:00+00:00,510.3514303505934
2024-03-12 20:00:00+00:00,512.2387752002537
2024-03-12 21:00:00+00:00,512.1120113111475
2024-03-12 22:00:00+00:00,514.7254122358175
2024-03-12 23:00:00+00:00,514.2468472145113
2024-03-13 08:00:00+00:00,508.6782196142227
2024-03-13 09:00:00+00:00,508.63407906342377
2024-03-13 10:00:00+00:00,508.70344417845916
2024-03-13 11:00:00+00:00,511.20772778498775
2024-03-13 12:00:00+00:00,512.9335807506892
2024-03-13 13:00:00+00:00,513.3758035156792
2024-03-13 13:30:00+00:00,513.2968959168539
2024-03-13 14:30:00+00:00,510.5994154066072
2024-03-13 15:30:00+00:00,509.9157854662012
2024-03-13 16:30:00+00:00,508.9486631423235
2024-03-13 17:30:00+00:00,510.0541649186309
2024-03-13 18:30:00+00:00,509.8028751599796
2024-03-13 19:30:00+00:00,507.2563674287004
2024-03-13 20:00:00+00:00,508.30320880458595
2024-03-13 21:00:00+00:00,510.727408350674
2024-03-13 22:00:00+00:00,510.6113043919377
2024-03-13 23:00:00+00:00,511.0886164282707
2024-03-14 08:00:00+00:00,508.0233119383961
2024-03-14 09:00:00+00:00,509.11459985550704
2024-03-14 10:00:00+00:00,513.870436567229
2024-03-14 11:00:00+00:00,516.4138321290667
2024-03-14 12:00:00+00:00,515.2667630093224
2024-03-14 13:00:00+00:00,516.6592020275465
2024-03-14 13:30:00+00:00,519.9242440910965
2024-03-14 14:30:00+00:00,517.0194595755856
2024-03-14 15:30:00+00:00,518.3104183639356
2024-03-14 16:30:00+00:00,515.4773219276174
2024-03-14 17:30:00+00:00,512.6538950052386
2024-03-14 18:30:00+00:00,510.051467421138
2024-03-14 19:30:00+00:00,508.25354648805137
2024-03-14 20:00:00+00:00,510.31909754823977
2024-03-14 21:00:00+00:00,511.5273134345573
2024-03-15 13:30:00+00:00,509.41564413064674
2024-03-15 14:30:00+00:00,511.31968610240375
2024-03-15 15:30:00+00:00,513.209468258929
2024-03-15 16:30:00+00:00,517.566187297102
2024-03-15 17:30:00+00:00,514.7774086658156
2024-03-15 18:30:00+00:00,514.4253214967204
2024-03-15 19:30:00+00:00,512.48731642876
2024-03-15 20:00:00+00:00,511.26860891072226
2024-03-15 21:00:00+00:00,510.0929583822215
2024-03-15 22:00:00+00:00,512.5972394892367
2024-03-15 23:00:00+00:00,516.9184491773403
2024-03-18 08:00:00+00:00,515.2205832274734
2024-03-18 11:00:00+00:00,512.4758361234975
2024-03-18 12:00:00+00:00,515.4715443491687
2024-03-18 13:00:00+00:00,514.985279484028
2024-03-18 13:30:00+00:00,513.8095296995497
2024-03-18 14:30:00+00:00,514.7638131058527
2024-03-18 15:30:00+00:00,515.8589081992393
2024-03-18 16:30:00+00:00,516.2892069331283
2024-03-18 17:30:00+00:00,517.4049425042435
2024-03-18 18:30:00+00:00,516.7623053308414
2024-03-18 19:30:00+00:00,516.0514303685198
2024-03-18 20:00:00+00:00,515.9110861509266
2024-03-18 21:00:00+00:00,518.3088992207515
2024-03-18 22:00:00+00:00,516.9690590698436
2024-03-18 23:00:00+00:00,517.0254803786995
2024-03-19 08:00:00+00:00,512.5476474135451
2024-03-19 09:00:00+00:00,514.6012605673296
2024-03-19 10:00:00+00:00,516.9313509604083
2024-03-19 11:00:00+00:00,514.9208665870882
2024-03-19 12:00:00+00:00,512.2297331312298
2024-03-19 13:00:00+00:00,511.20586936355943
2024-03-19 13:30:00+00:00,510.10330536567636
2024-03-19 14:30:00+00:00,510.2041798952932
2024-03-19 15:30:00+00:00,513.7565897535283
2024-03-19 16:30:00+00:00,516.0853641312518
2024-03-19 17:30:00+00:00,519.0043167665146
2024-03-19 18:30:00+00:00,522.4996026716105
2024-03-19 19:30:00+00:00,520.1906390775401
2024-03-19 20:00:00+00:00,517.795985463762
2024-03-19 21:00:00+00:00,516.7756947548529
2024-03-19 22:00:00+00:00,519.6476063339906
2024-03-19 23:00:00+00:00,519.2171225999622
2024-03-20 08:00:00+00:00,518.8180954481631
2024-03-20 09:00:00+00:00,518.0222234968312
2024-03-20 10:00:00+00:00,514.2093161281381
2024-03-20 11:00:00+00:00,515.8448973746281
2024-03-20 12:00:00+00:00,519.620714602017
2024-03-20 13:00:00+00:00,520.9595445021292
2024-03-20 13:30:00+00:00,518.4030638522731
2024-03-20 14:30:00+00:00,521.5201513324973
2024-03-20 15:30:00+00:00,519.4205791186286
2024-03-20 16:30:00+00:00,519.2372576632755
2024-03-20 17:30:00+00:00,519.5568864380275
2024-03-20 18:30:00+00:00,517.688768736485
2024-03-20 19:30:00+00:00,518.3778520014226
2024-03-20 20:00:00+00:00,519.1020531053796
2024-03-20 21:00:00+00:00,517.9823536505891
2024-03-20 22:00:00+00:00,521.9321160876079
2024-03-20 23:00:00+00:00,519.6582082501443
2024-03-21 08:00:00+00:00,522.8644507752781
2024-03-21 09:00:00+00:00,521.8513677238149
2024-03-21 10:00:00+00:00,522.8519200035914
2024-03-21 11:00:00+00:00,518.4233588338145
2024-03-21 12:00:00+00:00,515.1810746187371
2024-03-21 13:00:00+00:00,514.6780968012783
2024-03-21 13:30:00+00:00,515.3359842461182
2024-03-21 14:30:00+00:00,518.2198551576752
2024-03-21 15:30:00+00:00,515.493951635867
2024-03-21 16:30:00+00:00,515.5242862109868
2024-03-21 17:30:00+00:00,515.8818960473103
2024-03-21 18:30:00+00:00,518.9809725462378
2024-03-21 19:30:00+00:00,519.8787597879979
2024-03-21 20:00:00+00:00,523.8524992184805
2024-03-21 21:00:00+00:00,522.1726852174655
2024-03-21 22:00:00+00:00,521.416387972526
2024-03-21 23:00:00+00:00,518.2838222677705
2024-03-22 08:00:00+00:00,516.7488194932403
2024-03-22 09:00:00+00:00,517.4341442668288
2024-03-22 10:00:00+00:00,519.7847747899451
2024-03-22 11:00:00+00:00,519.585243288349
2024-03-22 12:00:00+00:00,521.0103561238744
2024-03-22 13:00:00+00:00,518.3910628682189
2024-03-22 13:30:00+00:00,519.6206547142682
2024-03-22 14:30:00+00:00,520.7764869693272
2024-03-22 15:30:00+00:00,519.7449792327615
2024-03-22 16:30:00+00:00,523.5154518405294
2024-03-22 17:30:00+00:00,525.7945612074228
2024-03-22 18:30:00+00:00,525.6956814990907
2024-03-22 19:30:00+00:00,525.1892898712819
2024-03-22 20:00:00+00:00,527.6017354198726
2024-03-22 21:00:00+00:00,529.8806006231406
2024-03-22 22:00:00+00:00,531.3701286151655
2024-03-22 23:00:00+00:00,530.4358262928171
2024-03-25 08:00:00+00:00,528.145452906695
2024-03-25 09:00:00+00:00,529.2266959381259
2024-03-25 10:00:00+00:00,529.3236630620064
2024-03-25 11:00:00+00:00,530.2625641540843
2024-03-25 12:00:00+00:00,533.1577298567382
2024-03-25 13:00:00+00:00,531.9887820971522
2024-03-25 13:30:00+00:00,531.6892758140077
2024-03-25 14:30:00+00:00,532.6195584801214
2024-03-25 15:30:00+00:00,532.7336755850121
2024-03-25 16:30:00+00:00,531.0842803398424
2024-03-25 17:30:00+00:00,531.1730129823068
2024-03-25 18:30:00+00:00,531.0680083120482
2024-03-25 19:30:00+00:00,530.4462708973421
2024-03-25 20:00:00+00:00,533.279202824492
2024-03-25 21:00:00+00:00,532.9480674858157
2024-03-25 22:00:00+00:00,534.2681717942075
2024-03-25 23:00:00+00:00,533.2573005368221
2024-03-26 08:00:00+00:00,531.7452081674301
2024-03-26 09:00:00+00:00,528.7274958566005
2024-03-26 10:00:00+00:00,525.5985953384488
2024-03-26 11:00:00+00:00,534.439296495842
2024-03-26 12:00:00+00:00,537.0717498792202
2024-03-26 13:00:00+00:00,538.7566480198494
2024-03-26 13:30:00+00:00,537.6500665398111
2024-03-26 14:30:00+00:00,540.7618953060137
2024-03-26 15:30:00+00:00,538.5699050257059
2024-03-26 16:30:00+00:00,539.4240880593989
2024-03-26 17:30:00+00:00,539.7679382343113
2024-03-26 18:30:00+00:00,536.3147766825368
2024-03-26 19:30:00+00:00,534.6376244611265
2024-03-26 20:00:00+00:00,532.561967205447
2024-03-26 21:00:00+00:00,527.8596985672505
2024-03-26 22:00:00+00:00,529.8471201636627
2024-03-26 23:00:00+00:00,530.7870664508945
2024-03-27 08:00:00+00:00,529.3026836858053
2024-03-27 09:00:00+00:00,530.9918516651635
2024-03-27 10:00:00+00:00,530.1361351606554
2024-03-27 11:00:00+00:00,526.9243500354414
2024-03-27 12:00:00+00:00,528.355407013603
2024-03-27 13:00:00+00:00,527.3606001832894
2024-03-27 13:30:00+00:00,523.437863796047
2024-03-27 14:30:00+00:00,525.97233247378
2024-03-27 15:30:00+00:00,525.2532779207927
2024-03-27 16:30:00+00:00,522.6701677756457
2024-03-27 17:30:00+00:00,522.9166411460665
2024-03-27 18:30:00+00:00,525.9082256646732
2024-03-27 19:30:00+00:00,527.6180902909601
2024-03-27 20:00:00+00:00,528.3542143635137
2024-03-27 21:00:00+00:00,526.3332502397982
2024-03-27 22:00:00+00:00,528.5223218822047
2024-03-27 23:00:00+00:00,530.9464416684218
2024-03-28 08:00:00+00:00,534.6197779292502
2024-03-28 09:00:00+00:00,534.2886491676129
2024-03-28 10:00:00+00:00,531.1646874414146
2024-03-28 11:00:00+00:00,532.5810405730444
2024-03-28 12:00:00+00:00,528.5013890262157
2024-03-28 13:00:00+00:00,526.163468281807
2024-03-28 13:30:00+00:00,522.4564569860177
2024-03-28 14:30:00+00:00,524.9728785601189
2024-03-28 15:30:00+00:00,525.164683275914
2024-03-28 16:30:00+00:00,528.8884448068486
2024-03-28 17:30:00+00:00,527.873040912638
2024-03-28 18:30:00+00:00,529.3367616561961
2024-03-28 19:30:00+00:00,529.9456400179952
2024-03-28 20:00:00+00:00,533.5094824676397
2024-03-28 21:00:00+00:00,536.8241351653278
2024-03-28 22:00:00+00:00,537.5007846672447
2024-03-28 23:00:00+00:00,538.7329684390714
2024-04-01 08:00:00+00:00,540.5912485702944
2024-04-01 09:00:00+00:00,539.9998202923679
2024-04-01 10:00:00+00:00,545.9909810410325
2024-04-01 11:00:00+00:00,552.5158171492025
2024-04-01 12:00:00+00:00,550.2463715801956
2024-04-01 13:00:00+00:00,550.973807484624
2024-04-01 13:30:00+00:00,553.1839022832739
2024-04-01 14:30:00+00:00,550.3762939686935
2024-04-01 15:30:00+00:00,547.4312878743716
2024-04-01 16:30:00+00:00,547.8160079157581
2024-04-01 17:30:00+00:00,547.3679353502906
2024-04-01 18:30:00+00:00,547.8326288153925
2024-04-01 19:30:00+00:00,547.588221527668
2024-04-01 20:00:00+00:00,551.1367486059075
2024-04-01 21:00:00+00:00,549.7262695207203
2024-04-01 22:00:00+00:00,548.4592319520251
2024-04-01 23:00:00+00:00,546.756331235493
2024-04-02 08:00:00+00:00,546.3356487175016
2024-04-02 09:00:00+00:00,549.7142453901743
2024-04-02 10:00:00+00:00,547.937727254095
2024-04-02 11:00:00+00:00,551.2440125723455
2024-04-02 12:00:00+00:00,553.4417135055246
2024-04-02 13:00:00+00:00,552.210058006462
2024-04-02 13:30:00+00:00,553.4522741759849
2024-04-02 14:30:00+00:00,554.4245259051125
2024-04-02 15:30:00+00:00,559.5982597535683
2024-04-02 16:30:00+00:00,559.7263030121517
2024-04-02 17:30:00+00:00,558.562637997746
2024-04-02 18:30:00+00:00,556.9445672903665
2024-04-02 19:30:00+00:00,557.3818227682285
2024-04-02 20:00:00+00:00,561.6405340963545
2024-04-02 21:00:00+00:00,560.8922996509029
2024-04-02 22:00:00+00:00,561.7159081591842
2024-04-02 23:00:00+00:00,561.4257113785354
2024-04-03 08:00:00+00:00,563.0274510769416
2024-04-03 09:00:00+00:00,562.8133242346157
2024-04-03 10:00:00+00:00,563.9454439473717
2024-04-03 11:00:00+00:00,563.3573999946158
2024-04-03 12:00:00+00:00,566.7411057256804
2024-04-03 13:00:00+00:00,568.7016586575194
2024-04-03 13:30:00+00:00,565.104092472997
2024-04-03 14:30:00+00:00,564.0741489831255
2024-04-03 15:30:00+00:00,563.6357259845125
2024-04-03 16:30:00+00:00,564.2910671055974
2024-04-03 17:30:00+00:00,565.2738806325071
2024-04-03 18:30:00+00:00,565.9256852621921
2024-04-03 19:30:00+00:00,565.8507302943393
2024-04-03 20:00:00+00:00,568.1926680971221
2024-04-03 21:00:00+00:00,567.3670511723093
2024-04-03 22:00:00+00:00,567.2850252176814
2024-04-03 23:00:00+00:00,572.8396103596552
2024-04-04 08:00:00+00:00,573.8036510445417
2024-04-04 09:00:00+00:00,573.3791729042782
2024-04-04 10:00:00+00:00,572.3229419299017
2024-04-04 11:00:00+00:00,568.369297240195
2024-04-04 12:00:00+00:00,567.7487394625548
2024-04-04 13:00:00+00:00,561.5560212499095
2024-04-04 13:30:00+00:00,563.6172910763943
2024-04-04 14:30:00+00:00,566.2121015435458
2024-04-04 15:30:00+00:00,566.3806803750203
2024-04-04 16:30:00+00:00,567.2104536990581
2024-04-04 17:30:00+00:00,566.9064612118773
2024-04-04 18:30:00+00:00,564.8268690070097
2024-04-04 19:30:00+00:00,566.9980637128818
2024-04-04 20:00:00+00:00,565.3054737374265
2024-04-04 21:00:00+00:00,565.2926845824522
2024-04-04 22:00:00+00:00,559.2946708442793
2024-04-04 23:00:00+00:00,560.2969867790848
2024-04-05 08:00:00+00:00,555.9372587573607
2024-04-05 09:00:00+00:00,552.9072425416279
2024-04-05 10:00:00+00:00,550.7375533248904
2024-04-05 11:00:00+00:00,548.6711570854472
2024-04-05 12:00:00+00:00,544.0080302200643
2024-04-05 13:00:00+00:00,541.4654273335833
2024-04-05 13:30:00+00:00,542.8768960135062
2024-04-05 14:30:00+00:00,541.7428818382978
2024-04-05 15:30:00+00:00,545.0377563393799
2024-04-05 16:30:00+00:00,541.4234644652269
2024-04-05 17:30:00+00:00,543.1083478762644
2024-04-05 18:30:00+00:00,541.870193189821
2024-04-05 19:30:00+00:00,542.7747116345762
2024-04-05 20:00:00+00:00,541.2824268166803
2024-04-05 21:00:00+00:00,538.7452372615303
2024-04-05 22:00:00+00:00,536.1037770431392
2024-04-05 23:00:00+00:00,535.0324699170075
2024-04-08 08:00:00+00:00,534.141620966447
2024-04-08 09:00:00+00:00,538.065099502936
2024-04-08 10:00:00+00:00,537.5411753359228
2024-04-08 11:00:00+00:00,537.4649559894312
2024-04-08 12:00:00+00:00,540.3592428108127
2024-04-08 13:00:00+00:00,541.7169755667204
2024-04-08 13:30:00+00:00,545.5265761411421
2024-04-08 14:30:00+00:00,546.0885679437606
2024-04-08 15:30:00+00:00,546.9073332988755
2024-04-08 16:30:00+00:00,546.9056698623899
2024-04-08 17:30:00+00:00,545.8731816522272
2024-04-08 18:30:00+00:00,548.4964378785008
2024-04-08 19:30:00+00:00,548.7755194424911
2024-04-08 20:00:00+00:00,549.2511137263091
2024-04-08 21:00:00+00:00,546.9842893584788
2024-04-08 22:00:00+00:00,549.1684717410876
2024-04-08 23:00:00+00:00,551.6995295987273
2024-04-09 08:00:00+00:00,548.7734544436174
2024-04-09 09:00:00+00:00,546.9194530913111
2024-04-09 10:00:00+00:00,543.1601259798279
2024-04-09 11:00:00+00:00,543.216347668158
2024-04-09 12:00:00+00:00,542.5816638625389
2024-04-09 13:00:00+00:00,542.8154177582527
2024-04-09 13:30:00+00:00,546.6601762049111
2024-04-09 14:30:00+00:00,551.3863501328865
2024-04-09 15:30:00+00:00,553.0604299192034
2024-04-09 16:30:00+00:00,550.90180765018
2024-04-09 17:30:00+00:00,549.566718071594
2024-04-09 18:30:00+00:00,548.7799356203453
2024-04-09 19:30:00+00:00,548.0466425965525
2024-04-09 20:00:00+00:00,546.1622730905231
2024-04-09 21:00:00+00:00,544.3621974293652
2024-04-09 22:00:00+00:00,547.0341446991222
2024-04-09 23:00:00+00:00,547.3476874454369
2024-04-10 08:00:00+00:00,550.8139499316252
2024-04-10 09:00:00+00:00,552.0877055419434
2024-04-10 10:00:00+00:00,552.1006326976408
2024-04-10 11:00:00+00:00,549.648824179123
2024-04-10 12:00:00+00:00,551.701765533311
2024-04-10 13:00:00+00:00,548.9555547140566
2024-04-10 13:30:00+00:00,550.5698484361817
2024-04-10 14:30:00+00:00,554.9892833588135
2024-04-10 15:30:00+00:00,554.1461919436274
2024-04-10 16:30:00+00:00,556.3187560637883
2024-04-10 17:30:00+00:00,556.7491997101794
2024-04-10 18:30:00+00:00,553.3153108498323
2024-04-10 19:30:00+00:00,554.2046272484189
2024-04-10 20:00:00+00:00,552.3878152044041
2024-04-10 21:00:00+00:00,554.7008702214015
2024-04-10 22:00:00+00:00,556.784112749066
2024-04-10 23:00:00+00:00,556.1433743588523
2024-04-11 08:00:00+00:00,559.9388096773896
2024-04-11 09:00:00+00:00,557.0105214666997
2024-04-11 10:00:00+00:00,557.0475650700623
2024-04-11 11:00:00+00:00,557.9848400261785
2024-04-11 12:00:00+00:00,563.52281744272
2024-04-11 13:00:00+00:00,563.4651900477085
2024-04-11 13:30:00+00:00,560.2731765196511
2024-04-11 14:30:00+00:00,559.8176058789339
2024-04-11 15:30:00+00:00,563.0575700744062
2024-04-11 16:30:00+00:00,563.4754898724839
2024-04-11 17:30:00+00:00,561.1206989070369
2024-04-11 18:30:00+00:00,564.5748346312332
2024-04-11 19:30:00+00:00,564.5525450813185
2024-04-11 20:00:00+00:00,562.1019230621357
2024-04-11 21:00:00+00:00,565.173827794909
2024-04-11 22:00:00+00:00,567.6305774498117
2024-04-11 23:00:00+00:00,571.9309608471784
2024-04-12 08:00:00+00:00,573.4789416472557
2024-04-12 09:00:00+00:00,571.3400641009065
2024-04-12 10:00:00+00:00,568.3591613521963
2024-04-12 11:00:00+00:00,566.0980175408731
2024-04-12 12:00:00+00:00,569.899169557998
2024-04-12 13:00:00+00:00,569.1726466752648
2024-04-12 13:30:00+00:00,569.209623865119
2024-04-12 14:30:00+00:00,570.0789065383956
2024-04-12 15:30:00+00:00,568.5175220742035
2024-04-12 16:30:00+00:00,570.7208312597439
2024-04-12 17:30:00+00:00,568.8064398479787
2024-04-12 18:30:00+00:00,568.4767169128959
2024-04-12 19:30:00+00:00,569.6254199691166
2024-04-12 20:00:00+00:00,566.4620426820746
2024-04-12 21:00:00+00:00,567.3303626368488
2024-04-12 22:00:00+00:00,566.1693873887344
2024-04-12 23:00:00+00:00,565.3561788046185
2024-04-15 08:00:00+00:00,568.4926530496138
2024-04-15 09:00:00+00:00,563.9344129201879
2024-04-15 10:00:00+00:00,559.6245212988268
2024-04-15 11:00:00+00:00,557.0312448912856
2024-04-15 12:00:00+00:00,552.6593352802411
2024-04-15 13:00:00+00:00,553.5665813213545
2024-04-15 13:30:00+00:00,552.4577231459093
2024-04-15 14:30:00+00:00,552.0780743321487
2024-04-15 15:30:00+00:00,550.9620930789863
2024-04-15 16:30:00+00:00,552.6239007346478
2024-04-15 17:30:00+00:00,550.1978414305287
2024-04-15 18:30:00+00:00,551.4416947601538
2024-04-15 19:30:00+00:00,554.4574402859014
2024-04-15 20:00:00+00:00,558.3886407641353
2024-04-15 21:00:00+00:00,557.549649570353
2024-04-15 22:00:00+00:00,555.2061362185182
2024-04-15 23:00:00+00:00,555.7767416888034
2024-04-16 08:00:00+00:00,555.2076051788893
2024-04-16 09:00:00+00:00,551.1752724390859
2024-04-16 10:00:00+00:00,549.9759365833074
2024-04-16 11:00:00+00:00,553.090843004553
2024-04-16 12:00:00+00:00,556.2343062214595
2024-04-16 13:00:00+00:00,556.5507199562602
2024-04-16 13:30:00+00:00,556.6498321593533
2024-04-16 14:30:00+00:00,555.7637294875241
2024-04-16 15:30:00+00:00,552.7312796879396
2024-04-16 16:30:00+00:00,550.9648977726638
2024-04-16 17:30:00+00:00,551.275984567919
2024-04-16 18:30:00+00:00,555.6385677640271
2024-04-16 19:30:00+00:00,556.1957222127309
2024-04-16 20:00:00+00:00,560.6579199080383
2024-04-16 21:00:00+00:00,557.8410885396098
2024-04-16 22:00:00+00:00,558.5116633699004
2024-04-16 23:00:00+00:00,560.9371112557776
2024-04-17 08:00:00+00:00,562.3634300106895
2024-04-17 09:00:00+00:00,562.4909859702036
2024-04-17 10:00:00+00:00,562.8543643199422
2024-04-17 11:00:00+00:00,569.4253839067779
2024-04-17 12:00:00+00:00,568.8410630146669
2024-04-17 13:00:00+00:00,570.0380690040255
2024-04-17 13:30:00+00:00,572.3948439755217
2024-04-17 14:30:00+00:00,571.5335620172729
2024-04-17 15:30:00+00:00,569.9702336630239
2024-04-17 16:30:00+00:00,575.3253942104787
2024-04-17 17:30:00+00:00,574.2946808999501
2024-04-17 18:30:00+00:00,575.3460281539632
2024-04-17 19:30:00+00:00,577.968211394037
2024-04-17 20:00:00+00:00,578.951153085654
2024-04-17 21:00:00+00:00,580.0948404220711
2024-04-17 22:00:00+00:00,578.819177395863
2024-04-17 23:00:00+00:00,577.7864913004829
2024-04-18 08:00:00+00:00,574.734085170949
2024-04-18 09:00:00+00:00,576.8165359484551
2024-04-18 10:00:00+00:00,576.1093193907981
2024-04-18 11:00:00+00:00,570.5095694491133
2024-04-18 12:00:00+00:00,565.721127269778
2024-04-18 13:00:00+00:00,565.9973544341968
2024-04-18 13:30:00+00:00,566.2466139786097
2024-04-18 14:30:00+00:00,567.4310551956914
2024-04-18 15:30:00+00:00,564.534423323365
2024-04-18 16:30:00+00:00,563.135614510804
2024-04-18 17:30:00+00:00,562.9827562494141
2024-04-18 18:30:00+00:00,563.7111019720817
2024-04-18 19:30:00+00:00,563.0426840989214
2024-04-18 20:00:00+00:00,564.6051831073123
2024-04-18 21:00:00+00:00,566.814988367767
2024-04-18 22:00:00+00:00,563.3681311855694
2024-04-18 23:00:00+00:00,562.2412862073612
2024-04-19 08:00:00+00:00,560.7667191172837
2024-04-19 09:00:00+00:00,563.7102921180482
2024-04-19 10:00:00+00:00,559.0243130157403
2024-04-19 11:00:00+00:00,560.9039937370293
2024-04-19 12:00:00+00:00,568.372125254041
2024-04-19 13:00:00+00:00,569.902509663066
2024-04-19 13:30:00+00:00,571.9398014049705
2024-04-19 14:30:00+00:00,569.4690878522774
2024-04-19 15:30:00+00:00,567.0798821839479
2024-04-19 16:30:00+00:00,567.918020072053
2024-04-19 17:30:00+00:00,567.8876180140074
2024-04-19 18:30:00+00:00,565.8438979550544
2024-04-19 19:30:00+00:00,565.3090553827785
2024-04-19 20:00:00+00:00,563.7428186166829
2024-04-19 21:00:00+00:00,564.9288312762669
2024-04-19 22:00:00+00:00,563.495841009532
2024-04-19 23:00:00+00:00,559.7926600117394
2024-04-22 08:00:00+00:00,561.756378216696
2024-04-22 09:00:00+00:00,563.3481251055244
2024-04-22 10:00:00+00:00,562.0391621400781
2024-04-22 11:00:00+00:00,566.9665814345334
2024-04-22 12:00:00+00:00,569.1526747136212
2024-04-22 13:00:00+00:00,571.5207334703598
2024-04-22 13:30:00+00:00,567.4032396283604
2024-04-22 14:30:00+00:00,570.8778563386611
2024-04-22 15:30:00+00:00,570.8393750431495
2024-04-22 16:30:00+00:00,567.7530751026767
2024-04-22 17:30:00+00:00,566.7008843322541
2024-04-22 18:30:00+00:00,563.9981542727917
2024-04-22 19:30:00+00:00,568.8200373866156
2024-04-22 20:00:00+00:00,572.0933733888708
2024-04-22 21:00:00+00:00,572.7103507158719
2024-04-22 22:00:00+00:00,574.529124360944
2024-04-22 23:00:00+00:00,570.6051128216177
2024-04-23 08:00:00+00:00,567.4450451379407
2024-04-23 09:00:00+00:00,567.564389971515
2024-04-23 10:00:00+00:00,566.8214008294221
2024-04-23 11:00:00+00:00,570.2772603984952
2024-04-23 12:00:00+00:00,573.9340475558993
2024-04-23 13:00:00+00:00,577.870121754469
2024-04-23 13:30:00+00:00,575.1788687431654
2024-04-23 14:30:00+00:00,575.4804896631867
2024-04-23 15:30:00+00:00,579.1428422252094
2024-04-23 16:30:00+00:00,579.6211626296324
2024-04-23 17:30:00+00:00,578.1950104360953
2024-04-23 18:30:00+00:00,580.1881071089928
2024-04-23 19:30:00+00:00,577.0765451077087
2024-04-23 20:00:00+00:00,575.6967016021061
2024-04-23 21:00:00+00:00,577.9768201544996
2024-04-23 22:00:00+00:00,573.7207608051631
2024-04-23 23:00:00+00:00,571.7180160850719
2024-04-24 08:00:00+00:00,567.3793515431954
2024-04-24 09:00:00+00:00,565.5148588979832
2024-04-24 10:00:00+00:00,565.232649323065
2024-04-24 11:00:00+00:00,564.0175662548698
2024-04-24 12:00:00+00:00,562.9360461556269
2024-04-24 13:00:00+00:00,565.4059986478549
2024-04-24 13:30:00+00:00,565.0974194268656
2024-04-24 14:30:00+00:00,566.1679441263378
2024-04-24 15:30:00+00:00,562.5059904590587
2024-04-24 16:30:00+00:00,561.7362364772667
2024-04-24 17:30:00+00:00,562.0494966377497
2024-04-24 18:30:00+00:00,559.83564505273
2024-04-24 19:30:00+00:00,561.7001122514239
2024-04-24 20:00:00+00:00,561.9125513169915
2024-04-24 21:00:00+00:00,565.6431053231947
2024-04-24 22:00:00+00:00,561.35335642596
2024-04-24 23:00:00+00:00,559.2001983138986
2024-04-25 08:00:00+00:00,555.8707522363567
2024-04-25 09:00:00+00:00,559.9665835817707
2024-04-25 10:00:00+00:00,557.5975247829641
2024-04-25 11:00:00+00:00,554.9965048816205
2024-04-25 12:00:00+00:00,554.0655890672246
2024-04-25 13:00:00+00:00,550.4411170043946
2024-04-25 13:30:00+00:00,551.0321261767461
2024-04-25 14:30:00+00:00,552.4405252706322
2024-04-25 15:30:00+00:00,556.950372462355
2024-04-25 16:30:00+00:00,560.9278320466511
2024-04-25 17:30:00+00:00,559.021648035004
2024-04-25 18:30:00+00:00,558.6994286874627
2024-04-25 19:30:00+00:00,563.056583993221
2024-04-25 20:00:00+00:00,564.9502112498104
2024-04-25 21:00:00+00:00,564.7409847223289
2024-04-25 22:00:00+00:00,563.8642231504704
2024-04-25 23:00:00+00:00,563.1357228886868
2024-04-26 08:00:00+00:00,566.7255569992152
2024-04-26 09:00:00+00:00,565.6370096117116
2024-04-26 10:00:00+00:00,568.9485683622672
2024-04-26 11:00:00+00:00,569.3874642471168
2024-04-26 12:00:00+00:00,568.6873103601463
2024-04-26 13:00:00+00:00,570.3356419159579
2024-04-26 13:30:00+00:00,570.1895478656404
2024-04-26 14:30:00+00:00,571.4552127234834
2024-04-26 15:30:00+00:00,570.1929736600292
2024-04-26 16:30:00+00:00,572.1275492591504
2024-04-26 17:30:00+00:00,571.1628646065186
2024-04-26 18:30:00+00:00,574.2927109508232
2024-04-26 19:30:00+00:00,572.3619834545036
2024-04-26 20:00:00+00:00,570.9556174478323
2024-04-26 21:00:00+00:00,568.913051195268
2024-04-26 22:00:00+00:00,568.7920632667438
2024-04-26 23:00:00+00:00,566.964125470047
2024-04-29 08:00:00+00:00,565.5592419159381
2024-04-29 09:00:00+00:00,567.5044393419845
2024-04-29 10:00:00+00:00,569.196496069622
2024-04-29 11:00:00+00:00,569.2136677206747
2024-04-29 12:00:00+00:00,574.4469003805667
2024-04-29 13:00:00+00:00,579.7268805679658
2024-04-29 13:30:00+00:00,577.9486009133543
2024-04-29 14:30:00+00:00,576.8702025844148
2024-04-29 15:30:00+00:00,575.4009524337691
2024-04-29 16:30:00+00:00,578.2922378128338
2024-04-29 17:30:00+00:00,578.8870251746613
2024-04-29 18:30:00+00:00,580.14775729322
2024-04-29 19:30:00+00:00,582.0641250377356
2024-04-29 20:00:00+00:00,579.5884943938374
2024-04-29 21:00:00+00:00,580.0450429682536
2024-04-29 22:00:00+00:00,577.125026018088
2024-04-29 23:00:00+00:00,582.4590725982106
2024-04-30 08:00:00+00:00,579.811687117049
2024-04-30 09:00:00+00:00,582.4403731582221
2024-04-30 10:00:00+00:00,579.9509667279077
2024-04-30 11:00:00+00:00,578.4257264789043
2024-04-30 12:00:00+00:00,576.8117936820545
2024-04-30 13:00:00+00:00,574.3702017975434
2024-04-30 13:30:00+00:00,578.5840336492867
2024-04-30 14:30:00+00:00,580.6808219381105
2024-04-30 15:30:00+00:00,580.0154796018061
2024-04-30 16:30:00+00:00,578.820584600139
2024-04-30 17:30:00+00:00,579.1365564335833
2024-04-30 18:30:00+00:00,577.77866674643
2024-04-30 19:30:00+00:00,577.1641270366163
2024-04-30 20:00:00+00:00,578.2372385622574
2024-04-30 21:00:00+00:00,582.960656677242
2024-04-30 22:00:00+00:00,583.6718500410856
2024-04-30 23:00:00+00:00,583.0897744621628
2024-05-01 08:00:00+00:00,582.2801311625605
2024-05-01 09:00:00+00:00,586.0537526015634
2024-05-01 10:00:00+00:00,584.5875743332535
2024-05-01 11:00:00+00:00,585.631976555418
2024-05-01 12:00:00+00:00,586.007099012531
2024-05-01 13:00:00+00:00,590.2010408020232
2024-05-01 13:30:00+00:00,591.5955191915656
2024-05-01 14:30:00+00:00,593.1391531004939
2024-05-01 15:30:00+00:00,590.107634010043
2024-05-01 16:30:00+00:00,586.807623161079
2024-05-01 17:30:00+00:00,583.508555037326
2024-05-01 18:30:00+00:00,585.6742382979274
2024-05-01 19:30:00+00:00,586.8910525757831
2024-05-01 20:00:00+00:00,585.48557443243
2024-05-01 21:00:00+00:00,582.4022551248971
2024-05-01 22:00:00+00:00,580.4154798693916
2024-05-01 23:00:00+00:00,582.6431203258913
2024-05-02 08:00:00+00:00,580.4247215488728
2024-05-02 09:00:00+00:00,577.7794942465528
2024-05-02 10:00:00+00:00,578.342131407925
2024-05-02 11:00:00+00:00,577.0976507225088
2024-05-02 12:00:00+00:00,574.8391144649477
2024-05-02 13:00:00+00:00,575.8235613888493
2024-05-02 13:30:00+00:00,578.0129924362088
2024-05-02 14:30:00+00:00,577.5692667839751
2024-05-02 15:30:00+00:00,576.6386641073365
2024-05-02 16:30:00+00:00,577.3201049404727
2024-05-02 17:30:00+00:00,577.7871933503596
2024-05-02 18:30:00+00:00,576.1348562648847
2024-05-02 19:30:00+00:00,578.125407830933
2024-05-02 20:00:00+00:00,578.6279281525183
2024-05-02 21:00:00+00:00,582.0026298675418
2024-05-02 22:00:00+00:00,583.9604499444266
2024-05-02 23:00:00+00:00,584.6011496345902
2024-05-03 08:00:00+00:00,583.0310346146371
2024-05-03 09:00:00+00:00,585.6269463103699
2024-05-03 10:00:00+00:00,586.8193687097246
2024-05-03 11:00:00+00:00,584.8659632771484
2024-05-03 12:00:00+00:00,587.0677131994923
2024-05-03 13:00:00+00:00,584.8925447594256
2024-05-03 13:30:00+00:00,582.9061052962868
2024-05-03 14:30:00+00:00,582.2189726331075
2024-05-03 15:30:00+00:00,583.3855727761039
2024-05-03 16:30:00+00:00,580.8734467119078
2024-05-03 17:30:00+00:00,583.4323115217073
2024-05-03 18:30:00+00:00,581.4598611357005
2024-05-03 19:30:00+00:00,580.4950581369613
2024-05-03 20:00:00+00:00,580.3797245987348
2024-05-03 21:00:00+00:00,580.0756525037966
2024-05-03 22:00:00+00:00,578.9667592410763
2024-05-03 23:00:00+00:00,576.6992421613547
2024-05-06 08:00:00+00:00,577.2487231458506
2024-05-06 09:00:00+00:00,577.993630320284
2024-05-06 10:00:00+00:00,574.8074757469458
2024-05-06 11:00:00+00:00,575.6551372494625
2024-05-06 12:00:00+00:00,578.2851501519506
2024-05-06 13:00:00+00:00,576.3530478955576
2024-05-06 13:30:00+00:00,578.5353659655234
2024-05-06 14:30:00+00:00,579.0850316448884
2024-05-06 15:30:00+00:00,579.3108437167808
2024-05-06 16:30:00+00:00,574.8917633026333
2024-05-06 17:30:00+00:00,571.6831452186902
2024-05-06 18:30:00+00:00,572.7400169159869
2024-05-06 19:30:00+00:00,571.0572251129538
2024-05-06 20:00:00+00:00,566.99515394777
2024-05-06 21:00:00+00:00,564.0589006474429
2024-05-06 22:00:00+00:00,561.8895661573874
2024-05-06 23:00:00+00:00,559.1354215276573
2024-05-07 08:00:00+00:00,556.6412635423668
2024-05-07 09:00:00+00:00,554.974455250764
2024-05-07 10:00:00+00:00,548.9061962480334
2024-05-07 11:00:00+00:00,546.957060839016
2024-05-07 12:00:00+00:00,547.9325569417579
2024-05-07 13:00:00+00:00,551.8134316833049
2024-05-07 13:30:00+00:00,552.6236100048383
2024-05-07 14:30:00+00:00,551.815770736247
2024-05-07 15:30:00+00:00,553.9358813588173
2024-05-07 16:30:00+00:00,549.5368359601126
2024-05-07 17:30:00+00:00,550.596991428508
2024-05-07 18:30:00+00:00,552.3003909974719
2024-05-07 19:30:00+00:00,550.2429180383516
2024-05-07 20:00:00+00:00,549.2152632068412
2024-05-07 21:00:00+00:00,551.3315455103677
2024-05-07 22:00:00+00:00,550.2720680944045
2024-05-07 23:00:00+00:00,552.4585860145871
2024-05-08 08:00:00+00:00,553.5068324058572
2024-05-08 09:00:00+00:00,552.8907710518916
2024-05-08 10:00:00+00:00,554.4442428544065
2024-05-08 11:00:00+00:00,553.3499911820613
2024-05-08 12:00:00+00:00,555.1224479445706
2024-05-08 13:00:00+00:00,556.8964291095185
2024-05-08 13:30:00+00:00,556.588416286037
2024-05-08 14:30:00+00:00,556.9453833730232
2024-05-08 15:30:00+00:00,558.0687388939547
2024-05-08 16:30:00+00:00,559.510594987807
2024-05-08 17:30:00+00:00,558.8977428707055
2024-05-08 18:30:00+00:00,559.96122024219
2024-05-08 19:30:00+00:00,560.3697852360978
2024-05-08 20:00:00+00:00,562.0702667214441
2024-05-08 21:00:00+00:00,559.7686711978741
2024-05-08 22:00:00+00:00,558.095879119816
2024-05-08 23:00:00+00:00,559.0067544337926
2024-05-09 08:00:00+00:00,557.3225844000436
2024-05-09 09:00:00+00:00,556.7203830638359
2024-05-09 10:00:00+00:00,556.9609369078344
2024-05-09 11:00:00+00:00,558.9038200415046
2024-05-09 12:00:00+00:00,553.2754943253473
2024-05-09 13:00:00+00:00,551.0183555279305
2024-05-09 13:30:00+00:00,549.1101793876969
2024-05-09 14:30:00+00:00,546.3833478007423
2024-05-09 15:30:00+00:00,545.8260823048273
2024-05-09 16:30:00+00:00,544.3008043446763
2024-05-09 17:30:00+00:00,544.1711315452053
2024-05-09 18:30:00+00:00,542.592695196808
2024-05-09 19:30:00+00:00,542.3280807182712
2024-05-09 20:00:00+00:00,543.123311598719
2024-05-09 21:00:00+00:00,537.9164840928047
2024-05-09 22:00:00+00:00,538.4087831575877
2024-05-09 23:00:00+00:00,540.5354989144716
2024-05-10 08:00:00+00:00,541.965569669366
2024-05-10 09:00:00+00:00,539.2054646869962
2024-05-10 10:00:00+00:00,541.185145769549
2024-05-10 11:00:00+00:00,541.7944805244188
2024-05-10 12:00:00+00:00,544.0265592085666
2024-05-10 13:00:00+00:00,543.0161587001708
2024-05-10 13:30:00+00:00,543.3871192424695
2024-05-10 14:30:00+00:00,541.9136538246586
2024-05-10 15:30:00+00:00,539.492306439847
2024-05-10 16:30:00+00:00,543.7939381527833
2024-05-10 17:30:00+00:00,540.3129819248566
2024-05-10 18:30:00+00:00,537.350591546927
2024-05-10 19:30:00+00:00,535.6484800939792
2024-05-10 20:00:00+00:00,536.0197930222813
2024-05-10 21:00:00+00:00,532.0825617498683
2024-05-10 22:00:00+00:00,534.7736154716504
2024-05-10 23:00:00+00:00,534.6631048086989
2024-05-13 08:00:00+00:00,534.8596351051355
2024-05-13 09:00:00+00:00,537.0107393696355
2024-05-13 10:00:00+00:00,537.2767807722703
2024-05-13 11:00:00+00:00,538.3689042278141
2024-05-13 12:00:00+00:00,540.4698466531897
2024-05-13 13:00:00+00:00,542.7709697711663
2024-05-13 13:30:00+00:00,543.0022754540805
2024-05-13 14:30:00+00:00,541.436207971707
2024-05-13 15:30:00+00:00,541.413395718673
2024-05-13 16:30:00+00:00,539.8066875349051
2024-05-13 17:30:00+00:00,540.4087520173438
2024-05-13 18:30:00+00:00,540.8558646587463
2024-05-13 19:30:00+00:00,544.4104652297455
2024-05-13 20:00:00+00:00,547.6605426054431
2024-05-13 21:00:00+00:00,547.7205489588306
2024-05-13 22:00:00+00:00,543.3614312786656
2024-05-13 23:00:00+00:00,547.9313432784553
2024-05-14 08:00:00+00:00,547.9209758714907
2024-05-14 09:00:00+00:00,546.0739407522142
2024-05-14 10:00:00+00:00,544.4493476796446
2024-05-14 11:00:00+00:00,543.7082336694989
2024-05-14 12:00:00+00:00,540.5178238087395
2024-05-14 13:00:00+00:00,541.713086652489
2024-05-14 13:30:00+00:00,543.2628333069124
2024-05-14 14:30:00+00:00,540.0851218450559
2024-05-14 15:30:00+00:00,541.3112212893623
2024-05-14 16:30:00+00:00,543.8662286623837
2024-05-14 17:30:00+00:00,542.4762252621115
2024-05-14 18:30:00+00:00,539.1224503525176
2024-05-14 19:30:00+00:00,543.8244549582648
2024-05-14 20:00:00+00:00,539.081202082955
2024-05-14 21:00:00+00:00,538.3193087856627
2024-05-14 22:00:00+00:00,536.3721411184591
2024-05-14 23:00:00+00:00,534.968033057309
2024-05-15 08:00:00+00:00,533.4499999791007
2024-05-15 09:00:00+00:00,532.8318647069515
2024-05-15 10:00:00+00:00,533.1777141931357
2024-05-15 11:00:00+00:00,533.4429115952327
2024-05-15 12:00:00+00:00,536.4657871475811
2024-05-15 13:00:00+00:00,532.803669378206
2024-05-15 13:30:00+00:00,528.9990129744933
2024-05-15 14:30:00+00:00,527.0237139651509
2024-05-15 15:30:00+00:00,525.3444093868925
2024-05-15 16:30:00+00:00,527.1238643437874
2024-05-15 17:30:00+00:00,528.9959488176545
2024-05-15 18:30:00+00:00,531.4734840225392
2024-05-15 19:30:00+00:00,534.6167593231023
2024-05-15 20:00:00+00:00,534.934042964019
2024-05-15 21:00:00+00:00,530.5066595842737
2024-05-15 22:00:00+00:00,528.4548280116609
2024-05-15 23:00:00+00:00,527.03565800425
2024-05-16 08:00:00+00:00,528.5412775083083
2024-05-16 09:00:00+00:00,527.9591732107472
2024-05-16 10:00:00+00:00,532.2284773609797
2024-05-16 11:00:00+00:00,533.7918427900012
2024-05-16 12:00:00+00:00,536.1459891904818
2024-05-16 13:00:00+00:00,535.0235530166708
2024-05-16 13:30:00+00:00,535.0225580207359
2024-05-16 14:30:00+00:00,535.0127663562268
2024-05-16 15:30:00+00:00,531.6562570237683
2024-05-16 16:30:00+00:00,531.6696916546402
2024-05-16 17:30:00+00:00,533.9848464170218
2024-05-16 18:30:00+00:00,537.191830526021
2024-05-16 19:30:00+00:00,540.0538372486444
2024-05-16 20:00:00+00:00,539.9684272374562
2024-05-16 21:00:00+00:00,540.7852838037408
2024-05-16 22:00:00+00:00,541.6645876586455
2024-05-16 23:00:00+00:00,543.5184494724933
2024-05-17 08:00:00+00:00,544.4372492718968
2024-05-17 09:00:00+00:00,544.4667182313549
2024-05-17 10:00:00+00:00,545.5850730996399
2024-05-17 11:00:00+00:00,544.2130422738467
2024-05-17 12:00:00+00:00,545.0202828070101
2024-05-17 13:00:00+00:00,543.0803887121097
2024-05-17 13:30:00+00:00,544.22210910245
2024-05-17 14:30:00+00:00,543.9089852414215
2024-05-17 15:30:00+00:00,544.4734853518536
2024-05-17 16:30:00+00:00,541.0473572059717
2024-05-17 17:30:00+00:00,543.271333342325
2024-05-17 18:30:00+00:00,542.0851430812149
2024-05-17 19:30:00+00:00,541.2877438943265
2024-05-17 20:00:00+00:00,540.0779396939466
2024-05-17 21:00:00+00:00,534.5978096088031
2024-05-17 22:00:00+00:00,531.5628642874804
2024-05-17 23:00:00+00:00,532.7843958196137
2024-05-20 08:00:00+00:00,531.791856106603
2024-05-20 09:00:00+00:00,533.6146420599688
2024-05-20 10:00:00+00:00,531.8129479705988
2024-05-20 11:00:00+00:00,531.3098924711916
2024-05-20 12:00:00+00:00,529.8420270636891
2024-05-20 13:00:00+00:00,531.6390560920499
2024-05-20 13:30:00+00:00,529.2085945742243
2024-05-20 14:30:00+00:00,528.1548739860966
2024-05-20 15:30:00+00:00,525.955046401223
2024-05-20 16:30:00+00:00,524.4594656114591
2024-05-20 17:30:00+00:00,522.5445330401204
2024-05-20 18:30:00+00:00,521.7963325599189
2024-05-20 19:30:00+00:00,526.3851038538534
2024-05-20 20:00:00+00:00,532.3598213004856
2024-05-20 21:00:00+00:00,533.7523331370913
2024-05-20 22:00:00+00:00,532.7308632466649
2024-05-20 23:00:00+00:00,530.3665843425116
2024-05-21 08:00:00+00:00,532.2000605143402
2024-05-21 09:00:00+00:00,531.2477675335979
2024-05-21 10:00:00+00:00,532.749976180036
2024-05-21 11:00:00+00:00,528.9190937953916
2024-05-21 12:00:00+00:00,530.3681551110428
2024-05-21 13:00:00+00:00,529.9260710744574
2024-05-21 13:30:00+00:00,531.0323947092467
2024-05-21 14:30:00+00:00,535.4495087714392
2024-05-21 15:30:00+00:00,537.2988366657954
2024-05-21 16:30:00+00:00,534.351180182858
2024-05-21 17:30:00+00:00,537.9445466777512
2024-05-21 18:30:00+00:00,542.3767469429815
2024-05-21 19:30:00+00:00,542.6244460658531
2024-05-21 20:00:00+00:00,538.6168232098678
2024-05-21 21:00:00+00:00,534.3088535585864
2024-05-21 22:00:00+00:00,534.9703512629297
2024-05-21 23:00:00+00:00,535.180520255314
2024-05-22 08:00:00+00:00,538.5720637966622
2024-05-22 09:00:00+00:00,536.2550830219658
2024-05-22 10:00:00+00:00,536.3206303392259
2024-05-22 11:00:00+00:00,535.5591501458006
2024-05-22 12:00:00+00:00,536.997260052754
2024-05-22 13:00:00+00:00,536.1585829258485
2024-05-22 13:30:00+00:00,530.4416442527038
2024-05-22 14:30:00+00:00,529.0783265056078
2024-05-22 15:30:00+00:00,530.2789756305153
2024-05-22 16:30:00+00:00,530.3443513349674
2024-05-22 17:30:00+00:00,534.3892145323027
2024-05-22 18:30:00+00:00,536.301004160751
2024-05-22 19:30:00+00:00,538.6111978871857
2024-05-22 20:00:00+00:00,536.3468570566188
2024-05-22 21:00:00+00:00,531.4787333846097
2024-05-22 22:00:00+00:00,530.5862148535522
2024-05-22 23:00:00+00:00,530.589403204386
2024-05-23 08:00:00+00:00,528.5083588819945
2024-05-23 09:00:00+00:00,529.6109035867362
2024-05-23 10:00:00+00:00,531.3208270079525
2024-05-23 11:00:00+00:00,527.5983925800024
2024-05-23 12:00:00+00:00,526.6050440528107
2024-05-23 13:00:00+00:00,527.8813594413164
2024-05-23 13:30:00+00:00,524.3052953795722
2024-05-23 14:30:00+00:00,522.1148005383546
2024-05-23 15:30:00+00:00,521.5363908685885
2024-05-23 16:30:00+00:00,522.5838107011372
2024-05-23 17:30:00+00:00,524.6913564905414
2024-05-23 18:30:00+00:00,526.1767651162779
2024-05-23 19:30:00+00:00,523.9573307265299
2024-05-23 20:00:00+00:00,523.7744173820357
2024-05-23 21:00:00+00:00,527.549585132572
2024-05-23 22:00:00+00:00,527.0307611233194
2024-05-23 23:00:00+00:00,528.8295159385857
2024-05-24 08:00:00+00:00,528.5362275030994
2024-05-24 09:00:00+00:00,528.0560695789751
2024-05-24 10:00:00+00:00,530.4295442995873
2024-05-24 11:00:00+00:00,534.148249423732
2024-05-24 12:00:00+00:00,534.7438903525588
2024-05-24 13:00:00+00:00,538.2181138266607
2024-05-24 13:30:00+00:00,538.900655145319
2024-05-24 14:30:00+00:00,537.5773053607971
2024-05-24 15:30:00+00:00,533.5646459092101
2024-05-24 16:30:00+00:00,535.1049249139569
2024-05-24 17:30:00+00:00,536.0201778217768
2024-05-24 18:30:00+00:00,538.8829406776717
2024-05-24 19:30:00+00:00,539.0276127923686
2024-05-24 20:00:00+00:00,538.1294866018843
2024-05-24 21:00:00+00:00,539.3938225136286
2024-05-24 22:00:00+00:00,538.6287065486681
2024-05-24 23:00:00+00:00,539.5733319356362
2024-05-28 08:00:00+00:00,539.4366369586663
2024-05-28 09:00:00+00:00,540.3890110575616
2024-05-28 10:00:00+00:00,535.4107704235657
2024-05-28 11:00:00+00:00,537.1186707039242
2024-05-28 12:00:00+00:00,535.9833326659681
2024-05-28 13:00:00+00:00,533.1547365050876
2024-05-28 13:30:00+00:00,534.2565039703966
2024-05-28 14:30:00+00:00,536.9624811125859
2024-05-28 15:30:00+00:00,540.3912457863835
2024-05-28 16:30:00+00:00,540.7026032692625
2024-05-28 17:30:00+00:00,541.5338828006504
2024-05-28 18:30:00+00:00,543.6698991983496
2024-05-28 19:30:00+00:00,545.1125340011171
2024-05-28 20:00:00+00:00,545.1109361186946
2024-05-28 21:00:00+00:00,544.4882656589381
2024-05-28 22:00:00+00:00,539.1057378073084
2024-05-28 23:00:00+00:00,539.9522916280956
2024-05-29 08:00:00+00:00,536.9058746443155
2024-05-29 09:00:00+00:00,538.6636501348352
2024-05-29 10:00:00+00:00,538.1191091689899
2024-05-29 11:00:00+00:00,535.1228489381789
2024-05-29 12:00:00+00:00,530.2612517418105
2024-05-29 13:00:00+00:00,532.0308221289941
2024-05-29 13:30:00+00:00,532.5976299963537
2024-05-29 14:30:00+00:00,533.0119922561681
2024-05-29 15:30:00+00:00,530.5997273616334
2024-05-29 16:30:00+00:00,529.1094006067368
2024-05-29 17:30:00+00:00,531.0147315649181
2024-05-29 18:30:00+00:00,531.4032822198849
2024-05-29 19:30:00+00:00,532.6296052791869
2024-05-29 20:00:00+00:00,529.5625986267679
2024-05-29 21:00:00+00:00,527.8773568149059
2024-05-29 22:00:00+00:00,531.0735452421172
2024-05-29 23:00:00+00:00,532.1183436509234
2024-05-30 08:00:00+00:00,535.9441119299904
2024-05-30 09:00:00+00:00,534.5836011674892
2024-05-30 10:00:00+00:00,531.462485082185
2024-05-30 11:00:00+00:00,534.2539742448147
2024-05-30 12:00:00+00:00,531.2573140706455
2024-05-30 13:00:00+00:00,532.3491862880971
2024-05-30 13:30:00+00:00,530.0358108784145
2024-05-30 14:30:00+00:00,535.507276224796
2024-05-30 15:30:00+00:00,534.9029260671225
2024-05-30 16:30:00+00:00,532.7249909592092
2024-05-30 17:30:00+00:00,532.8857236758907
2024-05-30 18:30:00+00:00,531.2862750083021
2024-05-30 19:30:00+00:00,529.8127215507459
2024-05-30 20:00:00+00:00,531.8616891670242
2024-05-30 21:00:00+00:00,532.1876350309183
2024-05-30 22:00:00+00:00,532.8263262621891
2024-05-30 23:00:00+00:00,532.2818449863637
2024-05-31 08:00:00+00:00,533.2541592444895
2024-05-31 09:00:00+00:00,533.5853804683146
2024-05-31 10:00:00+00:00,535.1419903464063
2024-05-31 11:00:00+00:00,534.9951431508107
2024-05-31 12:00:00+00:00,534.3896295441244
2024-05-31 13:00:00+00:00,534.3495765969301
2024-05-31 13:30:00+00:00,531.7512348022016
2024-05-31 14:30:00+00:00,532.4949645143391
2024-05-31 15:30:00+00:00,533.507777080618
2024-05-31 16:30:00+00:00,532.5510839528454
2024-05-31 17:30:00+00:00,531.0978816819146
2024-05-31 18:30:00+00:00,532.3448418312088
2024-05-31 19:30:00+00:00,532.4813211470378
2024-05-31 20:00:00+00:00,529.2496703346895
2024-05-31 21:00:00+00:00,526.0876085867474
2024-05-31 22:00:00+00:00,522.3367264668602
2024-05-31 23:00:00+00:00,522.1279502335382
2024-06-03 08:00:00+00:00,524.591591294636
2024-06-03 09:00:00+00:00,521.3232754794251
2024-06-03 10:00:00+00:00,521.4930542748376
2024-06-03 11:00:00+00:00,517.5550939578483
2024-06-03 12:00:00+00:00,518.0958183266556
2024-06-03 13:00:00+00:00,518.2112700693569
2024-06-03 13:30:00+00:00,514.2948109925713
2024-06-03 14:30:00+00:00,517.8115324905189
2024-06-03 15:30:00+00:00,518.7696000159094
2024-06-03 16:30:00+00:00,517.26703460749
2024-06-03 17:30:00+00:00,516.7679306777598
2024-06-03 18:30:00+00:00,520.2790658557004
2024-06-03 19:30:00+00:00,521.7591320772385
2024-06-03 20:00:00+00:00,522.2427252613431
2024-06-03 21:00:00+00:00,524.0968382760673
2024-06-03 22:00:00+00:00,524.4215836257144
2024-06-03 23:00:00+00:00,525.8028499638999
2024-06-04 08:00:00+00:00,530.8601379513254
2024-06-04 09:00:00+00:00,533.8435588682769
2024-06-04 10:00:00+00:00,530.1172539674344
2024-06-04 11:00:00+00:00,524.0551110894824
2024-06-04 12:00:00+00:00,525.6967290447743
2024-06-04 13:00:00+00:00,524.2654660162262
2024-06-04 13:30:00+00:00,523.9428506909212
2024-06-04 14:30:00+00:00,523.2269722840283
2024-06-04 15:30:00+00:00,526.1547135357276
2024-06-04 16:30:00+00:00,523.1291588464571
2024-06-04 17:30:00+00:00,522.7048218030303
2024-06-04 18:30:00+00:00,524.3181261784218
2024-06-04 19:30:00+00:00,525.8985508703759
2024-06-04 20:00:00+00:00,524.0647067580201
2024-06-04 21:00:00+00:00,524.9651932560407
2024-06-04 22:00:00+00:00,525.391862857211
2024-06-04 23:00:00+00:00,526.5607824313172
2024-06-05 08:00:00+00:00,524.2500134106403
2024-06-05 09:00:00+00:00,526.3901214887497
2024-06-05 10:00:00+00:00,522.9087768630945
2024-06-05 11:00:00+00:00,523.6968409218329
2024-06-05 12:00:00+00:00,523.2847931656652
2024-06-05 13:00:00+00:00,518.8717644414958
2024-06-05 13:30:00+00:00,517.0670113577094
2024-06-05 14:30:00+00:00,514.1286623292701
2024-06-05 15:30:00+00:00,513.1713835135814
2024-06-05 16:30:00+00:00,514.311673980601
2024-06-05 17:30:00+00:00,513.9204359982724
2024-06-05 18:30:00+00:00,513.4493111729772
2024-06-05 19:30:00+00:00,512.6199311174031
2024-06-05 20:00:00+00:00,514.0063501583949
2024-06-05 21:00:00+00:00,514.5496983286419
2024-06-05 22:00:00+00:00,509.3954750751222
2024-06-05 23:00:00+00:00,510.583488854411
2024-06-06 08:00:00+00:00,505.2158311028473
2024-06-06 09:00:00+00:00,505.5338340875329
2024-06-06 10:00:00+00:00,505.0277974241104
2024-06-06 11:00:00+00:00,505.0814878030294
2024-06-06 12:00:00+00:00,501.5066174466114
2024-06-06 13:00:00+00:00,502.31186090578666
2024-06-06 13:30:00+00:00,508.0925257839928
2024-06-06 14:30:00+00:00,507.8502931978579
2024-06-06 15:30:00+00:00,509.84678094158335
2024-06-06 16:30:00+00:00,506.373953290117
2024-06-06 17:30:00+00:00,508.3953384773877
2024-06-06 18:30:00+00:00,510.24433969118604
2024-06-06 19:30:00+00:00,509.0078643992601
2024-06-06 20:00:00+00:00,507.32136795391784
2024-06-06 21:00:00+00:00,508.71574189031037
2024-06-06 22:00:00+00:00,506.43637836134616
2024-06-06 23:00:00+00:00,505.97292679914165
2024-06-07 08:00:00+00:00,506.6471340417975
2024-06-07 09:00:00+00:00,508.8080520880611
2024-06-07 10:00:00+00:00,510.3512763992919
2024-06-07 11:00:00+00:00,510.3617650867766
2024-06-07 12:00:00+00:00,516.4080716582104
2024-06-07 13:00:00+00:00,517.6136435540559
2024-06-07 13:30:00+00:00,515.7295055659125
2024-06-07 14:30:00+00:00,517.6366273051417
2024-06-07 15:30:00+00:00,515.809889760157
2024-06-07 16:30:00+00:00,512.9183078080428
2024-06-07 17:30:00+00:00,516.0575660015098
2024-06-07 18:30:00+00:00,518.2679464732641
2024-06-07 19:30:00+00:00,517.7444852662821
2024-06-07 20:00:00+00:00,516.7453987560665
2024-06-07 21:00:00+00:00,515.2580353685515
2024-06-07 22:00:00+00:00,517.1895429963912
2024-06-07 23:00:00+00:00,515.500018283792
2024-06-10 08:00:00+00:00,516.1057520759196
2024-06-10 09:00:00+00:00,515.9767977615523
2024-06-10 10:00:00+00:00,517.3476226693466
2024-06-10 11:00:00+00:00,516.705479687766
2024-06-10 12:00:00+00:00,519.727689561318
2024-06-10 13:00:00+00:00,520.0321820943958
2024-06-10 13:30:00+00:00,518.9807862171427
2024-06-10 14:30:00+00:00,515.9177901420161
2024-06-10 15:30:00+00:00,516.829829822787
2024-06-10 16:30:00+00:00,516.9628568735498
2024-06-10 17:30:00+00:00,513.9852873193931
2024-06-10 18:30:00+00:00,513.8109186539201
2024-06-10 19:30:00+00:00,510.7545453889981
2024-06-10 20:00:00+00:00,514.0831952978623
2024-06-10 21:00:00+00:00,512.5636315242689
2024-06-10 22:00:00+00:00,514.6578331453287
2024-06-10 23:00:00+00:00,515.1575622970357
2024-06-11 08:00:00+00:00,515.5105596949027
2024-06-11 09:00:00+00:00,514.8903782479183
2024-06-11 10:00:00+00:00,516.6891444418164
2024-06-11 11:00:00+00:00,517.4120462979606
2024-06-11 12:00:00+00:00,516.2568358061432
2024-06-11 13:00:00+00:00,513.9850248181987
2024-06-11 13:30:00+00:00,515.308588419137
2024-06-11 14:30:00+00:00,514.4800797683234
2024-06-11 15:30:00+00:00,514.2601480329348
2024-06-11 16:30:00+00:00,516.200230283911
2024-06-11 17:30:00+00:00,514.1253020994029
2024-06-11 18:30:00+00:00,515.9397502839603
2024-06-11 19:30:00+00:00,515.0194329410576
2024-06-11 20:00:00+00:00,516.6945128577862
2024-06-11 21:00:00+00:00,519.9662943802689
2024-06-11 22:00:00+00:00,520.5622824223631
2024-06-11 23:00:00+00:00,520.9320313620761
2024-06-12 08:00:00+00:00,519.2506839046279
2024-06-12 09:00:00+00:00,519.03715827472
2024-06-12 10:00:00+00:00,520.0704687716062
2024-06-12 11:00:00+00:00,517.4116657888127
2024-06-12 12:00:00+00:00,521.1962148381866
2024-06-12 13:00:00+00:00,517.9305632611384
2024-06-12 13:30:00+00:00,517.52371222939
2024-06-12 14:30:00+00:00,515.4664422879523
2024-06-12 15:30:00+00:00,512.65911749981
2024-06-12 16:30:00+00:00,508.96155058767647
2024-06-12 17:30:00+00:00,513.701217281943
2024-06-12 18:30:00+00:00,515.436363440674
2024-06-12 19:30:00+00:00,517.5284963081207
2024-06-12 20:00:00+00:00,513.1974867201131
2024-06-12 21:00:00+00:00,514.0396813556895
2024-06-12 22:00:00+00:00,516.7486296104211
2024-06-12 23:00:00+00:00,520.7491043329371
2024-06-13 08:00:00+00:00,517.7189830904379
2024-06-13 09:00:00+00:00,521.5278152833739
2024-06-13 10:00:00+00:00,525.1798911242796
2024-06-13 11:00:00+00:00,525.2918269146277
2024-06-13 12:00:00+00:00,522.3318825316871
2024-06-13 13:00:00+00:00,520.4368844861028
2024-06-13 13:30:00+00:00,517.6484507432871
2024-06-13 14:30:00+00:00,515.3944168349918
2024-06-13 15:30:00+00:00,516.650724903304
2024-06-13 16:30:00+00:00,514.8462320534315
2024-06-13 17:30:00+00:00,514.5998937635247
2024-06-13 18:30:00+00:00,513.5757546637401
2024-06-13 19:30:00+00:00,512.5529678112043
2024-06-13 20:00:00+00:00,517.367760406721
2024-06-13 21:00:00+00:00,516.689357974161
2024-06-13 22:00:00+00:00,518.7601582306424
2024-06-13 23:00:00+00:00,519.8799828993558
2024-06-14 08:00:00+00:00,519.9212003882244
2024-06-14 09:00:00+00:00,516.6063913422284
2024-06-14 10:00:00+00:00,517.5906795162047
2024-06-14 11:00:00+00:00,517.2194547048765
2024-06-14 12:00:00+00:00,517.4115838845241
2024-06-14 13:00:00+00:00,513.5523486830396
2024-06-14 13:30:00+00:00,512.8278353744442
2024-06-14 14:30:00+00:00,513.3320666922939
2024-06-14 15:30:00+00:00,514.2566035290737
2024-06-14 16:30:00+00:00,516.103390047784
2024-06-14 17:30:00+00:00,515.2047163304841
2024-06-14 18:30:00+00:00,519.309493126471
2024-06-14 19:30:00+00:00,520.8507465462307
2024-06-14 20:00:00+00:00,517.7936258247914
2024-06-14 21:00:00+00:00,516.3043056433162
2024-06-14 22:00:00+00:00,514.332122859134
2024-06-14 23:00:00+00:00,510.77869043813564
2024-06-17 08:00:00+00:00,511.1522121673089
2024-06-17 09:00:00+00:00,516.4306888193579
2024-06-17 10:00:00+00:00,517.3607965771241
2024-06-17 11:00:00+00:00,519.1343750815498
2024-06-17 12:00:00+00:00,523.7928503239565
2024-06-17 13:00:00+00:00,529.8241656811801
2024-06-17 13:30:00+00:00,525.5168189459387
2024-06-17 14:30:00+00:00,522.2347463106089
2024-06-17 15:30:00+00:00,524.6981238955699
2024-06-17 16:30:00+00:00,529.1548575113784
2024-06-17 17:30:00+00:00,533.1275488440739
2024-06-17 18:30:00+00:00,533.1663634194804
2024-06-17 19:30:00+00:00,533.9056046821203
2024-06-17 20:00:00+00:00,536.8379579724786
2024-06-17 21:00:00+00:00,543.3763490166422
2024-06-17 22:00:00+00:00,539.7583619168516
2024-06-17 23:00:00+00:00,542.7122093290893
2024-06-18 08:00:00+00:00,539.2547449594399
2024-06-18 09:00:00+00:00,536.7541383923739
2024-06-18 10:00:00+00:00,539.157039680295
2024-06-18 11:00:00+00:00,540.536045181259
2024-06-18 12:00:00+00:00,538.3042748806242
2024-06-18 13:00:00+00:00,538.9393282411218
2024-06-18 13:30:00+00:00,540.0196866036398
2024-06-18 14:30:00+00:00,538.4308101785417
2024-06-18 15:30:00+00:00,537.9252248337851
2024-06-18 16:30:00+00:00,536.803541209267
2024-06-18 17:30:00+00:00,536.0034698851936
2024-06-18 18:30:00+00:00,534.1949634861891
2024-06-18 19:30:00+00:00,533.0690513538817
2024-06-18 20:00:00+00:00,533.6595593004978
2024-06-18 21:00:00+00:00,534.2145630820886
2024-06-18 22:00:00+00:00,531.8154666330909
2024-06-18 23:00:00+00:00,535.7689676158673
2024-06-20 08:00:00+00:00,538.9482283387426
2024-06-20 09:00:00+00:00,537.6278141679563
2024-06-20 10:00:00+00:00,537.4412766079207
2024-06-20 11:00:00+00:00,538.7110993753391
2024-06-20 12:00:00+00:00,540.6061069944197
2024-06-20 13:00:00+00:00,538.9433751259445
2024-06-20 13:30:00+00:00,539.8663464360734
2024-06-20 14:30:00+00:00,540.5237364462666
2024-06-20 15:30:00+00:00,541.4281784069788
2024-06-20 16:30:00+00:00,537.0717241580606
2024-06-20 17:30:00+00:00,535.260694442814
2024-06-20 18:30:00+00:00,533.4499656416964
2024-06-20 19:30:00+00:00,535.6967811349805
2024-06-20 20:00:00+00:00,534.3128819628756
2024-06-20 21:00:00+00:00,535.711409122508
2024-06-20 22:00:00+00:00,533.983877902926
2024-06-20 23:00:00+00:00,533.9572976806337
2024-06-21 08:00:00+00:00,535.0756734740154
2024-06-21 09:00:00+00:00,533.6689059301822
2024-06-21 10:00:00+00:00,533.0554143774758
2024-06-21 11:00:00+00:00,535.4595872657292
2024-06-21 12:00:00+00:00,532.5587651832079
2024-06-21 13:00:00+00:00,531.54336572197
2024-06-21 13:30:00+00:00,527.7305081824416
2024-06-21 14:30:00+00:00,525.6151617289021
2024-06-21 15:30:00+00:00,524.5740871071254
2024-06-21 16:30:00+00:00,524.1843619386367
2024-06-21 17:30:00+00:00,530.0876741324012
2024-06-21 18:30:00+00:00,532.7744756632786
2024-06-21 19:30:00+00:00,531.4946576304036
2024-06-21 20:00:00+00:00,529.3672017029539
2024-06-21 21:00:00+00:00,529.836835781915
2024-06-21 22:00:00+00:00,528.1102692137385
2024-06-21 23:00:00+00:00,522.7651290721556
2024-06-24 08:00:00+00:00,521.9323477371792
2024-06-24 09:00:00+00:00,518.9826546794748
2024-06-24 10:00:00+00:00,516.9646276588227
2024-06-24 11:00:00+00:00,517.8508932530107
2024-06-24 12:00:00+00:00,518.5361571493631
2024-06-24 13:00:00+00:00,518.5185412981892
2024-06-24 13:30:00+00:00,523.0552324892288
2024-06-24 14:30:00+00:00,520.4145708385352
2024-06-24 15:30:00+00:00,516.4876461584569
2024-06-24 16:30:00+00:00,515.4227307408617
2024-06-24 17:30:00+00:00,513.795796118551
2024-06-24 18:30:00+00:00,517.1548544824196
2024-06-24 19:30:00+00:00,515.887397366299
2024-06-24 20:00:00+00:00,514.5845639555944
2024-06-24 21:00:00+00:00,513.989906176317
2024-06-24 22:00:00+00:00,512.2978162759916
2024-06-24 23:00:00+00:00,512.3629398442241
2024-06-25 08:00:00+00:00,510.3118119310481
2024-06-25 09:00:00+00:00,509.46309157231553
2024-06-25 10:00:00+00:00,508.9742595431847
2024-06-25 11:00:00+00:00,505.92637528327566
2024-06-25 12:00:00+00:00,507.68872621808407
2024-06-25 13:00:00+00:00,505.64790158045616
2024-06-25 13:30:00+00:00,505.09570465497416
2024-06-25 14:30:00+00:00,507.2488275199563
2024-06-25 15:30:00+00:00,508.4394892301965
2024-06-25 16:30:00+00:00,506.97771549382577
2024-06-25 17:30:00+00:00,508.86024836046715
2024-06-25 18:30:00+00:00,504.4776190783451
2024-06-25 19:30:00+00:00,503.0381108066198
2024-06-25 20:00:00+00:00,503.10321613079515
2024-06-25 21:00:00+00:00,503.836466853846
2024-06-25 22:00:00+00:00,505.54458834498377
2024-06-25 23:00:00+00:00,508.17585778767375
2024-06-26 08:00:00+00:00,507.74031984393173
2024-06-26 09:00:00+00:00,507.7894809813777
2024-06-26 10:00:00+00:00,511.43989136533935
2024-06-26 11:00:00+00:00,514.5645767964902
2024-06-26 12:00:00+00:00,515.1663158201795
2024-06-26 13:00:00+00:00,516.9815443100965
2024-06-26 13:30:00+00:00,514.4341128142912
2024-06-26 14:30:00+00:00,513.1176371985662
2024-06-26 15:30:00+00:00,513.3983719678702
2024-06-26 16:30:00+00:00,513.7697571805869
2024-06-26 17:30:00+00:00,515.6769115984773
2024-06-26 18:30:00+00:00,518.9842547489025
2024-06-26 19:30:00+00:00,516.8575089642218
2024-06-26 20:00:00+00:00,518.1832586789807
2024-06-26 21:00:00+00:00,516.2876070241039
2024-06-26 22:00:00+00:00,517.1606473800948
2024-06-26 23:00:00+00:00,518.4010928077046
2024-06-27 08:00:00+00:00,517.1266471752626
2024-06-27 09:00:00+00:00,517.6274017823166
2024-06-27 10:00:00+00:00,521.2107006571723
2024-06-27 11:00:00+00:00,522.6619119738172
2024-06-27 12:00:00+00:00,522.0244252211984
2024-06-27 13:00:00+00:00,520.1262284868001
2024-06-27 13:30:00+00:00,521.4450457870473
2024-06-27 14:30:00+00:00,522.2944655467151
2024-06-27 15:30:00+00:00,522.1997675519639
2024-06-27 16:30:00+00:00,519.3283241228153
2024-06-27 17:30:00+00:00,518.8456560706264
2024-06-27 18:30:00+00:00,517.0758569251741
2024-06-27 19:30:00+00:00,515.8782032107731
2024-06-27 20:00:00+00:00,515.6736023367855
2024-06-27 21:00:00+00:00,513.4343795495395
2024-06-27 22:00:00+00:00,514.3168632008448
2024-06-27 23:00:00+00:00,508.2340960345589
2024-06-28 08:00:00+00:00,505.60632331481656
2024-06-28 09:00:00+00:00,500.2870371271201
2024-06-28 10:00:00+00:00,499.76286677576513
2024-06-28 11:00:00+00:00,502.16479773058654
2024-06-28 12:00:00+00:00,501.06930163110195
2024-06-28 13:00:00+00:00,500.693088976071
2024-06-28 13:30:00+00:00,502.6522055523357
2024-06-28 14:30:00+00:00,502.8751273314825
2024-06-28 15:30:00+00:00,501.86680598000027
2024-06-28 16:30:00+00:00,502.0519547346739
2024-06-28 17:30:00+00:00,500.4018540205186
2024-06-28 18:30:00+00:00,498.0625956420544
2024-06-28 19:30:00+00:00,499.0019665347419
2024-06-28 20:00:00+00:00,498.92757302846184
2024-06-28 21:00:00+00:00,497.4196017385447
2024-06-28 22:00:00+00:00,491.29633637176545
2024-06-28 23:00:00+00:00,492.2738051781292
2024-07-01 08:00:00+00:00,495.69270969056254
2024-07-01 09:00:00+00:00,496.28989382765616
2024-07-01 10:00:00+00:00,491.75569816436047
2024-07-01 11:00:00+00:00,489.78064163371135
2024-07-01 12:00:00+00:00,486.19502908026794
2024-07-01 13:00:00+00:00,487.7993826009812
2024-07-01 13:30:00+00:00,485.5045399947826
2024-07-01 14:30:00+00:00,485.2425882939232
2024-07-01 15:30:00+00:00,487.0818046325832
2024-07-01 16:30:00+00:00,487.33342329544513
2024-07-01 17:30:00+00:00,486.34901501758014
2024-07-01 18:30:00+00:00,485.73127471848375
2024-07-01 19:30:00+00:00,485.3455530552475
2024-07-01 20:00:00+00:00,484.006549789539
2024-07-01 21:00:00+00:00,485.86506808841966
2024-07-01 22:00:00+00:00,486.0650961139189
2024-07-01 23:00:00+00:00,483.1457048957603
2024-07-02 08:00:00+00:00,480.6232593709398
2024-07-02 09:00:00+00:00,479.52504342340046
2024-07-02 10:00:00+00:00,482.29902963709014
2024-07-02 11:00:00+00:00,478.9549184502749
2024-07-02 12:00:00+00:00,482.2438268258689
2024-07-02 13:00:00+00:00,483.1245740121228
2024-07-02 13:30:00+00:00,485.27992462609905
2024-07-02 14:30:00+00:00,487.3065892183188
2024-07-02 15:30:00+00:00,489.0238158062185
2024-07-02 16:30:00+00:00,487.1631853133475
2024-07-02 17:30:00+00:00,486.581538503315
2024-07-02 18:30:00+00:00,489.8758474153426
2024-07-02 19:30:00+00:00,493.55104123147095
2024-07-02 20:00:00+00:00,491.9790459904383
2024-07-02 21:00:00+00:00,497.1257834606011
2024-07-02 22:00:00+00:00,495.4515694879422
2024-07-02 23:00:00+00:00,496.81028157587383
2024-07-03 08:00:00+00:00,495.4867015491486
2024-07-03 09:00:00+00:00,496.1692229274792
2024-07-03 10:00:00+00:00,496.3867789926639
2024-07-03 11:00:00+00:00,495.66808980638024
2024-07-03 12:00:00+00:00,493.9299497498116
2024-07-03 13:00:00+00:00,494.6497160173715
2024-07-03 13:30:00+00:00,497.3569174085079
2024-07-03 14:30:00+00:00,502.5866569874047
2024-07-03 15:30:00+00:00,506.1014099519536
2024-07-03 17:00:00+00:00,506.90592254460313
2024-07-03 18:00:00+00:00,506.36691247291077
2024-07-03 19:00:00+00:00,509.22849511930485
2024-07-03 20:00:00+00:00,508.9289687288544
2024-07-05 08:00:00+00:00,508.4643416905427
2024-07-05 09:00:00+00:00,504.46598750873204
2024-07-05 10:00:00+00:00,505.08790529971407
2024-07-05 11:00:00+00:00,508.31396335939183
2024-07-05 12:00:00+00:00,510.88666220888564
2024-07-05 13:00:00+00:00,512.1632379728919
2024-07-05 13:30:00+00:00,511.3428885602033
2024-07-05 14:30:00+00:00,510.461333984225
2024-07-05 15:30:00+00:00,505.90856805231306
2024-07-05 16:30:00+00:00,504.9390690886699
2024-07-05 17:30:00+00:00,503.8272006433839
2024-07-05 18:30:00+00:00,502.52840627551666
2024-07-05 19:30:00+00:00,504.66473584046986
2024-07-05 20:00:00+00:00,503.51171575970085
2024-07-05 21:00:00+00:00,506.67238736357683
2024-07-05 22:00:00+00:00,505.47118928820794
2024-07-05 23:00:00+00:00,506.2634904623456
2024-07-08 08:00:00+00:00,508.4141252406144
2024-07-08 09:00:00+00:00,509.8780872570054
2024-07-08 10:00:00+00:00,509.08493429452204
2024-07-08 11:00:00+00:00,509.0284480887646
2024-07-08 12:00:00+00:00,507.72165319075515
2024-07-08 13:00:00+00:00,511.2050190847635
2024-07-08 13:30:00+00:00,514.0012057030314
2024-07-08 14:30:00+00:00,513.0123725302161
2024-07-08 15:30:00+00:00,517.2451141339575
2024-07-08 16:30:00+00:00,514.6741314759819
2024-07-08 17:30:00+00:00,515.2435811748206
2024-07-08 18:30:00+00:00,518.227022341529
2024-07-08 19:30:00+00:00,521.5129987303122
2024-07-08 20:00:00+00:00,522.227099922323
2024-07-08 21:00:00+00:00,524.2901406575866
2024-07-08 22:00:00+00:00,524.1815528285248
2024-07-08 23:00:00+00:00,522.3385210698864
2024-07-09 08:00:00+00:00,521.1263859487246
2024-07-09 09:00:00+00:00,524.7855426129911
2024-07-09 10:00:00+00:00,524.555323336498
2024-07-09 11:00:00+00:00,524.7204447221663
2024-07-09 12:00:00+00:00,523.4735536465685
2024-07-09 13:00:00+00:00,524.036606529531
2024-07-09 13:30:00+00:00,524.456850885344
2024-07-09 14:30:00+00:00,525.5577480880687
2024-07-09 15:30:00+00:00,523.6728006709767
2024-07-09 16:30:00+00:00,524.8942361466887
2024-07-09 17:30:00+00:00,526.1734791240641
2024-07-09 18:30:00+00:00,525.0830459560304
2024-07-09 19:30:00+00:00,524.7403841244789
2024-07-09 20:00:00+00:00,521.2622853572421
2024-07-09 21:00:00+00:00,523.4473679080679
2024-07-09 22:00:00+00:00,522.5820685815764
2024-07-09 23:00:00+00:00,523.0249331285098
2024-07-10 08:00:00+00:00,523.0276580786634
2024-07-10 09:00:00+00:00,524.098558332219
2024-07-10 10:00:00+00:00,524.6994674769982
2024-07-10 11:00:00+00:00,523.9380655407415
2024-07-10 12:00:00+00:00,524.4282505194236
2024-07-10 13:00:00+00:00,523.6957534091779
2024-07-10 13:30:00+00:00,523.1859671785944
2024-07-10 14:30:00+00:00,524.1771763337883
2024-07-10 15:30:00+00:00,524.0753425221175
2024-07-10 16:30:00+00:00,520.63949641475
2024-07-10 17:30:00+00:00,518.4040758801274
2024-07-10 18:30:00+00:00,519.6285826768545
2024-07-10 19:30:00+00:00,521.6356503255938
2024-07-10 20:00:00+00:00,520.2118305688616
2024-07-10 21:00:00+00:00,518.3897619693272
2024-07-10 22:00:00+00:00,518.7637139601985
2024-07-10 23:00:00+00:00,518.1497192033663
2024-07-11 08:00:00+00:00,517.2953267302495
2024-07-11 09:00:00+00:00,520.7139764743879
2024-07-11 10:00:00+00:00,520.8895367104999
2024-07-11 11:00:00+00:00,522.4309008355239
2024-07-11 12:00:00+00:00,520.4942617171587
2024-07-11 13:00:00+00:00,518.4669805101443
2024-07-11 13:30:00+00:00,516.6813758729093
2024-07-11 14:30:00+00:00,513.835788490972
2024-07-11 15:30:00+00:00,507.3786508581369
2024-07-11 16:30:00+00:00,507.1074418114269
2024-07-11 17:30:00+00:00,506.4607732531874
2024-07-11 18:30:00+00:00,509.19556601461414
2024-07-11 19:30:00+00:00,505.629713749351
2024-07-11 20:00:00+00:00,507.0844130391225
2024-07-11 21:00:00+00:00,504.38652953673505
2024-07-11 22:00:00+00:00,500.83518330960396
2024-07-11 23:00:00+00:00,500.51816733630017
2024-07-12 08:00:00+00:00,497.2688529051889
2024-07-12 09:00:00+00:00,498.8951184652983
2024-07-12 10:00:00+00:00,502.36946412508473
2024-07-12 11:00:00+00:00,502.5639636332304
2024-07-12 12:00:00+00:00,504.0848082508486
2024-07-12 13:00:00+00:00,503.1100168733938
2024-07-12 13:30:00+00:00,507.1096717405384
2024-07-12 14:30:00+00:00,507.5829803332869
2024-07-12 15:30:00+00:00,506.30572925537825
2024-07-12 16:30:00+00:00,504.31097017353636
2024-07-12 17:30:00+00:00,504.7829838414706
2024-07-12 18:30:00+00:00,506.84583011272156
2024-07-12 19:30:00+00:00,508.9798421908299
2024-07-12 20:00:00+00:00,507.7182405817389
2024-07-12 21:00:00+00:00,509.2979858115187
2024-07-12 22:00:00+00:00,508.3407043317893
2024-07-12 23:00:00+00:00,510.11356360002543
2024-07-15 09:00:00+00:00,510.5174648713068
2024-07-15 10:00:00+00:00,511.413307054418
2024-07-15 11:00:00+00:00,509.23202572587445
2024-07-15 12:00:00+00:00,511.1014232977688
2024-07-15 13:00:00+00:00,511.63695393672214
2024-07-15 13:30:00+00:00,512.8573265137162
2024-07-15 14:30:00+00:00,513.0786519007258
2024-07-15 15:30:00+00:00,510.966380955811
2024-07-15 16:30:00+00:00,509.1756197919519
2024-07-15 17:30:00+00:00,509.20047496605616
2024-07-15 18:30:00+00:00,507.10852383979517
2024-07-15 19:30:00+00:00,507.90003788223856
2024-07-15 20:00:00+00:00,508.0294260634341
2024-07-15 21:00:00+00:00,504.5710073768174
2024-07-15 22:00:00+00:00,502.16324912921795
2024-07-15 23:00:00+00:00,505.1006230093911
2024-07-16 08:00:00+00:00,505.71974477732965
2024-07-16 09:00:00+00:00,507.7260926261155
2024-07-16 10:00:00+00:00,506.82707131213124
2024-07-16 11:00:00+00:00,506.14872669230044
2024-07-16 12:00:00+00:00,508.13155355311204
2024-07-16 13:00:00+00:00,508.38016247675006
2024-07-16 13:30:00+00:00,504.03607111044596
2024-07-16 14:30:00+00:00,499.15895821520854
2024-07-16 15:30:00+00:00,497.9907567277858
2024-07-16 16:30:00+00:00,498.8600227259604
2024-07-16 17:30:00+00:00,499.9413861438803
2024-07-16 18:30:00+00:00,504.44847571567203
2024-07-16 19:30:00+00:00,505.0124579463372
2024-07-16 20:00:00+00:00,504.64081511897837
2024-07-16 21:00:00+00:00,507.28073418866893
2024-07-16 22:00:00+00:00,510.45821631799134
2024-07-16 23:00:00+00:00,509.6128499448879
2024-07-17 08:00:00+00:00,508.3122500951644
2024-07-17 09:00:00+00:00,509.5938697283634
2024-07-17 10:00:00+00:00,511.7235120352843
2024-07-17 11:00:00+00:00,513.74297841652
2024-07-17 12:00:00+00:00,512.4840234311005
2024-07-17 13:00:00+00:00,514.3154982780603
2024-07-17 13:30:00+00:00,515.344024280484
2024-07-17 14:30:00+00:00,514.9129445045294
2024-07-17 15:30:00+00:00,512.7028501690343
2024-07-17 16:30:00+00:00,512.4292403768113
2024-07-17 17:30:00+00:00,514.5118264747093
2024-07-17 18:30:00+00:00,517.856067215831
2024-07-17 19:30:00+00:00,514.244944620672
2024-07-17 20:00:00+00:00,515.8755856315147
2024-07-17 21:00:00+00:00,515.6763422402666
2024-07-17 22:00:00+00:00,515.2016706571759
2024-07-17 23:00:00+00:00,515.3104535295232
2024-07-18 08:00:00+00:00,514.1536410708466
2024-07-18 09:00:00+00:00,514.0861912148797
2024-07-18 10:00:00+00:00,514.1022996380996
2024-07-18 11:00:00+00:00,512.6558283277063
2024-07-18 12:00:00+00:00,512.9111415596246
2024-07-18 13:00:00+00:00,515.6108676518429
2024-07-18 13:30:00+00:00,514.2264119755555
2024-07-18 14:30:00+00:00,515.9309802465442
2024-07-18 15:30:00+00:00,513.9160168615809
2024-07-18 16:30:00+00:00,516.4357955939334
2024-07-18 17:30:00+00:00,515.4889148236183
2024-07-18 18:30:00+00:00,511.28777514499455
2024-07-18 19:30:00+00:00,510.4360642744111
2024-07-18 20:00:00+00:00,511.2075184884585
2024-07-18 21:00:00+00:00,509.6937527799872
2024-07-18 22:00:00+00:00,510.95415079808595
2024-07-18 23:00:00+00:00,513.0742738931843
2024-07-19 08:00:00+00:00,514.536139766357
2024-07-19 09:00:00+00:00,514.2574007937798
2024-07-19 10:00:00+00:00,512.1243200623845
2024-07-19 11:00:00+00:00,514.2564598527741
2024-07-19 12:00:00+00:00,514.2711397535295
2024-07-19 13:00:00+00:00,513.1217077990505
2024-07-19 13:30:00+00:00,512.0203423634355
2024-07-19 14:30:00+00:00,510.69838317031986
2024-07-19 15:30:00+00:00,508.8207694630175
2024-07-19 16:30:00+00:00,508.4291847275558
2024-07-19 17:30:00+00:00,508.6933651161777
2024-07-19 18:30:00+00:00,510.4302504449968
2024-07-19 19:30:00+00:00,511.20625011204896
2024-07-19 20:00:00+00:00,508.0379604495445
2024-07-19 21:00:00+00:00,508.1553686432276
2024-07-19 22:00:00+00:00,508.51895324817
2024-07-19 23:00:00+00:00,508.71926901133315
2024-07-22 08:00:00+00:00,510.2803038370089
2024-07-22 09:00:00+00:00,511.1425263256272
2024-07-22 10:00:00+00:00,511.4831176283289
2024-07-22 11:00:00+00:00,512.2208078506816
2024-07-22 12:00:00+00:00,508.05336455658164
2024-07-22 13:00:00+00:00,505.92650346543536
2024-07-22 13:30:00+00:00,504.7599637669404
2024-07-22 14:30:00+00:00,500.54444639716627
2024-07-22 15:30:00+00:00,501.679994317812
2024-07-22 16:30:00+00:00,502.08452595543355
2024-07-22 17:30:00+00:00,499.03044692718794
2024-07-22 18:30:00+00:00,498.00460915854467
2024-07-22 19:30:00+00:00,497.7916704767301
2024-07-22 20:00:00+00:00,497.87922627745746
2024-07-22 21:00:00+00:00,495.9797598320415
2024-07-22 22:00:00+00:00,498.68153706375045
2024-07-22 23:00:00+00:00,493.6030262430477
2024-07-23 08:00:00+00:00,494.25321538674206
2024-07-23 09:00:00+00:00,491.99700273051116
2024-07-23 10:00:00+00:00,490.6989494884097
2024-07-23 11:00:00+00:00,494.02068472063286
2024-07-23 12:00:00+00:00,496.2737808395029
2024-07-23 13:00:00+00:00,496.5709782557656
2024-07-23 13:30:00+00:00,496.02262446624513
2024-07-23 14:30:00+00:00,496.28788184513485
2024-07-23 15:30:00+00:00,498.907200451651
2024-07-23 16:30:00+00:00,498.60497266979354
2024-07-23 17:30:00+00:00,498.5842314363363
2024-07-23 18:30:00+00:00,499.3837295099816
2024-07-23 19:30:00+00:00,499.03818742240406
2024-07-23 20:00:00+00:00,503.154927390396
2024-07-23 21:00:00+00:00,504.5308881765587
2024-07-23 22:00:00+00:00,503.8485588643995
2024-07-23 23:00:00+00:00,504.9817347924007
2024-07-24 08:00:00+00:00,505.731676600988
2024-07-24 09:00:00+00:00,505.19364832236926
2024-07-24 10:00:00+00:00,508.7548896261036
2024-07-24 11:00:00+00:00,504.18532931475795
2024-07-24 12:00:00+00:00,504.40384598938846
2024-07-24 13:00:00+00:00,504.8039935911789
2024-07-24 13:30:00+00:00,507.22655525741953
2024-07-24 14:30:00+00:00,507.15487582037593
2024-07-24 15:30:00+00:00,504.2502327914919
2024-07-24 16:30:00+00:00,507.04441754042574
2024-07-24 17:30:00+00:00,509.54703966703346
2024-07-24 18:30:00+00:00,509.90783987743026
2024-07-24 19:30:00+00:00,506.50277035274456
2024-07-24 20:00:00+00:00,504.8676174060706
2024-07-24 21:00:00+00:00,502.12035204879663
2024-07-24 22:00:00+00:00,501.10326718483407
2024-07-24 23:00:00+00:00,498.06226887883963
2024-07-25 08:00:00+00:00,497.17202192178456
2024-07-25 09:00:00+00:00,496.76079355259964
2024-07-25 10:00:00+00:00,494.892738769119
2024-07-25 11:00:00+00:00,495.9676109668637
2024-07-25 12:00:00+00:00,497.815420956885
2024-07-25 13:00:00+00:00,497.73811395336537
2024-07-25 13:30:00+00:00,496.87575148657277
2024-07-25 14:30:00+00:00,493.8168759245671
2024-07-25 15:30:00+00:00,491.48423669985186
2024-07-25 16:30:00+00:00,489.983013196273
2024-07-25 17:30:00+00:00,487.4816261723759
2024-07-25 18:30:00+00:00,487.25120298146413
2024-07-25 19:30:00+00:00,486.6268351913629
2024-07-25 20:00:00+00:00,486.8099575800419
2024-07-25 21:00:00+00:00,484.7494541122374
2024-07-25 22:00:00+00:00,483.3726614654887
2024-07-25 23:00:00+00:00,483.7878811685995
2024-07-26 08:00:00+00:00,485.6213077611316
2024-07-26 09:00:00+00:00,485.21786248768683
2024-07-26 10:00:00+00:00,479.6489239212803
2024-07-26 11:00:00+00:00,478.7383719092571
2024-07-26 12:00:00+00:00,475.15124178458166
2024-07-26 13:00:00+00:00,477.5730797069283
2024-07-26 13:30:00+00:00,479.31826634001084
2024-07-26 14:30:00+00:00,480.37560780186567
2024-07-26 15:30:00+00:00,483.04840829153096
2024-07-26 16:30:00+00:00,479.674015444358
2024-07-26 17:30:00+00:00,478.6911221057939
2024-07-26 18:30:00+00:00,481.3171283808253
2024-07-26 19:30:00+00:00,475.74408945336694
2024-07-26 20:00:00+00:00,473.85161983002786
2024-07-26 21:00:00+00:00,477.68644612738035
2024-07-26 22:00:00+00:00,474.3278336658998
2024-07-26 23:00:00+00:00,475.0337912769706
2024-07-29 08:00:00+00:00,476.72426003613265
2024-07-29 09:00:00+00:00,474.3936484418538
2024-07-29 10:00:00+00:00,472.26224691396294
2024-07-29 11:00:00+00:00,468.7033254312702
2024-07-29 12:00:00+00:00,468.8375557101789
2024-07-29 13:00:00+00:00,466.2432317796918
2024-07-29 13:30:00+00:00,467.89884567699164
2024-07-29 14:30:00+00:00,467.72912028071505
2024-07-29 15:30:00+00:00,464.7023986666318
2024-07-29 16:30:00+00:00,462.4866755215938
2024-07-29 17:30:00+00:00,466.16809370228555
2024-07-29 18:30:00+00:00,467.88502712826767
2024-07-29 19:30:00+00:00,467.54992754511807
2024-07-29 20:00:00+00:00,467.8363316810219
2024-07-29 21:00:00+00:00,463.6841335481031
2024-07-29 22:00:00+00:00,458.6694016465373
2024-07-29 23:00:00+00:00,455.47193924286364
2024-07-30 08:00:00+00:00,457.35243031201605
2024-07-30 09:00:00+00:00,453.9611365925239
2024-07-30 10:00:00+00:00,454.62979447765036
2024-07-30 11:00:00+00:00,453.43267939024867
2024-07-30 12:00:00+00:00,454.8993402483628
2024-07-30 13:00:00+00:00,456.28879695576285
2024-07-30 13:30:00+00:00,454.2943341970648
2024-07-30 14:30:00+00:00,457.9334096855165
2024-07-30 15:30:00+00:00,457.11788143033135
2024-07-30 16:30:00+00:00,457.74414185563666
2024-07-30 17:30:00+00:00,459.43359624453007
2024-07-30 18:30:00+00:00,460.080377631367
2024-07-30 19:30:00+00:00,463.3790863079177
2024-07-30 20:00:00+00:00,465.06576154418974
2024-07-30 21:00:00+00:00,468.5184681461177
2024-07-30 22:00:00+00:00,468.59201442371136
2024-07-30 23:00:00+00:00,468.6315806966145
2024-07-31 08:00:00+00:00,467.4786543477141
2024-07-31 09:00:00+00:00,469.29561608918664
2024-07-31 10:00:00+00:00,469.47378122118874
2024-07-31 11:00:00+00:00,471.3920915730305
2024-07-31 12:00:00+00:00,473.21141514034804
2024-07-31 13:00:00+00:00,471.12862712825734
2024-07-31 13:30:00+00:00,473.3383493145459
2024-07-31 14:30:00+00:00,474.11593108502154
2024-07-31 15:30:00+00:00,473.51073790313626
2024-07-31 16:30:00+00:00,473.44998522426545
2024-07-31 17:30:00+00:00,473.8075550203687
2024-07-31 18:30:00+00:00,474.89643036815363
2024-07-31 19:30:00+00:00,471.7709606313716
2024-07-31 20:00:00+00:00,470.1086549956167
2024-07-31 21:00:00+00:00,472.42542738545353
2024-07-31 22:00:00+00:00,471.18963944068315
2024-07-31 23:00:00+00:00,473.63456810449975
2024-08-01 08:00:00+00:00,472.502297450307
2024-08-01 09:00:00+00:00,471.61710122761116
2024-08-01 10:00:00+00:00,468.96815226810253
2024-08-01 11:00:00+00:00,467.13881872111864
2024-08-01 12:00:00+00:00,469.00999278857705
2024-08-01 13:00:00+00:00,471.2986368959736
2024-08-01 13:30:00+00:00,468.0112077959413
2024-08-01 14:30:00+00:00,468.31660950764615
2024-08-01 15:30:00+00:00,469.61984709161527
2024-08-01 16:30:00+00:00,471.3559017793517
2024-08-01 17:30:00+00:00,473.06908277551156
2024-08-01 18:30:00+00:00,473.2255689785293
2024-08-01 19:30:00+00:00,474.96275615015753
2024-08-01 20:00:00+00:00,475.49894175213194
2024-08-01 21:00:00+00:00,476.5057080845598
2024-08-01 22:00:00+00:00,475.4975045337066
2024-08-01 23:00:00+00:00,472.7027767871722
2024-08-02 08:00:00+00:00,473.6081591438591
2024-08-02 09:00:00+00:00,473.4748987442949
2024-08-02 10:00:00+00:00,474.2687816145874
2024-08-02 11:00:00+00:00,470.70193054556955
2024-08-02 12:00:00+00:00,469.4343939414075
2024-08-02 13:00:00+00:00,465.36664818022433
2024-08-02 13:30:00+00:00,464.0970910335561
2024-08-02 14:30:00+00:00,463.6588124296437
2024-08-02 15:30:00+00:00,461.7097158550105
2024-08-02 16:30:00+00:00,461.5190025083146
2024-08-02 17:30:00+00:00,459.2598712625881
2024-08-02 18:30:00+00:00,457.9672550889776
2024-08-02 19:30:00+00:00,458.35068691109484
2024-08-02 20:00:00+00:00,461.2545083897275
2024-08-02 21:00:00+00:00,465.0586484220154
2024-08-02 22:00:00+00:00,469.0845185034649
2024-08-02 23:00:00+00:00,470.60722692207275
2024-08-05 08:00:00+00:00,469.03085913068014
2024-08-05 09:00:00+00:00,468.39160180742067
2024-08-05 10:00:00+00:00,463.26068139899616
2024-08-05 11:00:00+00:00,465.0322870626102
2024-08-05 12:00:00+00:00,464.8833012249992
2024-08-05 13:00:00+00:00,462.6955877261128
2024-08-05 13:30:00+00:00,468.26275057037606
2024-08-05 14:30:00+00:00,468.2504453425014
2024-08-05 15:30:00+00:00,469.7461184963131
2024-08-05 16:30:00+00:00,472.81686931057544
2024-08-05 17:30:00+00:00,471.23791564590005
2024-08-05 18:30:00+00:00,472.9601608865321
2024-08-05 19:30:00+00:00,471.75860193572527
2024-08-05 20:00:00+00:00,468.8249696279536
2024-08-05 21:00:00+00:00,470.54338572799014
2024-08-05 22:00:00+00:00,464.6700622155513
2024-08-05 23:00:00+00:00,465.41086382834845
2024-08-06 08:00:00+00:00,467.22509487125694
2024-08-06 09:00:00+00:00,470.5351786768866
2024-08-06 10:00:00+00:00,472.4375687918879
2024-08-06 11:00:00+00:00,473.35055230531657
2024-08-06 12:00:00+00:00,472.95147874097995
2024-08-06 13:00:00+00:00,471.2469735184496
2024-08-06 13:30:00+00:00,468.54213766618307
2024-08-06 14:30:00+00:00,468.8674070713607
2024-08-06 15:30:00+00:00,464.1552417877437
2024-08-06 16:30:00+00:00,464.1835835374233
2024-08-06 17:30:00+00:00,465.4013883215719
2024-08-06 18:30:00+00:00,466.05586647131474
2024-08-06 19:30:00+00:00,464.1544777042557
2024-08-06 20:00:00+00:00,466.41680908041843
2024-08-06 21:00:00+00:00,466.248455982388
2024-08-06 22:00:00+00:00,464.06371035699306
2024-08-06 23:00:00+00:00,463.9424579636415
2024-08-07 08:00:00+00:00,464.03083057805503
2024-08-07 09:00:00+00:00,463.17448323059267
2024-08-07 10:00:00+00:00,463.3132860746337
2024-08-07 11:00:00+00:00,460.5496856194589
2024-08-07 12:00:00+00:00,457.7544420029162
2024-08-07 13:00:00+00:00,457.8160289406655
2024-08-07 13:30:00+00:00,457.7987470368911
2024-08-07 14:30:00+00:00,455.16813290617904
2024-08-07 15:30:00+00:00,454.13854368561664
2024-08-07 16:30:00+00:00,455.52452104660676
2024-08-07 17:30:00+00:00,453.99073299763654
2024-08-07 18:30:00+00:00,450.67437482773903
2024-08-07 19:30:00+00:00,450.4124970684391
2024-08-07 20:00:00+00:00,452.0951187821213
2024-08-07 21:00:00+00:00,456.3572476948166
2024-08-07 22:00:00+00:00,452.01657632514764
2024-08-07 23:00:00+00:00,453.7121610092934
2024-08-08 08:00:00+00:00,456.73309523963195
2024-08-08 09:00:00+00:00,457.6036984060098
2024-08-08 10:00:00+00:00,458.0828706964107
2024-08-08 11:00:00+00:00,457.8348570404184
2024-08-08 12:00:00+00:00,460.01342337151016
2024-08-08 13:00:00+00:00,456.8344857044722
2024-08-08 13:30:00+00:00,455.6261229300134
2024-08-08 14:30:00+00:00,452.1194575816597
2024-08-08 15:30:00+00:00,454.9630386985356
2024-08-08 16:30:00+00:00,458.75733337790876
2024-08-08 17:30:00+00:00,458.9633616208192
2024-08-08 18:30:00+00:00,457.24442805593696
2024-08-08 19:30:00+00:00,457.0725689624933
2024-08-08 20:00:00+00:00,455.84655790746945
2024-08-08 21:00:00+00:00,453.75469768193886
2024-08-08 22:00:00+00:00,455.0774220534035
2024-08-08 23:00:00+00:00,449.20002105688064
2024-08-09 08:00:00+00:00,447.8807140497798
2024-08-09 09:00:00+00:00,448.90008125222005
2024-08-09 10:00:00+00:00,446.7186566812331
2024-08-09 11:00:00+00:00,448.2393059185669
2024-08-09 12:00:00+00:00,445.3219557803716
2024-08-09 13:00:00+00:00,446.39665474942296
2024-08-09 13:30:00+00:00,444.9318429503447
2024-08-09 14:30:00+00:00,447.38395992078415
2024-08-09 15:30:00+00:00,447.40205472371923
2024-08-09 16:30:00+00:00,444.8008389961725
2024-08-09 17:30:00+00:00,443.8680088993778
2024-08-09 18:30:00+00:00,443.0455422693828
2024-08-09 19:30:00+00:00,445.2956617931527
2024-08-09 20:00:00+00:00,443.6253671764122
2024-08-09 21:00:00+00:00,440.98206446827254
2024-08-09 22:00:00+00:00,439.1518371926551
2024-08-09 23:00:00+00:00,439.45953565808367
2024-08-12 08:00:00+00:00,441.80187109842046
2024-08-12 09:00:00+00:00,441.7938177631137
2024-08-12 10:00:00+00:00,441.14910532295846
2024-08-12 11:00:00+00:00,441.5808154028706
2024-08-12 12:00:00+00:00,440.9263421248083
2024-08-12 13:00:00+00:00,441.1546989134745
2024-08-12 13:30:00+00:00,447.52497045066093
2024-08-12 14:30:00+00:00,447.43095476313346
2024-08-12 15:30:00+00:00,448.23186120049013
2024-08-12 16:30:00+00:00,447.9036662384776
2024-08-12 17:30:00+00:00,449.9594486527462
2024-08-12 18:30:00+00:00,450.46236027411857
2024-08-12 19:30:00+00:00,450.28750058424964
2024-08-12 20:00:00+00:00,453.76462319691615
2024-08-12 21:00:00+00:00,451.64009332660197
2024-08-12 22:00:00+00:00,451.3919937904895
2024-08-12 23:00:00+00:00,450.7444661971138
2024-08-13 08:00:00+00:00,452.11047967631225
2024-08-13 09:00:00+00:00,451.1931561776449
2024-08-13 10:00:00+00:00,450.7701365471767
2024-08-13 11:00:00+00:00,448.4755225736992
2024-08-13 12:00:00+00:00,448.4624963254619
2024-08-13 13:00:00+00:00,449.1127612914988
2024-08-13 13:30:00+00:00,450.34521699131597
2024-08-13 14:30:00+00:00,451.16630911370436
2024-08-13 15:30:00+00:00,452.2113168581396
2024-08-13 16:30:00+00:00,453.88912001529496
2024-08-13 17:30:00+00:00,454.33391437562994
2024-08-13 18:30:00+00:00,453.275223470384
2024-08-13 19:30:00+00:00,454.5325030843481
2024-08-13 20:00:00+00:00,452.5348689201136
2024-08-13 21:00:00+00:00,452.4780655607558
2024-08-13 22:00:00+00:00,450.7236052532083
2024-08-13 23:00:00+00:00,451.2579363214792
2024-08-14 08:00:00+00:00,453.11657539408657
2024-08-14 09:00:00+00:00,453.8877258635978
2024-08-14 10:00:00+00:00,454.62741513040095
2024-08-14 11:00:00+00:00,454.4901260196805
2024-08-14 12:00:00+00:00,454.431677732838
2024-08-14 13:00:00+00:00,454.04640602569174
2024-08-14 13:30:00+00:00,453.30630063453015
2024-08-14 14:30:00+00:00,454.72854816245257
2024-08-14 15:30:00+00:00,455.6346303475929
2024-08-14 16:30:00+00:00,456.6137732535519
2024-08-14 17:30:00+00:00,456.11940722517323
2024-08-14 18:30:00+00:00,454.077814134988
2024-08-14 19:30:00+00:00,452.10149337963077
2024-08-14 20:00:00+00:00,452.3095701605516
2024-08-14 21:00:00+00:00,449.9477656094297
2024-08-14 22:00:00+00:00,451.6475839133251
2024-08-14 23:00:00+00:00,451.218834482777
2024-08-15 08:00:00+00:00,450.03123668650085
2024-08-15 09:00:00+00:00,451.72322232957646
2024-08-15 10:00:00+00:00,452.8964957466221
2024-08-15 11:00:00+00:00,456.24891598805635
2024-08-15 12:00:00+00:00,451.72242223259514
2024-08-15 13:00:00+00:00,453.2468260138866
2024-08-15 13:30:00+00:00,454.89068710136223
2024-08-15 14:30:00+00:00,458.4266299172012
2024-08-15 15:30:00+00:00,457.39143089334584
2024-08-15 16:30:00+00:00,459.2145540132161
2024-08-15 17:30:00+00:00,457.7892179380964
2024-08-15 18:30:00+00:00,454.7169044325288
2024-08-15 19:30:00+00:00,456.6351661277251
2024-08-15 20:00:00+00:00,454.91708408761747
2024-08-15 21:00:00+00:00,454.35638671033615
2024-08-15 22:00:00+00:00,456.90267887317594
2024-08-15 23:00:00+00:00,456.9455345263235
2024-08-16 08:00:00+00:00,454.6410129860175
2024-08-16 09:00:00+00:00,452.6619819739
2024-08-16 10:00:00+00:00,455.78529935033356
2024-08-16 11:00:00+00:00,457.78386579917213
2024-08-16 12:00:00+00:00,456.1064857719868
2024-08-16 13:00:00+00:00,455.05367906381997
2024-08-16 13:30:00+00:00,454.51557304309193
2024-08-16 14:30:00+00:00,453.24888395167477
2024-08-16 15:30:00+00:00,456.4189281192116
2024-08-16 16:30:00+00:00,456.8759283589157
2024-08-16 17:30:00+00:00,455.57825538544057
2024-08-16 18:30:00+00:00,456.481691506253
2024-08-16 19:30:00+00:00,456.82607089892895
2024-08-16 20:00:00+00:00,458.25750355319985
2024-08-16 21:00:00+00:00,459.7417056005892
2024-08-16 22:00:00+00:00,460.18927989569016
2024-08-16 23:00:00+00:00,461.8181580979399
2024-08-19 08:00:00+00:00,462.2896036566237
2024-08-19 09:00:00+00:00,464.02151824265724
2024-08-19 10:00:00+00:00,463.7284866982739
2024-08-19 11:00:00+00:00,465.5270945288379
2024-08-19 12:00:00+00:00,465.86713878752175
2024-08-19 13:00:00+00:00,462.9603492885666
2024-08-19 13:30:00+00:00,463.1475559261023
2024-08-19 14:30:00+00:00,466.82904373452243
2024-08-19 15:30:00+00:00,465.2309759760616
2024-08-19 16:30:00+00:00,463.3569664108283
2024-08-19 17:30:00+00:00,462.42145592106664
2024-08-19 18:30:00+00:00,461.2561465963843
2024-08-19 19:30:00+00:00,460.8581274084478
2024-08-19 20:00:00+00:00,463.45001206300174
2024-08-19 21:00:00+00:00,464.85642836186213
2024-08-19 22:00:00+00:00,461.98734061631694
2024-08-19 23:00:00+00:00,466.0682563135621
2024-08-20 08:00:00+00:00,467.6697237035563
2024-08-20 09:00:00+00:00,467.62678917113755
2024-08-20 10:00:00+00:00,469.5235620730365
2024-08-20 11:00:00+00:00,467.40747405470745
2024-08-20 12:00:00+00:00,470.71413643443896
2024-08-20 13:00:00+00:00,474.00622727251533
2024-08-20 13:30:00+00:00,471.80431349560234
2024-08-20 14:30:00+00:00,474.3436150548111
2024-08-20 15:30:00+00:00,474.7737844984188
2024-08-20 16:30:00+00:00,472.99626593256784
2024-08-20 17:30:00+00:00,472.7788770097113
2024-08-20 18:30:00+00:00,473.2220926964565
2024-08-20 19:30:00+00:00,472.3411738515832
2024-08-20 20:00:00+00:00,472.31727024087127
2024-08-20 21:00:00+00:00,470.4659719264283
2024-08-20 22:00:00+00:00,469.9229627986166
2024-08-20 23:00:00+00:00,468.5080754930549
2024-08-21 08:00:00+00:00,471.10603535517293
2024-08-21 09:00:00+00:00,471.65826802821744
2024-08-21 10:00:00+00:00,468.1286904482787
2024-08-21 11:00:00+00:00,468.4902940061939
2024-08-21 12:00:00+00:00,468.53203675464533
2024-08-21 13:00:00+00:00,471.1963827886866
2024-08-21 13:30:00+00:00,472.05494265284545
2024-08-21 14:30:00+00:00,471.9722959928675
2024-08-21 15:30:00+00:00,469.21503692308664
2024-08-21 16:30:00+00:00,466.75099372282824
2024-08-21 17:30:00+00:00,469.3809146998042
2024-08-21 18:30:00+00:00,470.9486514434105
2024-08-21 19:30:00+00:00,470.6538754854736
2024-08-21 20:00:00+00:00,468.3712994847308
2024-08-21 21:00:00+00:00,466.3345460593179
2024-08-21 22:00:00+00:00,464.20561739300825
2024-08-21 23:00:00+00:00,463.67414389293515
2024-08-22 08:00:00+00:00,467.11735026614747
2024-08-22 09:00:00+00:00,469.25673409330125
2024-08-22 10:00:00+00:00,471.4721354084159
2024-08-22 11:00:00+00:00,472.02584289113776
2024-08-22 12:00:00+00:00,472.46626238521515
2024-08-22 13:00:00+00:00,474.3658962866884
2024-08-22 13:30:00+00:00,473.3904425450083
2024-08-22 14:30:00+00:00,474.753055416228
2024-08-22 15:30:00+00:00,474.44365331712163
2024-08-22 16:30:00+00:00,473.87234881178694
2024-08-22 17:30:00+00:00,473.8175553159601
2024-08-22 18:30:00+00:00,473.53491606859114
2024-08-22 19:30:00+00:00,476.8152728077498
2024-08-22 20:00:00+00:00,478.95247240660194
2024-08-22 21:00:00+00:00,481.7710147474699
2024-08-22 22:00:00+00:00,482.16966778872415
2024-08-22 23:00:00+00:00,483.60569362659464
2024-08-23 08:00:00+00:00,481.20062910592213
2024-08-23 09:00:00+00:00,478.67746496504355
2024-08-23 10:00:00+00:00,479.2469818771492
2024-08-23 11:00:00+00:00,477.2377240145724
2024-08-23 12:00:00+00:00,475.9065233305319
2024-08-23 13:00:00+00:00,475.7095365411329
2024-08-23 13:30:00+00:00,477.72943131143546
2024-08-23 14:30:00+00:00,480.6149971531836
2024-08-23 15:30:00+00:00,481.0902246682831
2024-08-23 16:30:00+00:00,478.7004308495084
2024-08-23 17:30:00+00:00,476.3625022651361
2024-08-23 18:30:00+00:00,475.0615766585769
2024-08-23 19:30:00+00:00,472.3350301266726
2024-08-23 20:00:00+00:00,473.48364381172513
2024-08-23 21:00:00+00:00,472.06717187303343
2024-08-23 22:00:00+00:00,475.6834852192154
2024-08-23 23:00:00+00:00,478.29683046917523
2024-08-26 08:00:00+00:00,480.92416065567386
2024-08-26 09:00:00+00:00,481.33530649195853
2024-08-26 10:00:00+00:00,485.25881660596684
2024-08-26 11:00:00+00:00,483.6323814267007
2024-08-26 12:00:00+00:00,486.5477679042799
2024-08-26 13:00:00+00:00,486.3288490737798
2024-08-26 13:30:00+00:00,485.7226638566019
2024-08-26 14:30:00+00:00,485.67740541145616
2024-08-26 15:30:00+00:00,483.88440385188983
2024-08-26 16:30:00+00:00,482.2681936638181
2024-08-26 17:30:00+00:00,486.40253511414727
2024-08-26 18:30:00+00:00,485.5535230882781
2024-08-26 19:30:00+00:00,488.02333735279865
2024-08-26 20:00:00+00:00,490.53014757393504
2024-08-26 21:00:00+00:00,488.72278031577537
2024-08-26 22:00:00+00:00,488.9497488114011
2024-08-26 23:00:00+00:00,487.6336501612255
2024-08-27 08:00:00+00:00,486.2803873765763
2024-08-27 09:00:00+00:00,483.36135317936066
2024-08-27 10:00:00+00:00,485.21544129347615
2024-08-27 11:00:00+00:00,487.0748062744119
2024-08-27 12:00:00+00:00,485.25105681561064
2024-08-27 13:00:00+00:00,483.6884952913124
2024-08-27 13:30:00+00:00,482.9432903254745
2024-08-27 14:30:00+00:00,481.4037631605254
2024-08-27 15:30:00+00:00,480.7152470176637
2024-08-27 16:30:00+00:00,479.6364369273815
2024-08-27 17:30:00+00:00,476.02622303594546
2024-08-27 18:30:00+00:00,475.7590470077826
2024-08-27 19:30:00+00:00,475.8687953056103
2024-08-27 20:00:00+00:00,478.5760628792678
2024-08-27 21:00:00+00:00,480.32483180520927
2024-08-27 22:00:00+00:00,478.1699865746497
2024-08-27 23:00:00+00:00,479.81372022084616
2024-08-28 08:00:00+00:00,480.96307272489975
2024-08-28 09:00:00+00:00,478.79342403546497
2024-08-28 10:00:00+00:00,476.67433640518465
2024-08-28 11:00:00+00:00,474.3121470886068
2024-08-28 12:00:00+00:00,472.1934964282016
2024-08-28 13:00:00+00:00,471.74040069524415
2024-08-28 13:30:00+00:00,471.03862072674485
2024-08-28 14:30:00+00:00,469.4352549100272
2024-08-28 15:30:00+00:00,470.4679002139482
2024-08-28 16:30:00+00:00,472.50731122228206
2024-08-28 17:30:00+00:00,471.2674194073835
2024-08-28 18:30:00+00:00,474.8836578459454
2024-08-28 19:30:00+00:00,474.15402966293834
2024-08-28 20:00:00+00:00,476.6219367622799
2024-08-28 21:00:00+00:00,478.7532147622639
2024-08-28 22:00:00+00:00,476.84116044960894
2024-08-28 23:00:00+00:00,474.7023979039215
2024-08-29 08:00:00+00:00,475.00455751948226
2024-08-29 09:00:00+00:00,475.33047660606593
2024-08-29 10:00:00+00:00,476.0182143666645
2024-08-29 11:00:00+00:00,470.6150477144515
2024-08-29 12:00:00+00:00,471.5035721587523
2024-08-29 13:00:00+00:00,472.98133529415367
2024-08-29 13:30:00+00:00,475.20242119565717
2024-08-29 14:30:00+00:00,473.61297169608025
2024-08-29 15:30:00+00:00,472.23676853811634
2024-08-29 16:30:00+00:00,472.93583569496815
2024-08-29 17:30:00+00:00,473.68591777405203
2024-08-29 18:30:00+00:00,471.2576839359444
2024-08-29 19:30:00+00:00,468.2573548554544
2024-08-29 20:00:00+00:00,468.5914970191083
2024-08-29 21:00:00+00:00,468.9743088694146
2024-08-29 22:00:00+00:00,468.4055283663047
2024-08-29 23:00:00+00:00,472.1835922607398
2024-08-30 08:00:00+00:00,474.33470663816945
2024-08-30 09:00:00+00:00,474.3003198923567
2024-08-30 10:00:00+00:00,476.30035047949787
2024-08-30 11:00:00+00:00,478.7924275675101
2024-08-30 12:00:00+00:00,476.46957358369775
2024-08-30 13:00:00+00:00,476.44127191549086
2024-08-30 13:30:00+00:00,474.7581100421196
2024-08-30 14:30:00+00:00,472.4443709946186
2024-08-30 15:30:00+00:00,475.4246596341965
2024-08-30 16:30:00+00:00,477.8929578723415
2024-08-30 17:30:00+00:00,477.7375099423377
2024-08-30 18:30:00+00:00,481.32940547357447
2024-08-30 19:30:00+00:00,480.85051920654803
2024-08-30 20:00:00+00:00,480.99609895138934
2024-08-30 21:00:00+00:00,481.010571605252
2024-08-30 22:00:00+00:00,483.7444218975082
2024-08-30 23:00:00+00:00,481.46123438795104
2024-09-03 08:00:00+00:00,482.4032479722402
2024-09-03 09:00:00+00:00,479.8140947983122
2024-09-03 10:00:00+00:00,483.2062050553427
2024-09-03 11:00:00+00:00,481.47265998952355
2024-09-03 12:00:00+00:00,482.2285384727533
2024-09-03 13:00:00+00:00,483.6314289399765
2024-09-03 13:30:00+00:00,481.5673539021272
2024-09-03 14:30:00+00:00,479.86354501833466
2024-09-03 15:30:00+00:00,480.0559548788412
2024-09-03 16:30:00+00:00,477.74074902526877
2024-09-03 17:30:00+00:00,480.73917794261257
2024-09-03 18:30:00+00:00,486.2934862523074
2024-09-03 19:30:00+00:00,485.9617032546121
2024-09-03 20:00:00+00:00,483.85602985150416
2024-09-03 21:00:00+00:00,481.00739779883827
2024-09-03 22:00:00+00:00,481.47760597562996
2024-09-03 23:00:00+00:00,483.68743243527365
2024-09-04 08:00:00+00:00,484.48540409980166
2024-09-04 09:00:00+00:00,485.7300397172832
2024-09-04 10:00:00+00:00,486.6680071636315
2024-09-04 11:00:00+00:00,486.9512762666254
2024-09-04 12:00:00+00:00,488.49222241034136
2024-09-04 13:00:00+00:00,487.1870302902264
2024-09-04 13:30:00+00:00,488.6656938320065
2024-09-04 14:30:00+00:00,487.1274279860228
2024-09-04 15:30:00+00:00,486.2240230972921
2024-09-04 16:30:00+00:00,490.21457721712903
2024-09-04 17:30:00+00:00,491.04057466782837
2024-09-04 18:30:00+00:00,492.2969107552045
2024-09-04 19:30:00+00:00,492.8485566675079
2024-09-04 20:00:00+00:00,492.77601358393576
2024-09-04 21:00:00+00:00,494.43558958825474
2024-09-04 22:00:00+00:00,495.44147010542486
2024-09-04 23:00:00+00:00,495.62498454609226
2024-09-05 08:00:00+00:00,494.79688118994545
2024-09-05 09:00:00+00:00,495.6284321844011
2024-09-05 10:00:00+00:00,500.63744596273347
2024-09-05 11:00:00+00:00,499.5477045020895
2024-09-05 12:00:00+00:00,495.0538982512156
2024-09-05 13:00:00+00:00,495.43060815896627
2024-09-05 13:30:00+00:00,493.77641562457626
2024-09-05 14:30:00+00:00,494.2433818299572
2024-09-05 15:30:00+00:00,490.92641117137936
2024-09-05 16:30:00+00:00,494.0841796572773
2024-09-05 17:30:00+00:00,496.4896457068035
2024-09-05 18:30:00+00:00,495.3579144492538
2024-09-05 19:30:00+00:00,495.5010554622203
2024-09-05 20:00:00+00:00,495.60022550313533
2024-09-05 21:00:00+00:00,492.92931024333745
2024-09-05 22:00:00+00:00,493.81857690869793
2024-09-05 23:00:00+00:00,498.0348961860829
2024-09-06 08:00:00+00:00,499.3401602810825
2024-09-06 09:00:00+00:00,502.9879498764113
2024-09-06 10:00:00+00:00,501.08305434805976
2024-09-06 11:00:00+00:00,502.12706969458895
2024-09-06 12:00:00+00:00,501.83374717115356
2024-09-06 13:00:00+00:00,500.65461704754233
2024-09-06 13:30:00+00:00,501.98878095660484
2024-09-06 14:30:00+00:00,502.6507756309658
2024-09-06 15:30:00+00:00,501.87140707914165
2024-09-06 16:30:00+00:00,502.45453968356816
2024-09-06 17:30:00+00:00,502.9144621109939
2024-09-06 18:30:00+00:00,501.7892204880094
2024-09-06 19:30:00+00:00,502.61896197331635
2024-09-06 20:00:00+00:00,502.9154882092897
2024-09-06 21:00:00+00:00,500.5736661107134
2024-09-06 22:00:00+00:00,500.4731045469375
2024-09-06 23:00:00+00:00,501.4041504522661
2024-09-09 08:00:00+00:00,501.5435098821056
2024-09-09 09:00:00+00:00,504.141226224605
2024-09-09 10:00:00+00:00,509.072734617474
2024-09-09 11:00:00+00:00,508.437649403184
2024-09-09 12:00:00+00:00,505.7030734689185
2024-09-09 13:00:00+00:00,505.58800151808333
2024-09-09 13:30:00+00:00,503.10878156085215
2024-09-09 14:30:00+00:00,501.7268986475001
2024-09-09 15:30:00+00:00,500.73967674600317
2024-09-09 16:30:00+00:00,501.9383625420916
2024-09-09 17:30:00+00:00,503.76005502245454
2024-09-09 18:30:00+00:00,502.47066776381644
2024-09-09 19:30:00+00:00,505.82070716295675
2024-09-09 20:00:00+00:00,507.6622296061605
2024-09-09 21:00:00+00:00,503.84323493353236
2024-09-09 22:00:00+00:00,506.50093637260005
2024-09-09 23:00:00+00:00,510.14303829617336
2024-09-10 08:00:00+00:00,508.3446622361027
2024-09-10 09:00:00+00:00,507.06149036872824
2024-09-10 10:00:00+00:00,509.9415778267105
2024-09-10 11:00:00+00:00,507.122246411238
2024-09-10 12:00:00+00:00,509.24686641061754
2024-09-10 13:00:00+00:00,506.94624121309516
2024-09-10 13:30:00+00:00,512.9744161433855
2024-09-10 14:30:00+00:00,513.7534880880045
2024-09-10 15:30:00+00:00,512.9343664014403
2024-09-10 16:30:00+00:00,512.5647077592138
2024-09-10 17:30:00+00:00,513.7299770037187
2024-09-10 18:30:00+00:00,513.3192094385281
2024-09-10 19:30:00+00:00,513.5293747218327
2024-09-10 20:00:00+00:00,514.4260804269612
2024-09-10 21:00:00+00:00,513.0907885214481
2024-09-10 22:00:00+00:00,514.2979966717475
2024-09-10 23:00:00+00:00,515.193139606497
2024-09-11 08:00:00+00:00,517.6543872023202
2024-09-11 09:00:00+00:00,518.654541525266
2024-09-11 10:00:00+00:00,519.0587102236387
2024-09-11 11:00:00+00:00,519.4991537295274
2024-09-11 12:00:00+00:00,521.5320466426475
2024-09-11 13:00:00+00:00,522.6876242804356
2024-09-11 13:30:00+00:00,521.4116414194004
2024-09-11 14:30:00+00:00,524.3098589481972
2024-09-11 15:30:00+00:00,526.2355494693496
2024-09-11 16:30:00+00:00,525.5593603216524
2024-09-11 17:30:00+00:00,525.6697976118434
2024-09-11 18:30:00+00:00,526.624788967936
2024-09-11 19:30:00+00:00,527.0322367131417
2024-09-11 20:00:00+00:00,523.4605019602857
2024-09-11 21:00:00+00:00,527.2195194530221
2024-09-11 22:00:00+00:00,525.4652937692061
2024-09-11 23:00:00+00:00,525.3841295109578
2024-09-12 08:00:00+00:00,523.4488551114487
2024-09-12 09:00:00+00:00,525.678041213682
2024-09-12 10:00:00+00:00,529.3018456629748
2024-09-12 11:00:00+00:00,528.8100685461095
2024-09-12 12:00:00+00:00,526.9780531437638
2024-09-12 13:00:00+00:00,526.5180630501927
2024-09-12 13:30:00+00:00,522.4836941712938
2024-09-12 14:30:00+00:00,519.555414131365
2024-09-12 15:30:00+00:00,521.3050523984119
2024-09-12 16:30:00+00:00,521.7647664577925
2024-09-12 17:30:00+00:00,520.9876079302516
2024-09-12 18:30:00+00:00,522.2944186987605
2024-09-12 19:30:00+00:00,522.9543929156229
2024-09-12 20:00:00+00:00,525.1256499314327
2024-09-12 21:00:00+00:00,523.4508552843856
2024-09-12 22:00:00+00:00,525.297069463324
2024-09-12 23:00:00+00:00,525.650908934347
2024-09-13 08:00:00+00:00,525.9409222653512
2024-09-13 09:00:00+00:00,524.7102245544581
2024-09-13 10:00:00+00:00,520.8784802095051
2024-09-13 11:00:00+00:00,521.5173717687088
2024-09-13 12:00:00+00:00,525.8325272336269
2024-09-13 13:00:00+00:00,526.8851888168734
2024-09-13 13:30:00+00:00,526.5877495900249
2024-09-13 14:30:00+00:00,526.6428511558881
2024-09-13 15:30:00+00:00,526.3559642437573
2024-09-13 16:30:00+00:00,528.5484168643343
2024-09-13 17:30:00+00:00,530.7907104008563
2024-09-13 18:30:00+00:00,533.480619982693
2024-09-13 19:30:00+00:00,529.645140551477
2024-09-13 20:00:00+00:00,529.0026683778954
2024-09-13 21:00:00+00:00,526.474051622818
2024-09-13 22:00:00+00:00,524.7881600157114
2024-09-13 23:00:00+00:00,523.2910101930905
2024-09-16 08:00:00+00:00,522.6186163439121
2024-09-16 09:00:00+00:00,521.476317028127
2024-09-16 10:00:00+00:00,519.7942794955748
2024-09-16 11:00:00+00:00,518.2111289165026
2024-09-16 12:00:00+00:00,518.8418848448619
2024-09-16 13:00:00+00:00,518.9942604520926
2024-09-16 13:30:00+00:00,520.907174712096
2024-09-16 14:30:00+00:00,522.4588073488319
2024-09-16 15:30:00+00:00,521.5303481655923
2024-09-16 16:30:00+00:00,518.9035080873698
2024-09-16 17:30:00+00:00,521.6206062687094
2024-09-16 18:30:00+00:00,524.3569029352083
2024-09-16 19:30:00+00:00,529.4605473865139
2024-09-16 20:00:00+00:00,528.8850025360052
2024-09-16 21:00:00+00:00,526.6011849304393
2024-09-16 22:00:00+00:00,529.8161703973306
2024-09-16 23:00:00+00:00,526.7124838477861
2024-09-17 08:00:00+00:00,528.0545300540508
2024-09-17 09:00:00+00:00,528.7754087385366
2024-09-17 10:00:00+00:00,529.7966513103929
2024-09-17 11:00:00+00:00,528.7681394507354
2024-09-17 12:00:00+00:00,525.8017672243411
2024-09-17 13:00:00+00:00,529.7426738034693
2024-09-17 13:30:00+00:00,531.0243755958041
2024-09-17 14:30:00+00:00,534.2200368846203
2024-09-17 15:30:00+00:00,533.6563492794802
2024-09-17 16:30:00+00:00,535.1786108917032
2024-09-17 17:30:00+00:00,534.0915477902822
2024-09-17 18:30:00+00:00,533.036612182548
2024-09-17 19:30:00+00:00,532.7265660955595
2024-09-17 20:00:00+00:00,535.8135762801102
2024-09-17 21:00:00+00:00,536.956926034808
2024-09-17 22:00:00+00:00,535.3937098744782
2024-09-17 23:00:00+00:00,535.8411328772225
2024-09-18 08:00:00+00:00,534.2284554834594
2024-09-18 09:00:00+00:00,535.3596203264002
2024-09-18 10:00:00+00:00,537.0609026343869
2024-09-18 11:00:00+00:00,542.0767792211603
2024-09-18 12:00:00+00:00,536.1837565725425
2024-09-18 13:00:00+00:00,535.9108767849202
2024-09-18 13:30:00+00:00,540.5673699175295
2024-09-18 14:30:00+00:00,537.2429520497748
2024-09-18 15:30:00+00:00,536.6942856267433
2024-09-18 16:30:00+00:00,538.360165746526
2024-09-18 17:30:00+00:00,536.4397025471432
2024-09-18 18:30:00+00:00,536.0146085805139
2024-09-18 19:30:00+00:00,531.6253126590852
2024-09-18 20:00:00+00:00,530.0313453613118
2024-09-18 21:00:00+00:00,530.5690210815028
2024-09-18 22:00:00+00:00,532.1549074652299
2024-09-18 23:00:00+00:00,530.4445026573798
2024-09-19 08:00:00+00:00,530.6186684180947
2024-09-19 09:00:00+00:00,530.78997139151
2024-09-19 10:00:00+00:00,534.3626944880169
2024-09-19 11:00:00+00:00,536.6240623846708
2024-09-19 12:00:00+00:00,536.4078998597637
2024-09-19 13:00:00+00:00,540.5217195834018
2024-09-19 13:30:00+00:00,541.4297344559981
2024-09-19 14:30:00+00:00,540.3446681069686
2024-09-19 15:30:00+00:00,538.1112773612748
2024-09-19 16:30:00+00:00,539.2954682559714
2024-09-19 17:30:00+00:00,539.8065410309229
2024-09-19 18:30:00+00:00,540.5350516274385
2024-09-19 19:30:00+00:00,538.9768258384946
2024-09-19 20:00:00+00:00,543.0704101110102
2024-09-19 21:00:00+00:00,544.7951244204444
2024-09-19 22:00:00+00:00,544.5602352785169
2024-09-19 23:00:00+00:00,543.6416986489422
2024-09-20 08:00:00+00:00,542.9093610048309
2024-09-20 09:00:00+00:00,540.9809376790637
2024-09-20 10:00:00+00:00,543.7582168460588
2024-09-20 11:00:00+00:00,547.2397963592675
2024-09-20 12:00:00+00:00,550.4657200002681
2024-09-20 13:00:00+00:00,550.7875311230014
2024-09-20 13:30:00+00:00,547.5290276633983
2024-09-20 14:30:00+00:00,549.0480794847839
2024-09-20 15:30:00+00:00,545.3761749529717
2024-09-20 16:30:00+00:00,547.8590681707966
2024-09-20 17:30:00+00:00,550.5971801140162
2024-09-20 18:30:00+00:00,551.9470701215607
2024-09-20 19:30:00+00:00,552.1898390502084
2024-09-20 20:00:00+00:00,549.5847740746632
2024-09-20 21:00:00+00:00,550.2291117531178
2024-09-20 22:00:00+00:00,553.8881807284
2024-09-20 23:00:00+00:00,556.0113633458762
2024-09-23 08:00:00+00:00,558.1956802020283
2024-09-23 09:00:00+00:00,558.2803018164221
2024-09-23 10:00:00+00:00,563.0044244434235
2024-09-23 11:00:00+00:00,563.3192618465766
2024-09-23 12:00:00+00:00,564.2180703376789
2024-09-23 13:00:00+00:00,565.973715012827
2024-09-23 13:30:00+00:00,565.1036245427182
2024-09-23 14:30:00+00:00,565.2905771062202
2024-09-23 15:30:00+00:00,563.9603875686755
2024-09-23 16:30:00+00:00,563.1621264511294
2024-09-23 17:30:00+00:00,560.6769310355093
2024-09-23 18:30:00+00:00,558.8507927838402
2024-09-23 19:30:00+00:00,557.0670029371689
2024-09-23 20:00:00+00:00,558.5512334332309
2024-09-23 21:00:00+00:00,560.0891529012262
2024-09-23 22:00:00+00:00,560.6699074993436
2024-09-23 23:00:00+00:00,560.0974925271016
2024-09-24 08:00:00+00:00,563.1223806940782
2024-09-24 09:00:00+00:00,563.9091744231118
2024-09-24 10:00:00+00:00,569.3694528220402
2024-09-24 11:00:00+00:00,567.3074085886997
2024-09-24 12:00:00+00:00,564.7365607250738
2024-09-24 13:00:00+00:00,561.7474237651163
2024-09-24 13:30:00+00:00,562.8958121756754
2024-09-24 14:30:00+00:00,564.5583394072171
2024-09-24 15:30:00+00:00,564.8406379658848
2024-09-24 16:30:00+00:00,565.2853004836571
2024-09-24 17:30:00+00:00,564.1316608321015
2024-09-24 18:30:00+00:00,563.0989017007238
2024-09-24 19:30:00+00:00,561.8248161923659
2024-09-24 20:00:00+00:00,563.1825738483478
2024-09-24 21:00:00+00:00,563.4740702793769
2024-09-24 22:00:00+00:00,566.6201728931366
2024-09-24 23:00:00+00:00,567.847081548745
2024-09-25 08:00:00+00:00,571.2630548925063
2024-09-25 09:00:00+00:00,571.9187093067354
2024-09-25 10:00:00+00:00,574.1907194531826
2024-09-25 11:00:00+00:00,574.9241794843422
2024-09-25 12:00:00+00:00,575.2115241266803
2024-09-25 13:00:00+00:00,574.5806865506288
2024-09-25 13:30:00+00:00,579.1667801171051
2024-09-25 14:30:00+00:00,576.7671196278488
2024-09-25 15:30:00+00:00,575.1468737867774
2024-09-25 16:30:00+00:00,573.4322415768552
2024-09-25 17:30:00+00:00,570.0577689504375
2024-09-25 18:30:00+00:00,575.2024018317642
2024-09-25 19:30:00+00:00,572.6803029778699
2024-09-25 20:00:00+00:00,572.5586767825051
2024-09-25 21:00:00+00:00,574.6433045692447
2024-09-25 22:00:00+00:00,575.7819169647777
2024-09-25 23:00:00+00:00,576.5850451263298
2024-09-26 08:00:00+00:00,577.6313505088051
2024-09-26 09:00:00+00:00,582.6457983359752
2024-09-26 10:00:00+00:00,586.5288827827706
2024-09-26 11:00:00+00:00,586.7769079089222
2024-09-26 12:00:00+00:00,585.9308167902965
2024-09-26 13:00:00+00:00,587.4541499168731
2024-09-26 13:30:00+00:00,594.2283095131194
2024-09-26 14:30:00+00:00,600.6874070226061
2024-09-26 15:30:00+00:00,600.5483119051163
2024-09-26 16:30:00+00:00,602.8922670840518
2024-09-26 17:30:00+00:00,603.4988508252965
2024-09-26 18:30:00+00:00,607.5523138913317
2024-09-26 19:30:00+00:00,610.0075710221898
2024-09-26 20:00:00+00:00,610.9049655372144
2024-09-26 21:00:00+00:00,612.2243450910858
2024-09-26 22:00:00+00:00,612.5789585982726
2024-09-26 23:00:00+00:00,610.0497046301778
2024-09-27 08:00:00+00:00,609.801331463895
2024-09-27 09:00:00+00:00,609.589439118972
2024-09-27 10:00:00+00:00,611.1882975478126
2024-09-27 11:00:00+00:00,609.5904580721702
2024-09-27 12:00:00+00:00,609.1964397707422
2024-09-27 13:00:00+00:00,607.2880904492961
2024-09-27 13:30:00+00:00,611.6404871778097
2024-09-27 14:30:00+00:00,607.5005174073408
2024-09-27 15:30:00+00:00,610.1823474184954
2024-09-27 16:30:00+00:00,604.8353831989624
2024-09-27 17:30:00+00:00,608.809389513864
2024-09-27 18:30:00+00:00,609.7892863409543
2024-09-27 19:30:00+00:00,615.6477109035233
2024-09-27 20:00:00+00:00,615.1964758061088
2024-09-27 21:00:00+00:00,616.2930284324217
2024-09-27 22:00:00+00:00,618.297601537149
2024-09-27 23:00:00+00:00,618.6454543783361
2024-09-30 08:00:00+00:00,628.3082242486535
2024-09-30 09:00:00+00:00,627.126781897279
2024-09-30 10:00:00+00:00,621.3989457157701
2024-09-30 11:00:00+00:00,618.2525599967558
2024-09-30 12:00:00+00:00,619.7080930290665
2024-09-30 13:00:00+00:00,620.769214606453
2024-09-30 13:30:00+00:00,616.3283897404879
2024-09-30 14:30:00+00:00,618.3454311983439
2024-09-30 15:30:00+00:00,619.3891509386448
2024-09-30 16:30:00+00:00,623.1428091384337
2024-09-30 17:30:00+00:00,628.0747077182283
2024-09-30 18:30:00+00:00,625.4641883111481
2024-09-30 19:30:00+00:00,623.9332855083344
2024-09-30 20:00:00+00:00,621.7346776397904
2024-09-30 21:00:00+00:00,624.2606280776865
2024-09-30 22:00:00+00:00,623.9714801995348
2024-09-30 23:00:00+00:00,625.3681281492514
2024-10-01 08:00:00+00:00,622.8012022540764
2024-10-01 09:00:00+00:00,622.7516424227971
2024-10-01 10:00:00+00:00,624.3405802906366
2024-10-01 11:00:00+00:00,625.1751326544179
2024-10-01 12:00:00+00:00,626.2343439602105
2024-10-01 13:00:00+00:00,625.1786568385625
2024-10-01 13:30:00+00:00,624.0126039949546
2024-10-01 14:30:00+00:00,624.3027442182274
2024-10-01 15:30:00+00:00,623.6551112604567
2024-10-01 16:30:00+00:00,619.9861052167824
2024-10-01 17:30:00+00:00,620.3737182499785
2024-10-01 18:30:00+00:00,619.4108725115195
2024-10-01 19:30:00+00:00,620.1484621745199
2024-10-01 20:00:00+00:00,620.321543849228
2024-10-01 21:00:00+00:00,616.4736466626996
2024-10-01 22:00:00+00:00,612.8185916724866
2024-10-01 23:00:00+00:00,614.6990851112319
2024-10-02 08:00:00+00:00,615.3972295107643
2024-10-02 09:00:00+00:00,615.1478233151817
2024-10-02 10:00:00+00:00,611.7724164079178
2024-10-02 11:00:00+00:00,614.699810704127
2024-10-02 12:00:00+00:00,615.2618733993518
2024-10-02 13:00:00+00:00,614.8260441271284
2024-10-02 13:30:00+00:00,614.5828988301058
2024-10-02 14:30:00+00:00,611.9206793865667
2024-10-02 15:30:00+00:00,613.0238413665244
2024-10-02 16:30:00+00:00,611.6101051331931
2024-10-02 17:30:00+00:00,611.9303608120773
2024-10-02 18:30:00+00:00,610.5529950525196
2024-10-02 19:30:00+00:00,616.1944261443382
2024-10-02 20:00:00+00:00,617.3606307828255
2024-10-02 21:00:00+00:00,617.0282530245863
2024-10-02 22:00:00+00:00,617.9865874587813
2024-10-02 23:00:00+00:00,623.9002614567487
2024-10-03 08:00:00+00:00,625.544438961531
2024-10-03 09:00:00+00:00,629.1060352062273
2024-10-03 10:00:00+00:00,627.2515342183858
2024-10-03 11:00:00+00:00,632.1158717512333
2024-10-03 12:00:00+00:00,633.7792997107753
2024-10-03 13:00:00+00:00,635.2876979459901
2024-10-03 13:30:00+00:00,632.4757755006545
2024-10-03 14:30:00+00:00,631.3071363178055
2024-10-03 15:30:00+00:00,629.6265860100992
2024-10-03 16:30:00+00:00,632.4725566421495
2024-10-03 17:30:00+00:00,633.7835320101207
2024-10-03 18:30:00+00:00,631.1999891918048
2024-10-03 19:30:00+00:00,631.2807695963561
2024-10-03 20:00:00+00:00,628.5801925958951
2024-10-03 21:00:00+00:00,631.9053757968104
2024-10-03 22:00:00+00:00,626.425559820051
2024-10-03 23:00:00+00:00,629.6456711678017
2024-10-04 08:00:00+00:00,629.4873467527096
2024-10-04 09:00:00+00:00,630.966418652599
2024-10-04 10:00:00+00:00,632.3543759742576
2024-10-04 11:00:00+00:00,629.212775863958
2024-10-04 12:00:00+00:00,627.2590844015227
2024-10-04 13:00:00+00:00,627.5378574487875
2024-10-04 13:30:00+00:00,625.119875484145
2024-10-04 14:30:00+00:00,625.6587567868442
2024-10-04 15:30:00+00:00,626.673805636857
2024-10-04 16:30:00+00:00,626.747292877424
2024-10-04 17:30:00+00:00,628.3054091892122
2024-10-04 18:30:00+00:00,625.9451410541305
2024-10-04 19:30:00+00:00,621.6202912888053
2024-10-04 20:00:00+00:00,623.3026353431294
2024-10-04 21:00:00+00:00,627.2379511837366
2024-10-04 22:00:00+00:00,627.047841609484
2024-10-04 23:00:00+00:00,624.9115125414688
2024-10-07 08:00:00+00:00,622.8787993572796
2024-10-07 09:00:00+00:00,623.0189371352337
2024-10-07 10:00:00+00:00,621.6726186147724
2024-10-07 11:00:00+00:00,625.6051560193
2024-10-07 12:00:00+00:00,631.6057293691422
2024-10-07 13:00:00+00:00,633.5903291179952
2024-10-07 13:30:00+00:00,631.0817953710169
2024-10-07 14:30:00+00:00,631.9263102516014
2024-10-07 15:30:00+00:00,631.9058684697854
2024-10-07 16:30:00+00:00,632.3474464624883
2024-10-07 17:30:00+00:00,629.6177771672818
2024-10-07 18:30:00+00:00,631.409978883778
2024-10-07 19:30:00+00:00,630.5557811844176
2024-10-07 20:00:00+00:00,630.0621521744752
2024-10-07 21:00:00+00:00,630.0174148046356
2024-10-07 22:00:00+00:00,628.3757171616759
2024-10-07 23:00:00+00:00,627.450077394087
2024-10-08 08:00:00+00:00,631.7040219603037
2024-10-08 09:00:00+00:00,631.1836770045998
2024-10-08 10:00:00+00:00,627.1817565306166
2024-10-08 11:00:00+00:00,620.469100426475
2024-10-08 12:00:00+00:00,620.6202997631565
2024-10-08 13:00:00+00:00,617.4271562299243
2024-10-08 13:30:00+00:00,614.9028142534255
2024-10-08 14:30:00+00:00,614.467496009604
2024-10-08 15:30:00+00:00,614.282667351558
2024-10-08 16:30:00+00:00,615.2864363743081
2024-10-08 17:30:00+00:00,613.4397881701267
2024-10-08 18:30:00+00:00,614.7285395821956
2024-10-08 19:30:00+00:00,614.1512083196437
2024-10-08 20:00:00+00:00,608.4248161223289
2024-10-08 21:00:00+00:00,606.4210750762538
2024-10-08 22:00:00+00:00,606.5972875271635
2024-10-08 23:00:00+00:00,605.904831878099
2024-10-09 08:00:00+00:00,605.0990148171327
2024-10-09 09:00:00+00:00,607.6052367446401
2024-10-09 10:00:00+00:00,608.7102653739161
2024-10-09 11:00:00+00:00,608.4973496506407
2024-10-09 12:00:00+00:00,605.118138428811
2024-10-09 13:00:00+00:00,601.1908105105479
2024-10-09 13:30:00+00:00,605.7320865793531
2024-10-09 14:30:00+00:00,605.9177703206823
2024-10-09 15:30:00+00:00,606.3292901120373
2024-10-09 16:30:00+00:00,603.1800977826084
2024-10-09 17:30:00+00:00,604.2111195358451
2024-10-09 18:30:00+00:00,602.0698983485622
2024-10-09 19:30:00+00:00,598.6237995853523
2024-10-09 20:00:00+00:00,598.1047108611411
2024-10-09 21:00:00+00:00,595.022703558472
2024-10-09 22:00:00+00:00,599.374211687758
2024-10-09 23:00:00+00:00,591.6244860498969
2024-10-10 08:00:00+00:00,590.4614175377374
2024-10-10 09:00:00+00:00,588.8532389445444
2024-10-10 10:00:00+00:00,592.0817062836533
2024-10-10 11:00:00+00:00,589.7581593456268
2024-10-10 12:00:00+00:00,588.0960828035319
2024-10-10 13:00:00+00:00,589.0819851918985
2024-10-10 13:30:00+00:00,590.4151942548584
2024-10-10 14:30:00+00:00,592.4715143538881
2024-10-10 15:30:00+00:00,592.0275630087921
2024-10-10 16:30:00+00:00,592.3027957169649
2024-10-10 17:30:00+00:00,591.150034709556
2024-10-10 18:30:00+00:00,589.8102532408612
2024-10-10 19:30:00+00:00,591.7597363271013
2024-10-10 20:00:00+00:00,591.2333096445744
2024-10-10 21:00:00+00:00,591.1360179001568
2024-10-10 22:00:00+00:00,594.700386615608
2024-10-10 23:00:00+00:00,592.5756827633031
2024-10-11 08:00:00+00:00,596.6394040349232
2024-10-11 09:00:00+00:00,593.68796049141
2024-10-11 10:00:00+00:00,592.8351403950296
2024-10-11 11:00:00+00:00,593.8079813436772
2024-10-11 12:00:00+00:00,593.3888034306343
2024-10-11 13:00:00+00:00,592.143914586595
2024-10-11 13:30:00+00:00,592.548174077173
2024-10-11 14:30:00+00:00,593.4317466244477
2024-10-11 15:30:00+00:00,596.5652212900053
2024-10-11 16:30:00+00:00,597.7931954751095
2024-10-11 17:30:00+00:00,593.9211075650074
2024-10-11 18:30:00+00:00,593.2698703438014
2024-10-11 19:30:00+00:00,596.8522568804184
2024-10-11 20:00:00+00:00,592.969544335591
2024-10-11 21:00:00+00:00,595.3966646463085
2024-10-11 22:00:00+00:00,600.7560679462855
2024-10-11 23:00:00+00:00,601.5218517752166
2024-10-14 08:00:00+00:00,602.6640314519956
2024-10-14 09:00:00+00:00,601.0444792079355
2024-10-14 10:00:00+00:00,598.4417194316886
2024-10-14 11:00:00+00:00,601.4005762804287
2024-10-14 12:00:00+00:00,601.3970964467254
2024-10-14 13:00:00+00:00,606.219733366015
2024-10-14 13:30:00+00:00,608.2314775448821
2024-10-14 14:30:00+00:00,610.5139307234375
2024-10-14 15:30:00+00:00,611.7156256380096
2024-10-14 16:30:00+00:00,612.3399427650319
2024-10-14 17:30:00+00:00,613.3493176910152
2024-10-14 18:30:00+00:00,615.6069538754936
2024-10-14 19:30:00+00:00,619.164717969355
2024-10-14 20:00:00+00:00,619.7545397447091
2024-10-14 21:00:00+00:00,618.5751132505532
2024-10-14 22:00:00+00:00,617.3996221382667
2024-10-14 23:00:00+00:00,613.4505925880613
2024-10-15 08:00:00+00:00,613.4042367255286
2024-10-15 09:00:00+00:00,616.4231575492361
2024-10-15 10:00:00+00:00,618.6351492597219
2024-10-15 11:00:00+00:00,616.3694211891514
2024-10-15 12:00:00+00:00,616.7270312697069
2024-10-15 13:00:00+00:00,619.3256306794162
2024-10-15 13:30:00+00:00,620.8279791215815
2024-10-15 14:30:00+00:00,622.0538554108786
2024-10-15 15:30:00+00:00,620.6413500723716
2024-10-15 16:30:00+00:00,621.4588359196513
2024-10-15 17:30:00+00:00,618.4763168451757
2024-10-15 18:30:00+00:00,622.3405243992785
2024-10-15 19:30:00+00:00,620.3664086866789
2024-10-15 20:00:00+00:00,621.5942928460926
2024-10-15 21:00:00+00:00,623.8372743751913
2024-10-15 22:00:00+00:00,623.6541003464432
2024-10-15 23:00:00+00:00,624.8155152037073
2024-10-16 08:00:00+00:00,621.7322880903291
2024-10-16 09:00:00+00:00,617.1443951282122
2024-10-16 10:00:00+00:00,615.6070161255559
2024-10-16 11:00:00+00:00,616.3107783618735
2024-10-16 12:00:00+00:00,615.3216256406149
2024-10-16 13:00:00+00:00,615.6598667772403
2024-10-16 13:30:00+00:00,616.6502537474514
2024-10-16 14:30:00+00:00,615.5202075867454
2024-10-16 15:30:00+00:00,616.4824689784747
2024-10-16 16:30:00+00:00,614.5699116183963
2024-10-16 17:30:00+00:00,616.4943288741208
2024-10-16 18:30:00+00:00,615.0192263846834
2024-10-16 19:30:00+00:00,612.4185044972422
2024-10-16 20:00:00+00:00,614.7847521576897
2024-10-16 21:00:00+00:00,613.5421439736598
2024-10-16 22:00:00+00:00,614.6933127475463
2024-10-16 23:00:00+00:00,618.1277642421343
2024-10-17 08:00:00+00:00,617.1687533697045
2024-10-17 09:00:00+00:00,615.6419212545454
2024-10-17 10:00:00+00:00,616.4232047746406
2024-10-17 11:00:00+00:00,619.047136373578
2024-10-17 12:00:00+00:00,618.9188519483148
2024-10-17 13:00:00+00:00,619.7305086555643
2024-10-17 13:30:00+00:00,621.7464674086498
2024-10-17 14:30:00+00:00,619.5154414192183
2024-10-17 15:30:00+00:00,618.4129356756187
2024-10-17 16:30:00+00:00,618.9798774698874
2024-10-17 17:30:00+00:00,615.3424378185952
2024-10-17 18:30:00+00:00,618.5091327043684
2024-10-17 19:30:00+00:00,615.3712113813474
2024-10-17 20:00:00+00:00,616.0067371796697
2024-10-17 21:00:00+00:00,617.5985670368397
2024-10-17 22:00:00+00:00,619.7717754175222
2024-10-17 23:00:00+00:00,620.3850419059864
2024-10-18 08:00:00+00:00,614.4606330942753
2024-10-18 09:00:00+00:00,611.7839725390523
2024-10-18 10:00:00+00:00,609.2768011583206
2024-10-18 11:00:00+00:00,611.510119606356
2024-10-18 12:00:00+00:00,615.6967689950551
2024-10-18 13:00:00+00:00,612.333552249703
2024-10-18 13:30:00+00:00,612.0151503050186
2024-10-18 14:30:00+00:00,607.9858598019459
2024-10-18 15:30:00+00:00,608.54861617889
2024-10-18 16:30:00+00:00,608.655998395393
2024-10-18 17:30:00+00:00,611.1496801522924
2024-10-18 18:30:00+00:00,612.7973094841939
2024-10-18 19:30:00+00:00,614.4640615377625
2024-10-18 20:00:00+00:00,614.9588738711774
2024-10-18 21:00:00+00:00,610.0181131940574
2024-10-18 22:00:00+00:00,612.1723634119197
2024-10-18 23:00:00+00:00,611.927981631997
2024-10-21 08:00:00+00:00,608.5215038245566
2024-10-21 09:00:00+00:00,613.094006679035
2024-10-21 10:00:00+00:00,614.9034597516701
2024-10-21 11:00:00+00:00,617.4159402438378
2024-10-21 12:00:00+00:00,620.5812691240642
2024-10-21 13:00:00+00:00,623.1785413453516
2024-10-21 13:30:00+00:00,618.4080788730256
2024-10-21 14:30:00+00:00,617.6350570556726
2024-10-21 15:30:00+00:00,617.6083212188728
2024-10-21 16:30:00+00:00,616.6025885970397
2024-10-21 17:30:00+00:00,617.9079548769525
2024-10-21 18:30:00+00:00,618.1859295739525
2024-10-21 19:30:00+00:00,618.118336432294
2024-10-21 20:00:00+00:00,617.5460329365619
2024-10-21 21:00:00+00:00,613.4768237600699
2024-10-21 22:00:00+00:00,619.1142044713963
2024-10-21 23:00:00+00:00,616.4124269627774
2024-10-22 08:00:00+00:00,615.723934157331
2024-10-22 09:00:00+00:00,617.3740908567545
2024-10-22 10:00:00+00:00,619.4771597147264
2024-10-22 11:00:00+00:00,619.6665856260597
2024-10-22 12:00:00+00:00,622.9301020092244
2024-10-22 13:00:00+00:00,626.1960717589827
2024-10-22 13:30:00+00:00,623.7322281208661
2024-10-22 14:30:00+00:00,622.1016867112894
2024-10-22 15:30:00+00:00,622.3634253042878
2024-10-22 16:30:00+00:00,620.1034146934028
2024-10-22 17:30:00+00:00,618.3012905332604
2024-10-22 18:30:00+00:00,611.6592774007491
2024-10-22 19:30:00+00:00,611.2600619791211
2024-10-22 20:00:00+00:00,611.5808582730754
2024-10-22 21:00:00+00:00,608.5753622585838
2024-10-22 22:00:00+00:00,611.757188471282
2024-10-22 23:00:00+00:00,614.6397972715007
2024-10-23 08:00:00+00:00,612.7543992594867
2024-10-23 09:00:00+00:00,613.5434726291169
2024-10-23 10:00:00+00:00,613.4211875944526
2024-10-23 11:00:00+00:00,612.0862757849703
2024-10-23 12:00:00+00:00,610.1752924579472
2024-10-23 13:00:00+00:00,609.053979572368
2024-10-23 13:30:00+00:00,611.3444074468906
2024-10-23 14:30:00+00:00,611.5059488358796
2024-10-23 15:30:00+00:00,610.931338501334
2024-10-23 16:30:00+00:00,610.1346708165436
2024-10-23 17:30:00+00:00,609.2189925810017
2024-10-23 18:30:00+00:00,611.7587508546694
2024-10-23 19:30:00+00:00,609.6186508137
2024-10-23 20:00:00+00:00,610.515045063239
2024-10-23 21:00:00+00:00,611.8165323348776
2024-10-23 22:00:00+00:00,614.2892584612975
2024-10-23 23:00:00+00:00,618.8811683655262
2024-10-24 08:00:00+00:00,618.7183889969931
2024-10-24 09:00:00+00:00,620.7002271034844
2024-10-24 10:00:00+00:00,620.564333733845
2024-10-24 11:00:00+00:00,617.1481589320252
2024-10-24 12:00:00+00:00,613.9054460641228
2024-10-24 13:00:00+00:00,611.6906210244533
2024-10-24 13:30:00+00:00,619.7525982088505
2024-10-24 14:30:00+00:00,618.5881054499347
2024-10-24 15:30:00+00:00,617.8604222922204
2024-10-24 16:30:00+00:00,616.3510095698986
2024-10-24 17:30:00+00:00,614.036171801258
2024-10-24 18:30:00+00:00,616.8691700720536
2024-10-24 19:30:00+00:00,618.5165840070597
2024-10-24 20:00:00+00:00,619.1463977613101
2024-10-24 21:00:00+00:00,626.8284324041833
2024-10-24 22:00:00+00:00,629.9961613804417
2024-10-24 23:00:00+00:00,629.9376059560605
2024-10-25 08:00:00+00:00,632.076342083035
2024-10-25 09:00:00+00:00,630.6013409368753
2024-10-25 10:00:00+00:00,627.9781860951945
2024-10-25 11:00:00+00:00,628.3151315599108
2024-10-25 12:00:00+00:00,629.2961016772931
2024-10-25 13:00:00+00:00,631.419937354558
2024-10-25 13:30:00+00:00,634.3799640688875
2024-10-25 14:30:00+00:00,630.6070722381787
2024-10-25 15:30:00+00:00,631.4635019988665
2024-10-25 16:30:00+00:00,631.3872385451617
2024-10-25 17:30:00+00:00,628.4716647658604
2024-10-25 18:30:00+00:00,634.1623006751909
2024-10-25 19:30:00+00:00,630.6407779726452
2024-10-25 20:00:00+00:00,630.0753433039026
2024-10-25 21:00:00+00:00,629.5142285727464
2024-10-25 22:00:00+00:00,628.6410700666025
2024-10-25 23:00:00+00:00,630.2672144989958
2024-10-28 08:00:00+00:00,631.0021052874829
2024-10-28 09:00:00+00:00,626.928525616937
2024-10-28 10:00:00+00:00,624.2973329103525
2024-10-28 11:00:00+00:00,623.0618310543335
2024-10-28 12:00:00+00:00,624.3117260303588
2024-10-28 13:00:00+00:00,617.0412898761949
2024-10-28 13:30:00+00:00,612.5813046658432
2024-10-28 14:30:00+00:00,611.244889907196
2024-10-28 15:30:00+00:00,608.1412217941852
2024-10-28 16:30:00+00:00,610.6790528901971
2024-10-28 17:30:00+00:00,613.8443268220622
2024-10-28 18:30:00+00:00,610.5874374080877
2024-10-28 19:30:00+00:00,612.2147523361072
2024-10-28 20:00:00+00:00,611.6768912664671
2024-10-28 21:00:00+00:00,617.2871809234807
2024-10-28 22:00:00+00:00,617.3495346752218
2024-10-28 23:00:00+00:00,616.9415452728296
2024-10-29 08:00:00+00:00,615.3710525330197
2024-10-29 09:00:00+00:00,617.8058282886756
2024-10-29 10:00:00+00:00,617.2443192037382
2024-10-29 11:00:00+00:00,615.9818271593231
2024-10-29 12:00:00+00:00,612.545541232478
2024-10-29 13:00:00+00:00,613.6801647525309
2024-10-29 13:30:00+00:00,611.9095422791418
2024-10-29 14:30:00+00:00,612.9645831743027
2024-10-29 15:30:00+00:00,613.6295951239703
2024-10-29 16:30:00+00:00,613.0262511016188
2024-10-29 17:30:00+00:00,615.3512069753909
2024-10-29 18:30:00+00:00,619.2562245723499
2024-10-29 19:30:00+00:00,617.3991195374642
2024-10-29 20:00:00+00:00,622.4085318663132
2024-10-29 21:00:00+00:00,620.7560649462979
2024-10-29 22:00:00+00:00,621.101040277018
2024-10-29 23:00:00+00:00,617.9338561556798
2024-10-30 08:00:00+00:00,621.6659582824806
2024-10-30 09:00:00+00:00,618.3254921105435
2024-10-30 10:00:00+00:00,614.3663458462686
2024-10-30 11:00:00+00:00,612.870645033563
2024-10-30 12:00:00+00:00,610.2183761248498
2024-10-30 13:00:00+00:00,610.8528821804881
2024-10-30 13:30:00+00:00,606.6862109321797
2024-10-30 14:30:00+00:00,609.0295326174895
2024-10-30 15:30:00+00:00,610.6300197730926
2024-10-30 16:30:00+00:00,612.3150746972507
2024-10-30 17:30:00+00:00,614.1711878806705
2024-10-30 18:30:00+00:00,617.5346940717819
2024-10-30 19:30:00+00:00,617.3172665776536
2024-10-30 20:00:00+00:00,611.2426987111588
2024-10-30 21:00:00+00:00,609.8677630981483
2024-10-30 22:00:00+00:00,608.5575187221183
2024-10-30 23:00:00+00:00,605.6822361842636
2024-10-31 08:00:00+00:00,605.7613389257907
2024-10-31 09:00:00+00:00,604.4816724873934
2024-10-31 10:00:00+00:00,608.676452129138
2024-10-31 11:00:00+00:00,605.8447975677435
2024-10-31 12:00:00+00:00,608.2881452646701
2024-10-31 13:00:00+00:00,604.1156986342696
2024-10-31 13:30:00+00:00,607.7932762048727
2024-10-31 14:30:00+00:00,606.3052816324331
2024-10-31 15:30:00+00:00,606.5295844408241
2024-10-31 16:30:00+00:00,604.8560766564755
2024-10-31 17:30:00+00:00,598.7817373103042
2024-10-31 18:30:00+00:00,600.8383368021268
2024-10-31 19:30:00+00:00,599.8934432528124
2024-10-31 20:00:00+00:00,597.9392199394284
2024-10-31 21:00:00+00:00,597.6223856324283
2024-10-31 22:00:00+00:00,593.4516163939845
2024-10-31 23:00:00+00:00,593.4523697852823
2024-11-01 08:00:00+00:00,595.8082471212975
2024-11-01 09:00:00+00:00,598.6418564150749
2024-11-01 10:00:00+00:00,593.3044090057024
2024-11-01 11:00:00+00:00,590.7843356699256
2024-11-01 12:00:00+00:00,589.2758354294718
2024-11-01 13:00:00+00:00,592.7012927638942
2024-11-01 13:30:00+00:00,588.2870310440419
2024-11-01 14:30:00+00:00,590.1511110069193
2024-11-01 15:30:00+00:00,588.3322006645651
2024-11-01 16:30:00+00:00,591.6134455552086
2024-11-01 17:30:00+00:00,592.8095553471979
2024-11-01 18:30:00+00:00,594.2929747347961
2024-11-01 19:30:00+00:00,597.2579393224316
2024-11-01 20:00:00+00:00,592.1737773607169
2024-11-01 21:00:00+00:00,593.78836975923
2024-11-01 22:00:00+00:00,588.0241974696997
2024-11-01 23:00:00+00:00,586.4227236053553
2024-11-04 09:00:00+00:00,590.2710022214411
2024-11-04 10:00:00+00:00,589.5185105994907
2024-11-04 11:00:00+00:00,589.1316291290116
2024-11-04 12:00:00+00:00,592.4710729729813
2024-11-04 13:00:00+00:00,589.0026040568916
2024-11-04 14:00:00+00:00,590.5562486058325
2024-11-04 14:30:00+00:00,591.85669563834
2024-11-04 15:30:00+00:00,592.545169780889
2024-11-04 16:30:00+00:00,590.6417873675954
2024-11-04 17:30:00+00:00,590.7289634932807
2024-11-04 18:30:00+00:00,593.4075237827676
2024-11-04 19:30:00+00:00,593.6389819861669
2024-11-04 20:30:00+00:00,590.7809138608591
2024-11-04 21:00:00+00:00,590.3605897599341
2024-11-04 22:00:00+00:00,587.7758967186095
2024-11-04 23:00:00+00:00,589.3235394715173
2024-11-05 09:00:00+00:00,589.0389803625404
2024-11-05 10:00:00+00:00,587.7399419110671
2024-11-05 11:00:00+00:00,588.7301129664893
2024-11-05 12:00:00+00:00,588.0999910487101
2024-11-05 13:00:00+00:00,587.9269140129809
2024-11-05 14:00:00+00:00,586.553910569823
2024-11-05 14:30:00+00:00,585.9904824617711
2024-11-05 15:30:00+00:00,586.342323046316
2024-11-05 16:30:00+00:00,586.4692046040117
2024-11-05 17:30:00+00:00,583.6271640344605
2024-11-05 18:30:00+00:00,580.2867871570214
2024-11-05 19:30:00+00:00,578.0726189462241
2024-11-05 20:30:00+00:00,579.1972914712487
2024-11-05 21:00:00+00:00,578.9237656707068
2024-11-05 22:00:00+00:00,578.2345969756478
2024-11-05 23:00:00+00:00,577.7913651879567
2024-11-06 09:00:00+00:00,580.614272547499
2024-11-06 10:00:00+00:00,581.8583959284667
2024-11-06 11:00:00+00:00,584.9941766461046
2024-11-06 12:00:00+00:00,583.4650837782565
2024-11-06 13:00:00+00:00,584.9779201477683
2024-11-06 14:00:00+00:00,584.2873160721035
2024-11-06 14:30:00+00:00,583.0338616856512
2024-11-06 15:30:00+00:00,582.2815101831993
2024-11-06 16:30:00+00:00,582.2462572438512
2024-11-06 17:30:00+00:00,582.9946865480354
2024-11-06 18:30:00+00:00,583.1626923868299
2024-11-06 19:30:00+00:00,580.3597321654154
2024-11-06 20:30:00+00:00,580.5238423883642
2024-11-06 21:00:00+00:00,579.9800612513693
2024-11-06 22:00:00+00:00,580.682412722285
2024-11-06 23:00:00+00:00,586.3707836921607
2024-11-07 09:00:00+00:00,587.0473668619597
2024-11-07 10:00:00+00:00,587.3052977601048
2024-11-07 11:00:00+00:00,587.0536780656041
2024-11-07 12:00:00+00:00,586.493516244634
2024-11-07 13:00:00+00:00,588.0752455058002
2024-11-07 14:00:00+00:00,586.9955961437842
2024-11-07 14:30:00+00:00,587.6215708691728
2024-11-07 15:30:00+00:00,587.1043169892554
2024-11-07 16:30:00+00:00,587.6030348857132
2024-11-07 17:30:00+00:00,584.0730568394966
2024-11-07 18:30:00+00:00,580.9525515094923
2024-11-07 19:30:00+00:00,580.2372736709827
2024-11-07 20:30:00+00:00,579.3373046563331
2024-11-07 21:00:00+00:00,580.5424364505893
2024-11-07 22:00:00+00:00,577.6818136232329
2024-11-07 23:00:00+00:00,578.3230797904466
2024-11-08 09:00:00+00:00,578.5597758155072
2024-11-08 10:00:00+00:00,576.1494619748775
2024-11-08 11:00:00+00:00,574.3530069800448
2024-11-08 12:00:00+00:00,573.3013635229867
2024-11-08 13:00:00+00:00,572.5098042238719
2024-11-08 14:00:00+00:00,573.6597987870789
2024-11-08 14:30:00+00:00,573.6093899100299
2024-11-08 15:30:00+00:00,573.21973873635
2024-11-08 16:30:00+00:00,568.8122268549314
2024-11-08 17:30:00+00:00,569.7001844470013
2024-11-08 18:30:00+00:00,569.4758123651765
2024-11-08 19:30:00+00:00,572.5905256168379
2024-11-08 20:30:00+00:00,569.6970955884746
2024-11-08 21:00:00+00:00,573.330534248786
2024-11-08 22:00:00+00:00,574.1962457659439
2024-11-08 23:00:00+00:00,572.2599419812411
2024-11-11 09:00:00+00:00,573.1373165765618
2024-11-11 10:00:00+00:00,571.1151483134726
2024-11-11 11:00:00+00:00,570.1278398739893
2024-11-11 12:00:00+00:00,567.8788612554122
2024-11-11 13:00:00+00:00,569.5598576731555
2024-11-11 14:00:00+00:00,567.7465841158818
2024-11-11 14:30:00+00:00,573.1009262434542
2024-11-11 15:30:00+00:00,569.6398123136236
2024-11-11 16:30:00+00:00,573.0402710068248
2024-11-11 17:30:00+00:00,569.2499503528325
2024-11-11 18:30:00+00:00,568.1179601709135
2024-11-11 19:30:00+00:00,566.3015276189006
2024-11-11 20:30:00+00:00,566.9437213413871
2024-11-11 21:00:00+00:00,565.2583195486058
2024-11-11 22:00:00+00:00,568.128415417598
2024-11-11 23:00:00+00:00,567.8592664285708
2024-11-12 09:00:00+00:00,567.0836034318613
2024-11-12 10:00:00+00:00,571.5830766457655
2024-11-12 11:00:00+00:00,573.068346302655
2024-11-12 12:00:00+00:00,574.588232590288
2024-11-12 13:00:00+00:00,571.4019824050803
2024-11-12 14:00:00+00:00,568.095871149783
2024-11-12 14:30:00+00:00,568.9259921306568
2024-11-12 15:30:00+00:00,566.6203558985009
2024-11-12 16:30:00+00:00,568.9449567350258
2024-11-12 17:30:00+00:00,569.6312520028068
2024-11-12 18:30:00+00:00,569.5025175380265
2024-11-12 19:30:00+00:00,571.41544612651
2024-11-12 20:30:00+00:00,571.6645728051246
2024-11-12 21:00:00+00:00,576.2197333722413
2024-11-12 22:00:00+00:00,579.5172764972687
2024-11-12 23:00:00+00:00,580.7619572510628
2024-11-13 09:00:00+00:00,579.2113580032955
2024-11-13 10:00:00+00:00,581.1167777198407
2024-11-13 11:00:00+00:00,584.0356640873672
2024-11-13 12:00:00+00:00,584.2245001155779
2024-11-13 13:00:00+00:00,588.1601560106997
2024-11-13 14:00:00+00:00,585.9597977498452
2024-11-13 14:30:00+00:00,587.9080622457399
2024-11-13 15:30:00+00:00,585.5270066911514
2024-11-13 16:30:00+00:00,587.2193828519887
2024-11-13 17:30:00+00:00,587.3700577477623
2024-11-13 18:30:00+00:00,587.3229544803862
2024-11-13 19:30:00+00:00,584.9241444493463
2024-11-13 20:30:00+00:00,585.9305996699537
2024-11-13 21:00:00+00:00,585.948994002809
2024-11-13 22:00:00+00:00,586.4823134842162
2024-11-13 23:00:00+00:00,589.9485456303639
2024-11-14 09:00:00+00:00,590.1308369538641
2024-11-14 10:00:00+00:00,589.4213274588369
2024-11-14 11:00:00+00:00,591.5533851046712
2024-11-14 12:00:00+00:00,587.1013344929445
2024-11-14 13:00:00+00:00,586.3997002774295
2024-11-14 14:00:00+00:00,586.6454010399841
2024-11-14 14:30:00+00:00,588.9640885647317
2024-11-14 15:30:00+00:00,590.5576919740955
2024-11-14 16:30:00+00:00,587.9786474861947
2024-11-14 17:30:00+00:00,588.8304690010125
2024-11-14 18:30:00+00:00,586.7994063050328
2024-11-14 19:30:00+00:00,589.2788218412036
2024-11-14 20:30:00+00:00,590.7542094685447
2024-11-14 21:00:00+00:00,592.2715147876332
2024-11-14 22:00:00+00:00,591.6232090330473
2024-11-14 23:00:00+00:00,593.7118818655315
2024-11-15 09:00:00+00:00,594.9553484843474
2024-11-15 10:00:00+00:00,596.2130370959148
2024-11-15 11:00:00+00:00,596.0865419116316
2024-11-15 12:00:00+00:00,599.9205186871657
2024-11-15 13:00:00+00:00,598.7958465442516
2024-11-15 14:00:00+00:00,603.0065329931475
2024-11-15 14:30:00+00:00,601.4811514143927
2024-11-15 15:30:00+00:00,604.7737534637936
2024-11-15 16:30:00+00:00,608.364919335003
2024-11-15 17:30:00+00:00,614.6987276326055
2024-11-15 18:30:00+00:00,613.0856125909339
2024-11-15 19:30:00+00:00,612.7997726310128
2024-11-15 20:30:00+00:00,607.1870201434132
2024-11-15 21:00:00+00:00,608.1143033711036
2024-11-15 22:00:00+00:00,607.9056403943499
2024-11-15 23:00:00+00:00,611.5620468419258
2024-11-18 09:00:00+00:00,612.9603871537565
2024-11-18 10:00:00+00:00,613.2173419060503
2024-11-18 11:00:00+00:00,614.6622474431546
2024-11-18 12:00:00+00:00,616.4906105471492
2024-11-18 13:00:00+00:00,617.8896460823822
2024-11-18 14:00:00+00:00,620.4525632386071
2024-11-18 14:30:00+00:00,619.0696515933786
2024-11-18 15:30:00+00:00,618.3101203199171
2024-11-18 16:30:00+00:00,619.8152783259939
2024-11-18 17:30:00+00:00,615.9488779211605
2024-11-18 18:30:00+00:00,613.996949548391
2024-11-18 19:30:00+00:00,614.8777837854657
2024-11-18 20:30:00+00:00,613.4723961049566
2024-11-18 21:00:00+00:00,613.3593574998217
2024-11-18 22:00:00+00:00,614.2306608684804
2024-11-18 23:00:00+00:00,616.2427614419486
2024-11-19 09:00:00+00:00,619.772905637314
2024-11-19 10:00:00+00:00,616.154506023901
2024-11-19 11:00:00+00:00,621.2944376623824
2024-11-19 12:00:00+00:00,623.4428820760969
2024-11-19 13:00:00+00:00,624.2376356446678
2024-11-19 14:00:00+00:00,626.0530060707437
2024-11-19 14:30:00+00:00,626.8189878918218
2024-11-19 15:30:00+00:00,626.3671476735444
2024-11-19 16:30:00+00:00,622.8427608207242
2024-11-19 17:30:00+00:00,625.2935719150478
2024-11-19 18:30:00+00:00,624.1618292457362
2024-11-19 19:30:00+00:00,623.2502454212865
2024-11-19 20:30:00+00:00,622.7817734742177
2024-11-19 21:00:00+00:00,619.047223071909
2024-11-19 22:00:00+00:00,618.4365436901561
2024-11-19 23:00:00+00:00,618.8115246392751
2024-11-20 09:00:00+00:00,620.5293864071917
2024-11-20 10:00:00+00:00,618.8556629791725
2024-11-20 11:00:00+00:00,616.9878919734102
2024-11-20 12:00:00+00:00,619.0198359572
2024-11-20 13:00:00+00:00,621.532569168556
2024-11-20 14:00:00+00:00,623.093771217063
2024-11-20 14:30:00+00:00,624.4058804145993
2024-11-20 15:30:00+00:00,621.8180516626945
2024-11-20 16:30:00+00:00,620.1995178446049
2024-11-20 17:30:00+00:00,616.9030817866847
2024-11-20 18:30:00+00:00,618.0057587357775
2024-11-20 19:30:00+00:00,620.435615493271
2024-11-20 20:30:00+00:00,619.8174189806267
2024-11-20 21:00:00+00:00,617.1290741096391
2024-11-20 22:00:00+00:00,617.475435738751
2024-11-20 23:00:00+00:00,621.0667580844136
2024-11-21 09:00:00+00:00,623.3124685490375
2024-11-21 10:00:00+00:00,622.6789642500341
2024-11-21 11:00:00+00:00,619.2998841317864
2024-11-21 12:00:00+00:00,620.3759679418763
2024-11-21 13:00:00+00:00,618.777049072576
2024-11-21 14:00:00+00:00,619.0961086504835
2024-11-21 14:30:00+00:00,618.1319612775994
2024-11-21 15:30:00+00:00,618.8870712458055
2024-11-21 16:30:00+00:00,615.4612219658336
2024-11-21 17:30:00+00:00,615.2947414432431
2024-11-21 18:30:00+00:00,620.65707194774
2024-11-21 19:30:00+00:00,619.2324075684024
2024-11-21 20:30:00+00:00,615.3836123794962
2024-11-21 21:00:00+00:00,620.4556129961995
2024-11-21 22:00:00+00:00,624.2069494790491
2024-11-21 23:00:00+00:00,626.1049308568367
2024-11-22 09:00:00+00:00,624.8811607754697
2024-11-22 10:00:00+00:00,622.4705090504807
2024-11-22 11:00:00+00:00,623.301132234288
2024-11-22 12:00:00+00:00,622.361983654022
2024-11-22 13:00:00+00:00,626.6397010180932
2024-11-22 14:00:00+00:00,632.0280155895025
2024-11-22 14:30:00+00:00,632.017847517689
2024-11-22 15:30:00+00:00,629.0529389073083
2024-11-22 16:30:00+00:00,633.4894308258682
2024-11-22 17:30:00+00:00,626.8173191276036
2024-11-22 18:30:00+00:00,631.9598067959413
2024-11-22 19:30:00+00:00,630.9888687658483
2024-11-22 20:30:00+00:00,630.8473064382894
2024-11-22 21:00:00+00:00,629.2330981910451
2024-11-22 22:00:00+00:00,627.3008670936082
2024-11-22 23:00:00+00:00,627.8510692954951
2024-11-25 09:00:00+00:00,628.3589314130695
2024-11-25 10:00:00+00:00,631.8840651865994
2024-11-25 11:00:00+00:00,631.3283485055567
2024-11-25 12:00:00+00:00,624.3895842865858
2024-11-25 13:00:00+00:00,620.5761837296986
2024-11-25 14:00:00+00:00,617.1543210659845
2024-11-25 14:30:00+00:00,614.602551012026
2024-11-25 15:30:00+00:00,616.8647253517953
2024-11-25 16:30:00+00:00,617.3026646490339
2024-11-25 17:30:00+00:00,615.9994312464045
2024-11-25 18:30:00+00:00,615.7883587618305
2024-11-25 19:30:00+00:00,612.036788009784
2024-11-25 20:30:00+00:00,615.0872165900904
2024-11-25 21:00:00+00:00,613.1765778783848
2024-11-25 22:00:00+00:00,613.2357250889429
2024-11-25 23:00:00+00:00,617.1702115893796
2024-11-26 09:00:00+00:00,619.7860304576525
2024-11-26 10:00:00+00:00,613.686825514116
2024-11-26 11:00:00+00:00,609.1625797442573
2024-11-26 12:00:00+00:00,610.6665889121231
2024-11-26 13:00:00+00:00,611.4938949163218
2024-11-26 14:00:00+00:00,610.0156734647829
2024-11-26 14:30:00+00:00,606.3679327154538
2024-11-26 15:30:00+00:00,607.2934409407679
2024-11-26 16:30:00+00:00,610.4604110674635
2024-11-26 17:30:00+00:00,613.0353022132331
2024-11-26 18:30:00+00:00,613.7763629669315
2024-11-26 19:30:00+00:00,616.6913696954736
2024-11-26 20:30:00+00:00,612.6529778470837
2024-11-26 21:00:00+00:00,611.8068025932301
2024-11-26 22:00:00+00:00,613.6797439888245
2024-11-26 23:00:00+00:00,611.1925159542573
2024-11-27 09:00:00+00:00,613.9499641582171
2024-11-27 10:00:00+00:00,616.554344815563
2024-11-27 11:00:00+00:00,615.6166761687846
2024-11-27 12:00:00+00:00,621.0450364284991
2024-11-27 13:00:00+00:00,618.6797687229911
2024-11-27 14:00:00+00:00,620.1791823583678
2024-11-27 14:30:00+00:00,620.5673243100698
2024-11-27 15:30:00+00:00,623.9890644382197
2024-11-27 16:30:00+00:00,629.0110336051148
2024-11-27 17:30:00+00:00,629.5894900730407
2024-11-27 18:30:00+00:00,629.1518161390919
2024-11-27 19:30:00+00:00,629.7297628839556
2024-11-27 20:30:00+00:00,631.1162773695945
2024-11-27 21:00:00+00:00,626.7173228921278
2024-11-27 22:00:00+00:00,622.490920166925
2024-11-27 23:00:00+00:00,617.2889261671137
2024-11-29 09:00:00+00:00,615.0151492615901
2024-11-29 10:00:00+00:00,614.5639425494177
2024-11-29 11:00:00+00:00,614.1299031684912
2024-11-29 12:00:00+00:00,619.075236535704
2024-11-29 13:00:00+00:00,619.2869059034803
2024-11-29 14:00:00+00:00,612.7304898390648
2024-11-29 14:30:00+00:00,613.8535588260397
2024-11-29 15:30:00+00:00,614.0199737796344
2024-11-29 16:30:00+00:00,614.7785816716876
2024-11-29 18:00:00+00:00,613.5854615055009
2024-11-29 19:00:00+00:00,617.6545624202257
2024-11-29 20:00:00+00:00,615.1353725822239
2024-11-29 21:00:00+00:00,614.7172094859676
2024-12-02 09:00:00+00:00,614.6109663518386
2024-12-02 10:00:00+00:00,622.0652965556748
2024-12-02 11:00:00+00:00,621.0924312403039
2024-12-02 12:00:00+00:00,631.1153583900499
2024-12-02 13:00:00+00:00,628.5006598682621
2024-12-02 14:00:00+00:00,626.8834444077867
2024-12-02 14:30:00+00:00,629.0942582051184
2024-12-02 15:30:00+00:00,633.6566644980543
2024-12-02 16:30:00+00:00,634.4085723404091
2024-12-02 17:30:00+00:00,638.7339774768428
2024-12-02 18:30:00+00:00,642.3308129107526
2024-12-02 19:30:00+00:00,643.0054603869993
2024-12-02 20:30:00+00:00,641.3792459097687
2024-12-02 21:00:00+00:00,642.9985446957502
2024-12-02 22:00:00+00:00,640.8856189821428
2024-12-02 23:00:00+00:00,634.956119980104
2024-12-03 09:00:00+00:00,633.1868702168986
2024-12-03 10:00:00+00:00,630.0264124992369
2024-12-03 11:00:00+00:00,630.0541790989145
2024-12-03 12:00:00+00:00,630.8157258111755
2024-12-03 13:00:00+00:00,629.8829798142137
2024-12-03 14:00:00+00:00,630.2322161840568
2024-12-03 14:30:00+00:00,630.5753799144787
2024-12-03 15:30:00+00:00,631.3661815223787
2024-12-03 16:30:00+00:00,633.4425908791604
2024-12-03 17:30:00+00:00,635.8673455639723
2024-12-03 18:30:00+00:00,634.6564401980271
2024-12-03 19:30:00+00:00,629.6411654694365
2024-12-03 20:30:00+00:00,630.1333216739814
2024-12-03 21:00:00+00:00,632.549023373087
2024-12-03 22:00:00+00:00,629.3798187082183
2024-12-03 23:00:00+00:00,630.9340925839889
2024-12-04 09:00:00+00:00,630.5727364591799
2024-12-04 10:00:00+00:00,633.9475140831312
2024-12-04 11:00:00+00:00,634.86671471845
2024-12-04 12:00:00+00:00,637.8838255353822
2024-12-04 13:00:00+00:00,638.4825525472119
2024-12-04 14:00:00+00:00,639.9378674031681
2024-12-04 14:30:00+00:00,641.710345945488
2024-12-04 15:30:00+00:00,643.3249987145534
2024-12-04 16:30:00+00:00,647.9141604663912
2024-12-04 17:30:00+00:00,645.1287462282606
2024-12-04 18:30:00+00:00,645.6424766438679
2024-12-04 19:30:00+00:00,640.4272712714455
2024-12-04 20:30:00+00:00,643.7199953345644
2024-12-04 21:00:00+00:00,643.6209765227845
2024-12-04 22:00:00+00:00,641.179821266701
2024-12-04 23:00:00+00:00,641.3516577617141
2024-12-05 09:00:00+00:00,642.76657942503
2024-12-05 10:00:00+00:00,640.629981989215
2024-12-05 11:00:00+00:00,638.0398736207998
2024-12-05 12:00:00+00:00,639.4312349795601
2024-12-05 13:00:00+00:00,639.0237886626752
2024-12-05 14:00:00+00:00,635.615092440933
2024-12-05 14:30:00+00:00,636.6009310730357
2024-12-05 15:30:00+00:00,640.2898013530636
2024-12-05 16:30:00+00:00,639.0107671821827
2024-12-05 17:30:00+00:00,641.1562184812783
2024-12-05 18:30:00+00:00,643.0018455381974
2024-12-05 19:30:00+00:00,644.5033695042084
2024-12-05 20:30:00+00:00,648.2086843930427
2024-12-05 21:00:00+00:00,654.9708990960252
2024-12-05 22:00:00+00:00,652.1933765199389
2024-12-05 23:00:00+00:00,654.9315266796402
2024-12-06 09:00:00+00:00,661.9093951856553
2024-12-06 10:00:00+00:00,660.5321329911309
2024-12-06 11:00:00+00:00,658.7990581709065
2024-12-06 12:00:00+00:00,664.7507179273748
2024-12-06 13:00:00+00:00,663.9400065617723
2024-12-06 14:00:00+00:00,663.3037484942959
2024-12-06 14:30:00+00:00,663.1580664920918
2024-12-06 15:30:00+00:00,663.4643327044477
2024-12-06 16:30:00+00:00,660.5780434039704
2024-12-06 17:30:00+00:00,662.4834019457106
2024-12-06 18:30:00+00:00,663.5077067962657
2024-12-06 19:30:00+00:00,663.1159224375716
2024-12-06 20:30:00+00:00,664.0867715073674
2024-12-06 21:00:00+00:00,665.2574671531416
2024-12-06 22:00:00+00:00,666.5180041408754
2024-12-06 23:00:00+00:00,667.3741143688418
2024-12-09 09:00:00+00:00,663.8226388901512
2024-12-09 10:00:00+00:00,662.3731620726697
2024-12-09 11:00:00+00:00,665.4341264713298
2024-12-09 12:00:00+00:00,671.9263272155749
2024-12-09 13:00:00+00:00,671.0773339989096
2024-12-09 14:00:00+00:00,673.9348180172357
2024-12-09 14:30:00+00:00,676.4364884149105
2024-12-09 15:30:00+00:00,675.3031344931125
2024-12-09 16:30:00+00:00,677.2860815771791
2024-12-09 17:30:00+00:00,678.5227985176829
2024-12-09 18:30:00+00:00,675.1688999722577
2024-12-09 19:30:00+00:00,671.8395838937129
2024-12-09 20:30:00+00:00,669.5231523358285
2024-12-09 21:00:00+00:00,665.9593835105363
2024-12-09 22:00:00+00:00,661.7980315784325
2024-12-09 23:00:00+00:00,662.1338131461242
2024-12-10 09:00:00+00:00,661.852262596118
2024-12-10 10:00:00+00:00,657.7588477440366
2024-12-10 11:00:00+00:00,658.2240754638383
2024-12-10 12:00:00+00:00,656.8643941027708
2024-12-10 13:00:00+00:00,658.2524024231706
2024-12-10 14:00:00+00:00,658.9851523548261
2024-12-10 14:30:00+00:00,657.2105415592057
2024-12-10 15:30:00+00:00,659.0696355745904
2024-12-10 16:30:00+00:00,655.917403866947
2024-12-10 17:30:00+00:00,654.7264512610088
2024-12-10 18:30:00+00:00,655.29625491771
2024-12-10 19:30:00+00:00,655.9341362960093
2024-12-10 20:30:00+00:00,652.2310962625157
2024-12-10 21:00:00+00:00,653.8440760935121
2024-12-10 22:00:00+00:00,651.5299676966686
2024-12-10 23:00:00+00:00,649.1478940925432
2024-12-11 09:00:00+00:00,647.0341268854814
2024-12-11 10:00:00+00:00,645.2165427561965
2024-12-11 11:00:00+00:00,642.3679275881836
2024-12-11 12:00:00+00:00,637.9251168003619
2024-12-11 13:00:00+00:00,634.6632696512889
2024-12-11 14:00:00+00:00,630.3672231825228
2024-12-11 14:30:00+00:00,633.3383095183515
2024-12-11 15:30:00+00:00,632.3082354990471
2024-12-11 16:30:00+00:00,630.7187993859056
2024-12-11 17:30:00+00:00,629.7716181286355
2024-12-11 18:30:00+00:00,631.2093861219419
2024-12-11 19:30:00+00:00,632.4374518529731
2024-12-11 20:30:00+00:00,632.2135800704576
2024-12-11 21:00:00+00:00,634.2710946674674
2024-12-11 22:00:00+00:00,632.1231221291894
2024-12-11 23:00:00+00:00,633.0841527640705
2024-12-12 09:00:00+00:00,635.4747576655616
2024-12-12 10:00:00+00:00,637.6261560539218
2024-12-12 11:00:00+00:00,639.7496580364658
2024-12-12 12:00:00+00:00,640.7516395126947
2024-12-12 13:00:00+00:00,637.4316532358716
2024-12-12 14:00:00+00:00,635.0624308478745
2024-12-12 14:30:00+00:00,631.5546616162801
2024-12-12 15:30:00+00:00,631.135668981619
2024-12-12 16:30:00+00:00,630.2925427229361
2024-12-12 17:30:00+00:00,633.0924023712154
2024-12-12 18:30:00+00:00,635.4011394511043
2024-12-12 19:30:00+00:00,635.3858215017029
2024-12-12 20:30:00+00:00,637.5644468085952
2024-12-12 21:00:00+00:00,638.3558269760529
2024-12-12 22:00:00+00:00,640.3267841953985
2024-12-12 23:00:00+00:00,644.0183288140757
2024-12-13 09:00:00+00:00,645.0624604348362
2024-12-13 10:00:00+00:00,645.5982074908901
2024-12-13 11:00:00+00:00,646.2895510578043
2024-12-13 12:00:00+00:00,650.2685796691052
2024-12-13 13:00:00+00:00,649.863820552503
2024-12-13 14:00:00+00:00,648.6725744908966
2024-12-13 14:30:00+00:00,646.7914219392685
2024-12-13 15:30:00+00:00,648.6731078996334
2024-12-13 16:30:00+00:00,647.3817337125053
2024-12-13 17:30:00+00:00,647.3661804654057
2024-12-13 18:30:00+00:00,644.3287371692833
2024-12-13 19:30:00+00:00,642.1772176691911
2024-12-13 20:30:00+00:00,642.8035390265986
2024-12-13 21:00:00+00:00,639.9220057333439
2024-12-13 22:00:00+00:00,642.3616082949899
2024-12-13 23:00:00+00:00,642.6588102043687
2024-12-16 09:00:00+00:00,641.6774185114214
2024-12-16 10:00:00+00:00,640.8730403767852
2024-12-16 11:00:00+00:00,641.4136783751803
2024-12-16 12:00:00+00:00,641.1562789231895
2024-12-16 13:00:00+00:00,643.7702294920313
2024-12-16 14:00:00+00:00,643.5820288609458
2024-12-16 14:30:00+00:00,642.2376005256318
2024-12-16 15:30:00+00:00,645.161713166659
2024-12-16 16:30:00+00:00,644.92707406531
2024-12-16 17:30:00+00:00,648.9137747630879
2024-12-16 18:30:00+00:00,647.7883943351587
2024-12-16 19:30:00+00:00,647.82624778128
2024-12-16 20:30:00+00:00,652.9070670230997
2024-12-16 21:00:00+00:00,653.5092446010893
2024-12-16 22:00:00+00:00,651.421084460446
2024-12-16 23:00:00+00:00,651.72146016071
2024-12-17 09:00:00+00:00,653.8591264217755
2024-12-17 10:00:00+00:00,655.2506644316743
2024-12-17 11:00:00+00:00,659.3658746174233
2024-12-17 12:00:00+00:00,658.4480963287779
2024-12-17 13:00:00+00:00,658.2766140119779
2024-12-17 14:00:00+00:00,657.6846982326956
2024-12-17 14:30:00+00:00,657.5795261548705
2024-12-17 15:30:00+00:00,656.5741819302867
2024-12-17 16:30:00+00:00,655.8098167897605
2024-12-17 17:30:00+00:00,659.7490559568201
2024-12-17 18:30:00+00:00,661.6051699902825
2024-12-17 19:30:00+00:00,659.1132331397746
2024-12-17 20:30:00+00:00,656.1176488136606
2024-12-17 21:00:00+00:00,655.340848681265
2024-12-17 22:00:00+00:00,652.5829378209038
2024-12-17 23:00:00+00:00,654.9792634144316
2024-12-18 09:00:00+00:00,657.7464309632862
2024-12-18 10:00:00+00:00,657.8888922905741
2024-12-18 11:00:00+00:00,650.3531290515759
2024-12-18 12:00:00+00:00,645.8434248853689
2024-12-18 13:00:00+00:00,649.0851203310867
2024-12-18 14:00:00+00:00,649.3407972455864
2024-12-18 14:30:00+00:00,648.5180707342835
2024-12-18 15:30:00+00:00,653.7099429425937
2024-12-18 16:30:00+00:00,653.9320948808148
2024-12-18 17:30:00+00:00,656.4837860894204
2024-12-18 18:30:00+00:00,660.1396500342223
2024-12-18 19:30:00+00:00,658.8324674007727
2024-12-18 20:30:00+00:00,655.4891729029273
2024-12-18 21:00:00+00:00,651.4627660715121
2024-12-18 22:00:00+00:00,651.4182629418116
2024-12-18 23:00:00+00:00,652.171108050096
2024-12-19 09:00:00+00:00,651.8772969686901
2024-12-19 10:00:00+00:00,649.7869701412648
2024-12-19 11:00:00+00:00,652.3625543021074
2024-12-19 12:00:00+00:00,649.3798897598626
2024-12-19 13:00:00+00:00,652.36809560757
2024-12-19 14:00:00+00:00,646.6607863402011
2024-12-19 14:30:00+00:00,649.7186971176906
2024-12-19 15:30:00+00:00,648.6986689148283
2024-12-19 16:30:00+00:00,645.7388573528893
2024-12-19 17:30:00+00:00,651.4463547432214
2024-12-19 18:30:00+00:00,649.2469681660258
2024-12-19 19:30:00+00:00,648.3751738169826
2024-12-19 20:30:00+00:00,647.7714599026854
2024-12-19 21:00:00+00:00,647.272415128306
2024-12-19 22:00:00+00:00,646.8818253420255
2024-12-19 23:00:00+00:00,652.4666271525492
2024-12-20 09:00:00+00:00,654.7972411946611
2024-12-20 10:00:00+00:00,654.195690689627
2024-12-20 11:00:00+00:00,652.1359597030067
2024-12-20 12:00:00+00:00,653.6148064648961
2024-12-20 13:00:00+00:00,653.6813224791903
2024-12-20 14:00:00+00:00,653.1542537678051
2024-12-20 14:30:00+00:00,649.7576158282459
2024-12-20 15:30:00+00:00,645.0359319494002
2024-12-20 16:30:00+00:00,644.0255930305158
2024-12-20 17:30:00+00:00,643.8163034468668
2024-12-20 18:30:00+00:00,640.7664665187747
2024-12-20 19:30:00+00:00,644.172419863384
2024-12-20 20:30:00+00:00,645.86707162021
2024-12-20 21:00:00+00:00,643.5432265333244
2024-12-20 22:00:00+00:00,641.0201427599952
2024-12-20 23:00:00+00:00,640.7981459863695
2024-12-23 09:00:00+00:00,642.4142320567286
2024-12-23 10:00:00+00:00,643.6038920554903
2024-12-23 11:00:00+00:00,646.0503924200304
2024-12-23 12:00:00+00:00,646.5379417791278
2024-12-23 13:00:00+00:00,653.4972027986065
2024-12-23 14:00:00+00:00,652.4431744338542
2024-12-23 14:30:00+00:00,653.1399530404337
2024-12-23 15:30:00+00:00,655.6289575342712
2024-12-23 16:30:00+00:00,658.534665340487
2024-12-23 17:30:00+00:00,655.6420043252152
2024-12-23 18:30:00+00:00,651.1112886373691
2024-12-23 19:30:00+00:00,652.3080660323457
2024-12-23 20:30:00+00:00,654.11521365242
2024-12-23 21:00:00+00:00,650.591031665761
2024-12-23 22:00:00+00:00,653.8529893045486
2024-12-23 23:00:00+00:00,652.5014594571725
2024-12-24 09:00:00+00:00,650.581041165064
2024-12-24 10:00:00+00:00,654.121719587142
2024-12-24 11:00:00+00:00,652.0509684502765
2024-12-24 12:00:00+00:00,650.9775619027549
2024-12-24 13:00:00+00:00,654.2323351163674
2024-12-24 14:00:00+00:00,644.6458603783831
2024-12-24 14:30:00+00:00,648.8289290822694
2024-12-24 15:30:00+00:00,650.074801340613
2024-12-24 16:30:00+00:00,651.264925897808
2024-12-24 18:00:00+00:00,646.8533010355511
2024-12-24 19:00:00+00:00,645.8390379918114
2024-12-24 20:00:00+00:00,643.6317584368512
2024-12-24 21:00:00+00:00,644.9890800769831
2024-12-26 09:00:00+00:00,646.8482904374415
2024-12-26 10:00:00+00:00,646.7471114546072
2024-12-26 11:00:00+00:00,649.6563741819231
2024-12-26 12:00:00+00:00,647.4496548465527
2024-12-26 13:00:00+00:00,644.9592190859224
2024-12-26 14:00:00+00:00,641.5606520805339
2024-12-26 14:30:00+00:00,634.95293760923
2024-12-26 15:30:00+00:00,639.3731060965473
2024-12-26 16:30:00+00:00,641.9771695584355
2024-12-26 17:30:00+00:00,645.7367091025376
2024-12-26 18:30:00+00:00,644.1261911589909
2024-12-26 19:30:00+00:00,638.2602599347896
2024-12-26 20:30:00+00:00,641.7156404824199
2024-12-26 21:00:00+00:00,637.7959727803734
2024-12-26 22:00:00+00:00,642.5218574948115
2024-12-26 23:00:00+00:00,646.3791681851202
2024-12-27 09:00:00+00:00,647.7719057714955
2024-12-27 10:00:00+00:00,649.442714968533
2024-12-27 11:00:00+00:00,650.3609148602512
2024-12-27 12:00:00+00:00,649.0805545916205
2024-12-27 13:00:00+00:00,652.5250216856673
2024-12-27 14:00:00+00:00,655.1532577176127
2024-12-27 14:30:00+00:00,658.1224230840312
2024-12-27 15:30:00+00:00,660.984438719348
2024-12-27 16:30:00+00:00,661.3971363789551
2024-12-27 17:30:00+00:00,659.537868628352
2024-12-27 18:30:00+00:00,661.8261771165115
2024-12-27 19:30:00+00:00,658.589134812701
2024-12-27 20:30:00+00:00,663.3766313191511
2024-12-27 21:00:00+00:00,661.2375886337859
2024-12-27 22:00:00+00:00,661.43010256422
2024-12-27 23:00:00+00:00,660.5855412509592
2024-12-30 09:00:00+00:00,660.3838492305401
2024-12-30 10:00:00+00:00,659.9420820116736
2024-12-30 11:00:00+00:00,656.6733607549764
2024-12-30 12:00:00+00:00,661.2881453683113
2024-12-30 13:00:00+00:00,665.7852003213321
2024-12-30 14:00:00+00:00,662.6692388101366
2024-12-30 14:30:00+00:00,664.0130060469346
2024-12-30 15:30:00+00:00,670.1253234056239
2024-12-30 16:30:00+00:00,670.4542009499038
2024-12-30 17:30:00+00:00,670.4274273823402
2024-12-30 18:30:00+00:00,670.2631036997744
2024-12-30 19:30:00+00:00,674.2854427763996
2024-12-30 20:30:00+00:00,669.3190955350739
2024-12-30 21:00:00+00:00,666.5241216425774
2024-12-30 22:00:00+00:00,667.3883515808826
2024-12-30 23:00:00+00:00,669.8608469620373
2024-12-31 09:00:00+00:00,672.8379751255031
2024-12-31 10:00:00+00:00,675.0488022347157
2024-12-31 11:00:00+00:00,677.6845343030355
2024-12-31 12:00:00+00:00,679.5682387655893
2024-12-31 13:00:00+00:00,682.4601401956426
2024-12-31 14:00:00+00:00,681.2195915298284
2024-12-31 14:30:00+00:00,682.8454932640692
2024-12-31 15:30:00+00:00,682.941491884504
2024-12-31 16:30:00+00:00,685.2283284747173
2024-12-31 17:30:00+00:00,681.4678111175575
2024-12-31 18:30:00+00:00,678.0772945936857
2024-12-31 19:30:00+00:00,680.1207637863869
2024-12-31 20:30:00+00:00,681.1328661809704
2024-12-31 21:00:00+00:00,680.9321462922376
2024-12-31 22:00:00+00:00,683.4898429198763
2024-12-31 23:00:00+00:00,681.1015933031443
2025-01-02 09:00:00+00:00,680.5334965935843
2025-01-02 10:00:00+00:00,684.1763428692402
2025-01-02 11:00:00+00:00,679.0640816579003
2025-01-02 12:00:00+00:00,681.9701363211848
2025-01-02 13:00:00+00:00,685.6924059468414
2025-01-02 14:00:00+00:00,687.8296296322792
2025-01-02 14:30:00+00:00,691.2334732435439
2025-01-02 15:30:00+00:00,694.4306630680087
2025-01-02 16:30:00+00:00,695.9950031111019
2025-01-02 17:30:00+00:00,693.0295793279873
2025-01-02 18:30:00+00:00,694.834930532012
2025-01-02 19:30:00+00:00,691.8589272024153
2025-01-02 20:30:00+00:00,695.617321271186
2025-01-02 21:00:00+00:00,691.5040071064045
2025-01-02 22:00:00+00:00,692.9147652422182
2025-01-02 23:00:00+00:00,692.3105493383961
2025-01-03 09:00:00+00:00,692.0691232237605
2025-01-03 10:00:00+00:00,695.4305320720349
2025-01-03 11:00:00+00:00,695.8846482140009
2025-01-03 12:00:00+00:00,698.1968806916365
2025-01-03 13:00:00+00:00,700.451824721083
2025-01-03 14:00:00+00:00,700.4887899637984
2025-01-03 14:30:00+00:00,699.9797650391055
2025-01-03 15:30:00+00:00,702.7626245722292
2025-01-03 16:30:00+00:00,707.6363384728704
2025-01-03 17:30:00+00:00,713.557807512324
2025-01-03 18:30:00+00:00,714.8251081668063
2025-01-03 19:30:00+00:00,710.4555060900628
2025-01-03 20:30:00+00:00,710.3003673258006
2025-01-03 21:00:00+00:00,711.6322543392102
2025-01-03 22:00:00+00:00,718.0588034110916
2025-01-03 23:00:00+00:00,721.0013688326368
2025-01-06 09:00:00+00:00,717.6631659927602
2025-01-06 10:00:00+00:00,715.776020029406
2025-01-06 11:00:00+00:00,719.118110684514
2025-01-06 12:00:00+00:00,716.5846728888506
2025-01-06 13:00:00+00:00,718.9251814847044
2025-01-06 14:00:00+00:00,719.2474539927377
2025-01-06 14:30:00+00:00,717.509521168126
2025-01-06 15:30:00+00:00,717.1898546490522
2025-01-06 16:30:00+00:00,717.3018889790185
2025-01-06 17:30:00+00:00,716.1178429392835
2025-01-06 18:30:00+00:00,717.2952301366208
2025-01-06 19:30:00+00:00,720.7850901772488
2025-01-06 20:30:00+00:00,723.1648319099705
2025-01-06 21:00:00+00:00,725.7845655461203
2025-01-06 22:00:00+00:00,727.3076405711439
2025-01-06 23:00:00+00:00,721.7287060907461
2025-01-07 09:00:00+00:00,722.6612026037752
2025-01-07 10:00:00+00:00,722.3298300058743
2025-01-07 11:00:00+00:00,719.3203578802704
2025-01-07 12:00:00+00:00,717.9851394391195
2025-01-07 13:00:00+00:00,719.0568183528477
2025-01-07 14:00:00+00:00,723.4030170615878
2025-01-07 14:30:00+00:00,724.0634458941136
2025-01-07 15:30:00+00:00,727.4751299025861
2025-01-07 16:30:00+00:00,728.5642617507463
2025-01-07 17:30:00+00:00,727.5293833588053
2025-01-07 18:30:00+00:00,726.3083134331545
2025-01-07 19:30:00+00:00,727.1020865124981
2025-01-07 20:30:00+00:00,729.8944864908733
2025-01-07 21:00:00+00:00,733.6917906657676
2025-01-07 22:00:00+00:00,734.124812021812
2025-01-07 23:00:00+00:00,731.0454072160851
2025-01-08 09:00:00+00:00,732.0822169473063
2025-01-08 10:00:00+00:00,731.0396940868975
2025-01-08 11:00:00+00:00,726.6976613636845
2025-01-08 12:00:00+00:00,732.0493601086725
2025-01-08 13:00:00+00:00,732.4351449985584
2025-01-08 14:00:00+00:00,731.6256625966929
2025-01-08 14:30:00+00:00,735.439853275809
2025-01-08 15:30:00+00:00,741.4589149695228
2025-01-08 16:30:00+00:00,741.1442091096534
2025-01-08 17:30:00+00:00,740.2621421066053
2025-01-08 18:30:00+00:00,741.3172653833738
2025-01-08 19:30:00+00:00,742.7060951378684
2025-01-08 20:30:00+00:00,741.4373326367715
2025-01-08 21:00:00+00:00,745.1258473635148
2025-01-08 22:00:00+00:00,745.6153904713581
2025-01-08 23:00:00+00:00,750.7362155117157
2025-01-10 09:00:00+00:00,747.3848523749859
2025-01-10 10:00:00+00:00,748.9408849793481
2025-01-10 11:00:00+00:00,753.3461446354173
2025-01-10 12:00:00+00:00,750.5001318155283
2025-01-10 13:00:00+00:00,746.0055183173383
2025-01-10 14:00:00+00:00,742.9474272775273
2025-01-10 14:30:00+00:00,743.0186299290822
2025-01-10 15:30:00+00:00,746.1761823968434
2025-01-10 16:30:00+00:00,747.2203052260674
2025-01-10 17:30:00+00:00,747.4895896343087
2025-01-10 18:30:00+00:00,745.2290513825787
2025-01-10 19:30:00+00:00,748.2556630855673
2025-01-10 20:30:00+00:00,750.7948279522489
2025-01-10 21:00:00+00:00,751.9694761680739
2025-01-10 22:00:00+00:00,751.7064115838205
2025-01-10 23:00:00+00:00,756.0996372826743
2025-01-13 09:00:00+00:00,756.2244491523414
2025-01-13 10:00:00+00:00,754.1622375594035
2025-01-13 11:00:00+00:00,753.1782548562618
2025-01-13 12:00:00+00:00,750.0582567852774
2025-01-13 13:00:00+00:00,750.4381839039132
2025-01-13 14:00:00+00:00,755.3124074337325
2025-01-13 14:30:00+00:00,756.4062018562081
2025-01-13 15:30:00+00:00,754.423812684216
2025-01-13 16:30:00+00:00,751.7997713865227
2025-01-13 17:30:00+00:00,754.0500406249389
2025-01-13 18:30:00+00:00,757.0809454727498
2025-01-13 19:30:00+00:00,757.2255233512863
2025-01-13 20:30:00+00:00,757.2285567567753
2025-01-13 21:00:00+00:00,749.6753282218934
2025-01-13 22:00:00+00:00,743.0237144040153
2025-01-13 23:00:00+00:00,746.7367200255967
2025-01-14 09:00:00+00:00,744.1194972958299
2025-01-14 10:00:00+00:00,748.282554364245
2025-01-14 11:00:00+00:00,744.735180726121
2025-01-14 12:00:00+00:00,744.5735995469254
2025-01-14 13:00:00+00:00,743.5906022104828
2025-01-14 14:00:00+00:00,745.8144705336684
2025-01-14 14:30:00+00:00,746.5167173094994
2025-01-14 15:30:00+00:00,744.841410762872
2025-01-14 16:30:00+00:00,744.7024373356883
2025-01-14 17:30:00+00:00,743.0837238053119
2025-01-14 18:30:00+00:00,743.7904100150832
2025-01-14 19:30:00+00:00,742.5853226240184
2025-01-14 20:30:00+00:00,747.8919227283105
2025-01-14 21:00:00+00:00,744.8029117536353
2025-01-14 22:00:00+00:00,744.566845556339
2025-01-14 23:00:00+00:00,745.838326460012
2025-01-15 09:00:00+00:00,744.2741149563585
2025-01-15 10:00:00+00:00,748.2759748527379
2025-01-15 11:00:00+00:00,745.945068692257
2025-01-15 12:00:00+00:00,750.311443254356
2025-01-15 13:00:00+00:00,747.660915385924
2025-01-15 14:00:00+00:00,746.2886221116784
2025-01-15 14:30:00+00:00,750.6380064714573
2025-01-15 15:30:00+00:00,747.2482008488428
2025-01-15 16:30:00+00:00,743.8153661505121
2025-01-15 17:30:00+00:00,743.2956650275145
2025-01-15 18:30:00+00:00,748.2535002057039
2025-01-15 19:30:00+00:00,745.0983409127713
2025-01-15 20:30:00+00:00,753.3040538417306
2025-01-15 21:00:00+00:00,750.71662274993
2025-01-15 22:00:00+00:00,749.6437477335298
2025-01-15 23:00:00+00:00,742.1850646913829
2025-01-16 09:00:00+00:00,744.6733590589416
2025-01-16 10:00:00+00:00,744.476645493859
2025-01-16 11:00:00+00:00,748.4682666280987
2025-01-16 12:00:00+00:00,754.1478251454245
2025-01-16 13:00:00+00:00,756.6565363085538
2025-01-16 14:00:00+00:00,763.8284453493548
2025-01-16 14:30:00+00:00,761.5629975687285
2025-01-16 15:30:00+00:00,761.7336589647225
2025-01-16 16:30:00+00:00,756.2294074834487
2025-01-16 17:30:00+00:00,755.9749611105141
2025-01-16 18:30:00+00:00,756.7661145145603
2025-01-16 19:30:00+00:00,758.1451799316862
2025-01-16 20:30:00+00:00,751.5838242702623
2025-01-16 21:00:00+00:00,757.5266170610145
2025-01-16 22:00:00+00:00,765.6172691453045
2025-01-16 23:00:00+00:00,762.2475103818427
2025-01-17 09:00:00+00:00,761.8883939546033
2025-01-17 10:00:00+00:00,761.6133707020408
2025-01-17 11:00:00+00:00,761.7252780051647
2025-01-17 12:00:00+00:00,757.2844481013435
2025-01-17 13:00:00+00:00,756.6837004380322
2025-01-17 14:00:00+00:00,757.1109049599014
2025-01-17 14:30:00+00:00,756.6649734785163
2025-01-17 15:30:00+00:00,757.4861708077667
2025-01-17 16:30:00+00:00,762.19402548266
2025-01-17 17:30:00+00:00,762.6560129072104
2025-01-17 18:30:00+00:00,765.574623258457
2025-01-17 19:30:00+00:00,761.8024204312825
2025-01-17 20:30:00+00:00,766.9965509476002
2025-01-17 21:00:00+00:00,767.0576398976173
2025-01-17 22:00:00+00:00,767.4455156570963
2025-01-17 23:00:00+00:00,764.3511121476258
2025-01-21 09:00:00+00:00,763.1365653974768
2025-01-21 10:00:00+00:00,763.2532670046744
2025-01-21 11:00:00+00:00,761.6227743851576
2025-01-21 12:00:00+00:00,758.4384978356081
2025-01-21 13:00:00+00:00,756.7457457182641
2025-01-21 14:00:00+00:00,760.7647330843092
2025-01-21 14:30:00+00:00,762.1284375980431
2025-01-21 15:30:00+00:00,765.2703535368291
2025-01-21 16:30:00+00:00,765.2855385439074
2025-01-21 17:30:00+00:00,765.6508103901195
2025-01-21 18:30:00+00:00,762.8073452211512
2025-01-21 19:30:00+00:00,762.0807371884274
2025-01-21 20:30:00+00:00,766.0074905170526
2025-01-21 21:00:00+00:00,763.041709959522
2025-01-21 22:00:00+00:00,760.8495937501623
2025-01-21 23:00:00+00:00,769.3858171253831
2025-01-22 09:00:00+00:00,773.5146604622503
2025-01-22 10:00:00+00:00,777.9088222805786
2025-01-22 11:00:00+00:00,776.331266194988
2025-01-22 12:00:00+00:00,773.9822594041426
2025-01-22 13:00:00+00:00,775.9647729239193
2025-01-22 14:00:00+00:00,777.2020760574652
2025-01-22 14:30:00+00:00,776.3900262599243
2025-01-22 15:30:00+00:00,776.0197929045274
2025-01-22 16:30:00+00:00,775.2443118182152
2025-01-22 17:30:00+00:00,778.190215925425
2025-01-22 18:30:00+00:00,780.9300174566981
2025-01-22 19:30:00+00:00,783.4898809524952
2025-01-22 20:30:00+00:00,783.0539287126288
2025-01-22 21:00:00+00:00,782.2614072504697
2025-01-22 22:00:00+00:00,778.9351335216052
2025-01-22 23:00:00+00:00,779.6369390826159
2025-01-23 09:00:00+00:00,783.430178703601
2025-01-23 10:00:00+00:00,780.5022555879794
2025-01-23 11:00:00+00:00,779.6946064312926
2025-01-23 12:00:00+00:00,782.3481290057566
2025-01-23 13:00:00+00:00,782.6171342259801
2025-01-23 14:00:00+00:00,784.7460700823927
2025-01-23 14:30:00+00:00,783.8627161786616
2025-01-23 15:30:00+00:00,787.4778037720966
2025-01-23 16:30:00+00:00,792.905034765813
2025-01-23 17:30:00+00:00,795.4232941538827
2025-01-23 18:30:00+00:00,794.7238998840241
2025-01-23 19:30:00+00:00,799.6967660274665
2025-01-23 20:30:00+00:00,796.231897172513
2025-01-23 21:00:00+00:00,802.8007326796625
2025-01-23 22:00:00+00:00,806.1040336280764
2025-01-23 23:00:00+00:00,807.5195522501014
2025-01-24 09:00:00+00:00,798.638703653096
2025-01-24 10:00:00+00:00,801.0068174492197
2025-01-24 11:00:00+00:00,803.6908099488793
2025-01-24 12:00:00+00:00,803.8129328287798
2025-01-24 13:00:00+00:00,803.4490838788614
2025-01-24 14:00:00+00:00,802.4115492776579
2025-01-24 14:30:00+00:00,801.7099241370398
2025-01-24 15:30:00+00:00,799.8939674717805
2025-01-24 16:30:00+00:00,794.8666664138777
2025-01-24 17:30:00+00:00,789.2853029465823
2025-01-24 18:30:00+00:00,789.8354589671076
2025-01-24 19:30:00+00:00,793.0979735712554
2025-01-24 20:30:00+00:00,788.9391409481917
2025-01-24 21:00:00+00:00,784.3098795659927
2025-01-24 22:00:00+00:00,786.1392534379235
2025-01-24 23:00:00+00:00,783.5415332048709
2025-01-27 09:00:00+00:00,787.272894984549
2025-01-27 10:00:00+00:00,790.0141444565464
2025-01-27 11:00:00+00:00,796.2733956165607
2025-01-27 12:00:00+00:00,798.9023574532401
2025-01-27 13:00:00+00:00,795.028361783137
2025-01-27 14:00:00+00:00,790.676669095669
2025-01-27 14:30:00+00:00,788.7454365007046
2025-01-27 15:30:00+00:00,785.0911403813516
2025-01-27 16:30:00+00:00,785.3820598976275
2025-01-27 17:30:00+00:00,783.325189808611
2025-01-27 18:30:00+00:00,785.5695270432044
2025-01-27 19:30:00+00:00,786.034568021742
2025-01-27 20:30:00+00:00,785.9879536721853
2025-01-27 21:00:00+00:00,791.185190667149
2025-01-27 22:00:00+00:00,785.2642135886854
2025-01-27 23:00:00+00:00,781.1413767690904
2025-01-28 09:00:00+00:00,781.3413069402781
2025-01-28 10:00:00+00:00,781.3182294563297
2025-01-28 11:00:00+00:00,781.3831407984969
2025-01-28 12:00:00+00:00,776.4031096436858
2025-01-28 13:00:00+00:00,777.7537695294075
2025-01-28 14:00:00+00:00,772.4482180807213
2025-01-28 14:30:00+00:00,774.0708367275952
2025-01-28 15:30:00+00:00,778.237427631759
2025-01-28 16:30:00+00:00,777.5890966347373
2025-01-28 17:30:00+00:00,784.1326447891738
2025-01-28 18:30:00+00:00,784.8485294375793
2025-01-28 19:30:00+00:00,779.2680930516246
2025-01-28 20:30:00+00:00,782.7342058707055
2025-01-28 21:00:00+00:00,784.3254055533
2025-01-28 22:00:00+00:00,776.2704773756913
2025-01-28 23:00:00+00:00,773.0401685815021
2025-01-29 09:00:00+00:00,774.6353314614636
2025-01-29 10:00:00+00:00,780.3881303689619
2025-01-29 11:00:00+00:00,785.3569486098925
2025-01-29 12:00:00+00:00,790.9837605587168
2025-01-29 13:00:00+00:00,790.2357816315053
2025-01-29 14:00:00+00:00,793.5054813972213
2025-01-29 14:30:00+00:00,797.3162534481525
2025-01-29 15:30:00+00:00,797.7695521523716
2025-01-29 16:30:00+00:00,797.1761734097119
2025-01-29 17:30:00+00:00,801.3325322607576
2025-01-29 18:30:00+00:00,797.2404340283756
2025-01-29 19:30:00+00:00,801.0628813120417
2025-01-29 20:30:00+00:00,799.6172823298959
2025-01-29 21:00:00+00:00,802.0394145097205
2025-01-29 22:00:00+00:00,801.1260267753199
2025-01-29 23:00:00+00:00,804.3973308406462
2025-01-30 09:00:00+00:00,805.0584848080775
2025-01-30 10:00:00+00:00,810.690276688348
2025-01-30 11:00:00+00:00,810.7413655694526
2025-01-30 12:00:00+00:00,809.6096104215565
2025-01-30 13:00:00+00:00,805.1074163202599
2025-01-30 14:00:00+00:00,807.8922472348
2025-01-30 14:30:00+00:00,810.9882294706383
2025-01-30 15:30:00+00:00,810.216423782176
2025-01-30 16:30:00+00:00,812.2904844485374
2025-01-30 17:30:00+00:00,816.0852739285681
2025-01-30 18:30:00+00:00,810.7385691443285
2025-01-30 19:30:00+00:00,810.7042237542402
2025-01-30 20:30:00+00:00,809.0198456350744
2025-01-30 21:00:00+00:00,807.2464794321912
2025-01-30 22:00:00+00:00,810.6600963701138
2025-01-30 23:00:00+00:00,810.4135921866961
2025-01-31 09:00:00+00:00,808.4918965158497
2025-01-31 10:00:00+00:00,808.4782392988659
2025-01-31 11:00:00+00:00,813.2342438434939
2025-01-31 12:00:00+00:00,812.3337533518612
2025-01-31 13:00:00+00:00,810.8344595369506
2025-01-31 14:00:00+00:00,806.9350126209172
2025-01-31 14:30:00+00:00,803.7015046759385
2025-01-31 15:30:00+00:00,796.8109532005026
2025-01-31 16:30:00+00:00,793.7321835619597
2025-01-31 17:30:00+00:00,792.4551492254564
2025-01-31 18:30:00+00:00,793.172921667485
2025-01-31 19:30:00+00:00,791.0815788965481
2025-01-31 20:30:00+00:00,789.7877663628927
2025-01-31 21:00:00+00:00,794.9273807750546
2025-01-31 22:00:00+00:00,788.7046664212335
2025-01-31 23:00:00+00:00,795.5241815722349
2025-02-03 09:00:00+00:00,801.6163979331569
2025-02-03 10:00:00+00:00,801.2153617194136
2025-02-03 11:00:00+00:00,798.3782080408918
2025-02-03 12:00:00+00:00,795.194839918309
2025-02-03 13:00:00+00:00,795.2738264174029
2025-02-03 14:00:00+00:00,799.5157050245041
2025-02-03 14:30:00+00:00,802.5099101062555
2025-02-03 15:30:00+00:00,798.4775197068255
2025-02-03 16:30:00+00:00,798.6361235743201
2025-02-03 17:30:00+00:00,797.0987504235918
2025-02-03 18:30:00+00:00,798.3314825365402
2025-02-03 19:30:00+00:00,799.7028114413691
2025-02-03 20:30:00+00:00,801.2184067438941
2025-02-03 21:00:00+00:00,787.4147180360889
2025-02-03 22:00:00+00:00,791.3065595843743
2025-02-03 23:00:00+00:00,795.034524129767
2025-02-04 09:00:00+00:00,798.0032356410031
2025-02-04 10:00:00+00:00,793.4844709691129
2025-02-04 11:00:00+00:00,792.2330875151046
2025-02-04 12:00:00+00:00,791.9231885673953
2025-02-04 13:00:00+00:00,792.5693995533161
2025-02-04 14:00:00+00:00,792.6481866683874
2025-02-04 14:30:00+00:00,796.0425200685394
2025-02-04 15:30:00+00:00,797.3214090627972
2025-02-04 16:30:00+00:00,797.4802852973191
2025-02-04 17:30:00+00:00,801.2841369568309
2025-02-04 18:30:00+00:00,805.8665106750263
2025-02-04 19:30:00+00:00,804.4668730362685
2025-02-04 20:30:00+00:00,800.8737539551811
2025-02-04 21:00:00+00:00,803.254821951235
2025-02-04 22:00:00+00:00,804.1236421074041
2025-02-04 23:00:00+00:00,796.8051440043936
2025-02-05 09:00:00+00:00,795.9026199921941
2025-02-05 10:00:00+00:00,792.4670151737581
2025-02-05 11:00:00+00:00,794.4046681133552
2025-02-05 12:00:00+00:00,795.7558933869003
2025-02-05 13:00:00+00:00,791.7775034569407
2025-02-05 14:00:00+00:00,792.9230617610102
2025-02-05 14:30:00+00:00,795.5447923595702
2025-02-05 15:30:00+00:00,794.4220808917806
2025-02-05 16:30:00+00:00,792.3321003233841
2025-02-05 17:30:00+00:00,795.6450866767087
2025-02-05 18:30:00+00:00,790.6393179593906
2025-02-05 19:30:00+00:00,796.0486552926249
2025-02-05 20:30:00+00:00,794.3185012861879
2025-02-05 21:00:00+00:00,796.583240255624
2025-02-05 22:00:00+00:00,791.4659022650733
2025-02-05 23:00:00+00:00,793.3098945294885
2025-02-06 09:00:00+00:00,792.2763664089762
2025-02-06 10:00:00+00:00,796.4383814952104
2025-02-06 11:00:00+00:00,795.3263943399551
2025-02-06 12:00:00+00:00,790.5210198434647
2025-02-06 13:00:00+00:00,792.1065649883137
2025-02-06 14:00:00+00:00,792.4494049893548
2025-02-06 14:30:00+00:00,801.718119102865
2025-02-06 15:30:00+00:00,800.0263869871635
2025-02-06 16:30:00+00:00,802.7043368581163
2025-02-06 17:30:00+00:00,808.712896372399
2025-02-06 18:30:00+00:00,810.321121113397
2025-02-06 19:30:00+00:00,814.2636297312137
2025-02-06 20:30:00+00:00,815.2904351324386
2025-02-06 21:00:00+00:00,810.038817542307
2025-02-06 22:00:00+00:00,810.5171480592827
2025-02-06 23:00:00+00:00,819.6794456005467
2025-02-07 09:00:00+00:00,816.7605970529622
2025-02-07 10:00:00+00:00,818.4550964067142
2025-02-07 11:00:00+00:00,826.1268322004294
2025-02-07 12:00:00+00:00,827.4397238970619
2025-02-07 13:00:00+00:00,830.1564265832992
2025-02-07 14:00:00+00:00,830.1859847162916
2025-02-07 14:30:00+00:00,830.5767713599408
2025-02-07 15:30:00+00:00,827.4990662215868
2025-02-07 16:30:00+00:00,828.6041770188696
2025-02-07 17:30:00+00:00,822.9756672304311
2025-02-07 18:30:00+00:00,827.7909258551198
2025-02-07 19:30:00+00:00,829.567489460911
2025-02-07 20:30:00+00:00,827.3589465224268
2025-02-07 21:00:00+00:00,827.0101040772959
2025-02-07 22:00:00+00:00,829.300342323882
2025-02-07 23:00:00+00:00,828.8586086842296
2025-02-10 09:00:00+00:00,834.5289676191957
2025-02-10 10:00:00+00:00,830.8921715192142
2025-02-10 11:00:00+00:00,830.9706663134949
2025-02-10 12:00:00+00:00,826.1291134938625
2025-02-10 13:00:00+00:00,829.9613145820638
2025-02-10 14:00:00+00:00,829.8428551024723
2025-02-10 14:30:00+00:00,823.8281016466624
2025-02-10 15:30:00+00:00,827.9036398843408
2025-02-10 16:30:00+00:00,822.0654582909608
2025-02-10 17:30:00+00:00,822.3433959590383
2025-02-10 18:30:00+00:00,825.5861929681886
2025-02-10 19:30:00+00:00,830.3417947275561
2025-02-10 20:30:00+00:00,835.4261222961221
2025-02-10 21:00:00+00:00,834.843163896248
2025-02-10 22:00:00+00:00,838.4625077003178
2025-02-10 23:00:00+00:00,839.8600815851704
2025-02-11 09:00:00+00:00,839.4282123296796
2025-02-11 10:00:00+00:00,840.269859201301
2025-02-11 11:00:00+00:00,839.7785587210691
2025-02-11 12:00:00+00:00,838.185610114113
2025-02-11 13:00:00+00:00,842.5293285258161
2025-02-11 14:00:00+00:00,841.7042969217289
2025-02-11 14:30:00+00:00,845.6873776044516
2025-02-11 15:30:00+00:00,845.3573491464994
2025-02-11 16:30:00+00:00,841.9571598507702
2025-02-11 17:30:00+00:00,839.0445834476764
2025-02-11 18:30:00+00:00,847.0731768333715
2025-02-11 19:30:00+00:00,846.359957889681
2025-02-11 20:30:00+00:00,847.8520404787993
2025-02-11 21:00:00+00:00,845.8648298210273
2025-02-11 22:00:00+00:00,846.8081390270324
2025-02-11 23:00:00+00:00,841.4206906988505
2025-02-12 09:00:00+00:00,839.673808719061
2025-02-12 10:00:00+00:00,842.8289995364136
2025-02-12 11:00:00+00:00,844.3868456031529
2025-02-12 12:00:00+00:00,845.0453975298184
2025-02-12 13:00:00+00:00,846.8732378986534
2025-02-12 14:00:00+00:00,849.9967873646489
2025-02-12 14:30:00+00:00,848.061103907449
2025-02-12 15:30:00+00:00,839.8020106289555
2025-02-12 16:30:00+00:00,843.2499804340994
2025-02-12 17:30:00+00:00,839.3461608985427
2025-02-12 18:30:00+00:00,839.7555691260761
2025-02-12 19:30:00+00:00,841.1072884836879
2025-02-12 20:30:00+00:00,842.2762135113054
2025-02-12 21:00:00+00:00,837.2853978473007
2025-02-12 22:00:00+00:00,835.1716259594563
2025-02-12 23:00:00+00:00,842.2739644383995
2025-02-13 09:00:00+00:00,849.6055342964745
2025-02-13 10:00:00+00:00,857.6399536074966
2025-02-13 11:00:00+00:00,854.5655944634523
2025-02-13 12:00:00+00:00,850.6537861339534
2025-02-13 13:00:00+00:00,848.2340351138936
2025-02-13 14:00:00+00:00,844.3216532318672
2025-02-13 14:30:00+00:00,839.5080093913843
2025-02-13 15:30:00+00:00,833.2069234082021
2025-02-13 16:30:00+00:00,837.2712818292076
2025-02-13 17:30:00+00:00,836.7433718007948
2025-02-13 18:30:00+00:00,838.561224660197
2025-02-13 19:30:00+00:00,838.9521167696035
2025-02-13 20:30:00+00:00,846.1019784334442
2025-02-13 21:00:00+00:00,842.5511744793919
2025-02-13 22:00:00+00:00,842.0948199759431
2025-02-13 23:00:00+00:00,846.1301500326465
2025-02-14 09:00:00+00:00,851.7923544772328
2025-02-14 10:00:00+00:00,854.7973299878013
2025-02-14 11:00:00+00:00,852.894919320557
2025-02-14 12:00:00+00:00,845.1567117814943
2025-02-14 13:00:00+00:00,843.9406346416087
2025-02-14 14:00:00+00:00,845.257064756178
2025-02-14 14:30:00+00:00,846.0060458622388
2025-02-14 15:30:00+00:00,845.8970346988243
2025-02-14 16:30:00+00:00,842.3359040684454
2025-02-14 17:30:00+00:00,837.1016622070345
2025-02-14 18:30:00+00:00,840.0177262850397
2025-02-14 19:30:00+00:00,838.9239058391158
2025-02-14 20:30:00+00:00,842.7731296766223
2025-02-14 21:00:00+00:00,845.079246660127
2025-02-14 22:00:00+00:00,841.926416404998
2025-02-14 23:00:00+00:00,840.544415112318
2025-02-18 09:00:00+00:00,842.7770026223596
2025-02-18 10:00:00+00:00,838.2568465153785
2025-02-18 11:00:00+00:00,832.8375293800543
2025-02-18 12:00:00+00:00,830.5000997756341
2025-02-18 13:00:00+00:00,825.7922907719608
2025-02-18 14:00:00+00:00,825.0268754203876
2025-02-18 14:30:00+00:00,827.8735526027806
2025-02-18 15:30:00+00:00,829.9271867952762
2025-02-18 16:30:00+00:00,825.2913643408178
2025-02-18 17:30:00+00:00,824.228173505217
2025-02-18 18:30:00+00:00,821.5712499246303
2025-02-18 19:30:00+00:00,821.3281188241813
2025-02-18 20:30:00+00:00,826.5124772763112
2025-02-18 21:00:00+00:00,822.9600328227438
2025-02-18 22:00:00+00:00,824.1687856716011
2025-02-18 23:00:00+00:00,829.726555742906
2025-02-19 09:00:00+00:00,828.3941917496788
2025-02-19 10:00:00+00:00,825.3287087486672
2025-02-19 11:00:00+00:00,824.0437192271544
2025-02-19 12:00:00+00:00,821.9905840378563
2025-02-19 13:00:00+00:00,828.393135269624
2025-02-19 14:00:00+00:00,826.8533335132103
2025-02-19 14:30:00+00:00,832.8689578050345
2025-02-19 15:30:00+00:00,837.1127776789339
2025-02-19 16:30:00+00:00,838.6029683859024
2025-02-19 17:30:00+00:00,834.9705751677161
2025-02-19 18:30:00+00:00,834.9251491968936
2025-02-19 19:30:00+00:00,839.3527038722603
2025-02-19 20:30:00+00:00,835.3416311015708
2025-02-19 21:00:00+00:00,840.5987431710005
2025-02-19 22:00:00+00:00,840.6203544644784
2025-02-19 23:00:00+00:00,843.83448871692
2025-02-20 09:00:00+00:00,849.3128844431254
2025-02-20 10:00:00+00:00,851.432933692419
2025-02-20 11:00:00+00:00,846.4207867364561
2025-02-20 12:00:00+00:00,843.8423757033922
2025-02-20 13:00:00+00:00,838.3606945294496
2025-02-20 14:00:00+00:00,844.0962879126531
2025-02-20 14:30:00+00:00,839.8691896856251
2025-02-20 15:30:00+00:00,840.7780231479545
2025-02-20 16:30:00+00:00,839.1863987567244
2025-02-20 17:30:00+00:00,842.6980233759139
2025-02-20 18:30:00+00:00,840.9428942617648
2025-02-20 19:30:00+00:00,841.5750167301925
2025-02-20 20:30:00+00:00,838.125082630136
2025-02-20 21:00:00+00:00,841.9916918226647
2025-02-20 22:00:00+00:00,837.8683847697652
2025-02-20 23:00:00+00:00,836.4374240627587
2025-02-21 09:00:00+00:00,835.4415737203162
2025-02-21 10:00:00+00:00,829.6058495591997
2025-02-21 11:00:00+00:00,828.4193765663673
2025-02-21 12:00:00+00:00,831.4906456392765
2025-02-21 13:00:00+00:00,834.8074297991354
2025-02-21 14:00:00+00:00,840.6320693633762
2025-02-21 14:30:00+00:00,847.9707033003231
2025-02-21 15:30:00+00:00,848.0024807647973
2025-02-21 16:30:00+00:00,849.1569407151933
2025-02-21 17:30:00+00:00,847.595289425145
2025-02-21 18:30:00+00:00,847.99587674128
2025-02-21 19:30:00+00:00,850.145316376246
2025-02-21 20:30:00+00:00,847.0070523257116
2025-02-21 21:00:00+00:00,840.6111874885884
2025-02-21 22:00:00+00:00,834.5418403970693
2025-02-21 23:00:00+00:00,828.3807130377022
2025-02-24 09:00:00+00:00,829.6223867009996
2025-02-24 10:00:00+00:00,823.9717433480259
2025-02-24 11:00:00+00:00,824.2977121974665
2025-02-24 12:00:00+00:00,822.3678658436813
2025-02-24 13:00:00+00:00,820.9833174244039
2025-02-24 14:00:00+00:00,823.3550551387835
2025-02-24 14:30:00+00:00,823.8512755943619
2025-02-24 15:30:00+00:00,827.223279265707
2025-02-24 16:30:00+00:00,823.230361353469
2025-02-24 17:30:00+00:00,816.9676543906245
2025-02-24 18:30:00+00:00,815.2562037097515
2025-02-24 19:30:00+00:00,813.6501651403878
2025-02-24 20:30:00+00:00,809.7486467385941
2025-02-24 21:00:00+00:00,812.7967859582948
2025-02-24 22:00:00+00:00,809.730689457526
2025-02-24 23:00:00+00:00,810.7495063104858
2025-02-25 09:00:00+00:00,811.3717588502916
2025-02-25 10:00:00+00:00,803.479699670123
2025-02-25 11:00:00+00:00,803.9488603905655
2025-02-25 12:00:00+00:00,804.3559230673532
2025-02-25 13:00:00+00:00,808.5168243609326
2025-02-25 14:00:00+00:00,804.8934149601619
2025-02-25 14:30:00+00:00,795.8028579747385
2025-02-25 15:30:00+00:00,799.1821367553054
2025-02-25 16:30:00+00:00,797.3671005259367
2025-02-25 17:30:00+00:00,795.2481397220955
2025-02-25 18:30:00+00:00,794.5871698737707
2025-02-25 19:30:00+00:00,791.2554092893134
2025-02-25 20:30:00+00:00,794.1752740817474
2025-02-25 21:00:00+00:00,790.1845150575679
2025-02-25 22:00:00+00:00,790.7928657119896
2025-02-25 23:00:00+00:00,792.4343241670971
2025-02-26 09:00:00+00:00,795.5224740382988
2025-02-26 10:00:00+00:00,796.2899891017377
2025-02-26 11:00:00+00:00,792.5630211601872
2025-02-26 12:00:00+00:00,786.2843915792837
2025-02-26 13:00:00+00:00,785.6268152777991
2025-02-26 14:00:00+00:00,788.5713004437155
2025-02-26 14:30:00+00:00,788.8201630413671
2025-02-26 15:30:00+00:00,787.1596299627461
2025-02-26 16:30:00+00:00,790.5084112448474
2025-02-26 17:30:00+00:00,790.8047396133059
2025-02-26 18:30:00+00:00,789.6971488680277
2025-02-26 19:30:00+00:00,794.5484886687174
2025-02-26 20:30:00+00:00,796.0050823437134
2025-02-26 21:00:00+00:00,798.1455252385769
2025-02-26 22:00:00+00:00,800.9821083981008
2025-02-26 23:00:00+00:00,796.6723016606938
2025-02-27 09:00:00+00:00,798.2577724428928
2025-02-27 10:00:00+00:00,797.1604896243651
2025-02-27 11:00:00+00:00,791.9236056723772
2025-02-27 12:00:00+00:00,793.5165979565973
2025-02-27 13:00:00+00:00,791.2917697405155
2025-02-27 14:00:00+00:00,790.5555233134977
2025-02-27 14:30:00+00:00,791.447404275886
2025-02-27 15:30:00+00:00,796.2857036607287
2025-02-27 16:30:00+00:00,790.6209815430003
2025-02-27 17:30:00+00:00,790.5696399413304
2025-02-27 18:30:00+00:00,790.2430646686614
2025-02-27 19:30:00+00:00,788.0865434365528
2025-02-27 20:30:00+00:00,788.6397481496031
2025-02-27 21:00:00+00:00,790.107234631181
2025-02-27 22:00:00+00:00,793.3542478620446
2025-02-27 23:00:00+00:00,789.3890371900899
2025-02-28 09:00:00+00:00,786.8128280840625
2025-02-28 10:00:00+00:00,785.3432599279764
2025-02-28 11:00:00+00:00,790.5944390701251
2025-02-28 12:00:00+00:00,793.5255641032409
2025-02-28 13:00:00+00:00,788.1382935737921
2025-02-28 14:00:00+00:00,795.3524450639968
2025-02-28 14:30:00+00:00,796.8785860232975
2025-02-28 15:30:00+00:00,800.8351045408253
2025-02-28 16:30:00+00:00,805.1524737950701
2025-02-28 17:30:00+00:00,807.9306324155
2025-02-28 18:30:00+00:00,803.0918053231363
2025-02-28 19:30:00+00:00,808.9240554391981
2025-02-28 20:30:00+00:00,808.4073640899513
2025-02-28 21:00:00+00:00,810.5574867589372
2025-02-28 22:00:00+00:00,802.9565191321766
2025-02-28 23:00:00+00:00,804.6679572334666
2025-03-03 09:00:00+00:00,800.9457265351839
2025-03-03 10:00:00+00:00,800.6702669928021
2025-03-03 11:00:00+00:00,798.4612718875936
2025-03-03 12:00:00+00:00,796.8534515419938
2025-03-03 13:00:00+00:00,800.3718766320507
2025-03-03 14:00:00+00:00,793.1375930616613
2025-03-03 14:30:00+00:00,791.3816052929483
2025-03-03 15:30:00+00:00,791.2259641074371
2025-03-03 16:30:00+00:00,795.351623941646
2025-03-03 17:30:00+00:00,790.0801464413348
2025-03-03 18:30:00+00:00,789.9565476513244
2025-03-03 19:30:00+00:00,782.9624773364866
2025-03-03 20:30:00+00:00,780.9629090206033
2025-03-03 21:00:00+00:00,787.4279455965974
2025-03-03 22:00:00+00:00,786.9991637550261
2025-03-03 23:00:00+00:00,788.5378539656567
2025-03-04 09:00:00+00:00,781.8653853772245
2025-03-04 10:00:00+00:00,778.7734381609525
2025-03-04 11:00:00+00:00,780.9481780476146
2025-03-04 12:00:00+00:00,787.4358889245123
2025-03-04 13:00:00+00:00,788.896723749625
2025-03-04 14:00:00+00:00,783.8768381084582
2025-03-04 14:30:00+00:00,787.7457281675668
2025-03-04 15:30:00+00:00,793.4453102097604
2025-03-04 16:30:00+00:00,791.7111825380712
2025-03-04 17:30:00+00:00,791.4889749155261
2025-03-04 18:30:00+00:00,798.708782181658
2025-03-04 19:30:00+00:00,800.4857659213458
2025-03-04 20:30:00+00:00,794.485226765266
2025-03-04 21:00:00+00:00,796.3035287136637
2025-03-04 22:00:00+00:00,793.0374660598648
2025-03-04 23:00:00+00:00,793.6258980460132
2025-03-05 09:00:00+00:00,789.5959593975786
2025-03-05 10:00:00+00:00,788.5921558350459
2025-03-05 11:00:00+00:00,788.4034119486209
2025-03-05 12:00:00+00:00,791.2576021405799
2025-03-05 13:00:00+00:00,791.8773968343658
2025-03-05 14:00:00+00:00,795.5784385496391
2025-03-05 14:30:00+00:00,802.1862258255386
2025-03-05 15:30:00+00:00,802.2352207416697
2025-03-05 16:30:00+00:00,801.428592266736
2025-03-05 17:30:00+00:00,802.0393261823491
2025-03-05 18:30:00+00:00,806.5777863618778
2025-03-05 19:30:00+00:00,805.7107873124381
2025-03-05 20:30:00+00:00,808.861047600819
2025-03-05 21:00:00+00:00,815.4926097885018
2025-03-05 22:00:00+00:00,813.8956299650271
2025-03-05 23:00:00+00:00,816.4659631367407
2025-03-06 09:00:00+00:00,816.2690085572331
2025-03-06 10:00:00+00:00,815.8161948035568
2025-03-06 11:00:00+00:00,808.973651692232
2025-03-06 12:00:00+00:00,811.4372246755642
2025-03-06 13:00:00+00:00,810.4522265475185
2025-03-06 14:00:00+00:00,809.0070751338337
2025-03-06 14:30:00+00:00,806.2062637944681
2025-03-06 15:30:00+00:00,806.4560374073326
2025-03-06 16:30:00+00:00,802.430780060603
2025-03-06 17:30:00+00:00,804.360128984223
2025-03-06 18:30:00+00:00,807.8011591453592
2025-03-06 19:30:00+00:00,813.5509605663101
2025-03-06 20:30:00+00:00,813.8125495626526
2025-03-06 21:00:00+00:00,813.4175930057265
2025-03-06 22:00:00+00:00,815.6844902875655
2025-03-06 23:00:00+00:00,813.0543466522507
2025-03-07 09:00:00+00:00,819.5140139591218
2025-03-07 10:00:00+00:00,824.8721346362995
2025-03-07 11:00:00+00:00,825.7845800579233
2025-03-07 12:00:00+00:00,821.9300858029021
2025-03-07 13:00:00+00:00,824.1973163583668
2025-03-07 14:00:00+00:00,817.04925975635
2025-03-07 14:30:00+00:00,819.3184745236832
2025-03-07 15:30:00+00:00,822.9478041886115
2025-03-07 16:30:00+00:00,826.7918881982399
2025-03-07 17:30:00+00:00,827.141013686215
2025-03-07 18:30:00+00:00,829.9370007926207
2025-03-07 19:30:00+00:00,830.0608809110794
2025-03-07 20:30:00+00:00,827.7997601980234
2025-03-07 21:00:00+00:00,825.963597576485
2025-03-07 22:00:00+00:00,825.82302290444
2025-03-07 23:00:00+00:00,828.4602526012685
2025-03-10 09:00:00+00:00,830.1288591273486
2025-03-10 10:00:00+00:00,834.5406387212252
2025-03-10 11:00:00+00:00,835.5636215037321
2025-03-10 12:00:00+00:00,836.2943179722031
2025-03-10 13:00:00+00:00,838.395043779926
2025-03-10 13:30:00+00:00,840.4879366979009
2025-03-10 14:30:00+00:00,838.9019208254718
2025-03-10 15:30:00+00:00,841.1352149884127
2025-03-10 16:30:00+00:00,843.0980968453767
2025-03-10 17:30:00+00:00,836.5563391612233
2025-03-10 18:30:00+00:00,840.0845404795429
2025-03-10 19:30:00+00:00,841.351710616158
2025-03-10 20:00:00+00:00,847.6282899013966
2025-03-10 21:00:00+00:00,845.554775609676
2025-03-10 22:00:00+00:00,838.8958581238375
2025-03-10 23:00:00+00:00,840.1217508855898
2025-03-11 08:00:00+00:00,843.8058363534082
2025-03-11 09:00:00+00:00,839.4698394185027
2025-03-11 10:00:00+00:00,840.4752589440434
2025-03-11 11:00:00+00:00,848.1574174513498
2025-03-11 12:00:00+00:00,853.7515259624519
2025-03-11 13:00:00+00:00,859.3555841210605
2025-03-11 13:30:00+00:00,862.4856166115032
2025-03-11 14:30:00+00:00,860.124244498393
2025-03-11 15:30:00+00:00,851.3574333094946
2025-03-11 16:30:00+00:00,848.526756347724
2025-03-11 17:30:00+00:00,844.9107479401681
2025-03-11 18:30:00+00:00,851.0511149258818
2025-03-11 19:30:00+00:00,855.0310524690923
2025-03-11 20:00:00+00:00,859.4685213924699
2025-03-11 21:00:00+00:00,864.8497921352
2025-03-11 22:00:00+00:00,867.9204361652551
2025-03-11 23:00:00+00:00,866.0401449719908
2025-03-12 08:00:00+00:00,861.7117986764536
2025-03-12 09:00:00+00:00,856.7383277960528
2025-03-12 10:00:00+00:00,860.8271935927596
2025-03-12 11:00:00+00:00,859.2066539859311
2025-03-12 12:00:00+00:00,860.2800384830971
2025-03-12 13:00:00+00:00,861.2104263429441
2025-03-12 13:30:00+00:00,854.0840559368003
2025-03-12 14:30:00+00:00,854.4879372056934
2025-03-12 15:30:00+00:00,858.5174490251726
2025-03-12 16:30:00+00:00,855.4082132228552
2025-03-12 17:30:00+00:00,855.7036321741266
2025-03-12 18:30:00+00:00,849.990377228304
2025-03-12 19:30:00+00:00,853.2041375201501
2025-03-12 20:00:00+00:00,854.8896825960813
2025-03-12 21:00:00+00:00,854.573247703544
2025-03-12 22:00:00+00:00,851.0914567252889
2025-03-12 23:00:00+00:00,850.4514807515318
2025-03-13 08:00:00+00:00,843.2732697049005
2025-03-13 09:00:00+00:00,836.7355156072006
2025-03-13 10:00:00+00:00,834.6774270749999
2025-03-13 11:00:00+00:00,837.2018934869274
2025-03-13 12:00:00+00:00,835.7621567287932
2025-03-13 13:00:00+00:00,835.2952162251363
2025-03-13 13:30:00+00:00,828.8711607290154
2025-03-13 14:30:00+00:00,828.1620875566413
2025-03-13 15:30:00+00:00,827.2305460149828
2025-03-13 16:30:00+00:00,825.3171654489024
2025-03-13 17:30:00+00:00,825.0835136114717
2025-03-13 18:30:00+00:00,826.8462261319991
2025-03-13 19:30:00+00:00,832.7011307082989
2025-03-13 20:00:00+00:00,835.7216902591568
2025-03-13 21:00:00+00:00,840.7563578022938
2025-03-13 22:00:00+00:00,845.2101507143376
2025-03-13 23:00:00+00:00,846.0430618593657
2025-03-14 08:00:00+00:00,847.2723558638735
2025-03-14 09:00:00+00:00,854.9673749825437
2025-03-14 10:00:00+00:00,858.5353369499124
2025-03-14 11:00:00+00:00,854.6439945194052
2025-03-14 12:00:00+00:00,851.4418597774742
2025-03-14 13:00:00+00:00,852.8871057429859
2025-03-14 13:30:00+00:00,859.9793954669534
2025-03-14 14:30:00+00:00,865.8271350939934
2025-03-14 15:30:00+00:00,865.9338462269017
2025-03-14 16:30:00+00:00,868.8913512022376
2025-03-14 17:30:00+00:00,869.2623543874332
2025-03-14 18:30:00+00:00,866.2650137741879
2025-03-14 19:30:00+00:00,868.7771317987475
2025-03-14 20:00:00+00:00,872.5982460073408
2025-03-14 21:00:00+00:00,874.6707190851937
2025-03-14 22:00:00+00:00,869.3744495907051
2025-03-14 23:00:00+00:00,869.2200929385727
2025-03-17 08:00:00+00:00,870.3758039841708
2025-03-17 09:00:00+00:00,872.1612737642495
2025-03-17 10:00:00+00:00,874.5824908984582
2025-03-17 11:00:00+00:00,877.1877321826744
2025-03-17 12:00:00+00:00,877.2938686794137
2025-03-17 13:00:00+00:00,881.4935630371826
2025-03-17 13:30:00+00:00,877.8356151163781
2025-03-17 14:30:00+00:00,880.8234248858446
2025-03-17 15:30:00+00:00,884.738619704662
2025-03-17 16:30:00+00:00,887.5423720449181
2025-03-17 17:30:00+00:00,888.6038700318013
2025-03-17 18:30:00+00:00,892.5342924347341
2025-03-17 19:30:00+00:00,890.9788989990385
2025-03-17 20:00:00+00:00,889.3914801368929
2025-03-17 21:00:00+00:00,892.5903464845463
2025-03-17 22:00:00+00:00,890.6205818303567
2025-03-17 23:00:00+00:00,886.1973390052568
2025-03-18 08:00:00+00:00,890.1355434953575
2025-03-18 09:00:00+00:00,887.3723853188746
2025-03-18 10:00:00+00:00,889.470866518583
2025-03-18 11:00:00+00:00,889.6239217466697
2025-03-18 12:00:00+00:00,885.6123050674258
2025-03-18 13:00:00+00:00,881.6023500550045
2025-03-18 13:30:00+00:00,878.8682585757947
2025-03-18 14:30:00+00:00,877.8990241781605
2025-03-18 15:30:00+00:00,882.6858133132575
2025-03-18 16:30:00+00:00,886.2869406735441
2025-03-18 17:30:00+00:00,882.6981841518403
2025-03-18 18:30:00+00:00,887.8952054985383
2025-03-18 19:30:00+00:00,885.5370643342259
2025-03-18 20:00:00+00:00,883.1399543365535
2025-03-18 21:00:00+00:00,880.2579750235928
2025-03-18 22:00:00+00:00,888.1434115926537
2025-03-18 23:00:00+00:00,891.0080260247285
2025-03-19 08:00:00+00:00,893.136665443882
2025-03-19 09:00:00+00:00,892.2330309599267
2025-03-19 10:00:00+00:00,891.0918954948032
2025-03-19 11:00:00+00:00,885.0138715288568
2025-03-19 12:00:00+00:00,889.4078541791206
2025-03-19 13:00:00+00:00,886.2297830658673
2025-03-19 13:30:00+00:00,879.8546628198424
2025-03-19 14:30:00+00:00,886.4882460220017
2025-03-19 15:30:00+00:00,893.9626674296098
2025-03-19 16:30:00+00:00,895.0392329297625
2025-03-19 17:30:00+00:00,897.8591498518017
2025-03-19 18:30:00+00:00,891.9129915380886
2025-03-19 19:30:00+00:00,891.8386638206334
2025-03-19 20:00:00+00:00,895.9754529353994
2025-03-19 21:00:00+00:00,893.2591518452199
2025-03-19 22:00:00+00:00,897.1792062113739
2025-03-19 23:00:00+00:00,898.9914329126258
2025-03-20 08:00:00+00:00,900.8178089463951
2025-03-20 09:00:00+00:00,902.4860720747415
2025-03-20 10:00:00+00:00,895.4830971205367
2025-03-20 11:00:00+00:00,897.1670734895473
2025-03-20 12:00:00+00:00,898.2875851785974
2025-03-20 13:00:00+00:00,898.1640521175311
2025-03-20 13:30:00+00:00,891.6268423080301
2025-03-20 14:30:00+00:00,890.7251780669084
2025-03-20 15:30:00+00:00,887.8230055785843
2025-03-20 16:30:00+00:00,889.0078168108581
2025-03-20 17:30:00+00:00,890.5631018074237
2025-03-20 18:30:00+00:00,883.5622340624748
2025-03-20 19:30:00+00:00,884.2216441713746
2025-03-20 20:00:00+00:00,876.755747487754
2025-03-20 21:00:00+00:00,876.0816485435124
2025-03-20 22:00:00+00:00,873.3482644373257
2025-03-20 23:00:00+00:00,873.0797836228046
2025-03-21 08:00:00+00:00,876.7617386935165
2025-03-21 09:00:00+00:00,877.6493181226989
2025-03-21 10:00:00+00:00,871.8395886783198
2025-03-21 11:00:00+00:00,872.9637751733409
2025-03-21 12:00:00+00:00,875.9628605128419
2025-03-21 13:00:00+00:00,872.3733717643374
2025-03-21 13:30:00+00:00,870.9287222709376
2025-03-21 14:30:00+00:00,867.2843746008103
2025-03-21 15:30:00+00:00,869.0295916394439
2025-03-21 16:30:00+00:00,865.9352628325613
2025-03-21 17:30:00+00:00,870.8874783441928
2025-03-21 18:30:00+00:00,869.4129776779976
2025-03-21 19:30:00+00:00,871.3726807536493
2025-03-21 20:00:00+00:00,871.4527350294568
2025-03-21 21:00:00+00:00,872.8412512168579
2025-03-21 22:00:00+00:00,875.4907771823031
2025-03-21 23:00:00+00:00,875.9402737814618
2025-03-24 08:00:00+00:00,874.0941312318655
2025-03-24 09:00:00+00:00,873.6700574495561
2025-03-24 10:00:00+00:00,870.262926859716
2025-03-24 11:00:00+00:00,872.7804056212651
2025-03-24 12:00:00+00:00,862.963855567884
2025-03-24 13:00:00+00:00,863.4642205823485
2025-03-24 13:30:00+00:00,866.243560450405
2025-03-24 14:30:00+00:00,866.4560213945465
2025-03-24 15:30:00+00:00,862.9973713987564
2025-03-24 16:30:00+00:00,864.4515041987094
2025-03-24 17:30:00+00:00,868.6385951472721
2025-03-24 18:30:00+00:00,865.5410717151007
2025-03-24 19:30:00+00:00,865.9396087120567
2025-03-24 20:00:00+00:00,862.9804043291281
2025-03-24 21:00:00+00:00,861.367968571296
2025-03-24 22:00:00+00:00,857.3769859779836
2025-03-24 23:00:00+00:00,859.4318952072613
2025-03-25 08:00:00+00:00,856.8708014655322
2025-03-25 09:00:00+00:00,854.6971256165135
2025-03-25 10:00:00+00:00,852.3131563228884
2025-03-25 11:00:00+00:00,852.1281417829139
2025-03-25 12:00:00+00:00,853.1902919498256
2025-03-25 13:00:00+00:00,849.8357804956012
2025-03-25 13:30:00+00:00,851.5198610212325
2025-03-25 14:30:00+00:00,855.4983540003232
2025-03-25 15:30:00+00:00,855.778593432752
2025-03-25 16:30:00+00:00,855.0340734139768
2025-03-25 17:30:00+00:00,858.401611454479
2025-03-25 18:30:00+00:00,854.9190812046417
2025-03-25 19:30:00+00:00,849.8988228316753
2025-03-25 20:00:00+00:00,851.821533081581
2025-03-25 21:00:00+00:00,851.0518123069781
2025-03-25 22:00:00+00:00,856.5850666823331
2025-03-25 23:00:00+00:00,857.4081367324777
2025-03-26 08:00:00+00:00,856.8249203250125
2025-03-26 09:00:00+00:00,860.7925894238597
2025-03-26 10:00:00+00:00,859.6147415282489
2025-03-26 11:00:00+00:00,860.97234067531
2025-03-26 12:00:00+00:00,867.4428146552259
2025-03-26 13:00:00+00:00,863.5595768999788
2025-03-26 13:30:00+00:00,866.408106002736
2025-03-26 14:30:00+00:00,869.2138673114735
2025-03-26 15:30:00+00:00,879.2594952548353
2025-03-26 16:30:00+00:00,875.4614616254967
2025-03-26 17:30:00+00:00,876.1601665420991
2025-03-26 18:30:00+00:00,876.0226306054228
2025-03-26 19:30:00+00:00,876.9897140680652
2025-03-26 20:00:00+00:00,878.0505154829842
2025-03-26 21:00:00+00:00,885.1589020762282
2025-03-26 22:00:00+00:00,885.2310294037258
2025-03-26 23:00:00+00:00,885.8931578089312
2025-03-27 08:00:00+00:00,885.9674795764057
2025-03-27 09:00:00+00:00,887.3658673042744
2025-03-27 10:00:00+00:00,887.4912185722652
2025-03-27 11:00:00+00:00,883.2484286220215
2025-03-27 12:00:00+00:00,886.2033991625343
2025-03-27 13:00:00+00:00,878.4954298535129
2025-03-27 13:30:00+00:00,880.3055001944364
2025-03-27 14:30:00+00:00,881.0055915693929
2025-03-27 15:30:00+00:00,888.8547095195169
2025-03-27 16:30:00+00:00,889.7204729491713
2025-03-27 17:30:00+00:00,895.2604265102394
2025-03-27 18:30:00+00:00,902.0391237935315
2025-03-27 19:30:00+00:00,899.1310002554684
2025-03-27 20:00:00+00:00,907.6178492664225
2025-03-27 21:00:00+00:00,910.9811347559275
2025-03-27 22:00:00+00:00,911.9775145479136
2025-03-27 23:00:00+00:00,912.6203190147628
2025-03-28 08:00:00+00:00,916.5247380703825
2025-03-28 09:00:00+00:00,919.1618579399307
2025-03-28 10:00:00+00:00,921.4459613676586
2025-03-28 11:00:00+00:00,917.2834741431677
2025-03-28 12:00:00+00:00,914.7803737901024
2025-03-28 13:00:00+00:00,913.180067166389
2025-03-28 13:30:00+00:00,910.9179954873697
2025-03-28 14:30:00+00:00,910.6382010822088
2025-03-28 15:30:00+00:00,909.7764706842383
2025-03-28 16:30:00+00:00,905.5518068557457
2025-03-28 17:30:00+00:00,906.7208527054819
2025-03-28 18:30:00+00:00,905.4991949043917
2025-03-28 19:30:00+00:00,906.2323389945865
2025-03-28 20:00:00+00:00,906.0120535450002
2025-03-28 21:00:00+00:00,910.7001793428602
2025-03-28 22:00:00+00:00,910.5962311197843
2025-03-28 23:00:00+00:00,906.7774290394505
2025-03-31 08:00:00+00:00,904.572597139203
2025-03-31 09:00:00+00:00,901.0482628089493
2025-03-31 10:00:00+00:00,897.0827992865665
2025-03-31 11:00:00+00:00,895.8738136917486
2025-03-31 12:00:00+00:00,895.5257048573557
2025-03-31 13:00:00+00:00,891.4073815047383
2025-03-31 13:30:00+00:00,894.3638615297242
2025-03-31 14:30:00+00:00,888.7186144432101
2025-03-31 15:30:00+00:00,888.9479422205786
2025-03-31 16:30:00+00:00,888.1759176842197
2025-03-31 17:30:00+00:00,891.1474062473247
2025-03-31 18:30:00+00:00,892.0931503840432
2025-03-31 19:30:00+00:00,893.6033446681266
2025-03-31 20:00:00+00:00,894.0411250087615
2025-03-31 21:00:00+00:00,886.6741130257601
2025-03-31 22:00:00+00:00,890.1088564565327
2025-03-31 23:00:00+00:00,888.390679110172
2025-04-01 08:00:00+00:00,884.5446782236819
2025-04-01 09:00:00+00:00,888.8276482050172
2025-04-01 10:00:00+00:00,894.0782275651608
2025-04-01 11:00:00+00:00,904.6633106103243
2025-04-01 12:00:00+00:00,903.4143740473677
2025-04-01 13:00:00+00:00,904.001752069927
2025-04-01 13:30:00+00:00,904.7005612090585
2025-04-01 14:30:00+00:00,898.4779021634051
2025-04-01 15:30:00+00:00,896.6559557239078
2025-04-01 16:30:00+00:00,901.0882166922873
2025-04-01 17:30:00+00:00,897.4372138218448
2025-04-01 18:30:00+00:00,899.5931183532101
2025-04-01 19:30:00+00:00,896.3795807489204
2025-04-01 20:00:00+00:00,899.7706906940402
2025-04-01 21:00:00+00:00,897.2705856499181
2025-04-01 22:00:00+00:00,890.380988977085
2025-04-01 23:00:00+00:00,883.4994211920958
2025-04-02 08:00:00+00:00,888.5443711189688
2025-04-02 09:00:00+00:00,894.2398736877827
2025-04-02 10:00:00+00:00,897.0906596221763
2025-04-02 11:00:00+00:00,895.913526680442
2025-04-02 12:00:00+00:00,890.7336063720522
2025-04-02 13:00:00+00:00,889.4577622818058
2025-04-02 13:30:00+00:00,888.7960854483699
2025-04-02 14:30:00+00:00,890.1869512496171
2025-04-02 15:30:00+00:00,889.4317789803353
2025-04-02 16:30:00+00:00,892.2157091305593
2025-04-02 17:30:00+00:00,893.2316694232844
2025-04-02 18:30:00+00:00,890.7911338368898
2025-04-02 19:30:00+00:00,896.0671326443784
2025-04-02 20:00:00+00:00,894.2329049956944
2025-04-02 21:00:00+00:00,889.9807077607363
2025-04-02 22:00:00+00:00,891.0728128322046
2025-04-02 23:00:00+00:00,894.0708187462499
2025-04-03 08:00:00+00:00,892.6641186859782
2025-04-03 09:00:00+00:00,883.6116468898791
2025-04-03 10:00:00+00:00,877.4865964681384
2025-04-03 11:00:00+00:00,873.0842199006588
2025-04-03 12:00:00+00:00,874.3818097955522
2025-04-03 13:00:00+00:00,868.1950315570468
2025-04-03 13:30:00+00:00,871.5627221927292
2025-04-03 14:30:00+00:00,881.8038931600163
2025-04-03 15:30:00+00:00,883.1783227338404
2025-04-03 16:30:00+00:00,879.356742019594
2025-04-03 17:30:00+00:00,876.2040613590598
2025-04-03 18:30:00+00:00,877.9270953266699
2025-04-03 19:30:00+00:00,872.2969839062712
2025-04-03 20:00:00+00:00,870.0462111566056
2025-04-03 21:00:00+00:00,873.601482978298
2025-04-03 22:00:00+00:00,871.0126809512026
2025-04-03 23:00:00+00:00,872.3321436919081
2025-04-04 08:00:00+00:00,869.3365046556588
2025-04-04 09:00:00+00:00,868.6147001875016
2025-04-04 10:00:00+00:00,875.6352738378805
2025-04-04 11:00:00+00:00,876.9198652915453
2025-04-04 12:00:00+00:00,871.9107203242952
2025-04-04 13:00:00+00:00,869.4519619561302
2025-04-04 13:30:00+00:00,874.0642195535288
2025-04-04 14:30:00+00:00,873.4857064931381
2025-04-04 15:30:00+00:00,875.6872109511951
2025-04-04 16:30:00+00:00,873.8279280682806
2025-04-04 17:30:00+00:00,873.7309492959572
2025-04-04 18:30:00+00:00,869.8083456285626
2025-04-04 19:30:00+00:00,873.0093258778461
2025-04-04 20:00:00+00:00,863.5369190233606
2025-04-04 21:00:00+00:00,864.3372071956745
2025-04-04 22:00:00+00:00,862.836336875408
2025-04-04 23:00:00+00:00,860.335411786395
2025-04-07 08:00:00+00:00,860.8035941505224
2025-04-07 09:00:00+00:00,861.5119314141673
2025-04-07 10:00:00+00:00,859.6264102495398
2025-04-07 11:00:00+00:00,861.0356685832652
2025-04-07 12:00:00+00:00,859.2510063095592
2025-04-07 13:00:00+00:00,858.3440070292834
2025-04-07 13:30:00+00:00,864.6616096013544
2025-04-07 14:30:00+00:00,857.6311742177926
2025-04-07 15:30:00+00:00,863.8776099604964
2025-04-07 16:30:00+00:00,856.5366633591753
2025-04-07 17:30:00+00:00,854.8667341755498
2025-04-07 18:30:00+00:00,851.4484973668374
2025-04-07 19:30:00+00:00,852.8110752233147
2025-04-07 20:00:00+00:00,851.5315487832115
2025-04-07 21:00:00+00:00,855.2030836657032
2025-04-07 22:00:00+00:00,855.575960799642
2025-04-07 23:00:00+00:00,851.577373273648
2025-04-08 08:00:00+00:00,849.991406367748
2025-04-08 09:00:00+00:00,846.0227875521475
2025-04-08 10:00:00+00:00,850.5450219423302
2025-04-08 11:00:00+00:00,853.87135785946
2025-04-08 12:00:00+00:00,853.4888668320353
2025-04-08 13:00:00+00:00,851.9690828346554
2025-04-08 13:30:00+00:00,854.0995315078738
2025-04-08 14:30:00+00:00,847.3193909653555
2025-04-08 15:30:00+00:00,848.785786386962
2025-04-08 16:30:00+00:00,850.5694773178685
2025-04-08 17:30:00+00:00,846.1755914723889
2025-04-08 18:30:00+00:00,840.5909687186104
2025-04-08 19:30:00+00:00,840.935874363413
2025-04-08 20:00:00+00:00,839.556897353652
2025-04-08 21:00:00+00:00,842.0026060741734
2025-04-08 22:00:00+00:00,836.99100512088
2025-04-08 23:00:00+00:00,833.7323719015478
2025-04-09 08:00:00+00:00,834.4179984571163
2025-04-09 09:00:00+00:00,834.1008460400068
2025-04-09 10:00:00+00:00,835.6868211209782
2025-04-09 11:00:00+00:00,837.8504132624519
2025-04-09 12:00:00+00:00,832.1627932961845
2025-04-09 13:00:00+00:00,836.1251598669476
2025-04-09 13:30:00+00:00,831.0506027651306
2025-04-09 14:30:00+00:00,833.487190153119
2025-04-09 15:30:00+00:00,832.9466615271368
2025-04-09 16:30:00+00:00,830.7710371137294
2025-04-09 17:30:00+00:00,830.4117226118859
2025-04-09 18:30:00+00:00,828.9258948886093
2025-04-09 19:30:00+00:00,826.6199413449214
2025-04-09 20:00:00+00:00,826.7442204589499
2025-04-09 21:00:00+00:00,831.8291084972519
2025-04-09 22:00:00+00:00,828.8662983965753
2025-04-09 23:00:00+00:00,831.8585674270588
2025-04-10 08:00:00+00:00,834.560052261311
2025-04-10 09:00:00+00:00,835.6309145050292
2025-04-10 10:00:00+00:00,837.0118266489726
2025-04-10 11:00:00+00:00,839.4797477013285
2025-04-10 12:00:00+00:00,841.7076722944995
2025-04-10 13:00:00+00:00,845.746311017605
2025-04-10 13:30:00+00:00,848.3914625273948
2025-04-10 14:30:00+00:00,845.7923208808505
2025-04-10 15:30:00+00:00,849.735726616443
2025-04-10 16:30:00+00:00,848.5580872211801
2025-04-10 17:30:00+00:00,847.8182218542879
2025-04-10 18:30:00+00:00,850.6251876832085
2025-04-10 19:30:00+00:00,856.3606156406466
2025-04-10 20:00:00+00:00,854.9538319040154
2025-04-10 21:00:00+00:00,858.8836526126713
2025-04-10 22:00:00+00:00,858.7387828276521
2025-04-10 23:00:00+00:00,858.2030577853018
2025-04-11 08:00:00+00:00,855.5209227592131
2025-04-11 09:00:00+00:00,855.5995085517736
2025-04-11 10:00:00+00:00,856.5988247845628
2025-04-11 11:00:00+00:00,855.6447984002028
2025-04-11 12:00:00+00:00,860.6871514672766
2025-04-11 13:00:00+00:00,858.8705400702536
2025-04-11 13:30:00+00:00,857.2633962551828
2025-04-11 14:30:00+00:00,857.6632356334974
2025-04-11 15:30:00+00:00,857.122400611756
2025-04-11 16:30:00+00:00,852.5793616896154
2025-04-11 17:30:00+00:00,847.8079918788746
2025-04-11 18:30:00+00:00,857.4566952198384
2025-04-11 19:30:00+00:00,854.5017612097853
2025-04-11 20:00:00+00:00,854.7931126195155
2025-04-11 21:00:00+00:00,859.4019915310097
2025-04-11 22:00:00+00:00,857.3630695777271
2025-04-11 23:00:00+00:00,862.2623751230728
2025-04-14 08:00:00+00:00,863.034459117848
2025-04-14 09:00:00+00:00,864.592785312441
2025-04-14 10:00:00+00:00,868.3936878199613
2025-04-14 11:00:00+00:00,865.1959288528635
2025-04-14 12:00:00+00:00,868.2999836373532
2025-04-14 13:00:00+00:00,864.3030619426863
2025-04-14 13:30:00+00:00,860.3475087645958
2025-04-14 14:30:00+00:00,865.3391257168952
2025-04-14 15:30:00+00:00,866.3882839847532
2025-04-14 16:30:00+00:00,866.007248631943
2025-04-14 17:30:00+00:00,867.1426557366777
2025-04-14 18:30:00+00:00,868.4768124779632
2025-04-14 19:30:00+00:00,876.9266049062755
2025-04-14 20:00:00+00:00,878.721810429549
2025-04-14 21:00:00+00:00,882.7199477624897
2025-04-14 22:00:00+00:00,882.3363905513273
2025-04-14 23:00:00+00:00,878.8801551230573
2025-04-15 08:00:00+00:00,883.9576491780975
2025-04-15 09:00:00+00:00,886.4975909116645
2025-04-15 10:00:00+00:00,888.2024629267607
2025-04-15 11:00:00+00:00,886.6559060365905
2025-04-15 12:00:00+00:00,886.5293467114676
2025-04-15 13:00:00+00:00,890.1243354432615
2025-04-15 13:30:00+00:00,897.25765871289
2025-04-15 14:30:00+00:00,900.0210419039488
2025-04-15 15:30:00+00:00,905.1999850599186
2025-04-15 16:30:00+00:00,904.3699695680035
2025-04-15 17:30:00+00:00,900.7469869015321
2025-04-15 18:30:00+00:00,893.9738231515307
2025-04-15 19:30:00+00:00,891.2233578353053
2025-04-15 20:00:00+00:00,893.3487821092456
2025-04-15 21:00:00+00:00,892.3516581347646
2025-04-15 22:00:00+00:00,892.5834269909307
2025-04-15 23:00:00+00:00,892.5740477190554
2025-04-16 08:00:00+00:00,893.7529086273186
2025-04-16 09:00:00+00:00,894.9205913749291
2025-04-16 10:00:00+00:00,891.3657979317579
2025-04-16 11:00:00+00:00,890.5596504750263
2025-04-16 12:00:00+00:00,892.9532329728555
2025-04-16 13:00:00+00:00,893.4347296363441
2025-04-16 13:30:00+00:00,894.4061424053143
2025-04-16 14:30:00+00:00,895.8036026795754
2025-04-16 15:30:00+00:00,898.7447318430068
2025-04-16 16:30:00+00:00,901.2786696190278
2025-04-16 17:30:00+00:00,898.8833116161353
2025-04-16 18:30:00+00:00,898.5216411497325
2025-04-16 19:30:00+00:00,903.3195484363094
2025-04-16 20:00:00+00:00,908.5496504032124
2025-04-16 21:00:00+00:00,907.7349918002687
2025-04-16 22:00:00+00:00,907.3337642587143
2025-04-16 23:00:00+00:00,906.4028007622658
2025-04-17 08:00:00+00:00,911.4942972681648
2025-04-17 09:00:00+00:00,910.5424516889548
2025-04-17 10:00:00+00:00,911.6839269448557
2025-04-17 11:00:00+00:00,912.333665953961
2025-04-17 12:00:00+00:00,909.9439720461714
2025-04-17 13:00:00+00:00,912.52287961545
2025-04-17 13:30:00+00:00,909.0497103621143
2025-04-17 14:30:00+00:00,915.9507918545746
2025-04-17 15:30:00+00:00,908.7379600756601
2025-04-17 16:30:00+00:00,909.4987396449961
2025-04-17 17:30:00+00:00,903.7575849300853
2025-04-17 18:30:00+00:00,901.3565275240156
2025-04-17 19:30:00+00:00,896.1780879824247
2025-04-17 20:00:00+00:00,896.4588833119379
2025-04-17 21:00:00+00:00,892.2124012587454
2025-04-17 22:00:00+00:00,898.9392436435552
2025-04-17 23:00:00+00:00,891.8408233448472
2025-04-21 08:00:00+00:00,897.5337282233396
2025-04-21 09:00:00+00:00,899.4498727878924
2025-04-21 10:00:00+00:00,903.7459793276494
2025-04-21 11:00:00+00:00,901.1613551760609
2025-04-21 12:00:00+00:00,896.8242656639784
2025-04-21 13:00:00+00:00,896.172372564592
2025-04-21 13:30:00+00:00,890.1682757997644
2025-04-21 14:30:00+00:00,892.7597941383424
2025-04-21 15:30:00+00:00,890.492288236879
2025-04-21 16:30:00+00:00,890.9996988920888
2025-04-21 17:30:00+00:00,892.634470169936
2025-04-21 18:30:00+00:00,896.2450156675525
2025-04-21 19:30:00+00:00,896.7592453621982
2025-04-21 20:00:00+00:00,898.4070354736812
2025-04-21 21:00:00+00:00,906.967984046092
2025-04-21 22:00:00+00:00,901.6617156197173
2025-04-21 23:00:00+00:00,907.0282193367769
2025-04-22 08:00:00+00:00,902.622258193071
2025-04-22 09:00:00+00:00,902.5493924071453
2025-04-22 10:00:00+00:00,903.1795273893179
2025-04-22 11:00:00+00:00,903.8344465884576
2025-04-22 12:00:00+00:00,905.041744472712
2025-04-22 13:00:00+00:00,904.6598933959998
2025-04-22 13:30:00+00:00,901.1679907562785
2025-04-22 14:30:00+00:00,907.8065541074493
2025-04-22 15:30:00+00:00,907.7990850105386
2025-04-22 16:30:00+00:00,904.9488920691648
2025-04-22 17:30:00+00:00,907.6026469066301
2025-04-22 18:30:00+00:00,906.6177322400183
2025-04-22 19:30:00+00:00,901.8078006009011
2025-04-22 20:00:00+00:00,902.7458258752993
2025-04-22 21:00:00+00:00,895.9135444159805
2025-04-22 22:00:00+00:00,902.8984451468915
2025-04-22 23:00:00+00:00,895.2903114005252
2025-04-23 08:00:00+00:00,896.6449994701251
2025-04-23 09:00:00+00:00,898.0680732995221
2025-04-23 10:00:00+00:00,894.488371848144
2025-04-23 11:00:00+00:00,891.585248150613
2025-04-23 12:00:00+00:00,889.8029657443799
2025-04-23 13:00:00+00:00,885.0621773290483
2025-04-23 13:30:00+00:00,883.7210804510842
2025-04-23 14:30:00+00:00,887.3481624652765
2025-04-23 15:30:00+00:00,883.9917834802453
2025-04-23 16:30:00+00:00,887.9476983217692
2025-04-23 17:30:00+00:00,883.6725215221337
2025-04-23 18:30:00+00:00,881.4523542212848
2025-04-23 19:30:00+00:00,878.91577367638
2025-04-23 20:00:00+00:00,872.6698085059912
2025-04-23 21:00:00+00:00,863.4494423111678
2025-04-23 22:00:00+00:00,860.0245528879633
2025-04-23 23:00:00+00:00,858.2577541298288
2025-04-24 08:00:00+00:00,849.0132192634118
2025-04-24 09:00:00+00:00,850.3882521726184
2025-04-24 10:00:00+00:00,852.1388995025552
2025-04-24 11:00:00+00:00,854.4133955887634
2025-04-24 12:00:00+00:00,867.1562274784595
2025-04-24 13:00:00+00:00,866.1350717059305
2025-04-24 13:30:00+00:00,871.8440867185983
2025-04-24 14:30:00+00:00,874.9253880257243
2025-04-24 15:30:00+00:00,869.9504326442216
2025-04-24 16:30:00+00:00,868.3311381831605
2025-04-24 17:30:00+00:00,866.765804372335
2025-04-24 18:30:00+00:00,864.2406922516453
2025-04-24 19:30:00+00:00,864.0977350963816
2025-04-24 20:00:00+00:00,863.3378821976665
2025-04-24 21:00:00+00:00,858.0781582872879
2025-04-24 22:00:00+00:00,855.3985860496321
2025-04-24 23:00:00+00:00,852.819562594386
2025-04-25 08:00:00+00:00,852.2021513888708
2025-04-25 09:00:00+00:00,852.7925423458732
2025-04-25 10:00:00+00:00,854.4542851626558
2025-04-25 11:00:00+00:00,855.5999383531912
2025-04-25 12:00:00+00:00,852.8140105956876
2025-04-25 13:00:00+00:00,854.0800534477725
2025-04-25 13:30:00+00:00,851.7163941317183
2025-04-25 14:30:00+00:00,855.26714317559
2025-04-25 15:30:00+00:00,858.4441938148675
2025-04-25 16:30:00+00:00,851.9986936130824
2025-04-25 17:30:00+00:00,852.7722260449137
2025-04-25 18:30:00+00:00,858.4868809278659
2025-04-25 19:30:00+00:00,858.6101680522872
2025-04-25 20:00:00+00:00,859.327502880125
2025-04-25 21:00:00+00:00,857.0351772037401
2025-04-25 22:00:00+00:00,857.8806120984162
2025-04-25 23:00:00+00:00,860.8390336501476
2025-04-28 08:00:00+00:00,859.8693415917775
2025-04-28 09:00:00+00:00,861.3778757617566
2025-04-28 10:00:00+00:00,869.3894779509416
2025-04-28 11:00:00+00:00,868.2773385483209
2025-04-28 12:00:00+00:00,867.7944394635149
2025-04-28 13:00:00+00:00,863.8739486514846
2025-04-28 13:30:00+00:00,856.4122545574216
2025-04-28 14:30:00+00:00,856.7964739266667
2025-04-28 15:30:00+00:00,858.4733007064002
2025-04-28 16:30:00+00:00,856.6954155783226
2025-04-28 17:30:00+00:00,853.8656636115591
2025-04-28 18:30:00+00:00,856.4654778241066
2025-04-28 19:30:00+00:00,859.6156574244734
2025-04-28 20:00:00+00:00,861.4665134454311
2025-04-28 21:00:00+00:00,862.5857427647254
2025-04-28 22:00:00+00:00,860.7041398222422
2025-04-28 23:00:00+00:00,858.6176795332817
2025-04-29 08:00:00+00:00,855.308731454437
2025-04-29 09:00:00+00:00,858.981132925025
2025-04-29 10:00:00+00:00,856.1251086091415
2025-04-29 11:00:00+00:00,852.960668258819
2025-04-29 12:00:00+00:00,851.8710679146564
2025-04-29 13:00:00+00:00,847.4195817045808
2025-04-29 13:30:00+00:00,852.4802635396388
2025-04-29 14:30:00+00:00,852.1602254481451
2025-04-29 15:30:00+00:00,847.0945578986275
2025-04-29 16:30:00+00:00,844.8494925617601
2025-04-29 17:30:00+00:00,844.7390510801472
2025-04-29 18:30:00+00:00,847.3519589753755
2025-04-29 19:30:00+00:00,843.3343336458485
2025-04-29 20:00:00+00:00,839.1417734454863
2025-04-29 21:00:00+00:00,840.0620563500239
2025-04-29 22:00:00+00:00,839.1414643624391
2025-04-29 23:00:00+00:00,832.4280080123726
2025-04-30 08:00:00+00:00,834.012595941185
2025-04-30 09:00:00+00:00,828.7508310880387
2025-04-30 10:00:00+00:00,826.737387419161
2025-04-30 11:00:00+00:00,819.1208575805746
2025-04-30 12:00:00+00:00,815.3848272659318
2025-04-30 13:00:00+00:00,821.4817458360063
2025-04-30 13:30:00+00:00,818.7858648171823
2025-04-30 14:30:00+00:00,818.585373555323
2025-04-30 15:30:00+00:00,824.3661090643947
2025-04-30 16:30:00+00:00,828.4515650246146
2025-04-30 17:30:00+00:00,828.3191324638625
2025-04-30 18:30:00+00:00,825.631511494569
2025-04-30 19:30:00+00:00,824.6189425284891
2025-04-30 20:00:00+00:00,822.6135474012926
2025-04-30 21:00:00+00:00,822.834841047444
2025-04-30 22:00:00+00:00,822.0366511157254
2025-04-30 23:00:00+00:00,825.4931264790611
2025-05-01 08:00:00+00:00,828.9363274995862
2025-05-01 09:00:00+00:00,832.4226290404533
2025-05-01 10:00:00+00:00,833.775328637847
2025-05-01 11:00:00+00:00,831.8272713443445
2025-05-01 12:00:00+00:00,829.9768118745851
2025-05-01 13:00:00+00:00,832.5927871594997
2025-05-01 13:30:00+00:00,827.6480506442068
2025-05-01 14:30:00+00:00,830.0518405210249
2025-05-01 15:30:00+00:00,826.2946094779395
2025-05-01 16:30:00+00:00,829.0659705667223
2025-05-01 17:30:00+00:00,827.9973238350806
2025-05-01 18:30:00+00:00,817.21395591341
2025-05-01 19:30:00+00:00,816.9454132425255
2025-05-01 20:00:00+00:00,819.5058299741773
2025-05-01 21:00:00+00:00,817.9909923096374
2025-05-01 22:00:00+00:00,819.5635746602514
2025-05-01 23:00:00+00:00,819.8660253655734
2025-05-02 08:00:00+00:00,823.1911759491613
2025-05-02 09:00:00+00:00,820.5004232262443
2025-05-02 10:00:00+00:00,816.5495911181238
2025-05-02 11:00:00+00:00,815.0846108874525
2025-05-02 12:00:00+00:00,819.764992002311
2025-05-02 13:00:00+00:00,821.0420680857151
2025-05-02 13:30:00+00:00,815.2320552603137
2025-05-02 14:30:00+00:00,818.3534957256342
2025-05-02 15:30:00+00:00,814.448405863592
2025-05-02 16:30:00+00:00,814.5886177450017
2025-05-02 17:30:00+00:00,813.3541176531751
2025-05-02 18:30:00+00:00,821.8196274432479
2025-05-02 19:30:00+00:00,819.5660867475623
2025-05-02 20:00:00+00:00,820.4479629213638
2025-05-02 21:00:00+00:00,826.0163195917613
2025-05-02 22:00:00+00:00,822.0314565703434
2025-05-02 23:00:00+00:00,825.0997198547012
2025-05-05 08:00:00+00:00,822.9938795816402
2025-05-05 09:00:00+00:00,827.8496526783211
2025-05-05 10:00:00+00:00,835.124011545573
2025-05-05 11:00:00+00:00,836.3679371503295
2025-05-05 12:00:00+00:00,834.5612163182882
2025-05-05 13:00:00+00:00,827.1756997174341
2025-05-05 13:30:00+00:00,828.3183636790797
2025-05-05 14:30:00+00:00,826.0250787288403
2025-05-05 15:30:00+00:00,830.5165355466096
2025-05-05 16:30:00+00:00,830.5931005116066
2025-05-05 17:30:00+00:00,837.5539204085643
2025-05-05 18:30:00+00:00,837.721152305948
2025-05-05 19:30:00+00:00,836.2727951000626
2025-05-05 20:00:00+00:00,835.6253828843883
2025-05-05 21:00:00+00:00,833.8323240359299
2025-05-05 22:00:00+00:00,842.4871827963796
2025-05-05 23:00:00+00:00,840.0973571989571
2025-05-06 08:00:00+00:00,841.8688643537727
2025-05-06 09:00:00+00:00,834.7172061917234
2025-05-06 10:00:00+00:00,836.4752336148517
2025-05-06 11:00:00+00:00,833.5630695836139
2025-05-06 12:00:00+00:00,831.8173975187228
2025-05-06 13:00:00+00:00,830.9080349309869
2025-05-06 13:30:00+00:00,830.870651251778
2025-05-06 14:30:00+00:00,833.4534237942058
2025-05-06 15:30:00+00:00,834.3435077977995
2025-05-06 16:30:00+00:00,835.2461932694912
2025-05-06 17:30:00+00:00,835.8491975703826
2025-05-06 18:30:00+00:00,840.0157012166793
2025-05-06 19:30:00+00:00,832.4251626820886
2025-05-06 20:00:00+00:00,829.6935694045754
2025-05-06 21:00:00+00:00,826.2061283358091
2025-05-06 22:00:00+00:00,827.4635119007567
2025-05-06 23:00:00+00:00,827.1661102439648
2025-05-07 08:00:00+00:00,827.3042437364259
2025-05-07 09:00:00+00:00,823.8239561577672
2025-05-07 10:00:00+00:00,819.8496901032039
2025-05-07 11:00:00+00:00,820.2251194574048
2025-05-07 12:00:00+00:00,822.4905152746924
2025-05-07 13:00:00+00:00,816.3235072939071
2025-05-07 13:30:00+00:00,818.1193996424752
2025-05-07 14:30:00+00:00,820.1639114443154
2025-05-07 15:30:00+00:00,822.95141912268
2025-05-07 16:30:00+00:00,823.3201495743581
2025-05-07 17:30:00+00:00,821.0121555421721
2025-05-07 18:30:00+00:00,824.8582610236728
2025-05-07 19:30:00+00:00,818.4394716208534
2025-05-07 20:00:00+00:00,813.9047017816091
2025-05-07 21:00:00+00:00,814.9979830238314
2025-05-07 22:00:00+00:00,813.4988163248487
2025-05-07 23:00:00+00:00,811.4414814743185
2025-05-08 08:00:00+00:00,814.3213467048155
2025-05-08 09:00:00+00:00,816.6647707227448
2025-05-08 10:00:00+00:00,821.6109817780641
2025-05-08 11:00:00+00:00,822.9991521731247
2025-05-08 12:00:00+00:00,822.7501527479643
2025-05-08 13:00:00+00:00,824.0367691878588
2025-05-08 13:30:00+00:00,824.2580937356591
2025-05-08 14:30:00+00:00,823.7636142855199
2025-05-08 15:30:00+00:00,824.7703426927131
2025-05-08 16:30:00+00:00,824.9341275697299
2025-05-08 17:30:00+00:00,818.8160146119211
2025-05-08 18:30:00+00:00,815.4319719792148
2025-05-08 19:30:00+00:00,816.0251575238372
2025-05-08 20:00:00+00:00,812.7523781824048
2025-05-08 21:00:00+00:00,817.790286896987
2025-05-08 22:00:00+00:00,823.0308544674266
2025-05-08 23:00:00+00:00,819.7722935318516
2025-05-09 08:00:00+00:00,823.7063848818613
2025-05-09 09:00:00+00:00,823.8236147940017
2025-05-09 10:00:00+00:00,823.3380213454124
2025-05-09 11:00:00+00:00,828.4210327355892
2025-05-09 12:00:00+00:00,823.88876399054
2025-05-09 13:00:00+00:00,824.2256010978184
2025-05-09 13:30:00+00:00,815.5155068632795
2025-05-09 14:30:00+00:00,814.8920783555958
2025-05-09 15:30:00+00:00,824.9852319559433
2025-05-09 16:30:00+00:00,827.6107781984192
2025-05-09 17:30:00+00:00,824.3085459699386
2025-05-09 18:30:00+00:00,822.1112623893972
2025-05-09 19:30:00+00:00,827.7080488265216
2025-05-09 20:00:00+00:00,833.5849504035825
2025-05-09 21:00:00+00:00,833.0841959547441
2025-05-09 22:00:00+00:00,844.3461783122349
2025-05-09 23:00:00+00:00,843.1509660983834
2025-05-12 08:00:00+00:00,839.3798095663163
2025-05-12 09:00:00+00:00,836.2076294998501
2025-05-12 10:00:00+00:00,831.5303626694025
2025-05-12 11:00:00+00:00,835.2875112094977
2025-05-12 12:00:00+00:00,834.3570477418928
2025-05-12 13:00:00+00:00,835.1956057663434
2025-05-12 13:30:00+00:00,836.1611422503314
2025-05-12 14:30:00+00:00,840.2877773047385
2025-05-12 15:30:00+00:00,839.5250148591178
2025-05-12 16:30:00+00:00,838.4617653830675
2025-05-12 17:30:00+00:00,839.8396543307109
2025-05-12 18:30:00+00:00,842.3301172806712
2025-05-12 19:30:00+00:00,837.2982612094113
2025-05-12 20:00:00+00:00,840.754543338552
2025-05-12 21:00:00+00:00,838.7929789130731
2025-05-12 22:00:00+00:00,841.7039746936638
2025-05-12 23:00:00+00:00,835.9371613813915
2025-05-13 08:00:00+00:00,836.3642410023077
2025-05-13 09:00:00+00:00,832.9323649852524
2025-05-13 10:00:00+00:00,830.4887571504044
2025-05-13 11:00:00+00:00,827.9708688279303
2025-05-13 12:00:00+00:00,833.8802756978985
2025-05-13 13:00:00+00:00,834.3186847098675
2025-05-13 13:30:00+00:00,834.4712948759867
2025-05-13 14:30:00+00:00,835.4011296728216
2025-05-13 15:30:00+00:00,836.5911856799613
2025-05-13 16:30:00+00:00,836.9480332598131
2025-05-13 17:30:00+00:00,832.9149548760556
2025-05-13 18:30:00+00:00,829.8311084522007
2025-05-13 19:30:00+00:00,828.5699370897128
2025-05-13 20:00:00+00:00,826.4642282133534
2025-05-13 21:00:00+00:00,820.0841407856184
2025-05-13 22:00:00+00:00,819.4893396096505
2025-05-13 23:00:00+00:00,821.6001954810243
2025-05-14 08:00:00+00:00,818.1935511006358
2025-05-14 09:00:00+00:00,818.3463357205417
2025-05-14 10:00:00+00:00,820.4347983807146
2025-05-14 11:00:00+00:00,822.6923737412931
2025-05-14 12:00:00+00:00,825.82533074031
2025-05-14 13:00:00+00:00,818.5335457674042
2025-05-14 13:30:00+00:00,819.3175628316745
2025-05-14 14:30:00+00:00,814.9994023406856
2025-05-14 15:30:00+00:00,817.2420818054376
2025-05-14 16:30:00+00:00,816.6689839710732
2025-05-14 17:30:00+00:00,828.4809311111168
2025-05-14 18:30:00+00:00,828.9186328758811
2025-05-14 19:30:00+00:00,828.21877349181
2025-05-14 20:00:00+00:00,830.8724279376032
2025-05-14 21:00:00+00:00,832.3013280676968
2025-05-14 22:00:00+00:00,836.7976115101369
2025-05-14 23:00:00+00:00,839.4793394640835
2025-05-15 08:00:00+00:00,837.8834622088465
2025-05-15 09:00:00+00:00,842.9959679382531
2025-05-15 10:00:00+00:00,843.2869822593807
2025-05-15 11:00:00+00:00,848.2632996233366
2025-05-15 12:00:00+00:00,851.9512675856068
2025-05-15 13:00:00+00:00,857.4907233511483
2025-05-15 13:30:00+00:00,856.532576000453
2025-05-15 14:30:00+00:00,849.8327304823666
2025-05-15 15:30:00+00:00,849.1536832786121
2025-05-15 16:30:00+00:00,854.1827312530771
2025-05-15 17:30:00+00:00,856.3167032825509
2025-05-15 18:30:00+00:00,860.3593526699566
2025-05-15 19:30:00+00:00,856.4470114706337
2025-05-15 20:00:00+00:00,855.7926515773422
2025-05-15 21:00:00+00:00,851.4594251901746
2025-05-15 22:00:00+00:00,853.4413423126023
2025-05-15 23:00:00+00:00,852.0230808177281
2025-05-16 08:00:00+00:00,852.9128118839376
2025-05-16 09:00:00+00:00,848.5302947825053
2025-05-16 10:00:00+00:00,847.3187173959086
2025-05-16 11:00:00+00:00,842.7873545956072
2025-05-16 12:00:00+00:00,848.1371167532767
2025-05-16 13:00:00+00:00,846.6038917578392
2025-05-16 13:30:00+00:00,854.7105842966474
2025-05-16 14:30:00+00:00,854.2135492884469
2025-05-16 15:30:00+00:00,854.6888785158237
2025-05-16 16:30:00+00:00,852.8381590439287
2025-05-16 17:30:00+00:00,850.3068092980782
2025-05-16 18:30:00+00:00,848.9016857286955
2025-05-16 19:30:00+00:00,845.941422533687
2025-05-16 20:00:00+00:00,839.8329200150876
2025-05-16 21:00:00+00:00,839.6037793173895
2025-05-16 22:00:00+00:00,839.5108145426441
2025-05-16 23:00:00+00:00,845.8868747461432
2025-05-19 08:00:00+00:00,843.9304074243681
2025-05-19 09:00:00+00:00,842.5358422825342
2025-05-19 10:00:00+00:00,847.6508118274761
2025-05-19 11:00:00+00:00,846.6104500115769
2025-05-19 12:00:00+00:00,848.2518841105999
2025-05-19 13:00:00+00:00,844.0696927469331
2025-05-19 13:30:00+00:00,838.2906659060469
2025-05-19 14:30:00+00:00,843.2610088227108
2025-05-19 15:30:00+00:00,850.4443431027084
2025-05-19 16:30:00+00:00,851.2268598936442
2025-05-19 17:30:00+00:00,855.3262623941431
2025-05-19 18:30:00+00:00,853.4984552425431
2025-05-19 19:30:00+00:00,852.6388647012965
2025-05-19 20:00:00+00:00,852.9322316152401
2025-05-19 21:00:00+00:00,848.1927879992367
2025-05-19 22:00:00+00:00,846.0487767470798
2025-05-19 23:00:00+00:00,847.196498990175
2025-05-20 08:00:00+00:00,849.7423138662226
2025-05-20 09:00:00+00:00,848.6178060119528
2025-05-20 10:00:00+00:00,853.0181166840038
2025-05-20 11:00:00+00:00,850.8996013357042
2025-05-20 12:00:00+00:00,853.9941968932849
2025-05-20 13:00:00+00:00,850.6755180517879
2025-05-20 13:30:00+00:00,846.6676288487636
2025-05-20 14:30:00+00:00,849.0724639448737
2025-05-20 15:30:00+00:00,845.4320435664497
2025-05-20 16:30:00+00:00,844.8335825051311
2025-05-20 17:30:00+00:00,838.815350905514
2025-05-20 18:30:00+00:00,839.3134818313932
2025-05-20 19:30:00+00:00,833.521116761094
2025-05-20 20:00:00+00:00,834.6868234004763
2025-05-20 21:00:00+00:00,837.4237199249969
2025-05-20 22:00:00+00:00,834.5222339079633
2025-05-20 23:00:00+00:00,836.1172811651097
2025-05-21 08:00:00+00:00,839.9761369002224
2025-05-21 09:00:00+00:00,840.130999686258
2025-05-21 10:00:00+00:00,835.1654568851561
2025-05-21 11:00:00+00:00,835.1413785837257
2025-05-21 12:00:00+00:00,837.4882278905035
2025-05-21 13:00:00+00:00,841.6386811084678
2025-05-21 13:30:00+00:00,840.269594579133
2025-05-21 14:30:00+00:00,838.1555994036759
2025-05-21 15:30:00+00:00,836.9519096953863
2025-05-21 16:30:00+00:00,832.0153121135612
2025-05-21 17:30:00+00:00,832.353474862792
2025-05-21 18:30:00+00:00,832.0606753053618
2025-05-21 19:30:00+00:00,832.6601851418732
2025-05-21 20:00:00+00:00,833.2148354055
2025-05-21 21:00:00+00:00,826.2352812756467
2025-05-21 22:00:00+00:00,832.7489547756514
2025-05-21 23:00:00+00:00,837.2131624874883
2025-05-22 08:00:00+00:00,834.933841561409
2025-05-22 09:00:00+00:00,837.0205927510365
2025-05-22 10:00:00+00:00,844.7820550569382
2025-05-22 11:00:00+00:00,841.9379817737417
2025-05-22 12:00:00+00:00,841.7114771426334
2025-05-22 13:00:00+00:00,838.1720115649166
2025-05-22 13:30:00+00:00,837.6507590547316
2025-05-22 14:30:00+00:00,833.3073481957107
2025-05-22 15:30:00+00:00,827.6342774805552
2025-05-22 16:30:00+00:00,826.744404377801
2025-05-22 17:30:00+00:00,827.3424025870501
2025-05-22 18:30:00+00:00,831.0957960880814
2025-05-22 19:30:00+00:00,836.0205503669997
2025-05-22 20:00:00+00:00,839.7713873514824
2025-05-22 21:00:00+00:00,837.3391044470173
2025-05-22 22:00:00+00:00,824.360638908764
2025-05-22 23:00:00+00:00,827.3721942991571
2025-05-23 08:00:00+00:00,824.9698691844551
2025-05-23 09:00:00+00:00,821.0982957021947
2025-05-23 10:00:00+00:00,817.9919768943347
2025-05-23 11:00:00+00:00,819.4596501808766
2025-05-23 12:00:00+00:00,821.4300184540045
2025-05-23 13:00:00+00:00,820.1577261873397
2025-05-23 13:30:00+00:00,823.6363576418646
2025-05-23 14:30:00+00:00,825.1333284871249
2025-05-23 15:30:00+00:00,820.0063808314535
2025-05-23 16:30:00+00:00,828.7712609784061
2025-05-23 17:30:00+00:00,834.9808995971397
2025-05-23 18:30:00+00:00,833.0754267359309
2025-05-23 19:30:00+00:00,829.6754648570735
2025-05-23 20:00:00+00:00,826.4437815199158
2025-05-23 21:00:00+00:00,823.2905576252728
2025-05-23 22:00:00+00:00,819.5322085896528
2025-05-23 23:00:00+00:00,821.7656890884949
2025-05-27 08:00:00+00:00,823.1518971017387
2025-05-27 09:00:00+00:00,820.1605392665238
2025-05-27 10:00:00+00:00,826.9365109151622
2025-05-27 11:00:00+00:00,826.5138848501506
2025-05-27 12:00:00+00:00,823.4631330455359
2025-05-27 13:00:00+00:00,817.9661655197222
2025-05-27 13:30:00+00:00,814.2769364918412
2025-05-27 14:30:00+00:00,809.6501577737262
2025-05-27 15:30:00+00:00,815.5734053445599
2025-05-27 16:30:00+00:00,819.9259271397549
2025-05-27 17:30:00+00:00,820.62054384701
2025-05-27 18:30:00+00:00,823.834111392402
2025-05-27 19:30:00+00:00,828.0380428008648
2025-05-27 20:00:00+00:00,830.8087193639496
2025-05-27 21:00:00+00:00,829.6032785335464
2025-05-27 22:00:00+00:00,832.1442804697228
2025-05-27 23:00:00+00:00,831.5314059717725
2025-05-28 08:00:00+00:00,842.4536035295627
2025-05-28 09:00:00+00:00,839.9966861010254
2025-05-28 10:00:00+00:00,834.5909768070181
2025-05-28 11:00:00+00:00,835.1180024742529
2025-05-28 12:00:00+00:00,838.0604878981155
2025-05-28 13:00:00+00:00,836.8878070859171
2025-05-28 13:30:00+00:00,838.4144924697807
2025-05-28 14:30:00+00:00,840.3948498344133
2025-05-28 15:30:00+00:00,843.2221347611531
2025-05-28 16:30:00+00:00,847.5122190553376
2025-05-28 17:30:00+00:00,853.1574076064134
2025-05-28 18:30:00+00:00,853.8948270744645
2025-05-28 19:30:00+00:00,847.621798536779
2025-05-28 20:00:00+00:00,848.3910017811518
2025-05-28 21:00:00+00:00,846.5989470827045
2025-05-28 22:00:00+00:00,850.6939670694089
2025-05-28 23:00:00+00:00,856.1712234688516
2025-05-29 08:00:00+00:00,856.2832292058033
2025-05-29 09:00:00+00:00,852.3910989744426
2025-05-29 10:00:00+00:00,852.3286788074846
2025-05-29 11:00:00+00:00,852.2314577789023
2025-05-29 12:00:00+00:00,853.9621571062136
2025-05-29 13:00:00+00:00,848.3009704451355
2025-05-29 13:30:00+00:00,847.5453280290959
2025-05-29 14:30:00+00:00,845.0775787416305
2025-05-29 15:30:00+00:00,848.4117818676481
2025-05-29 16:30:00+00:00,845.9110872977852
2025-05-29 17:30:00+00:00,852.5207833020312
2025-05-29 18:30:00+00:00,847.3025662486863
2025-05-29 19:30:00+00:00,841.0380960165105
2025-05-29 20:00:00+00:00,842.229587814153
2025-05-29 21:00:00+00:00,840.0660419991907
2025-05-29 22:00:00+00:00,841.7351599432824
2025-05-29 23:00:00+00:00,838.293574090234
2025-05-30 08:00:00+00:00,842.1421534330841
2025-05-30 09:00:00+00:00,840.9530223325938
2025-05-30 10:00:00+00:00,842.3887739989915
2025-05-30 11:00:00+00:00,848.1923434718381
2025-05-30 12:00:00+00:00,850.3560890940707
2025-05-30 13:00:00+00:00,849.7424097092161
2025-05-30 13:30:00+00:00,848.5756357910522
2025-05-30 14:30:00+00:00,850.0219263140642
2025-05-30 15:30:00+00:00,845.328752319716
2025-05-30 16:30:00+00:00,845.7461434165831
2025-05-30 17:30:00+00:00,849.9205683839128
2025-05-30 18:30:00+00:00,847.3585149002749
2025-05-30 19:30:00+00:00,850.4214530876525
2025-05-30 20:00:00+00:00,847.6677333728242
2025-05-30 21:00:00+00:00,840.7640662071344
2025-05-30 22:00:00+00:00,839.2831571076475
2025-05-30 23:00:00+00:00,840.5045031352544
2025-06-02 08:00:00+00:00,846.2299981797945
2025-06-02 09:00:00+00:00,841.8370319798713
2025-06-02 10:00:00+00:00,840.195389382557
2025-06-02 11:00:00+00:00,838.656965415473
2025-06-02 12:00:00+00:00,842.1743229740463
2025-06-02 13:00:00+00:00,844.8483249018757
2025-06-02 13:30:00+00:00,843.8792729925325
2025-06-02 14:30:00+00:00,844.2675200170169
2025-06-02 15:30:00+00:00,840.7944958985515
2025-06-02 16:30:00+00:00,842.5696979288928
2025-06-02 17:30:00+00:00,839.699050557716
2025-06-02 18:30:00+00:00,850.2429611846145
2025-06-02 19:30:00+00:00,854.4435983653806
2025-06-02 20:00:00+00:00,858.414161926277
2025-06-02 21:00:00+00:00,855.407622107263
2025-06-02 22:00:00+00:00,859.4045822251318
2025-06-02 23:00:00+00:00,856.9157548029622
2025-06-03 08:00:00+00:00,858.3992154174329
2025-06-03 09:00:00+00:00,857.1489053018622
2025-06-03 10:00:00+00:00,850.7921133990058
2025-06-03 11:00:00+00:00,850.1796583761483
2025-06-03 12:00:00+00:00,846.1310485258482
2025-06-03 13:00:00+00:00,838.395946754653
2025-06-03 13:30:00+00:00,838.0428967504319
2025-06-03 14:30:00+00:00,841.6029792475516
2025-06-03 15:30:00+00:00,841.0345182786244
2025-06-03 16:30:00+00:00,843.5393279881279
2025-06-03 17:30:00+00:00,843.2024407170256
2025-06-03 18:30:00+00:00,847.9217315848473
2025-06-03 19:30:00+00:00,854.65285234103
2025-06-03 20:00:00+00:00,857.4340316912335
2025-06-03 21:00:00+00:00,858.0136844262895
2025-06-03 22:00:00+00:00,855.559842599514
2025-06-03 23:00:00+00:00,857.5090648314273
2025-06-04 08:00:00+00:00,856.7889579700046
2025-06-04 09:00:00+00:00,854.24622390888
2025-06-04 10:00:00+00:00,854.1564248642338
2025-06-04 11:00:00+00:00,855.9592175805569
2025-06-04 12:00:00+00:00,860.5758191316341
2025-06-04 13:00:00+00:00,860.3773255538405
2025-06-04 13:30:00+00:00,856.1737014644882
2025-06-04 14:30:00+00:00,860.8941406791557
2025-06-04 15:30:00+00:00,862.305915221598
2025-06-04 16:30:00+00:00,858.892075043955
2025-06-04 17:30:00+00:00,856.7583373092533
2025-06-04 18:30:00+00:00,858.0074687444057
2025-06-04 19:30:00+00:00,856.1596560376576
2025-06-04 20:00:00+00:00,854.9512297585412
2025-06-04 21:00:00+00:00,854.3666909985828
2025-06-04 22:00:00+00:00,855.3557486485875
2025-06-04 23:00:00+00:00,856.8570069447192
2025-06-05 08:00:00+00:00,855.3040701812613
2025-06-05 09:00:00+00:00,860.5117789356726
2025-06-05 10:00:00+00:00,858.3497289748732
2025-06-05 11:00:00+00:00,855.7565375210238
2025-06-05 12:00:00+00:00,856.0983738941949
2025-06-05 13:00:00+00:00,851.819736488729
2025-06-05 13:30:00+00:00,845.838717656065
2025-06-05 14:30:00+00:00,845.1493179808206
2025-06-05 15:30:00+00:00,844.4564714001948
2025-06-05 16:30:00+00:00,844.7681426741764
2025-06-05 17:30:00+00:00,844.981049475506
2025-06-05 18:30:00+00:00,840.0477384148047
2025-06-05 19:30:00+00:00,842.4112824703491
2025-06-05 20:00:00+00:00,841.7646422526523
2025-06-05 21:00:00+00:00,840.8293345823872
2025-06-05 22:00:00+00:00,840.959416435378
2025-06-05 23:00:00+00:00,844.0772334627746
2025-06-06 08:00:00+00:00,853.0953386201849
2025-06-06 09:00:00+00:00,851.1973234654472
2025-06-06 10:00:00+00:00,857.3625971233645
2025-06-06 11:00:00+00:00,854.8315716327227
2025-06-06 12:00:00+00:00,852.9871147081892
2025-06-06 13:00:00+00:00,846.9600855254927
2025-06-06 13:30:00+00:00,849.1776593718926
2025-06-06 14:30:00+00:00,849.8790084595771
2025-06-06 15:30:00+00:00,849.5168730043191
2025-06-06 16:30:00+00:00,847.6915292111246
2025-06-06 17:30:00+00:00,844.4227270709861
2025-06-06 18:30:00+00:00,846.7254146540643
2025-06-06 19:30:00+00:00,848.5076926179273
2025-06-06 20:00:00+00:00,848.9105553890109
2025-06-06 21:00:00+00:00,846.3397135034338
2025-06-06 22:00:00+00:00,856.2394964998751
2025-06-06 23:00:00+00:00,859.7937722906869
2025-06-09 08:00:00+00:00,866.5436374231425
2025-06-09 09:00:00+00:00,870.1567371573758
2025-06-09 10:00:00+00:00,863.1540596093278
2025-06-09 11:00:00+00:00,867.914748884553
2025-06-09 12:00:00+00:00,871.2755962722023
2025-06-09 13:00:00+00:00,872.3517375104733
2025-06-09 13:30:00+00:00,875.4107555322204
2025-06-09 14:30:00+00:00,873.3643027790389
2025-06-09 15:30:00+00:00,870.7949322193924
2025-06-09 16:30:00+00:00,869.8786454133051
2025-06-09 17:30:00+00:00,871.1254297894503
2025-06-09 18:30:00+00:00,865.2293328548323
2025-06-09 19:30:00+00:00,863.4793953097618
2025-06-09 20:00:00+00:00,867.642395595044
2025-06-09 21:00:00+00:00,865.3183616469236
2025-06-09 22:00:00+00:00,868.7054151444256
2025-06-09 23:00:00+00:00,871.4738682915801
2025-06-10 08:00:00+00:00,874.7308816330387
2025-06-10 09:00:00+00:00,872.9375208813027
2025-06-10 10:00:00+00:00,873.6651782691879
2025-06-10 11:00:00+00:00,874.4534874309875
2025-06-10 12:00:00+00:00,871.6287277222001
2025-06-10 13:00:00+00:00,876.2461425743795
2025-06-10 13:30:00+00:00,877.1895510120439
2025-06-10 14:30:00+00:00,885.4444986010363
2025-06-10 15:30:00+00:00,877.1430931104421
2025-06-10 16:30:00+00:00,878.7913240409881
2025-06-10 17:30:00+00:00,874.144762625978
2025-06-10 18:30:00+00:00,872.6610976890588
2025-06-10 19:30:00+00:00,867.5871876778195
2025-06-10 20:00:00+00:00,862.4113316374954
2025-06-10 21:00:00+00:00,862.9485691757966
2025-06-10 22:00:00+00:00,862.7323850106341
2025-06-10 23:00:00+00:00,860.5711168749102
2025-06-11 08:00:00+00:00,856.728091844168
2025-06-11 09:00:00+00:00,856.5943277092214
2025-06-11 10:00:00+00:00,851.5781357034584
2025-06-11 11:00:00+00:00,850.549215315761
2025-06-11 12:00:00+00:00,850.2803156555964
2025-06-11 13:00:00+00:00,849.9304514654655
2025-06-11 13:30:00+00:00,846.6610555455591
2025-06-11 14:30:00+00:00,849.3687594303386
2025-06-11 15:30:00+00:00,844.5474523135729
2025-06-11 16:30:00+00:00,842.2213462980175
2025-06-11 17:30:00+00:00,841.0443710185217
2025-06-11 18:30:00+00:00,841.0591709671318
2025-06-11 19:30:00+00:00,844.3201654112239
2025-06-11 20:00:00+00:00,846.0121228251189
2025-06-11 21:00:00+00:00,845.4122391127493
2025-06-11 22:00:00+00:00,846.7813719767905
2025-06-11 23:00:00+00:00,851.451372588908
2025-06-12 08:00:00+00:00,851.3587142558134
2025-06-12 09:00:00+00:00,850.0769677113608
2025-06-12 10:00:00+00:00,857.0945122034329
2025-06-12 11:00:00+00:00,853.6961389997324
2025-06-12 12:00:00+00:00,852.0459501088932
2025-06-12 13:00:00+00:00,858.4404699886254
2025-06-12 13:30:00+00:00,856.5205538750923
2025-06-12 14:30:00+00:00,855.2999032501551
2025-06-12 15:30:00+00:00,849.897148919699
2025-06-12 16:30:00+00:00,859.0436361821963
2025-06-12 17:30:00+00:00,860.2122517404933
2025-06-12 18:30:00+00:00,860.7449798953818
2025-06-12 19:30:00+00:00,859.9707968671121
2025-06-12 20:00:00+00:00,856.5814513182164
2025-06-12 21:00:00+00:00,860.7418790825946
2025-06-12 22:00:00+00:00,858.319726640022
2025-06-12 23:00:00+00:00,859.9716917286497
2025-06-13 08:00:00+00:00,854.791224571026
2025-06-13 09:00:00+00:00,857.9559592708938
2025-06-13 10:00:00+00:00,861.3042305335022
2025-06-13 11:00:00+00:00,857.6348446537728
2025-06-13 12:00:00+00:00,856.6814512793057
2025-06-13 13:00:00+00:00,862.9374852958156
2025-06-13 13:30:00+00:00,861.9649971877787
2025-06-13 14:30:00+00:00,867.2413156246495
2025-06-13 15:30:00+00:00,868.498841916556
2025-06-13 16:30:00+00:00,868.2536974880044
2025-06-13 17:30:00+00:00,865.2612818688194
2025-06-13 18:30:00+00:00,868.1755781799486
2025-06-13 19:30:00+00:00,869.2872442779142
2025-06-13 20:00:00+00:00,870.6802277581927
2025-06-13 21:00:00+00:00,863.5147968861511
2025-06-13 22:00:00+00:00,865.8788148362478
2025-06-13 23:00:00+00:00,871.024777260749
2025-06-16 08:00:00+00:00,865.6143780811302
2025-06-16 09:00:00+00:00,864.0099523574257
2025-06-16 10:00:00+00:00,857.725804013128
2025-06-16 11:00:00+00:00,860.5128350012836
2025-06-16 12:00:00+00:00,858.9201634691691
2025-06-16 13:00:00+00:00,858.4068572644607
2025-06-16 13:30:00+00:00,851.2976498675606
2025-06-16 14:30:00+00:00,851.2361517867769
2025-06-16 15:30:00+00:00,850.729078426024
2025-06-16 16:30:00+00:00,850.84328302808
2025-06-16 17:30:00+00:00,853.2735298086268
2025-06-16 18:30:00+00:00,861.628033392972
2025-06-16 19:30:00+00:00,865.9776905926051
2025-06-16 20:00:00+00:00,870.6759468978549
2025-06-16 21:00:00+00:00,866.6783685740874
2025-06-16 22:00:00+00:00,876.3662779630592
2025-06-16 23:00:00+00:00,878.3993532272547
2025-06-17 08:00:00+00:00,874.1932300436679
2025-06-17 09:00:00+00:00,868.2477301512633
2025-06-17 10:00:00+00:00,869.2805779284536
2025-06-17 11:00:00+00:00,873.0459069544465
2025-06-17 12:00:00+00:00,879.1148011828493
2025-06-17 13:00:00+00:00,880.5576576890398
2025-06-17 13:30:00+00:00,890.2719697313039
2025-06-17 14:30:00+00:00,889.7672866042004
2025-06-17 15:30:00+00:00,892.4172705435204
2025-06-17 16:30:00+00:00,893.2257210438091
2025-06-17 17:30:00+00:00,895.4495714629335
2025-06-17 18:30:00+00:00,898.8152696427898
2025-06-17 19:30:00+00:00,905.8914727128641
2025-06-17 20:00:00+00:00,903.5206793105315
2025-06-17 21:00:00+00:00,903.1438019039975
2025-06-17 22:00:00+00:00,901.3078324098162
2025-06-17 23:00:00+00:00,900.8843458190929
2025-06-18 08:00:00+00:00,902.7560978408347
2025-06-18 09:00:00+00:00,904.2073752304781
2025-06-18 10:00:00+00:00,908.0216319681745
2025-06-18 11:00:00+00:00,906.5302259592321
2025-06-18 12:00:00+00:00,908.9295192235277
2025-06-18 13:00:00+00:00,902.9962786873053
2025-06-18 13:30:00+00:00,905.2719685950965
2025-06-18 14:30:00+00:00,903.3838896823491
2025-06-18 15:30:00+00:00,908.4945464287949
2025-06-18 16:30:00+00:00,906.5973741263485
2025-06-18 17:30:00+00:00,910.8873259666572
2025-06-18 18:30:00+00:00,910.9104727691908
2025-06-18 19:30:00+00:00,909.9011288895273
2025-06-18 20:00:00+00:00,908.2231690859294
2025-06-18 21:00:00+00:00,907.2650376484402
2025-06-18 22:00:00+00:00,911.7542241470103
2025-06-18 23:00:00+00:00,918.5105058945422
2025-06-20 08:00:00+00:00,918.9805964117016
2025-06-20 09:00:00+00:00,914.6874607622026
2025-06-20 10:00:00+00:00,915.0766901488436
2025-06-20 11:00:00+00:00,912.1773157305042
2025-06-20 12:00:00+00:00,916.2834102032045
2025-06-20 13:00:00+00:00,919.9083386919552
2025-06-20 13:30:00+00:00,923.919222359635
2025-06-20 14:30:00+00:00,927.4811322225539
2025-06-20 15:30:00+00:00,928.3642261480135
2025-06-20 16:30:00+00:00,931.3282517192249
2025-06-20 17:30:00+00:00,929.9927440979322
2025-06-20 18:30:00+00:00,928.4022123886238
2025-06-20 19:30:00+00:00,935.4866528698726
2025-06-20 20:00:00+00:00,931.3319309662936
2025-06-20 21:00:00+00:00,927.4984412148735
2025-06-20 22:00:00+00:00,927.8916279534861
2025-06-20 23:00:00+00:00,930.4065637495193
2025-06-23 08:00:00+00:00,936.0290055604218
2025-06-23 09:00:00+00:00,934.1502216546155
2025-06-23 10:00:00+00:00,924.0635097955418
2025-06-23 11:00:00+00:00,924.6622696759333
2025-06-23 12:00:00+00:00,923.9587095965264
2025-06-23 13:00:00+00:00,930.2873911255307
2025-06-23 13:30:00+00:00,929.2896398966233
2025-06-23 14:30:00+00:00,927.2733410827157
2025-06-23 15:30:00+00:00,924.7715699613699
2025-06-23 16:30:00+00:00,920.978938390035
2025-06-23 17:30:00+00:00,919.807363104742
2025-06-23 18:30:00+00:00,920.2216946001658
2025-06-23 19:30:00+00:00,916.9854082090915
2025-06-23 20:00:00+00:00,914.8739474912903
2025-06-23 21:00:00+00:00,909.6563224315694
2025-06-23 22:00:00+00:00,907.4590808960153
2025-06-23 23:00:00+00:00,909.1588962945849
2025-06-24 08:00:00+00:00,911.5155446645309
2025-06-24 09:00:00+00:00,904.8408909020471
2025-06-24 10:00:00+00:00,899.7890515116795
2025-06-24 11:00:00+00:00,902.901402289795
2025-06-24 12:00:00+00:00,896.0891849296921
2025-06-24 13:00:00+00:00,890.96303163323
2025-06-24 13:30:00+00:00,891.9326814140954
2025-06-24 14:30:00+00:00,890.6329380696578
2025-06-24 15:30:00+00:00,889.8819038014075
2025-06-24 16:30:00+00:00,898.5241842770824
2025-06-24 17:30:00+00:00,898.4891731878724
2025-06-24 18:30:00+00:00,895.5581512573136
2025-06-24 19:30:00+00:00,899.0178564043441
2025-06-24 20:00:00+00:00,897.4758715959415
2025-06-24 21:00:00+00:00,901.7277846666819
2025-06-24 22:00:00+00:00,902.1235821425643
2025-06-24 23:00:00+00:00,904.3639032508993
2025-06-25 08:00:00+00:00,896.7711917668928
2025-06-25 09:00:00+00:00,895.828185174288
2025-06-25 10:00:00+00:00,897.8787992708831
2025-06-25 11:00:00+00:00,896.9618030734696
2025-06-25 12:00:00+00:00,898.8018769257628
2025-06-25 13:00:00+00:00,898.804334217925
2025-06-25 13:30:00+00:00,895.7849758636505
2025-06-25 14:30:00+00:00,895.4024723100753
2025-06-25 15:30:00+00:00,888.7602581043442
2025-06-25 16:30:00+00:00,884.6353386200276
2025-06-25 17:30:00+00:00,886.9605604903173
2025-06-25 18:30:00+00:00,894.64433094814
2025-06-25 19:30:00+00:00,889.6462935076797
2025-06-25 20:00:00+00:00,899.1940467305939
2025-06-25 21:00:00+00:00,905.1154580510059
2025-06-25 22:00:00+00:00,908.6596366895379
2025-06-25 23:00:00+00:00,909.3100574064531
2025-06-26 08:00:00+00:00,911.2479539416082
2025-06-26 09:00:00+00:00,911.2967763226416
2025-06-26 10:00:00+00:00,912.8919215484682
2025-06-26 11:00:00+00:00,910.893736094561
2025-06-26 12:00:00+00:00,909.481354554139
2025-06-26 13:00:00+00:00,913.3515336664583
2025-06-26 13:30:00+00:00,905.1947689997103
2025-06-26 14:30:00+00:00,904.0699629834444
2025-06-26 15:30:00+00:00,906.3832772857572
2025-06-26 16:30:00+00:00,906.0671709858345
2025-06-26 17:30:00+00:00,903.5093256372559
2025-06-26 18:30:00+00:00,906.416654498309
2025-06-26 19:30:00+00:00,913.1201764982194
2025-06-26 20:00:00+00:00,916.2163668082754
2025-06-26 21:00:00+00:00,919.2217554113419
2025-06-26 22:00:00+00:00,920.1709075249223
2025-06-26 23:00:00+00:00,922.9430011210029
2025-06-27 08:00:00+00:00,930.2014791303354
2025-06-27 09:00:00+00:00,925.4312824936034
2025-06-27 10:00:00+00:00,924.0565783701711
2025-06-27 11:00:00+00:00,928.1531266415536
2025-06-27 12:00:00+00:00,927.1068303283417
2025-06-27 13:00:00+00:00,922.7178121926956
2025-06-27 13:30:00+00:00,928.7206860164445
2025-06-27 14:30:00+00:00,926.5023554289679
2025-06-27 15:30:00+00:00,920.2270995373293
2025-06-27 16:30:00+00:00,922.8828631444851
2025-06-27 17:30:00+00:00,925.6474159120987
2025-06-27 18:30:00+00:00,930.4598977693392
2025-06-27 19:30:00+00:00,930.3876326463443
2025-06-27 20:00:00+00:00,923.7056550014498
2025-06-27 21:00:00+00:00,927.5323809566735
2025-06-27 22:00:00+00:00,921.884680284584
2025-06-27 23:00:00+00:00,921.4691692715143
2025-06-30 08:00:00+00:00,920.0861972141183
2025-06-30 09:00:00+00:00,924.6403890081989
2025-06-30 10:00:00+00:00,929.3707185932183
2025-06-30 11:00:00+00:00,921.307878358255
2025-06-30 12:00:00+00:00,916.5713954537503
2025-06-30 13:00:00+00:00,917.9271747116805
2025-06-30 13:30:00+00:00,918.5334685853196
2025-06-30 14:30:00+00:00,916.3587944477715
2025-06-30 15:30:00+00:00,920.2375272561749
2025-06-30 16:30:00+00:00,920.2522028970692
2025-06-30 17:30:00+00:00,920.0322283639522
2025-06-30 18:30:00+00:00,925.1294333190555
2025-06-30 19:30:00+00:00,916.1964346474267
2025-06-30 20:00:00+00:00,916.7863686720134
2025-06-30 21:00:00+00:00,913.5336004388743
2025-06-30 22:00:00+00:00,913.0916733884213
2025-06-30 23:00:00+00:00,912.166851805885
2025-07-01 08:00:00+00:00,919.4641289689115
2025-07-01 09:00:00+00:00,915.5828044140458
2025-07-01 10:00:00+00:00,923.3050701343702
2025-07-01 11:00:00+00:00,921.8551030728999
2025-07-01 12:00:00+00:00,919.996816092537
2025-07-01 13:00:00+00:00,918.9728155550948
2025-07-01 13:30:00+00:00,914.700706108459
2025-07-01 14:30:00+00:00,915.9269230591789
2025-07-01 15:30:00+00:00,918.0451344362623
2025-07-01 16:30:00+00:00,919.3799861492429
2025-07-01 17:30:00+00:00,921.6526707297179
2025-07-01 18:30:00+00:00,920.7455504928447
2025-07-01 19:30:00+00:00,920.5881356434982
2025-07-01 20:00:00+00:00,920.0742797581654
2025-07-01 21:00:00+00:00,917.5014286261286
2025-07-01 22:00:00+00:00,926.0743203260729
2025-07-01 23:00:00+00:00,932.0422337085366
2025-07-02 08:00:00+00:00,928.7673165613093
2025-07-02 09:00:00+00:00,930.4721620637442
2025-07-02 10:00:00+00:00,933.8026851269459
2025-07-02 11:00:00+00:00,941.6506606691098
2025-07-02 12:00:00+00:00,936.312626891366
2025-07-02 13:00:00+00:00,934.9826664911789
2025-07-02 13:30:00+00:00,936.5476684569672
2025-07-02 14:30:00+00:00,929.6911959786224
2025-07-02 15:30:00+00:00,926.4844481897674
2025-07-02 16:30:00+00:00,927.5731809797803
2025-07-02 17:30:00+00:00,925.6229384356493
2025-07-02 18:30:00+00:00,925.4518836142948
2025-07-02 19:30:00+00:00,923.3647112527105
2025-07-02 20:00:00+00:00,924.9113240508503
2025-07-02 21:00:00+00:00,922.3164140071385
2025-07-02 22:00:00+00:00,921.0021293192368
2025-07-02 23:00:00+00:00,916.9711760286245
2025-07-03 08:00:00+00:00,913.7768665071656
2025-07-03 09:00:00+00:00,905.8716621558724
2025-07-03 10:00:00+00:00,900.532125936784
2025-07-03 11:00:00+00:00,901.8859614287487
2025-07-03 12:00:00+00:00,906.2006269221326
2025-07-03 13:00:00+00:00,905.4205985269439
2025-07-03 13:30:00+00:00,904.1503748697355
2025-07-03 14:30:00+00:00,904.4073120084614
2025-07-03 15:30:00+00:00,903.8797513186034
2025-07-03 17:00:00+00:00,909.7242867878467
2025-07-03 18:00:00+00:00,915.8924609873843
2025-07-03 19:00:00+00:00,912.02997001605
2025-07-03 20:00:00+00:00,916.9935313348387
2025-07-07 08:00:00+00:00,919.1615245226947
2025-07-07 09:00:00+00:00,921.181385273483
2025-07-07 10:00:00+00:00,921.149850490513
2025-07-07 11:00:00+00:00,924.1877160331713
2025-07-07 12:00:00+00:00,927.641955981332
2025-07-07 13:00:00+00:00,919.225378802711
2025-07-07 13:30:00+00:00,919.7627931309538
2025-07-07 14:30:00+00:00,911.1609413831743
2025-07-07 15:30:00+00:00,912.4057283228606
2025-07-07 16:30:00+00:00,913.1548911281432
2025-07-07 17:30:00+00:00,913.1123223193442
2025-07-07 18:30:00+00:00,910.0418160306582
2025-07-07 19:30:00+00:00,912.4144600769106
2025-07-07 20:00:00+00:00,909.0003629132701
2025-07-07 21:00:00+00:00,905.7150301351164
2025-07-07 22:00:00+00:00,907.215010024707
2025-07-07 23:00:00+00:00,908.111476435991
2025-07-08 08:00:00+00:00,909.4670687039932
2025-07-08 09:00:00+00:00,914.3752490687197
2025-07-08 10:00:00+00:00,909.5618351726106
2025-07-08 11:00:00+00:00,911.563783009278
2025-07-08 12:00:00+00:00,911.4154122549157
2025-07-08 13:00:00+00:00,910.3188051535428
2025-07-08 13:30:00+00:00,911.6669128369969
2025-07-08 14:30:00+00:00,908.150016372539
2025-07-08 15:30:00+00:00,909.278424488215
2025-07-08 16:30:00+00:00,913.6331162906997
2025-07-08 17:30:00+00:00,910.2228309195019
2025-07-08 18:30:00+00:00,909.3219025563556
2025-07-08 19:30:00+00:00,906.5004388245505
2025-07-08 20:00:00+00:00,906.2103487986666
2025-07-08 21:00:00+00:00,906.209366452147
2025-07-08 22:00:00+00:00,900.419588304823
2025-07-08 23:00:00+00:00,903.0373262009938
2025-07-09 08:00:00+00:00,899.2079944335665
2025-07-09 09:00:00+00:00,899.5007768755036
2025-07-09 10:00:00+00:00,894.7265239181951
2025-07-09 11:00:00+00:00,889.9225845787029
2025-07-09 12:00:00+00:00,893.3083181268108
2025-07-09 13:00:00+00:00,894.9654891728417
2025-07-09 13:30:00+00:00,892.4867489182999
2025-07-09 14:30:00+00:00,895.4796741794138
2025-07-09 15:30:00+00:00,896.5165402210408
2025-07-09 16:30:00+00:00,890.6827590089863
2025-07-09 17:30:00+00:00,882.9732710739991
2025-07-09 18:30:00+00:00,881.5864371216128
2025-07-09 19:30:00+00:00,884.7119922726345
2025-07-09 20:00:00+00:00,886.3417466138552
2025-07-09 21:00:00+00:00,890.7742365053778
2025-07-09 22:00:00+00:00,892.1161821623042
2025-07-09 23:00:00+00:00,885.0904868327763
2025-07-10 08:00:00+00:00,880.9751517877716
2025-07-10 09:00:00+00:00,886.0782136430455
2025-07-10 10:00:00+00:00,892.0680112722234
2025-07-10 11:00:00+00:00,897.3566156702592
2025-07-10 12:00:00+00:00,894.6224758718015
2025-07-10 13:00:00+00:00,897.0783856019057
2025-07-10 13:30:00+00:00,893.8146707358384
2025-07-10 14:30:00+00:00,894.8307776433118
2025-07-10 15:30:00+00:00,898.2965733361749
2025-07-10 16:30:00+00:00,900.7686829612749
2025-07-10 17:30:00+00:00,899.7951210252573
2025-07-10 18:30:00+00:00,892.677952193322
2025-07-10 19:30:00+00:00,889.1977663206085
2025-07-10 20:00:00+00:00,887.3080760031829
2025-07-10 21:00:00+00:00,886.452387056857
2025-07-10 22:00:00+00:00,890.679741522783
2025-07-10 23:00:00+00:00,887.384920155343
2025-07-11 08:00:00+00:00,882.8595076307669
2025-07-11 09:00:00+00:00,887.0746353583099
2025-07-11 10:00:00+00:00,884.5279388997299
2025-07-11 11:00:00+00:00,880.8769632525155
2025-07-11 12:00:00+00:00,880.4799513915711
2025-07-11 13:00:00+00:00,888.2920356611959
2025-07-11 13:30:00+00:00,881.6170276719605
2025-07-11 14:30:00+00:00,886.5792062576206
2025-07-11 15:30:00+00:00,885.1882300722483
2025-07-11 16:30:00+00:00,891.2748587461897
2025-07-11 17:30:00+00:00,892.9827256243188
2025-07-11 18:30:00+00:00,898.8649365937162
2025-07-11 19:30:00+00:00,893.5586465492765
2025-07-11 20:00:00+00:00,896.4292783899218
2025-07-11 21:00:00+00:00,895.562089516327
2025-07-11 22:00:00+00:00,901.3862691662072
2025-07-11 23:00:00+00:00,899.6026473158569
