Date,Close
2010-10-21,277.8399455418136
2010-10-22,280.8790913504864
2010-10-25,282.9757575697338
2010-10-26,286.3390059437965
2010-10-27,278.1448713726392
2010-10-28,272.7311644964074
2010-10-29,279.1596258419217
2010-11-01,275.8599070671874
2010-11-02,276.02165100195305
2010-11-03,297.167101493847
2010-11-04,300.5446208615575
2010-11-08,309.11830671803256
2010-11-09,307.73538731798516
2010-11-10,288.3637322002734
2010-11-11,291.17653466616883
2010-11-12,284.57489896012373
2010-11-15,283.967686054739
2010-11-16,287.69870330626867
2010-11-18,279.72472807510474
2010-11-19,270.2931376679415
2010-11-22,270.3441455894405
2010-11-23,272.4972683350841
2010-11-24,280.0369349732329
2010-11-25,283.6777755770578
2010-11-26,275.68428953399876
2010-11-29,267.0916109889426
2010-11-30,263.3774844016638
2010-12-01,260.60982467648495
2010-12-02,247.84539915102272
2010-12-03,247.3448847051
2010-12-06,249.67740699067227
2010-12-07,246.5762153264552
2010-12-08,252.0415173149255
2010-12-09,257.4371241931096
2010-12-10,258.6678894613172
2010-12-13,253.77984666443896
2010-12-14,259.2785646154006
2010-12-15,248.52764945030162
2010-12-16,239.48210855179428
2010-12-20,238.2337560800438
2010-12-21,233.9734674424417
2010-12-22,235.06917310806344
2010-12-23,231.79158857983475
2010-12-24,236.92554068601459
2010-12-27,233.23297804985327
2010-12-28,225.01768229635567
2010-12-29,224.7470749481387
2010-12-30,225.58332905369446
2010-12-31,218.41568699899528
2011-01-03,218.48819729592844
2011-01-04,224.42414637077462
2011-01-05,224.01720832834533
2011-01-06,223.0373024571395
2011-01-07,225.46709945472978
2011-01-10,229.15155717553597
2011-01-11,234.5872066398539
2011-01-12,232.36625492783298
2011-01-13,226.24129127110308
2011-01-14,222.8025636163793
2011-01-17,227.69501847563714
2011-01-18,229.8112579642084
2011-01-19,228.99224497803067
2011-01-20,229.56276186080441
2011-01-21,225.97452618558452
2011-01-24,231.12499512382516
2011-01-25,230.62725174018203
2011-01-27,229.72081751950145
2011-01-28,239.8709206879545
2011-01-31,231.2500349116797
2011-02-01,230.35761198578302
2011-02-02,231.7214215624325
2011-02-03,228.15350127976134
2011-02-04,229.81138362373198
2011-02-07,241.14450741506792
2011-02-08,243.34493193380808
2011-02-09,244.36347805763353
2011-02-10,247.81113413479784
2011-02-11,251.1361823356186
2011-02-14,246.62127005517817
2011-02-15,251.29416842354408
2011-02-16,251.56688180201255
2011-02-17,248.89766961649158
2011-02-18,262.355085623542
2011-02-21,267.90139974319635
2011-02-22,270.7954331763305
2011-02-23,284.54398392625666
2011-02-24,290.24603124908157
2011-02-25,299.8224193640036
2011-02-28,298.8962240048715
2011-03-01,289.93055432023493
2011-03-03,291.7471074049979
2011-03-04,300.76078862848465
2011-03-07,305.79257272538075
2011-03-08,308.4947455624481
2011-03-09,297.939329733239
2011-03-10,294.53133824265547
2011-03-11,302.93487655011256
2011-03-14,300.61878805440597
2011-03-15,292.20212055990777
2011-03-16,286.0047079849864
2011-03-17,291.25378419222454
2011-03-18,286.8385283082543
2011-03-21,288.3654342112683
2011-03-22,283.84330089215683
2011-03-23,283.89712964019606
2011-03-24,272.06300404442726
2011-03-25,266.06789446684405
2011-03-28,269.03402775260184
2011-03-29,278.13713441889564
2011-03-30,271.5884368026011
2011-03-31,281.30577452396614
2011-04-01,273.8266352226012
2011-04-04,270.77241473109876
2011-04-05,272.4621036703974
2011-04-06,268.84902261560086
2011-04-07,268.669210515891
2011-04-08,269.75773827796786
2011-04-11,260.55398031343555
2011-04-13,256.7229817682678
2011-04-15,263.4271395182655
2011-04-18,255.61963542575495
2011-04-19,257.3509461015488
2011-04-20,265.22590366828354
2011-04-21,261.22261265121074
2011-04-25,260.2487042016618
2011-04-26,246.2921597083378
2011-04-27,248.69257963713858
2011-04-28,249.39462348404032
2011-04-29,242.19768731513147
2011-05-02,234.27043812710505
2011-05-03,233.28216692583146
2011-05-04,236.1766183858997
2011-05-05,239.47986743886838
2011-05-06,243.21685145722856
2011-05-09,240.68557042629092
2011-05-10,241.78704893816337
2011-05-11,246.32434646458856
2011-05-12,244.1988865752664
2011-05-13,248.86557566340122
2011-05-16,244.9936100668954
2011-05-17,247.4378491420009
2011-05-18,247.5811168955419
2011-05-19,239.59343972413623
2011-05-20,243.9194659656254
2011-05-23,241.23804987419336
2011-05-24,240.0717027668625
2011-05-25,222.84056766007734
2011-05-26,229.4079054589207
2011-05-27,235.83292464587038
2011-05-30,224.48998976476844
2011-05-31,228.93600593336876
2011-06-01,224.0687375847252
2011-06-02,223.90187788404356
2011-06-03,230.3783959734389
2011-06-06,240.59565847814378
2011-06-07,244.14650308136737
2011-06-08,241.64599258601643
2011-06-09,227.2170369224116
2011-06-10,235.90648363146968
2011-06-13,227.48851134345097
2011-06-14,227.87654449761686
2011-06-15,230.07499530099227
2011-06-16,232.12667674096548
2011-06-17,233.4402243983499
2011-06-20,241.15119073939965
2011-06-21,232.41439604829444
2011-06-22,234.8292872204282
2011-06-23,236.9736863587872
2011-06-24,242.36826483083027
2011-06-27,234.57766903356594
2011-06-28,230.18509635859198
2011-06-29,221.05081755072868
2011-06-30,229.7026261807294
2011-07-01,225.25388461345906
2011-07-04,233.64691978002062
2011-07-05,244.52555449505948
2011-07-06,242.9320115304639
2011-07-07,242.75945790596498
2011-07-08,243.83805251816048
2011-07-11,249.8979084641561
2011-07-12,253.143631793427
2011-07-13,263.1039157509355
2011-07-14,256.07652073841723
2011-07-15,249.0350525819527
2011-07-18,245.62902221836725
2011-07-19,253.8649624535431
2011-07-20,255.01311085740969
2011-07-21,250.25548801077315
2011-07-22,242.31653386305962
2011-07-25,237.48592091217094
2011-07-26,230.4964171156354
2011-07-27,226.9436637600351
2011-07-28,234.11169867625748
2011-07-29,228.39737611791045
2011-08-01,228.87244339173995
2011-08-02,238.32470594911666
2011-08-03,235.50383992798382
2011-08-04,239.0159575438594
2011-08-05,248.48825902930005
2011-08-08,249.82085374812917
2011-08-09,249.25071705448838
2011-08-10,240.59284145041852
2011-08-11,237.84918603019852
2011-08-12,246.3904174664083
2011-08-16,240.12345283823433
2011-08-17,251.5163433164794
2011-08-18,250.77876270280822
2011-08-19,254.88877976493146
2011-08-22,251.88522135088178
2011-08-23,247.6411351943179
2011-08-24,237.72744275675137
2011-08-25,239.07206174506243
2011-08-26,242.32319914587433
2011-08-29,228.28066970649783
2011-08-30,226.61130368725466
2011-09-02,224.24010775524988
2011-09-05,228.72867230173202
2011-09-06,230.29340023459153
2011-09-07,232.5429273755961
2011-09-08,227.76426270171154
2011-09-09,230.41177594096396
2011-09-12,228.8822857420325
2011-09-13,221.66517525762532
2011-09-14,223.40796279465778
2011-09-15,223.07897956234103
2011-09-16,221.9834675557351
2011-09-19,215.38233974972394
2011-09-20,214.41285107202842
2011-09-21,212.9180047972171
2011-09-22,217.97276634399424
2011-09-23,216.6993615865453
2011-09-26,220.3917608156262
2011-09-27,214.0209269450489
2011-09-28,202.85344167145584
2011-09-29,193.4611696840992
2011-09-30,198.04645858194274
2011-10-03,203.780291072869
2011-10-04,199.9468329374298
2011-10-05,199.25936958495916
2011-10-07,196.4215526212195
2011-10-10,191.96621087122202
2011-10-11,190.43109578278444
2011-10-12,200.2427596352679
2011-10-13,197.99923625634355
2011-10-14,199.9639832947499
2011-10-17,196.84102676311738
2011-10-18,197.3277569738134
2011-10-19,187.5590576423292
2011-10-20,180.947034008395
2011-10-21,177.97856454770618
2011-10-24,172.09794308993943
2011-10-25,166.6159636304769
2011-10-28,165.8818093036912
2011-10-31,164.69602187062952
2011-11-01,168.2644709316869
2011-11-02,162.7914965610156
2011-11-03,161.1842288290313
2011-11-04,155.11795595497165
2011-11-08,153.982023111925
2011-11-09,152.66082710113594
2011-11-11,149.02731199949912
2011-11-14,148.01527582729943
2011-11-15,152.92410341253503
2011-11-16,155.9783880804451
2011-11-17,155.51888475389035
2011-11-18,157.08953159429322
2011-11-21,165.63943339591725
2011-11-22,161.92390633963296
2011-11-23,159.41642565490667
2011-11-24,161.4213800808726
2011-11-25,160.88673884961813
2011-11-28,160.03902485875406
2011-11-29,156.27349984816067
2011-11-30,157.70774049593507
2011-12-01,161.0778000495187
2011-12-02,157.18473163906188
2011-12-05,156.73316034148067
2011-12-07,156.70424979062017
2011-12-08,162.34592501544324
2011-12-09,165.44979526477584
2011-12-12,171.86350890836835
2011-12-13,173.76800544986492
2011-12-14,180.68605311061253
2011-12-15,177.12307595947723
2011-12-16,180.1392466914489
2011-12-19,180.19229545095283
2011-12-20,176.8667147164565
2011-12-21,178.0801614735441
2011-12-22,188.72945846998
2011-12-23,198.1910458933895
2011-12-26,183.28032198526745
2011-12-27,187.6069016653925
2011-12-28,187.6002541526507
2011-12-29,188.50098865297463
2011-12-30,190.6236732256572
2012-01-02,184.08585757409531
2012-01-03,186.60364104708984
2012-01-04,179.76511870577392
2012-01-05,173.50077829414087
2012-01-06,177.49690263342404
2012-01-09,176.13719283153267
2012-01-10,180.35109640764568
2012-01-11,185.70117285575043
2012-01-12,179.95835056556385
2012-01-13,183.1244241631448
2012-01-16,177.34647572180882
2012-01-17,175.60867589419524
2012-01-18,170.68956405445658
2012-01-19,166.02305650337752
2012-01-20,164.9593700386452
2012-01-23,163.13059833446542
2012-01-24,166.609749971561
2012-01-25,162.49092203594049
2012-01-27,162.9378013608526
2012-01-30,169.89951176199017
2012-01-31,169.37011705482666
2012-02-01,165.36728284492952
2012-02-02,162.23414070716206
2012-02-03,166.4709965979403
2012-02-06,164.32149466819598
2012-02-07,170.98346888023033
2012-02-08,173.16286797623547
2012-02-09,174.82245336042638
2012-02-10,177.3751820062784
2012-02-13,184.63514452090743
2012-02-14,186.46567512904724
2012-02-15,185.28224078363584
2012-02-16,176.0171100359367
2012-02-17,180.28313978280528
2012-02-21,175.6042580099947
2012-02-22,175.45071561211142
2012-02-23,173.22003304752772
2012-02-24,170.02040269014276
2012-02-27,164.52042909167608
2012-02-28,175.01600711064972
2012-02-29,172.53142434090063
2012-03-01,173.02575119748795
2012-03-02,168.36114375677897
2012-03-05,170.7025789394327
2012-03-06,166.28524861707177
2012-03-07,165.22091524122465
2012-03-09,165.83695383950095
2012-03-12,164.62295831902946
2012-03-13,167.84985087065976
2012-03-14,178.21862160619014
2012-03-15,179.05899395746374
2012-03-16,178.33678789640229
2012-03-19,177.63596512833814
2012-03-20,174.06515635592447
2012-03-21,174.4379526565204
2012-03-22,177.83864686240355
2012-03-23,176.34312756743498
2012-03-26,176.47096080894863
2012-03-27,183.97145298574515
2012-03-28,183.36608447797724
2012-03-29,176.53819517923841
2012-03-30,173.35726033727678
2012-04-02,178.99926666775323
2012-04-03,185.12514175902848
2012-04-04,181.7146691343737
2012-04-09,180.77260623477366
2012-04-10,187.05030978160593
2012-04-11,179.2571281446875
2012-04-12,181.88123300944014
2012-04-13,181.43659039968568
2012-04-16,184.11942603467588
2012-04-17,182.08041519982052
2012-04-18,177.85947807326403
2012-04-19,174.50736723436057
2012-04-20,170.14114381624847
2012-04-23,170.00104235884658
2012-04-24,173.00328374226288
2012-04-25,177.24402202352584
2012-04-26,175.4382353047757
2012-04-27,170.76090596318824
2012-04-30,168.60044567582003
2012-05-02,163.6706968740536
2012-05-03,164.09911905154186
2012-05-04,166.8118620918224
2012-05-07,172.81241942651
2012-05-08,172.525692861185
2012-05-09,169.27232454983175
2012-05-10,154.3737666382789
2012-05-11,152.05501502667474
2012-05-14,159.39196785160996
2012-05-15,161.37692229067034
2012-05-16,161.51750274198486
2012-05-17,157.4364264040864
2012-05-18,155.88112675683402
2012-05-21,153.85902355779297
2012-05-22,165.82349489048525
2012-05-23,166.17291915424104
2012-05-24,166.81465462534243
2012-05-25,171.96661833116877
2012-05-28,171.56464722440748
2012-05-29,181.2917162808795
2012-05-30,174.26858080244943
2012-05-31,178.5021875565115
2012-06-01,179.63858352695758
2012-06-04,181.84173336180191
2012-06-05,172.35700084262277
2012-06-06,170.73667342388612
2012-06-07,168.53851687387623
2012-06-08,174.59104929897393
2012-06-11,175.000899832596
2012-06-12,173.20634118561804
2012-06-13,171.3115528629368
2012-06-14,174.90966324607058
2012-06-15,174.56007955720804
2012-06-18,169.59610043400934
2012-06-19,168.4112891280238
2012-06-20,165.1769191073913
2012-06-21,158.25324295361412
2012-06-22,161.01729882399232
2012-06-25,160.7840249759691
2012-06-26,155.14886355107743
2012-06-27,153.68595113546166
2012-06-28,152.4031218898436
2012-06-29,148.95176616761432
2012-07-02,147.01495486733475
2012-07-03,147.63634359995106
2012-07-04,147.79880377593125
2012-07-05,146.96620922685855
2012-07-06,151.05284920845503
2012-07-09,157.71484035043807
2012-07-10,156.1182074386785
2012-07-11,153.5301267275696
2012-07-12,157.01232575316388
2012-07-13,159.2783150791069
2012-07-16,155.0947726537856
2012-07-17,162.0773070864821
2012-07-18,162.07417619374894
2012-07-19,161.82638027988247
2012-07-20,160.662343606843
2012-07-23,171.6923501419796
2012-07-24,170.55641706189024
2012-07-25,171.43827149179867
2012-07-26,176.755833650666
2012-07-27,172.9900811125046
2012-07-30,176.54832181875057
2012-07-31,172.20662603699702
2012-08-01,176.05270000460666
2012-08-02,178.82430433979295
2012-08-03,173.06918126961446
2012-08-06,174.7345725288077
2012-08-07,176.90754621347946
2012-08-08,176.4246188165069
2012-08-09,177.34552767471013
2012-08-10,178.73036356134634
2012-08-13,182.0177080879861
2012-08-14,184.48618063172106
2012-08-16,187.8673939657214
2012-08-17,192.555573773654
2012-08-21,186.07414213868137
2012-08-22,186.8458088733824
2012-08-23,187.35324596538038
2012-08-24,188.61511506778317
2012-08-27,199.46018847264293
2012-08-28,202.14222766363315
2012-08-29,206.008355261132
2012-08-30,205.43565852765138
2012-08-31,203.64198889550727
2012-09-03,199.28829186126416
2012-09-04,196.7757711197006
2012-09-05,198.4110126313987
2012-09-06,193.34654577030383
2012-09-07,189.56892639823954
2012-09-10,182.9053404424153
2012-09-11,175.75107436600234
2012-09-12,179.49799052693777
2012-09-13,179.71232212106196
2012-09-14,181.07850755956534
2012-09-17,183.0729737654476
2012-09-18,177.62537740514531
2012-09-20,172.36792742314285
2012-09-21,173.4378009638808
2012-09-24,171.4937052969216
2012-09-25,171.68384728897087
2012-09-26,170.88734169405942
2012-09-27,164.63513041655676
2012-09-28,169.25313388660334
2012-10-01,172.51513983416805
2012-10-03,179.90055110299735
2012-10-04,183.93302133177315
2012-10-05,185.08204622080206
2012-10-08,180.82096189056804
2012-10-09,182.16312254290202
2012-10-10,178.7082568461534
2012-10-11,177.78464421596945
2012-10-12,179.5273903209052
2012-10-15,181.90880249612397
2012-10-16,183.25404693455798
2012-10-17,173.22809784203142
2012-10-18,178.87620432165664
2012-10-19,168.29623596666056
2012-10-22,160.75843104624357
2012-10-23,162.6375290226336
2012-10-25,169.41019534015078
2012-10-29,170.14874663341786
2012-10-30,172.41548531655332
2012-10-31,170.98685062674613
2012-11-01,180.1653693817361
2012-11-02,184.5563812574712
2012-11-05,184.59149027943909
2012-11-06,182.2468726990967
2012-11-07,171.48553525252842
2012-11-08,172.43945508733287
2012-11-09,170.44167360145696
2012-11-12,174.36289615101992
2012-11-15,168.56859561636946
2012-11-16,175.22725758047895
2012-11-19,173.7988688910028
2012-11-20,168.23367089922095
2012-11-21,168.27602168623852
2012-11-22,164.09291792633178
2012-11-23,168.14529186618358
2012-11-26,159.4398557977207
2012-11-27,159.55852864820176
2012-11-29,161.16625547261202
2012-11-30,161.70711270980402
2012-12-03,164.20422123059657
2012-12-04,159.8411677842245
2012-12-05,162.67011250952444
2012-12-06,161.06611975280265
2012-12-07,161.82950840191074
2012-12-10,163.4276171057102
2012-12-11,168.1476442222813
2012-12-12,173.77503182809033
2012-12-13,179.02225482744302
2012-12-14,179.35462446967392
2012-12-17,179.19150461637804
2012-12-18,180.53401998444224
2012-12-19,175.0668165235997
2012-12-20,175.04488472090424
2012-12-21,173.63904027882586
2012-12-24,173.9795146749149
2012-12-26,168.20415476748914
2012-12-27,165.35737768658342
2012-12-28,169.70056171166698
2012-12-31,186.5017396275258
2013-01-01,170.89673761225384
2013-01-02,183.52852278649348
2013-01-03,183.1235051613863
2013-01-04,177.86020347526417
2013-01-07,177.5838694862334
2013-01-08,173.49529238118782
2013-01-09,176.24167884856158
2013-01-10,170.0051486217229
2013-01-11,165.72325164361243
2013-01-14,169.51939425347712
2013-01-15,169.01704115785034
2013-01-16,172.41786877016725
2013-01-17,175.62950493788773
2013-01-18,167.5701474868138
2013-01-21,168.81845376422208
2013-01-22,166.55199950991738
2013-01-23,171.78053468732926
2013-01-24,171.5746234805038
2013-01-25,173.95823806535748
2013-01-28,169.2370286054721
2013-01-29,171.74059393724124
2013-01-30,175.39123936677058
2013-01-31,174.36908375650452
2013-02-01,179.0383851500344
2013-02-04,187.15893683139726
2013-02-05,191.77579942317314
2013-02-06,191.5265668088001
2013-02-07,196.32271160425185
2013-02-08,198.86257094643432
2013-02-11,201.04701135419938
2013-02-12,198.38734224747043
2013-02-13,196.3611711510309
2013-02-14,194.35785120159767
2013-02-15,198.16933207475677
2013-02-18,203.67237368081376
2013-02-19,201.99666734744898
2013-02-20,202.90430916168495
2013-02-21,198.54016074624806
2013-02-22,203.10251466084418
2013-02-25,204.9088175554354
2013-02-26,206.22337670268885
2013-02-27,196.73860403914136
2013-02-28,194.38744763768338
2013-03-01,188.0093932360281
2013-03-04,191.82098603822385
2013-03-05,189.5414933061819
2013-03-06,184.0166502792123
2013-03-07,187.0776946402008
2013-03-08,181.69102177912458
2013-03-11,177.48878984527178
2013-03-12,173.2805151842006
2013-03-13,172.05959048371517
2013-03-14,174.02316339884612
2013-03-15,180.79573539960646
2013-03-18,180.98069646060196
2013-03-19,186.3636346061439
2013-03-20,186.4638213688757
2013-03-21,187.7528622757785
2013-03-22,193.59374909607322
2013-03-25,195.9301331128073
2013-03-26,203.45534453776807
2013-03-28,203.37582623149336
2013-04-01,193.5883456579933
2013-04-02,197.52168255336986
2013-04-03,193.1235500599608
2013-04-04,202.18439568980133
2013-04-05,190.94760689510034
2013-04-08,189.78209094413535
2013-04-09,184.50456217761084
2013-04-10,181.52369277588468
2013-04-11,182.31953510589005
2013-04-12,181.93246458375347
2013-04-15,177.12347754094034
2013-04-16,180.7609852965357
2013-04-17,183.1927223991294
2013-04-18,183.02285716328524
2013-04-22,193.7305766915288
2013-04-23,198.38221166574067
2013-04-25,194.6119855936476
2013-04-26,188.49722565591725
2013-04-29,183.43230884148082
2013-04-30,183.4500352992003
2013-05-02,180.65379632981174
2013-05-03,184.06717496230826
2013-05-06,189.43442319948466
2013-05-07,188.15793776518288
2013-05-08,183.21485186863015
2013-05-09,184.23875484022673
2013-05-10,182.8948119540199
2013-05-13,189.24972455278203
2013-05-14,185.1371750798941
2013-05-15,187.41085662496045
2013-05-16,187.98244265112035
2013-05-17,181.99643167518084
2013-05-20,184.70950250017478
2013-05-21,186.7711542613673
2013-05-22,188.43308163712547
2013-05-23,193.5914230523047
2013-05-24,192.2658086542269
2013-05-27,196.5749382191947
2013-05-28,201.1213252573207
2013-05-29,210.75984747511725
2013-05-30,215.19358997682164
2013-05-31,212.86981303961454
2013-06-03,217.0908811738613
2013-06-04,211.98404973952395
2013-06-05,211.7020446576255
2013-06-06,206.8667701224006
2013-06-07,208.12488634401356
2013-06-10,204.66283308085988
2013-06-11,202.8814228070916
2013-06-12,201.48890293754874
2013-06-13,198.34199097758898
2013-06-14,197.41253963533796
2013-06-17,188.45748301963067
2013-06-18,199.42038276980853
2013-06-19,203.6710463385546
2013-06-20,207.00264835663353
2013-06-21,209.6436437487556
2013-06-24,209.39380872295894
2013-06-25,211.0662509439793
2013-06-26,216.64594648341782
2013-06-27,211.7677244814933
2013-06-28,209.22968369432897
2013-07-01,203.84971839588096
2013-07-02,202.06219098765519
2013-07-03,196.30875349184893
2013-07-04,200.84811719487237
2013-07-05,196.46961551271332
2013-07-08,188.67380016692525
2013-07-09,189.0284830756679
2013-07-10,197.33193773891864
2013-07-11,194.10362459669403
2013-07-12,191.19280709468094
2013-07-15,184.8815548459641
2013-07-16,187.33673004126845
2013-07-17,186.66265804922244
2013-07-18,191.81505369993363
2013-07-19,191.73896273634227
2013-07-22,191.9723414454528
2013-07-23,192.18593108331507
2013-07-24,193.18844629788677
2013-07-25,185.72092600197274
2013-07-26,188.9472652392836
2013-07-29,183.90534045059414
2013-07-30,181.51237699288694
2013-07-31,190.19327406644754
2013-08-01,191.5972228526528
2013-08-02,185.06749002701136
2013-08-05,181.86660212172268
2013-08-06,180.0784054303277
2013-08-07,182.41402087846535
2013-08-08,185.97044368508975
2013-08-12,175.14717139986718
2013-08-13,171.78145680011548
2013-08-14,162.60602307123116
2013-08-16,161.28890392642614
2013-08-19,159.9076380533565
2013-08-20,159.0370567614252
2013-08-21,159.78697032937893
2013-08-22,160.3509510676034
2013-08-23,163.0445842725308
2013-08-26,159.81466325482185
2013-08-27,153.64345734756552
2013-08-28,155.7933273971845
2013-08-29,160.58941153851515
2013-08-30,158.44114279120913
2013-09-02,162.13878357347036
2013-09-03,159.53420140268574
2013-09-04,165.72572465530902
2013-09-05,160.9568477024466
2013-09-06,161.35822823562577
2013-09-10,160.58368941087787
2013-09-11,161.9397356280711
2013-09-12,166.1153936244558
2013-09-13,165.46912129322013
2013-09-16,166.21683062114317
2013-09-17,163.54309494943746
2013-09-18,165.5337751351894
2013-09-19,171.8482496206914
2013-09-20,167.084541546196
2013-09-23,173.61980797318125
2013-09-24,168.71385546708663
2013-09-25,164.01463664671414
2013-09-26,172.76939863916195
2013-09-27,169.87031900257077
2013-09-30,170.96670720836653
2013-10-01,166.35573846975174
2013-10-03,164.53164569042676
2013-10-04,160.0730655790915
2013-10-07,165.04791789233056
2013-10-08,166.44198681060547
2013-10-09,162.94916342319593
2013-10-10,164.6051345534274
2013-10-11,160.13169072631638
2013-10-14,166.1335055313629
2013-10-15,161.7311146005472
2013-10-17,172.00648476226218
2013-10-18,175.11145939880905
2013-10-21,174.16830031882097
2013-10-22,170.9764969929584
2013-10-23,165.8567613828812
2013-10-24,164.98152755194067
2013-10-25,169.1985525033508
2013-10-28,167.77501379406246
2013-10-29,173.7897444666116
2013-10-30,175.89028001745635
2013-10-31,171.5387909771819
2013-11-01,167.79682999785882
2013-11-05,167.88362846789155
2013-11-06,167.00356900824534
2013-11-07,167.1376359471824
2013-11-08,165.56297541809843
2013-11-11,164.2280447187523
2013-11-12,173.00717108998697
2013-11-13,178.73322559920757
2013-11-14,182.11861694716154
2013-11-18,188.4575720735891
2013-11-19,182.8131220972508
2013-11-20,182.55731232831488
2013-11-21,186.19259172377673
2013-11-22,186.54360364274757
2013-11-25,180.28432574378368
2013-11-26,181.18619330733725
2013-11-27,180.44727933831876
2013-11-28,179.1022317313088
2013-11-29,180.9884407249772
2013-12-02,180.94181031149594
2013-12-03,183.67465346593065
2013-12-04,184.3762693112369
2013-12-05,191.0027676488717
2013-12-06,186.04613107070256
2013-12-09,181.79667187791412
2013-12-10,180.45327660596146
2013-12-11,177.4943420650647
2013-12-12,185.26621686257536
2013-12-13,186.7694977518999
2013-12-16,189.03344044192676
2013-12-17,192.1432641391183
2013-12-18,191.77738778599252
2013-12-19,195.62424470286038
2013-12-20,191.3924230124849
2013-12-23,189.25194049314416
2013-12-24,188.35550718894555
2013-12-26,182.02020432090103
2013-12-27,181.8856044679916
2013-12-30,178.4342784462142
2013-12-31,174.58596086704918
2014-01-01,169.50593267036788
2014-01-02,164.1651605803695
2014-01-03,164.17441106802463
2014-01-06,164.01394527505826
2014-01-07,171.417082715805
2014-01-08,165.44484339540261
2014-01-09,169.46511008725494
2014-01-10,172.8411662960251
2014-01-13,169.5221355655489
2014-01-14,168.52784618921038
2014-01-15,163.06588668069114
2014-01-16,156.4142837763617
2014-01-17,158.61701203083575
2014-01-20,157.1535229076985
2014-01-21,158.1642954958411
2014-01-22,159.5203160900333
2014-01-23,157.7350434925778
2014-01-24,159.74467894535434
2014-01-27,162.29191097529693
2014-01-28,153.08121418342216
2014-01-29,153.721511157591
2014-01-30,155.72055456057316
2014-01-31,151.45259651402318
2014-02-03,151.13930980724237
2014-02-04,154.41665521479095
2014-02-05,161.0378590363602
2014-02-06,163.96029014151932
2014-02-07,159.39309814620947
2014-02-10,155.3600934389039
2014-02-11,153.34556139764408
2014-02-12,152.43565519276936
2014-02-13,149.9919760125958
2014-02-14,152.46048184310402
2014-02-17,150.69618587144114
2014-02-18,154.22748259957
2014-02-19,152.17291617436385
2014-02-20,147.12534675292372
2014-02-21,151.57652284914533
2014-02-24,153.28397850380819
2014-02-25,155.83473783999582
2014-02-26,159.5228941380372
2014-02-28,166.84393149239332
2014-03-03,170.48513284443445
2014-03-04,170.89332135332805
2014-03-05,178.2655663432113
2014-03-06,169.59783208576675
2014-03-07,178.79776180927527
2014-03-10,183.18057787629934
2014-03-11,175.99285442342943
2014-03-12,178.99395348891713
2014-03-13,175.90082840877247
2014-03-14,188.0901033491832
2014-03-18,196.8262092130716
2014-03-19,189.31431936219133
2014-03-20,186.64318772014246
2014-03-21,192.5891795675291
2014-03-24,187.00439370326802
2014-03-25,194.24113235902365
2014-03-26,189.34162152267515
2014-03-27,191.13568580596024
2014-03-28,193.22134548572345
2014-03-31,200.8959651239497
2014-04-01,202.9552379048799
2014-04-02,210.92110757695093
2014-04-03,215.88843177819342
2014-04-04,204.8198762267903
2014-04-07,206.56407780781794
2014-04-09,209.87552249083078
2014-04-10,214.41244953780586
2014-04-11,217.2521545789958
2014-04-15,217.26208950260872
2014-04-16,205.927722059277
2014-04-17,213.17737381514564
2014-04-21,214.12479683541824
2014-04-22,209.30762294308238
2014-04-23,194.5983299672952
2014-04-24,195.87341688463192
2014-04-25,190.75852320006751
2014-04-28,188.31464276743995
2014-04-29,188.4582000552501
2014-04-30,191.03593533487
2014-05-02,193.4830772678612
2014-05-05,193.8334539407187
2014-05-06,196.8892832055664
2014-05-07,204.06461960116798
2014-05-08,205.59248273797408
2014-05-09,199.61484056801777
2014-05-12,197.0106125523099
2014-05-13,200.90522809900295
2014-05-14,201.80387807375817
2014-05-15,199.4530287694273
2014-05-16,195.97814213547124
2014-05-19,205.14437422724728
2014-05-20,202.18333453711594
2014-05-21,203.18566263359676
2014-05-22,199.23635419547205
2014-05-23,199.71858527576518
2014-05-26,190.40062155342235
2014-05-27,186.4421013461063
2014-05-28,187.17653355177526
2014-05-29,191.46058753928796
2014-05-30,192.00764715734303
2014-06-02,188.82009443492345
2014-06-03,187.05268127618092
2014-06-04,181.39090050743317
2014-06-05,184.1580750450564
2014-06-06,180.882634707477
2014-06-09,177.9148506968267
2014-06-10,174.0604533705293
2014-06-11,169.8449303010826
2014-06-12,171.03986129721952
2014-06-13,169.19228966036178
2014-06-16,173.0555418998297
2014-06-17,175.27631043886439
2014-06-18,177.68343821881263
2014-06-19,179.63635950731896
2014-06-20,186.04291396593732
2014-06-23,180.9529997294698
2014-06-24,177.70664703297953
2014-06-25,182.8116793303907
2014-06-26,188.23758246481313
2014-06-27,186.2973644834787
2014-06-30,185.23946695848608
2014-07-01,191.95675611430002
2014-07-02,193.2705495148216
2014-07-03,201.01251759377777
2014-07-04,201.35420817783347
2014-07-07,199.6101265489344
2014-07-08,199.6078132030825
2014-07-09,191.88986734226
2014-07-10,184.05804398614015
2014-07-11,189.79244015861818
2014-07-14,195.12042424631602
2014-07-15,203.8358045394622
2014-07-16,209.1723231357497
2014-07-17,207.60517142122143
2014-07-18,211.69634465716572
2014-07-21,209.63178521489127
2014-07-22,211.8579513930897
2014-07-23,208.8093951604924
2014-07-24,202.7502562069992
2014-07-25,199.86643763067994
2014-07-28,195.9306770210275
2014-07-30,199.29314416507796
2014-07-31,194.12728044091102
2014-08-01,196.65286791465715
2014-08-04,196.48572562194687
2014-08-05,203.23724065569004
2014-08-06,202.67306750655388
2014-08-07,202.1729465081042
2014-08-08,201.88074351420565
2014-08-11,214.41466911943076
2014-08-12,213.69785297595183
2014-08-13,210.93827234499108
2014-08-14,220.76192872851357
2014-08-18,213.159808929914
2014-08-19,218.77307599027753
2014-08-20,218.31234396189103
2014-08-21,223.32537195125363
2014-08-22,225.48588476005833
2014-08-25,220.67704809898336
2014-08-26,223.17162159991955
2014-08-27,222.53542470526185
2014-08-28,215.27467552213366
2014-09-01,214.93399578512557
2014-09-02,211.61149945611757
2014-09-03,207.62679415962506
2014-09-04,209.0167079832624
2014-09-05,205.03704695011416
2014-09-08,200.71648821467923
2014-09-09,196.76067750830188
2014-09-10,200.29816386677646
2014-09-11,195.0026551895941
2014-09-12,190.909582549321
2014-09-15,197.3182826693896
2014-09-16,191.71812300200065
2014-09-17,200.89373169797037
2014-09-18,202.81642203182932
2014-09-19,209.43944296839587
2014-09-22,219.80128133278936
2014-09-23,215.96560417780472
2014-09-24,219.48012105263277
2014-09-25,219.9535668762703
2014-09-26,220.2938750252435
2014-09-29,220.98868201847824
2014-09-30,223.20901476102603
2014-10-01,221.7785710885549
2014-10-07,222.40142962415507
2014-10-08,216.64075023922484
2014-10-09,217.26689916594157
2014-10-10,213.63120421285123
2014-10-13,212.2972169289628
2014-10-14,205.93271163089182
2014-10-15,200.59182360258998
2014-10-16,202.61499957669704
2014-10-17,196.69270896530293
2014-10-20,190.17993639928193
2014-10-21,190.3254132680815
2014-10-22,190.33619880363702
2014-10-27,195.11241535405995
2014-10-28,198.53749768683554
2014-10-29,199.4951308251398
2014-10-30,195.47639207929547
2014-10-31,190.56019448555182
2014-11-03,191.98130018622246
2014-11-05,207.06133481086155
2014-11-07,207.88746260230354
2014-11-10,211.15437870908082
2014-11-11,216.06051586932216
2014-11-12,211.91259894709404
2014-11-13,209.13963044405605
2014-11-14,208.4905314014774
2014-11-17,209.49896886721467
2014-11-18,205.67994263050497
2014-11-19,199.58531149407727
2014-11-20,207.33072819322763
2014-11-21,207.58045086189463
2014-11-24,214.14774300495654
2014-11-25,207.71862032627746
2014-11-26,208.14996754743714
2014-11-27,214.18525081474752
2014-11-28,208.0460495846597
2014-12-01,196.5682937792891
2014-12-02,197.68417365573575
2014-12-03,200.23105099119033
2014-12-04,203.5078235928143
2014-12-05,204.75900930294472
2014-12-08,206.40269142675095
2014-12-09,210.3290493528464
2014-12-10,212.98367137775335
2014-12-11,214.64680808017494
2014-12-12,213.25080199454484
2014-12-15,210.4408143835204
2014-12-16,206.1579860204393
2014-12-17,205.01753270796854
2014-12-18,203.689082817963
2014-12-19,200.07575077960462
2014-12-22,195.4004370835055
2014-12-23,195.8092983485216
2014-12-24,198.24346446177987
2014-12-26,183.77250979820386
2014-12-29,179.29475780164046
2014-12-30,184.88080324191475
2014-12-31,201.32242055516667
2015-01-01,203.37612688277952
2015-01-02,207.5826822351649
2015-01-05,213.13218069563783
2015-01-06,213.63854996761543
2015-01-07,214.20053476188266
2015-01-08,215.8168845440605
2015-01-09,212.77394659557302
2015-01-12,218.45914276999883
2015-01-13,222.0937846842282
2015-01-14,224.9644523275439
2015-01-15,229.50937058758583
2015-01-16,226.53158045409148
2015-01-19,222.93583599497987
2015-01-20,230.23403392331414
2015-01-21,226.44222912740543
2015-01-22,234.37278551893783
2015-01-23,234.66959979567542
2015-01-27,237.51386757556844
2015-01-28,238.6920455151669
2015-01-29,246.64630309414147
2015-01-30,252.66948909582456
2015-02-02,259.02651347873905
2015-02-03,255.5835729001901
2015-02-04,256.7793686573223
2015-02-05,262.86317850923433
2015-02-06,275.8840138161206
2015-02-09,281.07728081249627
2015-02-10,273.1876868286409
2015-02-11,280.80742991046105
2015-02-12,291.2972406886038
2015-02-13,282.5235047100876
2015-02-16,286.342049260479
2015-02-18,281.7067656028586
2015-02-19,293.724879094146
2015-02-20,298.07096995006384
2015-02-23,292.9973744739191
2015-02-24,285.4465600370356
2015-02-25,281.26792880732705
2015-02-26,278.7297989984074
2015-02-27,285.85383671648435
2015-03-02,294.2165673533085
2015-03-03,327.5386236234328
2015-03-04,328.4231373448532
2015-03-05,336.80863003387174
2015-03-09,331.8184233269319
2015-03-10,325.68631445128045
2015-03-11,329.60860895417204
2015-03-12,337.32185167131945
2015-03-13,337.0458528471391
2015-03-16,312.3126928016496
2015-03-17,302.3735885732505
2015-03-18,290.4745324954196
2015-03-19,289.2520866890725
2015-03-20,290.51692295961504
2015-03-23,287.4738744626951
2015-03-24,287.0858628716379
2015-03-25,296.0266935674282
2015-03-26,298.303806933253
2015-03-27,300.6025415286452
2015-03-30,296.0097258565067
2015-03-31,292.70442254177004
2015-04-01,309.50673537008674
2015-04-06,305.283148800046
2015-04-07,302.477580783349
2015-04-08,297.7551276977863
2015-04-09,291.13873999643835
2015-04-10,287.4575500919506
2015-04-13,277.7050237521982
2015-04-15,280.20813609501846
2015-04-16,290.24754188603436
2015-04-17,288.50770684045386
2015-04-20,300.6226757439254
2015-04-21,293.06501567249813
2015-04-22,289.17680090517666
2015-04-23,285.84465899997105
2015-04-24,291.6157740060938
2015-04-27,286.2210694676163
2015-04-28,279.7512178715095
2015-04-29,280.04442213559116
2015-04-30,286.22745235054384
2015-05-04,291.16882622111353
2015-05-05,299.5177538339497
2015-05-06,303.1836937344822
2015-05-07,302.0159613265421
2015-05-08,307.46252378568755
2015-05-11,309.1916290916466
2015-05-12,301.44317284800815
2015-05-13,298.3509159603115
2015-05-14,292.7431668131752
2015-05-15,289.8992544999886
2015-05-18,295.63759867948926
2015-05-19,298.215771836099
2015-05-20,294.43136485592663
2015-05-21,286.32079428789956
2015-05-22,284.27072976261775
2015-05-25,294.9001455001824
2015-05-26,293.1294929722309
2015-05-27,293.5295936061218
2015-05-28,291.44956935120746
2015-05-29,289.7730037629847
2015-06-01,297.53471679389173
2015-06-02,293.4793252815959
2015-06-03,280.36485162471547
2015-06-04,281.51545553067456
2015-06-05,275.6754841446095
2015-06-08,268.93840016094555
2015-06-09,277.986694168492
2015-06-10,277.06374021727095
2015-06-11,267.6727209507547
2015-06-12,268.2814247532433
2015-06-15,265.3078857523339
2015-06-16,267.6150548853856
2015-06-17,265.61255005693533
2015-06-18,264.1655740802909
2015-06-19,262.69068093281066
2015-06-22,253.94195453606662
2015-06-23,256.78570737891215
2015-06-24,257.2674513312654
2015-06-25,263.80251076293416
2015-06-26,266.5114473409103
2015-06-29,272.7785625886287
2015-06-30,271.3431400666416
2015-07-01,264.7142656818551
2015-07-02,274.13465779414275
2015-07-03,278.98294047140064
2015-07-06,273.40355273014336
2015-07-07,270.47010519881866
2015-07-08,278.2799943374781
2015-07-09,271.9043818484373
2015-07-10,273.5046163641595
2015-07-13,266.08649965800623
2015-07-14,258.2634045360399
2015-07-15,251.54208113582547
2015-07-16,268.23138641908173
2015-07-17,273.724149402635
2015-07-20,272.74683044116006
2015-07-21,273.65684311957136
2015-07-22,262.38526523660227
2015-07-23,258.63957479941485
2015-07-24,257.8412008699483
2015-07-27,274.80522459996627
2015-07-28,258.83124524269795
2015-07-29,261.3432769338108
2015-07-30,257.6168537478786
2015-07-31,261.5504574506089
2015-08-03,263.7242584499666
2015-08-04,260.9902733510422
2015-08-05,265.0191263630018
2015-08-06,262.57383670067287
2015-08-07,268.1589587522585
2015-08-10,266.65463341211523
2015-08-11,266.308285094989
2015-08-12,266.9083410561598
2015-08-13,270.5683444875092
2015-08-14,275.7356686602546
2015-08-17,281.6599965829474
2015-08-18,292.7374020203288
2015-08-19,290.63005039512007
2015-08-20,282.17270380512997
2015-08-21,268.989401076006
2015-08-24,264.5426969748315
2015-08-25,275.72520907639336
2015-08-26,276.60030632870286
2015-08-27,266.95063670368006
2015-08-28,269.273435911344
2015-08-31,270.44805832899385
2015-09-01,270.5658233036735
2015-09-02,274.37051441773775
2015-09-03,273.7842018820598
2015-09-04,255.0332571306441
2015-09-07,271.4559311686225
2015-09-08,251.62813420601387
2015-09-09,266.20710275278697
2015-09-10,263.5231245091597
2015-09-11,266.97525315967886
2015-09-14,277.7575939860444
2015-09-15,274.6380948932211
2015-09-16,269.6055211534437
2015-09-18,265.9676302110377
2015-09-21,276.539816465273
2015-09-22,270.6823828965887
2015-09-23,272.202669933034
2015-09-24,266.63660463176865
2015-09-28,279.1791614452872
2015-09-29,277.5833949756412
2015-09-30,285.84094630282146
2015-10-01,285.0308989907273
2015-10-05,284.2046424289844
2015-10-06,278.79168270182345
2015-10-07,272.33767967825594
2015-10-08,271.8977530238103
2015-10-09,273.1922201226904
2015-10-12,266.1207725440692
2015-10-13,269.24625437487134
2015-10-14,253.73968085733412
2015-10-15,256.20473141576775
2015-10-16,259.29709461636264
2015-10-19,258.7188081234457
2015-10-20,255.5500464198027
2015-10-21,255.7566684117555
2015-10-23,257.60542907285776
2015-10-26,251.46388199207823
2015-10-27,257.23122254979256
2015-10-28,257.9593180744958
2015-10-29,255.85071463148748
2015-10-30,245.78662074934118
2015-11-02,248.93285379433252
2015-11-03,241.70090838996774
2015-11-04,244.9558280349254
2015-11-05,251.73355194551786
2015-11-06,250.62309075108018
2015-11-09,255.5473334974092
2015-11-10,250.87332031368135
2015-11-13,250.8685509064674
2015-11-16,248.94730271723967
2015-11-17,250.07072912101006
2015-11-18,251.9688728829749
2015-11-19,256.77466157771687
2015-11-20,263.32578978066334
2015-11-23,254.2023066033832
2015-11-24,260.0382545945486
2015-11-26,256.60506809888454
2015-11-27,252.28611429011931
2015-11-30,256.93717376523637
2015-12-01,265.5852552644149
2015-12-02,260.87421261528
2015-12-03,274.8845590154163
2015-12-04,275.31616645750864
2015-12-07,281.1097748848478
2015-12-08,274.8311704092624
2015-12-09,275.4976302840306
2015-12-10,268.16089363737245
2015-12-11,274.02530309982274
2015-12-14,278.54020221615696
2015-12-15,279.87044644817496
2015-12-16,271.9567766954731
2015-12-17,271.6398236488668
2015-12-18,272.2660710030367
2015-12-21,259.17201255666794
2015-12-22,254.45145802567228
2015-12-23,246.92063103264783
2015-12-24,263.27011210262975
2015-12-28,254.89264785927145
2015-12-29,250.57586061838782
2015-12-30,244.90504319047238
2015-12-31,242.09511562052123
2016-01-01,246.81047392766925
2016-01-04,257.2850598158632
2016-01-05,257.98772231191236
2016-01-06,265.6567332900832
2016-01-07,258.906977457906
2016-01-08,261.87643781729577
2016-01-11,250.56604937289757
2016-01-12,254.83542147058262
2016-01-13,253.4796072548773
2016-01-14,251.27264747934737
2016-01-15,251.18137191969652
2016-01-18,246.8325152297401
2016-01-19,250.6422260930167
2016-01-20,246.47091765029512
2016-01-21,249.1928074200858
2016-01-22,244.56561670573413
2016-01-25,259.82129784636237
2016-01-27,258.8718092589746
2016-01-28,258.04932556700953
2016-01-29,261.2914471018219
2016-02-01,259.6957506233203
2016-02-02,262.1396098491394
2016-02-03,263.00082887316967
2016-02-04,262.54520143156196
2016-02-05,261.2879523410394
2016-02-08,255.14517568400532
2016-02-09,253.617610526948
2016-02-10,248.6653436345463
2016-02-11,253.41459377400042
2016-02-12,258.7447535344023
2016-02-15,260.6643553689026
2016-02-16,255.2994132066269
2016-02-17,251.29888888574175
2016-02-18,256.2708557269064
2016-02-19,250.4191980575394
2016-02-22,244.85624453366137
2016-02-23,242.05230347696408
2016-02-24,243.75302592004516
2016-02-25,243.87440858853518
2016-02-26,241.51273254434074
2016-02-29,248.67009726729785
2016-03-01,246.58021872207536
2016-03-02,247.48246231422482
2016-03-03,240.65196632516128
2016-03-04,244.77443045340516
2016-03-08,248.11200315463918
2016-03-09,249.26106818194984
2016-03-10,251.13172314975418
2016-03-11,256.36335231052504
2016-03-14,260.3276180072686
2016-03-15,263.4732940143549
2016-03-16,262.4627916260157
2016-03-17,254.5265021008468
2016-03-18,261.3265447550316
2016-03-21,262.8073177596974
2016-03-22,258.4821443129091
2016-03-23,252.93774048225313
2016-03-28,249.18961674154238
2016-03-29,245.92584285314786
2016-03-30,238.7073647081745
2016-03-31,235.35104523190915
2016-04-01,239.0996976977633
2016-04-04,234.80853580850362
2016-04-05,239.75684970246633
2016-04-06,248.72568652666314
2016-04-07,261.7056960739251
2016-04-08,261.5796917690911
2016-04-11,261.3151439354541
2016-04-12,259.1448579417392
2016-04-13,261.8865279682185
2016-04-18,249.5899690760698
2016-04-20,240.0233837876154
2016-04-21,234.4156982761048
2016-04-22,233.9045076717849
2016-04-25,235.52076254440877
2016-04-26,238.02441392340464
2016-04-27,228.6075987146352
2016-04-28,228.3696438218117
2016-04-29,223.27676936952153
2016-05-02,232.98028433890195
2016-05-03,242.33627365502713
2016-05-04,245.124315287511
2016-05-05,239.26912856112816
2016-05-06,237.60306467430954
2016-05-09,239.16148376334024
2016-05-10,228.18278535526971
2016-05-11,224.86308526012434
2016-05-12,227.00020151848568
2016-05-13,226.17740441678546
2016-05-16,222.27667546939773
2016-05-17,221.17384659904636
2016-05-18,218.3514608817588
2016-05-19,208.5916059143591
2016-05-20,210.84776317802272
2016-05-23,212.9069089341596
2016-05-24,215.1536055390002
2016-05-25,205.63578045339173
2016-05-26,208.06214240833967
2016-05-27,207.1195362878319
2016-05-30,203.3280947046241
2016-05-31,199.2302661061322
2016-06-01,195.4288359588062
2016-06-02,189.4065540152581
2016-06-03,193.82672300689316
2016-06-06,184.26804353333188
2016-06-07,184.414343880478
2016-06-08,186.63001044003235
2016-06-09,191.9476662036882
2016-06-10,203.54695952094065
2016-06-13,206.3478267785567
2016-06-14,206.2056366535992
2016-06-15,205.01576481792898
2016-06-16,201.5970004369971
2016-06-17,202.89512168105287
2016-06-20,208.4251309965001
2016-06-21,205.41148501197105
2016-06-22,209.63192783660256
2016-06-23,221.78241397708086
2016-06-24,223.34473422233185
2016-06-27,225.122683123554
2016-06-28,223.65171982944256
2016-06-29,217.3997434203242
2016-06-30,213.36252904199586
2016-07-01,218.40647207209145
2016-07-04,220.9692564177822
2016-07-05,220.6921546615193
2016-07-07,217.31211511467913
2016-07-08,216.3847129438807
2016-07-11,207.55755297388566
2016-07-12,204.16847987658605
2016-07-13,200.80313422560985
2016-07-14,195.30085036380018
2016-07-15,203.8698544042873
2016-07-18,202.17873847955755
2016-07-19,212.5254119558101
2016-07-20,211.10850533111977
2016-07-21,210.01344103492764
2016-07-22,200.4420979115067
2016-07-25,197.05813294768294
2016-07-26,197.0567172692005
2016-07-27,196.66184373709612
2016-07-28,193.32927978775035
2016-07-29,183.9668353971509
2016-08-01,182.52703065671093
2016-08-02,181.24159802999375
2016-08-03,174.51325879840968
2016-08-04,176.3780335713972
2016-08-05,173.1333380055339
2016-08-08,181.09956716829203
2016-08-09,185.46546821676804
2016-08-10,189.97821267920057
2016-08-11,184.92638436288604
2016-08-12,189.8470237337329
2016-08-16,196.67863750319097
2016-08-17,208.62747623031916
2016-08-18,205.12905386965616
2016-08-19,201.2896622341436
2016-08-22,203.97559049543554
2016-08-23,200.75932436868953
2016-08-24,205.01976640726159
2016-08-25,197.93026779657168
2016-08-26,196.8731867299357
2016-08-29,198.8257841262004
2016-08-30,204.00584297330636
2016-08-31,207.4300514148088
2016-09-01,203.3490261855984
2016-09-02,212.62039765748224
2016-09-06,212.77137027739556
2016-09-07,216.62578822988633
2016-09-08,211.72034315279407
2016-09-09,205.30696295797577
2016-09-12,198.9883258808495
2016-09-14,199.91323177584897
2016-09-15,209.98041713100517
2016-09-16,206.70661964493848
2016-09-19,209.7893071261815
2016-09-20,210.0348321385825
2016-09-21,214.99051334325898
2016-09-22,209.60486228225707
2016-09-23,209.77778769096128
2016-09-26,216.42456352433234
2016-09-27,222.5651295504767
2016-09-28,212.15315845992342
2016-09-29,210.6444051552184
2016-09-30,209.47221841254276
2016-10-03,215.14982242486988
2016-10-04,215.15433280008753
2016-10-05,218.63994036500972
2016-10-06,212.67538520705983
2016-10-07,204.11463415325142
2016-10-10,203.43410853869383
2016-10-13,206.45914409477083
2016-10-14,204.74257187085277
2016-10-17,201.9018305121136
2016-10-18,198.84861589353628
2016-10-19,195.76781784041768
2016-10-20,198.14151548083353
2016-10-21,190.76469747902695
2016-10-24,186.14259577582072
2016-10-25,188.6443018875865
2016-10-26,191.77837556500174
2016-10-27,191.40828935409405
2016-10-28,188.4470410459289
2016-11-01,186.55508471389876
2016-11-02,181.87609159646692
2016-11-03,178.06894296518826
2016-11-04,179.79496724877455
2016-11-07,176.61061499984683
2016-11-08,171.17043190580893
2016-11-09,173.12388403979307
2016-11-10,172.13298215672063
2016-11-11,171.86622696739187
2016-11-15,168.45969424634742
2016-11-16,159.0705142699953
2016-11-17,155.09615670769142
2016-11-18,154.87111385202337
2016-11-21,156.71590469736927
2016-11-22,160.43249112234534
2016-11-23,158.09329881711548
2016-11-24,161.51006547007773
2016-11-25,160.56257174556458
2016-11-28,156.83430557375024
2016-11-29,154.4780824892688
2016-11-30,155.79485233992972
2016-12-01,149.71166425636366
2016-12-02,149.04647135962102
2016-12-05,142.85617430476535
2016-12-06,143.33095015421074
2016-12-07,143.2126224131309
2016-12-08,139.62555600626274
2016-12-09,140.90391793112528
2016-12-12,144.58151561256503
2016-12-13,146.72644547903323
2016-12-14,146.19208679849476
2016-12-15,143.30073814122525
2016-12-16,147.11820896600048
2016-12-19,147.94170600104104
2016-12-20,150.28662062193465
2016-12-21,165.32272657863996
2016-12-22,170.81315540887172
2016-12-23,165.18673546325567
2016-12-26,168.94358182544607
2016-12-27,171.13313689460216
2016-12-28,176.50845684810537
2016-12-29,174.32030082117782
2016-12-30,174.0705860066727
2017-01-02,171.1619867519983
2017-01-03,165.68361532610106
2017-01-04,161.79653263045208
2017-01-05,159.77831988707504
2017-01-06,158.7160147010823
2017-01-09,158.39392213879475
2017-01-10,159.9249509532618
2017-01-11,167.98919449942017
2017-01-12,171.31561191990016
2017-01-13,172.3430759619492
2017-01-16,166.44820189597877
2017-01-17,166.74614526245077
2017-01-18,168.04666640966977
2017-01-19,163.46854312399327
2017-01-20,163.53020946222054
2017-01-23,163.17869148187125
2017-01-24,159.43742584455342
2017-01-25,160.9727884112875
2017-01-27,158.8364062659544
2017-01-30,157.8757565241652
2017-01-31,154.073105386155
2017-02-01,157.1851143568159
2017-02-02,164.8903301685851
2017-02-03,158.7948369539938
2017-02-06,155.98500429750334
2017-02-07,155.2885819265944
2017-02-08,157.30044848335817
2017-02-09,163.19489475839381
2017-02-10,165.4415673776558
2017-02-13,163.73429684698
2017-02-14,164.15731940748148
2017-02-15,167.82741875348367
2017-02-16,170.12276176431055
2017-02-17,167.48436476840797
2017-02-20,165.68488658890436
2017-02-21,159.29614581356853
2017-02-22,157.63614091593217
2017-02-23,157.60070058488338
2017-02-27,151.08280705749843
2017-02-28,148.24496836080783
2017-03-01,152.45810238890073
2017-03-02,147.84308687233266
2017-03-03,150.34930886698626
2017-03-06,148.93865614938755
2017-03-07,150.55257780734783
2017-03-08,157.25362344014803
2017-03-09,160.74156334941028
2017-03-10,163.6615032972895
2017-03-14,166.7971560192913
2017-03-15,161.43117823130575
2017-03-16,161.48448283523658
2017-03-17,158.21932765632576
2017-03-20,155.41066298620865
2017-03-21,162.51320871785452
2017-03-22,166.1761708722224
2017-03-23,172.9206535258329
2017-03-24,171.69207422866126
2017-03-27,169.8467119978253
2017-03-28,168.1561122174326
2017-03-29,168.04255262113898
2017-03-30,172.5853826746037
2017-03-31,178.8548128800932
2017-04-03,175.61145439278778
2017-04-05,179.5470151635235
2017-04-06,181.2383071391639
2017-04-07,185.1537445168705
2017-04-10,190.42023944684277
2017-04-11,195.35375981302388
2017-04-12,192.93848067346255
2017-04-13,188.9162156062485
2017-04-17,186.118512653164
2017-04-18,179.90269665074447
2017-04-19,176.66114502270423
2017-04-20,179.48320871178424
2017-04-21,183.91400718578404
2017-04-24,177.5362389757267
2017-04-25,175.59322332171453
2017-04-26,185.45401024810053
2017-04-27,185.7326608026746
2017-04-28,190.62420697890883
2017-05-02,196.0024355301242
2017-05-03,198.89608415797105
2017-05-04,208.47191888433844
2017-05-05,208.69230409213822
2017-05-08,208.66753767481075
2017-05-09,203.01049508135378
2017-05-10,198.6338172301016
2017-05-11,188.44444144215407
2017-05-12,188.509815201629
2017-05-15,188.38863111884694
2017-05-16,188.68785174476776
2017-05-17,197.64091926624425
2017-05-18,205.77499294743876
2017-05-19,205.51599753514841
2017-05-22,203.94804821298305
2017-05-23,206.35436923892922
2017-05-24,197.66435960860014
2017-05-25,196.6659574567356
2017-05-26,201.89865850033397
2017-05-29,205.03597538384295
2017-05-30,209.75042613803453
2017-05-31,207.52629694429967
2017-06-01,206.56726336180682
2017-06-02,201.77983267805433
2017-06-05,203.78328987817315
2017-06-06,202.4126481909919
2017-06-07,204.20890190630698
2017-06-08,201.40515664966142
2017-06-09,202.3360463766747
2017-06-12,211.9168797744001
2017-06-13,209.11583263488063
2017-06-14,211.91585658721684
2017-06-15,209.88200750701253
2017-06-16,207.38587894048374
2017-06-19,196.90963728152047
2017-06-20,197.23906810100516
2017-06-21,194.21129203218612
2017-06-22,194.5751051139587
2017-06-23,197.31041601058547
2017-06-27,200.30750124403778
2017-06-28,197.16968965437727
2017-06-29,187.36031876141476
2017-06-30,190.30848444019068
2017-07-03,191.17706393295705
2017-07-04,181.3057187607639
2017-07-05,181.87888416753546
2017-07-06,178.2190706105392
2017-07-07,178.30505641907195
2017-07-10,178.45981223326703
2017-07-11,176.13881559708193
2017-07-12,181.05523235803315
2017-07-13,180.4187302453235
2017-07-14,182.05757268123077
2017-07-17,184.60090698754195
2017-07-18,184.4947961784074
2017-07-19,188.72154617788146
2017-07-20,195.13455501994068
2017-07-21,193.94523373779134
2017-07-24,189.7226300362044
2017-07-25,185.66221620393202
2017-07-26,199.0770516468569
2017-07-27,201.09712303478273
2017-07-28,204.073274335263
2017-07-31,197.3524347448979
2017-08-01,193.54494693172109
2017-08-02,196.2058063360582
2017-08-03,198.96360872519344
2017-08-04,197.0767251433374
2017-08-07,190.87129788857473
2017-08-08,187.0364437375919
2017-08-09,195.64730621900307
2017-08-10,189.9474322878238
2017-08-11,187.39070208574037
2017-08-14,186.2828629167277
2017-08-16,186.54932303650503
2017-08-17,183.73980614534787
2017-08-18,186.83055215207983
2017-08-21,184.91093905173884
2017-08-22,180.7778047202509
2017-08-23,187.7509096122453
2017-08-24,188.54497069494198
2017-08-28,196.63548425762121
2017-08-29,196.9298589995378
2017-08-30,206.17627452700827
2017-08-31,214.11752036377047
2017-09-01,205.31716105382446
2017-09-04,208.07016909996963
2017-09-05,212.66942947147183
2017-09-06,209.44928764784174
2017-09-07,210.82828157167103
2017-09-08,209.61249852649513
2017-09-11,203.86636024075125
2017-09-12,207.5332203262583
2017-09-13,204.18665848946907
2017-09-14,203.0385979855518
2017-09-15,199.3458248887771
2017-09-18,201.15137112639894
2017-09-19,202.79843915055812
2017-09-20,201.75205015610135
2017-09-21,199.42283445712377
2017-09-22,199.79071040738418
2017-09-25,206.7632178004791
2017-09-26,205.50766011458808
2017-09-27,212.6935396861727
2017-09-28,214.56509986829423
2017-09-29,223.5045717073648
2017-10-03,215.8533753471996
2017-10-04,212.10746008413798
2017-10-05,199.98858297136317
2017-10-06,206.76741160909216
2017-10-09,203.0535735644883
2017-10-10,200.3015196655509
2017-10-11,202.45280933307995
2017-10-12,203.1027971937217
2017-10-13,197.6715959219788
2017-10-16,196.5575271070938
2017-10-17,204.2941231202677
2017-10-18,204.56505146570845
2017-10-19,197.50963004194398
2017-10-23,202.1520229927759
2017-10-24,196.02460694703356
2017-10-25,198.2206987445396
2017-10-26,192.38121671709672
2017-10-27,190.22506522517685
2017-10-30,185.46719900849277
2017-10-31,182.68947784214916
2017-11-01,183.96360840118055
2017-11-02,183.59118088099308
2017-11-03,183.04391706934572
2017-11-06,181.54743355088408
2017-11-07,189.73070290101413
2017-11-08,195.66275108596335
2017-11-09,195.11963897256757
2017-11-10,199.69266241479673
2017-11-13,201.7295804824707
2017-11-14,208.45920929708925
2017-11-15,206.7202840279072
2017-11-16,206.7800041636387
2017-11-17,211.78331503246648
2017-11-20,209.17463503437838
2017-11-21,222.92620334129862
2017-11-22,230.77956307397633
2017-11-23,228.11206070412058
2017-11-24,219.93092985905457
2017-11-27,218.15158042609292
2017-11-28,219.95699405371283
2017-11-29,211.68377006201544
2017-11-30,208.21253742403914
2017-12-01,194.67780249909157
2017-12-04,194.8661675484593
2017-12-05,194.77649181714625
2017-12-06,191.112197036074
2017-12-07,186.51117021008184
2017-12-08,187.12074763760722
2017-12-11,197.53115075230443
2017-12-12,197.0571642355922
2017-12-13,194.23979317166817
2017-12-14,198.95227392514093
2017-12-15,202.16043573550905
2017-12-18,203.46092124863267
2017-12-19,195.28911560084651
2017-12-20,192.03325301305387
2017-12-21,190.11919695744857
2017-12-22,194.4266528851341
2017-12-26,203.92770781985163
2017-12-27,208.6598528152201
2017-12-28,205.44347195435327
2017-12-29,213.6236494959077
2018-01-01,214.03259530348743
2018-01-02,215.74494905535855
2018-01-03,226.2001656626265
2018-01-04,221.97817931705873
2018-01-05,215.73801281530334
2018-01-08,210.45443532140908
2018-01-09,214.02509868567253
2018-01-10,215.01921245414627
2018-01-11,202.00960166108445
2018-01-12,204.83069338422868
2018-01-15,205.64184795349018
2018-01-16,211.9582266760309
2018-01-17,211.00730958161373
2018-01-18,219.6198003153826
2018-01-19,217.80937036255108
2018-01-22,210.52710618195525
2018-01-23,210.2766111692861
2018-01-24,208.7908593075529
2018-01-25,207.7596048426478
2018-01-29,205.92102062416222
2018-01-30,206.188895924214
2018-01-31,208.15053823697977
2018-02-01,207.85165563966294
2018-02-02,217.48698151310555
2018-02-05,213.68604713731904
2018-02-06,202.4796875495352
2018-02-07,210.21317187523047
2018-02-08,210.11214810227105
2018-02-09,210.14166376944024
2018-02-12,212.50977014193828
2018-02-14,213.4561338948619
2018-02-15,215.02318072778377
2018-02-16,209.7764292367976
2018-02-19,218.10288671185646
2018-02-20,204.81207262754825
2018-02-21,199.57374897461415
2018-02-22,199.52179557594377
2018-02-23,202.61622570326134
2018-02-26,205.25465912625393
2018-02-27,210.58632619255545
2018-02-28,212.1265208836806
2018-03-01,210.67332008957948
2018-03-05,205.68566526823358
2018-03-06,203.59385956637036
2018-03-07,203.89292841600448
2018-03-08,202.6871800624247
2018-03-09,212.26569108431087
2018-03-12,211.5024546194786
2018-03-13,209.55971476121033
2018-03-14,206.3078110194935
2018-03-15,203.06819745417715
2018-03-16,209.76793070402738
2018-03-19,214.11489442370362
2018-03-20,214.93694273097458
2018-03-21,202.88786602103514
2018-03-22,204.1558501285235
2018-03-23,198.0219226297136
2018-03-26,196.85477529157944
2018-03-27,196.3415620942964
2018-03-28,190.71117080808528
2018-04-02,190.93941739663305
2018-04-03,187.9210797656137
2018-04-04,191.78666141065432
2018-04-05,187.8435168727082
2018-04-06,189.26487484456516
2018-04-09,188.17906885841978
2018-04-10,184.1630416455813
2018-04-11,188.1519781973349
2018-04-12,189.9966290381324
2018-04-13,190.752057289781
2018-04-16,184.63692928364827
2018-04-17,179.50976613008746
2018-04-18,168.84081293159142
2018-04-19,164.92165369182496
2018-04-20,169.98467785698918
2018-04-23,172.33461734407652
2018-04-24,166.27198010160288
2018-04-25,168.08638332277673
2018-04-26,169.4330774328437
2018-04-27,168.8787858189454
2018-04-30,162.43172556159124
2018-05-02,162.04896323951982
2018-05-03,163.01946942434714
2018-05-04,163.29255900834215
2018-05-07,164.62474996479298
2018-05-08,168.18463847657085
2018-05-09,176.29323718409123
2018-05-10,169.85359265332005
2018-05-11,175.3516285011198
2018-05-14,176.68898281331252
2018-05-15,182.92012079592845
2018-05-16,185.92758184433038
2018-05-17,191.66363186467618
2018-05-18,195.79012072868554
2018-05-21,200.90157379188366
2018-05-22,195.5113113964777
2018-05-23,198.00951733030985
2018-05-24,200.10824809722828
2018-05-25,202.28773030037152
2018-05-28,202.34189468828203
2018-05-29,208.00613502780183
2018-05-30,207.31724511754152
2018-05-31,212.2427636585192
2018-06-01,213.34750714102486
2018-06-04,214.48923841398351
2018-06-05,217.68126328766417
2018-06-06,215.64346854814497
2018-06-07,214.67263993856034
2018-06-08,219.0089487365049
2018-06-11,213.2292212450804
2018-06-12,208.4497718241424
2018-06-13,211.8293855221108
2018-06-14,218.74008357019392
2018-06-15,226.27507603163505
2018-06-18,225.43058172482372
2018-06-19,240.54674860580886
2018-06-20,237.51114576577044
2018-06-21,229.41245254324252
2018-06-22,226.52945137344386
2018-06-25,231.63821523501286
2018-06-26,235.84833903314487
2018-06-27,232.0598491392692
2018-06-28,233.1959889207054
2018-06-29,242.3987143168502
2018-07-02,232.9707435558149
2018-07-03,241.59244260811013
2018-07-04,239.17826315443048
2018-07-05,244.98323977192547
2018-07-06,239.3478370413072
2018-07-09,240.86588226025643
2018-07-10,236.5553007882852
2018-07-11,236.48218301042544
2018-07-12,232.24505185368278
2018-07-13,225.33925227665927
2018-07-16,223.843159062233
2018-07-17,217.2367569894793
2018-07-18,222.08120974836328
2018-07-19,224.83886683219748
2018-07-20,228.71835924320445
2018-07-23,221.64537820648945
2018-07-24,224.90385492225923
2018-07-25,222.9981160975177
2018-07-26,220.5073268811348
2018-07-27,222.02054998071412
2018-07-30,226.90515411787914
2018-07-31,229.3136421387783
2018-08-01,225.73722738753523
2018-08-02,217.11200475673385
2018-08-03,220.0820672401129
2018-08-06,224.81599198024145
2018-08-07,231.68034425477217
2018-08-08,230.8762561997808
2018-08-09,228.97653564909348
2018-08-10,237.78952540126997
2018-08-13,245.11000568129995
2018-08-14,246.03976929797537
2018-08-16,249.91158492439322
2018-08-17,250.96226190718448
2018-08-20,259.8099177919524
2018-08-21,251.0103767597562
2018-08-23,257.5190099951571
2018-08-24,267.73189513322774
2018-08-27,270.9196311734882
2018-08-28,272.17612002410766
2018-08-29,278.91057990486485
2018-08-30,283.8483218216713
2018-08-31,273.4870383025574
2018-09-03,272.43042355035703
2018-09-04,266.6532042948454
2018-09-05,268.460793519038
2018-09-06,276.62233368233007
2018-09-07,278.51675557641465
2018-09-10,287.78002053497084
2018-09-11,293.5541312077667
2018-09-12,298.37257625684015
2018-09-14,289.6144445842342
2018-09-17,282.9905821086586
2018-09-18,281.55425810191554
2018-09-19,274.4795179785448
2018-09-21,275.40247763589775
2018-09-24,266.2725370960984
2018-09-25,255.53668459500778
2018-09-26,260.28663918177483
2018-09-27,257.7810612848944
2018-09-28,259.8623180269831
2018-10-01,260.7809312931863
2018-10-03,257.7546168332545
2018-10-04,254.08834636007646
2018-10-05,259.45688112423557
2018-10-08,257.66188055404996
2018-10-09,263.45520761538023
2018-10-10,256.83531314001897
2018-10-11,248.22203626487325
2018-10-12,243.18894084291588
2018-10-15,242.8528268095007
2018-10-16,248.47978977761863
2018-10-17,247.02925073137024
2018-10-19,257.27629006350196
2018-10-22,249.35949221358132
2018-10-23,250.88711049702457
2018-10-24,256.49759186597015
2018-10-25,264.8021962406001
2018-10-26,262.1246217672026
2018-10-29,259.76567613821743
2018-10-30,255.86863014900916
2018-10-31,254.71847253693946
2018-11-01,255.3330793539755
2018-11-02,247.4828221215446
2018-11-05,247.7924006812058
2018-11-06,244.17393230518934
2018-11-07,244.53798807887458
2018-11-09,250.7852783168206
2018-11-12,239.19128191811498
2018-11-13,245.03436092651555
2018-11-14,244.58171017346137
2018-11-15,239.73683725759366
2018-11-16,232.8097770740431
2018-11-19,233.2977240631027
2018-11-20,226.70944668816344
2018-11-21,222.7427075662087
2018-11-22,221.6982742292205
2018-11-26,217.4574645176042
2018-11-27,217.63680914683405
2018-11-28,215.08913135734826
2018-11-29,210.00202532627867
2018-11-30,207.4428851769021
2018-12-03,210.54089887359694
2018-12-04,204.07214737457687
2018-12-05,211.8328805541733
2018-12-06,219.49933025180712
2018-12-07,219.36677710898007
2018-12-10,216.34696081998
2018-12-11,216.26890655788526
2018-12-12,223.06617847523492
2018-12-13,215.7568888479766
2018-12-14,211.78688803180845
2018-12-17,211.82811659933753
2018-12-18,217.1198025321126
2018-12-19,217.7695848257044
2018-12-20,217.0380049950016
2018-12-21,219.7664638144016
2018-12-24,211.56380092476851
2018-12-26,210.05333214508786
2018-12-27,215.69392672160464
2018-12-28,217.02983253324263
2018-12-31,216.16928941147592
2019-01-01,213.0232097923814
2019-01-02,206.15863329244533
2019-01-03,206.45163509123918
2019-01-04,201.28752058144443
2019-01-07,206.15406984006592
2019-01-08,205.7675900440172
2019-01-09,212.89392815673753
2019-01-10,206.67295751278343
2019-01-11,209.90653289209135
2019-01-14,211.6915860419994
2019-01-15,208.41883519830023
2019-01-16,203.9107377540558
2019-01-17,205.51252104150916
2019-01-18,210.74753358450363
2019-01-21,205.49304953140077
2019-01-22,203.86368739537673
2019-01-23,212.05319626288622
2019-01-24,204.9011023770579
2019-01-25,211.15330467656915
2019-01-28,208.65526152825984
2019-01-29,201.13791261561659
2019-01-30,195.68367986117613
2019-01-31,192.3599617416731
2019-02-01,193.55897782752552
2019-02-04,189.22122269612225
2019-02-05,185.40566813844936
2019-02-06,190.93840657905028
2019-02-07,185.77624091618944
2019-02-08,193.36660531068364
2019-02-11,203.23395611969485
2019-02-12,211.31916167751947
2019-02-14,207.92459212215695
2019-02-15,208.3942752969576
2019-02-18,202.61620528742236
2019-02-19,206.1484924085773
2019-02-20,210.01079536725587
2019-02-21,214.5581889359789
2019-02-22,207.44333923128434
2019-02-25,211.8428751900688
2019-02-26,212.676225222979
2019-02-27,220.34205324157318
2019-02-28,218.50368135366475
2019-03-01,212.48905715459478
2019-03-05,223.81782290063134
2019-03-06,222.11102963682956
2019-03-07,218.62917845215927
2019-03-08,213.31232226717316
2019-03-11,214.3053349306593
2019-03-12,207.79483030822058
2019-03-13,202.28395046938786
2019-03-14,203.70300008992862
2019-03-15,204.66805546310744
2019-03-18,205.8435741929528
2019-03-19,201.92013651364428
2019-03-20,198.97782509646467
2019-03-22,195.4450384547435
2019-03-25,195.4215268784145
2019-03-26,193.99581763433457
2019-03-27,193.66472627060597
2019-03-28,193.53154931763177
2019-04-01,187.9890498688985
2019-04-02,186.08884375106138
2019-04-03,190.06110517889218
2019-04-04,190.50397699562933
2019-04-05,196.7485217011084
2019-04-08,199.0904199779074
2019-04-09,201.68488607744345
2019-04-10,199.3615272934322
2019-04-11,203.32703694453815
2019-04-12,202.2474997365025
2019-04-15,196.52017304372384
2019-04-16,194.03550871897167
2019-04-18,200.37818119752527
2019-04-22,194.70587747130165
2019-04-23,192.7716526810642
2019-04-24,192.8907145181571
2019-04-25,184.68116177465146
2019-04-26,176.85962578984586
2019-04-30,184.82038170882794
2019-05-02,191.44235886293052
2019-05-03,186.73845294423487
2019-05-06,187.23630820261454
2019-05-07,183.8304572283678
2019-05-08,182.65704722490767
2019-05-09,181.19428841903456
2019-05-10,176.8575430431129
2019-05-13,176.73495048236882
2019-05-14,188.12088419289935
2019-05-15,188.28051651717857
2019-05-16,180.38938091041544
2019-05-17,180.32003687452055
2019-05-20,180.40597186438734
2019-05-21,183.01989424867924
2019-05-22,189.45122117945542
2019-05-23,185.83690562918298
2019-05-24,184.88014299018155
2019-05-27,186.7077528040022
2019-05-28,191.53172889829887
2019-05-29,191.86380608429818
2019-05-30,195.6157732824294
2019-05-31,195.72672001396663
2019-06-03,196.6856438550833
2019-06-04,197.31223811234634
2019-06-06,199.38752921111904
2019-06-07,190.38751269376004
2019-06-10,191.63048307509698
2019-06-11,185.55057374127776
2019-06-12,184.52272683154976
2019-06-13,184.39974972839934
2019-06-14,174.7372612248604
2019-06-17,176.15717711289355
2019-06-18,184.05874390706225
2019-06-19,175.55680370112538
2019-06-20,170.32599907844184
2019-06-21,171.77168627359637
2019-06-24,167.2618622841709
2019-06-25,171.92365658896293
2019-06-26,171.02561597971058
2019-06-27,170.88640544172233
2019-06-28,173.1037146932061
2019-07-01,174.2249045271606
2019-07-02,173.17471942151028
2019-07-03,169.16579819862696
2019-07-04,169.18400162939074
2019-07-05,169.1577401158351
2019-07-08,168.37589869951702
2019-07-09,167.19385272636916
2019-07-10,159.49181107650244
2019-07-11,168.80422981000106
2019-07-12,165.9065852998978
2019-07-15,170.48342717782313
2019-07-16,178.15214058828454
2019-07-17,173.02604743440975
2019-07-18,167.8518570984262
2019-07-19,168.84636294105894
2019-07-22,172.82578180566216
2019-07-23,169.2311356897509
2019-07-24,170.5500502718986
2019-07-25,170.9291482120722
2019-07-26,173.36059082795987
2019-07-29,179.65797538880378
2019-07-30,184.5855360055301
2019-07-31,190.47251884735184
2019-08-01,183.97380528321005
2019-08-02,182.131209869101
2019-08-05,178.69146750345925
2019-08-06,182.56677164187877
2019-08-07,182.80008650805465
2019-08-08,188.48225096298825
2019-08-09,191.89313409156262
2019-08-13,193.07499493686612
2019-08-14,189.9324964672472
2019-08-16,186.38734591124089
2019-08-19,187.20564011555916
2019-08-20,187.03660459357735
2019-08-21,178.5846715746994
2019-08-22,180.59296529206716
2019-08-23,183.2339924750984
2019-08-26,179.07109865452196
2019-08-27,179.24086512207126
2019-08-28,175.09106221159578
2019-08-29,176.83214766923965
2019-08-30,179.31522258560764
2019-09-03,179.49520199165238
2019-09-04,181.41641051066574
2019-09-05,188.36853378271297
2019-09-06,186.59708686466004
2019-09-09,187.67304329421052
2019-09-11,186.18045570789894
2019-09-12,187.50611576044312
2019-09-13,181.55877869303322
2019-09-16,194.95597813970588
2019-09-17,193.6983813180597
2019-09-18,189.13952664774735
2019-09-19,186.51183019335133
2019-09-20,196.5507867251797
2019-09-23,188.7640592289964
2019-09-24,189.5431727868852
2019-09-25,182.80855452708286
2019-09-26,185.65923194694687
2019-09-27,181.0833017536714
2019-09-30,183.405452888267
2019-10-01,189.56322106104304
2019-10-03,189.6500916119998
2019-10-04,190.38581888776946
2019-10-07,186.29114143776977
2019-10-09,181.1293445696404
2019-10-10,179.78863742333343
2019-10-11,191.26063121867435
2019-10-14,201.0216383183471
2019-10-15,198.86269595583744
2019-10-16,196.33940062284685
2019-10-17,193.2670586792079
2019-10-18,198.94805233245566
2019-10-22,197.901576227914
2019-10-23,209.33336104625295
2019-10-24,207.1599771227081
2019-10-25,213.03916964699536
2019-10-27,207.72914946692106
2019-10-29,205.6590723992058
2019-10-30,204.61757417583695
2019-10-31,205.49733317179002
2019-11-01,207.29964761315486
2019-11-04,204.76803433957167
2019-11-05,196.48451311762548
2019-11-06,186.697513640246
2019-11-07,185.1683178387086
2019-11-08,186.45343832306193
2019-11-11,184.80608292091728
2019-11-13,182.53293175609892
2019-11-14,176.6209810118813
2019-11-15,175.34225005586185
2019-11-18,179.5930727809677
2019-11-19,175.30199671707499
2019-11-20,175.01713222611716
2019-11-21,183.1824072793976
2019-11-22,174.36909331617366
2019-11-25,177.22199388366573
2019-11-26,181.19862056499105
2019-11-27,181.62677591192187
2019-11-28,182.01128907437766
2019-11-29,188.32891895613517
2019-12-02,193.82875622709585
2019-12-03,199.87877568105532
2019-12-04,197.9122796183625
2019-12-05,188.48757563209767
2019-12-06,178.9570302055826
2019-12-09,180.1361968469527
2019-12-10,179.21208521411285
2019-12-11,175.60643113990992
2019-12-12,182.06229380913376
2019-12-13,179.76145065983076
2019-12-16,180.1261669483005
2019-12-17,185.65994141324583
2019-12-18,183.6099623972545
2019-12-19,175.20902894084233
2019-12-20,175.5207842573289
2019-12-23,177.73227208392592
2019-12-24,181.5053503577895
2019-12-26,182.084635085821
2019-12-27,184.47350598489024
2019-12-30,184.8601178848443
2019-12-31,192.8709044495159
2020-01-01,196.32833369078585
2020-01-02,192.90446365523292
2020-01-03,192.74395610021887
2020-01-06,192.8740900839359
2020-01-07,194.40188548296643
2020-01-08,200.84743465524167
2020-01-09,197.14785591235454
2020-01-10,202.9850983210893
2020-01-13,200.78483033334035
2020-01-14,193.6703785418648
2020-01-15,196.01465029553515
2020-01-16,198.9373472630986
2020-01-17,198.57974137968336
2020-01-20,195.37899257448413
2020-01-21,188.6342110356238
2020-01-22,189.8637779714383
2020-01-23,186.2734668555141
2020-01-24,193.50359935910967
2020-01-27,194.34771229471247
2020-01-28,193.55446031795532
2020-01-29,191.25428899263767
2020-01-30,188.99466517953513
2020-01-31,196.1591440462431
2020-02-03,187.8865892178614
2020-02-04,191.08625178083034
2020-02-05,189.42415536707242
2020-02-06,184.37828626377637
2020-02-07,187.09665569072226
2020-02-10,183.9780657744893
2020-02-11,189.23494290459215
2020-02-12,188.8956707989594
2020-02-13,180.05373574728614
2020-02-14,177.52106846159876
2020-02-17,176.60490021609937
2020-02-18,177.63735385428734
2020-02-19,176.79862100467153
2020-02-20,175.75131775643212
2020-02-24,182.02593116482862
2020-02-25,181.83476333489426
2020-02-26,182.42264852850263
2020-02-27,181.00430022808192
2020-02-28,172.30908585139153
2020-03-02,173.00197739376506
2020-03-03,174.18806413295917
2020-03-04,170.7849071556246
2020-03-05,167.21717783548058
2020-03-06,165.66257449924214
2020-03-09,164.0179358001844
2020-03-11,157.57676826636197
2020-03-12,165.48101037289538
2020-03-13,159.44730433009923
2020-03-16,162.7842676209555
2020-03-17,168.609742579286
2020-03-18,167.04951007085475
2020-03-19,170.94304795766567
2020-03-20,162.777943925942
2020-03-23,163.52437564114032
2020-03-24,161.5906138299084
2020-03-25,165.25972387034733
2020-03-26,167.23993554752664
2020-03-27,166.37997638255092
2020-03-30,167.6875725720628
2020-03-31,172.61191303190975
2020-04-01,169.98861716459984
2020-04-03,170.45918445512177
2020-04-07,167.48670303855596
2020-04-08,164.41890605632582
2020-04-09,160.62203582052905
2020-04-13,160.28708207118743
2020-04-15,158.24860152081698
2020-04-16,157.10417011362898
2020-04-17,153.96008588536472
2020-04-20,156.88714489962908
2020-04-21,154.9721226113594
2020-04-22,158.97073500113066
2020-04-23,156.27155689504292
2020-04-24,161.08435580364826
2020-04-27,158.57231100475553
2020-04-28,161.14391674443667
2020-04-29,164.16962856106392
2020-04-30,162.12793885134136
2020-05-04,157.90771838263572
2020-05-05,159.12194582362537
2020-05-06,162.73002923689478
2020-05-07,163.64521615802755
2020-05-08,165.251992426916
2020-05-11,162.3168900762808
2020-05-12,164.46029365447868
2020-05-13,162.83463027000764
2020-05-14,165.04970633079242
2020-05-15,164.41694837441216
2020-05-18,175.71727343608683
2020-05-19,171.66716327794592
2020-05-20,171.48775963329595
2020-05-21,172.40404882954465
2020-05-22,168.30775896174922
2020-05-26,171.8120518336902
2020-05-27,174.21499957449745
2020-05-28,162.52946277067463
2020-05-29,158.7412343538965
2020-06-01,157.23740581955062
2020-06-02,158.3533076605742
2020-06-03,159.12277895430617
2020-06-04,155.24033824608654
2020-06-05,149.5937884146996
2020-06-08,152.99763515472335
2020-06-09,155.91912983857455
2020-06-10,157.24831322119636
2020-06-11,153.73806589137513
2020-06-12,146.57488801518357
2020-06-15,150.24774172364815
2020-06-16,142.68319757719192
2020-06-17,143.84908800061376
2020-06-18,143.4422313900782
2020-06-19,148.4525783147273
2020-06-22,149.19700288171484
2020-06-23,149.73127823945816
2020-06-24,150.06723758456826
2020-06-25,152.3635104497846
2020-06-26,153.0774161548704
2020-06-29,155.747505276961
2020-06-30,154.59575994120775
2020-07-01,153.40390992099103
2020-07-02,153.06893463748003
2020-07-03,148.0442824180188
2020-07-06,148.88633741451727
2020-07-07,154.47034349128188
2020-07-08,155.7727896538924
2020-07-09,159.1459095078592
2020-07-10,161.50393863861993
2020-07-13,160.22670900509615
2020-07-14,161.35302132465392
2020-07-15,160.41536984693332
2020-07-16,160.43919012485964
2020-07-17,157.63790359178893
2020-07-20,156.3977503987681
2020-07-21,152.65391941194375
2020-07-22,155.22612359227435
2020-07-23,153.2361177745556
2020-07-24,158.89998739869338
2020-07-27,157.3447468866363
2020-07-28,153.36198262640613
2020-07-29,150.26618046467885
2020-07-30,145.3939130331778
2020-07-31,144.6495601496493
2020-08-03,147.07033754207515
2020-08-04,142.63520028356933
2020-08-05,138.7614367272425
2020-08-06,140.13210512826032
2020-08-07,144.04587088527637
2020-08-10,152.08066423020423
2020-08-11,150.48665928538415
2020-08-12,160.94450270382788
2020-08-13,154.67744469702143
2020-08-14,158.2707075201005
2020-08-17,159.10563889815094
2020-08-18,162.56707599146242
2020-08-19,163.4287550900461
2020-08-20,164.7792057374634
2020-08-21,159.19275474470768
2020-08-24,158.56775665894142
2020-08-25,158.5036996421727
2020-08-26,161.9390948755769
2020-08-27,158.46885457454982
2020-08-28,156.36035703946968
2020-08-31,154.02140558523465
2020-09-01,156.96217731195628
2020-09-02,159.92106818091318
2020-09-03,160.98347339874633
2020-09-04,160.4338988868153
2020-09-07,159.38009183961137
2020-09-08,151.39636966396253
2020-09-09,149.3659396548551
2020-09-10,148.25497449340182
2020-09-11,150.6071933138292
2020-09-14,149.92887858608012
2020-09-15,147.14562896514508
2020-09-16,147.396608065086
2020-09-17,144.23414375090596
2020-09-18,142.3642812278391
2020-09-21,142.06440850033192
2020-09-22,141.35999335794634
2020-09-23,140.71870834088935
2020-09-24,134.09863181087022
2020-09-25,137.85644545079975
2020-09-28,133.5450821558591
2020-09-29,128.93194837612563
2020-09-30,130.34336415709203
2020-10-01,129.06959069469062
2020-10-05,129.1223024324863
2020-10-06,129.48553310211133
2020-10-07,134.45768771703175
2020-10-08,137.6097427808577
2020-10-09,135.09775902352084
2020-10-12,129.8404519341807
2020-10-13,134.80967075239914
2020-10-14,136.47871477901617
2020-10-15,142.92341250567057
2020-10-16,148.1318075998184
2020-10-19,146.35148093601222
2020-10-20,145.87558987568892
2020-10-21,153.88226267337154
2020-10-22,158.18318510742637
2020-10-23,159.94154653086284
2020-10-26,160.50731750776652
2020-10-27,175.22584051189585
2020-10-28,168.28558612007126
2020-10-29,170.0027797191057
2020-10-30,165.28868099888916
2020-11-02,158.3922032261026
2020-11-03,158.97229412192632
2020-11-04,161.52879578271282
2020-11-05,155.7680838364458
2020-11-06,159.2366644903758
2020-11-09,150.85284735651766
2020-11-10,153.08704403181025
2020-11-11,153.74321517304998
2020-11-12,152.5887142823847
2020-11-13,157.34124668115214
2020-11-14,152.74958074314694
2020-11-17,149.84227073186975
2020-11-18,148.6153640705419
2020-11-19,147.38502173026504
2020-11-20,144.14452771357048
2020-11-23,143.9450818118873
2020-11-24,144.53158227996994
2020-11-25,141.75302020220406
2020-11-26,143.0790125504197
2020-11-27,145.52152115247455
2020-12-01,152.68117274978636
2020-12-02,158.22981294284628
2020-12-03,157.60556583014008
2020-12-04,156.58304169428754
2020-12-07,160.26394520615764
2020-12-08,160.2821203727321
2020-12-09,162.1936519350291
2020-12-10,162.1773586528648
2020-12-11,164.73100960857343
2020-12-14,164.49129598874634
2020-12-15,159.72134210988148
2020-12-16,151.55389340557824
2020-12-17,151.81961693079478
2020-12-18,155.48066284975073
2020-12-21,161.94513207836044
2020-12-22,163.06077193164728
2020-12-23,162.86907067232264
2020-12-24,160.47416222270283
2020-12-28,161.17965339237566
2020-12-29,160.99873922896913
2020-12-30,159.151260443782
2020-12-31,162.74666713317603
2021-01-01,162.29125262644394
2021-01-04,167.69302049402043
2021-01-05,173.06047865248027
2021-01-06,170.42129779094103
2021-01-07,159.75377562598553
2021-01-08,163.96764766653038
2021-01-11,162.3522800349562
2021-01-12,153.39945868033448
2021-01-13,155.0214090287029
2021-01-14,157.506270513917
2021-01-15,156.77166469449242
2021-01-18,159.40851063553754
2021-01-19,153.99112376656882
2021-01-20,152.50304287229534
2021-01-21,146.8452593234137
2021-01-22,149.79067469506214
2021-01-25,157.072147155192
2021-01-27,161.59029778560105
2021-01-28,157.3800774309208
2021-01-29,152.2065854334413
2021-02-01,152.9601080026649
2021-02-02,148.6695687050119
2021-02-03,144.70555229843532
2021-02-04,142.59909287526824
2021-02-05,143.40187780834236
2021-02-08,140.61059452676497
2021-02-09,142.95259565512708
2021-02-10,147.65726323987337
2021-02-11,151.25183985585147
2021-02-12,154.6909177259939
2021-02-15,152.9822048835221
2021-02-16,151.0004980215586
2021-02-17,151.07772042933345
2021-02-18,145.60943966974472
2021-02-19,148.13510289899062
2021-02-22,150.31567056086038
2021-02-23,152.93056911735576
2021-02-24,149.8099183123949
2021-02-25,150.52765737965265
2021-02-26,151.76912421527425
2021-03-01,146.4621281101929
2021-03-02,144.79451759634028
2021-03-03,141.87000326872925
2021-03-04,137.4856830992071
2021-03-05,143.4263967830537
2021-03-08,143.17327125356087
2021-03-09,135.0908482875866
2021-03-10,134.74124390622848
2021-03-12,140.8265664081733
2021-03-15,142.85151264867721
2021-03-16,140.70532712067893
2021-03-17,136.27557583485972
2021-03-18,137.56685069936336
2021-03-19,145.39742322676193
2021-03-22,145.1549829508572
2021-03-23,140.93722503723276
2021-03-24,139.80965685291184
2021-03-25,138.9924705888352
2021-03-26,140.3136913461978
2021-03-30,136.22348211521074
2021-03-31,141.15472504481605
2021-04-01,141.899402935507
2021-04-05,143.6066581299626
2021-04-06,141.242206284926
2021-04-07,136.73721596249197
2021-04-08,136.1747031144608
2021-04-09,135.46299396541227
2021-04-12,135.21100221540212
2021-04-13,134.5430813896031
2021-04-15,129.75883607654487
2021-04-16,132.86947975198396
2021-04-19,135.22298818662833
2021-04-20,133.0672781384591
2021-04-22,132.23406299917508
2021-04-23,131.72820768647773
2021-04-26,132.5511281554333
2021-04-27,136.11418588186615
2021-04-28,136.89475859577914
2021-04-29,134.8121578878464
2021-04-30,135.7072485425479
2021-05-03,133.8179097209999
2021-05-04,141.18094521820936
2021-05-05,135.72453329740517
2021-05-06,135.84027153675837
2021-05-07,138.77572392746015
2021-05-10,139.40936774204783
2021-05-11,144.370536483452
2021-05-12,147.91354179114396
2021-05-14,147.1201562790912
2021-05-17,148.6943477352715
2021-05-18,159.6490340749591
2021-05-19,161.05514673368782
2021-05-20,165.99263286364044
2021-05-21,167.1555469976319
2021-05-24,166.64451777794443
2021-05-25,166.15478694206578
2021-05-26,172.1983331302323
2021-05-27,176.6017707034549
2021-05-28,172.66366319247507
2021-05-31,175.84530305875694
2021-06-01,174.03582505692552
2021-06-02,173.72975936946443
2021-06-03,173.45026611691404
2021-06-04,171.8154486629454
2021-06-07,171.3619558539814
2021-06-08,171.28236026645354
2021-06-09,172.9134912841605
2021-06-10,177.32546110394682
2021-06-11,177.63570224978184
2021-06-14,183.77576526454268
2021-06-15,183.9596920313658
2021-06-16,186.02254199334305
2021-06-17,191.95323812597087
2021-06-18,178.95390924724015
2021-06-21,185.07190490198943
2021-06-22,184.00588958445582
2021-06-23,184.25965762130392
2021-06-24,183.40799005141074
2021-06-25,187.98991106883932
2021-06-28,188.27904781894898
2021-06-29,183.58455531728637
2021-06-30,184.21370692320724
2021-07-01,184.3590450734752
2021-07-02,186.134643778817
2021-07-05,189.60163933365644
2021-07-06,189.6976800554021
2021-07-07,193.51177667826616
2021-07-08,191.50040436851782
2021-07-09,190.54792970864563
2021-07-12,183.81426188941907
2021-07-13,181.10163280971256
2021-07-14,186.00650796674347
2021-07-15,183.89596104087775
2021-07-16,189.23610850201476
2021-07-19,188.03784223771945
2021-07-20,187.14787922346713
2021-07-22,177.44536089024965
2021-07-23,182.30596610515286
2021-07-26,182.7963889433999
2021-07-27,183.13102169036972
2021-07-28,185.9952247725334
2021-07-29,183.39668163394367
2021-07-30,189.4141820339131
2021-08-02,183.4359287955081
2021-08-03,191.79128557727375
2021-08-04,192.05449517104927
2021-08-05,191.43251823798082
2021-08-06,191.21806416964407
2021-08-09,191.55418012544834
2021-08-10,186.25826356241186
2021-08-11,180.24722243983288
2021-08-12,187.81260811159697
2021-08-13,187.70625232466193
2021-08-16,188.26351103579094
2021-08-17,189.05698392996248
2021-08-18,188.4793436751891
2021-08-20,186.82106664547314
2021-08-23,182.9078204956218
2021-08-24,184.69566819325343
2021-08-25,189.31337921955898
2021-08-26,187.76723622539464
2021-08-27,185.6719686482543
2021-08-30,184.467526902404
2021-08-31,177.85754736898588
2021-09-01,174.81914116431707
2021-09-02,175.3693010682662
2021-09-03,177.3921698190903
2021-09-06,178.74809761687936
2021-09-07,184.38586160152772
2021-09-08,189.2454987865515
2021-09-09,192.40418727114775
2021-09-13,188.99807823050625
2021-09-14,187.98140093674007
2021-09-15,184.98424061648677
2021-09-16,183.97085624388754
2021-09-17,187.2582452562764
2021-09-20,183.4490566991916
2021-09-21,189.55075030480117
2021-09-22,190.16327240966018
2021-09-23,199.15647133978376
2021-09-24,200.58359867959393
2021-09-27,196.90000124076533
2021-09-28,188.69528640168284
2021-09-29,185.3171337482096
2021-09-30,181.26486232873063
2021-10-01,175.2455341934279
2021-10-04,176.10063381499546
2021-10-05,176.33603869395046
2021-10-06,176.76951414298856
2021-10-07,176.95809749901738
2021-10-08,171.0968834228906
2021-10-11,167.4605989101626
2021-10-12,166.38333204624388
2021-10-13,167.51706366074146
2021-10-14,165.84390974902507
2021-10-18,161.60498091421047
2021-10-19,161.76404499077807
2021-10-20,162.8310042966918
2021-10-21,160.4781598125287
2021-10-22,164.13598630351157
2021-10-25,170.74448684244854
2021-10-26,168.14425733823597
2021-10-27,169.25850807914816
2021-10-28,171.61752914942232
2021-10-29,171.54985317991282
2021-11-01,167.13035900409045
2021-11-02,163.97984344540066
2021-11-03,162.4275870307822
2021-11-04,163.27418120925543
2021-11-08,168.33974858698252
2021-11-09,172.5512026048929
2021-11-10,167.48084200637368
2021-11-11,164.2438264532622
2021-11-12,169.0296128838602
2021-11-15,168.34888558426167
2021-11-16,167.42976278625707
2021-11-17,172.1759676655442
2021-11-18,172.58287271832654
2021-11-22,174.2703300302032
2021-11-23,176.14166856764126
2021-11-24,181.3603009065346
2021-11-25,181.38576846039322
2021-11-26,184.58248932015303
2021-11-29,188.8693765145633
2021-11-30,186.08868611229738
2021-12-01,184.5657012438443
2021-12-02,181.40923393938448
2021-12-03,183.32409049599968
2021-12-06,175.053697556978
2021-12-07,176.32979128312434
2021-12-08,171.9201914565815
2021-12-09,172.06101194705514
2021-12-10,171.03832846572269
2021-12-13,174.7811901641456
2021-12-14,170.65901099555268
2021-12-15,172.588465497685
2021-12-16,170.74870285715807
2021-12-17,168.66532735655937
2021-12-20,168.72168512785362
2021-12-21,170.4819552696379
2021-12-22,179.70598135055317
2021-12-23,169.23229006818516
2021-12-24,166.72666557086194
2021-12-27,165.4672366044049
2021-12-28,167.46757959870175
2021-12-29,170.45814293532888
2021-12-30,169.47179067013184
2021-12-31,175.17737860342476
2022-01-03,182.07736222327446
2022-01-04,176.46832922418392
2022-01-05,180.4633405499674
2022-01-06,185.14054780209884
2022-01-07,178.70734364143257
2022-01-10,174.3936879811597
2022-01-11,176.12643038246924
2022-01-12,179.2523715415946
2022-01-13,175.57273084508356
2022-01-14,177.73985983542497
2022-01-17,172.30564907122624
2022-01-18,182.25954121827058
2022-01-19,182.98588272329525
2022-01-20,179.06454498495327
2022-01-21,179.51122036974016
2022-01-24,176.32952166945245
2022-01-25,179.71072642355983
2022-01-27,182.50904388871717
2022-01-28,179.99587237638968
2022-01-31,183.5575611975677
2022-02-01,177.64125412097138
2022-02-02,178.23663121727336
2022-02-03,173.7120667070373
2022-02-04,169.39651870237677
2022-02-07,168.06598289935198
2022-02-08,163.7740604372151
2022-02-09,164.32053270168248
2022-02-10,169.06300915922452
2022-02-11,170.05956737493528
2022-02-14,169.68705047481944
2022-02-15,172.03017151365054
2022-02-16,171.89780487747734
2022-02-17,171.31940973704477
2022-02-18,177.55192197579802
2022-02-21,171.6123907586253
2022-02-22,177.66863362264897
2022-02-23,179.61234328046183
2022-02-24,178.27941719537856
2022-02-25,184.92227802122613
2022-02-28,183.61010931842938
2022-03-02,184.36775851249408
2022-03-03,186.67514657656974
2022-03-04,187.04952566914173
2022-03-07,183.69124058454335
2022-03-08,189.50179619347924
2022-03-09,185.54488012176824
2022-03-10,184.53701277522424
2022-03-11,185.41735271947152
2022-03-14,185.44630473571138
2022-03-15,183.3246588074367
2022-03-16,182.6454176502446
2022-03-17,179.00787015909788
2022-03-21,181.49277213103915
2022-03-22,179.33121402452224
2022-03-23,180.88128854972427
2022-03-24,179.53707271660855
2022-03-25,181.48700156827064
2022-03-28,183.55887992462087
2022-03-29,189.93747400020507
2022-03-30,193.76731966891623
2022-03-31,196.62341546314448
2022-04-01,192.3174236503811
2022-04-04,192.44121445746248
2022-04-05,189.25489160011136
2022-04-06,189.69191689385624
2022-04-07,192.24525907158224
2022-04-08,197.38617670380955
2022-04-11,193.5306516571018
2022-04-12,192.60530637721055
2022-04-13,193.1604437552919
2022-04-18,200.1178741943653
2022-04-19,204.73602520275773
2022-04-20,205.64912885783414
2022-04-21,207.48435626742508
2022-04-22,204.48120541039995
2022-04-25,201.13092726705418
2022-04-26,194.1758748517701
2022-04-27,194.8040347311137
2022-04-28,195.54632710087313
2022-04-29,193.35939567801265
2022-05-02,191.975306805179
2022-05-04,192.9029716677201
2022-05-05,193.93650552712253
2022-05-06,185.90483375853583
2022-05-09,187.6608254238517
2022-05-10,187.72001465100197
2022-05-11,175.25404996518267
2022-05-12,176.6077843301054
2022-05-13,177.07344654027932
2022-05-16,181.9396405028451
2022-05-17,177.3664377212948
2022-05-18,184.29005406205576
2022-05-19,189.31425478654327
2022-05-20,187.28480411435447
2022-05-23,191.16687431610745
2022-05-24,196.88288191347368
2022-05-25,199.91327246438343
2022-05-26,200.99887943631714
2022-05-27,195.23369768841673
2022-05-30,188.68935322287246
2022-05-31,186.78660553330036
2022-06-01,190.9528927745576
2022-06-02,195.7728541883316
2022-06-03,196.62023523934195
2022-06-06,203.32026975889013
2022-06-07,201.25663350537084
2022-06-08,203.39114445577889
2022-06-09,204.4239323008631
2022-06-10,202.27131391115879
2022-06-13,196.89125853557746
2022-06-14,197.9732288382178
2022-06-15,199.98344673538512
2022-06-16,204.2450537363708
2022-06-17,206.5732951989721
2022-06-20,206.42663265430062
2022-06-21,206.03898285792602
2022-06-22,207.13395225071994
2022-06-23,213.57857396616598
2022-06-24,216.34814692635865
2022-06-27,212.114244563005
2022-06-28,216.03215995267738
2022-06-29,225.83543813075522
2022-06-30,224.90994595023065
2022-07-01,223.52886992192887
2022-07-04,231.86137018694285
2022-07-05,238.52909689332964
2022-07-06,240.84994615081453
2022-07-07,247.14097874008027
2022-07-08,246.06172604220782
2022-07-11,251.38432292555322
2022-07-12,256.07289388721273
2022-07-13,256.6437267840737
2022-07-14,264.0277160788353
2022-07-15,271.6892890516406
2022-07-18,267.3515503197695
2022-07-19,261.6880401967924
2022-07-20,255.32680532276189
2022-07-21,257.1578536780675
2022-07-22,261.375609465242
2022-07-25,266.14119928069283
2022-07-26,269.638139265134
2022-07-27,282.5485840658936
2022-07-28,282.34870600688265
2022-07-29,287.3076919651509
2022-08-01,289.89929207311224
2022-08-02,286.9579284015294
2022-08-03,282.0203128981878
2022-08-04,281.5577955220378
2022-08-05,280.2650847444426
2022-08-08,282.56298740636583
2022-08-10,279.54167772864093
2022-08-11,280.86555020887096
2022-08-12,279.99991563368644
2022-08-16,284.3684375677381
2022-08-17,272.0349527460196
2022-08-18,287.5046493212846
2022-08-19,291.7752362265675
2022-08-22,286.9902550610271
2022-08-23,282.98268144093504
2022-08-24,289.2808220804623
2022-08-25,298.4697483842615
2022-08-26,292.4775692329022
2022-08-29,292.5234028519882
2022-08-30,287.60087668645576
2022-09-01,290.1390480928288
2022-09-02,290.0178129177713
2022-09-05,292.4247915349898
2022-09-06,294.57374705675505
2022-09-07,283.6125653947682
2022-09-08,287.5269781383426
2022-09-09,286.0512592170366
2022-09-12,293.7795060993981
2022-09-13,289.12513329807564
2022-09-14,289.1220836206249
2022-09-15,300.7747081047424
2022-09-16,304.7693974437888
2022-09-19,303.61725992094733
2022-09-20,309.4984478009499
2022-09-21,299.80321716468313
2022-09-22,298.2988117288629
2022-09-23,287.72410472783633
2022-09-26,293.3363723036065
2022-09-27,286.4048799213303
2022-09-28,284.9156087424805
2022-09-29,290.99337266029096
2022-09-30,287.71812748828324
2022-10-03,281.1307975520687
2022-10-04,282.0175987506669
2022-10-06,282.5981431107159
2022-10-07,292.37628916763157
2022-10-10,300.425891807403
2022-10-11,293.25236966901775
2022-10-12,302.26130443687214
2022-10-13,301.90121529556654
2022-10-14,305.59850154909736
2022-10-17,309.92817619568024
2022-10-18,320.08218444575016
2022-10-19,322.9040386867179
2022-10-20,321.2402280361148
2022-10-21,316.22927838470366
2022-10-24,315.01400231180975
2022-10-25,314.6651398620846
2022-10-27,312.4795460428745
2022-10-28,321.2188563906748
2022-10-31,321.9717228442948
2022-11-01,330.1675736043917
2022-11-02,324.6932597111394
2022-11-03,327.0184248995507
2022-11-04,334.88494775495286
2022-11-07,344.4848413501002
2022-11-09,348.12302479744875
2022-11-10,355.7200227044818
2022-11-11,350.2509109195348
2022-11-14,364.84525168033286
2022-11-15,369.88578713918804
2022-11-16,370.73343099262286
2022-11-17,371.7630296679131
2022-11-18,366.61036811117197
2022-11-21,382.0334082579775
2022-11-22,386.7723121426467
2022-11-23,384.3408828825077
2022-11-24,376.97880312368363
2022-11-25,390.9010549057644
2022-11-28,390.6848756968524
2022-11-29,395.87966553402646
2022-11-30,393.7104431157224
2022-12-01,400.0367778566608
2022-12-02,408.9300426742218
2022-12-05,411.13230389561545
2022-12-06,403.52804869035907
2022-12-07,403.9353629235254
2022-12-08,416.59336695456255
2022-12-09,425.0444820664576
2022-12-12,422.50229176984413
2022-12-13,421.71732468656546
2022-12-14,432.7433283405191
2022-12-15,448.13991736127764
2022-12-16,455.0364148730295
2022-12-19,478.56469865130674
2022-12-20,473.0618584134882
2022-12-21,469.98724702492433
2022-12-22,466.15608939178895
2022-12-23,460.2021946339365
2022-12-26,447.3047978109118
2022-12-27,458.8837468378174
2022-12-28,460.0019742716368
2022-12-29,446.5088182617076
2022-12-30,422.9722988452883
2023-01-02,424.761939813986
2023-01-03,446.2420429027863
2023-01-04,440.55319083021993
2023-01-05,432.0209766181467
2023-01-06,442.0278094925807
2023-01-09,446.35771619132964
2023-01-10,424.83690451697197
2023-01-11,420.0353633304474
2023-01-12,416.01626731923096
2023-01-13,411.95107010053374
2023-01-16,424.7817861152841
2023-01-17,424.83653958695044
2023-01-18,433.74561972482496
2023-01-19,408.9766582852927
2023-01-20,408.3210246911316
2023-01-23,390.3405388130941
2023-01-24,382.6317854194939
2023-01-25,386.91564463962396
2023-01-27,376.3607874159908
2023-01-30,373.8380961192352
2023-01-31,381.08611722321143
2023-02-01,385.96528823629563
2023-02-02,403.4876785965413
2023-02-03,394.12123503207823
2023-02-06,380.58778801413496
2023-02-07,386.6713070897632
2023-02-08,373.4203092212652
2023-02-09,373.42265040829574
2023-02-10,370.37356703303726
2023-02-13,368.875800291351
2023-02-14,360.25060374849267
2023-02-15,359.93885591038975
2023-02-16,353.1743776575907
2023-02-17,376.12997913908134
2023-02-20,381.4246119862637
2023-02-21,379.2172019476306
2023-02-22,383.36845167882507
2023-02-23,371.4119205830896
2023-02-24,391.0202890048207
2023-02-27,387.7720669793753
2023-02-28,399.1643058248281
2023-03-01,404.0885027452322
2023-03-02,416.13235154363855
2023-03-03,429.35698439221994
2023-03-06,431.91789185637464
2023-03-08,424.6502566785949
2023-03-09,440.7622982127329
2023-03-10,440.9122582562163
2023-03-13,434.662999262139
2023-03-14,444.3758083286678
2023-03-15,454.39036654614875
2023-03-16,451.63787398971317
2023-03-17,460.4337384275523
2023-03-20,453.80769677112346
2023-03-21,472.4336020831943
2023-03-22,480.98047055462666
2023-03-23,479.25306802692256
2023-03-24,485.5629764723211
2023-03-27,481.83089544412263
2023-03-28,468.5231320894286
2023-03-29,471.1837810522801
2023-03-31,511.8711182211374
2023-04-03,500.57511222836393
2023-04-05,506.52540122548805
2023-04-06,515.339484370801
2023-04-10,500.2764726885136
2023-04-11,491.9931162909144
2023-04-12,501.5724649570769
2023-04-13,495.7580495822565
2023-04-17,483.00866510812835
2023-04-18,481.8952213073313
2023-04-19,468.28220944969985
2023-04-20,464.6315936358591
2023-04-21,461.43669952614755
2023-04-24,456.36729289862114
2023-04-25,459.33054445952246
2023-04-26,463.12111500928665
2023-04-27,466.63888387843065
2023-04-28,484.8258001532937
2023-05-02,476.1097200128983
2023-05-03,481.2929355821231
2023-05-04,473.2703925804873
2023-05-05,458.4938276110461
2023-05-08,452.24851062735263
2023-05-09,447.49327498112365
2023-05-10,469.7320749218629
2023-05-11,472.23791430260036
2023-05-12,460.6062183999655
2023-05-15,454.1435626559549
2023-05-16,453.9156330985286
2023-05-17,458.0887222581301
2023-05-18,460.2706608944098
2023-05-19,457.3969700774629
2023-05-22,455.64168974531674
2023-05-23,468.77175151263503
2023-05-24,489.56662022965406
2023-05-25,500.4171412282526
2023-05-26,502.6665398604707
2023-05-29,514.8563853421053
2023-05-30,517.6531774082521
2023-05-31,513.5229044251954
2023-06-01,501.87472467025316
2023-06-02,507.8484420983975
2023-06-05,502.98934151103293
2023-06-06,511.21378040103417
2023-06-07,519.5151392065638
2023-06-08,527.6885156392581
2023-06-09,525.07603701001
2023-06-12,545.6808666341698
2023-06-13,541.5698854491645
2023-06-14,529.5503910328024
2023-06-15,531.9126758941884
2023-06-16,535.7008396640565
2023-06-19,556.4034737042832
2023-06-20,550.8199618710415
2023-06-21,538.1170600974023
2023-06-22,532.531732299934
2023-06-23,557.7565383844918
2023-06-26,575.0303450864197
2023-06-27,594.0425285889663
2023-06-28,602.1200699420224
2023-06-30,581.4373597803757
2023-07-03,573.7543628578233
2023-07-04,582.6213491792573
2023-07-05,578.8872478564319
2023-07-06,576.9983096863767
2023-07-07,589.4901416558225
2023-07-10,577.834268751848
2023-07-11,574.0309522414618
2023-07-12,591.821555029324
2023-07-13,600.6262045175437
2023-07-14,596.209953965367
2023-07-17,587.991143008303
2023-07-18,585.6302990201493
2023-07-19,601.1179427141884
2023-07-20,593.3516662855754
2023-07-21,605.8785180397036
2023-07-24,607.300810741604
2023-07-25,593.2129064516463
2023-07-26,581.107671809298
2023-07-27,578.856320580167
2023-07-28,582.2756736408651
2023-07-31,569.8227375882158
2023-08-01,543.1867797279828
2023-08-02,541.0692581289317
2023-08-03,534.7411540868537
2023-08-04,530.7646381327078
2023-08-07,547.7251171079492
2023-08-08,542.8408016101864
2023-08-09,551.3393831095314
2023-08-10,568.5136566891049
2023-08-11,550.8537356101931
2023-08-14,551.8655907780201
2023-08-16,549.0101273808565
2023-08-17,560.4456671268564
2023-08-18,553.512275624569
2023-08-21,521.8914511987322
2023-08-22,538.5677950394238
2023-08-23,541.5180822257573
2023-08-24,548.5958930242464
2023-08-25,549.6980511741115
2023-08-28,561.9199154588708
2023-08-29,567.7941501828669
2023-08-30,566.1080830640844
2023-08-31,553.7640912081015
2023-09-01,540.9215906420462
2023-09-04,539.9186950389822
2023-09-05,538.3498566742211
2023-09-06,578.8802534839517
2023-09-07,575.4548025933505
2023-09-08,566.3710085263319
2023-09-11,570.7201337497875
2023-09-12,591.8668475973295
2023-09-13,610.1224676889519
2023-09-14,612.5872653244254
2023-09-15,620.1192022195783
2023-09-18,637.545672073824
2023-09-20,635.9521074911306
2023-09-21,640.7490800183753
2023-09-22,638.884547227037
2023-09-25,649.2154282308795
2023-09-26,652.7301124469815
2023-09-27,655.8221999794766
2023-09-28,643.9457096491658
2023-09-29,636.944383448342
2023-10-03,660.1369554520459
2023-10-04,616.5227977918344
2023-10-05,622.1658711351733
2023-10-06,605.3842340406994
2023-10-09,614.6687802624326
2023-10-10,601.7181893415695
2023-10-11,601.940563714746
2023-10-12,604.7301768028526
2023-10-13,607.9329114238193
2023-10-16,606.0704803634316
2023-10-17,624.7877951149748
2023-10-18,615.1262165540436
2023-10-19,610.1877624032165
2023-10-20,629.945432463887
2023-10-23,643.1502845451547
2023-10-25,646.8795725138826
2023-10-26,650.7976535622022
2023-10-27,672.1148604131467
2023-10-30,686.3820544378935
2023-10-31,713.961588751014
2023-11-01,733.0850401362181
2023-11-02,745.9266408155785
2023-11-03,720.448562886438
2023-11-06,718.9586798051616
2023-11-07,725.3360881123463
2023-11-08,747.5815298928767
2023-11-09,741.3019080196174
2023-11-10,752.7137838029312
2023-11-13,784.5598397998087
2023-11-15,815.5937674596488
2023-11-16,792.1887618705344
2023-11-17,805.7881138285948
2023-11-20,840.1599952696218
2023-11-21,815.2658459130704
2023-11-22,828.9757051131353
2023-11-23,859.3793913677247
2023-11-24,877.7823219127386
2023-11-28,876.1613827838521
2023-11-29,877.7195805281242
2023-11-30,851.4202070154805
2023-12-01,834.608125777861
2023-12-04,869.0112236533128
2023-12-05,886.5947227278735
2023-12-06,931.7321552098213
2023-12-07,954.6020788103219
2023-12-08,926.0236707587669
2023-12-11,966.7056144865807
2023-12-12,1017.2539997603446
2023-12-13,983.6121935254324
2023-12-14,992.8055963475398
2023-12-15,1005.6143259192504
2023-12-18,1016.6923498019378
2023-12-19,1054.4788762705377
2023-12-20,1056.1329597005206
2023-12-21,1046.3965678400627
2023-12-22,1064.4317983892224
2023-12-26,1062.2712773190424
2023-12-27,1042.0552439165729
2023-12-28,1046.611469162086
2023-12-29,1089.821618609723
2024-01-01,1102.1841079881945
2024-01-02,1070.79875795288
2024-01-03,1032.3923726969997
2024-01-04,1037.9931405375903
2024-01-05,1024.209963532024
2024-01-08,1038.3809951790738
2024-01-09,1041.5313618401817
2024-01-10,1038.1827624228404
2024-01-11,1028.6555094045448
2024-01-12,1058.282782613661
2024-01-15,1038.1527310016688
2024-01-16,1068.6311348042404
2024-01-17,1046.7467829998775
2024-01-18,1061.6276176817298
2024-01-19,1063.466114096019
2024-01-23,1052.6086952095577
2024-01-24,1061.8862694129875
2024-01-25,1044.4445265330894
2024-01-29,1064.5364250742668
2024-01-30,1072.6148820236217
2024-01-31,1088.4924690305816
2024-02-01,1073.9565282103824
2024-02-02,1104.950548932804
2024-02-05,1084.0929754961228
2024-02-06,1059.9161983040397
2024-02-07,1080.2542664054245
2024-02-08,1094.8276206993194
2024-02-09,1075.0728836568135
2024-02-12,1064.4608898333377
2024-02-13,1096.985410019219
2024-02-14,1139.215914477926
2024-02-15,1135.25900542478
2024-02-16,1121.227157718673
2024-02-19,1093.4037367013489
2024-02-20,1076.3517827881674
2024-02-21,1070.2755177685372
2024-02-22,1073.141103695581
2024-02-23,1062.685964496525
2024-02-26,1025.806848083006
2024-02-27,1029.0785770646157
2024-02-28,1022.1183809586587
2024-02-29,1048.52722675858
2024-03-01,1006.134768992229
2024-03-04,1028.6208694225165
2024-03-05,1070.0387196516624
2024-03-06,1032.965182523144
2024-03-07,1011.08742745654
2024-03-11,1028.1620143417172
2024-03-12,1009.8785978282191
2024-03-13,998.5753512830051
2024-03-14,1021.5733765053255
2024-03-15,1024.9619432398688
2024-03-18,979.419450436071
2024-03-19,941.3737879744502
2024-03-20,925.6290489297113
2024-03-21,898.6444068622145
2024-03-22,912.3046240095624
2024-03-26,895.0732194597463
2024-03-27,900.2292932934743
2024-03-28,899.0973919479178
2024-04-01,909.7698599795906
2024-04-02,901.6248456182748
2024-04-03,946.5976633995421
2024-04-04,901.7508739155496
2024-04-05,908.3470624988621
2024-04-08,923.105287786262
2024-04-09,926.8096437909578
2024-04-10,928.7006868954039
2024-04-12,933.6090432687399
2024-04-15,942.3182121530208
2024-04-16,926.1983786406008
2024-04-18,932.2595784305494
2024-04-19,938.5122133667463
2024-04-22,952.4536180968767
2024-04-23,971.4096612411738
2024-04-24,964.9205089366559
2024-04-25,979.7250382053842
2024-04-26,976.707655467084
2024-04-29,997.5201549777651
2024-04-30,1013.0834148808417
2024-05-02,1018.6842660264833
2024-05-03,1033.62896992341
2024-05-06,1017.2062831970586
2024-05-07,1036.1551286128783
2024-05-08,1013.8115150166038
2024-05-09,989.5900887522599
2024-05-10,994.9132221945621
2024-05-13,984.3788927048041
2024-05-14,955.4942588246479
2024-05-15,954.734174113096
2024-05-16,930.1152416346187
2024-05-17,940.9297981779954
2024-05-21,947.8828278718316
2024-05-22,966.6764841459419
2024-05-23,971.8152159028527
2024-05-24,958.1235747514692
2024-05-27,962.9143466509927
2024-05-28,915.9515051581967
2024-05-29,918.1476237417075
2024-05-30,910.0974877186428
2024-05-31,884.4674814563816
2024-06-03,907.2593026073462
2024-06-04,889.0490713637622
2024-06-05,883.9900834215681
2024-06-06,890.857890825086
2024-06-07,906.4711196643223
2024-06-10,940.9546300240232
2024-06-11,920.0098227159865
2024-06-12,886.0817530633586
2024-06-13,859.1530237340513
2024-06-14,862.4149457348742
2024-06-18,877.886112153118
2024-06-19,881.6240748469877
2024-06-20,861.2584975030849
2024-06-21,862.9991684029056
2024-06-24,883.9047778084736
2024-06-25,899.848834917155
2024-06-26,883.1257631514369
2024-06-27,874.6855995942843
2024-06-28,892.0645624641073
2024-07-01,900.2281537803427
2024-07-02,882.8413749845183
2024-07-03,894.5388919665324
2024-07-04,908.6862631663042
2024-07-05,895.7896464403293
2024-07-08,878.2209399250415
2024-07-09,893.8601687507061
2024-07-10,880.6117842179347
2024-07-11,849.0758395963568
2024-07-12,853.6710786264291
2024-07-15,846.4528655035754
2024-07-16,840.9290357512477
2024-07-18,874.769862930643
2024-07-19,861.4253252141791
2024-07-22,903.5292290668918
2024-07-23,910.8325609238628
2024-07-24,913.8536357513027
2024-07-25,906.0014489037068
2024-07-26,902.7604600010148
2024-07-29,932.7804284429841
2024-07-30,926.51172232482
2024-07-31,951.5429460088034
2024-08-01,975.0358925831091
2024-08-02,1000.9409417219465
2024-08-05,993.2970284006001
2024-08-06,978.7214248074902
2024-08-07,978.3323906755579
2024-08-08,978.8551550409286
2024-08-09,1008.2433166711056
2024-08-12,984.7207914506786
2024-08-13,1004.4114462837297
2024-08-14,1031.9492165376269
2024-08-16,1020.8489482656765
2024-08-19,1055.2454078324524
2024-08-20,1073.1642493944978
2024-08-21,1044.487772242296
2024-08-22,1017.6393859566334
2024-08-23,1007.2417752553082
2024-08-26,974.6852505697725
2024-08-27,961.0851684305446
2024-08-28,980.1524595181168
2024-08-29,951.3152606958857
2024-08-30,955.1452071971364
2024-09-02,944.0933889552409
2024-09-03,942.7645551136911
2024-09-04,950.454070485872
2024-09-05,1000.2525556847705
2024-09-06,1018.3259276994839
2024-09-09,1025.8639726579481
2024-09-10,1063.7760825678085
2024-09-11,1054.3020274864548
2024-09-12,1025.78526524329
2024-09-13,1052.3904770158654
2024-09-16,1034.76362183151
2024-09-17,1044.8686495987358
2024-09-18,1029.1359737298824
2024-09-19,975.3150911702073
2024-09-20,998.8841404445245
2024-09-23,1009.65004053347
2024-09-24,1017.4233347507753
2024-09-25,1040.8727137393969
2024-09-26,1081.119937635282
2024-09-27,1056.4622353096295
2024-09-30,1075.1641027077076
2024-10-01,1061.0279077103826
2024-10-03,1044.1039895634362
2024-10-04,1039.8785944855624
2024-10-07,1068.6277232858229
2024-10-08,1068.2819322231855
2024-10-09,1081.04400358369
2024-10-10,1080.7670349999873
2024-10-11,1085.8437805447097
2024-10-14,1117.9495932313816
2024-10-15,1110.9886893772166
2024-10-16,1080.5036367127489
2024-10-17,1070.7454394444133
2024-10-18,1056.9208272725107
2024-10-21,1028.9349765979634
2024-10-22,977.9058698464925
2024-10-23,1002.9608470166878
2024-10-24,979.809030988477
2024-10-25,979.3293634925219
2024-10-28,953.5928744075835
2024-10-29,961.0360242184519
2024-10-30,945.3734138219313
2024-10-31,944.4883571188064
2024-11-01,940.8221956421507
2024-11-04,936.1144146046802
2024-11-05,955.8170915847808
2024-11-06,952.2325796000454
2024-11-07,953.4954682361656
2024-11-08,953.425098887017
2024-11-11,953.6303250404281
2024-11-12,935.4428935759702
2024-11-13,947.731337557415
2024-11-14,934.284213935851
2024-11-18,939.6553094460387
2024-11-19,942.572917437994
2024-11-21,956.9589845840192
2024-11-22,965.8298852003707
2024-11-25,1001.0863386102963
2024-11-26,997.4749950976518
2024-11-27,1004.2244383951502
2024-11-28,1046.558908911425
2024-11-29,1051.867910237742
2024-12-02,1094.6205205861265
2024-12-03,1097.3672229236693
2024-12-04,1107.06318549211
2024-12-05,1104.540351977734
2024-12-06,1119.2595944883028
2024-12-09,1085.8172419793318
2024-12-10,1136.719052456612
2024-12-11,1117.345332502347
2024-12-12,1082.48968398802
2024-12-13,1060.6281746484115
2024-12-16,1059.5841174796465
2024-12-17,1035.1104411688377
2024-12-18,1045.3444847926216
2024-12-19,1065.221927075769
2024-12-20,1045.3103061898844
2024-12-23,1024.0005112186184
2024-12-24,1015.9914171897756
2024-12-26,1021.5483824206052
2024-12-27,1026.5247466444257
2024-12-30,979.908707236679
2024-12-31,960.1968923610922
2025-01-01,930.2845794630703
2025-01-02,919.5626140869578
2025-01-03,918.6492610743336
2025-01-06,917.6152132463699
2025-01-07,875.3002695898678
2025-01-08,822.8993990958107
2025-01-09,798.5231749681883
2025-01-10,812.0458584932355
2025-01-13,819.4450688514572
2025-01-14,836.8607599365833
2025-01-15,810.1045368581766
2025-01-16,805.5228825550737
2025-01-17,815.0891187836696
2025-01-20,782.2022385452007
2025-01-21,812.0393313143082
2025-01-22,829.002966797497
2025-01-23,829.6158289173038
2025-01-24,825.1176528036066
2025-01-27,810.6938603900198
2025-01-28,851.3882796386737
2025-01-29,850.5699526625478
2025-01-30,848.3373438667008
2025-01-31,921.718908982656
2025-02-01,936.7493684791726
2025-02-03,948.4856893138992
2025-02-04,903.985073624758
2025-02-05,894.06643021296
2025-02-06,883.8867827207902
2025-02-07,875.0778360600169
2025-02-10,869.0256044002305
2025-02-11,878.6846601276155
2025-02-12,911.2757982762088
2025-02-13,914.9026090480721
2025-02-14,952.2687993540425
2025-02-17,962.5440330107176
2025-02-18,954.0709113527249
2025-02-19,956.9658918257693
2025-02-20,951.848552906395
2025-02-21,976.2964710274713
2025-02-24,988.8646121025788
2025-02-25,1023.2250615716404
2025-02-27,996.7105246514027
2025-02-28,969.7684131817387
2025-03-03,1016.2017130623946
2025-03-04,1054.2953386659078
2025-03-05,1019.5104885992595
2025-03-06,1036.021543020543
2025-03-07,1017.6959235097868
2025-03-10,1046.527169256056
2025-03-11,1018.3388276023622
2025-03-12,1017.436421431591
2025-03-13,1016.5577333581283
2025-03-17,995.6006775175581
2025-03-18,1007.5047820573551
2025-03-19,986.6647180306318
2025-03-20,994.1494688643445
2025-03-21,1001.0867319180473
2025-03-24,1004.2202024148893
2025-03-25,1009.8311927218446
2025-03-26,1053.6856123637986
2025-03-27,1038.9838212837353
2025-03-28,1051.4133053475914
2025-04-01,1090.896431453933
2025-04-02,1081.8926382879642
2025-04-03,1081.7450009972924
2025-04-04,1105.5208425298174
2025-04-07,1144.07442672397
2025-04-08,1166.3775292062148
2025-04-09,1163.3788519527866
2025-04-11,1181.393888047229
2025-04-15,1193.3161983263137
2025-04-16,1141.0571359401579
2025-04-17,1133.575251400669
2025-04-21,1152.7384857563884
2025-04-22,1197.9671668933365
2025-04-23,1144.1857557087405
2025-04-24,1133.0396688438218
2025-04-25,1119.3772701851447
2025-04-28,1200.0347701597343
2025-04-29,1128.7597008555163
2025-04-30,1137.3753721434584
2025-05-02,1144.4679533144747
2025-05-05,1194.9072740338495
2025-05-06,1196.6331509814133
2025-05-07,1210.7986645734816
2025-05-08,1224.1277146503612
2025-05-09,1201.490524326161
2025-05-12,1242.6989087400775
2025-05-13,1266.9699238655242
2025-05-14,1234.5409274274814
2025-05-15,1220.629083767763
2025-05-16,1206.2240977519214
2025-05-19,1189.619182501156
2025-05-20,1182.8037533216898
2025-05-21,1155.858169290685
2025-05-22,1158.2153720263477
2025-05-23,1154.489168876852
2025-05-26,1139.628286256989
2025-05-27,1127.226351702237
2025-05-28,1095.8800340780833
2025-05-29,1110.0185939334367
2025-05-30,1125.7610004008798
2025-06-02,1079.6263707971
2025-06-03,1090.2704743145325
2025-06-04,1079.4664375587568
2025-06-05,1089.1123899787433
2025-06-06,1088.6501602899382
2025-06-09,1069.0455785665072
2025-06-10,1047.6584457878696
2025-06-11,1061.0353935168612
2025-06-12,1074.4942485355514
2025-06-13,1066.1329981943343
2025-06-16,1050.7873058499868
2025-06-17,1066.726966047811
2025-06-18,1071.5746681255603
2025-06-19,1078.5974923029974
2025-06-20,1037.9053192801387
2025-06-23,1054.6934863983315
2025-06-24,1004.762734966679
2025-06-25,991.2292761599869
2025-06-26,995.3479262664152
2025-06-27,995.6024153095989
2025-06-30,935.1901076989823
2025-07-01,926.2762523658665
2025-07-02,881.224123943197
2025-07-03,868.4907525145611
2025-07-04,905.2059054397621
2025-07-07,917.7667243238297
2025-07-08,931.631066573211
2025-07-09,920.2118949578662
2025-07-10,895.5596735347103
2025-07-11,859.4162535798127
