Datetime,Close
2023-07-14 01:00:00+00:00,32404.44921875
2023-07-14 02:00:00+00:00,32156.266700203858
2023-07-14 03:00:00+00:00,32257.43896971756
2023-07-14 04:00:00+00:00,32433.38798366515
2023-07-14 05:00:00+00:00,32541.671943829635
2023-07-14 06:00:00+00:00,32094.779692337353
2023-07-18 00:00:00+00:00,32209.378909601714
2023-07-18 01:00:00+00:00,32159.39003738927
2023-07-18 02:00:00+00:00,32178.079389054736
2023-07-18 03:00:00+00:00,32237.395190046627
2023-07-18 04:00:00+00:00,32137.704127611072
2023-07-18 05:00:00+00:00,32052.93666350553
2023-07-18 06:00:00+00:00,32080.590355978362
2023-07-19 00:00:00+00:00,32089.23773160177
2023-07-19 01:00:00+00:00,32009.209332638904
2023-07-19 02:00:00+00:00,31838.31636826654
2023-07-19 03:00:00+00:00,31825.39923580097
2023-07-19 04:00:00+00:00,31725.428028710994
2023-07-19 05:00:00+00:00,31715.95094244246
2023-07-19 06:00:00+00:00,31541.208038573932
2023-07-20 00:00:00+00:00,31230.844036151237
2023-07-20 01:00:00+00:00,31120.870503661794
2023-07-20 02:00:00+00:00,31362.65307381322
2023-07-20 03:00:00+00:00,31356.93794007828
2023-07-20 04:00:00+00:00,31186.149569907957
2023-07-20 05:00:00+00:00,30955.29304056101
2023-07-20 06:00:00+00:00,30780.30137035185
2023-07-21 00:00:00+00:00,30882.78661958738
2023-07-21 01:00:00+00:00,31392.872553168236
2023-07-21 02:00:00+00:00,31174.124265549654
2023-07-21 03:00:00+00:00,30741.145255269
2023-07-21 04:00:00+00:00,30598.157625188804
2023-07-21 05:00:00+00:00,30420.01099564866
2023-07-21 06:00:00+00:00,30637.113817793554
2023-07-24 00:00:00+00:00,30541.825895246075
2023-07-24 01:00:00+00:00,30547.910460393112
2023-07-24 02:00:00+00:00,30552.11181705434
2023-07-24 03:00:00+00:00,30559.38646903895
2023-07-24 04:00:00+00:00,30437.736823393596
2023-07-24 05:00:00+00:00,30321.00111402901
2023-07-24 06:00:00+00:00,30132.093955605207
2023-07-25 00:00:00+00:00,30769.207543232056
2023-07-25 01:00:00+00:00,31085.64083005283
2023-07-25 02:00:00+00:00,31028.407264358124
2023-07-25 03:00:00+00:00,30973.31284980586
2023-07-25 04:00:00+00:00,31130.022919754378
2023-07-25 05:00:00+00:00,31047.97644425926
2023-07-25 06:00:00+00:00,30975.675758916906
2023-07-26 00:00:00+00:00,30750.439667000148
2023-07-26 01:00:00+00:00,30557.052245575625
2023-07-26 02:00:00+00:00,30547.360287217485
2023-07-26 03:00:00+00:00,30398.524292299004
2023-07-26 04:00:00+00:00,30630.10782825937
2023-07-26 05:00:00+00:00,30338.21327315833
2023-07-26 06:00:00+00:00,30508.556117026008
2023-07-27 00:00:00+00:00,30752.271992417052
2023-07-27 01:00:00+00:00,30480.255426585274
2023-07-27 02:00:00+00:00,30569.263239902768
2023-07-27 03:00:00+00:00,30595.50956916143
2023-07-27 04:00:00+00:00,30379.399456441115
2023-07-27 05:00:00+00:00,30424.57173031906
2023-07-27 06:00:00+00:00,30431.536557048366
2023-07-28 00:00:00+00:00,30594.067622977793
2023-07-28 01:00:00+00:00,30443.21398435463
2023-07-28 02:00:00+00:00,30441.746068762972
2023-07-28 03:00:00+00:00,30238.263792078793
2023-07-28 04:00:00+00:00,30089.189231693552
2023-07-28 05:00:00+00:00,29737.035156453127
2023-07-28 06:00:00+00:00,29894.357062129733
2023-07-31 00:00:00+00:00,29876.182195907913
2023-07-31 01:00:00+00:00,29976.77670441627
2023-07-31 02:00:00+00:00,30036.49875697011
2023-07-31 03:00:00+00:00,29925.872286973503
2023-07-31 04:00:00+00:00,29800.63196430165
2023-07-31 05:00:00+00:00,29736.541499708273
2023-07-31 06:00:00+00:00,29557.901258134887
2023-08-01 00:00:00+00:00,29732.619153104144
2023-08-01 01:00:00+00:00,29865.891979560987
2023-08-01 02:00:00+00:00,29889.327280259902
2023-08-01 03:00:00+00:00,30012.748827424457
2023-08-01 04:00:00+00:00,30123.78157172467
2023-08-01 05:00:00+00:00,30147.1658896812
2023-08-01 06:00:00+00:00,30253.616689216084
2023-08-02 00:00:00+00:00,30239.710354813895
2023-08-02 01:00:00+00:00,30465.983518344965
2023-08-02 02:00:00+00:00,30436.14633164988
2023-08-02 03:00:00+00:00,30598.174299858827
2023-08-02 04:00:00+00:00,30451.442813775277
2023-08-02 05:00:00+00:00,30330.086293810215
2023-08-02 06:00:00+00:00,30141.92692632989
2023-08-03 00:00:00+00:00,29942.662385724667
2023-08-03 01:00:00+00:00,29779.148773849658
2023-08-03 02:00:00+00:00,29668.804513553685
2023-08-03 03:00:00+00:00,29838.4104730499
2023-08-03 04:00:00+00:00,29202.34837943703
2023-08-03 05:00:00+00:00,29152.242752112244
2023-08-03 06:00:00+00:00,29279.19649256091
2023-08-04 00:00:00+00:00,29587.773846597334
2023-08-04 01:00:00+00:00,29236.94286875051
2023-08-04 02:00:00+00:00,29312.69336849455
2023-08-04 03:00:00+00:00,29379.99584874632
2023-08-04 04:00:00+00:00,29510.18414068446
2023-08-04 05:00:00+00:00,29617.573315372232
2023-08-04 06:00:00+00:00,29814.26651405518
2023-08-07 00:00:00+00:00,29776.985971977585
2023-08-07 01:00:00+00:00,29560.11741662286
2023-08-07 02:00:00+00:00,29431.37577463155
2023-08-07 03:00:00+00:00,29416.54184264353
2023-08-07 04:00:00+00:00,29200.458803766647
2023-08-07 05:00:00+00:00,29017.62583805822
2023-08-07 06:00:00+00:00,29122.639279791234
2023-08-08 00:00:00+00:00,29082.389858297734
2023-08-08 01:00:00+00:00,28957.232642873023
2023-08-08 02:00:00+00:00,28850.487229550392
2023-08-08 03:00:00+00:00,28987.602765053118
2023-08-08 04:00:00+00:00,28857.721380189912
2023-08-08 05:00:00+00:00,28862.66144524699
2023-08-08 06:00:00+00:00,28784.42088585299
2023-08-09 00:00:00+00:00,28932.475585722263
2023-08-09 01:00:00+00:00,28698.76377649726
2023-08-09 02:00:00+00:00,28692.84148884209
2023-08-09 03:00:00+00:00,28971.41823728105
2023-08-09 04:00:00+00:00,29125.471060742606
2023-08-09 05:00:00+00:00,29007.653527454193
2023-08-09 06:00:00+00:00,29115.95592480874
2023-08-10 00:00:00+00:00,28918.708664181886
2023-08-10 01:00:00+00:00,28756.99442903859
2023-08-10 02:00:00+00:00,28619.361595657305
2023-08-10 03:00:00+00:00,28942.963376245636
2023-08-10 04:00:00+00:00,28889.6475436246
2023-08-10 05:00:00+00:00,28729.470937033344
2023-08-10 06:00:00+00:00,28507.307169902342
2023-08-14 00:00:00+00:00,28361.5856060472
2023-08-14 01:00:00+00:00,28284.07717436341
2023-08-14 02:00:00+00:00,28296.371065819985
2023-08-14 03:00:00+00:00,28503.637740904534
2023-08-14 04:00:00+00:00,28562.601475019364
2023-08-14 05:00:00+00:00,28832.567019514903
2023-08-14 06:00:00+00:00,28770.40125767733
2023-08-15 00:00:00+00:00,28633.236032403933
2023-08-15 01:00:00+00:00,28324.36564320078
2023-08-15 02:00:00+00:00,28110.251310403397
2023-08-15 03:00:00+00:00,28343.724544266897
2023-08-15 04:00:00+00:00,28327.50843233319
2023-08-15 05:00:00+00:00,28521.610836919335
2023-08-15 06:00:00+00:00,28456.67038671674
2023-08-16 00:00:00+00:00,28395.306600022177
2023-08-16 01:00:00+00:00,28311.72452203659
2023-08-16 02:00:00+00:00,28348.225724855765
2023-08-16 03:00:00+00:00,28470.570888911534
2023-08-16 04:00:00+00:00,28553.942930801975
2023-08-16 05:00:00+00:00,28539.849617934866
2023-08-16 06:00:00+00:00,28754.444247971103
2023-08-17 00:00:00+00:00,28716.109503205265
2023-08-17 01:00:00+00:00,28591.432131661433
2023-08-17 02:00:00+00:00,28594.909620176775
2023-08-17 03:00:00+00:00,28156.067222420028
2023-08-17 04:00:00+00:00,27973.23834897874
2023-08-17 05:00:00+00:00,28137.522083491254
2023-08-17 06:00:00+00:00,28129.98812175416
2023-08-18 00:00:00+00:00,28065.104083346283
2023-08-18 01:00:00+00:00,28059.552759467377
2023-08-18 02:00:00+00:00,28193.116618830125
2023-08-18 03:00:00+00:00,27925.047699395735
2023-08-18 04:00:00+00:00,27949.37514788122
2023-08-18 05:00:00+00:00,28073.770981829508
2023-08-18 06:00:00+00:00,28153.42670651568
2023-08-21 00:00:00+00:00,28243.569944102543
2023-08-21 01:00:00+00:00,28151.425802289596
2023-08-21 02:00:00+00:00,27783.46899960492
2023-08-21 03:00:00+00:00,27917.267608879978
2023-08-21 04:00:00+00:00,27631.472371163814
2023-08-21 05:00:00+00:00,27533.84986353262
2023-08-21 06:00:00+00:00,27495.744677923125
2023-08-22 00:00:00+00:00,27388.71232862013
2023-08-22 01:00:00+00:00,27159.051648079138
2023-08-22 02:00:00+00:00,27127.727651904297
2023-08-22 03:00:00+00:00,27216.910085879506
2023-08-22 04:00:00+00:00,27444.317956250216
2023-08-22 05:00:00+00:00,27340.393731433494
2023-08-22 06:00:00+00:00,27188.587277700874
2023-08-23 00:00:00+00:00,27196.271403464765
2023-08-23 01:00:00+00:00,26830.88949408519
2023-08-23 02:00:00+00:00,26589.474109875067
2023-08-23 03:00:00+00:00,26469.332647296542
2023-08-23 04:00:00+00:00,26412.659994975667
2023-08-23 05:00:00+00:00,26168.563724879892
2023-08-23 06:00:00+00:00,25964.66011394435
2023-08-24 00:00:00+00:00,25898.05081134373
2023-08-24 01:00:00+00:00,25986.403298923837
2023-08-24 02:00:00+00:00,25976.270327804003
2023-08-24 03:00:00+00:00,25983.193159527214
2023-08-24 04:00:00+00:00,26090.99848199778
2023-08-24 05:00:00+00:00,26321.37361649847
2023-08-24 06:00:00+00:00,26172.88786672156
2023-08-25 00:00:00+00:00,26301.450946020686
2023-08-25 01:00:00+00:00,26593.526143016257
2023-08-25 02:00:00+00:00,26516.5005558355
2023-08-25 03:00:00+00:00,26553.935033020636
2023-08-25 04:00:00+00:00,26354.861369957627
2023-08-25 05:00:00+00:00,26384.964717865514
2023-08-25 06:00:00+00:00,26450.72843646586
2023-08-28 00:00:00+00:00,26599.363694054548
2023-08-28 01:00:00+00:00,26619.60521352673
2023-08-28 02:00:00+00:00,26849.847175859297
2023-08-28 03:00:00+00:00,26904.36314924249
2023-08-28 04:00:00+00:00,26980.223690237857
2023-08-28 05:00:00+00:00,26988.485451100783
2023-08-28 06:00:00+00:00,27062.435160019624
2023-08-29 00:00:00+00:00,27079.53839961187
2023-08-29 01:00:00+00:00,26817.016011289597
2023-08-29 02:00:00+00:00,26779.454919621003
2023-08-29 03:00:00+00:00,26556.037834258197
2023-08-29 04:00:00+00:00,26626.779801500044
2023-08-29 05:00:00+00:00,26492.50760743373
2023-08-29 06:00:00+00:00,26485.541581279605
2023-08-30 00:00:00+00:00,26445.097721315986
2023-08-30 01:00:00+00:00,26350.767111361736
2023-08-30 02:00:00+00:00,26557.987710228314
2023-08-30 03:00:00+00:00,26828.443915677006
2023-08-30 04:00:00+00:00,26865.027220458127
2023-08-30 05:00:00+00:00,26842.419785346363
2023-08-30 06:00:00+00:00,27021.548016599558
2023-08-31 00:00:00+00:00,27184.609402922022
2023-08-31 01:00:00+00:00,27264.553440722466
2023-08-31 02:00:00+00:00,27295.253333485434
2023-08-31 03:00:00+00:00,27389.74546243411
2023-08-31 04:00:00+00:00,27399.361924747154
2023-08-31 05:00:00+00:00,27244.266795848853
2023-08-31 06:00:00+00:00,27241.285210984068
2023-09-01 00:00:00+00:00,27201.81641769205
2023-09-01 01:00:00+00:00,27374.12139674929
2023-09-01 02:00:00+00:00,27386.284283122564
2023-09-01 03:00:00+00:00,27262.90660304471
2023-09-01 04:00:00+00:00,27132.829802340824
2023-09-01 05:00:00+00:00,26980.422426004552
2023-09-01 06:00:00+00:00,27177.149085017667
2023-09-04 00:00:00+00:00,27256.173807708674
2023-09-04 01:00:00+00:00,27214.257940248786
2023-09-04 02:00:00+00:00,27099.321439996198
2023-09-04 03:00:00+00:00,27196.832673016514
2023-09-04 04:00:00+00:00,27087.49484905749
2023-09-04 05:00:00+00:00,27060.10659545887
2023-09-04 06:00:00+00:00,26994.907885818437
2023-09-05 00:00:00+00:00,27001.132034003746
2023-09-05 01:00:00+00:00,27025.88675508001
2023-09-05 02:00:00+00:00,27150.237325650905
2023-09-05 03:00:00+00:00,27039.760558754115
2023-09-05 04:00:00+00:00,27201.285160491832
2023-09-05 05:00:00+00:00,27041.49977516427
2023-09-05 06:00:00+00:00,27195.991589612215
2023-09-06 00:00:00+00:00,27171.5082256683
2023-09-06 01:00:00+00:00,26925.566382594094
2023-09-06 02:00:00+00:00,26690.41089818656
2023-09-06 03:00:00+00:00,26523.507618421452
2023-09-06 04:00:00+00:00,26657.029516406463
2023-09-06 05:00:00+00:00,26502.26979808264
2023-09-06 06:00:00+00:00,26491.6041421235
2023-09-07 00:00:00+00:00,26408.086512554146
2023-09-07 01:00:00+00:00,26608.873517817035
2023-09-07 02:00:00+00:00,26494.443496652402
2023-09-07 03:00:00+00:00,26398.70788783708
2023-09-07 04:00:00+00:00,26664.85549033344
2023-09-07 05:00:00+00:00,26625.301016511497
2023-09-07 06:00:00+00:00,26720.2206733
2023-09-08 00:00:00+00:00,26742.905437302114
2023-09-08 01:00:00+00:00,26595.255225613786
2023-09-08 02:00:00+00:00,26434.694684740625
2023-09-08 03:00:00+00:00,26358.280259420917
2023-09-08 04:00:00+00:00,26509.20822149897
2023-09-08 05:00:00+00:00,26613.74835746889
2023-09-08 06:00:00+00:00,26767.738934750618
2023-09-11 00:00:00+00:00,26797.927818381257
2023-09-11 01:00:00+00:00,26635.59791116097
2023-09-11 02:00:00+00:00,26837.633148666686
2023-09-11 03:00:00+00:00,26391.812636753
2023-09-11 04:00:00+00:00,26375.394124043018
2023-09-11 05:00:00+00:00,26516.075276747073
2023-09-11 06:00:00+00:00,26452.366145574386
2023-09-12 00:00:00+00:00,26549.664813340896
2023-09-12 01:00:00+00:00,26688.482266926738
2023-09-12 02:00:00+00:00,26634.76279890983
2023-09-12 03:00:00+00:00,26686.056105907806
2023-09-12 04:00:00+00:00,27056.32688499705
2023-09-12 05:00:00+00:00,27133.99161307187
2023-09-12 06:00:00+00:00,27081.853398826563
2023-09-13 00:00:00+00:00,27205.781897593395
2023-09-13 01:00:00+00:00,27204.92731702601
2023-09-13 02:00:00+00:00,27060.185369874718
2023-09-13 03:00:00+00:00,26914.636350764737
2023-09-13 04:00:00+00:00,26891.680791180304
2023-09-13 05:00:00+00:00,26922.62495784669
2023-09-13 06:00:00+00:00,26963.118599246536
2023-09-14 00:00:00+00:00,27056.02369645682
2023-09-14 01:00:00+00:00,26772.525342446857
2023-09-14 02:00:00+00:00,26943.343419048808
2023-09-14 03:00:00+00:00,26932.274744575247
2023-09-14 04:00:00+00:00,26993.53941030534
2023-09-14 05:00:00+00:00,27087.06061337644
2023-09-14 06:00:00+00:00,27221.85883965666
2023-09-15 00:00:00+00:00,27240.194152196927
2023-09-15 01:00:00+00:00,27186.901352498542
2023-09-15 02:00:00+00:00,27314.639496235122
2023-09-15 03:00:00+00:00,27208.12912749006
2023-09-15 04:00:00+00:00,27266.71224381372
2023-09-15 05:00:00+00:00,27195.600728579455
2023-09-15 06:00:00+00:00,27390.93424641612
2023-09-19 00:00:00+00:00,27263.2456084592
2023-09-19 01:00:00+00:00,27076.973885667023
2023-09-19 02:00:00+00:00,27158.08378094048
2023-09-19 03:00:00+00:00,27345.90267723693
2023-09-19 04:00:00+00:00,27622.65229784692
2023-09-19 05:00:00+00:00,27521.757995021722
2023-09-19 06:00:00+00:00,27265.82294235536
2023-09-20 00:00:00+00:00,27161.10538913591
2023-09-20 01:00:00+00:00,27324.519048472983
2023-09-20 02:00:00+00:00,27117.790753217414
2023-09-20 03:00:00+00:00,26921.71968528833
2023-09-20 04:00:00+00:00,26951.383867433153
2023-09-20 05:00:00+00:00,27192.384003419233
2023-09-20 06:00:00+00:00,27079.603574151195
2023-09-21 00:00:00+00:00,27155.764896273995
2023-09-21 01:00:00+00:00,27379.042077598053
2023-09-21 02:00:00+00:00,27566.768856742725
2023-09-21 03:00:00+00:00,27492.455458673274
2023-09-21 04:00:00+00:00,27385.540572252547
2023-09-21 05:00:00+00:00,27443.946365121974
2023-09-21 06:00:00+00:00,27692.673041155846
2023-09-22 00:00:00+00:00,27356.750167923612
2023-09-22 01:00:00+00:00,27414.398947301062
2023-09-22 02:00:00+00:00,27343.011177782388
2023-09-22 03:00:00+00:00,27059.45285237131
2023-09-22 04:00:00+00:00,27235.226690631003
2023-09-22 05:00:00+00:00,27266.360982773167
2023-09-22 06:00:00+00:00,27358.193464487642
2023-09-25 00:00:00+00:00,27579.01401736489
2023-09-25 01:00:00+00:00,27773.150125240743
2023-09-25 02:00:00+00:00,27902.43119454926
2023-09-25 03:00:00+00:00,27985.893300790292
2023-09-25 04:00:00+00:00,27953.494136581314
2023-09-25 05:00:00+00:00,27885.501231822047
2023-09-25 06:00:00+00:00,28028.489172308902
2023-09-26 00:00:00+00:00,28362.454902006953
2023-09-26 01:00:00+00:00,28599.576829254675
2023-09-26 02:00:00+00:00,28711.042603010577
2023-09-26 03:00:00+00:00,28778.399958502858
2023-09-26 04:00:00+00:00,28853.934230033807
2023-09-26 05:00:00+00:00,28914.24426023454
2023-09-26 06:00:00+00:00,28864.184856520627
2023-09-27 00:00:00+00:00,28975.174481254497
2023-09-27 01:00:00+00:00,29221.7119159388
2023-09-27 02:00:00+00:00,29240.879126440894
2023-09-27 03:00:00+00:00,29274.77613574261
2023-09-27 04:00:00+00:00,29266.44133460382
2023-09-27 05:00:00+00:00,29382.491021652084
2023-09-27 06:00:00+00:00,29245.55106913246
2023-09-28 00:00:00+00:00,29135.49972741958
2023-09-28 01:00:00+00:00,29141.469233315573
2023-09-28 02:00:00+00:00,29030.66485015704
2023-09-28 03:00:00+00:00,29193.042209023733
2023-09-28 04:00:00+00:00,29255.438549236587
2023-09-28 05:00:00+00:00,29572.85180591537
2023-09-28 06:00:00+00:00,29385.226906183674
2023-09-29 00:00:00+00:00,29542.8353024778
2023-09-29 01:00:00+00:00,29308.07634989408
2023-09-29 02:00:00+00:00,29341.705453389277
2023-09-29 03:00:00+00:00,29863.705764516773
2023-09-29 04:00:00+00:00,29935.75117801285
2023-09-29 05:00:00+00:00,29840.050659753946
2023-09-29 06:00:00+00:00,30013.713554240505
2023-10-02 00:00:00+00:00,29995.72825452687
2023-10-02 01:00:00+00:00,30216.082907851564
2023-10-02 02:00:00+00:00,30446.228178449433
2023-10-02 03:00:00+00:00,30427.892856102106
2023-10-02 04:00:00+00:00,30396.13668140262
2023-10-02 05:00:00+00:00,30273.380265435844
2023-10-02 06:00:00+00:00,30430.204338845862
2023-10-03 00:00:00+00:00,30382.897501686486
2023-10-03 01:00:00+00:00,30357.427359495043
2023-10-03 02:00:00+00:00,30494.900372776054
2023-10-03 03:00:00+00:00,30593.454307973967
2023-10-03 04:00:00+00:00,30617.411631450497
2023-10-03 05:00:00+00:00,30369.665665222903
2023-10-03 06:00:00+00:00,30228.448077825316
2023-10-04 00:00:00+00:00,30478.09158256853
2023-10-04 01:00:00+00:00,30129.353643676848
2023-10-04 02:00:00+00:00,30270.52438814884
2023-10-04 03:00:00+00:00,30595.851374093334
2023-10-04 04:00:00+00:00,30656.552318968297
2023-10-04 05:00:00+00:00,30720.133382102023
2023-10-04 06:00:00+00:00,30506.05980950923
2023-10-05 00:00:00+00:00,30472.221938259663
2023-10-05 01:00:00+00:00,30514.169726902157
2023-10-05 02:00:00+00:00,30705.604102308313
2023-10-05 03:00:00+00:00,30700.81008599234
2023-10-05 04:00:00+00:00,30677.973323995426
2023-10-05 05:00:00+00:00,30436.29143827376
2023-10-05 06:00:00+00:00,30547.22581200152
2023-10-06 00:00:00+00:00,30475.972359928077
2023-10-06 01:00:00+00:00,30318.36172768772
2023-10-06 02:00:00+00:00,30262.35163638208
2023-10-06 03:00:00+00:00,30114.524570425037
2023-10-06 04:00:00+00:00,30395.36313065613
2023-10-06 05:00:00+00:00,30369.80700924741
2023-10-06 06:00:00+00:00,30433.072414685943
2023-10-10 00:00:00+00:00,30400.29318453696
2023-10-10 01:00:00+00:00,30585.403393979333
2023-10-10 02:00:00+00:00,30741.439722581348
2023-10-10 03:00:00+00:00,30613.20868406485
2023-10-10 04:00:00+00:00,30546.63845273838
2023-10-10 05:00:00+00:00,30549.136425546305
2023-10-10 06:00:00+00:00,30368.16744913382
2023-10-11 00:00:00+00:00,30239.253573127273
2023-10-11 01:00:00+00:00,30091.102929409128
2023-10-11 02:00:00+00:00,30150.669215157435
2023-10-11 03:00:00+00:00,30275.85610581054
2023-10-11 04:00:00+00:00,30471.645238879944
2023-10-11 05:00:00+00:00,30474.061468365242
2023-10-11 06:00:00+00:00,30342.993766737636
2023-10-12 00:00:00+00:00,30377.37375551852
2023-10-12 01:00:00+00:00,30429.295752682927
2023-10-12 02:00:00+00:00,30388.65960410991
2023-10-12 03:00:00+00:00,30396.219953549993
2023-10-12 04:00:00+00:00,30597.083893692838
2023-10-12 05:00:00+00:00,30980.73387120625
2023-10-12 06:00:00+00:00,30901.269293802146
2023-10-13 00:00:00+00:00,30811.352096926203
2023-10-13 01:00:00+00:00,30937.603884603275
2023-10-13 02:00:00+00:00,30978.32266585346
2023-10-13 03:00:00+00:00,30622.294426074594
2023-10-13 04:00:00+00:00,30660.92272454456
2023-10-13 05:00:00+00:00,30683.81250506796
2023-10-13 06:00:00+00:00,30829.511580156755
2023-10-16 00:00:00+00:00,30858.41882200118
2023-10-16 01:00:00+00:00,30496.867457487035
2023-10-16 02:00:00+00:00,30436.176565394017
2023-10-16 03:00:00+00:00,30805.26569449564
2023-10-16 04:00:00+00:00,30988.938970949534
2023-10-16 05:00:00+00:00,30684.804225910353
2023-10-16 06:00:00+00:00,30678.067997312428
2023-10-17 00:00:00+00:00,30712.35439931914
2023-10-17 01:00:00+00:00,31027.729334299544
2023-10-17 02:00:00+00:00,31130.863906427516
2023-10-17 03:00:00+00:00,31317.453911667457
2023-10-17 04:00:00+00:00,31245.951681066636
2023-10-17 05:00:00+00:00,31443.204549937967
2023-10-17 06:00:00+00:00,31330.883619528875
2023-10-18 00:00:00+00:00,31009.230800713798
2023-10-18 01:00:00+00:00,31082.82557534385
2023-10-18 02:00:00+00:00,30931.77721122136
2023-10-18 03:00:00+00:00,30890.94850686634
2023-10-18 04:00:00+00:00,31054.774538246802
2023-10-18 05:00:00+00:00,31054.010189583067
2023-10-18 06:00:00+00:00,31198.183615928585
2023-10-19 00:00:00+00:00,31482.57751298892
2023-10-19 01:00:00+00:00,31654.313957415743
2023-10-19 02:00:00+00:00,31581.133309939327
2023-10-19 03:00:00+00:00,31514.420773391597
2023-10-19 04:00:00+00:00,31640.42981311749
2023-10-19 05:00:00+00:00,31775.5235227359
2023-10-19 06:00:00+00:00,32053.30430206844
2023-10-20 00:00:00+00:00,32504.48673866957
2023-10-20 01:00:00+00:00,32122.84016230059
2023-10-20 02:00:00+00:00,32348.289396578373
2023-10-20 03:00:00+00:00,32439.33495043836
2023-10-20 04:00:00+00:00,32485.658283717738
2023-10-20 05:00:00+00:00,32279.760899596287
2023-10-20 06:00:00+00:00,32209.51208123381
2023-10-23 00:00:00+00:00,32471.411609029747
2023-10-23 01:00:00+00:00,32329.03383337862
2023-10-23 02:00:00+00:00,32314.949404250703
2023-10-23 03:00:00+00:00,32425.97542627823
2023-10-23 04:00:00+00:00,32565.71151010665
2023-10-23 05:00:00+00:00,32536.71827025252
2023-10-23 06:00:00+00:00,33010.55012302284
2023-10-24 00:00:00+00:00,32877.64211300474
2023-10-24 01:00:00+00:00,32442.07658031856
2023-10-24 02:00:00+00:00,32497.733122219546
2023-10-24 03:00:00+00:00,32876.90536287461
2023-10-24 04:00:00+00:00,33080.24561340239
2023-10-24 05:00:00+00:00,32719.01221617501
2023-10-24 06:00:00+00:00,32967.30987541166
2023-10-25 00:00:00+00:00,32684.707728101366
2023-10-25 01:00:00+00:00,32458.67950848084
2023-10-25 02:00:00+00:00,32345.60152720033
2023-10-25 03:00:00+00:00,32296.86856685118
2023-10-25 04:00:00+00:00,32340.51757833703
2023-10-25 05:00:00+00:00,32394.52218848519
2023-10-25 06:00:00+00:00,32563.376788349124
2023-10-26 00:00:00+00:00,32697.057861651945
2023-10-26 01:00:00+00:00,32803.35630115438
2023-10-26 02:00:00+00:00,32911.78592517394
2023-10-26 03:00:00+00:00,33024.532156563306
2023-10-26 04:00:00+00:00,33069.956375513604
2023-10-26 05:00:00+00:00,33431.16430286971
2023-10-26 06:00:00+00:00,33466.110256978456
2023-10-27 00:00:00+00:00,33304.895446800074
2023-10-27 01:00:00+00:00,33409.3121833186
2023-10-27 02:00:00+00:00,33189.7299530819
2023-10-27 03:00:00+00:00,33202.98949095854
2023-10-27 04:00:00+00:00,33540.90845988815
2023-10-27 05:00:00+00:00,33898.10660325398
2023-10-27 06:00:00+00:00,34218.51256411236
2023-10-30 00:00:00+00:00,34380.73545411817
2023-10-30 01:00:00+00:00,34501.301373350536
2023-10-30 02:00:00+00:00,34667.70461590651
2023-10-30 03:00:00+00:00,34712.11568395134
2023-10-30 04:00:00+00:00,34582.215547908614
2023-10-30 05:00:00+00:00,34484.120744066095
2023-10-30 06:00:00+00:00,34642.374875036156
2023-10-31 00:00:00+00:00,34238.647544418505
2023-10-31 01:00:00+00:00,34327.92190391932
2023-10-31 02:00:00+00:00,34378.85256869911
2023-10-31 03:00:00+00:00,34722.716306587274
2023-10-31 04:00:00+00:00,34645.93336500152
2023-10-31 05:00:00+00:00,34515.26676496923
2023-10-31 06:00:00+00:00,34671.957559023875
2023-11-01 00:00:00+00:00,34986.31924155305
2023-11-01 01:00:00+00:00,35074.53942678003
2023-11-01 02:00:00+00:00,34810.97304174003
2023-11-01 03:00:00+00:00,34869.70638575668
2023-11-01 04:00:00+00:00,34909.698140933215
2023-11-01 05:00:00+00:00,34860.19758556014
2023-11-01 06:00:00+00:00,34809.92807349023
2023-11-02 00:00:00+00:00,34657.92586238479
2023-11-02 01:00:00+00:00,34776.13243735156
2023-11-02 02:00:00+00:00,34695.727955701725
2023-11-02 03:00:00+00:00,34834.406559716685
2023-11-02 04:00:00+00:00,34857.52665687036
2023-11-02 05:00:00+00:00,35007.80711843148
2023-11-02 06:00:00+00:00,34909.68004636074
2023-11-06 00:00:00+00:00,34979.35270804522
2023-11-06 01:00:00+00:00,35004.96817034483
2023-11-06 02:00:00+00:00,35159.05774280873
2023-11-06 03:00:00+00:00,35104.3511883313
2023-11-06 04:00:00+00:00,35290.922746187185
2023-11-06 05:00:00+00:00,35136.66387075149
2023-11-06 06:00:00+00:00,34778.18380488972
2023-11-07 00:00:00+00:00,34997.9409545072
2023-11-07 01:00:00+00:00,35089.933588241736
2023-11-07 02:00:00+00:00,34844.32390789323
2023-11-07 03:00:00+00:00,34578.59428142456
2023-11-07 04:00:00+00:00,34429.09383220697
2023-11-07 05:00:00+00:00,34527.588912973726
2023-11-07 06:00:00+00:00,34735.837191299244
2023-11-08 00:00:00+00:00,34626.34160670208
2023-11-08 01:00:00+00:00,34511.24730698747
2023-11-08 02:00:00+00:00,34613.677070240126
2023-11-08 03:00:00+00:00,34404.52424584435
2023-11-08 04:00:00+00:00,34606.47099292225
2023-11-08 05:00:00+00:00,34698.859203388696
2023-11-08 06:00:00+00:00,35047.16132982353
2023-11-09 00:00:00+00:00,35240.877563782975
2023-11-09 01:00:00+00:00,35038.897954684544
2023-11-09 02:00:00+00:00,34799.076071700816
2023-11-09 03:00:00+00:00,34732.004721321886
2023-11-09 04:00:00+00:00,34434.07001493937
2023-11-09 05:00:00+00:00,34351.95207260453
2023-11-09 06:00:00+00:00,34658.991170806126
2023-11-10 00:00:00+00:00,34792.487982008286
2023-11-10 01:00:00+00:00,34745.13843551067
2023-11-10 02:00:00+00:00,34569.55369447828
2023-11-10 03:00:00+00:00,34378.549495406405
2023-11-10 04:00:00+00:00,34454.519705847495
2023-11-10 05:00:00+00:00,34703.10972245423
2023-11-10 06:00:00+00:00,34611.07339687721
2023-11-13 00:00:00+00:00,34763.49978996172
2023-11-13 01:00:00+00:00,34915.77060566423
2023-11-13 02:00:00+00:00,34530.724384819434
2023-11-13 03:00:00+00:00,34392.55939290433
2023-11-13 04:00:00+00:00,34381.18808844811
2023-11-13 05:00:00+00:00,34345.80136455166
2023-11-13 06:00:00+00:00,34273.58175096596
2023-11-14 00:00:00+00:00,34309.27395093268
2023-11-14 01:00:00+00:00,34376.56067455221
2023-11-14 02:00:00+00:00,33941.099229553714
2023-11-14 03:00:00+00:00,33568.358450953005
2023-11-14 04:00:00+00:00,33602.4074059749
2023-11-14 05:00:00+00:00,33481.37590389253
2023-11-14 06:00:00+00:00,33707.55773747619
2023-11-15 00:00:00+00:00,33710.90413387477
2023-11-15 01:00:00+00:00,33966.61847528135
2023-11-15 02:00:00+00:00,33635.34154610702
2023-11-15 03:00:00+00:00,33644.90820796485
2023-11-15 04:00:00+00:00,33536.73698847786
2023-11-15 05:00:00+00:00,33610.5863474591
2023-11-15 06:00:00+00:00,33099.96660812148
2023-11-16 00:00:00+00:00,33206.28290207479
2023-11-16 01:00:00+00:00,33252.81162973652
2023-11-16 02:00:00+00:00,33021.04747263824
2023-11-16 03:00:00+00:00,33056.23056294162
2023-11-16 04:00:00+00:00,33325.0803311177
2023-11-16 05:00:00+00:00,33400.95563531826
2023-11-16 06:00:00+00:00,33014.42846997469
2023-11-17 00:00:00+00:00,32568.542967667334
2023-11-17 01:00:00+00:00,32834.1955332417
2023-11-17 02:00:00+00:00,32671.647121126145
2023-11-17 03:00:00+00:00,32465.558663770167
2023-11-17 04:00:00+00:00,32208.14908765157
2023-11-17 05:00:00+00:00,32295.036700106073
2023-11-17 06:00:00+00:00,32279.77276229571
2023-11-20 00:00:00+00:00,32128.509518926156
2023-11-20 01:00:00+00:00,32323.95843477113
2023-11-20 02:00:00+00:00,32360.668215069083
2023-11-20 03:00:00+00:00,32160.09598664179
2023-11-20 04:00:00+00:00,31838.39773849279
2023-11-20 05:00:00+00:00,31902.365046388437
2023-11-20 06:00:00+00:00,31982.503621762688
2023-11-21 00:00:00+00:00,32015.828900739092
2023-11-21 01:00:00+00:00,31848.059604992406
2023-11-21 02:00:00+00:00,31683.383196296534
2023-11-21 03:00:00+00:00,31622.89867113736
2023-11-21 04:00:00+00:00,31498.673217065552
2023-11-21 05:00:00+00:00,31456.0219034204
2023-11-21 06:00:00+00:00,31477.280459455575
2023-11-22 00:00:00+00:00,31405.383903590882
2023-11-22 01:00:00+00:00,31545.42112704947
2023-11-22 02:00:00+00:00,31668.967157546464
2023-11-22 03:00:00+00:00,31899.52777123271
2023-11-22 04:00:00+00:00,31872.41659690327
2023-11-22 05:00:00+00:00,31636.865881443387
2023-11-22 06:00:00+00:00,31646.67283788963
2023-11-24 00:00:00+00:00,31756.199497733767
2023-11-24 01:00:00+00:00,31807.984735078833
2023-11-24 02:00:00+00:00,31910.892057304205
2023-11-24 03:00:00+00:00,31788.58491813032
2023-11-24 04:00:00+00:00,31993.97060710917
2023-11-24 05:00:00+00:00,32023.379685918422
2023-11-24 06:00:00+00:00,31844.637788693864
2023-11-27 00:00:00+00:00,31792.771365727407
2023-11-27 01:00:00+00:00,31537.441635969015
2023-11-27 02:00:00+00:00,31415.56632307641
2023-11-27 03:00:00+00:00,31247.611697529963
2023-11-27 04:00:00+00:00,31457.44351622942
2023-11-27 05:00:00+00:00,31742.281611502323
2023-11-27 06:00:00+00:00,31932.95429615615
2023-11-28 00:00:00+00:00,31800.885932282043
2023-11-28 01:00:00+00:00,32046.78172100975
2023-11-28 02:00:00+00:00,31821.624804945386
2023-11-28 03:00:00+00:00,31639.73442827652
2023-11-28 04:00:00+00:00,31779.260882291386
2023-11-28 05:00:00+00:00,31639.640313444736
2023-11-28 06:00:00+00:00,31415.33287453593
2023-11-29 00:00:00+00:00,31084.69861592433
2023-11-29 01:00:00+00:00,31149.18129915316
2023-11-29 02:00:00+00:00,31017.450129454115
2023-11-29 03:00:00+00:00,30868.274948191334
2023-11-29 04:00:00+00:00,30786.89139044638
2023-11-29 05:00:00+00:00,30932.252259721514
2023-11-29 06:00:00+00:00,30870.707280641484
2023-11-30 00:00:00+00:00,31091.511094849666
2023-11-30 01:00:00+00:00,30980.09113919125
2023-11-30 02:00:00+00:00,31103.79427586225
2023-11-30 03:00:00+00:00,30919.631892873123
2023-11-30 04:00:00+00:00,30919.872947005508
2023-11-30 05:00:00+00:00,31029.315893498733
2023-11-30 06:00:00+00:00,31058.075160990007
2023-12-01 00:00:00+00:00,30827.279244169076
2023-12-01 01:00:00+00:00,30729.357812877726
2023-12-01 02:00:00+00:00,30794.233058747755
2023-12-01 03:00:00+00:00,30851.12293157232
2023-12-01 04:00:00+00:00,30562.264296650235
2023-12-01 05:00:00+00:00,30854.102945709652
2023-12-01 06:00:00+00:00,30720.13515652215
2023-12-04 00:00:00+00:00,30769.731197676385
2023-12-04 01:00:00+00:00,30957.107185178877
2023-12-04 02:00:00+00:00,30999.48915718917
2023-12-04 03:00:00+00:00,31055.130376500045
2023-12-04 04:00:00+00:00,30987.363169603817
2023-12-04 05:00:00+00:00,31165.837049552563
2023-12-04 06:00:00+00:00,31138.605501415215
2023-12-05 00:00:00+00:00,31043.850788117277
2023-12-05 01:00:00+00:00,31131.552459981125
2023-12-05 02:00:00+00:00,31141.18246921193
2023-12-05 03:00:00+00:00,31087.91927673061
2023-12-05 04:00:00+00:00,31006.577498967283
2023-12-05 05:00:00+00:00,31104.28790839034
2023-12-05 06:00:00+00:00,31341.413382272513
2023-12-06 00:00:00+00:00,31308.70581412499
2023-12-06 01:00:00+00:00,31644.153713954725
2023-12-06 02:00:00+00:00,31801.549983544053
2023-12-06 03:00:00+00:00,32039.128875072136
2023-12-06 04:00:00+00:00,31986.813629098164
2023-12-06 05:00:00+00:00,32207.596749102544
2023-12-06 06:00:00+00:00,32048.93586719303
2023-12-07 00:00:00+00:00,32080.107831446257
2023-12-07 01:00:00+00:00,32450.008719403395
2023-12-07 02:00:00+00:00,32402.18837741925
2023-12-07 03:00:00+00:00,32427.046103885332
2023-12-07 04:00:00+00:00,32317.716282343863
2023-12-07 05:00:00+00:00,32554.779807015973
2023-12-07 06:00:00+00:00,32179.327858485525
2023-12-08 00:00:00+00:00,32324.14964822234
2023-12-08 01:00:00+00:00,32091.64162586034
2023-12-08 02:00:00+00:00,32011.09903625704
2023-12-08 03:00:00+00:00,32095.783314626067
2023-12-08 04:00:00+00:00,31920.49644192288
2023-12-08 05:00:00+00:00,32003.895967760203
2023-12-08 06:00:00+00:00,32058.158582649372
2023-12-11 00:00:00+00:00,31950.852823636225
2023-12-11 01:00:00+00:00,31939.211338303034
2023-12-11 02:00:00+00:00,31957.530994308614
2023-12-11 03:00:00+00:00,31831.08061538852
2023-12-11 04:00:00+00:00,31766.95466529603
2023-12-11 05:00:00+00:00,31716.622169288847
2023-12-11 06:00:00+00:00,31517.385734740397
2023-12-12 00:00:00+00:00,31360.89036390861
2023-12-12 01:00:00+00:00,31272.733455169513
2023-12-12 02:00:00+00:00,31185.935651135223
2023-12-12 03:00:00+00:00,30883.830748915785
2023-12-12 04:00:00+00:00,30761.42964981539
2023-12-12 05:00:00+00:00,31144.708383196306
2023-12-12 06:00:00+00:00,31282.52630008301
2023-12-13 00:00:00+00:00,31376.929477357433
2023-12-13 01:00:00+00:00,31606.692410111915
2023-12-13 02:00:00+00:00,31632.1354132365
2023-12-13 03:00:00+00:00,31742.486709191686
2023-12-13 04:00:00+00:00,31598.25280714447
2023-12-13 05:00:00+00:00,31458.156590388568
2023-12-13 06:00:00+00:00,31509.622805433188
2023-12-14 00:00:00+00:00,31697.788635979636
2023-12-14 01:00:00+00:00,31551.813126912573
2023-12-14 02:00:00+00:00,31936.24486648415
2023-12-14 03:00:00+00:00,32033.76783414479
2023-12-14 04:00:00+00:00,32166.34132382174
2023-12-14 05:00:00+00:00,32367.611061617597
2023-12-14 06:00:00+00:00,32310.088795722262
2023-12-15 00:00:00+00:00,32250.54834383241
2023-12-15 01:00:00+00:00,32281.620260207743
2023-12-15 02:00:00+00:00,32207.78035233566
2023-12-15 03:00:00+00:00,32060.58057269493
2023-12-15 04:00:00+00:00,32093.84553583046
2023-12-15 05:00:00+00:00,32044.131043268753
2023-12-15 06:00:00+00:00,31865.404020782353
2023-12-18 00:00:00+00:00,31852.61117600405
2023-12-18 01:00:00+00:00,31800.410862280154
2023-12-18 02:00:00+00:00,31738.189673728928
2023-12-18 03:00:00+00:00,31730.19461806928
2023-12-18 04:00:00+00:00,31494.456915932235
2023-12-18 05:00:00+00:00,31236.427168300565
2023-12-18 06:00:00+00:00,30942.210133414927
2023-12-19 00:00:00+00:00,31399.07204924881
2023-12-19 01:00:00+00:00,31324.346163926148
2023-12-19 02:00:00+00:00,31288.593783351927
2023-12-19 03:00:00+00:00,31279.538207650836
2023-12-19 04:00:00+00:00,31190.470430563022
2023-12-19 05:00:00+00:00,30762.938780525335
2023-12-19 06:00:00+00:00,30492.935115078937
2023-12-20 00:00:00+00:00,30503.669945770696
2023-12-20 01:00:00+00:00,30736.657641145608
2023-12-20 02:00:00+00:00,30614.08400428591
2023-12-20 03:00:00+00:00,30769.372017692112
2023-12-20 04:00:00+00:00,30767.56679910663
2023-12-20 05:00:00+00:00,30746.757826586392
2023-12-20 06:00:00+00:00,30606.483033330205
2023-12-21 00:00:00+00:00,30689.50844331023
2023-12-21 01:00:00+00:00,30676.102889988353
2023-12-21 02:00:00+00:00,30692.756616707593
2023-12-21 03:00:00+00:00,30693.9408728659
2023-12-21 04:00:00+00:00,30670.73734255363
2023-12-21 05:00:00+00:00,30753.862244607644
2023-12-21 06:00:00+00:00,30737.130437904074
2023-12-22 00:00:00+00:00,30335.928108849414
2023-12-22 01:00:00+00:00,30150.798756742064
2023-12-22 02:00:00+00:00,29989.296229106072
2023-12-22 03:00:00+00:00,29980.595674331893
2023-12-22 04:00:00+00:00,29611.511293209973
2023-12-22 05:00:00+00:00,29378.178447120437
2023-12-22 06:00:00+00:00,29830.36377621302
2023-12-25 00:00:00+00:00,29962.011112396416
2023-12-25 01:00:00+00:00,29828.801940525063
2023-12-25 02:00:00+00:00,29894.684677268768
2023-12-25 03:00:00+00:00,29821.359065709043
2023-12-25 04:00:00+00:00,29860.775766471066
2023-12-25 05:00:00+00:00,29958.83284640691
2023-12-25 06:00:00+00:00,30194.68696244451
2023-12-26 00:00:00+00:00,30185.938658039388
2023-12-26 01:00:00+00:00,30304.503757891944
2023-12-26 02:00:00+00:00,30193.401475528783
2023-12-26 03:00:00+00:00,30108.175249658056
2023-12-26 04:00:00+00:00,30003.81578253907
2023-12-26 05:00:00+00:00,29962.72700146818
2023-12-26 06:00:00+00:00,29966.17374649879
2023-12-27 00:00:00+00:00,30005.59586982723
2023-12-27 01:00:00+00:00,29673.298753782317
2023-12-27 02:00:00+00:00,29623.97851832838
2023-12-27 03:00:00+00:00,29609.306771086285
2023-12-27 04:00:00+00:00,29679.802290677646
2023-12-27 05:00:00+00:00,29911.88147597994
2023-12-27 06:00:00+00:00,29699.01575052291
2023-12-28 00:00:00+00:00,29310.16587872657
2023-12-28 01:00:00+00:00,29631.878087613906
2023-12-28 02:00:00+00:00,29655.088053953943
2023-12-28 03:00:00+00:00,29722.96272714191
2023-12-28 04:00:00+00:00,29735.40414395767
2023-12-28 05:00:00+00:00,29616.15467618819
2023-12-28 06:00:00+00:00,29544.24573333833
2023-12-29 00:00:00+00:00,29839.660862636592
2023-12-29 01:00:00+00:00,29671.18827713423
2023-12-29 02:00:00+00:00,29711.347447956425
2023-12-29 03:00:00+00:00,29380.509149712976
2023-12-29 04:00:00+00:00,29548.949972505598
2023-12-29 05:00:00+00:00,29723.191468156634
2023-12-29 06:00:00+00:00,29696.128269361318
2024-01-04 00:00:00+00:00,29759.94913984016
2024-01-04 01:00:00+00:00,29630.634119869323
2024-01-04 02:00:00+00:00,29614.85616493401
2024-01-04 03:00:00+00:00,29778.79276240646
2024-01-04 04:00:00+00:00,29928.32643658533
2024-01-04 05:00:00+00:00,29783.537944911455
2024-01-04 06:00:00+00:00,29778.986819066646
2024-01-05 00:00:00+00:00,29793.912780646453
2024-01-05 01:00:00+00:00,29742.398880935296
2024-01-05 02:00:00+00:00,29827.033150307278
2024-01-05 03:00:00+00:00,30169.633305693696
2024-01-05 04:00:00+00:00,30107.72661072111
2024-01-05 05:00:00+00:00,30111.3659331455
2024-01-05 06:00:00+00:00,30047.590183174216
2024-01-09 00:00:00+00:00,30093.389919787245
2024-01-09 01:00:00+00:00,29890.43373682947
2024-01-09 02:00:00+00:00,29971.543871705777
2024-01-09 03:00:00+00:00,29910.846486930404
2024-01-09 04:00:00+00:00,29905.201017266958
2024-01-09 05:00:00+00:00,30033.013150967567
2024-01-09 06:00:00+00:00,29847.64510862654
2024-01-10 00:00:00+00:00,30020.501058713086
2024-01-10 01:00:00+00:00,30119.653894687115
2024-01-10 02:00:00+00:00,30074.34939074275
2024-01-10 03:00:00+00:00,29810.112355022247
2024-01-10 04:00:00+00:00,30084.416502199998
2024-01-10 05:00:00+00:00,29998.276062650944
2024-01-10 06:00:00+00:00,29925.340940154998
2024-01-11 00:00:00+00:00,29622.41238643797
2024-01-11 01:00:00+00:00,29473.555023666846
2024-01-11 02:00:00+00:00,29631.16048559178
2024-01-11 03:00:00+00:00,29648.41185840838
2024-01-11 04:00:00+00:00,29612.025473020363
2024-01-11 05:00:00+00:00,29694.03466536358
2024-01-11 06:00:00+00:00,29439.35982459407
2024-01-12 00:00:00+00:00,29662.395523029325
2024-01-12 01:00:00+00:00,29704.390903894666
2024-01-12 02:00:00+00:00,29791.325144141298
2024-01-12 03:00:00+00:00,29908.03597249468
2024-01-12 04:00:00+00:00,30066.399872210706
2024-01-12 05:00:00+00:00,30207.278598752946
2024-01-12 06:00:00+00:00,30161.000972298498
2024-01-15 00:00:00+00:00,30200.5487622735
2024-01-15 01:00:00+00:00,30380.196296648814
2024-01-15 02:00:00+00:00,30024.521797085912
2024-01-15 03:00:00+00:00,30018.172677922343
2024-01-15 04:00:00+00:00,29745.450472291155
2024-01-15 05:00:00+00:00,29726.423491727102
2024-01-15 06:00:00+00:00,29799.7278721921
2024-01-16 00:00:00+00:00,30080.44453609949
2024-01-16 01:00:00+00:00,29745.70091047004
2024-01-16 02:00:00+00:00,29777.67575977388
2024-01-16 03:00:00+00:00,29754.83232116261
2024-01-16 04:00:00+00:00,29585.49054503424
2024-01-16 05:00:00+00:00,29647.241455320534
2024-01-16 06:00:00+00:00,29643.564711233408
2024-01-17 00:00:00+00:00,29499.89439156794
2024-01-17 01:00:00+00:00,29266.78570662576
2024-01-17 02:00:00+00:00,29242.74476355344
2024-01-17 03:00:00+00:00,29071.259633036552
2024-01-17 04:00:00+00:00,29105.028197257318
2024-01-17 05:00:00+00:00,29128.308861898557
2024-01-17 06:00:00+00:00,29497.205112244537
2024-01-18 00:00:00+00:00,29622.226323779538
2024-01-18 01:00:00+00:00,29879.09138990671
2024-01-18 02:00:00+00:00,29654.035251977682
2024-01-18 03:00:00+00:00,29582.88063757429
2024-01-18 04:00:00+00:00,29334.078574612908
2024-01-18 05:00:00+00:00,29419.35074600681
2024-01-18 06:00:00+00:00,29421.904593257776
2024-01-19 00:00:00+00:00,29698.039576583953
2024-01-19 01:00:00+00:00,29598.410101806952
2024-01-19 02:00:00+00:00,29510.135045294355
2024-01-19 03:00:00+00:00,29569.09219434008
2024-01-19 04:00:00+00:00,29547.515430568477
2024-01-19 05:00:00+00:00,29694.72879319181
2024-01-19 06:00:00+00:00,29648.382654010566
2024-01-22 00:00:00+00:00,29737.636920260644
2024-01-22 01:00:00+00:00,29732.70913444098
2024-01-22 02:00:00+00:00,30023.35619147261
2024-01-22 03:00:00+00:00,30099.61237797345
2024-01-22 04:00:00+00:00,30276.630077859725
2024-01-22 05:00:00+00:00,30104.859587583996
2024-01-22 06:00:00+00:00,30035.403914420505
2024-01-23 00:00:00+00:00,30202.659222341652
2024-01-23 01:00:00+00:00,30161.459619279794
2024-01-23 02:00:00+00:00,30278.57853438641
2024-01-23 03:00:00+00:00,30288.267402366168
2024-01-23 04:00:00+00:00,30324.482137459858
2024-01-23 05:00:00+00:00,30336.925203513078
2024-01-23 06:00:00+00:00,30461.560444405488
2024-01-24 00:00:00+00:00,30774.967940627525
2024-01-24 01:00:00+00:00,30768.53834786998
2024-01-24 02:00:00+00:00,30774.105586141108
2024-01-24 03:00:00+00:00,30856.830676052763
2024-01-24 04:00:00+00:00,31244.88467605227
2024-01-24 05:00:00+00:00,31365.88524282569
2024-01-24 06:00:00+00:00,31210.449478997736
2024-01-25 00:00:00+00:00,31093.725018616908
2024-01-25 01:00:00+00:00,30782.23318050919
2024-01-25 02:00:00+00:00,30949.3735335418
2024-01-25 03:00:00+00:00,30586.833430310853
2024-01-25 04:00:00+00:00,30820.06432018733
2024-01-25 05:00:00+00:00,30769.193013213844
2024-01-25 06:00:00+00:00,30833.640786259955
2024-01-26 00:00:00+00:00,30836.51262557002
2024-01-26 01:00:00+00:00,30939.419776680475
2024-01-26 02:00:00+00:00,30909.375703642636
2024-01-26 03:00:00+00:00,30716.380141273232
2024-01-26 04:00:00+00:00,30815.944656654443
2024-01-26 05:00:00+00:00,30472.87076997664
2024-01-26 06:00:00+00:00,30958.575725633018
2024-01-29 00:00:00+00:00,30594.27804747327
2024-01-29 01:00:00+00:00,30861.23060645813
2024-01-29 02:00:00+00:00,30918.778273903445
2024-01-29 03:00:00+00:00,30605.744691899254
2024-01-29 04:00:00+00:00,30747.106729305964
2024-01-29 05:00:00+00:00,30919.516944128267
2024-01-29 06:00:00+00:00,30969.322726733393
2024-01-30 00:00:00+00:00,31324.67320528793
2024-01-30 01:00:00+00:00,31086.60409016882
2024-01-30 02:00:00+00:00,30904.53559893478
2024-01-30 03:00:00+00:00,31070.059082521944
2024-01-30 04:00:00+00:00,30899.428680743582
2024-01-30 05:00:00+00:00,30729.547473245733
2024-01-30 06:00:00+00:00,30778.15661014845
2024-01-31 00:00:00+00:00,30970.597231722997
2024-01-31 01:00:00+00:00,31066.062896572126
2024-01-31 02:00:00+00:00,30775.62875564414
2024-01-31 03:00:00+00:00,31137.21533721537
2024-01-31 04:00:00+00:00,31175.317415479363
2024-01-31 05:00:00+00:00,31390.757333907866
2024-01-31 06:00:00+00:00,31615.584240552213
2024-02-01 00:00:00+00:00,31727.9447154188
2024-02-01 01:00:00+00:00,31536.043237560738
2024-02-01 02:00:00+00:00,31263.223343952515
2024-02-01 03:00:00+00:00,31338.261750986127
2024-02-01 04:00:00+00:00,31451.272379372655
2024-02-01 05:00:00+00:00,31514.801234393162
2024-02-01 06:00:00+00:00,31644.807820810194
2024-02-02 00:00:00+00:00,31858.9187016562
2024-02-02 01:00:00+00:00,31889.16614198699
2024-02-02 02:00:00+00:00,31938.15566875795
2024-02-02 03:00:00+00:00,31842.709162008156
2024-02-02 04:00:00+00:00,31923.273426776435
2024-02-02 05:00:00+00:00,31639.26327697985
2024-02-02 06:00:00+00:00,31936.2317460872
2024-02-05 00:00:00+00:00,31690.606829847427
2024-02-05 01:00:00+00:00,31704.233602423843
2024-02-05 02:00:00+00:00,31745.788928695023
2024-02-05 03:00:00+00:00,31778.361571218953
2024-02-05 04:00:00+00:00,31705.585641774323
2024-02-05 05:00:00+00:00,31443.144702768543
2024-02-05 06:00:00+00:00,31289.754297013555
2024-02-06 00:00:00+00:00,31256.794878895886
2024-02-06 01:00:00+00:00,31239.64842760504
2024-02-06 02:00:00+00:00,31327.936193279646
2024-02-06 03:00:00+00:00,31137.514091311892
2024-02-06 04:00:00+00:00,30961.69333489582
2024-02-06 05:00:00+00:00,30965.671212629364
2024-02-06 06:00:00+00:00,30774.650598491444
2024-02-07 00:00:00+00:00,30519.285085614643
2024-02-07 01:00:00+00:00,30367.38529824086
2024-02-07 02:00:00+00:00,30582.701975141994
2024-02-07 03:00:00+00:00,30471.391194317108
2024-02-07 04:00:00+00:00,30502.565323109528
2024-02-07 05:00:00+00:00,30625.838737824575
2024-02-07 06:00:00+00:00,30606.452854843203
2024-02-08 00:00:00+00:00,30941.884551387433
2024-02-08 01:00:00+00:00,30803.730385476265
2024-02-08 02:00:00+00:00,30948.50462829952
2024-02-08 03:00:00+00:00,30924.066680323096
2024-02-08 04:00:00+00:00,30768.770230041944
2024-02-08 05:00:00+00:00,31061.099248549817
2024-02-08 06:00:00+00:00,30969.29051220468
2024-02-09 00:00:00+00:00,31006.95258616065
2024-02-09 01:00:00+00:00,31214.63085464989
2024-02-09 02:00:00+00:00,31355.16008144697
2024-02-09 03:00:00+00:00,31547.45646940377
2024-02-09 04:00:00+00:00,31376.805841780002
2024-02-09 05:00:00+00:00,31517.513078196414
2024-02-09 06:00:00+00:00,31313.80678942868
2024-02-13 00:00:00+00:00,31371.2188943552
2024-02-13 01:00:00+00:00,31270.934931693195
2024-02-13 02:00:00+00:00,31255.387559321352
2024-02-13 03:00:00+00:00,31351.442148631108
2024-02-13 04:00:00+00:00,31508.80769622859
2024-02-13 05:00:00+00:00,31628.815599356163
2024-02-13 06:00:00+00:00,31737.860557407308
2024-02-14 00:00:00+00:00,31952.899718260313
2024-02-14 01:00:00+00:00,31833.14935496504
2024-02-14 02:00:00+00:00,31968.26721132063
2024-02-14 03:00:00+00:00,32007.419434146046
2024-02-14 04:00:00+00:00,32069.409821896777
2024-02-14 05:00:00+00:00,31865.663981694302
2024-02-14 06:00:00+00:00,31843.498238340813
2024-02-15 00:00:00+00:00,31608.439256669983
2024-02-15 01:00:00+00:00,31837.297964026955
2024-02-15 02:00:00+00:00,31694.448632736046
2024-02-15 03:00:00+00:00,31925.938513457764
2024-02-15 04:00:00+00:00,31990.145860945737
2024-02-15 05:00:00+00:00,32281.677954448234
2024-02-15 06:00:00+00:00,31965.393654275314
2024-02-16 00:00:00+00:00,31823.77465753466
2024-02-16 01:00:00+00:00,31783.81295544244
2024-02-16 02:00:00+00:00,31644.53923527204
2024-02-16 03:00:00+00:00,31690.34710599677
2024-02-16 04:00:00+00:00,31843.078124993517
2024-02-16 05:00:00+00:00,31701.41516128336
2024-02-16 06:00:00+00:00,31547.595741360117
2024-02-19 00:00:00+00:00,31518.47226709783
2024-02-19 01:00:00+00:00,31574.79024862811
2024-02-19 02:00:00+00:00,31914.825152080874
2024-02-19 03:00:00+00:00,31752.33595852643
2024-02-19 04:00:00+00:00,31723.81967146833
2024-02-19 05:00:00+00:00,31423.973144332398
2024-02-19 06:00:00+00:00,31146.317554713296
2024-02-20 00:00:00+00:00,30748.269647603505
2024-02-20 01:00:00+00:00,30855.994078194984
2024-02-20 02:00:00+00:00,31100.533250695094
2024-02-20 03:00:00+00:00,31216.850894434298
2024-02-20 04:00:00+00:00,31169.685691541963
2024-02-20 05:00:00+00:00,31398.639686005998
2024-02-20 06:00:00+00:00,31584.801329902453
2024-02-21 00:00:00+00:00,31828.114541092098
2024-02-21 01:00:00+00:00,32103.95774949998
2024-02-21 02:00:00+00:00,32413.20426731273
2024-02-21 03:00:00+00:00,32446.492782683188
2024-02-21 04:00:00+00:00,32429.892971807898
2024-02-21 05:00:00+00:00,32505.20439329365
2024-02-21 06:00:00+00:00,32415.141261930912
2024-02-22 00:00:00+00:00,32119.287673312465
2024-02-22 01:00:00+00:00,32423.73992356145
2024-02-22 02:00:00+00:00,32535.490770420114
2024-02-22 03:00:00+00:00,32380.443637442066
2024-02-22 04:00:00+00:00,32411.183133558523
2024-02-22 05:00:00+00:00,32876.31455335673
2024-02-22 06:00:00+00:00,32911.17832003023
2024-02-26 00:00:00+00:00,33026.80632939482
2024-02-26 01:00:00+00:00,33163.66605190252
2024-02-26 02:00:00+00:00,33224.669680075756
2024-02-26 03:00:00+00:00,33430.45289980027
2024-02-26 04:00:00+00:00,33553.49719610549
2024-02-26 05:00:00+00:00,33696.75322609672
2024-02-26 06:00:00+00:00,33399.693887576715
2024-02-27 00:00:00+00:00,33169.56465999911
2024-02-27 01:00:00+00:00,33465.558323972815
2024-02-27 02:00:00+00:00,33453.549105562946
2024-02-27 03:00:00+00:00,33873.5578589497
2024-02-27 04:00:00+00:00,33781.02343584709
2024-02-27 05:00:00+00:00,33734.06654578678
2024-02-27 06:00:00+00:00,33813.988673807224
2024-02-28 00:00:00+00:00,33529.901935535265
2024-02-28 01:00:00+00:00,33533.74014800904
2024-02-28 02:00:00+00:00,33380.025525066085
2024-02-28 03:00:00+00:00,33394.182394154755
2024-02-28 04:00:00+00:00,33214.837549556054
2024-02-28 05:00:00+00:00,33132.929522006605
2024-02-28 06:00:00+00:00,33157.26038275062
2024-02-29 00:00:00+00:00,33169.56989426194
2024-02-29 01:00:00+00:00,33066.68964349525
2024-02-29 02:00:00+00:00,32994.6675061721
2024-02-29 03:00:00+00:00,32909.23058415392
2024-02-29 04:00:00+00:00,33078.66417023541
2024-02-29 05:00:00+00:00,33569.967861016565
2024-02-29 06:00:00+00:00,33894.56020836172
2024-03-01 00:00:00+00:00,33564.401862036284
2024-03-01 01:00:00+00:00,33771.78817038424
2024-03-01 02:00:00+00:00,34120.24301344005
2024-03-01 03:00:00+00:00,33781.265033695236
2024-03-01 04:00:00+00:00,33356.959204071805
2024-03-01 05:00:00+00:00,33605.08024423589
2024-03-01 06:00:00+00:00,33738.50828708812
2024-03-04 00:00:00+00:00,34035.58850155567
2024-03-04 01:00:00+00:00,33995.99727831501
2024-03-04 02:00:00+00:00,33981.21282520135
2024-03-04 03:00:00+00:00,33891.8574822174
2024-03-04 04:00:00+00:00,34126.72161012046
2024-03-04 05:00:00+00:00,34275.043440493166
2024-03-04 06:00:00+00:00,34232.63283640106
2024-03-05 00:00:00+00:00,33999.19854026836
2024-03-05 01:00:00+00:00,33931.58931332558
2024-03-05 02:00:00+00:00,33999.56986847295
2024-03-05 03:00:00+00:00,33589.967303133475
2024-03-05 04:00:00+00:00,33427.64250183586
2024-03-05 05:00:00+00:00,33360.93087506382
2024-03-05 06:00:00+00:00,33250.20104026435
2024-03-06 00:00:00+00:00,33321.217777274156
2024-03-06 01:00:00+00:00,33364.554756118305
2024-03-06 02:00:00+00:00,33212.452426968215
2024-03-06 03:00:00+00:00,33277.179219944584
2024-03-06 04:00:00+00:00,33142.02439756578
2024-03-06 05:00:00+00:00,33238.88861836811
2024-03-06 06:00:00+00:00,33371.61100554993
2024-03-07 00:00:00+00:00,33266.125674551855
2024-03-07 01:00:00+00:00,33232.97417227379
2024-03-07 02:00:00+00:00,33007.163032452234
2024-03-07 03:00:00+00:00,33213.08902534268
2024-03-07 04:00:00+00:00,33293.621626814245
2024-03-07 05:00:00+00:00,33523.58556390802
2024-03-07 06:00:00+00:00,33654.75252641843
2024-03-08 00:00:00+00:00,33644.66138357331
2024-03-08 01:00:00+00:00,33885.36621580921
2024-03-08 02:00:00+00:00,33808.07027488275
2024-03-08 03:00:00+00:00,33625.70337946238
2024-03-08 04:00:00+00:00,33626.41199498352
2024-03-08 05:00:00+00:00,33604.89542836557
2024-03-08 06:00:00+00:00,33274.60907403174
2024-03-11 00:00:00+00:00,33100.94601420503
2024-03-11 01:00:00+00:00,33234.6069699514
2024-03-11 02:00:00+00:00,33193.23317193394
2024-03-11 03:00:00+00:00,33152.05352111698
2024-03-11 04:00:00+00:00,33162.34280148563
2024-03-11 05:00:00+00:00,33351.763073550705
2024-03-11 06:00:00+00:00,33109.01892008204
2024-03-12 00:00:00+00:00,33313.09793711107
2024-03-12 01:00:00+00:00,33385.4104627129
2024-03-12 02:00:00+00:00,33133.71885958781
2024-03-12 03:00:00+00:00,32871.37420539136
2024-03-12 04:00:00+00:00,32889.76454412965
2024-03-12 05:00:00+00:00,32906.133192429006
2024-03-12 06:00:00+00:00,32871.952981082046
2024-03-13 00:00:00+00:00,32812.47619736992
2024-03-13 01:00:00+00:00,33074.81071971164
2024-03-13 02:00:00+00:00,33045.824874501755
2024-03-13 03:00:00+00:00,33295.34743343975
2024-03-13 04:00:00+00:00,33262.0424407775
2024-03-13 05:00:00+00:00,33049.93876149398
2024-03-13 06:00:00+00:00,32999.87923700238
2024-03-14 00:00:00+00:00,32946.96984375093
2024-03-14 01:00:00+00:00,33344.46204256135
2024-03-14 02:00:00+00:00,32992.368396173675
2024-03-14 03:00:00+00:00,32574.56140175486
2024-03-14 04:00:00+00:00,32590.109408842065
2024-03-14 05:00:00+00:00,32419.829211556797
2024-03-14 06:00:00+00:00,32217.993405510635
2024-03-15 00:00:00+00:00,32212.953421764872
2024-03-15 01:00:00+00:00,32341.82347868774
2024-03-15 02:00:00+00:00,32360.141970117176
2024-03-15 03:00:00+00:00,32517.969034535363
2024-03-15 04:00:00+00:00,32214.422226015504
2024-03-15 05:00:00+00:00,32004.93585553789
2024-03-15 06:00:00+00:00,32144.942545293296
2024-03-18 00:00:00+00:00,32138.363086301586
2024-03-18 01:00:00+00:00,31949.501437006114
2024-03-18 02:00:00+00:00,31836.08398510791
2024-03-18 03:00:00+00:00,31915.70406784535
2024-03-18 04:00:00+00:00,32288.9386605104
2024-03-18 05:00:00+00:00,32148.67845847925
2024-03-18 06:00:00+00:00,32282.37052011897
2024-03-19 00:00:00+00:00,32074.464543320577
2024-03-19 01:00:00+00:00,32061.02007016655
2024-03-19 02:00:00+00:00,32209.26530182234
2024-03-19 03:00:00+00:00,32130.02511083768
2024-03-19 04:00:00+00:00,32068.260354672737
2024-03-19 05:00:00+00:00,31904.088080833782
2024-03-19 06:00:00+00:00,31914.12180918222
2024-03-21 00:00:00+00:00,31819.212537530213
2024-03-21 01:00:00+00:00,31993.410264388818
2024-03-21 02:00:00+00:00,32113.53745440273
2024-03-21 03:00:00+00:00,32345.060830876668
2024-03-21 04:00:00+00:00,32395.64223324608
2024-03-21 05:00:00+00:00,32318.72667299093
2024-03-21 06:00:00+00:00,32347.574479744486
2024-03-22 00:00:00+00:00,32252.476313062314
2024-03-22 01:00:00+00:00,32270.339444973797
2024-03-22 02:00:00+00:00,31960.174907019944
2024-03-22 03:00:00+00:00,32269.200752159428
2024-03-22 04:00:00+00:00,32230.33425225273
2024-03-22 05:00:00+00:00,31896.576607447456
2024-03-22 06:00:00+00:00,31787.86801935834
2024-03-25 00:00:00+00:00,31784.385890419926
2024-03-25 01:00:00+00:00,31725.88040902145
2024-03-25 02:00:00+00:00,31878.502757726605
2024-03-25 03:00:00+00:00,31816.11450687548
2024-03-25 04:00:00+00:00,31654.423505767347
2024-03-25 05:00:00+00:00,31893.192434240795
2024-03-25 06:00:00+00:00,31845.612963086132
2024-03-26 00:00:00+00:00,31984.13729169679
2024-03-26 01:00:00+00:00,31937.123012459273
2024-03-26 02:00:00+00:00,31807.41858020423
2024-03-26 03:00:00+00:00,31892.083919999986
2024-03-26 04:00:00+00:00,31872.803028369017
2024-03-26 05:00:00+00:00,32215.589115978797
2024-03-26 06:00:00+00:00,32294.491023033603
2024-03-27 00:00:00+00:00,32233.472320157987
2024-03-27 01:00:00+00:00,31893.38806126338
2024-03-27 02:00:00+00:00,32127.290586201918
2024-03-27 03:00:00+00:00,32395.9810491094
2024-03-27 04:00:00+00:00,32511.772956847428
2024-03-27 05:00:00+00:00,32277.841867788466
2024-03-27 06:00:00+00:00,32462.41304567039
2024-03-28 00:00:00+00:00,32775.02829814469
2024-03-28 01:00:00+00:00,32647.77574808827
2024-03-28 02:00:00+00:00,32470.164977933087
2024-03-28 03:00:00+00:00,32317.901368770723
2024-03-28 04:00:00+00:00,32052.166185625498
2024-03-28 05:00:00+00:00,32072.317264389563
2024-03-28 06:00:00+00:00,31781.324780612948
2024-03-29 00:00:00+00:00,31703.355068700963
2024-03-29 01:00:00+00:00,31830.74791045824
2024-03-29 02:00:00+00:00,31798.308828424208
2024-03-29 03:00:00+00:00,31898.71826438588
2024-03-29 04:00:00+00:00,31952.559184668065
2024-03-29 05:00:00+00:00,31678.16865182527
2024-03-29 06:00:00+00:00,31560.33384457803
2024-04-01 00:00:00+00:00,31466.650404518437
2024-04-01 01:00:00+00:00,31609.68781910527
2024-04-01 02:00:00+00:00,31393.46415575873
2024-04-01 03:00:00+00:00,31415.37219605579
2024-04-01 04:00:00+00:00,31399.960135428668
2024-04-01 05:00:00+00:00,31369.52768227362
2024-04-01 06:00:00+00:00,31123.097754975977
2024-04-02 00:00:00+00:00,31217.562777641004
2024-04-02 01:00:00+00:00,31411.6399355877
2024-04-02 02:00:00+00:00,31265.538382563624
2024-04-02 03:00:00+00:00,31545.23490911414
2024-04-02 04:00:00+00:00,31635.46609807256
2024-04-02 05:00:00+00:00,31850.22642176529
2024-04-02 06:00:00+00:00,32103.357584981277
2024-04-03 00:00:00+00:00,32104.029856621437
2024-04-03 01:00:00+00:00,32306.97195623907
2024-04-03 02:00:00+00:00,32035.365363838915
2024-04-03 03:00:00+00:00,32112.194657471195
2024-04-03 04:00:00+00:00,32140.453737863874
2024-04-03 05:00:00+00:00,32073.815886592485
2024-04-03 06:00:00+00:00,31948.59059300375
2024-04-04 00:00:00+00:00,32187.99495590618
2024-04-04 01:00:00+00:00,32139.60662365049
2024-04-04 02:00:00+00:00,32142.820829210556
2024-04-04 03:00:00+00:00,32082.437536581754
2024-04-04 04:00:00+00:00,32272.188197311225
2024-04-04 05:00:00+00:00,32265.124585410133
2024-04-04 06:00:00+00:00,32623.855556860104
2024-04-05 00:00:00+00:00,32629.16741947672
2024-04-05 01:00:00+00:00,32667.140628711084
2024-04-05 02:00:00+00:00,32769.82166662859
2024-04-05 03:00:00+00:00,32637.04705145692
2024-04-05 04:00:00+00:00,32724.087399820994
2024-04-05 05:00:00+00:00,32620.158390704164
2024-04-05 06:00:00+00:00,32911.01336446287
2024-04-08 00:00:00+00:00,32932.11754651427
2024-04-08 01:00:00+00:00,32689.572395693733
2024-04-08 02:00:00+00:00,32532.753641667296
2024-04-08 03:00:00+00:00,32650.49495952079
2024-04-08 04:00:00+00:00,32893.45084336159
2024-04-08 05:00:00+00:00,33052.750684359475
2024-04-08 06:00:00+00:00,33102.840672065206
2024-04-09 00:00:00+00:00,32985.330194583075
2024-04-09 01:00:00+00:00,33058.98805158315
2024-04-09 02:00:00+00:00,32543.87041893698
2024-04-09 03:00:00+00:00,32620.207443378964
2024-04-09 04:00:00+00:00,32546.00348272421
2024-04-09 05:00:00+00:00,32530.083829948308
2024-04-09 06:00:00+00:00,32705.217878386287
2024-04-10 00:00:00+00:00,32715.50648197004
2024-04-10 01:00:00+00:00,32947.941387456085
2024-04-10 02:00:00+00:00,33026.88473695987
2024-04-10 03:00:00+00:00,32768.79579717479
2024-04-10 04:00:00+00:00,32608.93698734622
2024-04-10 05:00:00+00:00,32491.640863026714
2024-04-10 06:00:00+00:00,32256.467850906007
2024-04-11 00:00:00+00:00,32428.875070952916
2024-04-11 01:00:00+00:00,32365.1230336656
2024-04-11 02:00:00+00:00,32477.262659925003
2024-04-11 03:00:00+00:00,32457.842235342607
2024-04-11 04:00:00+00:00,32577.454044477203
2024-04-11 05:00:00+00:00,32501.70701330994
2024-04-11 06:00:00+00:00,32611.991145309577
2024-04-12 00:00:00+00:00,32399.61626842502
2024-04-12 01:00:00+00:00,32579.240439259163
2024-04-12 02:00:00+00:00,32393.46711697329
2024-04-12 03:00:00+00:00,32229.96692424964
2024-04-12 04:00:00+00:00,32093.475760699304
2024-04-12 05:00:00+00:00,31921.301691485518
2024-04-12 06:00:00+00:00,31775.343207507598
2024-04-15 00:00:00+00:00,31530.944080806596
2024-04-15 01:00:00+00:00,31274.66617185593
2024-04-15 02:00:00+00:00,31543.810446596723
2024-04-15 03:00:00+00:00,31592.628437583237
2024-04-15 04:00:00+00:00,31736.380988192403
2024-04-15 05:00:00+00:00,31654.202249814105
2024-04-15 06:00:00+00:00,31639.22795301131
2024-04-16 00:00:00+00:00,31292.491252979165
2024-04-16 01:00:00+00:00,31103.484757743216
2024-04-16 02:00:00+00:00,31149.230019621853
2024-04-16 03:00:00+00:00,31145.778667917257
2024-04-16 04:00:00+00:00,31226.320851586963
2024-04-16 05:00:00+00:00,31115.282809943328
2024-04-16 06:00:00+00:00,31159.730945137293
2024-04-17 00:00:00+00:00,31652.911980708912
2024-04-17 01:00:00+00:00,31605.002414733168
2024-04-17 02:00:00+00:00,31300.64090420472
2024-04-17 03:00:00+00:00,31219.52475999184
2024-04-17 04:00:00+00:00,31107.6638850721
2024-04-17 05:00:00+00:00,31230.053601942025
2024-04-17 06:00:00+00:00,31493.658630234193
2024-04-18 00:00:00+00:00,31320.900357069204
2024-04-18 01:00:00+00:00,31415.77644662958
2024-04-18 02:00:00+00:00,31308.147460522494
2024-04-18 03:00:00+00:00,31243.371524334278
2024-04-18 04:00:00+00:00,31329.540648576763
2024-04-18 05:00:00+00:00,31249.997418680196
2024-04-18 06:00:00+00:00,31056.006382087722
2024-04-19 00:00:00+00:00,31090.499870022006
2024-04-19 01:00:00+00:00,31060.09130856258
2024-04-19 02:00:00+00:00,31027.954175030784
2024-04-19 03:00:00+00:00,30915.22372140221
2024-04-19 04:00:00+00:00,30805.827243832828
2024-04-19 05:00:00+00:00,30666.3121547302
2024-04-19 06:00:00+00:00,30886.537656270233
2024-04-22 00:00:00+00:00,30605.00592097275
2024-04-22 01:00:00+00:00,30717.43184101534
2024-04-22 02:00:00+00:00,30522.17159101383
2024-04-22 03:00:00+00:00,30412.393350029535
2024-04-22 04:00:00+00:00,30346.83514561665
2024-04-22 05:00:00+00:00,30200.01295035757
2024-04-22 06:00:00+00:00,30273.253087188667
2024-04-23 00:00:00+00:00,30407.185229978146
2024-04-23 01:00:00+00:00,30462.242276409084
2024-04-23 02:00:00+00:00,30601.051958283668
2024-04-23 03:00:00+00:00,30657.13266751251
2024-04-23 04:00:00+00:00,30711.667894890365
2024-04-23 05:00:00+00:00,30951.697032381555
2024-04-23 06:00:00+00:00,30893.305682330545
2024-04-24 00:00:00+00:00,31106.467577990657
2024-04-24 01:00:00+00:00,31307.816837464226
2024-04-24 02:00:00+00:00,31042.229190061003
2024-04-24 03:00:00+00:00,31065.06061277834
2024-04-24 04:00:00+00:00,30941.919114109172
2024-04-24 05:00:00+00:00,31236.985513602584
2024-04-24 06:00:00+00:00,30723.741041157173
2024-04-25 00:00:00+00:00,30743.403663558936
2024-04-25 01:00:00+00:00,30804.454005883497
2024-04-25 02:00:00+00:00,30707.022010420555
2024-04-25 03:00:00+00:00,30660.41904552126
2024-04-25 04:00:00+00:00,30556.363419355992
2024-04-25 05:00:00+00:00,30747.187570312595
2024-04-25 06:00:00+00:00,30600.60429815957
2024-04-26 00:00:00+00:00,30489.586903652515
2024-04-26 01:00:00+00:00,30442.49616172348
2024-04-26 02:00:00+00:00,30397.895911100124
2024-04-26 03:00:00+00:00,30579.519335524023
2024-04-26 04:00:00+00:00,30711.205041444686
2024-04-26 05:00:00+00:00,30633.769817204637
2024-04-26 06:00:00+00:00,30994.55281724077
2024-04-30 00:00:00+00:00,30878.288882688044
2024-04-30 01:00:00+00:00,30961.506131939812
2024-04-30 02:00:00+00:00,30995.13008482101
2024-04-30 03:00:00+00:00,30844.26594707792
2024-04-30 04:00:00+00:00,30992.7168644185
2024-04-30 05:00:00+00:00,31337.663567778778
2024-04-30 06:00:00+00:00,31407.310222052176
2024-05-01 00:00:00+00:00,31286.691108600447
2024-05-01 01:00:00+00:00,31252.235195650832
2024-05-01 02:00:00+00:00,31405.71828193003
2024-05-01 03:00:00+00:00,31287.06382915782
2024-05-01 04:00:00+00:00,31023.596716021257
2024-05-01 05:00:00+00:00,30959.752786387835
2024-05-01 06:00:00+00:00,30996.01270136707
2024-05-02 00:00:00+00:00,31112.045523400964
2024-05-02 01:00:00+00:00,31279.320291388485
2024-05-02 02:00:00+00:00,31586.04151429846
2024-05-02 03:00:00+00:00,31482.948466238016
2024-05-02 04:00:00+00:00,31573.250885231784
2024-05-02 05:00:00+00:00,31797.324542847753
2024-05-02 06:00:00+00:00,31688.306804398962
2024-05-07 00:00:00+00:00,31748.439844656994
2024-05-07 01:00:00+00:00,31688.58501548144
2024-05-07 02:00:00+00:00,31500.428702527817
2024-05-07 03:00:00+00:00,31387.604932250346
2024-05-07 04:00:00+00:00,31380.007340644075
2024-05-07 05:00:00+00:00,31275.58449063208
2024-05-07 06:00:00+00:00,31592.19268420575
2024-05-08 00:00:00+00:00,31873.350480268233
2024-05-08 01:00:00+00:00,32043.49278813017
2024-05-08 02:00:00+00:00,32072.678775030814
2024-05-08 03:00:00+00:00,31927.58435048393
2024-05-08 04:00:00+00:00,31962.300936424603
2024-05-08 05:00:00+00:00,31862.737141323334
2024-05-08 06:00:00+00:00,31943.104389044554
2024-05-09 00:00:00+00:00,31970.823813710667
2024-05-09 01:00:00+00:00,32140.09843773528
2024-05-09 02:00:00+00:00,31895.547932291945
2024-05-09 03:00:00+00:00,31849.645243086215
2024-05-09 04:00:00+00:00,32110.400923362908
2024-05-09 05:00:00+00:00,31781.341145643222
2024-05-09 06:00:00+00:00,31619.83235765178
2024-05-10 00:00:00+00:00,31589.121570561565
2024-05-10 01:00:00+00:00,31483.449209920334
2024-05-10 02:00:00+00:00,31510.65891668362
2024-05-10 03:00:00+00:00,31277.959190034264
2024-05-10 04:00:00+00:00,31102.165378270765
2024-05-10 05:00:00+00:00,30948.740927402723
2024-05-10 06:00:00+00:00,30760.844313953123
2024-05-13 00:00:00+00:00,30646.291742507896
2024-05-13 01:00:00+00:00,30531.83787307179
2024-05-13 02:00:00+00:00,30564.42311665546
2024-05-13 03:00:00+00:00,30535.773771638935
2024-05-13 04:00:00+00:00,30691.613001254907
2024-05-13 05:00:00+00:00,30795.28002605758
2024-05-13 06:00:00+00:00,30746.901555465705
2024-05-14 00:00:00+00:00,30813.165005497336
2024-05-14 01:00:00+00:00,30697.537750980908
2024-05-14 02:00:00+00:00,30881.969382819938
2024-05-14 03:00:00+00:00,30919.655395219088
2024-05-14 04:00:00+00:00,30916.627120056975
2024-05-14 05:00:00+00:00,30665.79663601985
2024-05-14 06:00:00+00:00,30572.927451031414
2024-05-15 00:00:00+00:00,30430.625937928555
2024-05-15 01:00:00+00:00,30382.576080128674
2024-05-15 02:00:00+00:00,30440.562917134535
2024-05-15 03:00:00+00:00,30630.63973276873
2024-05-15 04:00:00+00:00,30935.79643593668
2024-05-15 05:00:00+00:00,30745.430534987798
2024-05-15 06:00:00+00:00,30641.598284222637
2024-05-16 00:00:00+00:00,30619.302888675444
2024-05-16 01:00:00+00:00,30827.771788960075
2024-05-16 02:00:00+00:00,30902.325948200356
2024-05-16 03:00:00+00:00,31089.260733024326
2024-05-16 04:00:00+00:00,31382.526797656392
2024-05-16 05:00:00+00:00,30926.66498148073
2024-05-16 06:00:00+00:00,31060.295975810805
2024-05-17 00:00:00+00:00,31166.09660597031
2024-05-17 01:00:00+00:00,31462.617366615017
2024-05-17 02:00:00+00:00,31378.039155450428
2024-05-17 03:00:00+00:00,31599.28103625181
2024-05-17 04:00:00+00:00,31594.514409890442
2024-05-17 05:00:00+00:00,31499.920061540426
2024-05-17 06:00:00+00:00,31744.394956493477
2024-05-20 00:00:00+00:00,31891.950825839736
2024-05-20 01:00:00+00:00,31991.6686456359
2024-05-20 02:00:00+00:00,31891.21592317346
2024-05-20 03:00:00+00:00,31868.67905957623
2024-05-20 04:00:00+00:00,31841.04943909022
2024-05-20 05:00:00+00:00,31985.151495409857
2024-05-20 06:00:00+00:00,31797.277262386502
2024-05-21 00:00:00+00:00,31909.908100197223
2024-05-21 01:00:00+00:00,31961.825945818902
2024-05-21 02:00:00+00:00,31742.70165866224
2024-05-21 03:00:00+00:00,31847.40908972715
2024-05-21 04:00:00+00:00,31720.231961419322
2024-05-21 05:00:00+00:00,31506.324403325663
2024-05-21 06:00:00+00:00,31564.31204803281
2024-05-22 00:00:00+00:00,31370.083794216043
2024-05-22 01:00:00+00:00,31416.505087788482
2024-05-22 02:00:00+00:00,31587.85312914562
2024-05-22 03:00:00+00:00,31444.370345860065
2024-05-22 04:00:00+00:00,31266.316767464905
2024-05-22 05:00:00+00:00,31194.92422323253
2024-05-22 06:00:00+00:00,31349.317479524623
2024-05-23 00:00:00+00:00,31248.867874113217
2024-05-23 01:00:00+00:00,31203.027792150868
2024-05-23 02:00:00+00:00,31102.18069045966
2024-05-23 03:00:00+00:00,31017.729509643243
2024-05-23 04:00:00+00:00,31197.059304298393
2024-05-23 05:00:00+00:00,31054.995687765106
2024-05-23 06:00:00+00:00,31376.645101303144
2024-05-24 00:00:00+00:00,31540.04958270595
2024-05-24 01:00:00+00:00,31525.791658584214
2024-05-24 02:00:00+00:00,31708.88518340471
2024-05-24 03:00:00+00:00,31699.24621176228
2024-05-24 04:00:00+00:00,31515.68805302105
2024-05-24 05:00:00+00:00,31427.15950042961
2024-05-24 06:00:00+00:00,31055.39177088365
2024-05-27 00:00:00+00:00,30861.637163808446
2024-05-27 01:00:00+00:00,31153.15296590732
2024-05-27 02:00:00+00:00,31432.899720141068
2024-05-27 03:00:00+00:00,31497.0793527745
2024-05-27 04:00:00+00:00,31549.65855826433
2024-05-27 05:00:00+00:00,31798.25372881757
2024-05-27 06:00:00+00:00,31898.139758463385
2024-05-28 00:00:00+00:00,32161.123855932023
2024-05-28 01:00:00+00:00,32054.68497150207
2024-05-28 02:00:00+00:00,32198.964066592802
2024-05-28 03:00:00+00:00,32113.605614611923
2024-05-28 04:00:00+00:00,32166.967003501264
2024-05-28 05:00:00+00:00,32305.399857370787
2024-05-28 06:00:00+00:00,32377.845338548952
2024-05-29 00:00:00+00:00,32566.578809569342
2024-05-29 01:00:00+00:00,32357.073674997504
2024-05-29 02:00:00+00:00,32243.217891046705
2024-05-29 03:00:00+00:00,32100.62881367698
2024-05-29 04:00:00+00:00,32384.18987522283
2024-05-29 05:00:00+00:00,32654.43726092534
2024-05-29 06:00:00+00:00,32513.66592314317
2024-05-30 00:00:00+00:00,32610.20594112531
2024-05-30 01:00:00+00:00,32321.87680389972
2024-05-30 02:00:00+00:00,32177.987548343848
2024-05-30 03:00:00+00:00,32264.90656071745
2024-05-30 04:00:00+00:00,32051.67844881071
2024-05-30 05:00:00+00:00,32152.73254386156
2024-05-30 06:00:00+00:00,32173.059014470782
2024-05-31 00:00:00+00:00,32007.27978963466
2024-05-31 01:00:00+00:00,32171.9883944001
2024-05-31 02:00:00+00:00,32228.897633231278
2024-05-31 03:00:00+00:00,31914.897064164255
2024-05-31 04:00:00+00:00,31851.784293874887
2024-05-31 05:00:00+00:00,32151.83617573949
2024-05-31 06:00:00+00:00,32212.609108243505
2024-06-03 00:00:00+00:00,31907.450375188066
2024-06-03 01:00:00+00:00,31919.591707854353
2024-06-03 02:00:00+00:00,31971.279615601292
2024-06-03 03:00:00+00:00,32077.488960099134
2024-06-03 04:00:00+00:00,31712.046838419647
2024-06-03 05:00:00+00:00,31950.034491677696
2024-06-03 06:00:00+00:00,31911.456021211594
2024-06-04 00:00:00+00:00,31770.77999191055
2024-06-04 01:00:00+00:00,32094.579541439787
2024-06-04 02:00:00+00:00,32161.942588078527
2024-06-04 03:00:00+00:00,32145.28348334811
2024-06-04 04:00:00+00:00,32299.822686324664
2024-06-04 05:00:00+00:00,32323.929410120538
2024-06-04 06:00:00+00:00,32489.07156142162
2024-06-05 00:00:00+00:00,32253.605605061446
2024-06-05 01:00:00+00:00,31981.39242579572
2024-06-05 02:00:00+00:00,32303.74624622762
2024-06-05 03:00:00+00:00,32398.632429889203
2024-06-05 04:00:00+00:00,32384.33567995762
2024-06-05 05:00:00+00:00,32257.676355906075
2024-06-05 06:00:00+00:00,32404.329770378783
2024-06-06 00:00:00+00:00,32635.87841724932
2024-06-06 01:00:00+00:00,32657.69343580532
2024-06-06 02:00:00+00:00,32604.021477273574
2024-06-06 03:00:00+00:00,32879.68778626979
2024-06-06 04:00:00+00:00,32632.275439967678
2024-06-06 05:00:00+00:00,32691.100082443598
2024-06-06 06:00:00+00:00,32371.09243547192
2024-06-07 00:00:00+00:00,32099.29077804282
2024-06-07 01:00:00+00:00,32301.54806322981
2024-06-07 02:00:00+00:00,32267.72720851559
2024-06-07 03:00:00+00:00,32494.480741112762
2024-06-07 04:00:00+00:00,32208.692929479766
2024-06-07 05:00:00+00:00,32638.029105202222
2024-06-07 06:00:00+00:00,32607.796549428174
2024-06-10 00:00:00+00:00,32810.94192605666
2024-06-10 01:00:00+00:00,32674.284060287977
2024-06-10 02:00:00+00:00,32910.13888961129
2024-06-10 03:00:00+00:00,33197.2053241583
2024-06-10 04:00:00+00:00,32964.60814493677
2024-06-10 05:00:00+00:00,32695.76289517547
2024-06-10 06:00:00+00:00,32889.93682649847
2024-06-11 00:00:00+00:00,32961.70510296297
2024-06-11 01:00:00+00:00,32754.4176427945
2024-06-11 02:00:00+00:00,32516.969830342405
2024-06-11 03:00:00+00:00,32849.40354751819
2024-06-11 04:00:00+00:00,33005.38667131288
2024-06-11 05:00:00+00:00,33215.875849239885
2024-06-11 06:00:00+00:00,32974.55952448273
2024-06-12 00:00:00+00:00,33153.90173219926
2024-06-12 01:00:00+00:00,33244.31574546036
2024-06-12 02:00:00+00:00,33200.102299611775
2024-06-12 03:00:00+00:00,33532.00767197113
2024-06-12 04:00:00+00:00,33348.491607059004
2024-06-12 05:00:00+00:00,33322.7016587733
2024-06-12 06:00:00+00:00,33055.11095938808
2024-06-13 00:00:00+00:00,32775.097417520905
2024-06-13 01:00:00+00:00,32840.05383928665
2024-06-13 02:00:00+00:00,32793.93599830557
2024-06-13 03:00:00+00:00,32153.181252732364
2024-06-13 04:00:00+00:00,32129.25695334643
2024-06-13 05:00:00+00:00,32138.55175194592
2024-06-13 06:00:00+00:00,32385.07822640833
2024-06-14 00:00:00+00:00,32317.795442759027
2024-06-14 01:00:00+00:00,32070.96198160032
2024-06-14 02:00:00+00:00,32116.852401352575
2024-06-14 03:00:00+00:00,32164.57392834337
2024-06-14 04:00:00+00:00,32356.678067926117
2024-06-14 05:00:00+00:00,32159.349765657713
2024-06-14 06:00:00+00:00,32027.466832109476
2024-06-17 00:00:00+00:00,31991.6468535643
2024-06-17 01:00:00+00:00,32080.64856346982
2024-06-17 02:00:00+00:00,32170.69142584277
2024-06-17 03:00:00+00:00,32087.428549417724
2024-06-17 04:00:00+00:00,31905.477891408085
2024-06-17 05:00:00+00:00,31969.327384893717
2024-06-17 06:00:00+00:00,31985.9121800528
2024-06-18 00:00:00+00:00,31746.980441783286
2024-06-18 01:00:00+00:00,31721.38557289163
2024-06-18 02:00:00+00:00,31394.37788325409
2024-06-18 03:00:00+00:00,31651.013234776474
2024-06-18 04:00:00+00:00,31629.497750043294
2024-06-18 05:00:00+00:00,32040.459401798475
2024-06-18 06:00:00+00:00,31743.395026761278
2024-06-19 00:00:00+00:00,31607.43698755743
2024-06-19 01:00:00+00:00,31575.3124869958
2024-06-19 02:00:00+00:00,31765.825533349274
2024-06-19 03:00:00+00:00,32031.520850965713
2024-06-19 04:00:00+00:00,32049.040183764606
2024-06-19 05:00:00+00:00,32008.018456658603
2024-06-19 06:00:00+00:00,32106.388506625022
2024-06-20 00:00:00+00:00,32168.862560666697
2024-06-20 01:00:00+00:00,32478.98979783967
2024-06-20 02:00:00+00:00,32514.381070943367
2024-06-20 03:00:00+00:00,32396.501690951147
2024-06-20 04:00:00+00:00,32489.602238239804
2024-06-20 05:00:00+00:00,32476.84982108233
2024-06-20 06:00:00+00:00,32499.62187136289
2024-06-21 00:00:00+00:00,32404.53598318822
2024-06-21 01:00:00+00:00,32215.065123053886
2024-06-21 02:00:00+00:00,32058.307848566437
2024-06-21 03:00:00+00:00,31895.96346759805
2024-06-21 04:00:00+00:00,32010.84077001342
2024-06-21 05:00:00+00:00,31977.996297836136
2024-06-21 06:00:00+00:00,31706.48799015387
2024-06-24 00:00:00+00:00,32117.19988300322
2024-06-24 01:00:00+00:00,32075.210679812608
2024-06-24 02:00:00+00:00,31671.601125491994
2024-06-24 03:00:00+00:00,31615.99096358547
2024-06-24 04:00:00+00:00,31536.877466253733
2024-06-24 05:00:00+00:00,31773.760022642782
2024-06-24 06:00:00+00:00,31529.325152703448
2024-06-25 00:00:00+00:00,31670.528824392804
2024-06-25 01:00:00+00:00,31589.33112386634
2024-06-25 02:00:00+00:00,31503.057797795365
2024-06-25 03:00:00+00:00,31588.20441671254
2024-06-25 04:00:00+00:00,31607.513762505474
2024-06-25 05:00:00+00:00,31444.40341357387
2024-06-25 06:00:00+00:00,31309.380378772723
2024-06-26 00:00:00+00:00,31315.379681257942
2024-06-26 01:00:00+00:00,31434.32025737396
2024-06-26 02:00:00+00:00,31541.116864473246
2024-06-26 03:00:00+00:00,31601.87811740278
2024-06-26 04:00:00+00:00,31676.612525935117
2024-06-26 05:00:00+00:00,31724.022180369942
2024-06-26 06:00:00+00:00,32070.86215916872
2024-06-27 00:00:00+00:00,32115.836917390174
2024-06-27 01:00:00+00:00,31946.645104816438
2024-06-27 02:00:00+00:00,32226.19795508598
2024-06-27 03:00:00+00:00,32118.454846902456
2024-06-27 04:00:00+00:00,32188.028717137095
2024-06-27 05:00:00+00:00,32274.273257547986
2024-06-27 06:00:00+00:00,32210.194123885263
2024-06-28 00:00:00+00:00,32128.65459015549
2024-06-28 01:00:00+00:00,31932.43046878621
2024-06-28 02:00:00+00:00,31852.10199021057
2024-06-28 03:00:00+00:00,31787.34461345071
2024-06-28 04:00:00+00:00,31659.73893951707
2024-06-28 05:00:00+00:00,31558.73786665013
2024-06-28 06:00:00+00:00,31500.27968901175
2024-07-01 00:00:00+00:00,31529.97458631088
2024-07-01 01:00:00+00:00,31192.23425043764
2024-07-01 02:00:00+00:00,31058.01168886799
2024-07-01 03:00:00+00:00,31307.090511462316
2024-07-01 04:00:00+00:00,31470.00353245647
2024-07-01 05:00:00+00:00,31347.554540096444
2024-07-01 06:00:00+00:00,31439.216809531914
2024-07-02 00:00:00+00:00,31414.41785620829
2024-07-02 01:00:00+00:00,31635.866734128438
2024-07-02 02:00:00+00:00,31557.645188909268
2024-07-02 03:00:00+00:00,31702.962077287568
2024-07-02 04:00:00+00:00,31691.278274411055
2024-07-02 05:00:00+00:00,31742.06309910493
2024-07-02 06:00:00+00:00,31588.146846368953
2024-07-03 00:00:00+00:00,31783.709117574388
2024-07-03 01:00:00+00:00,31766.971743520273
2024-07-03 02:00:00+00:00,31665.163937669822
2024-07-03 03:00:00+00:00,31445.649715105534
2024-07-03 04:00:00+00:00,31538.13542964941
2024-07-03 05:00:00+00:00,31768.237046805225
2024-07-03 06:00:00+00:00,32037.566668078427
2024-07-04 00:00:00+00:00,31888.681954731248
2024-07-04 01:00:00+00:00,31848.177322308948
2024-07-04 02:00:00+00:00,32017.39401647244
2024-07-04 03:00:00+00:00,31823.922736982586
2024-07-04 04:00:00+00:00,32103.587339952683
2024-07-04 05:00:00+00:00,31822.041137661607
2024-07-04 06:00:00+00:00,31623.062065967024
2024-07-05 00:00:00+00:00,31559.442954104932
2024-07-05 01:00:00+00:00,31676.836453926153
2024-07-05 02:00:00+00:00,31481.65913527042
2024-07-05 03:00:00+00:00,31752.33638102699
2024-07-05 04:00:00+00:00,31714.793240668583
2024-07-05 05:00:00+00:00,31932.03062291333
2024-07-05 06:00:00+00:00,31744.615507910235
2024-07-08 00:00:00+00:00,31635.6984756369
2024-07-08 01:00:00+00:00,31708.632323192087
2024-07-08 02:00:00+00:00,31662.923847002403
2024-07-08 03:00:00+00:00,31345.39950252135
2024-07-08 04:00:00+00:00,31524.379382640287
2024-07-08 05:00:00+00:00,31621.03083337432
2024-07-08 06:00:00+00:00,31549.784003452733
2024-07-09 00:00:00+00:00,31485.72752497873
2024-07-09 01:00:00+00:00,31311.408652168488
2024-07-09 02:00:00+00:00,31223.795202813697
2024-07-09 03:00:00+00:00,31193.76393974695
2024-07-09 04:00:00+00:00,31192.423332043287
2024-07-09 05:00:00+00:00,31480.275521514264
2024-07-09 06:00:00+00:00,31543.666228472437
2024-07-10 00:00:00+00:00,31413.552934634834
2024-07-10 01:00:00+00:00,31352.118325560066
2024-07-10 02:00:00+00:00,31358.66908654913
2024-07-10 03:00:00+00:00,31320.913294759164
2024-07-10 04:00:00+00:00,31438.162126064253
2024-07-10 05:00:00+00:00,31740.359168836974
2024-07-10 06:00:00+00:00,31669.407943799986
2024-07-11 00:00:00+00:00,31911.99394139354
2024-07-11 01:00:00+00:00,31884.507428594832
2024-07-11 02:00:00+00:00,31863.132081625383
2024-07-11 03:00:00+00:00,32328.84157923066
2024-07-11 04:00:00+00:00,32836.03824953424
2024-07-11 05:00:00+00:00,32632.9796930718
2024-07-11 06:00:00+00:00,33115.14850541475
2024-07-12 00:00:00+00:00,33115.87272414047
2024-07-12 01:00:00+00:00,33169.722480417244
2024-07-12 02:00:00+00:00,33449.6099090361
2024-07-12 03:00:00+00:00,33355.61859249648
2024-07-12 04:00:00+00:00,33325.64986597799
2024-07-12 05:00:00+00:00,33265.75299877619
2024-07-12 06:00:00+00:00,33209.962955641415
2024-07-16 01:00:00+00:00,32974.373460512994
2024-07-16 02:00:00+00:00,32897.65754693484
2024-07-16 03:00:00+00:00,32897.14792095696
2024-07-16 04:00:00+00:00,33114.46279897297
2024-07-16 05:00:00+00:00,32735.367062098787
2024-07-16 06:00:00+00:00,32897.20224803819
2024-07-17 00:00:00+00:00,32655.274473944184
2024-07-17 01:00:00+00:00,32748.87936399954
2024-07-17 02:00:00+00:00,32618.29851077797
2024-07-17 03:00:00+00:00,32795.59482241477
2024-07-17 04:00:00+00:00,33019.48734668671
2024-07-17 05:00:00+00:00,33308.87189820399
2024-07-17 06:00:00+00:00,32982.48487740984
2024-07-18 00:00:00+00:00,33158.75196891009
2024-07-18 01:00:00+00:00,33044.775582015
2024-07-18 02:00:00+00:00,33176.741535083995
2024-07-18 03:00:00+00:00,33360.63715893264
2024-07-18 04:00:00+00:00,33420.01740249331
2024-07-18 05:00:00+00:00,33075.52045058682
2024-07-18 06:00:00+00:00,32861.32179991787
2024-07-19 00:00:00+00:00,32649.159336591154
2024-07-19 01:00:00+00:00,32288.38493775292
2024-07-19 02:00:00+00:00,32274.579458621552
2024-07-19 03:00:00+00:00,32226.92274282413
2024-07-19 04:00:00+00:00,32313.52887318992
2024-07-19 05:00:00+00:00,32267.401030159177
2024-07-19 06:00:00+00:00,32483.41837872531
2024-07-22 00:00:00+00:00,32816.06279709261
2024-07-22 01:00:00+00:00,33269.99000179776
2024-07-22 02:00:00+00:00,33457.58202085518
2024-07-22 03:00:00+00:00,33679.33690247876
2024-07-22 04:00:00+00:00,33706.56111095275
2024-07-22 05:00:00+00:00,33865.32320170361
2024-07-22 06:00:00+00:00,34023.45095644832
2024-07-23 00:00:00+00:00,34151.0086295455
2024-07-23 01:00:00+00:00,34105.00206357974
2024-07-23 02:00:00+00:00,34105.46972839694
2024-07-23 03:00:00+00:00,33749.37186275005
2024-07-23 04:00:00+00:00,33375.90422819659
2024-07-23 05:00:00+00:00,33018.13223141122
2024-07-23 06:00:00+00:00,32788.29724568129
2024-07-24 00:00:00+00:00,33086.45293541686
2024-07-24 01:00:00+00:00,33111.48808971151
2024-07-24 02:00:00+00:00,33271.658783761646
2024-07-24 03:00:00+00:00,33077.74772064609
2024-07-24 04:00:00+00:00,33133.542195784314
2024-07-24 05:00:00+00:00,33187.26028526335
2024-07-24 06:00:00+00:00,33426.58404129737
2024-07-25 00:00:00+00:00,33673.32214637271
2024-07-25 01:00:00+00:00,34026.1165770034
2024-07-25 02:00:00+00:00,33817.593273343475
2024-07-25 03:00:00+00:00,34220.48536848044
2024-07-25 04:00:00+00:00,34342.08579883494
2024-07-25 05:00:00+00:00,34456.88994384916
2024-07-25 06:00:00+00:00,34401.875195077766
2024-07-26 00:00:00+00:00,34657.968208267965
2024-07-26 01:00:00+00:00,34539.74230692061
2024-07-26 02:00:00+00:00,34829.15471588642
2024-07-26 03:00:00+00:00,34807.020306905484
2024-07-26 04:00:00+00:00,34807.58550849838
2024-07-26 05:00:00+00:00,34752.602086229155
2024-07-26 06:00:00+00:00,34868.15879667546
2024-07-29 00:00:00+00:00,35158.41648023001
2024-07-29 01:00:00+00:00,35014.534952452275
2024-07-29 02:00:00+00:00,35017.87137340001
2024-07-29 03:00:00+00:00,35487.21776334655
2024-07-29 04:00:00+00:00,35489.94596867482
2024-07-29 05:00:00+00:00,35486.01230917968
2024-07-29 06:00:00+00:00,35078.8470278145
2024-07-30 00:00:00+00:00,34924.43913105519
2024-07-30 01:00:00+00:00,34893.33969755242
2024-07-30 02:00:00+00:00,34845.564164399286
2024-07-30 03:00:00+00:00,34704.87075486242
2024-07-30 04:00:00+00:00,34824.614821946285
2024-07-30 05:00:00+00:00,34842.99693415069
2024-07-30 06:00:00+00:00,34655.593651381794
2024-07-31 00:00:00+00:00,34307.370719474
2024-07-31 01:00:00+00:00,34208.58206344339
2024-07-31 02:00:00+00:00,34151.5475742907
2024-07-31 03:00:00+00:00,34512.724196668285
2024-07-31 04:00:00+00:00,34756.13963683483
2024-07-31 05:00:00+00:00,34676.4177764912
2024-07-31 06:00:00+00:00,34666.318665008934
2024-08-01 00:00:00+00:00,35049.91726710768
2024-08-01 01:00:00+00:00,35259.070559090695
2024-08-01 02:00:00+00:00,35369.34911930718
2024-08-01 03:00:00+00:00,35007.224287553545
2024-08-01 04:00:00+00:00,35121.575179672036
2024-08-01 05:00:00+00:00,35253.73913914879
2024-08-01 06:00:00+00:00,35508.38465183121
2024-08-02 00:00:00+00:00,35095.69538065278
2024-08-02 01:00:00+00:00,35053.81252665481
2024-08-02 02:00:00+00:00,34946.02651176382
2024-08-02 03:00:00+00:00,34916.29570959488
2024-08-02 04:00:00+00:00,34780.08625298736
2024-08-02 05:00:00+00:00,34896.268744352106
2024-08-02 06:00:00+00:00,35123.12454344878
2024-08-05 00:00:00+00:00,35006.167197064744
2024-08-05 01:00:00+00:00,34892.2371621924
2024-08-05 02:00:00+00:00,34482.07758727123
2024-08-05 03:00:00+00:00,34511.172920185156
2024-08-05 04:00:00+00:00,34654.18530181852
2024-08-05 05:00:00+00:00,34724.74563646572
2024-08-05 06:00:00+00:00,34822.45673029083
2024-08-06 00:00:00+00:00,34987.109171121956
2024-08-06 01:00:00+00:00,34619.28388597366
2024-08-06 02:00:00+00:00,34716.9046757964
2024-08-06 03:00:00+00:00,34909.73352954722
2024-08-06 04:00:00+00:00,34656.66458409621
2024-08-06 05:00:00+00:00,34730.47192578936
2024-08-06 06:00:00+00:00,34214.530612912546
2024-08-07 00:00:00+00:00,34260.47865564019
2024-08-07 01:00:00+00:00,34326.17243986638
2024-08-07 02:00:00+00:00,34241.688327060976
2024-08-07 03:00:00+00:00,34283.32309615725
2024-08-07 04:00:00+00:00,34434.583661669036
2024-08-07 05:00:00+00:00,34602.914571800844
2024-08-07 06:00:00+00:00,34382.10212483302
2024-08-08 00:00:00+00:00,34541.965980747584
2024-08-08 01:00:00+00:00,34653.88467818442
2024-08-08 02:00:00+00:00,34452.500198284484
2024-08-08 03:00:00+00:00,34369.85279626026
2024-08-08 04:00:00+00:00,34289.80251101557
2024-08-08 05:00:00+00:00,34431.287855345414
2024-08-08 06:00:00+00:00,34130.79252847826
2024-08-09 00:00:00+00:00,33970.69661679869
2024-08-09 01:00:00+00:00,34106.06596026361
2024-08-09 02:00:00+00:00,34184.839526799304
2024-08-09 03:00:00+00:00,34402.29497497297
2024-08-09 04:00:00+00:00,34634.76395058403
2024-08-09 05:00:00+00:00,34627.60182114472
2024-08-09 06:00:00+00:00,34609.68798567009
2024-08-13 00:00:00+00:00,34320.977032686045
2024-08-13 01:00:00+00:00,34227.65934627473
2024-08-13 02:00:00+00:00,34079.166864779305
2024-08-13 03:00:00+00:00,34207.6581505438
2024-08-13 04:00:00+00:00,33728.512359728884
2024-08-13 05:00:00+00:00,33913.52834204647
2024-08-13 06:00:00+00:00,33890.03314656871
2024-08-14 00:00:00+00:00,33984.61696951811
2024-08-14 01:00:00+00:00,33704.55905043559
2024-08-14 02:00:00+00:00,33569.14812097772
2024-08-14 03:00:00+00:00,33727.54512826147
2024-08-14 04:00:00+00:00,33659.52511693709
2024-08-14 05:00:00+00:00,33756.447725204824
2024-08-14 06:00:00+00:00,33796.42094094058
2024-08-15 00:00:00+00:00,33486.383439743855
2024-08-15 01:00:00+00:00,33592.64442661909
2024-08-15 02:00:00+00:00,34139.94574071419
2024-08-15 03:00:00+00:00,34004.09567676823
2024-08-15 04:00:00+00:00,34056.194499630714
2024-08-15 05:00:00+00:00,33692.536851922596
2024-08-15 06:00:00+00:00,33662.26787758802
2024-08-16 00:00:00+00:00,33673.7358268479
2024-08-16 01:00:00+00:00,33679.73889189441
2024-08-16 02:00:00+00:00,33599.49019658058
2024-08-16 03:00:00+00:00,33932.2002850169
2024-08-16 04:00:00+00:00,34141.920454153325
2024-08-16 05:00:00+00:00,34110.11458568185
2024-08-16 06:00:00+00:00,34078.55765393032
2024-08-19 00:00:00+00:00,34178.063617437125
2024-08-19 01:00:00+00:00,33839.55271544987
2024-08-19 02:00:00+00:00,33964.421148391986
2024-08-19 03:00:00+00:00,33487.652230098276
2024-08-19 04:00:00+00:00,33770.20440998566
2024-08-19 05:00:00+00:00,33524.973159213216
2024-08-19 06:00:00+00:00,33663.39149765903
2024-08-20 00:00:00+00:00,33622.17037953385
2024-08-20 01:00:00+00:00,33800.2853201321
2024-08-20 02:00:00+00:00,33994.793714685184
2024-08-20 03:00:00+00:00,33870.23285796751
2024-08-20 04:00:00+00:00,34130.433336435955
2024-08-20 05:00:00+00:00,33817.70639260369
2024-08-20 06:00:00+00:00,34244.53665293947
2024-08-21 00:00:00+00:00,34170.933817355704
2024-08-21 01:00:00+00:00,34016.91236932389
2024-08-21 02:00:00+00:00,33679.44358202082
2024-08-21 03:00:00+00:00,33796.57253509335
2024-08-21 04:00:00+00:00,33734.37853693565
2024-08-21 05:00:00+00:00,33592.71187010939
2024-08-21 06:00:00+00:00,33654.28351268229
2024-08-22 00:00:00+00:00,33865.11077031936
2024-08-22 01:00:00+00:00,33531.48821936152
2024-08-22 02:00:00+00:00,33537.25306039486
2024-08-22 03:00:00+00:00,33303.862893050435
2024-08-22 04:00:00+00:00,33248.50950400849
2024-08-22 05:00:00+00:00,33278.861025482016
2024-08-22 06:00:00+00:00,33306.7400963603
2024-08-23 00:00:00+00:00,33229.59815060983
2024-08-23 01:00:00+00:00,32816.033032659194
2024-08-23 02:00:00+00:00,33129.39386702714
2024-08-23 03:00:00+00:00,33316.41799690814
2024-08-23 04:00:00+00:00,33355.356444165984
2024-08-23 05:00:00+00:00,33124.57188504482
2024-08-23 06:00:00+00:00,33011.08967789035
2024-08-26 00:00:00+00:00,33258.81045790076
2024-08-26 01:00:00+00:00,33161.57363472598
2024-08-26 02:00:00+00:00,33357.2839356106
2024-08-26 03:00:00+00:00,33498.659853061064
2024-08-26 04:00:00+00:00,33687.15073871841
2024-08-26 05:00:00+00:00,33613.776949288425
2024-08-26 06:00:00+00:00,33364.965266333296
2024-08-27 00:00:00+00:00,33282.796102123015
2024-08-27 01:00:00+00:00,33612.70045188892
2024-08-27 02:00:00+00:00,33532.99410820201
2024-08-27 03:00:00+00:00,33480.68243432517
2024-08-27 04:00:00+00:00,33417.82566561125
2024-08-27 05:00:00+00:00,33414.047784296185
2024-08-27 06:00:00+00:00,33239.02459162065
2024-08-28 00:00:00+00:00,33386.71677203852
2024-08-28 01:00:00+00:00,33434.78762086746
2024-08-28 02:00:00+00:00,33802.8365438014
2024-08-28 03:00:00+00:00,33681.84773454134
2024-08-28 04:00:00+00:00,33766.862967343455
2024-08-28 05:00:00+00:00,33662.477159467344
2024-08-28 06:00:00+00:00,33502.185427792
2024-08-29 00:00:00+00:00,33239.82121440041
2024-08-29 01:00:00+00:00,33543.11785756389
2024-08-29 02:00:00+00:00,33850.52397406777
2024-08-29 03:00:00+00:00,33847.96045217789
2024-08-29 04:00:00+00:00,33971.03280264587
2024-08-29 05:00:00+00:00,33841.355880216375
2024-08-29 06:00:00+00:00,33759.8027077968
2024-08-30 00:00:00+00:00,33583.60306782545
2024-08-30 01:00:00+00:00,33543.99055860753
2024-08-30 02:00:00+00:00,33302.87385488722
2024-08-30 03:00:00+00:00,32812.62077174631
2024-08-30 04:00:00+00:00,32717.515084059425
2024-08-30 05:00:00+00:00,32694.82907122215
2024-08-30 06:00:00+00:00,32752.30491497329
2024-09-02 00:00:00+00:00,33130.57966873641
2024-09-02 01:00:00+00:00,32945.50243015149
2024-09-02 02:00:00+00:00,33044.07626037764
2024-09-02 03:00:00+00:00,33090.44752820712
2024-09-02 04:00:00+00:00,33242.45857753715
2024-09-02 05:00:00+00:00,33077.45957981544
2024-09-02 06:00:00+00:00,33213.47825907767
2024-09-03 00:00:00+00:00,32847.392836945146
2024-09-03 01:00:00+00:00,32638.852932019876
2024-09-03 02:00:00+00:00,32836.26341052618
2024-09-03 03:00:00+00:00,32475.091479831546
2024-09-03 04:00:00+00:00,32213.092351292697
2024-09-03 05:00:00+00:00,32255.692101265155
2024-09-03 06:00:00+00:00,32430.58769182234
2024-09-04 00:00:00+00:00,32425.004494388853
2024-09-04 01:00:00+00:00,32627.40206455766
2024-09-04 02:00:00+00:00,32679.209591031045
2024-09-04 03:00:00+00:00,32746.95268550264
2024-09-04 04:00:00+00:00,32719.347753398106
2024-09-04 05:00:00+00:00,32721.199893672252
2024-09-04 06:00:00+00:00,32586.75543751017
2024-09-05 00:00:00+00:00,32628.637079230746
2024-09-05 01:00:00+00:00,32255.49766968076
2024-09-05 02:00:00+00:00,32238.38019483044
2024-09-05 03:00:00+00:00,32093.43131688884
2024-09-05 04:00:00+00:00,32178.37742422864
2024-09-05 05:00:00+00:00,32209.556919098675
2024-09-05 06:00:00+00:00,31742.957779143606
2024-09-06 00:00:00+00:00,31688.526346059673
2024-09-06 01:00:00+00:00,31609.90962081106
2024-09-06 02:00:00+00:00,31814.756590308898
2024-09-06 03:00:00+00:00,31630.751987740037
2024-09-06 04:00:00+00:00,31656.603316670076
2024-09-06 05:00:00+00:00,31693.550934585357
2024-09-06 06:00:00+00:00,31564.125026413152
2024-09-09 00:00:00+00:00,31622.791979115867
2024-09-09 01:00:00+00:00,31663.065698938117
2024-09-09 02:00:00+00:00,31711.124710611824
2024-09-09 03:00:00+00:00,31800.961699170744
2024-09-09 04:00:00+00:00,31845.181150075477
2024-09-09 05:00:00+00:00,31686.559002571754
2024-09-09 06:00:00+00:00,31557.150762172074
2024-09-10 00:00:00+00:00,31707.310799857307
2024-09-10 01:00:00+00:00,31948.68408652172
2024-09-10 02:00:00+00:00,31794.654582547602
2024-09-10 03:00:00+00:00,31798.533164833647
2024-09-10 04:00:00+00:00,31850.369569813134
2024-09-10 05:00:00+00:00,31829.436578818855
2024-09-10 06:00:00+00:00,32124.088188359015
2024-09-11 00:00:00+00:00,31776.092493040298
2024-09-11 01:00:00+00:00,31540.03575169129
2024-09-11 02:00:00+00:00,31337.032826623246
2024-09-11 03:00:00+00:00,31608.0094743197
2024-09-11 04:00:00+00:00,31577.10102119492
2024-09-11 05:00:00+00:00,31448.532121185868
2024-09-11 06:00:00+00:00,31349.81841499198
2024-09-12 00:00:00+00:00,31292.70883510221
2024-09-12 01:00:00+00:00,31022.798429337032
2024-09-12 02:00:00+00:00,30986.62504479726
2024-09-12 03:00:00+00:00,31192.35107430908
2024-09-12 04:00:00+00:00,31159.077562808867
2024-09-12 05:00:00+00:00,31116.429630905077
2024-09-12 06:00:00+00:00,30873.78575234583
2024-09-13 00:00:00+00:00,31291.936389949038
2024-09-13 01:00:00+00:00,31082.242900464564
2024-09-13 02:00:00+00:00,31414.6534937296
2024-09-13 03:00:00+00:00,31409.61775341967
2024-09-13 04:00:00+00:00,31477.379844312436
2024-09-13 05:00:00+00:00,31703.527039967536
2024-09-13 06:00:00+00:00,31671.335901040024
2024-09-17 00:00:00+00:00,31663.806473215365
2024-09-17 01:00:00+00:00,31700.9523186947
2024-09-17 02:00:00+00:00,31876.834948705608
2024-09-17 03:00:00+00:00,32202.891858114395
2024-09-17 04:00:00+00:00,32464.918962123735
2024-09-17 05:00:00+00:00,32186.254948323847
2024-09-17 06:00:00+00:00,32218.11893060922
2024-09-18 00:00:00+00:00,32230.497950856385
2024-09-18 01:00:00+00:00,32569.08349313465
2024-09-18 02:00:00+00:00,32429.636349318862
2024-09-18 03:00:00+00:00,32563.742836555408
2024-09-18 04:00:00+00:00,32731.524347029554
2024-09-18 05:00:00+00:00,32812.95260630654
2024-09-18 06:00:00+00:00,32865.96022104978
2024-09-19 00:00:00+00:00,33174.933631386724
2024-09-19 01:00:00+00:00,33448.357489363734
2024-09-19 02:00:00+00:00,33655.42257680486
2024-09-19 03:00:00+00:00,33567.52734255493
2024-09-19 04:00:00+00:00,33488.33980735131
2024-09-19 05:00:00+00:00,33443.82707406673
2024-09-19 06:00:00+00:00,33464.583661731136
2024-09-20 00:00:00+00:00,33686.04264475095
2024-09-20 01:00:00+00:00,33888.96271973941
2024-09-20 02:00:00+00:00,33847.16455717694
2024-09-20 03:00:00+00:00,33624.720697595614
2024-09-20 04:00:00+00:00,33350.5922456185
2024-09-20 05:00:00+00:00,33357.4353887005
2024-09-20 06:00:00+00:00,33402.23344533035
2024-09-24 00:00:00+00:00,33260.25743905011
2024-09-24 01:00:00+00:00,33424.235013988924
2024-09-24 02:00:00+00:00,33946.13697552808
2024-09-24 03:00:00+00:00,33953.26465918672
2024-09-24 04:00:00+00:00,34107.57540662998
2024-09-24 05:00:00+00:00,33874.19614092593
2024-09-24 06:00:00+00:00,33950.608384359475
2024-09-25 00:00:00+00:00,34114.98480651748
2024-09-25 01:00:00+00:00,33690.561683007
2024-09-25 02:00:00+00:00,33619.23165609321
2024-09-25 03:00:00+00:00,33496.2416299704
2024-09-25 04:00:00+00:00,33055.7892869203
2024-09-25 05:00:00+00:00,33294.31211134596
2024-09-25 06:00:00+00:00,33603.52499469384
2024-09-26 00:00:00+00:00,33737.30949193262
2024-09-26 01:00:00+00:00,33712.54492692735
2024-09-26 02:00:00+00:00,33588.790215799905
2024-09-26 03:00:00+00:00,33405.48211693063
2024-09-26 04:00:00+00:00,33491.42151879881
2024-09-26 05:00:00+00:00,33174.71968595818
2024-09-26 06:00:00+00:00,32871.62919217168
2024-09-27 00:00:00+00:00,32575.06870277389
2024-09-27 01:00:00+00:00,32698.6198429908
2024-09-27 02:00:00+00:00,33064.21629916456
2024-09-27 03:00:00+00:00,32659.878219327526
2024-09-27 04:00:00+00:00,32030.339471427098
2024-09-27 05:00:00+00:00,31995.861747201816
2024-09-27 06:00:00+00:00,32242.897071332784
2024-09-30 00:00:00+00:00,32360.951337678907
2024-09-30 01:00:00+00:00,32428.834094248596
2024-09-30 02:00:00+00:00,32374.65900882518
2024-09-30 03:00:00+00:00,32059.079879503035
2024-09-30 04:00:00+00:00,31950.719954705582
2024-09-30 05:00:00+00:00,32133.37997858503
2024-09-30 06:00:00+00:00,32357.139257070812
2024-10-01 00:00:00+00:00,32309.681483072858
2024-10-01 01:00:00+00:00,32365.85649381354
2024-10-01 02:00:00+00:00,32341.526084193607
2024-10-01 03:00:00+00:00,32015.924420786883
2024-10-01 04:00:00+00:00,31831.719082591822
2024-10-01 05:00:00+00:00,31925.727837874187
2024-10-01 06:00:00+00:00,31954.163504163265
2024-10-02 00:00:00+00:00,31927.37999267768
2024-10-02 01:00:00+00:00,31920.107581761033
2024-10-02 02:00:00+00:00,31893.192520426026
2024-10-02 03:00:00+00:00,32014.733399312874
2024-10-02 04:00:00+00:00,32294.677821894944
2024-10-02 05:00:00+00:00,32308.01433042989
2024-10-02 06:00:00+00:00,32354.251895537698
2024-10-03 00:00:00+00:00,32215.261490437282
2024-10-03 01:00:00+00:00,32318.680257837717
2024-10-03 02:00:00+00:00,32242.71019046289
2024-10-03 03:00:00+00:00,32427.30701839216
2024-10-03 04:00:00+00:00,32043.64458917887
2024-10-03 05:00:00+00:00,31637.03900745525
2024-10-03 06:00:00+00:00,31521.281088378004
2024-10-04 00:00:00+00:00,31607.25873008252
2024-10-04 01:00:00+00:00,31736.081030677928
2024-10-04 02:00:00+00:00,31459.190545144316
2024-10-04 03:00:00+00:00,31284.756170751592
2024-10-04 04:00:00+00:00,31458.053131184453
2024-10-04 05:00:00+00:00,31788.228694207595
2024-10-04 06:00:00+00:00,31850.76082387022
2024-10-07 00:00:00+00:00,31588.531295878554
2024-10-07 01:00:00+00:00,31495.314463881314
2024-10-07 02:00:00+00:00,31292.414842082933
2024-10-07 03:00:00+00:00,31362.980920417816
2024-10-07 04:00:00+00:00,31330.299884196214
2024-10-07 05:00:00+00:00,31360.744979463096
2024-10-07 06:00:00+00:00,31769.603644507795
2024-10-08 00:00:00+00:00,31804.255251008602
2024-10-08 01:00:00+00:00,32101.949600483185
2024-10-08 02:00:00+00:00,31880.1199500586
2024-10-08 03:00:00+00:00,31795.916754456437
2024-10-08 04:00:00+00:00,32030.96079873665
2024-10-08 05:00:00+00:00,31901.73531204766
2024-10-08 06:00:00+00:00,31767.88780332345
2024-10-09 00:00:00+00:00,31498.43126609681
2024-10-09 01:00:00+00:00,31710.17563050437
2024-10-09 02:00:00+00:00,31819.53384676863
2024-10-09 03:00:00+00:00,31951.481716091097
2024-10-09 04:00:00+00:00,32080.41091687573
2024-10-09 05:00:00+00:00,31783.41618580585
2024-10-09 06:00:00+00:00,31907.448153978028
2024-10-10 00:00:00+00:00,32067.09921497445
2024-10-10 01:00:00+00:00,32220.776337903724
2024-10-10 02:00:00+00:00,32302.097215234866
2024-10-10 03:00:00+00:00,32308.43937540518
2024-10-10 04:00:00+00:00,32095.095968237038
2024-10-10 05:00:00+00:00,32040.17080783203
2024-10-10 06:00:00+00:00,31672.629379930928
2024-10-11 00:00:00+00:00,31759.731992082834
2024-10-11 01:00:00+00:00,31862.149696368848
2024-10-11 02:00:00+00:00,31980.708083752186
2024-10-11 03:00:00+00:00,31657.631403175445
2024-10-11 04:00:00+00:00,31590.699370448525
2024-10-11 05:00:00+00:00,31820.87443094139
2024-10-11 06:00:00+00:00,31539.6497856818
2024-10-15 00:00:00+00:00,31582.604626563385
2024-10-15 01:00:00+00:00,31864.590827982523
2024-10-15 02:00:00+00:00,31956.155013512627
2024-10-15 03:00:00+00:00,32182.27925732674
2024-10-15 04:00:00+00:00,32399.758322584865
2024-10-15 05:00:00+00:00,32338.83108774254
2024-10-15 06:00:00+00:00,32280.337116734034
2024-10-16 00:00:00+00:00,32494.99980016858
2024-10-16 01:00:00+00:00,32539.376053632477
2024-10-16 02:00:00+00:00,32599.109946568533
2024-10-16 03:00:00+00:00,32454.909179466966
2024-10-16 04:00:00+00:00,32445.18219246364
2024-10-16 05:00:00+00:00,32105.35416941826
2024-10-16 06:00:00+00:00,32271.489908726944
2024-10-17 00:00:00+00:00,32202.300566151072
2024-10-17 01:00:00+00:00,32498.692961023666
2024-10-17 02:00:00+00:00,32448.106436472925
2024-10-17 03:00:00+00:00,32955.058107204924
2024-10-17 04:00:00+00:00,33262.810572402646
2024-10-17 05:00:00+00:00,33157.94428331093
2024-10-17 06:00:00+00:00,33129.38462352642
2024-10-18 00:00:00+00:00,32996.3115269423
2024-10-18 01:00:00+00:00,32834.49747949459
2024-10-18 02:00:00+00:00,32786.063725941895
2024-10-18 03:00:00+00:00,33170.91547670136
2024-10-18 04:00:00+00:00,33243.97795410333
2024-10-18 05:00:00+00:00,33433.99829174311
2024-10-18 06:00:00+00:00,33185.19938456279
2024-10-21 00:00:00+00:00,33307.65512879158
2024-10-21 01:00:00+00:00,33545.04424146381
2024-10-21 02:00:00+00:00,33257.58969250218
2024-10-21 03:00:00+00:00,33160.34531199073
2024-10-21 04:00:00+00:00,33327.67583833961
2024-10-21 05:00:00+00:00,33145.60301229974
2024-10-21 06:00:00+00:00,33195.28043789066
2024-10-22 00:00:00+00:00,33182.101381942004
2024-10-22 01:00:00+00:00,32762.23291766774
2024-10-22 02:00:00+00:00,32960.003371230545
2024-10-22 03:00:00+00:00,33029.62387392122
2024-10-22 04:00:00+00:00,33201.13539492161
2024-10-22 05:00:00+00:00,33273.774216075864
2024-10-22 06:00:00+00:00,33633.498971545865
2024-10-23 00:00:00+00:00,33469.08604869072
2024-10-23 01:00:00+00:00,33432.37870453239
2024-10-23 02:00:00+00:00,33245.29815629688
2024-10-23 03:00:00+00:00,33660.699805088894
2024-10-23 04:00:00+00:00,33486.50534110266
2024-10-23 05:00:00+00:00,33524.888147018864
2024-10-23 06:00:00+00:00,33725.22384009194
2024-10-24 00:00:00+00:00,33729.54172847951
2024-10-24 01:00:00+00:00,33877.20702964922
2024-10-24 02:00:00+00:00,33977.882425154436
2024-10-24 03:00:00+00:00,33729.49701219108
2024-10-24 04:00:00+00:00,33587.27055792754
2024-10-24 05:00:00+00:00,33664.17481897238
2024-10-24 06:00:00+00:00,33384.00007478641
2024-10-25 00:00:00+00:00,33502.796193115304
2024-10-25 01:00:00+00:00,33636.16120557335
2024-10-25 02:00:00+00:00,33540.92085684587
2024-10-25 03:00:00+00:00,33817.19055041277
2024-10-25 04:00:00+00:00,33706.77077279955
2024-10-25 05:00:00+00:00,33818.19290180842
2024-10-25 06:00:00+00:00,33884.08549886671
2024-10-28 00:00:00+00:00,34110.751495284836
2024-10-28 01:00:00+00:00,34159.73165979247
2024-10-28 02:00:00+00:00,34110.63093160735
2024-10-28 03:00:00+00:00,33957.749691270736
2024-10-28 04:00:00+00:00,33707.15312253538
2024-10-28 05:00:00+00:00,33649.90164577966
2024-10-28 06:00:00+00:00,33635.71364575274
2024-10-29 00:00:00+00:00,33756.38543009081
2024-10-29 01:00:00+00:00,33791.143936065855
2024-10-29 02:00:00+00:00,33468.699370229086
2024-10-29 03:00:00+00:00,33651.75546116376
2024-10-29 04:00:00+00:00,33959.25766222634
2024-10-29 05:00:00+00:00,33966.59990512434
2024-10-29 06:00:00+00:00,34125.71651369048
2024-10-30 00:00:00+00:00,34099.396562221504
2024-10-30 01:00:00+00:00,33975.400190141874
2024-10-30 02:00:00+00:00,34093.92663170256
2024-10-30 03:00:00+00:00,34018.42265410233
2024-10-30 04:00:00+00:00,33977.846943734075
2024-10-30 05:00:00+00:00,34065.69264897389
2024-10-30 06:00:00+00:00,33777.1320109469
2024-10-31 00:00:00+00:00,33954.60696184821
2024-10-31 01:00:00+00:00,34019.72159743032
2024-10-31 02:00:00+00:00,34262.25572861686
2024-10-31 03:00:00+00:00,34412.937471745936
2024-10-31 04:00:00+00:00,34572.20853392825
2024-10-31 05:00:00+00:00,34352.24916251306
2024-10-31 06:00:00+00:00,34121.67656922279
2024-11-01 00:00:00+00:00,34279.56042877322
2024-11-01 01:00:00+00:00,33868.6610556738
2024-11-01 02:00:00+00:00,33883.180334994846
2024-11-01 03:00:00+00:00,34032.16081660809
2024-11-01 04:00:00+00:00,34210.45643947576
2024-11-01 05:00:00+00:00,34208.63796124917
2024-11-01 06:00:00+00:00,33852.67290899916
2024-11-05 00:00:00+00:00,33821.31703136452
2024-11-05 01:00:00+00:00,33670.498603343825
2024-11-05 02:00:00+00:00,33755.06541331097
2024-11-05 03:00:00+00:00,33806.828904474685
2024-11-05 04:00:00+00:00,33955.70848706965
2024-11-05 05:00:00+00:00,33980.58465544685
2024-11-06 00:00:00+00:00,34066.65780966206
2024-11-06 01:00:00+00:00,34050.02688094917
2024-11-06 02:00:00+00:00,34003.00034742794
2024-11-06 03:00:00+00:00,34088.50524609521
2024-11-06 04:00:00+00:00,34150.41922454329
2024-11-06 05:00:00+00:00,34160.408747309004
2024-11-07 00:00:00+00:00,34078.40884392205
2024-11-07 01:00:00+00:00,34106.957666822746
2024-11-07 02:00:00+00:00,33798.158438048195
2024-11-07 03:00:00+00:00,33754.213312607564
2024-11-07 04:00:00+00:00,33814.826774995876
2024-11-07 05:00:00+00:00,33825.754954883385
2024-11-08 00:00:00+00:00,33770.604514075705
2024-11-08 01:00:00+00:00,33718.6038890428
2024-11-08 02:00:00+00:00,33632.402733993404
2024-11-08 03:00:00+00:00,33306.34096863357
2024-11-08 04:00:00+00:00,33266.1721861149
2024-11-08 05:00:00+00:00,33232.765773967905
2024-11-11 00:00:00+00:00,33293.90263112124
2024-11-11 01:00:00+00:00,33315.63748428849
2024-11-11 02:00:00+00:00,33100.07805011468
2024-11-11 03:00:00+00:00,33161.892427107625
2024-11-11 04:00:00+00:00,33357.66328483897
2024-11-11 05:00:00+00:00,33223.581886147935
2024-11-12 00:00:00+00:00,33505.14298756638
2024-11-12 01:00:00+00:00,33454.09959816508
2024-11-12 02:00:00+00:00,33313.14198303381
2024-11-12 03:00:00+00:00,33319.82531175975
2024-11-12 04:00:00+00:00,33192.658961405185
2024-11-12 05:00:00+00:00,33250.284539031396
2024-11-13 00:00:00+00:00,33384.77590715312
2024-11-13 01:00:00+00:00,33368.4373480156
2024-11-13 02:00:00+00:00,33280.89118026233
2024-11-13 03:00:00+00:00,33307.863964746226
2024-11-13 04:00:00+00:00,33253.57924593277
2024-11-13 05:00:00+00:00,33074.77474148335
2024-11-14 00:00:00+00:00,32969.01827297577
2024-11-14 01:00:00+00:00,33435.55232063316
2024-11-14 02:00:00+00:00,33672.01121918063
2024-11-14 03:00:00+00:00,33845.37960805094
2024-11-14 04:00:00+00:00,34108.45445530641
2024-11-14 05:00:00+00:00,34203.97422721062
2024-11-15 00:00:00+00:00,33992.02031747707
2024-11-15 01:00:00+00:00,34194.39569528243
2024-11-15 02:00:00+00:00,33895.30255311184
2024-11-15 03:00:00+00:00,33941.7428179416
2024-11-15 04:00:00+00:00,33937.790371898984
2024-11-15 05:00:00+00:00,34097.91234939452
2024-11-18 00:00:00+00:00,34033.68542948735
2024-11-18 01:00:00+00:00,34095.087762464675
2024-11-18 02:00:00+00:00,34018.15403096196
2024-11-18 03:00:00+00:00,33851.21417091592
2024-11-18 04:00:00+00:00,34241.38783818736
2024-11-18 05:00:00+00:00,34299.54456282856
2024-11-19 00:00:00+00:00,34726.72814781478
2024-11-19 01:00:00+00:00,34764.58614702108
2024-11-19 02:00:00+00:00,34912.45728301102
2024-11-19 03:00:00+00:00,35066.348335288734
2024-11-19 04:00:00+00:00,34724.73655968211
2024-11-19 05:00:00+00:00,34318.981286489674
2024-11-20 00:00:00+00:00,34162.54931262656
2024-11-20 01:00:00+00:00,34352.75223476981
2024-11-20 02:00:00+00:00,34341.76093449394
2024-11-20 03:00:00+00:00,34339.5766579314
2024-11-20 04:00:00+00:00,34298.0992322509
2024-11-20 05:00:00+00:00,34244.33353046993
2024-11-21 00:00:00+00:00,34042.448158076266
2024-11-21 01:00:00+00:00,34042.74593222357
2024-11-21 02:00:00+00:00,33977.30659020694
2024-11-21 03:00:00+00:00,33686.04149815813
2024-11-21 04:00:00+00:00,33572.37471644736
2024-11-21 05:00:00+00:00,33504.7872963889
2024-11-21 06:00:00+00:00,33363.7196566432
2024-11-22 00:00:00+00:00,33816.02126901744
2024-11-22 01:00:00+00:00,33870.91393553804
2024-11-22 02:00:00+00:00,33473.99091307348
2024-11-22 03:00:00+00:00,33101.205605538955
2024-11-22 04:00:00+00:00,33200.435920304146
2024-11-22 05:00:00+00:00,33276.743714914846
2024-11-22 06:00:00+00:00,33300.311275995184
2024-11-25 00:00:00+00:00,33231.32647282053
2024-11-25 01:00:00+00:00,33318.70388205185
2024-11-25 02:00:00+00:00,33337.27081577041
2024-11-25 03:00:00+00:00,33381.16317043553
2024-11-25 04:00:00+00:00,33196.596611857305
2024-11-25 05:00:00+00:00,33062.04996000507
2024-11-25 06:00:00+00:00,33247.88270848528
2024-11-26 00:00:00+00:00,33077.75010619662
2024-11-26 01:00:00+00:00,33168.9888133093
2024-11-26 02:00:00+00:00,32872.49017488462
2024-11-26 03:00:00+00:00,32915.87017313219
2024-11-26 04:00:00+00:00,32922.51464434614
2024-11-26 05:00:00+00:00,33015.45846767866
2024-11-26 06:00:00+00:00,32632.358028338705
2024-11-27 00:00:00+00:00,32844.688384251975
2024-11-27 01:00:00+00:00,32572.952817410405
2024-11-27 02:00:00+00:00,32877.89708507455
2024-11-27 03:00:00+00:00,33025.37444813762
2024-11-27 04:00:00+00:00,32825.93032711946
2024-11-27 05:00:00+00:00,32866.61682545249
2024-11-27 06:00:00+00:00,33214.45343909653
2024-11-28 00:00:00+00:00,33497.341336847196
2024-11-28 01:00:00+00:00,33391.293620354605
2024-11-28 02:00:00+00:00,33303.45240818644
2024-11-28 03:00:00+00:00,33256.08563031738
2024-11-28 04:00:00+00:00,32965.69201394693
2024-11-28 05:00:00+00:00,33019.954006165586
2024-11-28 06:00:00+00:00,33179.56768368233
2024-11-29 00:00:00+00:00,33104.06342996906
2024-11-29 01:00:00+00:00,33091.28095856124
2024-11-29 02:00:00+00:00,33267.081695397
2024-11-29 03:00:00+00:00,33394.118789948
2024-11-29 04:00:00+00:00,33318.262493673
2024-11-29 05:00:00+00:00,32998.397820879174
2024-11-29 06:00:00+00:00,32675.493036488195
2024-12-02 00:00:00+00:00,32519.05950871862
2024-12-02 01:00:00+00:00,32766.119838144463
2024-12-02 02:00:00+00:00,32554.31484424247
2024-12-02 03:00:00+00:00,32737.39152380801
2024-12-02 04:00:00+00:00,32731.139962312925
2024-12-02 05:00:00+00:00,32889.41135742724
2024-12-02 06:00:00+00:00,32918.22571330745
2024-12-03 00:00:00+00:00,32947.50725330339
2024-12-03 01:00:00+00:00,32558.626115109615
2024-12-03 02:00:00+00:00,32510.527835136832
2024-12-03 03:00:00+00:00,32354.979681838722
2024-12-03 04:00:00+00:00,32017.256318063337
2024-12-03 05:00:00+00:00,32353.721945032856
2024-12-03 06:00:00+00:00,32334.893896396374
2024-12-04 00:00:00+00:00,32234.389839941294
2024-12-04 01:00:00+00:00,32233.898686853292
2024-12-04 02:00:00+00:00,32294.58252764556
2024-12-04 03:00:00+00:00,32141.910335255874
2024-12-04 04:00:00+00:00,32322.57334393442
2024-12-04 05:00:00+00:00,32451.505517824582
2024-12-04 06:00:00+00:00,32423.653752812188
2024-12-05 00:00:00+00:00,32183.38476409706
2024-12-05 01:00:00+00:00,32444.038711137768
2024-12-05 02:00:00+00:00,32401.58463056442
2024-12-05 03:00:00+00:00,32550.28104867191
2024-12-05 04:00:00+00:00,32527.3052547411
2024-12-05 05:00:00+00:00,32454.73073863531
2024-12-05 06:00:00+00:00,32525.53499406307
2024-12-06 00:00:00+00:00,32451.12503518293
2024-12-06 01:00:00+00:00,32564.690035719752
2024-12-06 02:00:00+00:00,32747.147683670923
2024-12-06 03:00:00+00:00,32956.45937724628
2024-12-06 04:00:00+00:00,33065.5589411208
2024-12-06 05:00:00+00:00,33360.12478733438
2024-12-06 06:00:00+00:00,33514.53158582147
2024-12-09 00:00:00+00:00,33424.917514104134
2024-12-09 01:00:00+00:00,33454.21276716986
2024-12-09 02:00:00+00:00,33410.20593403149
2024-12-09 03:00:00+00:00,33159.231849100244
2024-12-09 04:00:00+00:00,33379.13444069913
2024-12-09 05:00:00+00:00,33759.53304475671
2024-12-09 06:00:00+00:00,33601.13375666864
2024-12-10 00:00:00+00:00,33752.15465320527
2024-12-10 01:00:00+00:00,33766.99279390495
2024-12-10 02:00:00+00:00,33640.450101311784
2024-12-10 03:00:00+00:00,33419.481838899206
2024-12-10 04:00:00+00:00,33041.01064709987
2024-12-10 05:00:00+00:00,33116.554716287494
2024-12-10 06:00:00+00:00,32948.420932980924
2024-12-11 00:00:00+00:00,32922.49662696829
2024-12-11 01:00:00+00:00,32539.211547771556
2024-12-11 02:00:00+00:00,32486.746592298303
2024-12-11 03:00:00+00:00,32387.287829108365
2024-12-11 04:00:00+00:00,32663.642010879055
2024-12-11 05:00:00+00:00,32777.88257662017
2024-12-11 06:00:00+00:00,32895.05476349651
2024-12-12 00:00:00+00:00,32853.16834641148
2024-12-12 01:00:00+00:00,32734.22076884804
2024-12-12 02:00:00+00:00,32303.39054082059
2024-12-12 03:00:00+00:00,31982.525091151663
2024-12-12 04:00:00+00:00,32217.560843633222
2024-12-12 05:00:00+00:00,32371.073906338424
2024-12-12 06:00:00+00:00,32421.490339350432
2024-12-13 00:00:00+00:00,32584.78957850356
2024-12-13 01:00:00+00:00,32550.763084880928
2024-12-13 02:00:00+00:00,32142.62992967911
2024-12-13 03:00:00+00:00,31997.92553317906
2024-12-13 04:00:00+00:00,32487.883243223052
2024-12-13 05:00:00+00:00,32452.341626671234
2024-12-13 06:00:00+00:00,32407.654361042893
2024-12-16 00:00:00+00:00,32515.105452793887
2024-12-16 01:00:00+00:00,32197.614825982626
2024-12-16 02:00:00+00:00,32105.662389005847
2024-12-16 03:00:00+00:00,32281.176804779887
2024-12-16 04:00:00+00:00,32192.359727909974
2024-12-16 05:00:00+00:00,32298.746018541384
2024-12-16 06:00:00+00:00,32466.41881921483
2024-12-17 00:00:00+00:00,32429.851399403808
2024-12-17 01:00:00+00:00,32682.845861669615
2024-12-17 02:00:00+00:00,32789.662787022404
2024-12-17 03:00:00+00:00,32798.8061667251
2024-12-17 04:00:00+00:00,33304.09119393202
2024-12-17 05:00:00+00:00,33495.8235110092
2024-12-17 06:00:00+00:00,33496.047370832246
2024-12-18 00:00:00+00:00,33598.52233498264
2024-12-18 01:00:00+00:00,33765.08234109389
2024-12-18 02:00:00+00:00,33656.824135325805
2024-12-18 03:00:00+00:00,33760.59591833106
2024-12-18 04:00:00+00:00,34083.3035560192
2024-12-18 05:00:00+00:00,33908.871302511376
2024-12-18 06:00:00+00:00,34256.77049534722
2024-12-19 00:00:00+00:00,34345.18360372669
2024-12-19 01:00:00+00:00,34648.132470134085
2024-12-19 02:00:00+00:00,34896.197583702946
2024-12-19 03:00:00+00:00,34903.28904239992
2024-12-19 04:00:00+00:00,34652.469274679825
2024-12-19 05:00:00+00:00,34485.694878107526
2024-12-19 06:00:00+00:00,34454.19647550166
2024-12-20 00:00:00+00:00,34335.41755802166
2024-12-20 01:00:00+00:00,34361.97139463519
2024-12-20 02:00:00+00:00,34830.671797688796
2024-12-20 03:00:00+00:00,34770.37784628512
2024-12-20 04:00:00+00:00,34787.959431541756
2024-12-20 05:00:00+00:00,34469.19545419072
2024-12-20 06:00:00+00:00,34011.069249471286
2024-12-23 00:00:00+00:00,33853.35579301174
2024-12-23 01:00:00+00:00,34171.522619449526
2024-12-23 02:00:00+00:00,34116.008519259936
2024-12-23 03:00:00+00:00,34276.88444186471
2024-12-23 04:00:00+00:00,34281.82693633373
2024-12-23 05:00:00+00:00,34519.072620392995
2024-12-23 06:00:00+00:00,34096.46512542308
2024-12-24 00:00:00+00:00,34206.47759145268
2024-12-24 01:00:00+00:00,34186.90504701065
2024-12-24 02:00:00+00:00,34106.91345418613
2024-12-24 03:00:00+00:00,34142.09704973642
2024-12-24 04:00:00+00:00,33812.231710692424
2024-12-24 05:00:00+00:00,33737.40279918092
2024-12-24 06:00:00+00:00,33753.017695022114
2024-12-25 00:00:00+00:00,33447.4885876922
2024-12-25 01:00:00+00:00,33231.217557102784
2024-12-25 02:00:00+00:00,33380.359894111774
2024-12-25 03:00:00+00:00,33216.72606632114
2024-12-25 04:00:00+00:00,33378.979206207005
2024-12-25 05:00:00+00:00,33449.75131586112
2024-12-25 06:00:00+00:00,33317.51873229313
2024-12-26 00:00:00+00:00,32958.228402970926
2024-12-26 01:00:00+00:00,32881.15472919277
2024-12-26 02:00:00+00:00,32575.455906956035
2024-12-26 03:00:00+00:00,32497.803547506544
2024-12-26 04:00:00+00:00,32313.859019095496
2024-12-26 05:00:00+00:00,32289.890115956307
2024-12-26 06:00:00+00:00,32556.876260631263
2024-12-27 00:00:00+00:00,32433.097164097504
2024-12-27 01:00:00+00:00,32672.0406151966
2024-12-27 02:00:00+00:00,33042.60078454031
2024-12-27 03:00:00+00:00,33277.90590702951
2024-12-27 04:00:00+00:00,33285.61314343358
2024-12-27 05:00:00+00:00,33144.42350089848
2024-12-27 06:00:00+00:00,33017.44244572539
2024-12-30 00:00:00+00:00,33589.087552791374
2024-12-30 01:00:00+00:00,33493.590607895894
2024-12-30 02:00:00+00:00,33718.5791313549
2024-12-30 03:00:00+00:00,34179.165820076036
2024-12-30 04:00:00+00:00,34229.19909498566
2024-12-30 05:00:00+00:00,34300.40034606328
2024-12-30 06:00:00+00:00,34312.520591655055
2025-01-06 00:00:00+00:00,34330.07971535444
2025-01-06 01:00:00+00:00,34642.3021630973
2025-01-06 02:00:00+00:00,34356.172503290254
2025-01-06 03:00:00+00:00,34326.05440188644
2025-01-06 04:00:00+00:00,34449.22107306655
2025-01-06 05:00:00+00:00,34439.970533423904
2025-01-06 06:00:00+00:00,34419.93716731887
2025-01-07 00:00:00+00:00,34268.24959115428
2025-01-07 01:00:00+00:00,34295.58228624733
2025-01-07 02:00:00+00:00,34409.306872283094
2025-01-07 03:00:00+00:00,34591.336023724274
2025-01-07 04:00:00+00:00,34692.96134587877
2025-01-07 05:00:00+00:00,34588.19248467026
2025-01-07 06:00:00+00:00,34234.38266080052
2025-01-08 00:00:00+00:00,34259.24769080599
2025-01-08 01:00:00+00:00,34756.62668575694
2025-01-08 02:00:00+00:00,34616.056989235774
2025-01-08 03:00:00+00:00,34674.08344111863
2025-01-08 04:00:00+00:00,34691.975547058166
2025-01-08 05:00:00+00:00,34946.19310907213
2025-01-08 06:00:00+00:00,34591.986780829575
2025-01-09 00:00:00+00:00,35067.87724483044
2025-01-09 01:00:00+00:00,34935.18375657443
2025-01-09 02:00:00+00:00,34813.24770497182
2025-01-09 03:00:00+00:00,35013.81974221485
2025-01-09 04:00:00+00:00,34816.81571190152
2025-01-09 05:00:00+00:00,34767.60204244157
2025-01-09 06:00:00+00:00,34677.54781695603
2025-01-10 00:00:00+00:00,34832.88493003599
2025-01-10 01:00:00+00:00,34897.73524247216
2025-01-10 02:00:00+00:00,34997.3558132351
2025-01-10 03:00:00+00:00,35358.220090956165
2025-01-10 04:00:00+00:00,35038.3236298902
2025-01-10 05:00:00+00:00,35212.628833269046
2025-01-10 06:00:00+00:00,35138.991316125044
2025-01-14 00:00:00+00:00,35261.81767086506
2025-01-14 01:00:00+00:00,35105.78341071805
2025-01-14 02:00:00+00:00,34911.53564108451
2025-01-14 03:00:00+00:00,34842.41806371041
2025-01-14 04:00:00+00:00,35157.12730977197
2025-01-14 05:00:00+00:00,34860.71064567121
2025-01-14 06:00:00+00:00,34413.927556270566
2025-01-15 00:00:00+00:00,34718.55555214766
2025-01-15 01:00:00+00:00,34572.1702993157
2025-01-15 02:00:00+00:00,34702.788485313395
2025-01-15 03:00:00+00:00,34905.20514346829
2025-01-15 04:00:00+00:00,35126.693432217966
2025-01-15 05:00:00+00:00,35304.92583632592
2025-01-15 06:00:00+00:00,35448.52193349177
2025-01-16 00:00:00+00:00,35482.09470347388
2025-01-16 01:00:00+00:00,35581.15618768762
2025-01-16 02:00:00+00:00,35559.85009028633
2025-01-16 03:00:00+00:00,35542.92236242846
2025-01-16 04:00:00+00:00,35257.410449744675
2025-01-16 05:00:00+00:00,34936.50047266296
2025-01-16 06:00:00+00:00,35087.70285513246
2025-01-17 00:00:00+00:00,34736.2864427676
2025-01-17 01:00:00+00:00,34576.846376088666
2025-01-17 02:00:00+00:00,34548.032841404056
2025-01-17 03:00:00+00:00,34492.96186726808
2025-01-17 04:00:00+00:00,34422.469038654344
2025-01-17 05:00:00+00:00,34447.38723474969
2025-01-17 06:00:00+00:00,34393.86249951668
2025-01-20 00:00:00+00:00,34368.62069731902
2025-01-20 01:00:00+00:00,34303.16470374723
2025-01-20 02:00:00+00:00,34469.57424652331
2025-01-20 03:00:00+00:00,34492.24480250074
2025-01-20 04:00:00+00:00,34387.02124094418
2025-01-20 05:00:00+00:00,34198.36147600308
2025-01-20 06:00:00+00:00,34067.38379665563
2025-01-21 00:00:00+00:00,34303.52214019136
2025-01-21 01:00:00+00:00,34163.552631428116
2025-01-21 02:00:00+00:00,34048.945101373516
2025-01-21 03:00:00+00:00,34246.59142652918
2025-01-21 04:00:00+00:00,34232.0674532488
2025-01-21 05:00:00+00:00,34256.54812324185
2025-01-21 06:00:00+00:00,34228.064514477446
2025-01-22 00:00:00+00:00,34174.29567427804
2025-01-22 01:00:00+00:00,34482.187426253804
2025-01-22 02:00:00+00:00,34275.69056169837
2025-01-22 03:00:00+00:00,33898.990916567025
2025-01-22 04:00:00+00:00,33821.57829206782
2025-01-22 05:00:00+00:00,34164.65257564575
2025-01-22 06:00:00+00:00,33890.66251341349
2025-01-23 00:00:00+00:00,33513.47251049839
2025-01-23 01:00:00+00:00,33283.12129699584
2025-01-23 02:00:00+00:00,33002.67720698825
2025-01-23 03:00:00+00:00,33074.96597402621
2025-01-23 04:00:00+00:00,33041.376627820944
2025-01-23 05:00:00+00:00,32825.87898583288
2025-01-23 06:00:00+00:00,32626.37781235891
2025-01-24 00:00:00+00:00,32617.460203489998
2025-01-24 01:00:00+00:00,32819.02068335302
2025-01-24 02:00:00+00:00,32864.588234251714
2025-01-24 03:00:00+00:00,32642.17086098568
2025-01-24 04:00:00+00:00,32617.9230609279
2025-01-24 05:00:00+00:00,32502.88034921696
2025-01-24 06:00:00+00:00,32695.128812566476
2025-01-27 00:00:00+00:00,32599.75618852962
2025-01-27 01:00:00+00:00,32777.51553490935
2025-01-27 02:00:00+00:00,32596.900672194643
2025-01-27 03:00:00+00:00,32294.561082675213
2025-01-27 04:00:00+00:00,32289.188119752685
2025-01-27 05:00:00+00:00,32247.351486513795
2025-01-27 06:00:00+00:00,32333.37393707498
2025-01-28 00:00:00+00:00,32038.203492850575
2025-01-28 01:00:00+00:00,32234.241636734296
2025-01-28 02:00:00+00:00,32319.805289778127
2025-01-28 03:00:00+00:00,32235.69450682089
2025-01-28 04:00:00+00:00,32275.63164627151
2025-01-28 05:00:00+00:00,32121.950263886436
2025-01-28 06:00:00+00:00,32360.512298144582
2025-01-29 00:00:00+00:00,32126.69906672727
2025-01-29 01:00:00+00:00,32389.01516679633
2025-01-29 02:00:00+00:00,32472.629415493644
2025-01-29 03:00:00+00:00,32749.108603786444
2025-01-29 04:00:00+00:00,32988.78681502699
2025-01-29 05:00:00+00:00,32833.414510569695
2025-01-29 06:00:00+00:00,32859.84057443004
2025-01-30 00:00:00+00:00,32749.008300787216
2025-01-30 01:00:00+00:00,32287.38281874917
2025-01-30 02:00:00+00:00,32129.44059662542
2025-01-30 03:00:00+00:00,32294.311353360095
2025-01-30 04:00:00+00:00,32046.846726914162
2025-01-30 05:00:00+00:00,31859.497851226126
2025-01-30 06:00:00+00:00,31977.170998287897
2025-01-31 00:00:00+00:00,31787.652934782887
2025-01-31 01:00:00+00:00,31989.61918440256
2025-01-31 02:00:00+00:00,31998.13107572747
2025-01-31 03:00:00+00:00,31856.26106322304
2025-01-31 04:00:00+00:00,31625.896516788078
2025-01-31 05:00:00+00:00,31748.84029612702
2025-01-31 06:00:00+00:00,31826.115984905315
2025-02-03 00:00:00+00:00,32151.824811770544
2025-02-03 01:00:00+00:00,31964.80934445375
2025-02-03 02:00:00+00:00,32202.777966030477
2025-02-03 03:00:00+00:00,32155.639669110536
2025-02-03 04:00:00+00:00,31903.374544477956
2025-02-03 05:00:00+00:00,31666.787589307325
2025-02-03 06:00:00+00:00,31436.480046187404
2025-02-04 00:00:00+00:00,31519.344170946326
2025-02-04 01:00:00+00:00,31598.67046917859
2025-02-04 02:00:00+00:00,31730.5477635843
2025-02-04 03:00:00+00:00,31614.751254227685
2025-02-04 04:00:00+00:00,31824.957314329058
2025-02-04 05:00:00+00:00,31729.881891221892
2025-02-04 06:00:00+00:00,31556.59978534147
2025-02-05 00:00:00+00:00,31489.809149697987
2025-02-05 01:00:00+00:00,31426.32619263737
2025-02-05 02:00:00+00:00,31360.92189973818
2025-02-05 03:00:00+00:00,31291.996641706028
2025-02-05 04:00:00+00:00,31330.66145157895
2025-02-05 05:00:00+00:00,31433.254668959176
2025-02-05 06:00:00+00:00,31361.94433100031
2025-02-06 00:00:00+00:00,31252.94908394056
2025-02-06 01:00:00+00:00,31236.466774282453
2025-02-06 02:00:00+00:00,31172.874860997712
2025-02-06 03:00:00+00:00,30997.90472868388
2025-02-06 04:00:00+00:00,31193.555120911547
2025-02-06 05:00:00+00:00,31228.908583732475
2025-02-06 06:00:00+00:00,30947.36032626459
2025-02-07 00:00:00+00:00,31021.843440158973
2025-02-07 01:00:00+00:00,31156.933793953664
2025-02-07 02:00:00+00:00,31057.608755597546
2025-02-07 03:00:00+00:00,30771.76336350793
2025-02-07 04:00:00+00:00,30881.443051775837
2025-02-07 05:00:00+00:00,30961.20619153281
2025-02-07 06:00:00+00:00,30968.814088255127
2025-02-10 00:00:00+00:00,31155.078403206247
2025-02-10 01:00:00+00:00,31106.174279956813
2025-02-10 02:00:00+00:00,30912.530871869738
2025-02-10 03:00:00+00:00,30913.24075709652
2025-02-10 04:00:00+00:00,30866.84574674112
2025-02-10 05:00:00+00:00,30620.88890248563
2025-02-10 06:00:00+00:00,30654.43554403825
2025-02-12 00:00:00+00:00,30688.65803317681
2025-02-12 01:00:00+00:00,30813.89057527273
2025-02-12 02:00:00+00:00,31000.761884710406
2025-02-12 03:00:00+00:00,31130.741300804817
2025-02-12 04:00:00+00:00,31185.99480584292
2025-02-12 05:00:00+00:00,30797.725065975774
2025-02-12 06:00:00+00:00,30991.71629282788
2025-02-13 00:00:00+00:00,30783.199890733293
2025-02-13 01:00:00+00:00,30879.415107789566
2025-02-13 02:00:00+00:00,31084.301113789028
2025-02-13 03:00:00+00:00,31037.80322232519
2025-02-13 04:00:00+00:00,30980.474016639724
2025-02-13 05:00:00+00:00,30739.070066054966
2025-02-13 06:00:00+00:00,30676.10914234414
2025-02-14 00:00:00+00:00,30632.446324440603
2025-02-14 01:00:00+00:00,30680.08015177557
2025-02-14 02:00:00+00:00,30646.533725477417
2025-02-14 03:00:00+00:00,30560.25707161172
2025-02-14 04:00:00+00:00,30467.41923652246
2025-02-14 05:00:00+00:00,30125.034003778044
2025-02-14 06:00:00+00:00,29935.19233580523
2025-02-17 00:00:00+00:00,29822.276082559496
2025-02-17 01:00:00+00:00,29603.165333595745
2025-02-17 02:00:00+00:00,29530.805815836826
2025-02-17 03:00:00+00:00,29221.353801231955
2025-02-17 04:00:00+00:00,29238.90618755232
2025-02-17 05:00:00+00:00,29406.881553493404
2025-02-17 06:00:00+00:00,29503.548806122293
2025-02-18 00:00:00+00:00,29526.55354470971
2025-02-18 01:00:00+00:00,29492.414842159993
2025-02-18 02:00:00+00:00,29292.34351478029
2025-02-18 03:00:00+00:00,29266.755984916057
2025-02-18 04:00:00+00:00,29201.49854249339
2025-02-18 05:00:00+00:00,29430.07150735517
2025-02-18 06:00:00+00:00,29419.321669650933
2025-02-19 00:00:00+00:00,29513.650592580965
2025-02-19 01:00:00+00:00,29640.867626954736
2025-02-19 02:00:00+00:00,29587.522535530694
2025-02-19 03:00:00+00:00,29896.168210302694
2025-02-19 04:00:00+00:00,29835.993885331285
2025-02-19 05:00:00+00:00,29898.839138189862
2025-02-19 06:00:00+00:00,29967.60378270468
2025-02-20 00:00:00+00:00,29888.28848484467
2025-02-20 01:00:00+00:00,29598.46983612789
2025-02-20 02:00:00+00:00,29756.40911712623
2025-02-20 03:00:00+00:00,29752.873455723453
2025-02-20 04:00:00+00:00,29365.389428915947
2025-02-20 05:00:00+00:00,29650.100750877064
2025-02-20 06:00:00+00:00,29529.199932491734
2025-02-21 00:00:00+00:00,29393.111060046052
2025-02-21 01:00:00+00:00,29193.75018937589
2025-02-21 02:00:00+00:00,29030.494756578842
2025-02-21 03:00:00+00:00,28999.412234751817
2025-02-21 04:00:00+00:00,28933.92881277315
2025-02-21 05:00:00+00:00,28972.008606854546
2025-02-21 06:00:00+00:00,29298.42631562647
2025-02-25 00:00:00+00:00,29190.743195518957
2025-02-25 01:00:00+00:00,29092.455474600694
2025-02-25 02:00:00+00:00,29155.847387454396
2025-02-25 03:00:00+00:00,29005.766475021755
2025-02-25 04:00:00+00:00,28934.64443344593
2025-02-25 05:00:00+00:00,28876.591841896985
2025-02-25 06:00:00+00:00,29094.41696208911
2025-02-26 00:00:00+00:00,29232.137849866445
2025-02-26 01:00:00+00:00,29047.63853056653
2025-02-26 02:00:00+00:00,28935.971433808514
2025-02-26 03:00:00+00:00,28960.532271370317
2025-02-26 04:00:00+00:00,28841.387793071437
2025-02-26 05:00:00+00:00,28532.19241846724
2025-02-26 06:00:00+00:00,28663.45249361467
2025-02-27 00:00:00+00:00,28783.86613643442
2025-02-27 01:00:00+00:00,29029.952602362737
2025-02-27 02:00:00+00:00,29076.028970800846
2025-02-27 03:00:00+00:00,29087.916061454573
2025-02-27 04:00:00+00:00,29113.03429510513
2025-02-27 05:00:00+00:00,29546.81710286486
2025-02-27 06:00:00+00:00,29444.39750717805
2025-02-28 00:00:00+00:00,29474.424329473222
2025-02-28 01:00:00+00:00,29466.05795805627
2025-02-28 02:00:00+00:00,29345.205564111187
2025-02-28 03:00:00+00:00,29117.051394432638
2025-02-28 04:00:00+00:00,28997.020884822392
2025-02-28 05:00:00+00:00,29031.335469917907
2025-02-28 06:00:00+00:00,29044.925215638763
2025-03-03 00:00:00+00:00,28995.379125536394
2025-03-03 01:00:00+00:00,29191.816912947295
2025-03-03 02:00:00+00:00,29068.212818754775
2025-03-03 03:00:00+00:00,29064.061024676732
2025-03-03 04:00:00+00:00,29082.380210719657
2025-03-03 05:00:00+00:00,29210.86553414022
2025-03-03 06:00:00+00:00,29372.45514813367
2025-03-04 00:00:00+00:00,29418.61373324414
2025-03-04 01:00:00+00:00,29549.604790442885
2025-03-04 02:00:00+00:00,29640.61029209573
2025-03-04 03:00:00+00:00,29533.845467983137
2025-03-04 04:00:00+00:00,29529.40982487249
2025-03-04 05:00:00+00:00,29591.132963972526
2025-03-04 06:00:00+00:00,29372.95287206634
2025-03-05 00:00:00+00:00,29454.9210298603
2025-03-05 01:00:00+00:00,29559.500337047866
2025-03-05 02:00:00+00:00,29448.000221552593
2025-03-05 03:00:00+00:00,29524.74277063134
2025-03-05 04:00:00+00:00,29566.75289863134
2025-03-05 05:00:00+00:00,29388.491699172388
2025-03-05 06:00:00+00:00,29675.176794422176
2025-03-06 00:00:00+00:00,29583.304490090828
2025-03-06 01:00:00+00:00,29652.275273839812
2025-03-06 02:00:00+00:00,29566.231083236227
2025-03-06 03:00:00+00:00,29388.52128792422
2025-03-06 04:00:00+00:00,29339.13079026488
2025-03-06 05:00:00+00:00,29577.61174238722
2025-03-06 06:00:00+00:00,29672.572956335815
2025-03-07 00:00:00+00:00,29548.265461867664
2025-03-07 01:00:00+00:00,29758.316143173863
2025-03-07 02:00:00+00:00,29777.522122785587
2025-03-07 03:00:00+00:00,29706.80786404839
2025-03-07 04:00:00+00:00,29858.1138612428
2025-03-07 05:00:00+00:00,29488.994096705217
2025-03-07 06:00:00+00:00,29461.82226773166
2025-03-10 00:00:00+00:00,29376.9384859075
2025-03-10 01:00:00+00:00,29299.49913683545
2025-03-10 02:00:00+00:00,29053.711580001345
2025-03-10 03:00:00+00:00,28861.91920786633
2025-03-10 04:00:00+00:00,28679.03936143401
2025-03-10 05:00:00+00:00,28601.55850402405
2025-03-10 06:00:00+00:00,28868.210920526664
2025-03-11 00:00:00+00:00,28914.548264240304
2025-03-11 01:00:00+00:00,28999.557261526785
2025-03-11 02:00:00+00:00,28749.42985762965
2025-03-11 03:00:00+00:00,28631.976961495187
2025-03-11 04:00:00+00:00,28679.123593069984
2025-03-11 05:00:00+00:00,29045.154425334516
2025-03-11 06:00:00+00:00,29185.172436856392
2025-03-12 00:00:00+00:00,28990.93779084404
2025-03-12 01:00:00+00:00,28967.381811910054
2025-03-12 02:00:00+00:00,28769.397618039475
2025-03-12 03:00:00+00:00,28934.62823651887
2025-03-12 04:00:00+00:00,28787.484647240544
2025-03-12 05:00:00+00:00,28715.227540021697
2025-03-12 06:00:00+00:00,28456.17445278274
2025-03-13 00:00:00+00:00,28767.66786479341
2025-03-13 01:00:00+00:00,28622.93949161123
2025-03-13 02:00:00+00:00,28689.153310977403
2025-03-13 03:00:00+00:00,28903.01111889119
2025-03-13 04:00:00+00:00,28767.770303773454
2025-03-13 05:00:00+00:00,28539.729890324295
2025-03-13 06:00:00+00:00,28517.828276405875
2025-03-14 00:00:00+00:00,28513.023344333258
2025-03-14 01:00:00+00:00,28297.255743987036
2025-03-14 02:00:00+00:00,28214.247812437818
2025-03-14 03:00:00+00:00,28226.74315846316
2025-03-14 04:00:00+00:00,28101.363551467806
2025-03-14 05:00:00+00:00,27945.4812062841
2025-03-14 06:00:00+00:00,27953.160894753353
2025-03-17 00:00:00+00:00,27682.384657085015
2025-03-17 01:00:00+00:00,27534.83661324232
2025-03-17 02:00:00+00:00,27547.152749153767
2025-03-17 03:00:00+00:00,27601.443368350996
2025-03-17 04:00:00+00:00,27625.264005177425
2025-03-17 05:00:00+00:00,27409.504818402183
2025-03-17 06:00:00+00:00,27512.804262980982
2025-03-18 00:00:00+00:00,27352.3274103142
2025-03-18 01:00:00+00:00,27418.54225864776
2025-03-18 02:00:00+00:00,27297.95864222988
2025-03-18 03:00:00+00:00,26990.51663541961
2025-03-18 04:00:00+00:00,26866.787598074323
2025-03-18 05:00:00+00:00,27391.655685984428
2025-03-18 06:00:00+00:00,27390.35299485979
2025-03-19 00:00:00+00:00,27333.48437736249
2025-03-19 01:00:00+00:00,27213.19606030791
2025-03-19 02:00:00+00:00,26849.72736169682
2025-03-19 03:00:00+00:00,26879.124885056768
2025-03-19 04:00:00+00:00,26938.261841571184
2025-03-19 05:00:00+00:00,27092.826714431267
2025-03-19 06:00:00+00:00,26929.69875303054
2025-03-21 00:00:00+00:00,26950.286591556935
2025-03-21 01:00:00+00:00,26888.9386805858
2025-03-21 02:00:00+00:00,26881.97450739811
2025-03-21 03:00:00+00:00,26936.836803954135
2025-03-21 04:00:00+00:00,27055.62461129629
2025-03-21 05:00:00+00:00,27071.753581247056
2025-03-21 06:00:00+00:00,27056.925225793824
2025-03-24 00:00:00+00:00,26634.133925602433
2025-03-24 01:00:00+00:00,26840.47521166055
2025-03-24 02:00:00+00:00,26408.132789538482
2025-03-24 03:00:00+00:00,26438.68899809315
2025-03-24 04:00:00+00:00,26287.03223528389
2025-03-24 05:00:00+00:00,26158.31477594256
2025-03-24 06:00:00+00:00,26004.902615281044
2025-03-25 00:00:00+00:00,25837.4215839657
2025-03-25 01:00:00+00:00,25698.83656340392
2025-03-25 02:00:00+00:00,26008.624988168318
2025-03-25 03:00:00+00:00,26122.461500034082
2025-03-25 04:00:00+00:00,26155.147392345934
2025-03-25 05:00:00+00:00,26168.014143174616
2025-03-25 06:00:00+00:00,26213.418903217425
2025-03-26 00:00:00+00:00,25936.346140382924
2025-03-26 01:00:00+00:00,25748.362072894943
2025-03-26 02:00:00+00:00,25793.945542693702
2025-03-26 03:00:00+00:00,25844.06932782137
2025-03-26 04:00:00+00:00,25822.9035071755
2025-03-26 05:00:00+00:00,25757.892513593684
2025-03-26 06:00:00+00:00,25851.41829001061
2025-03-27 00:00:00+00:00,25683.881763740155
2025-03-27 01:00:00+00:00,25612.104183933257
2025-03-27 02:00:00+00:00,25794.529502795016
2025-03-27 03:00:00+00:00,25897.73235930481
2025-03-27 04:00:00+00:00,25868.743080458848
2025-03-27 05:00:00+00:00,25807.89187077424
2025-03-27 06:00:00+00:00,25814.196396281153
2025-03-28 00:00:00+00:00,25651.172610455385
2025-03-28 01:00:00+00:00,25694.178859767693
2025-03-28 02:00:00+00:00,25884.22967430805
2025-03-28 03:00:00+00:00,25856.277066340455
2025-03-28 04:00:00+00:00,25921.957961113287
2025-03-28 05:00:00+00:00,25637.65214378566
2025-03-28 06:00:00+00:00,25956.607956247284
2025-03-31 00:00:00+00:00,25884.452463771566
2025-03-31 01:00:00+00:00,25770.962349933798
2025-03-31 02:00:00+00:00,25631.605292795506
2025-03-31 03:00:00+00:00,25785.133496261282
2025-03-31 04:00:00+00:00,25765.389042154715
2025-03-31 05:00:00+00:00,25875.48791157691
2025-03-31 06:00:00+00:00,25834.734275280316
2025-04-01 00:00:00+00:00,26198.367488677806
2025-04-01 01:00:00+00:00,26306.988514120854
2025-04-01 02:00:00+00:00,26371.43827179489
2025-04-01 03:00:00+00:00,26500.837454414814
2025-04-01 04:00:00+00:00,26304.175440286246
2025-04-01 05:00:00+00:00,26217.89062263354
2025-04-01 06:00:00+00:00,26267.092418374043
2025-04-02 00:00:00+00:00,26052.916063639546
2025-04-02 01:00:00+00:00,26204.216540161626
2025-04-02 02:00:00+00:00,26235.326971643146
2025-04-02 03:00:00+00:00,26490.165773822053
2025-04-02 04:00:00+00:00,26356.556496225752
2025-04-02 05:00:00+00:00,26636.54218424519
2025-04-02 06:00:00+00:00,26712.938431614963
2025-04-03 00:00:00+00:00,26533.125738069688
2025-04-03 01:00:00+00:00,26493.560864439303
2025-04-03 02:00:00+00:00,26540.27652469472
2025-04-03 03:00:00+00:00,26483.597151142534
2025-04-03 04:00:00+00:00,26637.481496777797
2025-04-03 05:00:00+00:00,26778.03002959228
2025-04-03 06:00:00+00:00,26621.71595975931
2025-04-04 00:00:00+00:00,26732.023897843585
2025-04-04 01:00:00+00:00,26741.00167951693
2025-04-04 02:00:00+00:00,26514.322616571524
2025-04-04 03:00:00+00:00,26291.0867637101
2025-04-04 04:00:00+00:00,26277.919675125835
2025-04-04 05:00:00+00:00,26414.603529070082
2025-04-04 06:00:00+00:00,26334.427106193587
2025-04-07 00:00:00+00:00,26487.943405149996
2025-04-07 01:00:00+00:00,26608.598318338885
2025-04-07 02:00:00+00:00,26604.72908301583
2025-04-07 03:00:00+00:00,26594.494171489885
2025-04-07 04:00:00+00:00,26532.847599533143
2025-04-07 05:00:00+00:00,26569.73100073181
2025-04-07 06:00:00+00:00,26292.91520233327
2025-04-08 00:00:00+00:00,26319.101040490514
2025-04-08 01:00:00+00:00,26331.740550402297
2025-04-08 02:00:00+00:00,26568.923359380235
2025-04-08 03:00:00+00:00,26326.523682228715
2025-04-08 04:00:00+00:00,26448.757531465595
2025-04-08 05:00:00+00:00,26524.300058131656
2025-04-08 06:00:00+00:00,26697.734813329454
2025-04-09 00:00:00+00:00,26703.32827900631
2025-04-09 01:00:00+00:00,26689.8218607713
2025-04-09 02:00:00+00:00,26686.930027110844
2025-04-09 03:00:00+00:00,26758.057744462156
2025-04-09 04:00:00+00:00,26725.023136884414
2025-04-09 05:00:00+00:00,26927.76552096824
2025-04-09 06:00:00+00:00,27095.31762322757
2025-04-10 00:00:00+00:00,27340.414972753133
2025-04-10 01:00:00+00:00,27480.27899424334
2025-04-10 02:00:00+00:00,27395.01435682765
2025-04-10 03:00:00+00:00,27501.63909488124
2025-04-10 04:00:00+00:00,27455.595039853335
2025-04-10 05:00:00+00:00,27450.76683137872
2025-04-10 06:00:00+00:00,27532.570243113063
2025-04-11 00:00:00+00:00,27609.183764319765
2025-04-11 01:00:00+00:00,27824.1801889497
2025-04-11 02:00:00+00:00,27869.806062649568
2025-04-11 03:00:00+00:00,27902.942928363434
2025-04-11 04:00:00+00:00,28064.616563704352
2025-04-11 05:00:00+00:00,28144.042580099554
2025-04-11 06:00:00+00:00,28158.34281769291
2025-04-14 00:00:00+00:00,28124.10823282956
2025-04-14 01:00:00+00:00,28009.24347934909
2025-04-14 02:00:00+00:00,28058.98161347985
2025-04-14 03:00:00+00:00,28212.24171743755
2025-04-14 04:00:00+00:00,28282.33977455083
2025-04-14 05:00:00+00:00,28094.96241598084
2025-04-14 06:00:00+00:00,28111.097200843265
2025-04-15 00:00:00+00:00,28258.94322223442
2025-04-15 01:00:00+00:00,28309.111137667573
2025-04-15 02:00:00+00:00,28367.155544974637
2025-04-15 03:00:00+00:00,28492.512658377236
2025-04-15 04:00:00+00:00,28410.826481912856
2025-04-15 05:00:00+00:00,28641.89056808556
2025-04-15 06:00:00+00:00,28615.134266487777
2025-04-16 00:00:00+00:00,28772.00210327318
2025-04-16 01:00:00+00:00,28706.27216672874
2025-04-16 02:00:00+00:00,28811.805431742087
2025-04-16 03:00:00+00:00,28643.687379932406
2025-04-16 04:00:00+00:00,28824.717545933676
2025-04-16 05:00:00+00:00,28860.822021647553
2025-04-16 06:00:00+00:00,28644.901618496537
2025-04-17 00:00:00+00:00,28344.271107389766
2025-04-17 01:00:00+00:00,28206.31831448914
2025-04-17 02:00:00+00:00,28418.70738157954
2025-04-17 03:00:00+00:00,28334.91996862706
2025-04-17 04:00:00+00:00,28140.248829071115
2025-04-17 05:00:00+00:00,28004.940916104548
2025-04-17 06:00:00+00:00,27868.618079419703
2025-04-18 00:00:00+00:00,28042.407190682607
2025-04-18 01:00:00+00:00,28018.97902351642
2025-04-18 02:00:00+00:00,28130.893573520374
2025-04-18 03:00:00+00:00,28107.021259689547
2025-04-18 04:00:00+00:00,28369.374852801473
2025-04-18 05:00:00+00:00,28254.23546543135
2025-04-18 06:00:00+00:00,28370.873955613748
2025-04-21 00:00:00+00:00,28128.74470193835
2025-04-21 01:00:00+00:00,28039.542605474035
2025-04-21 02:00:00+00:00,28255.562199290274
2025-04-21 03:00:00+00:00,28202.4213362764
2025-04-21 04:00:00+00:00,28055.432537085384
2025-04-21 05:00:00+00:00,27893.664383177813
2025-04-21 06:00:00+00:00,27975.393537630163
2025-04-22 00:00:00+00:00,28123.711275123285
2025-04-22 01:00:00+00:00,28230.786278010004
2025-04-22 02:00:00+00:00,28207.08011319686
2025-04-22 03:00:00+00:00,28159.88320980046
2025-04-22 04:00:00+00:00,28309.795514181464
2025-04-22 05:00:00+00:00,28532.139784488678
2025-04-22 06:00:00+00:00,28106.045532857486
2025-04-23 00:00:00+00:00,28193.733790331662
2025-04-23 01:00:00+00:00,28028.66540540359
2025-04-23 02:00:00+00:00,28234.065987072285
2025-04-23 03:00:00+00:00,27948.492009705507
2025-04-23 04:00:00+00:00,28145.392661312133
2025-04-23 05:00:00+00:00,28118.09075667114
2025-04-23 06:00:00+00:00,27943.53162252881
2025-04-24 00:00:00+00:00,28023.3974127061
2025-04-24 01:00:00+00:00,28260.600562367974
2025-04-24 02:00:00+00:00,27862.254047585764
2025-04-24 03:00:00+00:00,27671.835062446815
2025-04-24 04:00:00+00:00,27591.42850318785
2025-04-24 05:00:00+00:00,27585.94357871331
2025-04-24 06:00:00+00:00,27512.1819004363
2025-04-25 00:00:00+00:00,27292.822737214647
2025-04-25 01:00:00+00:00,27176.528940586926
2025-04-25 02:00:00+00:00,27175.56771555795
2025-04-25 03:00:00+00:00,27000.228535647402
2025-04-25 04:00:00+00:00,26876.08767194293
2025-04-25 05:00:00+00:00,26671.020773384265
2025-04-25 06:00:00+00:00,26803.024600503548
2025-04-28 00:00:00+00:00,26788.863087874972
2025-04-28 01:00:00+00:00,26796.287871879016
2025-04-28 02:00:00+00:00,26876.196740742107
2025-04-28 03:00:00+00:00,26753.76933256943
2025-04-28 04:00:00+00:00,26836.04717774612
2025-04-28 05:00:00+00:00,27129.48964544325
2025-04-28 06:00:00+00:00,27262.11752727715
2025-04-30 00:00:00+00:00,26971.148673625255
2025-04-30 01:00:00+00:00,26635.757045740884
2025-04-30 02:00:00+00:00,26797.642600027528
2025-04-30 03:00:00+00:00,26684.959093878184
2025-04-30 04:00:00+00:00,26454.41688828719
2025-04-30 05:00:00+00:00,26337.53625019904
2025-04-30 06:00:00+00:00,26296.91320127676
2025-05-01 00:00:00+00:00,26462.406963502977
2025-05-01 01:00:00+00:00,26705.69362975934
2025-05-01 02:00:00+00:00,26920.088405089937
2025-05-01 03:00:00+00:00,27009.78023685553
2025-05-01 04:00:00+00:00,27095.696837056294
2025-05-01 05:00:00+00:00,26763.065894914398
2025-05-01 06:00:00+00:00,26922.091833676215
2025-05-02 00:00:00+00:00,26702.072724435107
2025-05-02 01:00:00+00:00,26507.273900872264
2025-05-02 02:00:00+00:00,26795.584611558665
2025-05-02 03:00:00+00:00,26313.0960826839
2025-05-02 04:00:00+00:00,26202.315523488596
2025-05-02 05:00:00+00:00,26120.522377799105
2025-05-02 06:00:00+00:00,26046.29057038917
2025-05-07 00:00:00+00:00,26057.878499469647
2025-05-07 01:00:00+00:00,26119.264116197664
2025-05-07 02:00:00+00:00,26008.622058572848
2025-05-07 03:00:00+00:00,25949.614066316837
2025-05-07 04:00:00+00:00,25781.96055993632
2025-05-07 05:00:00+00:00,25649.15785657377
2025-05-07 06:00:00+00:00,25691.726915001756
2025-05-08 00:00:00+00:00,25599.669692061947
2025-05-08 01:00:00+00:00,25388.911339693153
2025-05-08 02:00:00+00:00,25388.021455313105
2025-05-08 03:00:00+00:00,25553.282401759323
2025-05-08 04:00:00+00:00,25443.181935933728
2025-05-08 05:00:00+00:00,25431.802779850525
2025-05-08 06:00:00+00:00,25346.371616623015
2025-05-09 00:00:00+00:00,25415.70624988877
2025-05-09 01:00:00+00:00,25573.794987850888
2025-05-09 02:00:00+00:00,25439.019606081896
2025-05-09 03:00:00+00:00,25611.335277549122
2025-05-09 04:00:00+00:00,25845.440268045364
2025-05-09 05:00:00+00:00,25893.39047899104
2025-05-09 06:00:00+00:00,25573.03870039177
2025-05-12 00:00:00+00:00,25500.17871979002
2025-05-12 01:00:00+00:00,25686.32218459954
2025-05-12 02:00:00+00:00,25716.340729377123
2025-05-12 03:00:00+00:00,25814.78727590843
2025-05-12 04:00:00+00:00,26036.426842091303
2025-05-12 05:00:00+00:00,26182.26340164447
2025-05-12 06:00:00+00:00,26452.363879427427
2025-05-13 00:00:00+00:00,26420.268375521762
2025-05-13 01:00:00+00:00,26295.64196087859
2025-05-13 02:00:00+00:00,26619.261802677833
2025-05-13 03:00:00+00:00,26399.621670293345
2025-05-13 04:00:00+00:00,26381.3074078621
2025-05-13 05:00:00+00:00,26183.842412109647
2025-05-13 06:00:00+00:00,25996.309746660405
2025-05-14 00:00:00+00:00,25945.573780943418
2025-05-14 01:00:00+00:00,25839.790363440963
2025-05-14 02:00:00+00:00,25869.801165869812
2025-05-14 03:00:00+00:00,25890.959649531324
2025-05-14 04:00:00+00:00,25934.98768083766
2025-05-14 05:00:00+00:00,26037.039960784783
2025-05-14 06:00:00+00:00,26048.454417092526
2025-05-15 00:00:00+00:00,25768.68845533033
2025-05-15 01:00:00+00:00,25772.51952126696
2025-05-15 02:00:00+00:00,25752.756510853604
2025-05-15 03:00:00+00:00,25589.419166566684
2025-05-15 04:00:00+00:00,25484.857829689416
2025-05-15 05:00:00+00:00,25567.24392348011
2025-05-15 06:00:00+00:00,25623.447220250062
2025-05-16 00:00:00+00:00,25483.303227965327
2025-05-16 01:00:00+00:00,25436.725556083333
2025-05-16 02:00:00+00:00,25265.048415202134
2025-05-16 03:00:00+00:00,25381.60847691365
2025-05-16 04:00:00+00:00,25662.7460214334
2025-05-16 05:00:00+00:00,25888.820948550605
2025-05-16 06:00:00+00:00,25843.694569065323
2025-05-19 00:00:00+00:00,25824.325483179982
2025-05-19 01:00:00+00:00,26007.95213110808
2025-05-19 02:00:00+00:00,25896.74574168959
2025-05-19 03:00:00+00:00,25775.435332437395
2025-05-19 04:00:00+00:00,26433.411524021303
2025-05-19 05:00:00+00:00,26399.34053573651
2025-05-19 06:00:00+00:00,26417.327000939556
2025-05-20 00:00:00+00:00,26598.45610144843
2025-05-20 01:00:00+00:00,26553.113309975794
2025-05-20 02:00:00+00:00,26734.467594050668
2025-05-20 03:00:00+00:00,26570.918515560064
2025-05-20 04:00:00+00:00,26574.174268227536
2025-05-20 05:00:00+00:00,26779.63695237259
2025-05-20 06:00:00+00:00,26797.539425928655
2025-05-21 00:00:00+00:00,26941.41984162789
2025-05-21 01:00:00+00:00,26839.370548720428
2025-05-21 02:00:00+00:00,26861.606773616346
2025-05-21 03:00:00+00:00,27136.303175299046
2025-05-21 04:00:00+00:00,27144.69592382651
2025-05-21 05:00:00+00:00,27064.61407748399
2025-05-21 06:00:00+00:00,26990.53261815451
2025-05-22 00:00:00+00:00,26840.958511933823
2025-05-22 01:00:00+00:00,27029.69533151796
2025-05-22 02:00:00+00:00,27012.436210704876
2025-05-22 03:00:00+00:00,26971.936009212277
2025-05-22 04:00:00+00:00,26843.435438196495
2025-05-22 05:00:00+00:00,26797.664563466344
2025-05-22 06:00:00+00:00,26772.22315980134
2025-05-23 00:00:00+00:00,26793.21679327008
2025-05-23 01:00:00+00:00,27237.279594394782
2025-05-23 02:00:00+00:00,27074.712164794488
2025-05-23 03:00:00+00:00,27074.15491707474
2025-05-23 04:00:00+00:00,26980.06145105331
2025-05-23 05:00:00+00:00,26939.625868227457
2025-05-23 06:00:00+00:00,27009.065434772932
2025-05-26 00:00:00+00:00,27142.87735877553
2025-05-26 01:00:00+00:00,27166.072716900297
2025-05-26 02:00:00+00:00,27162.444724091543
2025-05-26 03:00:00+00:00,27070.68600743372
2025-05-26 04:00:00+00:00,26990.939193137234
2025-05-26 05:00:00+00:00,27159.094008907563
2025-05-26 06:00:00+00:00,26982.11532436738
2025-05-27 00:00:00+00:00,27230.96796936829
2025-05-27 01:00:00+00:00,27180.077282673246
2025-05-27 02:00:00+00:00,27293.82648656415
2025-05-27 03:00:00+00:00,27244.788188200473
2025-05-27 04:00:00+00:00,27009.393950388414
2025-05-27 05:00:00+00:00,26798.041015738123
2025-05-27 06:00:00+00:00,26815.692743709882
2025-05-28 00:00:00+00:00,26626.763829764895
2025-05-28 01:00:00+00:00,26568.588342220275
2025-05-28 02:00:00+00:00,26592.959116593236
2025-05-28 03:00:00+00:00,26822.684074559053
2025-05-28 04:00:00+00:00,26668.123952094124
2025-05-28 05:00:00+00:00,26919.52743063461
2025-05-28 06:00:00+00:00,26905.422142268304
2025-05-29 00:00:00+00:00,26895.032389686734
2025-05-29 01:00:00+00:00,27064.11984325723
2025-05-29 02:00:00+00:00,27462.581105086294
2025-05-29 03:00:00+00:00,27534.977272261647
2025-05-29 04:00:00+00:00,27518.585964046444
2025-05-29 05:00:00+00:00,27404.06848427035
2025-05-29 06:00:00+00:00,27439.1779921318
2025-05-30 00:00:00+00:00,27400.2306515281
2025-05-30 01:00:00+00:00,27384.270029936495
2025-05-30 02:00:00+00:00,27183.141921771195
2025-05-30 03:00:00+00:00,27321.42310371408
2025-05-30 04:00:00+00:00,27321.014619442063
2025-05-30 05:00:00+00:00,27117.51223252023
2025-05-30 06:00:00+00:00,27043.27112082206
2025-06-02 00:00:00+00:00,27106.621288759165
2025-06-02 01:00:00+00:00,27117.523204709993
2025-06-02 02:00:00+00:00,27137.367001508195
2025-06-02 03:00:00+00:00,27072.374232680668
2025-06-02 04:00:00+00:00,27036.614798535447
2025-06-02 05:00:00+00:00,27037.81822378551
2025-06-02 06:00:00+00:00,26999.225839133298
2025-06-03 00:00:00+00:00,27084.97021237124
2025-06-03 01:00:00+00:00,27303.06707159524
2025-06-03 02:00:00+00:00,27093.101493925733
2025-06-03 03:00:00+00:00,27229.19927447252
2025-06-03 04:00:00+00:00,27375.17119694866
2025-06-03 05:00:00+00:00,27228.191138055154
2025-06-03 06:00:00+00:00,27147.799596255383
2025-06-04 00:00:00+00:00,27222.29273378858
2025-06-04 01:00:00+00:00,27346.812989252267
2025-06-04 02:00:00+00:00,27700.50631828338
2025-06-04 03:00:00+00:00,27613.159724325382
2025-06-04 04:00:00+00:00,27420.190589990267
2025-06-04 05:00:00+00:00,27542.63673107572
2025-06-04 06:00:00+00:00,27460.941509047087
2025-06-05 00:00:00+00:00,26887.282023269057
2025-06-05 01:00:00+00:00,26879.603991307027
2025-06-05 02:00:00+00:00,26824.98145443911
2025-06-05 03:00:00+00:00,26904.175609228005
2025-06-05 04:00:00+00:00,27105.502577298186
2025-06-05 05:00:00+00:00,27060.507258300502
2025-06-05 06:00:00+00:00,27232.96318210273
2025-06-06 00:00:00+00:00,27224.526382996908
2025-06-06 01:00:00+00:00,27155.12589082979
2025-06-06 02:00:00+00:00,27290.100893127386
2025-06-06 03:00:00+00:00,27419.623429209227
2025-06-06 04:00:00+00:00,27297.36635329488
2025-06-06 05:00:00+00:00,27422.989025247818
2025-06-06 06:00:00+00:00,27305.63240674655
2025-06-09 00:00:00+00:00,27138.34787541617
2025-06-09 01:00:00+00:00,27148.863828398396
2025-06-09 02:00:00+00:00,27187.224589595462
2025-06-09 03:00:00+00:00,27419.965637056135
2025-06-09 04:00:00+00:00,27495.89572882126
2025-06-09 05:00:00+00:00,27767.482272586465
2025-06-09 06:00:00+00:00,27693.193722723932
2025-06-10 00:00:00+00:00,27351.35868545778
2025-06-10 01:00:00+00:00,27222.080182046724
2025-06-10 02:00:00+00:00,27327.300457722435
2025-06-10 03:00:00+00:00,27743.53729163739
2025-06-10 04:00:00+00:00,27738.914843271454
2025-06-10 05:00:00+00:00,27620.79544222488
2025-06-10 06:00:00+00:00,27732.89830329915
2025-06-11 00:00:00+00:00,28072.601164613643
2025-06-11 01:00:00+00:00,28103.74770435493
2025-06-11 02:00:00+00:00,28051.44831731589
2025-06-11 03:00:00+00:00,28061.290495104662
2025-06-11 04:00:00+00:00,28170.334331324888
2025-06-11 05:00:00+00:00,28015.56315620903
2025-06-11 06:00:00+00:00,27874.014987566872
2025-06-12 00:00:00+00:00,27710.77733474505
2025-06-12 01:00:00+00:00,27677.768589003026
2025-06-12 02:00:00+00:00,27339.17153700085
2025-06-12 03:00:00+00:00,27753.313073905247
2025-06-12 04:00:00+00:00,27675.449690397494
2025-06-12 05:00:00+00:00,27707.65966115988
2025-06-12 06:00:00+00:00,27730.16647263206
2025-06-13 00:00:00+00:00,27731.69603397846
2025-06-13 01:00:00+00:00,27461.48365987822
2025-06-13 02:00:00+00:00,27713.96127740065
2025-06-13 03:00:00+00:00,28007.264386057253
2025-06-13 04:00:00+00:00,28079.780413134387
2025-06-13 05:00:00+00:00,28086.876041398355
2025-06-13 06:00:00+00:00,28143.519141625475
2025-06-16 00:00:00+00:00,28128.975853250235
2025-06-16 01:00:00+00:00,28102.12920654691
2025-06-16 02:00:00+00:00,28079.659650498936
2025-06-16 03:00:00+00:00,27945.44963504764
2025-06-16 04:00:00+00:00,28001.028740316502
2025-06-16 05:00:00+00:00,27937.29748646626
2025-06-16 06:00:00+00:00,27944.175260289994
2025-06-17 00:00:00+00:00,27776.57009621323
2025-06-17 01:00:00+00:00,27870.344930412673
2025-06-17 02:00:00+00:00,27690.565781486664
2025-06-17 03:00:00+00:00,27408.14148453088
2025-06-17 04:00:00+00:00,27390.197694948365
2025-06-17 05:00:00+00:00,27147.366418487596
2025-06-17 06:00:00+00:00,27308.954660377385
2025-06-18 00:00:00+00:00,27219.655869226925
2025-06-18 01:00:00+00:00,27283.992026781983
2025-06-18 02:00:00+00:00,27209.837046970766
2025-06-18 03:00:00+00:00,27170.23096895815
2025-06-18 04:00:00+00:00,27150.23707875544
2025-06-18 05:00:00+00:00,27226.067453230768
2025-06-18 06:00:00+00:00,26995.8498830625
2025-06-19 00:00:00+00:00,26994.328729123223
2025-06-19 01:00:00+00:00,27216.326191585427
2025-06-19 02:00:00+00:00,27189.16083443986
2025-06-19 03:00:00+00:00,27074.121763178453
2025-06-19 04:00:00+00:00,27093.430103696115
2025-06-19 05:00:00+00:00,27096.90421834481
2025-06-19 06:00:00+00:00,27088.22018067085
2025-06-20 00:00:00+00:00,27011.528054103645
2025-06-20 01:00:00+00:00,27148.394799128313
2025-06-20 02:00:00+00:00,27168.442902938583
2025-06-20 03:00:00+00:00,26894.891175251363
2025-06-20 04:00:00+00:00,26926.081545134017
2025-06-20 05:00:00+00:00,27029.674226060586
2025-06-20 06:00:00+00:00,27163.89537870594
2025-06-23 00:00:00+00:00,27176.86614196961
2025-06-23 01:00:00+00:00,27128.110879124375
2025-06-23 02:00:00+00:00,27335.768781343104
2025-06-23 03:00:00+00:00,27387.139937147316
2025-06-23 04:00:00+00:00,27620.820441232623
2025-06-23 05:00:00+00:00,27691.419928849795
2025-06-23 06:00:00+00:00,27552.43874207994
2025-06-24 00:00:00+00:00,27520.66862401239
2025-06-24 01:00:00+00:00,27472.40349459509
2025-06-24 02:00:00+00:00,27747.91970683444
2025-06-24 03:00:00+00:00,27851.307079275783
2025-06-24 04:00:00+00:00,27517.68461238595
2025-06-24 05:00:00+00:00,27006.034575895967
2025-06-24 06:00:00+00:00,26627.55607989141
2025-06-25 00:00:00+00:00,26468.98612164353
2025-06-25 01:00:00+00:00,26504.711614691732
2025-06-25 02:00:00+00:00,26525.854612477844
2025-06-25 03:00:00+00:00,26672.97578912405
2025-06-25 04:00:00+00:00,26864.142365756576
2025-06-25 05:00:00+00:00,26864.534855018926
2025-06-25 06:00:00+00:00,26764.287829501198
2025-06-26 00:00:00+00:00,26966.070685797833
2025-06-26 01:00:00+00:00,27196.340936161265
2025-06-26 02:00:00+00:00,27061.19020348709
2025-06-26 03:00:00+00:00,27069.88855652948
2025-06-26 04:00:00+00:00,27018.046065172926
2025-06-26 05:00:00+00:00,27066.972218714505
2025-06-26 06:00:00+00:00,26919.002088288853
2025-06-27 00:00:00+00:00,26932.912185200075
2025-06-27 01:00:00+00:00,26910.897933912445
2025-06-27 02:00:00+00:00,26776.187247088248
2025-06-27 03:00:00+00:00,26857.233535155636
2025-06-27 04:00:00+00:00,26740.925303528893
2025-06-27 05:00:00+00:00,26645.970733569906
2025-06-27 06:00:00+00:00,26291.149266117336
2025-06-30 00:00:00+00:00,26152.097795135236
2025-06-30 01:00:00+00:00,26144.443820959244
2025-06-30 02:00:00+00:00,26252.241316218377
2025-06-30 03:00:00+00:00,26113.137992021268
2025-06-30 04:00:00+00:00,26034.14464826645
2025-06-30 05:00:00+00:00,26386.33976676813
2025-06-30 06:00:00+00:00,26449.319757627793
2025-07-01 00:00:00+00:00,26384.208182796716
2025-07-01 01:00:00+00:00,26583.958391451604
2025-07-01 02:00:00+00:00,26636.679514146148
2025-07-01 03:00:00+00:00,26792.48156061938
2025-07-01 04:00:00+00:00,26745.710907964614
2025-07-01 05:00:00+00:00,26617.294913475147
2025-07-01 06:00:00+00:00,26399.902301236492
2025-07-02 00:00:00+00:00,26747.13086825394
2025-07-02 01:00:00+00:00,26568.411438466963
2025-07-02 02:00:00+00:00,26512.946894298362
2025-07-02 03:00:00+00:00,26169.258507922612
2025-07-02 04:00:00+00:00,26343.28506639213
2025-07-02 05:00:00+00:00,26384.97737951875
2025-07-02 06:00:00+00:00,26345.943832191613
2025-07-03 00:00:00+00:00,26554.197287893578
2025-07-03 01:00:00+00:00,26958.627042351327
2025-07-03 02:00:00+00:00,27162.28613189199
2025-07-03 03:00:00+00:00,27006.36333066556
2025-07-03 04:00:00+00:00,27246.07536036301
2025-07-03 05:00:00+00:00,27293.663145170056
2025-07-03 06:00:00+00:00,27188.943677064584
2025-07-04 00:00:00+00:00,27226.392643682913
2025-07-04 01:00:00+00:00,27132.12982603331
2025-07-04 02:00:00+00:00,27070.64531986074
2025-07-04 03:00:00+00:00,27232.78313465105
2025-07-04 04:00:00+00:00,27073.39351953698
2025-07-04 05:00:00+00:00,27104.092423460705
2025-07-04 06:00:00+00:00,27318.81876935937
2025-07-07 00:00:00+00:00,27331.61120618392
2025-07-07 01:00:00+00:00,26990.918370831445
2025-07-07 02:00:00+00:00,27271.931850055273
2025-07-07 03:00:00+00:00,27409.294509752803
2025-07-07 04:00:00+00:00,27252.59049104768
2025-07-07 05:00:00+00:00,27336.69410910236
2025-07-07 06:00:00+00:00,27458.645170418622
2025-07-08 00:00:00+00:00,27614.841119161178
2025-07-08 01:00:00+00:00,27295.210968846728
2025-07-08 02:00:00+00:00,27102.66981904422
2025-07-08 03:00:00+00:00,27175.307344323104
2025-07-08 04:00:00+00:00,27256.47641058894
2025-07-08 05:00:00+00:00,27092.311618891523
2025-07-08 06:00:00+00:00,27361.83150128539
2025-07-09 00:00:00+00:00,27581.428281859535
2025-07-09 01:00:00+00:00,27821.342713064118
2025-07-09 02:00:00+00:00,27977.96315803214
2025-07-09 03:00:00+00:00,27974.750036264
2025-07-09 04:00:00+00:00,28144.73111263751
2025-07-09 05:00:00+00:00,28315.575433663904
2025-07-09 06:00:00+00:00,28665.51593851749
2025-07-10 00:00:00+00:00,28745.455535352794
2025-07-10 01:00:00+00:00,28854.6962044199
2025-07-10 02:00:00+00:00,28751.979090427987
2025-07-10 03:00:00+00:00,28824.952884595234
2025-07-10 04:00:00+00:00,28747.36799611024
2025-07-10 05:00:00+00:00,28460.164218655962
2025-07-10 06:00:00+00:00,28290.176842762732
2025-07-11 00:00:00+00:00,28257.72957886362
2025-07-11 01:00:00+00:00,28118.780115647947
2025-07-11 02:00:00+00:00,27928.905624339106
2025-07-11 03:00:00+00:00,27723.5555978917
2025-07-11 04:00:00+00:00,27609.154468998637
2025-07-11 05:00:00+00:00,27884.0527314834
2025-07-11 06:00:00+00:00,27705.023669664955
