Datetime,Close
2023-07-14 04:45:00+00:00,1045.0
2023-07-14 05:45:00+00:00,1049.4659674822187
2023-07-14 06:45:00+00:00,1067.542176146406
2023-07-14 07:45:00+00:00,1070.7744949940793
2023-07-14 08:45:00+00:00,1076.2786638987736
2023-07-14 09:45:00+00:00,1082.543934094288
2023-07-17 03:45:00+00:00,1089.4921690452645
2023-07-17 04:45:00+00:00,1085.581461238041
2023-07-17 05:45:00+00:00,1092.03785223627
2023-07-17 06:45:00+00:00,1100.7428119881317
2023-07-17 07:45:00+00:00,1116.7672468802448
2023-07-17 08:45:00+00:00,1100.0238376453444
2023-07-17 09:45:00+00:00,1085.022440434718
2023-07-18 03:45:00+00:00,1094.1262476460308
2023-07-18 04:45:00+00:00,1097.0278924403344
2023-07-18 05:45:00+00:00,1083.2322059734772
2023-07-18 06:45:00+00:00,1080.3285921707184
2023-07-18 07:45:00+00:00,1086.67968656203
2023-07-18 08:45:00+00:00,1081.9311601841755
2023-07-18 09:45:00+00:00,1090.0112746210918
2023-07-19 03:45:00+00:00,1097.0622072843296
2023-07-19 04:45:00+00:00,1094.910393861761
2023-07-19 05:45:00+00:00,1096.4950785443104
2023-07-19 06:45:00+00:00,1108.4011193221147
2023-07-19 07:45:00+00:00,1119.9953387101987
2023-07-19 08:45:00+00:00,1125.292354671234
2023-07-19 09:45:00+00:00,1112.0024508208237
2023-07-20 03:45:00+00:00,1118.2137010100037
2023-07-20 04:45:00+00:00,1115.879087765193
2023-07-20 05:45:00+00:00,1123.2230398166928
2023-07-20 06:45:00+00:00,1121.9615826344764
2023-07-20 07:45:00+00:00,1119.0716341615364
2023-07-20 08:45:00+00:00,1116.8163552583212
2023-07-20 09:45:00+00:00,1114.6055340488163
2023-07-21 03:45:00+00:00,1121.2047791306036
2023-07-21 04:45:00+00:00,1121.3551951804402
2023-07-21 05:45:00+00:00,1136.0350941933882
2023-07-21 06:45:00+00:00,1136.4715116413797
2023-07-21 07:45:00+00:00,1126.9797969085832
2023-07-21 08:45:00+00:00,1114.3379660140392
2023-07-21 09:45:00+00:00,1122.613191874222
2023-07-24 03:45:00+00:00,1115.3050498381879
2023-07-24 04:45:00+00:00,1115.2589257306254
2023-07-24 05:45:00+00:00,1109.9830583588737
2023-07-24 06:45:00+00:00,1090.6174885367723
2023-07-24 07:45:00+00:00,1078.5202961198297
2023-07-24 08:45:00+00:00,1072.8428181924069
2023-07-24 09:45:00+00:00,1072.0658705086594
2023-07-25 03:45:00+00:00,1061.0590826730904
2023-07-25 04:45:00+00:00,1055.040190470644
2023-07-25 05:45:00+00:00,1047.4477758334367
2023-07-25 06:45:00+00:00,1041.2771995209062
2023-07-25 07:45:00+00:00,1025.4948730945266
2023-07-25 08:45:00+00:00,1035.086480206178
2023-07-25 09:45:00+00:00,1026.958852880291
2023-07-26 03:45:00+00:00,1023.8659228841017
2023-07-26 04:45:00+00:00,1024.0531360623231
2023-07-26 05:45:00+00:00,1035.2128710169518
2023-07-26 06:45:00+00:00,1035.1312701925096
2023-07-26 07:45:00+00:00,1034.8949492576369
2023-07-26 08:45:00+00:00,1036.1380506485345
2023-07-26 09:45:00+00:00,1043.6418735189764
2023-07-27 03:45:00+00:00,1059.0292107112798
2023-07-27 04:45:00+00:00,1053.005968081836
2023-07-27 05:45:00+00:00,1054.1125594954742
2023-07-27 06:45:00+00:00,1059.078076137839
2023-07-27 07:45:00+00:00,1079.6673433060162
2023-07-27 08:45:00+00:00,1073.178275062996
2023-07-27 09:45:00+00:00,1055.0241994418518
2023-07-28 03:45:00+00:00,1042.2046872951435
2023-07-28 04:45:00+00:00,1031.8151888275218
2023-07-28 05:45:00+00:00,1037.2111269449526
2023-07-28 06:45:00+00:00,1032.7502609747785
2023-07-28 07:45:00+00:00,1031.6983931199645
2023-07-28 08:45:00+00:00,1047.9205735306834
2023-07-28 09:45:00+00:00,1043.389103102498
2023-07-31 03:45:00+00:00,1042.755307502971
2023-07-31 04:45:00+00:00,1050.787492400693
2023-07-31 05:45:00+00:00,1035.2062577999454
2023-07-31 06:45:00+00:00,1033.2250937785998
2023-07-31 07:45:00+00:00,1038.430874173872
2023-07-31 08:45:00+00:00,1045.7493745843362
2023-07-31 09:45:00+00:00,1040.0553989824477
2023-08-01 03:45:00+00:00,1030.1002667745288
2023-08-01 04:45:00+00:00,1024.8840129684588
2023-08-01 05:45:00+00:00,1006.5453510083191
2023-08-01 06:45:00+00:00,1014.4190648195491
2023-08-01 07:45:00+00:00,1012.0018109903187
2023-08-01 08:45:00+00:00,1022.9200740304876
2023-08-01 09:45:00+00:00,1009.7266825768286
2023-08-02 03:45:00+00:00,1009.5308756358932
2023-08-02 04:45:00+00:00,1010.7038764555467
2023-08-02 05:45:00+00:00,996.3394653034493
2023-08-02 06:45:00+00:00,986.3562591481096
2023-08-02 07:45:00+00:00,992.099867572073
2023-08-02 08:45:00+00:00,1000.5815427888855
2023-08-02 09:45:00+00:00,1002.734084823215
2023-08-03 03:45:00+00:00,998.5066186956599
2023-08-03 04:45:00+00:00,1008.5992112433963
2023-08-03 05:45:00+00:00,999.6978933163256
2023-08-03 06:45:00+00:00,1005.1319815294621
2023-08-03 07:45:00+00:00,1016.1166773884579
2023-08-03 08:45:00+00:00,1023.0179788301377
2023-08-03 09:45:00+00:00,1025.0717690542801
2023-08-04 03:45:00+00:00,1032.0250604515377
2023-08-04 04:45:00+00:00,1054.506612096054
2023-08-04 05:45:00+00:00,1043.0330771400804
2023-08-04 06:45:00+00:00,1032.6632160608142
2023-08-04 07:45:00+00:00,1033.771922659037
2023-08-04 08:45:00+00:00,1036.5724946829057
2023-08-04 09:45:00+00:00,1046.6605481751487
2023-08-07 03:45:00+00:00,1046.3045245883347
2023-08-07 04:45:00+00:00,1037.2589679922553
2023-08-07 05:45:00+00:00,1035.2319972604555
2023-08-07 06:45:00+00:00,1032.86768666617
2023-08-07 07:45:00+00:00,1036.8639644692632
2023-08-07 08:45:00+00:00,1042.569349947015
2023-08-07 09:45:00+00:00,1034.5790086232985
2023-08-08 03:45:00+00:00,1025.4648108872432
2023-08-08 04:45:00+00:00,1030.7299264907126
2023-08-08 05:45:00+00:00,1029.3371716779627
2023-08-08 06:45:00+00:00,1021.6674992528281
2023-08-08 07:45:00+00:00,1015.7903578672118
2023-08-08 08:45:00+00:00,1022.1627314478644
2023-08-08 09:45:00+00:00,1036.2013917947406
2023-08-09 03:45:00+00:00,1028.8407636774848
2023-08-09 04:45:00+00:00,1029.7754798275307
2023-08-09 05:45:00+00:00,1021.8681040677959
2023-08-09 06:45:00+00:00,1008.135356926521
2023-08-09 07:45:00+00:00,1004.813779322537
2023-08-09 08:45:00+00:00,1005.8429219747833
2023-08-09 09:45:00+00:00,1003.1886804370778
2023-08-10 03:45:00+00:00,1005.3147595022155
2023-08-10 04:45:00+00:00,1002.8948112328872
2023-08-10 05:45:00+00:00,1001.7833314984323
2023-08-10 06:45:00+00:00,1009.131278514619
2023-08-10 07:45:00+00:00,1000.9553618220466
2023-08-10 08:45:00+00:00,1006.4565803360409
2023-08-10 09:45:00+00:00,991.162993627058
2023-08-11 03:45:00+00:00,996.8262826744648
2023-08-11 04:45:00+00:00,994.9367584070743
2023-08-11 05:45:00+00:00,989.4239693927332
2023-08-11 06:45:00+00:00,982.5792666890561
2023-08-11 07:45:00+00:00,988.7589683382652
2023-08-11 08:45:00+00:00,994.2952422556594
2023-08-11 09:45:00+00:00,990.8353466587492
2023-08-14 03:45:00+00:00,985.1365983755309
2023-08-14 04:45:00+00:00,971.4373944556821
2023-08-14 05:45:00+00:00,975.0785641931631
2023-08-14 06:45:00+00:00,975.8880293668483
2023-08-14 07:45:00+00:00,978.4934944794772
2023-08-14 08:45:00+00:00,995.6766673889778
2023-08-14 09:45:00+00:00,998.4773646792879
2023-08-16 03:45:00+00:00,1008.8576331126873
2023-08-16 04:45:00+00:00,1012.1527896068858
2023-08-16 05:45:00+00:00,1025.879325352294
2023-08-16 06:45:00+00:00,1022.0187628900367
2023-08-16 07:45:00+00:00,1016.9446751270505
2023-08-16 08:45:00+00:00,1019.8411405745674
2023-08-16 09:45:00+00:00,1011.238810857159
2023-08-17 03:45:00+00:00,1008.0988462911585
2023-08-17 04:45:00+00:00,1024.4989808862622
2023-08-17 05:45:00+00:00,1023.3266394061885
2023-08-17 06:45:00+00:00,1036.469886957498
2023-08-17 07:45:00+00:00,1033.2456085172862
2023-08-17 08:45:00+00:00,1018.2721992703802
2023-08-17 09:45:00+00:00,1021.8859749071803
2023-08-18 03:45:00+00:00,1001.934105685106
2023-08-18 04:45:00+00:00,993.6594386109172
2023-08-18 05:45:00+00:00,994.0632962474807
2023-08-18 06:45:00+00:00,983.144432423502
2023-08-18 07:45:00+00:00,981.7884930375595
2023-08-18 08:45:00+00:00,987.9133343809102
2023-08-18 09:45:00+00:00,988.3709800866167
2023-08-21 03:45:00+00:00,995.9573752747868
2023-08-21 04:45:00+00:00,1003.3136258040107
2023-08-21 05:45:00+00:00,1005.2770605774359
2023-08-21 06:45:00+00:00,1010.519836511703
2023-08-21 07:45:00+00:00,1000.4078050166949
2023-08-21 08:45:00+00:00,987.8401033471653
2023-08-21 09:45:00+00:00,989.631590085803
2023-08-22 03:45:00+00:00,1008.1280073334461
2023-08-22 04:45:00+00:00,1015.3842053592886
2023-08-22 05:45:00+00:00,1004.886647932302
2023-08-22 06:45:00+00:00,999.287271253864
2023-08-22 07:45:00+00:00,1001.2065617851498
2023-08-22 08:45:00+00:00,1000.5656506018815
2023-08-22 09:45:00+00:00,1000.8634700236595
2023-08-23 03:45:00+00:00,1007.9110566625529
2023-08-23 04:45:00+00:00,993.7633293787019
2023-08-23 05:45:00+00:00,990.5789187181163
2023-08-23 06:45:00+00:00,981.1052991256104
2023-08-23 07:45:00+00:00,978.2265308387481
2023-08-23 08:45:00+00:00,983.3413420073414
2023-08-23 09:45:00+00:00,978.1237880453508
2023-08-24 03:45:00+00:00,974.678455779663
2023-08-24 04:45:00+00:00,982.3928842729202
2023-08-24 05:45:00+00:00,988.4379048649115
2023-08-24 06:45:00+00:00,993.3887448521118
2023-08-24 07:45:00+00:00,987.3090866753146
2023-08-24 08:45:00+00:00,988.9386622655487
2023-08-24 09:45:00+00:00,1003.397320975421
2023-08-25 03:45:00+00:00,1012.2930525711677
2023-08-25 04:45:00+00:00,1029.1687497718826
2023-08-25 05:45:00+00:00,1030.566717258488
2023-08-25 06:45:00+00:00,1034.7975493578945
2023-08-25 07:45:00+00:00,1041.1493320782167
2023-08-25 08:45:00+00:00,1039.1465891438918
2023-08-25 09:45:00+00:00,1036.0539245352459
2023-08-28 03:45:00+00:00,1040.6391058059246
2023-08-28 04:45:00+00:00,1036.9880944388824
2023-08-28 05:45:00+00:00,1052.995435983967
2023-08-28 06:45:00+00:00,1050.9061729965663
2023-08-28 07:45:00+00:00,1050.8397007659423
2023-08-28 08:45:00+00:00,1053.517122000264
2023-08-28 09:45:00+00:00,1047.15066166559
2023-08-29 03:45:00+00:00,1043.947058001905
2023-08-29 04:45:00+00:00,1028.8132033109327
2023-08-29 05:45:00+00:00,1038.2422901294206
2023-08-29 06:45:00+00:00,1045.7985851522435
2023-08-29 07:45:00+00:00,1039.5853238610837
2023-08-29 08:45:00+00:00,1034.4515126915574
2023-08-29 09:45:00+00:00,1040.3074504467265
2023-08-30 03:45:00+00:00,1050.5491732378284
2023-08-30 04:45:00+00:00,1046.78542655617
2023-08-30 05:45:00+00:00,1045.2649483166942
2023-08-30 06:45:00+00:00,1037.9018649884326
2023-08-30 07:45:00+00:00,1036.0371898056844
2023-08-30 08:45:00+00:00,1025.540777852641
2023-08-30 09:45:00+00:00,1030.0698810494732
2023-08-31 03:45:00+00:00,1025.758241074664
2023-08-31 04:45:00+00:00,1033.6050988771196
2023-08-31 05:45:00+00:00,1050.8549601400382
2023-08-31 06:45:00+00:00,1057.7585545706224
2023-08-31 07:45:00+00:00,1068.408083553584
2023-08-31 08:45:00+00:00,1063.8338807161674
2023-08-31 09:45:00+00:00,1059.7643948469465
2023-09-01 03:45:00+00:00,1046.933789140651
2023-09-01 04:45:00+00:00,1035.3666004907445
2023-09-01 05:45:00+00:00,1036.9837153196218
2023-09-01 06:45:00+00:00,1051.8758754801597
2023-09-01 07:45:00+00:00,1043.0989651601712
2023-09-01 08:45:00+00:00,1052.6797477443808
2023-09-01 09:45:00+00:00,1042.3460127152348
2023-09-04 03:45:00+00:00,1039.427125227236
2023-09-04 04:45:00+00:00,1039.3383659692283
2023-09-04 05:45:00+00:00,1039.267091635285
2023-09-04 06:45:00+00:00,1040.4979646625516
2023-09-04 07:45:00+00:00,1045.9708013294007
2023-09-04 08:45:00+00:00,1039.011029712717
2023-09-04 09:45:00+00:00,1050.7386308064408
2023-09-05 03:45:00+00:00,1052.1356777709443
2023-09-05 04:45:00+00:00,1051.6667334124154
2023-09-05 05:45:00+00:00,1060.8677740056864
2023-09-05 06:45:00+00:00,1070.63126803058
2023-09-05 07:45:00+00:00,1074.995524349798
2023-09-05 08:45:00+00:00,1082.5660672059546
2023-09-05 09:45:00+00:00,1079.32134240607
2023-09-06 03:45:00+00:00,1072.4461253291424
2023-09-06 04:45:00+00:00,1078.7419200577115
2023-09-06 05:45:00+00:00,1088.2898179991748
2023-09-06 06:45:00+00:00,1088.9685015595353
2023-09-06 07:45:00+00:00,1087.2329453821737
2023-09-06 08:45:00+00:00,1099.6714429961812
2023-09-06 09:45:00+00:00,1084.1178816734305
2023-09-07 03:45:00+00:00,1081.4205069353939
2023-09-07 04:45:00+00:00,1071.7126164769916
2023-09-07 05:45:00+00:00,1077.496853814984
2023-09-07 06:45:00+00:00,1059.1611111650375
2023-09-07 07:45:00+00:00,1053.2601981330645
2023-09-07 08:45:00+00:00,1052.1803386178735
2023-09-07 09:45:00+00:00,1051.9425619281592
2023-09-08 03:45:00+00:00,1052.1715782450312
2023-09-08 04:45:00+00:00,1053.3050398347973
2023-09-08 05:45:00+00:00,1052.2622438385083
2023-09-08 06:45:00+00:00,1051.782763533914
2023-09-08 07:45:00+00:00,1052.3140949442432
2023-09-08 08:45:00+00:00,1056.3304050658335
2023-09-08 09:45:00+00:00,1071.3739424942466
2023-09-11 03:45:00+00:00,1062.0178376953315
2023-09-11 04:45:00+00:00,1060.995524800058
2023-09-11 05:45:00+00:00,1069.346057526738
2023-09-11 06:45:00+00:00,1076.174328735488
2023-09-11 07:45:00+00:00,1071.4166842165193
2023-09-11 08:45:00+00:00,1065.3191627181443
2023-09-11 09:45:00+00:00,1064.5107020976582
2023-09-12 03:45:00+00:00,1053.975678858787
2023-09-12 04:45:00+00:00,1052.73832172134
2023-09-12 05:45:00+00:00,1055.5716186964403
2023-09-12 06:45:00+00:00,1061.7611069454824
2023-09-12 07:45:00+00:00,1067.8395009156682
2023-09-12 08:45:00+00:00,1080.1199002669414
2023-09-12 09:45:00+00:00,1081.81184499509
2023-09-13 03:45:00+00:00,1080.1692674006647
2023-09-13 04:45:00+00:00,1074.5141902909895
2023-09-13 05:45:00+00:00,1080.9470949739612
2023-09-13 06:45:00+00:00,1068.8099582628247
2023-09-13 07:45:00+00:00,1074.243446061099
2023-09-13 08:45:00+00:00,1087.9010929071067
2023-09-13 09:45:00+00:00,1084.7566652384025
2023-09-14 03:45:00+00:00,1090.9741777397621
2023-09-14 04:45:00+00:00,1089.6817818865259
2023-09-14 05:45:00+00:00,1085.025184560125
2023-09-14 06:45:00+00:00,1073.0126369177212
2023-09-14 07:45:00+00:00,1051.1624879918297
2023-09-14 08:45:00+00:00,1051.7378758199957
2023-09-14 09:45:00+00:00,1057.2454479465796
2023-09-15 03:45:00+00:00,1062.5647046911438
2023-09-15 04:45:00+00:00,1076.3001685284
2023-09-15 05:45:00+00:00,1082.9377497070964
2023-09-15 06:45:00+00:00,1086.4500189220375
2023-09-15 07:45:00+00:00,1099.5451266707307
2023-09-15 08:45:00+00:00,1108.9815793565917
2023-09-15 09:45:00+00:00,1116.6567733886654
2023-09-18 03:45:00+00:00,1110.7462882925263
2023-09-18 04:45:00+00:00,1117.1197919148353
2023-09-18 05:45:00+00:00,1109.4838575427318
2023-09-18 06:45:00+00:00,1120.2566851533195
2023-09-18 07:45:00+00:00,1105.7416300008915
2023-09-18 08:45:00+00:00,1097.3690554259003
2023-09-18 09:45:00+00:00,1103.8050953181826
2023-09-20 03:45:00+00:00,1107.9098644562866
2023-09-20 04:45:00+00:00,1118.178356968932
2023-09-20 05:45:00+00:00,1119.2702112874933
2023-09-20 06:45:00+00:00,1113.1332290532177
2023-09-20 07:45:00+00:00,1104.2340443578485
2023-09-20 08:45:00+00:00,1101.7254612456463
2023-09-20 09:45:00+00:00,1116.7676103065753
2023-09-21 03:45:00+00:00,1124.4213160980607
2023-09-21 04:45:00+00:00,1136.648090053847
2023-09-21 05:45:00+00:00,1151.4485947390533
2023-09-21 06:45:00+00:00,1151.0289436912474
2023-09-21 07:45:00+00:00,1146.1183625772605
2023-09-21 08:45:00+00:00,1144.3658743829303
2023-09-21 09:45:00+00:00,1159.6864496116978
2023-09-22 03:45:00+00:00,1167.0202308624785
2023-09-22 04:45:00+00:00,1163.4187785214956
2023-09-22 05:45:00+00:00,1164.2975548581967
2023-09-22 06:45:00+00:00,1157.892809153256
2023-09-22 07:45:00+00:00,1149.9218070323545
2023-09-22 08:45:00+00:00,1154.802492784134
2023-09-22 09:45:00+00:00,1147.8115937634796
2023-09-25 03:45:00+00:00,1147.5860459601383
2023-09-25 04:45:00+00:00,1151.0377921575882
2023-09-25 05:45:00+00:00,1146.0170792389365
2023-09-25 06:45:00+00:00,1136.5353928851443
2023-09-25 07:45:00+00:00,1120.3736641460528
2023-09-25 08:45:00+00:00,1124.7369573708409
2023-09-25 09:45:00+00:00,1127.8883556254552
2023-09-26 03:45:00+00:00,1128.7125117740059
2023-09-26 04:45:00+00:00,1140.4060041595026
2023-09-26 05:45:00+00:00,1134.8318465555642
2023-09-26 06:45:00+00:00,1142.4427701568964
2023-09-26 07:45:00+00:00,1133.3244069878112
2023-09-26 08:45:00+00:00,1130.3190962854856
2023-09-26 09:45:00+00:00,1131.2468573601693
2023-09-27 03:45:00+00:00,1128.1383543241307
2023-09-27 04:45:00+00:00,1119.4402347719006
2023-09-27 05:45:00+00:00,1115.338297751849
2023-09-27 06:45:00+00:00,1110.7583660366797
2023-09-27 07:45:00+00:00,1093.2695233200666
2023-09-27 08:45:00+00:00,1097.2487150933878
2023-09-27 09:45:00+00:00,1089.0203274956693
2023-09-28 03:45:00+00:00,1092.4881276761712
2023-09-28 04:45:00+00:00,1093.8214624246134
2023-09-28 05:45:00+00:00,1100.9164956511206
2023-09-28 06:45:00+00:00,1087.343122868615
2023-09-28 07:45:00+00:00,1095.7640210479976
2023-09-28 08:45:00+00:00,1097.9623700506122
2023-09-28 09:45:00+00:00,1115.162483239157
2023-09-29 03:45:00+00:00,1100.3131978916524
2023-09-29 04:45:00+00:00,1101.7146084397984
2023-09-29 05:45:00+00:00,1087.2321229053018
2023-09-29 06:45:00+00:00,1096.2528823103557
2023-09-29 07:45:00+00:00,1094.8236699230529
2023-09-29 08:45:00+00:00,1089.8648964811275
2023-09-29 09:45:00+00:00,1075.4701212806522
2023-10-03 03:45:00+00:00,1092.542874073633
2023-10-03 04:45:00+00:00,1101.931225499403
2023-10-03 05:45:00+00:00,1107.0614285785948
2023-10-03 06:45:00+00:00,1110.9922163944723
2023-10-03 07:45:00+00:00,1108.0067599102429
2023-10-03 08:45:00+00:00,1112.7739288382465
2023-10-03 09:45:00+00:00,1119.906078160849
2023-10-04 03:45:00+00:00,1130.2835816970296
2023-10-04 04:45:00+00:00,1132.6032036236513
2023-10-04 05:45:00+00:00,1129.5255748166503
2023-10-04 06:45:00+00:00,1125.4950174444732
2023-10-04 07:45:00+00:00,1131.5704596539597
2023-10-04 08:45:00+00:00,1115.9579610073622
2023-10-04 09:45:00+00:00,1117.5892115073734
2023-10-05 03:45:00+00:00,1128.812210874717
2023-10-05 04:45:00+00:00,1105.1849488707533
2023-10-05 05:45:00+00:00,1101.6580278735903
2023-10-05 06:45:00+00:00,1113.9550794153456
2023-10-05 07:45:00+00:00,1118.7810235380991
2023-10-05 08:45:00+00:00,1115.3207007638744
2023-10-05 09:45:00+00:00,1114.2336757995388
2023-10-06 03:45:00+00:00,1109.159431907634
2023-10-06 04:45:00+00:00,1104.6163938331317
2023-10-06 05:45:00+00:00,1097.5445608011803
2023-10-06 06:45:00+00:00,1097.6690377652797
2023-10-06 07:45:00+00:00,1096.3783081870354
2023-10-06 08:45:00+00:00,1097.765697862003
2023-10-06 09:45:00+00:00,1087.7599012429241
2023-10-09 03:45:00+00:00,1087.2820395082365
2023-10-09 04:45:00+00:00,1101.784581650606
2023-10-09 05:45:00+00:00,1098.700899089182
2023-10-09 06:45:00+00:00,1112.191093714755
2023-10-09 07:45:00+00:00,1102.3645946387394
2023-10-09 08:45:00+00:00,1099.9718417147346
2023-10-09 09:45:00+00:00,1104.0028050945093
2023-10-10 03:45:00+00:00,1079.7541306684382
2023-10-10 04:45:00+00:00,1087.8477313943472
2023-10-10 05:45:00+00:00,1089.2154429364216
2023-10-10 06:45:00+00:00,1088.79562943389
2023-10-10 07:45:00+00:00,1085.5422849651118
2023-10-10 08:45:00+00:00,1089.4599891885234
2023-10-10 09:45:00+00:00,1084.4695306478116
2023-10-11 03:45:00+00:00,1099.1485654191392
2023-10-11 04:45:00+00:00,1089.125796142401
2023-10-11 05:45:00+00:00,1090.512757674286
2023-10-11 06:45:00+00:00,1097.5504195691508
2023-10-11 07:45:00+00:00,1102.109859631991
2023-10-11 08:45:00+00:00,1093.0916853486888
2023-10-11 09:45:00+00:00,1087.7106960380952
2023-10-12 03:45:00+00:00,1069.6378630608313
2023-10-12 04:45:00+00:00,1072.448412863482
2023-10-12 05:45:00+00:00,1055.761912131415
2023-10-12 06:45:00+00:00,1053.3830950333706
2023-10-12 07:45:00+00:00,1059.341183202987
2023-10-12 08:45:00+00:00,1053.8735607674475
2023-10-12 09:45:00+00:00,1053.105740797535
2023-10-13 03:45:00+00:00,1035.5844356600396
2023-10-13 04:45:00+00:00,1039.1297131709457
2023-10-13 05:45:00+00:00,1058.0314224060216
2023-10-13 06:45:00+00:00,1065.4871428698107
2023-10-13 07:45:00+00:00,1065.9891338338994
2023-10-13 08:45:00+00:00,1088.0841180299985
2023-10-13 09:45:00+00:00,1088.7720424726201
2023-10-16 03:45:00+00:00,1094.8399038362616
2023-10-16 04:45:00+00:00,1091.69648291029
2023-10-16 05:45:00+00:00,1103.715495278099
2023-10-16 06:45:00+00:00,1089.7591090971068
2023-10-16 07:45:00+00:00,1098.302629412549
2023-10-16 08:45:00+00:00,1078.3434378582697
2023-10-16 09:45:00+00:00,1072.8996316505165
2023-10-17 03:45:00+00:00,1070.6246464905855
2023-10-17 04:45:00+00:00,1069.7929533175475
2023-10-17 05:45:00+00:00,1061.5322905331973
2023-10-17 06:45:00+00:00,1063.1043209177287
2023-10-17 07:45:00+00:00,1050.0525038227056
2023-10-17 08:45:00+00:00,1035.2890549132865
2023-10-17 09:45:00+00:00,1046.3606866317537
2023-10-18 03:45:00+00:00,1047.881331305044
2023-10-18 04:45:00+00:00,1058.9582597321794
2023-10-18 05:45:00+00:00,1056.0768564046004
2023-10-18 06:45:00+00:00,1066.641499443165
2023-10-18 07:45:00+00:00,1076.124279963351
2023-10-18 08:45:00+00:00,1077.8889021432194
2023-10-18 09:45:00+00:00,1078.7487865312698
2023-10-19 03:45:00+00:00,1070.7376203531926
2023-10-19 04:45:00+00:00,1074.1651254100343
2023-10-19 05:45:00+00:00,1076.4802483646133
2023-10-19 06:45:00+00:00,1075.5074158792168
2023-10-19 07:45:00+00:00,1069.709566788028
2023-10-19 08:45:00+00:00,1073.4184350096998
2023-10-19 09:45:00+00:00,1068.6179485762245
2023-10-20 03:45:00+00:00,1082.537648513703
2023-10-20 04:45:00+00:00,1093.0146524190316
2023-10-20 05:45:00+00:00,1084.4558764662197
2023-10-20 06:45:00+00:00,1079.0419842459378
2023-10-20 07:45:00+00:00,1073.0286877907645
2023-10-20 08:45:00+00:00,1070.33867123051
2023-10-20 09:45:00+00:00,1069.832198327385
2023-10-23 03:45:00+00:00,1067.63132912579
2023-10-23 04:45:00+00:00,1069.857523456774
2023-10-23 05:45:00+00:00,1073.7415643913043
2023-10-23 06:45:00+00:00,1081.2726024644307
2023-10-23 07:45:00+00:00,1080.3104640366614
2023-10-23 08:45:00+00:00,1079.4425118979857
2023-10-23 09:45:00+00:00,1082.3248421454691
2023-10-25 03:45:00+00:00,1085.3188813543272
2023-10-25 04:45:00+00:00,1106.7794673440674
2023-10-25 05:45:00+00:00,1097.3121353095005
2023-10-25 06:45:00+00:00,1095.386466481908
2023-10-25 07:45:00+00:00,1082.9645800130572
2023-10-25 08:45:00+00:00,1081.672102563047
2023-10-25 09:45:00+00:00,1078.263764130389
2023-10-26 03:45:00+00:00,1076.2269883551392
2023-10-26 04:45:00+00:00,1074.303265726309
2023-10-26 05:45:00+00:00,1085.7841150030124
2023-10-26 06:45:00+00:00,1080.568521902867
2023-10-26 07:45:00+00:00,1075.537409860198
2023-10-26 08:45:00+00:00,1086.7150027284836
2023-10-26 09:45:00+00:00,1073.4960317584337
2023-10-27 03:45:00+00:00,1080.3297550178856
2023-10-27 04:45:00+00:00,1076.0090268264119
2023-10-27 05:45:00+00:00,1076.967933719951
2023-10-27 06:45:00+00:00,1077.544314358777
2023-10-27 07:45:00+00:00,1072.6550184323319
2023-10-27 08:45:00+00:00,1081.728726692901
2023-10-27 09:45:00+00:00,1073.8992436083297
2023-10-30 03:45:00+00:00,1073.3365191351108
2023-10-30 04:45:00+00:00,1071.8645950576515
2023-10-30 05:45:00+00:00,1076.3527616337924
2023-10-30 06:45:00+00:00,1080.450497215553
2023-10-30 07:45:00+00:00,1080.2442155870262
2023-10-30 08:45:00+00:00,1074.517413865205
2023-10-30 09:45:00+00:00,1075.0936390738932
2023-10-31 03:45:00+00:00,1065.8950801368285
2023-10-31 04:45:00+00:00,1088.3578750611837
2023-10-31 05:45:00+00:00,1093.106637643581
2023-10-31 06:45:00+00:00,1106.1007487877257
2023-10-31 07:45:00+00:00,1106.3153151234478
2023-10-31 08:45:00+00:00,1098.7130915705964
2023-10-31 09:45:00+00:00,1100.5009479059788
2023-11-01 03:45:00+00:00,1099.592967950578
2023-11-01 04:45:00+00:00,1087.8918281444285
2023-11-01 05:45:00+00:00,1087.9064867664647
2023-11-01 06:45:00+00:00,1080.649288108863
2023-11-01 07:45:00+00:00,1055.5522700644465
2023-11-01 08:45:00+00:00,1049.6661185550354
2023-11-01 09:45:00+00:00,1044.231212429417
2023-11-02 03:45:00+00:00,1044.9383524257519
2023-11-02 04:45:00+00:00,1053.2582175862958
2023-11-02 05:45:00+00:00,1063.7953745685659
2023-11-02 06:45:00+00:00,1061.3343495551771
2023-11-02 07:45:00+00:00,1067.6320322386364
2023-11-02 08:45:00+00:00,1070.343861057589
2023-11-02 09:45:00+00:00,1057.8842596280595
2023-11-03 03:45:00+00:00,1052.0950979021109
2023-11-03 04:45:00+00:00,1049.060983937818
2023-11-03 05:45:00+00:00,1062.0780003257269
2023-11-03 06:45:00+00:00,1061.682897258466
2023-11-03 07:45:00+00:00,1069.4510555303098
2023-11-03 08:45:00+00:00,1075.4813937653976
2023-11-03 09:45:00+00:00,1071.4175545532648
2023-11-06 03:45:00+00:00,1067.8653431515722
2023-11-06 04:45:00+00:00,1058.7930501756505
2023-11-06 05:45:00+00:00,1068.6351463381288
2023-11-06 06:45:00+00:00,1069.6769641800722
2023-11-06 07:45:00+00:00,1056.734865225609
2023-11-06 08:45:00+00:00,1058.4089237995797
2023-11-06 09:45:00+00:00,1068.717184255439
2023-11-07 03:45:00+00:00,1082.687212669179
2023-11-07 04:45:00+00:00,1091.1692891991688
2023-11-07 05:45:00+00:00,1073.7337999344675
2023-11-07 06:45:00+00:00,1057.9457983403227
2023-11-07 07:45:00+00:00,1059.4624288877026
2023-11-07 08:45:00+00:00,1063.4547549973745
2023-11-07 09:45:00+00:00,1063.1622496633815
2023-11-08 03:45:00+00:00,1054.0273087888465
2023-11-08 04:45:00+00:00,1054.4083192705177
2023-11-08 05:45:00+00:00,1047.9393167498736
2023-11-08 06:45:00+00:00,1041.6686761802257
2023-11-08 07:45:00+00:00,1049.5418785468278
2023-11-08 08:45:00+00:00,1038.2103791191364
2023-11-08 09:45:00+00:00,1030.3116191197437
2023-11-09 03:45:00+00:00,1023.4671162764683
2023-11-09 04:45:00+00:00,1015.8422947072072
2023-11-09 05:45:00+00:00,1007.1633982830781
2023-11-09 06:45:00+00:00,1002.9916326769688
2023-11-09 07:45:00+00:00,1015.7590555548187
2023-11-09 08:45:00+00:00,1017.9544078521666
2023-11-09 09:45:00+00:00,1020.1414605380616
2023-11-10 03:45:00+00:00,1024.9300101969254
2023-11-10 04:45:00+00:00,1005.2698961661296
2023-11-10 05:45:00+00:00,1012.1184504017817
2023-11-10 06:45:00+00:00,1009.6745288820432
2023-11-10 07:45:00+00:00,1012.8110067277302
2023-11-10 08:45:00+00:00,1009.6109130227197
2023-11-10 09:45:00+00:00,996.64623622164
2023-11-13 03:45:00+00:00,995.1985871565051
2023-11-13 04:45:00+00:00,992.5658399596822
2023-11-13 05:45:00+00:00,1000.4573430730503
2023-11-13 06:45:00+00:00,998.295907728701
2023-11-13 07:45:00+00:00,993.783983854251
2023-11-13 08:45:00+00:00,999.3026267736476
2023-11-13 09:45:00+00:00,988.3674616074818
2023-11-15 03:45:00+00:00,984.4483851718425
2023-11-15 04:45:00+00:00,981.9800810698882
2023-11-15 05:45:00+00:00,988.982964626938
2023-11-15 06:45:00+00:00,990.6653231448433
2023-11-15 07:45:00+00:00,981.9286820440525
2023-11-15 08:45:00+00:00,984.5804627478904
2023-11-15 09:45:00+00:00,990.2099832690509
2023-11-16 03:45:00+00:00,993.9463369760838
2023-11-16 04:45:00+00:00,996.92369488893
2023-11-16 05:45:00+00:00,987.6137795611513
2023-11-16 06:45:00+00:00,987.466304423861
2023-11-16 07:45:00+00:00,989.7605363285652
2023-11-16 08:45:00+00:00,988.1020107954183
2023-11-16 09:45:00+00:00,985.3364993711297
2023-11-17 03:45:00+00:00,981.8522069990327
2023-11-17 04:45:00+00:00,990.4134846244871
2023-11-17 05:45:00+00:00,993.1692563364868
2023-11-17 06:45:00+00:00,1001.650724566696
2023-11-17 07:45:00+00:00,1003.0186780103523
2023-11-17 08:45:00+00:00,1005.7301473155744
2023-11-17 09:45:00+00:00,1004.288378778169
2023-11-20 03:45:00+00:00,989.7221719431195
2023-11-20 04:45:00+00:00,995.0142205242902
2023-11-20 05:45:00+00:00,988.0976516339463
2023-11-20 06:45:00+00:00,987.2509978879598
2023-11-20 07:45:00+00:00,984.806506065171
2023-11-20 08:45:00+00:00,986.945037166129
2023-11-20 09:45:00+00:00,981.3350132223866
2023-11-21 03:45:00+00:00,976.4634229416707
2023-11-21 04:45:00+00:00,971.6785790523458
2023-11-21 05:45:00+00:00,962.6793150404756
2023-11-21 06:45:00+00:00,969.9001323594739
2023-11-21 07:45:00+00:00,968.4905584552437
2023-11-21 08:45:00+00:00,966.3891385455772
2023-11-21 09:45:00+00:00,960.3560859119863
2023-11-22 03:45:00+00:00,941.7549920504096
2023-11-22 04:45:00+00:00,939.6127645318311
2023-11-22 05:45:00+00:00,941.2847261231508
2023-11-22 06:45:00+00:00,941.3135164749252
2023-11-22 07:45:00+00:00,934.5190237117642
2023-11-22 08:45:00+00:00,933.895008676627
2023-11-22 09:45:00+00:00,927.6328826032311
2023-11-23 03:45:00+00:00,926.5682999766406
2023-11-23 04:45:00+00:00,932.0422698819046
2023-11-23 05:45:00+00:00,930.7666400861647
2023-11-23 06:45:00+00:00,923.0181054519121
2023-11-23 07:45:00+00:00,936.1511727615263
2023-11-23 08:45:00+00:00,940.8064723265863
2023-11-23 09:45:00+00:00,948.4272655170964
2023-11-24 03:45:00+00:00,937.9928663077048
2023-11-24 04:45:00+00:00,943.3414923813004
2023-11-24 05:45:00+00:00,942.0867633675832
2023-11-24 06:45:00+00:00,948.097085891311
2023-11-24 07:45:00+00:00,957.9265934481765
2023-11-24 08:45:00+00:00,959.6810787534911
2023-11-24 09:45:00+00:00,976.0590081255574
2023-11-28 03:45:00+00:00,980.2794833862437
2023-11-28 04:45:00+00:00,990.7331716294394
2023-11-28 05:45:00+00:00,999.703633811702
2023-11-28 06:45:00+00:00,996.5653381727395
2023-11-28 07:45:00+00:00,984.3091625915513
2023-11-28 08:45:00+00:00,984.8957433130697
2023-11-28 09:45:00+00:00,990.2021826127847
2023-11-29 03:45:00+00:00,994.1856820654474
2023-11-29 04:45:00+00:00,1000.3355511587876
2023-11-29 05:45:00+00:00,982.9111840888778
2023-11-29 06:45:00+00:00,986.612245621924
2023-11-29 07:45:00+00:00,991.4832176493942
2023-11-29 08:45:00+00:00,987.489414109156
2023-11-29 09:45:00+00:00,994.2104567705784
2023-11-30 03:45:00+00:00,1001.5656728887047
2023-11-30 04:45:00+00:00,1011.1809202724704
2023-11-30 05:45:00+00:00,1013.1294613984085
2023-11-30 06:45:00+00:00,1001.7624855869508
2023-11-30 07:45:00+00:00,997.3687232794346
2023-11-30 08:45:00+00:00,979.5578313933377
2023-11-30 09:45:00+00:00,976.0298888215432
2023-12-01 03:45:00+00:00,987.5839329555172
2023-12-01 04:45:00+00:00,995.522500258497
2023-12-01 05:45:00+00:00,1001.067057092276
2023-12-01 06:45:00+00:00,1011.1761209036108
2023-12-01 07:45:00+00:00,1016.5549061741057
2023-12-01 08:45:00+00:00,1013.8908261178882
2023-12-01 09:45:00+00:00,1022.1254496386756
2023-12-04 03:45:00+00:00,1019.7133558150433
2023-12-04 04:45:00+00:00,1012.5859099073771
2023-12-04 05:45:00+00:00,1013.007384843903
2023-12-04 06:45:00+00:00,1025.0963396674817
2023-12-04 07:45:00+00:00,1019.8316575369755
2023-12-04 08:45:00+00:00,1014.7997097385847
2023-12-04 09:45:00+00:00,1015.7230247086487
2023-12-05 03:45:00+00:00,1006.1627366768438
2023-12-05 04:45:00+00:00,989.9913972603955
2023-12-05 05:45:00+00:00,993.4014450987772
2023-12-05 06:45:00+00:00,997.5862791435471
2023-12-05 07:45:00+00:00,994.2739432642645
2023-12-05 08:45:00+00:00,991.2184822456319
2023-12-05 09:45:00+00:00,976.2869348054244
2023-12-06 03:45:00+00:00,981.1566512437688
2023-12-06 04:45:00+00:00,979.466136277624
2023-12-06 05:45:00+00:00,971.7851757408473
2023-12-06 06:45:00+00:00,959.3692090381242
2023-12-06 07:45:00+00:00,969.3271487434145
2023-12-06 08:45:00+00:00,969.1422214628241
2023-12-06 09:45:00+00:00,975.4380935824942
2023-12-07 03:45:00+00:00,979.4394055332729
2023-12-07 04:45:00+00:00,971.4695597993875
2023-12-07 05:45:00+00:00,971.0360747958439
2023-12-07 06:45:00+00:00,977.1750937123251
2023-12-07 07:45:00+00:00,970.64192755087
2023-12-07 08:45:00+00:00,972.8885829715947
2023-12-07 09:45:00+00:00,968.5699379002673
2023-12-08 03:45:00+00:00,969.8478969149913
2023-12-08 04:45:00+00:00,960.5189759182338
2023-12-08 05:45:00+00:00,967.9109886343844
2023-12-08 06:45:00+00:00,971.2696679979215
2023-12-08 07:45:00+00:00,965.612998514709
2023-12-08 08:45:00+00:00,959.4876516142682
2023-12-08 09:45:00+00:00,958.8626534729575
2023-12-11 03:45:00+00:00,952.9026584107455
2023-12-11 04:45:00+00:00,952.8164261118214
2023-12-11 05:45:00+00:00,953.2420220986778
2023-12-11 06:45:00+00:00,967.2379215718167
2023-12-11 07:45:00+00:00,957.6584700600993
2023-12-11 08:45:00+00:00,955.4422212577122
2023-12-11 09:45:00+00:00,957.0661685751414
2023-12-12 03:45:00+00:00,961.051914946025
2023-12-12 04:45:00+00:00,951.6669853912643
2023-12-12 05:45:00+00:00,953.0165064802106
2023-12-12 06:45:00+00:00,932.4784147817164
2023-12-12 07:45:00+00:00,948.9421600587453
2023-12-12 08:45:00+00:00,949.6558520377463
2023-12-12 09:45:00+00:00,943.5005579315616
2023-12-13 03:45:00+00:00,941.8614214891378
2023-12-13 04:45:00+00:00,934.5160495556659
2023-12-13 05:45:00+00:00,933.7214157713478
2023-12-13 06:45:00+00:00,935.8037015302216
2023-12-13 07:45:00+00:00,941.2676804575085
2023-12-13 08:45:00+00:00,933.8626813645938
2023-12-13 09:45:00+00:00,934.6231650265481
2023-12-14 03:45:00+00:00,929.4208231365402
2023-12-14 04:45:00+00:00,925.4170651924713
2023-12-14 05:45:00+00:00,926.2664162857028
2023-12-14 06:45:00+00:00,930.5850330973437
2023-12-14 07:45:00+00:00,926.4018081290266
2023-12-14 08:45:00+00:00,914.7716422341882
2023-12-14 09:45:00+00:00,906.3541108681778
2023-12-15 03:45:00+00:00,910.7899655967824
2023-12-15 04:45:00+00:00,903.6857239426947
2023-12-15 05:45:00+00:00,901.645460977355
2023-12-15 06:45:00+00:00,903.3538262074583
2023-12-15 07:45:00+00:00,903.2903825923473
2023-12-15 08:45:00+00:00,904.5166347450483
2023-12-15 09:45:00+00:00,899.3195084516134
2023-12-18 03:45:00+00:00,894.7806843178247
2023-12-18 04:45:00+00:00,893.7704811945279
2023-12-18 05:45:00+00:00,891.6858392133586
2023-12-18 06:45:00+00:00,900.3973872802194
2023-12-18 07:45:00+00:00,903.0786589968648
2023-12-18 08:45:00+00:00,897.5600337659723
2023-12-18 09:45:00+00:00,890.9641348997666
2023-12-19 03:45:00+00:00,884.3224281124235
2023-12-19 04:45:00+00:00,896.526407407215
2023-12-19 05:45:00+00:00,889.232120274069
2023-12-19 06:45:00+00:00,886.2393152032804
2023-12-19 07:45:00+00:00,890.7873174493534
2023-12-19 08:45:00+00:00,877.8795234790365
2023-12-19 09:45:00+00:00,882.0718625874806
2023-12-20 03:45:00+00:00,880.772356356617
2023-12-20 04:45:00+00:00,879.098283558032
2023-12-20 05:45:00+00:00,893.8000411957398
2023-12-20 06:45:00+00:00,909.5835422936689
2023-12-20 07:45:00+00:00,901.7635398598679
2023-12-20 08:45:00+00:00,904.6159900954214
2023-12-20 09:45:00+00:00,912.3999222030287
2023-12-21 03:45:00+00:00,904.7623317926711
2023-12-21 04:45:00+00:00,912.8271298998486
2023-12-21 05:45:00+00:00,912.8785755303586
2023-12-21 06:45:00+00:00,905.0119929917754
2023-12-21 07:45:00+00:00,900.930833001711
2023-12-21 08:45:00+00:00,916.3067369082805
2023-12-21 09:45:00+00:00,924.3167687612064
2023-12-22 03:45:00+00:00,929.548488900353
2023-12-22 04:45:00+00:00,921.4753953582468
2023-12-22 05:45:00+00:00,925.4166711220893
2023-12-22 06:45:00+00:00,929.4301922048103
2023-12-22 07:45:00+00:00,925.3790568491929
2023-12-22 08:45:00+00:00,922.2002448632833
2023-12-22 09:45:00+00:00,932.6178637496631
2023-12-26 03:45:00+00:00,930.1951801192
2023-12-26 04:45:00+00:00,931.2943852828165
2023-12-26 05:45:00+00:00,917.5031709597861
2023-12-26 06:45:00+00:00,914.5129044551112
2023-12-26 07:45:00+00:00,905.3005618379068
2023-12-26 08:45:00+00:00,882.9911261212052
2023-12-26 09:45:00+00:00,875.3110102399376
2023-12-27 03:45:00+00:00,876.4453915976807
2023-12-27 04:45:00+00:00,880.796517117375
2023-12-27 05:45:00+00:00,884.9438040418001
2023-12-27 06:45:00+00:00,884.0881057306082
2023-12-27 07:45:00+00:00,882.8232823348798
2023-12-27 08:45:00+00:00,877.352027406346
2023-12-27 09:45:00+00:00,874.792092056613
2023-12-28 03:45:00+00:00,866.4144966594196
2023-12-28 04:45:00+00:00,857.3514832452952
2023-12-28 05:45:00+00:00,855.2298540713535
2023-12-28 06:45:00+00:00,848.7219129728499
2023-12-28 07:45:00+00:00,842.6612072767679
2023-12-28 08:45:00+00:00,839.4019381774501
2023-12-28 09:45:00+00:00,832.5646149365961
2023-12-29 03:45:00+00:00,838.9638472942024
2023-12-29 04:45:00+00:00,843.9411912433832
2023-12-29 05:45:00+00:00,846.001285239232
2023-12-29 06:45:00+00:00,844.3155745903549
2023-12-29 07:45:00+00:00,835.374784731343
2023-12-29 08:45:00+00:00,843.5136549247663
2023-12-29 09:45:00+00:00,840.86648645723
2024-01-01 03:45:00+00:00,841.7753997612301
2024-01-01 04:45:00+00:00,843.0640519842386
2024-01-01 05:45:00+00:00,849.4039077073551
2024-01-01 06:45:00+00:00,841.0552166457854
2024-01-01 07:45:00+00:00,830.3615780911499
2024-01-01 08:45:00+00:00,819.4108513664087
2024-01-01 09:45:00+00:00,827.2737609085474
2024-01-02 03:45:00+00:00,821.7897263641056
2024-01-02 04:45:00+00:00,819.1474784073856
2024-01-02 05:45:00+00:00,828.7147841499868
2024-01-02 06:45:00+00:00,827.730478417869
2024-01-02 07:45:00+00:00,830.1970617961384
2024-01-02 08:45:00+00:00,830.9754515935281
2024-01-02 09:45:00+00:00,838.2557796271902
2024-01-03 03:45:00+00:00,834.1498695083953
2024-01-03 04:45:00+00:00,827.0217839464989
2024-01-03 05:45:00+00:00,832.5825725117165
2024-01-03 06:45:00+00:00,835.4082384822817
2024-01-03 07:45:00+00:00,839.2236481478044
2024-01-03 08:45:00+00:00,832.0422773774582
2024-01-03 09:45:00+00:00,835.8946742057258
2024-01-04 03:45:00+00:00,835.2789678789254
2024-01-04 04:45:00+00:00,825.1226847279465
2024-01-04 05:45:00+00:00,821.0618104524251
2024-01-04 06:45:00+00:00,814.5628823546257
2024-01-04 07:45:00+00:00,816.7557850564925
2024-01-04 08:45:00+00:00,818.7977257412233
2024-01-04 09:45:00+00:00,818.020934909256
2024-01-05 03:45:00+00:00,819.0463587869601
2024-01-05 04:45:00+00:00,809.6188214294361
2024-01-05 05:45:00+00:00,809.5858053111846
2024-01-05 06:45:00+00:00,807.3454249702079
2024-01-05 07:45:00+00:00,816.7917817640786
2024-01-05 08:45:00+00:00,816.7334415784419
2024-01-05 09:45:00+00:00,822.8071089520275
2024-01-08 03:45:00+00:00,811.9239460281078
2024-01-08 04:45:00+00:00,822.2175096227949
2024-01-08 05:45:00+00:00,831.7749228280042
2024-01-08 06:45:00+00:00,821.5059567027815
2024-01-08 07:45:00+00:00,822.1915949742493
2024-01-08 08:45:00+00:00,822.3431682658286
2024-01-08 09:45:00+00:00,824.3093414105159
2024-01-09 03:45:00+00:00,820.8228938514413
2024-01-09 04:45:00+00:00,824.8564656378205
2024-01-09 05:45:00+00:00,824.9941111180676
2024-01-09 06:45:00+00:00,813.0073147493013
2024-01-09 07:45:00+00:00,809.2683980861316
2024-01-09 08:45:00+00:00,811.8287480408294
2024-01-09 09:45:00+00:00,806.3246909953676
2024-01-10 03:45:00+00:00,798.6859706333104
2024-01-10 04:45:00+00:00,799.1581549605779
2024-01-10 05:45:00+00:00,799.4136525763166
2024-01-10 06:45:00+00:00,805.8213317219451
2024-01-10 07:45:00+00:00,798.6992154786059
2024-01-10 08:45:00+00:00,805.7095746250985
2024-01-10 09:45:00+00:00,802.7038795760124
2024-01-11 03:45:00+00:00,811.9036149216836
2024-01-11 04:45:00+00:00,809.6849147783753
2024-01-11 05:45:00+00:00,814.7404128530245
2024-01-11 06:45:00+00:00,817.7133965190254
2024-01-11 07:45:00+00:00,836.4798184395048
2024-01-11 08:45:00+00:00,846.4725711041458
2024-01-11 09:45:00+00:00,850.8756005852874
2024-01-12 03:45:00+00:00,847.560871672338
2024-01-12 04:45:00+00:00,857.0998969327391
2024-01-12 05:45:00+00:00,862.2527884645042
2024-01-12 06:45:00+00:00,862.3570057860824
2024-01-12 07:45:00+00:00,866.4090784969488
2024-01-12 08:45:00+00:00,859.4178396810627
2024-01-12 09:45:00+00:00,857.2324561125051
2024-01-15 03:45:00+00:00,850.1381188377802
2024-01-15 04:45:00+00:00,865.179795351151
2024-01-15 05:45:00+00:00,867.431352272539
2024-01-15 06:45:00+00:00,868.5699512087654
2024-01-15 07:45:00+00:00,853.1269291915352
2024-01-15 08:45:00+00:00,858.7164953463711
2024-01-15 09:45:00+00:00,861.5343205158312
2024-01-16 03:45:00+00:00,854.8189730946564
2024-01-16 04:45:00+00:00,851.036684649235
2024-01-16 05:45:00+00:00,855.5974730112569
2024-01-16 06:45:00+00:00,868.553347629869
2024-01-16 07:45:00+00:00,886.3287251852317
2024-01-16 08:45:00+00:00,878.9777693183933
2024-01-16 09:45:00+00:00,875.3498612673782
2024-01-17 03:45:00+00:00,870.6116513033068
2024-01-17 04:45:00+00:00,875.870140575866
2024-01-17 05:45:00+00:00,871.3634413446795
2024-01-17 06:45:00+00:00,882.485075293226
2024-01-17 07:45:00+00:00,882.3470924454673
2024-01-17 08:45:00+00:00,888.6768443177524
2024-01-17 09:45:00+00:00,899.9288948205422
2024-01-18 03:45:00+00:00,902.4450018471125
2024-01-18 04:45:00+00:00,913.2122112194838
2024-01-18 05:45:00+00:00,926.865046008858
2024-01-18 06:45:00+00:00,945.0440435650191
2024-01-18 07:45:00+00:00,944.90298455474
2024-01-18 08:45:00+00:00,951.6746406125425
2024-01-18 09:45:00+00:00,959.1374691313637
2024-01-19 03:45:00+00:00,960.3046795180643
2024-01-19 04:45:00+00:00,960.925811689225
2024-01-19 05:45:00+00:00,963.4589141290121
2024-01-19 06:45:00+00:00,962.8618106938789
2024-01-19 07:45:00+00:00,957.6673386919276
2024-01-19 08:45:00+00:00,959.396351281587
2024-01-19 09:45:00+00:00,946.3119614386354
2024-01-23 03:45:00+00:00,934.7184268680952
2024-01-23 04:45:00+00:00,940.0788781779576
2024-01-23 05:45:00+00:00,940.2059675304716
2024-01-23 06:45:00+00:00,934.1325813938294
2024-01-23 07:45:00+00:00,935.279887441229
2024-01-23 08:45:00+00:00,931.8118005387187
2024-01-23 09:45:00+00:00,935.8087244240689
2024-01-24 03:45:00+00:00,933.0173106155436
2024-01-24 04:45:00+00:00,932.0721513336546
2024-01-24 05:45:00+00:00,935.8648966878443
2024-01-24 06:45:00+00:00,925.5842196474262
2024-01-24 07:45:00+00:00,922.7153947650966
2024-01-24 08:45:00+00:00,920.7731555546701
2024-01-24 09:45:00+00:00,920.2350882479172
2024-01-25 03:45:00+00:00,923.8186105409364
2024-01-25 04:45:00+00:00,926.1784135678653
2024-01-25 05:45:00+00:00,928.2577486847134
2024-01-25 06:45:00+00:00,921.4895659983259
2024-01-25 07:45:00+00:00,923.3432497425176
2024-01-25 08:45:00+00:00,923.8513562011666
2024-01-25 09:45:00+00:00,918.983261076514
2024-01-29 03:45:00+00:00,915.5307175953909
2024-01-29 04:45:00+00:00,928.5018030731954
2024-01-29 05:45:00+00:00,937.786672809263
2024-01-29 06:45:00+00:00,927.5465459895489
2024-01-29 07:45:00+00:00,921.7221157721139
2024-01-29 08:45:00+00:00,912.8150494539001
2024-01-29 09:45:00+00:00,916.3626545853168
2024-01-30 03:45:00+00:00,916.9261001906348
2024-01-30 04:45:00+00:00,913.5045251055507
2024-01-30 05:45:00+00:00,916.4567861652497
2024-01-30 06:45:00+00:00,909.5290034158807
2024-01-30 07:45:00+00:00,908.4293698078375
2024-01-30 08:45:00+00:00,904.928102352965
2024-01-30 09:45:00+00:00,896.4563896600099
2024-01-31 03:45:00+00:00,895.2833183521622
2024-01-31 04:45:00+00:00,908.4808506875573
2024-01-31 05:45:00+00:00,906.9899273452263
2024-01-31 06:45:00+00:00,924.5678952172229
2024-01-31 07:45:00+00:00,924.7874716935332
2024-01-31 08:45:00+00:00,917.3510577692834
2024-01-31 09:45:00+00:00,911.2405263732564
2024-02-01 03:45:00+00:00,920.3838472608755
2024-02-01 04:45:00+00:00,925.5837885072399
2024-02-01 05:45:00+00:00,922.9150274452609
2024-02-01 06:45:00+00:00,914.9708921691289
2024-02-01 07:45:00+00:00,916.7261862603234
2024-02-01 08:45:00+00:00,920.1196583291281
2024-02-01 09:45:00+00:00,899.2162008819811
2024-02-02 03:45:00+00:00,910.7197408324956
2024-02-02 04:45:00+00:00,907.7726905477649
2024-02-02 05:45:00+00:00,900.1899312667048
2024-02-02 06:45:00+00:00,891.9085911816029
2024-02-02 07:45:00+00:00,884.2711124721736
2024-02-02 08:45:00+00:00,896.6854077644132
2024-02-02 09:45:00+00:00,891.3643539647023
2024-02-05 03:45:00+00:00,873.6798299930716
2024-02-05 04:45:00+00:00,883.5958997394209
2024-02-05 05:45:00+00:00,891.6048165639804
2024-02-05 06:45:00+00:00,877.645545494247
2024-02-05 07:45:00+00:00,886.1980201128466
2024-02-05 08:45:00+00:00,873.6624248570545
2024-02-05 09:45:00+00:00,863.8520771658493
2024-02-06 03:45:00+00:00,856.4243027543936
2024-02-06 04:45:00+00:00,855.4739251967178
2024-02-06 05:45:00+00:00,856.3654074510149
2024-02-06 06:45:00+00:00,855.8234694495746
2024-02-06 07:45:00+00:00,855.731884617664
2024-02-06 08:45:00+00:00,855.348755347011
2024-02-06 09:45:00+00:00,855.2914391357382
2024-02-07 03:45:00+00:00,859.8088761025184
2024-02-07 04:45:00+00:00,859.4198218692454
2024-02-07 05:45:00+00:00,857.2829740553352
2024-02-07 06:45:00+00:00,861.5980254278489
2024-02-07 07:45:00+00:00,862.1680028780123
2024-02-07 08:45:00+00:00,863.6925730998306
2024-02-07 09:45:00+00:00,870.4082724999746
2024-02-08 03:45:00+00:00,870.5826243058781
2024-02-08 04:45:00+00:00,874.1836428073543
2024-02-08 05:45:00+00:00,868.5265896342489
2024-02-08 06:45:00+00:00,866.6985526060342
2024-02-08 07:45:00+00:00,864.8679472036689
2024-02-08 08:45:00+00:00,865.0795063869239
2024-02-08 09:45:00+00:00,853.2412750968633
2024-02-09 03:45:00+00:00,857.8223803273847
2024-02-09 04:45:00+00:00,868.7820419754477
2024-02-09 05:45:00+00:00,860.6116821690233
2024-02-09 06:45:00+00:00,859.1675033710761
2024-02-09 07:45:00+00:00,869.3113411559947
2024-02-09 08:45:00+00:00,868.2944267029026
2024-02-09 09:45:00+00:00,865.7970578254024
2024-02-12 03:45:00+00:00,866.6829453996187
2024-02-12 04:45:00+00:00,877.9182845149448
2024-02-12 05:45:00+00:00,890.952132373713
2024-02-12 06:45:00+00:00,872.6848031631932
2024-02-12 07:45:00+00:00,867.5067582051823
2024-02-12 08:45:00+00:00,880.6648802252517
2024-02-12 09:45:00+00:00,862.6083034361267
2024-02-13 03:45:00+00:00,866.428184711312
2024-02-13 04:45:00+00:00,862.0367050400009
2024-02-13 05:45:00+00:00,860.1710393675733
2024-02-13 06:45:00+00:00,849.3565160827081
2024-02-13 07:45:00+00:00,857.4605014417623
2024-02-13 08:45:00+00:00,869.6785763958076
2024-02-13 09:45:00+00:00,865.1419735048161
2024-02-14 03:45:00+00:00,870.4966820777156
2024-02-14 04:45:00+00:00,871.4523592998727
2024-02-14 05:45:00+00:00,884.3185451511212
2024-02-14 06:45:00+00:00,879.3920125946001
2024-02-14 07:45:00+00:00,879.5044554065429
2024-02-14 08:45:00+00:00,869.3149317744901
2024-02-14 09:45:00+00:00,867.9371685251854
2024-02-15 03:45:00+00:00,877.0677807711467
2024-02-15 04:45:00+00:00,884.3180651800603
2024-02-15 05:45:00+00:00,893.7362650404525
2024-02-15 06:45:00+00:00,887.230656353974
2024-02-15 07:45:00+00:00,883.4391726773014
2024-02-15 08:45:00+00:00,878.6820202151532
2024-02-15 09:45:00+00:00,888.7056171976133
2024-02-16 03:45:00+00:00,888.0293375927865
2024-02-16 04:45:00+00:00,889.8716321876228
2024-02-16 05:45:00+00:00,894.1620337413939
2024-02-16 06:45:00+00:00,890.7296665006863
2024-02-16 07:45:00+00:00,883.3808146343519
2024-02-16 08:45:00+00:00,898.5243392591815
2024-02-16 09:45:00+00:00,897.9485541404791
2024-02-19 03:45:00+00:00,912.3041268483341
2024-02-19 04:45:00+00:00,915.9860767166118
2024-02-19 05:45:00+00:00,909.455378507902
2024-02-19 06:45:00+00:00,904.6152973082144
2024-02-19 07:45:00+00:00,900.6316873626281
2024-02-19 08:45:00+00:00,890.9401015303442
2024-02-19 09:45:00+00:00,889.2481501617228
2024-02-20 03:45:00+00:00,890.0513238351693
2024-02-20 04:45:00+00:00,895.5453781903848
2024-02-20 05:45:00+00:00,906.3817954817887
2024-02-20 06:45:00+00:00,893.3242420634563
2024-02-20 07:45:00+00:00,902.5287752852408
2024-02-20 08:45:00+00:00,902.9622988374705
2024-02-20 09:45:00+00:00,907.3508569910794
2024-02-21 03:45:00+00:00,906.0759502500824
2024-02-21 04:45:00+00:00,899.3352597557526
2024-02-21 05:45:00+00:00,902.5348048718288
2024-02-21 06:45:00+00:00,905.4646344716176
2024-02-21 07:45:00+00:00,895.2135416046706
2024-02-21 08:45:00+00:00,903.4301786045087
2024-02-21 09:45:00+00:00,914.6588324406396
2024-02-22 03:45:00+00:00,906.2518915490956
2024-02-22 04:45:00+00:00,908.1022151265364
2024-02-22 05:45:00+00:00,919.5805245912327
2024-02-22 06:45:00+00:00,915.4594886797618
2024-02-22 07:45:00+00:00,914.914189736414
2024-02-22 08:45:00+00:00,926.7750348798849
2024-02-22 09:45:00+00:00,924.6515569478869
2024-02-23 03:45:00+00:00,925.976609673979
2024-02-23 04:45:00+00:00,920.6559638293687
2024-02-23 05:45:00+00:00,912.313187320939
2024-02-23 06:45:00+00:00,918.9231257260736
2024-02-23 07:45:00+00:00,922.2829062038625
2024-02-23 08:45:00+00:00,920.7438962467962
2024-02-23 09:45:00+00:00,920.772916945003
2024-02-26 03:45:00+00:00,920.9311468528979
2024-02-26 04:45:00+00:00,934.7522553245923
2024-02-26 05:45:00+00:00,928.04580793596
2024-02-26 06:45:00+00:00,938.0432825104655
2024-02-26 07:45:00+00:00,942.6332981632306
2024-02-26 08:45:00+00:00,947.0308198494085
2024-02-26 09:45:00+00:00,956.6824848266571
2024-02-27 03:45:00+00:00,953.2464400466583
2024-02-27 04:45:00+00:00,952.0666908474458
2024-02-27 05:45:00+00:00,945.0623449548622
2024-02-27 06:45:00+00:00,949.1446939264903
2024-02-27 07:45:00+00:00,952.1297748106264
2024-02-27 08:45:00+00:00,959.2440067254469
2024-02-27 09:45:00+00:00,971.4868350964315
2024-02-28 03:45:00+00:00,978.2249925561147
2024-02-28 04:45:00+00:00,986.6131190073555
2024-02-28 05:45:00+00:00,964.4244719173755
2024-02-28 06:45:00+00:00,966.476639090461
2024-02-28 07:45:00+00:00,968.2175750512745
2024-02-28 08:45:00+00:00,975.1681379823284
2024-02-28 09:45:00+00:00,974.0139559124898
2024-02-29 03:45:00+00:00,971.947852037411
2024-02-29 04:45:00+00:00,980.9646559852438
2024-02-29 05:45:00+00:00,972.7114130559382
2024-02-29 06:45:00+00:00,963.2527737645688
2024-02-29 07:45:00+00:00,962.6308706166931
2024-02-29 08:45:00+00:00,981.097615552329
2024-02-29 09:45:00+00:00,981.7463529547671
2024-03-01 03:45:00+00:00,985.118372375699
2024-03-01 04:45:00+00:00,990.8057979447775
2024-03-01 05:45:00+00:00,1002.0881717077772
2024-03-01 06:45:00+00:00,1002.5596590157872
2024-03-01 07:45:00+00:00,1004.7426280744502
2024-03-01 08:45:00+00:00,1009.8919960326099
2024-03-01 09:45:00+00:00,1023.4439603493845
2024-03-04 03:45:00+00:00,1022.0844030553707
2024-03-04 04:45:00+00:00,1019.0641020087115
2024-03-04 05:45:00+00:00,1029.0025645124654
2024-03-04 06:45:00+00:00,1036.4887513992583
2024-03-04 07:45:00+00:00,1041.2663950119022
2024-03-04 08:45:00+00:00,1040.8844574774466
2024-03-04 09:45:00+00:00,1043.764519892402
2024-03-05 03:45:00+00:00,1033.650990827223
2024-03-05 04:45:00+00:00,1037.8340570018968
2024-03-05 05:45:00+00:00,1060.2128250835424
2024-03-05 06:45:00+00:00,1065.7405304533804
2024-03-05 07:45:00+00:00,1065.1727894487958
2024-03-05 08:45:00+00:00,1065.6840766801638
2024-03-05 09:45:00+00:00,1073.5502133245661
2024-03-06 03:45:00+00:00,1074.3572947050243
2024-03-06 04:45:00+00:00,1075.4296929368002
2024-03-06 05:45:00+00:00,1078.6205375980157
2024-03-06 06:45:00+00:00,1065.2068264103073
2024-03-06 07:45:00+00:00,1058.8335468133828
2024-03-06 08:45:00+00:00,1063.1882623955523
2024-03-06 09:45:00+00:00,1064.4598912700512
2024-03-07 03:45:00+00:00,1063.3797908258705
2024-03-07 04:45:00+00:00,1069.9713047269765
2024-03-07 05:45:00+00:00,1076.5283911654521
2024-03-07 06:45:00+00:00,1083.0549194380815
2024-03-07 07:45:00+00:00,1098.244823405057
2024-03-07 08:45:00+00:00,1102.864417948967
2024-03-07 09:45:00+00:00,1095.542361364536
2024-03-11 03:45:00+00:00,1080.152998047417
2024-03-11 04:45:00+00:00,1071.8057491969114
2024-03-11 05:45:00+00:00,1068.3131901088846
2024-03-11 06:45:00+00:00,1069.2843628499368
2024-03-11 07:45:00+00:00,1057.238050004409
2024-03-11 08:45:00+00:00,1072.19838836982
2024-03-11 09:45:00+00:00,1078.0046213906191
2024-03-12 03:45:00+00:00,1079.1666619890411
2024-03-12 04:45:00+00:00,1075.8594795422102
2024-03-12 05:45:00+00:00,1072.5862603383773
2024-03-12 06:45:00+00:00,1067.189010118108
2024-03-12 07:45:00+00:00,1060.416292552105
2024-03-12 08:45:00+00:00,1082.9073036566763
2024-03-12 09:45:00+00:00,1084.177453831858
2024-03-13 03:45:00+00:00,1105.3816946177126
2024-03-13 04:45:00+00:00,1120.9202086116297
2024-03-13 05:45:00+00:00,1117.9229035986693
2024-03-13 06:45:00+00:00,1110.6068960577213
2024-03-13 07:45:00+00:00,1127.3984840152366
2024-03-13 08:45:00+00:00,1125.8728400089078
2024-03-13 09:45:00+00:00,1118.1205100415136
2024-03-14 03:45:00+00:00,1139.7323469288683
2024-03-14 04:45:00+00:00,1131.7959318341034
2024-03-14 05:45:00+00:00,1135.5320825552474
2024-03-14 06:45:00+00:00,1131.021792055544
2024-03-14 07:45:00+00:00,1126.6632548946188
2024-03-14 08:45:00+00:00,1131.6467504021766
2024-03-14 09:45:00+00:00,1123.8353399448322
2024-03-15 03:45:00+00:00,1136.4913602768888
2024-03-15 04:45:00+00:00,1133.7874619647716
2024-03-15 05:45:00+00:00,1127.218622662676
2024-03-15 06:45:00+00:00,1141.3833975638947
2024-03-15 07:45:00+00:00,1142.9035776363703
2024-03-15 08:45:00+00:00,1142.6342654393861
2024-03-15 09:45:00+00:00,1133.0002836683825
2024-03-18 03:45:00+00:00,1135.379160303665
2024-03-18 04:45:00+00:00,1133.5503654487084
2024-03-18 05:45:00+00:00,1123.514008886346
2024-03-18 06:45:00+00:00,1129.121362509419
2024-03-18 07:45:00+00:00,1114.7643577379663
2024-03-18 08:45:00+00:00,1117.9036727092512
2024-03-18 09:45:00+00:00,1109.6476122845181
2024-03-19 03:45:00+00:00,1108.4164414949519
2024-03-19 04:45:00+00:00,1097.3751829471523
2024-03-19 05:45:00+00:00,1105.2045117351452
2024-03-19 06:45:00+00:00,1086.9983397822925
2024-03-19 07:45:00+00:00,1083.5207403793245
2024-03-19 08:45:00+00:00,1077.1394745324205
2024-03-19 09:45:00+00:00,1090.7280242582885
2024-03-20 03:45:00+00:00,1090.7570364876258
2024-03-20 04:45:00+00:00,1088.818317115886
2024-03-20 05:45:00+00:00,1093.718423145868
2024-03-20 06:45:00+00:00,1083.7373631298021
2024-03-20 07:45:00+00:00,1086.29173330707
2024-03-20 08:45:00+00:00,1072.563155403844
2024-03-20 09:45:00+00:00,1078.8988395681183
2024-03-21 03:45:00+00:00,1090.995531813266
2024-03-21 04:45:00+00:00,1081.026629652025
2024-03-21 05:45:00+00:00,1080.328296486796
2024-03-21 06:45:00+00:00,1094.5630684545247
2024-03-21 07:45:00+00:00,1108.0532999035147
2024-03-21 08:45:00+00:00,1116.1525337309051
2024-03-21 09:45:00+00:00,1106.9074922070038
2024-03-22 03:45:00+00:00,1120.9080580017974
2024-03-22 04:45:00+00:00,1130.9478497413754
2024-03-22 05:45:00+00:00,1125.524483290127
2024-03-22 06:45:00+00:00,1125.525124301329
2024-03-22 07:45:00+00:00,1137.9731115992083
2024-03-22 08:45:00+00:00,1128.0821618498749
2024-03-22 09:45:00+00:00,1138.69667890491
2024-03-26 03:45:00+00:00,1134.7568326772123
2024-03-26 04:45:00+00:00,1132.6607037457127
2024-03-26 05:45:00+00:00,1146.5617374301337
2024-03-26 06:45:00+00:00,1124.9443531333955
2024-03-26 07:45:00+00:00,1119.742081922821
2024-03-26 08:45:00+00:00,1118.1711395780555
2024-03-26 09:45:00+00:00,1116.160656499225
2024-03-27 03:45:00+00:00,1105.051567447986
2024-03-27 04:45:00+00:00,1117.101720893051
2024-03-27 05:45:00+00:00,1128.0232657501406
2024-03-27 06:45:00+00:00,1123.6005475096035
2024-03-27 07:45:00+00:00,1139.1609983052374
2024-03-27 08:45:00+00:00,1142.7356139716135
2024-03-27 09:45:00+00:00,1148.8332673486118
2024-03-28 03:45:00+00:00,1136.7733723499282
2024-03-28 04:45:00+00:00,1139.3922242352817
2024-03-28 05:45:00+00:00,1130.3364537916514
2024-03-28 06:45:00+00:00,1154.3116320671147
2024-03-28 07:45:00+00:00,1157.1996504790072
2024-03-28 08:45:00+00:00,1139.7885361433878
2024-03-28 09:45:00+00:00,1121.775559231
2024-04-01 03:45:00+00:00,1114.5410954935753
2024-04-01 04:45:00+00:00,1129.3573408318791
2024-04-01 05:45:00+00:00,1120.245828483716
2024-04-01 06:45:00+00:00,1111.8625991894567
2024-04-01 07:45:00+00:00,1101.1915248457017
2024-04-01 08:45:00+00:00,1101.1060445579797
2024-04-01 09:45:00+00:00,1098.8702274378015
2024-04-02 03:45:00+00:00,1110.297715729268
2024-04-02 04:45:00+00:00,1102.128262375836
2024-04-02 05:45:00+00:00,1097.59788451174
2024-04-02 06:45:00+00:00,1106.5115629971797
2024-04-02 07:45:00+00:00,1097.5025144698363
2024-04-02 08:45:00+00:00,1116.8675498649557
2024-04-02 09:45:00+00:00,1112.0163334149697
2024-04-03 03:45:00+00:00,1123.711659032603
2024-04-03 04:45:00+00:00,1134.2567330675079
2024-04-03 05:45:00+00:00,1152.472443070388
2024-04-03 06:45:00+00:00,1176.875896316802
2024-04-03 07:45:00+00:00,1182.0124358801127
2024-04-03 08:45:00+00:00,1181.1959597117132
2024-04-03 09:45:00+00:00,1171.745145887354
2024-04-04 03:45:00+00:00,1148.782174895433
2024-04-04 04:45:00+00:00,1154.8072107835912
2024-04-04 05:45:00+00:00,1156.7393920826653
2024-04-04 06:45:00+00:00,1134.5947960257345
2024-04-04 07:45:00+00:00,1132.718050873268
2024-04-04 08:45:00+00:00,1114.5997541728482
2024-04-04 09:45:00+00:00,1118.0356450252193
2024-04-05 03:45:00+00:00,1125.522174816354
2024-04-05 04:45:00+00:00,1131.4346970898014
2024-04-05 05:45:00+00:00,1113.1990088764685
2024-04-05 06:45:00+00:00,1107.2296700277434
2024-04-05 07:45:00+00:00,1107.028396003262
2024-04-05 08:45:00+00:00,1119.9708227944532
2024-04-05 09:45:00+00:00,1116.9692223966426
2024-04-08 03:45:00+00:00,1115.0429996513544
2024-04-08 04:45:00+00:00,1113.6422610798538
2024-04-08 05:45:00+00:00,1114.617483781871
2024-04-08 06:45:00+00:00,1116.4143053075516
2024-04-08 07:45:00+00:00,1116.7144704718614
2024-04-08 08:45:00+00:00,1098.7043231517114
2024-04-08 09:45:00+00:00,1109.3138605442696
2024-04-09 03:45:00+00:00,1109.1398955129862
2024-04-09 04:45:00+00:00,1124.2384808979107
2024-04-09 05:45:00+00:00,1138.2216042220316
2024-04-09 06:45:00+00:00,1159.025397793776
2024-04-09 07:45:00+00:00,1165.1137721705898
2024-04-09 08:45:00+00:00,1165.7910665256532
2024-04-09 09:45:00+00:00,1174.9300802069174
2024-04-10 03:45:00+00:00,1188.6094801089853
2024-04-10 04:45:00+00:00,1169.98172220957
2024-04-10 05:45:00+00:00,1166.0927132615186
2024-04-10 06:45:00+00:00,1162.9634474808465
2024-04-10 07:45:00+00:00,1161.0528242535122
2024-04-10 08:45:00+00:00,1157.7296474687378
2024-04-10 09:45:00+00:00,1162.2736922926458
2024-04-12 03:45:00+00:00,1160.5271870764636
2024-04-12 04:45:00+00:00,1150.8015917436435
2024-04-12 05:45:00+00:00,1145.1217820182017
2024-04-12 06:45:00+00:00,1130.3849552204763
2024-04-12 07:45:00+00:00,1122.8243780752127
2024-04-12 08:45:00+00:00,1122.9818223951895
2024-04-12 09:45:00+00:00,1132.457998400326
2024-04-15 03:45:00+00:00,1140.5742692861202
2024-04-15 04:45:00+00:00,1127.4273455385721
2024-04-15 05:45:00+00:00,1120.636454942078
2024-04-15 06:45:00+00:00,1125.0148344579993
2024-04-15 07:45:00+00:00,1123.836713786128
2024-04-15 08:45:00+00:00,1130.7609574013545
2024-04-15 09:45:00+00:00,1137.5053970728666
2024-04-16 03:45:00+00:00,1115.3238846495074
2024-04-16 04:45:00+00:00,1114.5435379379235
2024-04-16 05:45:00+00:00,1135.74489923085
2024-04-16 06:45:00+00:00,1129.7123858301716
2024-04-16 07:45:00+00:00,1132.6250383287202
2024-04-16 08:45:00+00:00,1132.713137930777
2024-04-16 09:45:00+00:00,1141.924874083255
2024-04-18 03:45:00+00:00,1145.543828677639
2024-04-18 04:45:00+00:00,1155.0401328119726
2024-04-18 05:45:00+00:00,1167.4742025529997
2024-04-18 06:45:00+00:00,1158.561550118576
2024-04-18 07:45:00+00:00,1173.776343071165
2024-04-18 08:45:00+00:00,1164.8362474539806
2024-04-18 09:45:00+00:00,1160.0724436633238
2024-04-19 03:45:00+00:00,1167.6568394240157
2024-04-19 04:45:00+00:00,1153.32964259521
2024-04-19 05:45:00+00:00,1154.3994996104016
2024-04-19 06:45:00+00:00,1154.0751414324136
2024-04-19 07:45:00+00:00,1164.5939991065743
2024-04-19 08:45:00+00:00,1152.5966965529308
2024-04-19 09:45:00+00:00,1149.5613338533071
2024-04-22 03:45:00+00:00,1144.8615880513205
2024-04-22 04:45:00+00:00,1148.3994334219904
2024-04-22 05:45:00+00:00,1143.882336714394
2024-04-22 06:45:00+00:00,1143.1404669659319
2024-04-22 07:45:00+00:00,1148.8485284055732
2024-04-22 08:45:00+00:00,1151.9852114697278
2024-04-22 09:45:00+00:00,1166.0415522610601
2024-04-23 03:45:00+00:00,1168.924664279499
2024-04-23 04:45:00+00:00,1166.2732360937734
2024-04-23 05:45:00+00:00,1165.2201203472837
2024-04-23 06:45:00+00:00,1173.0707447063135
2024-04-23 07:45:00+00:00,1163.5584262586312
2024-04-23 08:45:00+00:00,1148.8325511913456
2024-04-23 09:45:00+00:00,1139.3920061552335
2024-04-24 03:45:00+00:00,1132.5969377307647
2024-04-24 04:45:00+00:00,1149.057032817885
2024-04-24 05:45:00+00:00,1139.2945415871277
2024-04-24 06:45:00+00:00,1140.4751549459143
2024-04-24 07:45:00+00:00,1134.375073637995
2024-04-24 08:45:00+00:00,1144.5757166864753
2024-04-24 09:45:00+00:00,1141.8231335240698
2024-04-25 03:45:00+00:00,1137.7359066219294
2024-04-25 04:45:00+00:00,1140.917617001073
2024-04-25 05:45:00+00:00,1130.220435681309
2024-04-25 06:45:00+00:00,1130.6718615357415
2024-04-25 07:45:00+00:00,1120.6826630602611
2024-04-25 08:45:00+00:00,1086.7553351455924
2024-04-25 09:45:00+00:00,1080.8551774777477
2024-04-26 03:45:00+00:00,1087.9016119019589
2024-04-26 04:45:00+00:00,1100.6323581659965
2024-04-26 05:45:00+00:00,1107.4489703069898
2024-04-26 06:45:00+00:00,1117.1767259617402
2024-04-26 07:45:00+00:00,1120.3534953600977
2024-04-26 08:45:00+00:00,1119.1685991482973
2024-04-26 09:45:00+00:00,1116.1940554138052
2024-04-29 03:45:00+00:00,1103.702492100583
2024-04-29 04:45:00+00:00,1113.1052973201708
2024-04-29 05:45:00+00:00,1118.2829564746692
2024-04-29 06:45:00+00:00,1117.8649719012724
2024-04-29 07:45:00+00:00,1112.854229784747
2024-04-29 08:45:00+00:00,1107.2108680820118
2024-04-29 09:45:00+00:00,1120.186322789571
2024-04-30 03:45:00+00:00,1129.8870207646955
2024-04-30 04:45:00+00:00,1124.5900487140054
2024-04-30 05:45:00+00:00,1104.6596301158309
2024-04-30 06:45:00+00:00,1103.0125351003521
2024-04-30 07:45:00+00:00,1110.2460346595458
2024-04-30 08:45:00+00:00,1112.3794242316658
2024-04-30 09:45:00+00:00,1120.9364545523727
2024-05-02 03:45:00+00:00,1105.7501000528864
2024-05-02 04:45:00+00:00,1099.2585088037083
2024-05-02 05:45:00+00:00,1103.2929278234856
2024-05-02 06:45:00+00:00,1109.0843033875458
2024-05-02 07:45:00+00:00,1089.9596768927984
2024-05-02 08:45:00+00:00,1098.9474269983543
2024-05-02 09:45:00+00:00,1102.1730967953085
2024-05-03 03:45:00+00:00,1094.4171187684592
2024-05-03 04:45:00+00:00,1100.6267683588487
2024-05-03 05:45:00+00:00,1106.4781691307555
2024-05-03 06:45:00+00:00,1099.3164719214567
2024-05-03 07:45:00+00:00,1111.5799193060136
2024-05-03 08:45:00+00:00,1109.5159362096567
2024-05-03 09:45:00+00:00,1104.63909832213
2024-05-06 03:45:00+00:00,1104.902775973703
2024-05-06 04:45:00+00:00,1102.3653139834191
2024-05-06 05:45:00+00:00,1095.5471980823795
2024-05-06 06:45:00+00:00,1090.766312546429
2024-05-06 07:45:00+00:00,1084.82317225069
2024-05-06 08:45:00+00:00,1088.1864496621558
2024-05-06 09:45:00+00:00,1092.134064857742
2024-05-07 03:45:00+00:00,1084.883892910003
2024-05-07 04:45:00+00:00,1089.5749008985415
2024-05-07 05:45:00+00:00,1078.1177906822597
2024-05-07 06:45:00+00:00,1063.2372519561864
2024-05-07 07:45:00+00:00,1058.8015227415083
2024-05-07 08:45:00+00:00,1052.3384846616223
2024-05-07 09:45:00+00:00,1052.908641255299
2024-05-08 03:45:00+00:00,1043.3174048720223
2024-05-08 04:45:00+00:00,1062.899602114918
2024-05-08 05:45:00+00:00,1056.4320302973595
2024-05-08 06:45:00+00:00,1067.345434315406
2024-05-08 07:45:00+00:00,1069.1854895082383
2024-05-08 08:45:00+00:00,1063.7208493017688
2024-05-08 09:45:00+00:00,1063.4076728129091
2024-05-09 03:45:00+00:00,1084.0979079156666
2024-05-09 04:45:00+00:00,1076.6125363236388
2024-05-09 05:45:00+00:00,1093.3827674790116
2024-05-09 06:45:00+00:00,1109.5823186884559
2024-05-09 07:45:00+00:00,1098.5697060810735
2024-05-09 08:45:00+00:00,1112.6487011353938
2024-05-09 09:45:00+00:00,1115.5964867149514
2024-05-10 03:45:00+00:00,1114.2199690234756
2024-05-10 04:45:00+00:00,1101.9048440166098
2024-05-10 05:45:00+00:00,1092.8186342026613
2024-05-10 06:45:00+00:00,1082.4162691236324
2024-05-10 07:45:00+00:00,1085.7871244083362
2024-05-10 08:45:00+00:00,1089.4869852181157
2024-05-10 09:45:00+00:00,1094.4704957786325
2024-05-13 03:45:00+00:00,1081.6455262196505
2024-05-13 04:45:00+00:00,1091.5168297359294
2024-05-13 05:45:00+00:00,1096.0148231382448
2024-05-13 06:45:00+00:00,1096.6430300110308
2024-05-13 07:45:00+00:00,1094.730080834915
2024-05-13 08:45:00+00:00,1102.270587744489
2024-05-13 09:45:00+00:00,1115.673064350245
2024-05-14 03:45:00+00:00,1111.7315436312354
2024-05-14 04:45:00+00:00,1101.0521138414622
2024-05-14 05:45:00+00:00,1108.4141143751237
2024-05-14 06:45:00+00:00,1091.9330354313008
2024-05-14 07:45:00+00:00,1097.0795581658901
2024-05-14 08:45:00+00:00,1099.3186497862653
2024-05-14 09:45:00+00:00,1103.1931269489432
2024-05-15 03:45:00+00:00,1098.9544871318285
2024-05-15 04:45:00+00:00,1098.942461438162
2024-05-15 05:45:00+00:00,1095.1856455675431
2024-05-15 06:45:00+00:00,1084.1678323564995
2024-05-15 07:45:00+00:00,1088.0986571407382
2024-05-15 08:45:00+00:00,1081.2511423858484
2024-05-15 09:45:00+00:00,1086.1270348926091
2024-05-16 03:45:00+00:00,1087.0262404311989
2024-05-16 04:45:00+00:00,1085.0764865196177
2024-05-16 05:45:00+00:00,1071.3110719429983
2024-05-16 06:45:00+00:00,1070.3165691199456
2024-05-16 07:45:00+00:00,1076.9665205459755
2024-05-16 08:45:00+00:00,1088.1862109660142
2024-05-16 09:45:00+00:00,1088.4977736447026
2024-05-17 03:45:00+00:00,1082.24633820225
2024-05-17 04:45:00+00:00,1084.754639243136
2024-05-17 05:45:00+00:00,1082.489401855682
2024-05-17 06:45:00+00:00,1079.6578978740645
2024-05-17 07:45:00+00:00,1090.3893978116707
2024-05-17 08:45:00+00:00,1085.4874851817601
2024-05-17 09:45:00+00:00,1090.5579135893593
2024-05-21 03:45:00+00:00,1098.8342517134377
2024-05-21 04:45:00+00:00,1088.3906811026663
2024-05-21 05:45:00+00:00,1095.0820391513275
2024-05-21 06:45:00+00:00,1082.6226380525297
2024-05-21 07:45:00+00:00,1081.7938371806847
2024-05-21 08:45:00+00:00,1085.7834486558029
2024-05-21 09:45:00+00:00,1096.9457783987418
2024-05-22 03:45:00+00:00,1097.3737544873716
2024-05-22 04:45:00+00:00,1096.89184435101
2024-05-22 05:45:00+00:00,1092.52306923861
2024-05-22 06:45:00+00:00,1098.7378944528134
2024-05-22 07:45:00+00:00,1097.5659206551725
2024-05-22 08:45:00+00:00,1090.7912609634493
2024-05-22 09:45:00+00:00,1108.2361031923906
2024-05-23 03:45:00+00:00,1113.3162204348987
2024-05-23 04:45:00+00:00,1106.909822540422
2024-05-23 05:45:00+00:00,1116.0371760736932
2024-05-23 06:45:00+00:00,1119.303953050618
2024-05-23 07:45:00+00:00,1122.6895477699043
2024-05-23 08:45:00+00:00,1110.4350054171252
2024-05-23 09:45:00+00:00,1112.2770775270417
2024-05-24 03:45:00+00:00,1127.1776735498322
2024-05-24 04:45:00+00:00,1123.1529542355356
2024-05-24 05:45:00+00:00,1117.1764463126287
2024-05-24 06:45:00+00:00,1106.1309361275123
2024-05-24 07:45:00+00:00,1100.7182605367582
2024-05-24 08:45:00+00:00,1093.6001619855176
2024-05-24 09:45:00+00:00,1092.584106827247
2024-05-27 03:45:00+00:00,1094.7208852186068
2024-05-27 04:45:00+00:00,1093.1539777169205
2024-05-27 05:45:00+00:00,1102.364878312422
2024-05-27 06:45:00+00:00,1102.7577926652757
2024-05-27 07:45:00+00:00,1113.396724459804
2024-05-27 08:45:00+00:00,1113.6430978893752
2024-05-27 09:45:00+00:00,1118.0176085206822
2024-05-28 03:45:00+00:00,1109.7539104475313
2024-05-28 04:45:00+00:00,1121.3121393219694
2024-05-28 05:45:00+00:00,1118.914179253362
2024-05-28 06:45:00+00:00,1120.6668535896097
2024-05-28 07:45:00+00:00,1119.8893878705437
2024-05-28 08:45:00+00:00,1120.9948466721648
2024-05-28 09:45:00+00:00,1123.2396245571138
2024-05-29 03:45:00+00:00,1128.2085536237341
2024-05-29 04:45:00+00:00,1119.0480481767152
2024-05-29 05:45:00+00:00,1140.1788961528873
2024-05-29 06:45:00+00:00,1135.590596801546
2024-05-29 07:45:00+00:00,1123.2638120028928
2024-05-29 08:45:00+00:00,1110.2979152000196
2024-05-29 09:45:00+00:00,1109.047246575963
2024-05-30 03:45:00+00:00,1104.5361660259218
2024-05-30 04:45:00+00:00,1098.8302717094311
2024-05-30 05:45:00+00:00,1087.5013351759962
2024-05-30 06:45:00+00:00,1086.8452083390237
2024-05-30 07:45:00+00:00,1089.129165364484
2024-05-30 08:45:00+00:00,1094.5251243191663
2024-05-30 09:45:00+00:00,1086.7403156068121
2024-05-31 03:45:00+00:00,1102.128303739991
2024-05-31 04:45:00+00:00,1097.8053001120088
2024-05-31 05:45:00+00:00,1106.3659601779489
2024-05-31 06:45:00+00:00,1094.6020300234782
2024-05-31 07:45:00+00:00,1091.8806158357604
2024-05-31 08:45:00+00:00,1095.3806991011793
2024-05-31 09:45:00+00:00,1104.6405399136324
2024-06-03 03:45:00+00:00,1102.2554224264181
2024-06-03 04:45:00+00:00,1115.6043470747431
2024-06-03 05:45:00+00:00,1112.8392008723579
2024-06-03 06:45:00+00:00,1129.125939155761
2024-06-03 07:45:00+00:00,1142.3806022189294
2024-06-03 08:45:00+00:00,1140.1917960785586
2024-06-03 09:45:00+00:00,1144.5888296610626
2024-06-04 03:45:00+00:00,1133.6115138093946
2024-06-04 04:45:00+00:00,1132.7051175285324
2024-06-04 05:45:00+00:00,1146.8214581554741
2024-06-04 06:45:00+00:00,1148.8768298677116
2024-06-04 07:45:00+00:00,1150.0158545297934
2024-06-04 08:45:00+00:00,1142.0164341562684
2024-06-04 09:45:00+00:00,1135.8576572739453
2024-06-05 03:45:00+00:00,1128.1765591818714
2024-06-05 04:45:00+00:00,1141.7528981419919
2024-06-05 05:45:00+00:00,1144.2060910198359
2024-06-05 06:45:00+00:00,1145.5697644315665
2024-06-05 07:45:00+00:00,1146.303778875877
2024-06-05 08:45:00+00:00,1151.7771497119704
2024-06-05 09:45:00+00:00,1151.3360790063525
2024-06-06 03:45:00+00:00,1161.0086336992788
2024-06-06 04:45:00+00:00,1163.5731196829886
2024-06-06 05:45:00+00:00,1163.223336370831
2024-06-06 06:45:00+00:00,1167.9782027894796
2024-06-06 07:45:00+00:00,1185.9208981415882
2024-06-06 08:45:00+00:00,1194.7401222326002
2024-06-06 09:45:00+00:00,1186.6152780418747
2024-06-07 03:45:00+00:00,1184.5074620219345
2024-06-07 04:45:00+00:00,1168.984343597312
2024-06-07 05:45:00+00:00,1161.1351158102245
2024-06-07 06:45:00+00:00,1156.9992235860407
2024-06-07 07:45:00+00:00,1161.1135493264255
2024-06-07 08:45:00+00:00,1158.7610582584812
2024-06-07 09:45:00+00:00,1150.6105277986462
2024-06-10 03:45:00+00:00,1147.562299023302
2024-06-10 04:45:00+00:00,1137.0046344445257
2024-06-10 05:45:00+00:00,1142.0983124126524
2024-06-10 06:45:00+00:00,1126.4970880935368
2024-06-10 07:45:00+00:00,1126.5935500267988
2024-06-10 08:45:00+00:00,1138.1075219321503
2024-06-10 09:45:00+00:00,1128.251949294769
2024-06-11 03:45:00+00:00,1118.7080731767585
2024-06-11 04:45:00+00:00,1112.5304665245087
2024-06-11 05:45:00+00:00,1115.742920887421
2024-06-11 06:45:00+00:00,1125.0376209333037
2024-06-11 07:45:00+00:00,1132.6501505715878
2024-06-11 08:45:00+00:00,1140.1222444112175
2024-06-11 09:45:00+00:00,1151.5489939722022
2024-06-12 03:45:00+00:00,1146.2074033635758
2024-06-12 04:45:00+00:00,1134.2989612616861
2024-06-12 05:45:00+00:00,1128.4553971327357
2024-06-12 06:45:00+00:00,1109.4150307298146
2024-06-12 07:45:00+00:00,1114.2148112470009
2024-06-12 08:45:00+00:00,1110.6069422988257
2024-06-12 09:45:00+00:00,1111.038644848551
2024-06-13 03:45:00+00:00,1114.3795953061558
2024-06-13 04:45:00+00:00,1120.3372830693934
2024-06-13 05:45:00+00:00,1125.7915737851342
2024-06-13 06:45:00+00:00,1126.3724814703808
2024-06-13 07:45:00+00:00,1123.9142545753932
2024-06-13 08:45:00+00:00,1121.8789282063735
2024-06-13 09:45:00+00:00,1123.5747402719721
2024-06-14 03:45:00+00:00,1129.3994760686105
2024-06-14 04:45:00+00:00,1120.9219456485855
2024-06-14 05:45:00+00:00,1120.070161332144
2024-06-14 06:45:00+00:00,1136.3625114884962
2024-06-14 07:45:00+00:00,1144.821446858044
2024-06-14 08:45:00+00:00,1148.4501581622153
2024-06-14 09:45:00+00:00,1156.3509281966412
2024-06-18 03:45:00+00:00,1152.418022592277
2024-06-18 04:45:00+00:00,1161.0102966320512
2024-06-18 05:45:00+00:00,1157.6289956617143
2024-06-18 06:45:00+00:00,1137.6467187345627
2024-06-18 07:45:00+00:00,1127.423206569289
2024-06-18 08:45:00+00:00,1130.7697692947365
2024-06-18 09:45:00+00:00,1118.702411843934
2024-06-19 03:45:00+00:00,1119.2438430759285
2024-06-19 04:45:00+00:00,1107.6258005195007
2024-06-19 05:45:00+00:00,1104.818788585715
2024-06-19 06:45:00+00:00,1102.3181867978717
2024-06-19 07:45:00+00:00,1101.7056463534032
2024-06-19 08:45:00+00:00,1103.993336444562
2024-06-19 09:45:00+00:00,1110.6745487527733
2024-06-20 03:45:00+00:00,1101.1174615263892
2024-06-20 04:45:00+00:00,1108.5424572633478
2024-06-20 05:45:00+00:00,1116.5589453332052
2024-06-20 06:45:00+00:00,1122.8403916915222
2024-06-20 07:45:00+00:00,1132.6068570029777
2024-06-20 08:45:00+00:00,1118.9795175835816
2024-06-20 09:45:00+00:00,1113.6016832093364
2024-06-21 03:45:00+00:00,1110.4669075938748
2024-06-21 04:45:00+00:00,1120.562615268622
2024-06-21 05:45:00+00:00,1118.9144201330437
2024-06-21 06:45:00+00:00,1121.495269476308
2024-06-21 07:45:00+00:00,1112.8780659006675
2024-06-21 08:45:00+00:00,1119.3782291296711
2024-06-21 09:45:00+00:00,1128.407238682863
2024-06-24 03:45:00+00:00,1137.4096011166707
2024-06-24 04:45:00+00:00,1147.9822782203619
2024-06-24 05:45:00+00:00,1145.8261945027891
2024-06-24 06:45:00+00:00,1143.7438641517338
2024-06-24 07:45:00+00:00,1151.875407415206
2024-06-24 08:45:00+00:00,1161.7480130925715
2024-06-24 09:45:00+00:00,1172.0269469951882
2024-06-25 03:45:00+00:00,1175.4221350583978
2024-06-25 04:45:00+00:00,1189.4295539255415
2024-06-25 05:45:00+00:00,1190.738445192466
2024-06-25 06:45:00+00:00,1185.4246977598705
2024-06-25 07:45:00+00:00,1191.313624202053
2024-06-25 08:45:00+00:00,1188.8061644714296
2024-06-25 09:45:00+00:00,1186.5741956249587
2024-06-26 03:45:00+00:00,1172.8400958693917
2024-06-26 04:45:00+00:00,1172.471410470416
2024-06-26 05:45:00+00:00,1178.3903384123105
2024-06-26 06:45:00+00:00,1178.552292219246
2024-06-26 07:45:00+00:00,1187.916824902041
2024-06-26 08:45:00+00:00,1193.9838992231512
2024-06-26 09:45:00+00:00,1192.9673389636964
2024-06-27 03:45:00+00:00,1194.5291025441377
2024-06-27 04:45:00+00:00,1199.8402298209303
2024-06-27 05:45:00+00:00,1210.955313923595
2024-06-27 06:45:00+00:00,1234.5597692342938
2024-06-27 07:45:00+00:00,1233.806831990521
2024-06-27 08:45:00+00:00,1230.1039574685446
2024-06-27 09:45:00+00:00,1237.1923784514477
2024-06-28 03:45:00+00:00,1226.8496583694575
2024-06-28 04:45:00+00:00,1233.638680117423
2024-06-28 05:45:00+00:00,1248.8392397079924
2024-06-28 06:45:00+00:00,1235.121165698074
2024-06-28 07:45:00+00:00,1245.0478264693998
2024-06-28 08:45:00+00:00,1236.980290136157
2024-06-28 09:45:00+00:00,1243.7613789632276
2024-07-01 03:45:00+00:00,1234.0860488285757
2024-07-01 04:45:00+00:00,1235.157924164872
2024-07-01 05:45:00+00:00,1245.7895072812935
2024-07-01 06:45:00+00:00,1247.2135614394683
2024-07-01 07:45:00+00:00,1254.8343575217236
2024-07-01 08:45:00+00:00,1260.1915029211475
2024-07-01 09:45:00+00:00,1279.1523552257897
2024-07-02 03:45:00+00:00,1273.1623667231545
2024-07-02 04:45:00+00:00,1264.547393905301
2024-07-02 05:45:00+00:00,1267.118685064608
2024-07-02 06:45:00+00:00,1256.433318447465
2024-07-02 07:45:00+00:00,1248.7425436315477
2024-07-02 08:45:00+00:00,1256.3275505813588
2024-07-02 09:45:00+00:00,1276.3085805536537
2024-07-03 03:45:00+00:00,1282.6485813767326
2024-07-03 04:45:00+00:00,1312.9258048698334
2024-07-03 05:45:00+00:00,1313.300477342368
2024-07-03 06:45:00+00:00,1306.4669251096316
2024-07-03 07:45:00+00:00,1319.2960289566847
2024-07-03 08:45:00+00:00,1310.6596243036113
2024-07-03 09:45:00+00:00,1313.953532757367
2024-07-04 03:45:00+00:00,1311.9637841351268
2024-07-04 04:45:00+00:00,1301.194913443453
2024-07-04 05:45:00+00:00,1303.477730294628
2024-07-04 06:45:00+00:00,1320.4018309805247
2024-07-04 07:45:00+00:00,1327.89144998657
2024-07-04 08:45:00+00:00,1333.0319930786466
2024-07-04 09:45:00+00:00,1321.2547896306223
2024-07-05 03:45:00+00:00,1290.1445824039265
2024-07-05 04:45:00+00:00,1283.8308816631925
2024-07-05 05:45:00+00:00,1279.3245677864857
2024-07-05 06:45:00+00:00,1270.6280875287262
2024-07-05 07:45:00+00:00,1274.7271919321258
2024-07-05 08:45:00+00:00,1277.844006676335
2024-07-05 09:45:00+00:00,1266.2055545545174
2024-07-08 03:45:00+00:00,1263.3271437182395
2024-07-08 04:45:00+00:00,1271.7707343385953
2024-07-08 05:45:00+00:00,1261.2677657695351
2024-07-08 06:45:00+00:00,1261.785626803808
2024-07-08 07:45:00+00:00,1263.9329848825062
2024-07-08 08:45:00+00:00,1264.617373208436
2024-07-08 09:45:00+00:00,1264.9441309621743
2024-07-09 03:45:00+00:00,1253.3869808972204
2024-07-09 04:45:00+00:00,1250.647104797344
2024-07-09 05:45:00+00:00,1261.5184580285184
2024-07-09 06:45:00+00:00,1267.7281760091835
2024-07-09 07:45:00+00:00,1255.8518715125936
2024-07-09 08:45:00+00:00,1260.8341607530517
2024-07-09 09:45:00+00:00,1256.5918138606337
2024-07-10 03:45:00+00:00,1263.5768173601632
2024-07-10 04:45:00+00:00,1258.5032974672872
2024-07-10 05:45:00+00:00,1247.8572639477613
2024-07-10 06:45:00+00:00,1249.8078691159758
2024-07-10 07:45:00+00:00,1234.9699959630009
2024-07-10 08:45:00+00:00,1243.6817371013053
2024-07-10 09:45:00+00:00,1270.9607916772986
2024-07-11 03:45:00+00:00,1267.0657709489317
2024-07-11 04:45:00+00:00,1262.8857298724793
2024-07-11 05:45:00+00:00,1265.3110121039526
2024-07-11 06:45:00+00:00,1263.7381969915461
2024-07-11 07:45:00+00:00,1263.501818900098
2024-07-11 08:45:00+00:00,1246.586537062458
2024-07-11 09:45:00+00:00,1255.7362774390504
2024-07-12 03:45:00+00:00,1255.204271502596
2024-07-12 04:45:00+00:00,1266.5387859121545
2024-07-12 05:45:00+00:00,1251.7009128901702
2024-07-12 06:45:00+00:00,1250.6139237285497
2024-07-12 07:45:00+00:00,1252.928507563463
2024-07-12 08:45:00+00:00,1248.245080819533
2024-07-12 09:45:00+00:00,1243.5142793372045
2024-07-15 04:45:00+00:00,1248.5906528364453
2024-07-15 05:45:00+00:00,1252.5259581388677
2024-07-15 06:45:00+00:00,1260.2478294290652
2024-07-15 07:45:00+00:00,1263.8921467826412
2024-07-15 08:45:00+00:00,1252.1086162951376
2024-07-15 09:45:00+00:00,1255.4853123383823
2024-07-16 03:45:00+00:00,1251.521115610636
2024-07-16 04:45:00+00:00,1260.6603963590871
2024-07-16 05:45:00+00:00,1272.714081043228
2024-07-16 06:45:00+00:00,1268.800039410431
2024-07-16 07:45:00+00:00,1277.5854614177385
2024-07-16 08:45:00+00:00,1282.4897150337274
2024-07-16 09:45:00+00:00,1289.3146035075324
2024-07-18 03:45:00+00:00,1305.3301922209898
2024-07-18 04:45:00+00:00,1294.9058408851217
2024-07-18 05:45:00+00:00,1307.9507842193555
2024-07-18 06:45:00+00:00,1299.3729333260926
2024-07-18 07:45:00+00:00,1311.6084332813734
2024-07-18 08:45:00+00:00,1322.5330255310805
2024-07-18 09:45:00+00:00,1329.4653181318033
2024-07-19 03:45:00+00:00,1332.7093568246273
2024-07-19 04:45:00+00:00,1338.0441353676201
2024-07-19 05:45:00+00:00,1336.0891302786035
2024-07-19 06:45:00+00:00,1336.5621631541221
2024-07-19 07:45:00+00:00,1324.2275377589585
2024-07-19 08:45:00+00:00,1310.910881206144
2024-07-19 09:45:00+00:00,1315.164372648576
2024-07-22 03:45:00+00:00,1300.4598484923647
2024-07-22 04:45:00+00:00,1280.3694924237534
2024-07-22 05:45:00+00:00,1281.5011511913153
2024-07-22 06:45:00+00:00,1288.0058980683443
2024-07-22 07:45:00+00:00,1295.8491920154368
2024-07-22 08:45:00+00:00,1282.2292913512663
2024-07-22 09:45:00+00:00,1273.2070472265523
2024-07-23 03:45:00+00:00,1276.1321467065602
2024-07-23 04:45:00+00:00,1271.7224474232025
2024-07-23 05:45:00+00:00,1269.3807367562763
2024-07-23 06:45:00+00:00,1243.2427769158523
2024-07-23 07:45:00+00:00,1259.4349931034728
2024-07-23 08:45:00+00:00,1268.2966457330047
2024-07-23 09:45:00+00:00,1267.8235287302023
2024-07-24 03:45:00+00:00,1257.312256425823
2024-07-24 04:45:00+00:00,1257.7848354974242
2024-07-24 05:45:00+00:00,1261.8827063471622
2024-07-24 06:45:00+00:00,1261.969620647507
2024-07-24 07:45:00+00:00,1272.4703757669013
2024-07-24 08:45:00+00:00,1275.436047196719
2024-07-24 09:45:00+00:00,1272.3344749264866
2024-07-25 03:45:00+00:00,1271.0852105960416
2024-07-25 04:45:00+00:00,1275.4652481531255
2024-07-25 05:45:00+00:00,1263.0779918442013
2024-07-25 06:45:00+00:00,1270.7273176964432
2024-07-25 07:45:00+00:00,1281.1024737634466
2024-07-25 08:45:00+00:00,1274.7122697853245
2024-07-25 09:45:00+00:00,1271.154281410644
2024-07-26 03:45:00+00:00,1260.2768502168997
2024-07-26 04:45:00+00:00,1258.729497777506
2024-07-26 05:45:00+00:00,1255.2111340082179
2024-07-26 06:45:00+00:00,1267.464726693443
2024-07-26 07:45:00+00:00,1261.2945397061462
2024-07-26 08:45:00+00:00,1262.6990663765075
2024-07-26 09:45:00+00:00,1260.7454503879635
2024-07-29 03:45:00+00:00,1253.6079542537595
2024-07-29 04:45:00+00:00,1259.9786801918374
2024-07-29 05:45:00+00:00,1268.5178899405898
2024-07-29 06:45:00+00:00,1273.4653770498503
2024-07-29 07:45:00+00:00,1271.2822905096332
2024-07-29 08:45:00+00:00,1270.1285731340713
2024-07-29 09:45:00+00:00,1269.5759072353808
2024-07-30 03:45:00+00:00,1275.280582002963
2024-07-30 04:45:00+00:00,1271.519835048782
2024-07-30 05:45:00+00:00,1244.9219007542524
2024-07-30 06:45:00+00:00,1235.1618067747459
2024-07-30 07:45:00+00:00,1223.626337756334
2024-07-30 08:45:00+00:00,1234.0274329848116
2024-07-30 09:45:00+00:00,1232.960517356827
2024-07-31 03:45:00+00:00,1224.4765359186238
2024-07-31 04:45:00+00:00,1217.5695636212893
2024-07-31 05:45:00+00:00,1194.8992620721467
2024-07-31 06:45:00+00:00,1193.6292324481653
2024-07-31 07:45:00+00:00,1206.0392218037193
2024-07-31 08:45:00+00:00,1203.9163114555402
2024-07-31 09:45:00+00:00,1208.8354122177197
2024-08-01 03:45:00+00:00,1203.0405883704027
2024-08-01 04:45:00+00:00,1196.0005459421054
2024-08-01 05:45:00+00:00,1198.8681150977816
2024-08-01 06:45:00+00:00,1226.0258657363597
2024-08-01 07:45:00+00:00,1223.994544606601
2024-08-01 08:45:00+00:00,1230.168727243999
2024-08-01 09:45:00+00:00,1222.5510674368247
2024-08-02 03:45:00+00:00,1239.653238098581
2024-08-02 04:45:00+00:00,1225.358447814921
2024-08-02 05:45:00+00:00,1229.847158284032
2024-08-02 06:45:00+00:00,1215.9106463609996
2024-08-02 07:45:00+00:00,1217.535091608581
2024-08-02 08:45:00+00:00,1193.9526511452032
2024-08-02 09:45:00+00:00,1195.5530861120303
2024-08-05 03:45:00+00:00,1193.2329165057167
2024-08-05 04:45:00+00:00,1198.3615435439497
2024-08-05 05:45:00+00:00,1192.537126118236
2024-08-05 06:45:00+00:00,1203.7196317676403
2024-08-05 07:45:00+00:00,1202.2507170884148
2024-08-05 08:45:00+00:00,1202.0193420032244
2024-08-05 09:45:00+00:00,1206.3686271090587
2024-08-06 03:45:00+00:00,1203.0909871641
2024-08-06 04:45:00+00:00,1211.7566740462837
2024-08-06 05:45:00+00:00,1213.2896075214865
2024-08-06 06:45:00+00:00,1225.7086828888603
2024-08-06 07:45:00+00:00,1233.2964975961818
2024-08-06 08:45:00+00:00,1220.7153933590937
2024-08-06 09:45:00+00:00,1223.5753008616207
2024-08-07 03:45:00+00:00,1214.1535093703906
2024-08-07 04:45:00+00:00,1223.4712267372208
2024-08-07 05:45:00+00:00,1245.2997237109323
2024-08-07 06:45:00+00:00,1240.0021680864934
2024-08-07 07:45:00+00:00,1236.348789777452
2024-08-07 08:45:00+00:00,1238.6924910719106
2024-08-07 09:45:00+00:00,1218.0698095385928
2024-08-08 03:45:00+00:00,1215.0602511212232
2024-08-08 04:45:00+00:00,1213.199998544015
2024-08-08 05:45:00+00:00,1226.925924377908
2024-08-08 06:45:00+00:00,1241.2831438467294
2024-08-08 07:45:00+00:00,1234.743397729324
2024-08-08 08:45:00+00:00,1247.4910962440654
2024-08-08 09:45:00+00:00,1251.753245539285
2024-08-09 03:45:00+00:00,1256.7267463785627
2024-08-09 04:45:00+00:00,1241.2667215595905
2024-08-09 05:45:00+00:00,1232.2313507785464
2024-08-09 06:45:00+00:00,1224.1619560690879
2024-08-09 07:45:00+00:00,1231.6961429368125
2024-08-09 08:45:00+00:00,1211.175924764496
2024-08-09 09:45:00+00:00,1208.6477590639106
2024-08-12 03:45:00+00:00,1217.6365787263405
2024-08-12 04:45:00+00:00,1226.3248724496113
2024-08-12 05:45:00+00:00,1219.933824846318
2024-08-12 06:45:00+00:00,1226.719681219751
2024-08-12 07:45:00+00:00,1238.8940470664224
2024-08-12 08:45:00+00:00,1243.2578101219442
2024-08-12 09:45:00+00:00,1232.2791098091673
2024-08-13 03:45:00+00:00,1235.836682754387
2024-08-13 04:45:00+00:00,1238.9396610978968
2024-08-13 05:45:00+00:00,1237.93219336767
2024-08-13 06:45:00+00:00,1237.7339642402026
2024-08-13 07:45:00+00:00,1256.9688753950543
2024-08-13 08:45:00+00:00,1264.6473018213376
2024-08-13 09:45:00+00:00,1260.2264129851908
2024-08-14 03:45:00+00:00,1258.4704852769448
2024-08-14 04:45:00+00:00,1241.115871682545
2024-08-14 05:45:00+00:00,1231.1524027165183
2024-08-14 06:45:00+00:00,1242.2037098923913
2024-08-14 07:45:00+00:00,1243.1187056944493
2024-08-14 08:45:00+00:00,1245.2894853437488
2024-08-14 09:45:00+00:00,1253.4957557569664
2024-08-16 03:45:00+00:00,1244.949564375726
2024-08-16 04:45:00+00:00,1262.4692413451337
2024-08-16 05:45:00+00:00,1257.8998768406996
2024-08-16 06:45:00+00:00,1265.0418880541108
2024-08-16 07:45:00+00:00,1257.2778196008837
2024-08-16 08:45:00+00:00,1249.0279059745922
2024-08-16 09:45:00+00:00,1253.0966291718762
2024-08-19 03:45:00+00:00,1255.40632012406
2024-08-19 04:45:00+00:00,1262.37139754404
2024-08-19 05:45:00+00:00,1282.0501704534024
2024-08-19 06:45:00+00:00,1286.3507282331018
2024-08-19 07:45:00+00:00,1274.986256489778
2024-08-19 08:45:00+00:00,1281.2021892089163
2024-08-19 09:45:00+00:00,1283.7693691118677
2024-08-20 03:45:00+00:00,1287.3073235843524
2024-08-20 04:45:00+00:00,1279.314177622804
2024-08-20 05:45:00+00:00,1285.8691549034015
2024-08-20 06:45:00+00:00,1284.009479102256
2024-08-20 07:45:00+00:00,1264.442511754357
2024-08-20 08:45:00+00:00,1267.101903217346
2024-08-20 09:45:00+00:00,1295.0641787343213
2024-08-21 03:45:00+00:00,1297.6446884100253
2024-08-21 04:45:00+00:00,1286.152908277094
2024-08-21 05:45:00+00:00,1284.520774447479
2024-08-21 06:45:00+00:00,1299.548033708394
2024-08-21 07:45:00+00:00,1308.9761273882596
2024-08-21 08:45:00+00:00,1324.830376096502
2024-08-21 09:45:00+00:00,1321.0489903007697
2024-08-22 03:45:00+00:00,1313.841161185885
2024-08-22 04:45:00+00:00,1325.7636947210044
2024-08-22 05:45:00+00:00,1342.9096457163907
2024-08-22 06:45:00+00:00,1337.5135449605673
2024-08-22 07:45:00+00:00,1338.6402114693071
2024-08-22 08:45:00+00:00,1347.927898314928
2024-08-22 09:45:00+00:00,1359.9978228700766
2024-08-23 03:45:00+00:00,1367.2105901518628
2024-08-23 04:45:00+00:00,1363.5147999724184
2024-08-23 05:45:00+00:00,1372.002211503099
2024-08-23 06:45:00+00:00,1352.6531309391028
2024-08-23 07:45:00+00:00,1359.0250390145368
2024-08-23 08:45:00+00:00,1367.0072829627384
2024-08-23 09:45:00+00:00,1371.0968567410746
2024-08-26 03:45:00+00:00,1363.716886585869
2024-08-26 04:45:00+00:00,1375.3800466299763
2024-08-26 05:45:00+00:00,1380.822758672534
2024-08-26 06:45:00+00:00,1370.4701382296644
2024-08-26 07:45:00+00:00,1358.7631846746572
2024-08-26 08:45:00+00:00,1345.0802622902893
2024-08-26 09:45:00+00:00,1348.6880887672758
2024-08-27 03:45:00+00:00,1361.779302519339
2024-08-27 04:45:00+00:00,1361.6524730712495
2024-08-27 05:45:00+00:00,1371.7410303320137
2024-08-27 06:45:00+00:00,1378.872681230084
2024-08-27 07:45:00+00:00,1387.5678037590299
2024-08-27 08:45:00+00:00,1394.304850044181
2024-08-27 09:45:00+00:00,1393.3304188251618
2024-08-28 03:45:00+00:00,1393.1020573915123
2024-08-28 04:45:00+00:00,1400.8474440051048
2024-08-28 05:45:00+00:00,1402.5807213083456
2024-08-28 06:45:00+00:00,1394.4641078516534
2024-08-28 07:45:00+00:00,1379.3292470695437
2024-08-28 08:45:00+00:00,1376.8320844084872
2024-08-28 09:45:00+00:00,1373.1904306649412
2024-08-29 03:45:00+00:00,1365.005851869586
2024-08-29 04:45:00+00:00,1364.8450663712865
2024-08-29 05:45:00+00:00,1373.7721590743229
2024-08-29 06:45:00+00:00,1366.650187339102
2024-08-29 07:45:00+00:00,1346.496246783208
2024-08-29 08:45:00+00:00,1352.5378553393846
2024-08-29 09:45:00+00:00,1364.5211034235194
2024-08-30 03:45:00+00:00,1334.3053741132285
2024-08-30 04:45:00+00:00,1356.4730421390975
2024-08-30 05:45:00+00:00,1363.30345513789
2024-08-30 06:45:00+00:00,1378.7993485280747
2024-08-30 07:45:00+00:00,1375.6100620394006
2024-08-30 08:45:00+00:00,1385.4092772338179
2024-08-30 09:45:00+00:00,1386.6722305181077
2024-09-02 03:45:00+00:00,1403.009449274185
2024-09-02 04:45:00+00:00,1398.0689153742035
2024-09-02 05:45:00+00:00,1406.1181171395638
2024-09-02 06:45:00+00:00,1418.8148220907642
2024-09-02 07:45:00+00:00,1424.9376984769779
2024-09-02 08:45:00+00:00,1424.4735248997983
2024-09-02 09:45:00+00:00,1422.4897471949043
2024-09-03 03:45:00+00:00,1417.54133094824
2024-09-03 04:45:00+00:00,1427.2296326017167
2024-09-03 05:45:00+00:00,1403.9496689276966
2024-09-03 06:45:00+00:00,1390.6272549690575
2024-09-03 07:45:00+00:00,1390.4173215700307
2024-09-03 08:45:00+00:00,1380.3350073651868
2024-09-03 09:45:00+00:00,1386.9738612181918
2024-09-04 03:45:00+00:00,1376.3449878815597
2024-09-04 04:45:00+00:00,1380.904110665514
2024-09-04 05:45:00+00:00,1379.4706807841826
2024-09-04 06:45:00+00:00,1386.4223765183135
2024-09-04 07:45:00+00:00,1394.6291170599432
2024-09-04 08:45:00+00:00,1398.2891161935859
2024-09-04 09:45:00+00:00,1411.7648393602192
2024-09-05 03:45:00+00:00,1425.23801501413
2024-09-05 04:45:00+00:00,1431.5907011856623
2024-09-05 05:45:00+00:00,1446.381880212723
2024-09-05 06:45:00+00:00,1440.4229555844347
2024-09-05 07:45:00+00:00,1440.1225111098338
2024-09-05 08:45:00+00:00,1434.9719534779242
2024-09-05 09:45:00+00:00,1421.6995195789825
2024-09-06 03:45:00+00:00,1409.6941764201938
2024-09-06 04:45:00+00:00,1423.4124237359722
2024-09-06 05:45:00+00:00,1424.0809337429223
2024-09-06 06:45:00+00:00,1419.334580727515
2024-09-06 07:45:00+00:00,1408.897108627409
2024-09-06 08:45:00+00:00,1418.333979917241
2024-09-06 09:45:00+00:00,1402.843076616478
2024-09-09 03:45:00+00:00,1406.9853185254108
2024-09-09 04:45:00+00:00,1401.9708560252052
2024-09-09 05:45:00+00:00,1402.1907474108973
2024-09-09 06:45:00+00:00,1419.9117615822934
2024-09-09 07:45:00+00:00,1425.5266877995807
2024-09-09 08:45:00+00:00,1429.7887768833357
2024-09-09 09:45:00+00:00,1441.0142404096616
2024-09-10 03:45:00+00:00,1442.9410749841745
2024-09-10 04:45:00+00:00,1420.9775509405956
2024-09-10 05:45:00+00:00,1436.4493076657557
2024-09-10 06:45:00+00:00,1420.0515770400775
2024-09-10 07:45:00+00:00,1412.2959422724075
2024-09-10 08:45:00+00:00,1410.8932970329479
2024-09-10 09:45:00+00:00,1410.876327325875
2024-09-11 03:45:00+00:00,1410.8991947960112
2024-09-11 04:45:00+00:00,1406.1815444588021
2024-09-11 05:45:00+00:00,1418.2851121094443
2024-09-11 06:45:00+00:00,1424.7246027522585
2024-09-11 07:45:00+00:00,1419.9207088227834
2024-09-11 08:45:00+00:00,1419.7375795945873
2024-09-11 09:45:00+00:00,1404.90003194403
2024-09-12 03:45:00+00:00,1423.112196483299
2024-09-12 04:45:00+00:00,1418.3704895280948
2024-09-12 05:45:00+00:00,1416.7733287541998
2024-09-12 06:45:00+00:00,1403.5432878342806
2024-09-12 07:45:00+00:00,1416.2704259252978
2024-09-12 08:45:00+00:00,1411.1705342986152
2024-09-12 09:45:00+00:00,1405.4975833064075
2024-09-13 03:45:00+00:00,1419.0248093559112
2024-09-13 04:45:00+00:00,1410.3783736815603
2024-09-13 05:45:00+00:00,1397.2344870804864
2024-09-13 06:45:00+00:00,1403.9472348881516
2024-09-13 07:45:00+00:00,1407.9458399981972
2024-09-13 08:45:00+00:00,1377.8614198450855
2024-09-13 09:45:00+00:00,1357.396069833537
2024-09-16 03:45:00+00:00,1347.3975034210887
2024-09-16 04:45:00+00:00,1354.1667277892511
2024-09-16 05:45:00+00:00,1360.0601160235876
2024-09-16 06:45:00+00:00,1365.7485687813532
2024-09-16 07:45:00+00:00,1368.2239553903678
2024-09-16 08:45:00+00:00,1364.1704148642516
2024-09-16 09:45:00+00:00,1396.1015286819988
2024-09-17 03:45:00+00:00,1410.2547451235744
2024-09-17 04:45:00+00:00,1413.5070429838686
2024-09-17 05:45:00+00:00,1426.9747631583714
2024-09-17 06:45:00+00:00,1441.7651136200432
2024-09-17 07:45:00+00:00,1413.6480183212432
2024-09-17 08:45:00+00:00,1424.9229280345737
2024-09-17 09:45:00+00:00,1428.1683598597942
2024-09-18 03:45:00+00:00,1394.7951599414762
2024-09-18 04:45:00+00:00,1381.0196802630296
2024-09-18 05:45:00+00:00,1391.4218679261862
2024-09-18 06:45:00+00:00,1390.988376864669
2024-09-18 07:45:00+00:00,1389.4086839493573
2024-09-18 08:45:00+00:00,1387.305491139218
2024-09-18 09:45:00+00:00,1385.3845830730886
2024-09-19 03:45:00+00:00,1397.5863320498736
2024-09-19 04:45:00+00:00,1405.110508439326
2024-09-19 05:45:00+00:00,1420.8665967317966
2024-09-19 06:45:00+00:00,1418.9828279647534
2024-09-19 07:45:00+00:00,1416.0420148690441
2024-09-19 08:45:00+00:00,1423.018478945283
2024-09-19 09:45:00+00:00,1423.4890688946978
2024-09-20 03:45:00+00:00,1401.2571668124374
2024-09-20 04:45:00+00:00,1404.1336397296297
2024-09-20 05:45:00+00:00,1406.47919050599
2024-09-20 06:45:00+00:00,1394.2584366595702
2024-09-20 07:45:00+00:00,1400.3099041232426
2024-09-20 08:45:00+00:00,1379.9118356792035
2024-09-20 09:45:00+00:00,1373.4025416760642
2024-09-23 03:45:00+00:00,1355.5141375536493
2024-09-23 04:45:00+00:00,1347.6496524213246
2024-09-23 05:45:00+00:00,1347.1280092739046
2024-09-23 06:45:00+00:00,1339.1014372160848
2024-09-23 07:45:00+00:00,1353.880431421094
2024-09-23 08:45:00+00:00,1369.0500039248589
2024-09-23 09:45:00+00:00,1348.909851457888
2024-09-24 03:45:00+00:00,1368.6436268809603
2024-09-24 04:45:00+00:00,1388.9056136732938
2024-09-24 05:45:00+00:00,1373.9155111282146
2024-09-24 06:45:00+00:00,1365.7623599148292
2024-09-24 07:45:00+00:00,1337.6388921147473
2024-09-24 08:45:00+00:00,1322.3637205634684
2024-09-24 09:45:00+00:00,1345.7623713500377
2024-09-25 03:45:00+00:00,1355.7702014440802
2024-09-25 04:45:00+00:00,1363.3467023144742
2024-09-25 05:45:00+00:00,1348.36069696124
2024-09-25 06:45:00+00:00,1344.2503411091582
2024-09-25 07:45:00+00:00,1341.7417006085661
2024-09-25 08:45:00+00:00,1327.0289432039588
2024-09-25 09:45:00+00:00,1333.6314463715362
2024-09-26 03:45:00+00:00,1352.2575943895686
2024-09-26 04:45:00+00:00,1340.384058349119
2024-09-26 05:45:00+00:00,1346.3009433182995
2024-09-26 06:45:00+00:00,1329.5339100870497
2024-09-26 07:45:00+00:00,1356.4598732532136
2024-09-26 08:45:00+00:00,1350.164469682783
2024-09-26 09:45:00+00:00,1329.5418849193588
2024-09-27 03:45:00+00:00,1332.2628038518303
2024-09-27 04:45:00+00:00,1333.2918844205767
2024-09-27 05:45:00+00:00,1316.564843492311
2024-09-27 06:45:00+00:00,1294.4187364215636
2024-09-27 07:45:00+00:00,1293.3114933356505
2024-09-27 08:45:00+00:00,1277.2991563536903
2024-09-27 09:45:00+00:00,1264.4079694733548
2024-09-30 03:45:00+00:00,1262.306988110403
2024-09-30 04:45:00+00:00,1254.9720311082392
2024-09-30 05:45:00+00:00,1270.5795716222988
2024-09-30 06:45:00+00:00,1279.4815269999153
2024-09-30 07:45:00+00:00,1268.694774548223
2024-09-30 08:45:00+00:00,1261.8807584381468
2024-09-30 09:45:00+00:00,1250.2603432887463
2024-10-01 03:45:00+00:00,1239.4784052345249
2024-10-01 04:45:00+00:00,1238.8383056330683
2024-10-01 05:45:00+00:00,1231.6974624325899
2024-10-01 06:45:00+00:00,1218.7076673310628
2024-10-01 07:45:00+00:00,1215.1952610516653
2024-10-01 08:45:00+00:00,1234.8115806629862
2024-10-01 09:45:00+00:00,1239.3114078056308
2024-10-03 03:45:00+00:00,1250.842704460376
2024-10-03 04:45:00+00:00,1222.6807331841485
2024-10-03 05:45:00+00:00,1224.3105489939621
2024-10-03 06:45:00+00:00,1232.5085986883373
2024-10-03 07:45:00+00:00,1242.815508801714
2024-10-03 08:45:00+00:00,1243.4812437389373
2024-10-03 09:45:00+00:00,1260.3397506084611
2024-10-04 03:45:00+00:00,1264.0951374524036
2024-10-04 04:45:00+00:00,1248.2679569824802
2024-10-04 05:45:00+00:00,1241.9139092081348
2024-10-04 06:45:00+00:00,1245.4174176217641
2024-10-04 07:45:00+00:00,1237.5566016500943
2024-10-04 08:45:00+00:00,1240.1214624798927
2024-10-04 09:45:00+00:00,1234.5003098537472
2024-10-07 03:45:00+00:00,1245.8559197765449
2024-10-07 04:45:00+00:00,1243.857381510781
2024-10-07 05:45:00+00:00,1249.5070611665003
2024-10-07 06:45:00+00:00,1242.1630268734666
2024-10-07 07:45:00+00:00,1227.212436497751
2024-10-07 08:45:00+00:00,1237.7623601086289
2024-10-07 09:45:00+00:00,1248.7127274973975
2024-10-08 03:45:00+00:00,1232.005618949837
2024-10-08 04:45:00+00:00,1238.7343605646183
2024-10-08 05:45:00+00:00,1247.5281939249558
2024-10-08 06:45:00+00:00,1258.2863141405758
2024-10-08 07:45:00+00:00,1246.5449905776482
2024-10-08 08:45:00+00:00,1248.0250172669698
2024-10-08 09:45:00+00:00,1248.6290045726407
2024-10-09 03:45:00+00:00,1244.2249799008912
2024-10-09 04:45:00+00:00,1233.6635995317097
2024-10-09 05:45:00+00:00,1247.3795887447238
2024-10-09 06:45:00+00:00,1238.8227247283874
2024-10-09 07:45:00+00:00,1266.622257796992
2024-10-09 08:45:00+00:00,1269.1740927544774
2024-10-09 09:45:00+00:00,1281.6465461919354
2024-10-10 03:45:00+00:00,1265.8657745573041
2024-10-10 04:45:00+00:00,1279.510220686049
2024-10-10 05:45:00+00:00,1270.055585039729
2024-10-10 06:45:00+00:00,1263.8175969892145
2024-10-10 07:45:00+00:00,1257.3502958678728
2024-10-10 08:45:00+00:00,1257.6868106430054
2024-10-10 09:45:00+00:00,1264.4590792232975
2024-10-11 03:45:00+00:00,1263.49623839272
2024-10-11 04:45:00+00:00,1271.1876987855153
2024-10-11 05:45:00+00:00,1262.1914070028008
2024-10-11 06:45:00+00:00,1262.5536299166847
2024-10-11 07:45:00+00:00,1262.9493176464484
2024-10-11 08:45:00+00:00,1257.7874501177307
2024-10-11 09:45:00+00:00,1257.1678345353064
2024-10-14 03:45:00+00:00,1243.5394824228003
2024-10-14 04:45:00+00:00,1227.7488377666007
2024-10-14 05:45:00+00:00,1221.8561425178311
2024-10-14 06:45:00+00:00,1229.3324316090886
2024-10-14 07:45:00+00:00,1216.154214893794
2024-10-14 08:45:00+00:00,1207.7518888454908
2024-10-14 09:45:00+00:00,1192.1541702455852
2024-10-15 03:45:00+00:00,1188.050866560421
2024-10-15 04:45:00+00:00,1188.732660152756
2024-10-15 05:45:00+00:00,1191.603896032515
2024-10-15 06:45:00+00:00,1187.066230324234
2024-10-15 07:45:00+00:00,1195.5633407327123
2024-10-15 08:45:00+00:00,1185.981237885057
2024-10-15 09:45:00+00:00,1199.1705967423215
2024-10-16 03:45:00+00:00,1202.6749499451105
2024-10-16 04:45:00+00:00,1192.21464930839
2024-10-16 05:45:00+00:00,1192.1698070711311
2024-10-16 06:45:00+00:00,1195.7368400124394
2024-10-16 07:45:00+00:00,1208.7798053275676
2024-10-16 08:45:00+00:00,1198.060732753712
2024-10-16 09:45:00+00:00,1194.945431110153
2024-10-17 03:45:00+00:00,1182.5878113191454
2024-10-17 04:45:00+00:00,1189.0773370198235
2024-10-17 05:45:00+00:00,1201.5354822064637
2024-10-17 06:45:00+00:00,1177.799051199686
2024-10-17 07:45:00+00:00,1172.8233185427596
2024-10-17 08:45:00+00:00,1192.8125019378283
2024-10-17 09:45:00+00:00,1178.8012859979358
2024-10-18 03:45:00+00:00,1185.1673067300717
2024-10-18 04:45:00+00:00,1185.6238591421902
2024-10-18 05:45:00+00:00,1168.0999885589865
2024-10-18 06:45:00+00:00,1155.375418842828
2024-10-18 07:45:00+00:00,1154.5747206002475
2024-10-18 08:45:00+00:00,1154.507195094807
2024-10-18 09:45:00+00:00,1161.0268134526839
2024-10-21 03:45:00+00:00,1168.5502925088174
2024-10-21 04:45:00+00:00,1184.815004099797
2024-10-21 05:45:00+00:00,1186.1796053106846
2024-10-21 06:45:00+00:00,1182.9448005714564
2024-10-21 07:45:00+00:00,1181.1923861349817
2024-10-21 08:45:00+00:00,1184.4268023670356
2024-10-21 09:45:00+00:00,1184.272780957451
2024-10-22 03:45:00+00:00,1192.7211696550996
2024-10-22 04:45:00+00:00,1188.0458529400287
2024-10-22 05:45:00+00:00,1185.4038366291613
2024-10-22 06:45:00+00:00,1190.842394118583
2024-10-22 07:45:00+00:00,1180.5075095165053
2024-10-22 08:45:00+00:00,1175.9204218259626
2024-10-22 09:45:00+00:00,1173.1601762946395
2024-10-23 03:45:00+00:00,1189.721558181933
2024-10-23 04:45:00+00:00,1194.9969882637652
2024-10-23 05:45:00+00:00,1201.0274868331815
2024-10-23 06:45:00+00:00,1226.0590690439717
2024-10-23 07:45:00+00:00,1220.8753762280148
2024-10-23 08:45:00+00:00,1216.7395942179553
2024-10-23 09:45:00+00:00,1207.4771633943212
2024-10-24 03:45:00+00:00,1205.5771636153634
2024-10-24 04:45:00+00:00,1215.2792042657813
2024-10-24 05:45:00+00:00,1198.978416662643
2024-10-24 06:45:00+00:00,1197.5990847185642
2024-10-24 07:45:00+00:00,1189.5796257471989
2024-10-24 08:45:00+00:00,1199.6891916110144
2024-10-24 09:45:00+00:00,1203.3820943332973
2024-10-25 03:45:00+00:00,1199.19919367836
2024-10-25 04:45:00+00:00,1194.0232576436717
2024-10-25 05:45:00+00:00,1213.581934371791
2024-10-25 06:45:00+00:00,1207.219062147027
2024-10-25 07:45:00+00:00,1213.725444018528
2024-10-25 08:45:00+00:00,1209.7748216577206
2024-10-25 09:45:00+00:00,1205.6466982486388
2024-10-28 03:45:00+00:00,1214.5080597238866
2024-10-28 04:45:00+00:00,1203.723846364116
2024-10-28 05:45:00+00:00,1193.471314801401
2024-10-28 06:45:00+00:00,1220.69834683677
2024-10-28 07:45:00+00:00,1213.0248955771408
2024-10-28 08:45:00+00:00,1244.9694912443942
2024-10-28 09:45:00+00:00,1236.8045198605698
2024-10-29 03:45:00+00:00,1236.457275835198
2024-10-29 04:45:00+00:00,1230.0809952305915
2024-10-29 05:45:00+00:00,1223.095046624104
2024-10-29 06:45:00+00:00,1225.7381931199575
2024-10-29 07:45:00+00:00,1230.722527875682
2024-10-29 08:45:00+00:00,1246.5277550099713
2024-10-29 09:45:00+00:00,1259.0712786901806
2024-10-30 03:45:00+00:00,1258.0503713846276
2024-10-30 04:45:00+00:00,1271.4964276508724
2024-10-30 05:45:00+00:00,1267.9800615104434
2024-10-30 06:45:00+00:00,1265.574861999132
2024-10-30 07:45:00+00:00,1255.5761421997743
2024-10-30 08:45:00+00:00,1252.1142708954715
2024-10-30 09:45:00+00:00,1255.1319996700813
2024-10-31 03:45:00+00:00,1256.6692456482879
2024-10-31 04:45:00+00:00,1248.808907983287
2024-10-31 05:45:00+00:00,1244.0950628970038
2024-10-31 06:45:00+00:00,1248.7719675806895
2024-10-31 07:45:00+00:00,1241.461224081629
2024-10-31 08:45:00+00:00,1238.347507692796
2024-10-31 09:45:00+00:00,1244.3794408330562
2024-11-04 03:45:00+00:00,1264.9029739643029
2024-11-04 04:45:00+00:00,1263.252741163344
2024-11-04 05:45:00+00:00,1234.7389238628723
2024-11-04 06:45:00+00:00,1238.0082860733883
2024-11-04 07:45:00+00:00,1254.0977154193906
2024-11-04 08:45:00+00:00,1252.6492993570523
2024-11-04 09:45:00+00:00,1232.2133165673865
2024-11-05 03:45:00+00:00,1256.5184460786672
2024-11-05 04:45:00+00:00,1261.0138735608616
2024-11-05 05:45:00+00:00,1274.605355963652
2024-11-05 06:45:00+00:00,1271.8535239497135
2024-11-05 07:45:00+00:00,1276.8957416839305
2024-11-05 08:45:00+00:00,1270.3205146769017
2024-11-05 09:45:00+00:00,1274.5341935447836
2024-11-06 03:45:00+00:00,1284.0930891873847
2024-11-06 04:45:00+00:00,1276.461516392779
2024-11-06 05:45:00+00:00,1271.8082767289918
2024-11-06 06:45:00+00:00,1263.622613823694
2024-11-06 07:45:00+00:00,1274.372928068372
2024-11-06 08:45:00+00:00,1272.6983690802774
2024-11-06 09:45:00+00:00,1277.8605478270435
2024-11-07 03:45:00+00:00,1262.7933868096861
2024-11-07 04:45:00+00:00,1256.19949878862
2024-11-07 05:45:00+00:00,1263.6524768532174
2024-11-07 06:45:00+00:00,1263.5824022480747
2024-11-07 07:45:00+00:00,1277.9742179554219
2024-11-07 08:45:00+00:00,1282.8007070745489
2024-11-07 09:45:00+00:00,1291.7741485085198
2024-11-08 03:45:00+00:00,1293.7154717640683
2024-11-08 04:45:00+00:00,1290.1263295724862
2024-11-08 05:45:00+00:00,1295.1367854043715
2024-11-08 06:45:00+00:00,1296.2700408299334
2024-11-08 07:45:00+00:00,1312.014774846711
2024-11-08 08:45:00+00:00,1312.7386390737067
2024-11-08 09:45:00+00:00,1318.996139934753
2024-11-11 03:45:00+00:00,1317.0053906736941
2024-11-11 04:45:00+00:00,1321.718530818485
2024-11-11 05:45:00+00:00,1342.6382581175224
2024-11-11 06:45:00+00:00,1345.5829204935644
2024-11-11 07:45:00+00:00,1334.5932389425925
2024-11-11 08:45:00+00:00,1348.0074637558573
2024-11-11 09:45:00+00:00,1354.1317397376824
2024-11-12 03:45:00+00:00,1363.3980855119457
2024-11-12 04:45:00+00:00,1376.7932097492212
2024-11-12 05:45:00+00:00,1380.5159188314062
2024-11-12 06:45:00+00:00,1383.6288024357304
2024-11-12 07:45:00+00:00,1359.0353725835287
2024-11-12 08:45:00+00:00,1356.2655683511925
2024-11-12 09:45:00+00:00,1363.7137194177533
2024-11-13 03:45:00+00:00,1351.7716709817716
2024-11-13 04:45:00+00:00,1346.6311849057104
2024-11-13 05:45:00+00:00,1365.3807879860772
2024-11-13 06:45:00+00:00,1381.1900112233452
2024-11-13 07:45:00+00:00,1385.8375407524313
2024-11-13 08:45:00+00:00,1403.9330755741269
2024-11-13 09:45:00+00:00,1407.3028970829137
2024-11-14 03:45:00+00:00,1417.864810476926
2024-11-14 04:45:00+00:00,1414.5621824945483
2024-11-14 05:45:00+00:00,1404.9821323218612
2024-11-14 06:45:00+00:00,1417.141475650773
2024-11-14 07:45:00+00:00,1433.0451284260384
2024-11-14 08:45:00+00:00,1422.1065594775068
2024-11-14 09:45:00+00:00,1440.1586000187235
2024-11-18 03:45:00+00:00,1437.5421426899497
2024-11-18 04:45:00+00:00,1457.6280127613516
2024-11-18 05:45:00+00:00,1469.5993694889564
2024-11-18 06:45:00+00:00,1480.137767239276
2024-11-18 07:45:00+00:00,1466.8821327299868
2024-11-18 08:45:00+00:00,1465.6908225218845
2024-11-18 09:45:00+00:00,1472.9261070245846
2024-11-19 03:45:00+00:00,1471.3742903883237
2024-11-19 04:45:00+00:00,1492.601658765123
2024-11-19 05:45:00+00:00,1467.5652490970667
2024-11-19 06:45:00+00:00,1467.7510117704694
2024-11-19 07:45:00+00:00,1481.0473106652805
2024-11-19 08:45:00+00:00,1492.8096782453938
2024-11-19 09:45:00+00:00,1495.737378653368
2024-11-21 03:45:00+00:00,1495.7614237374667
2024-11-21 04:45:00+00:00,1510.707679546075
2024-11-21 05:45:00+00:00,1510.4133752905998
2024-11-21 06:45:00+00:00,1538.3626905655108
2024-11-21 07:45:00+00:00,1547.5614753236453
2024-11-21 08:45:00+00:00,1554.3514040003997
2024-11-21 09:45:00+00:00,1543.2811114359097
2024-11-22 03:45:00+00:00,1536.2085117168617
2024-11-22 04:45:00+00:00,1530.78503342089
2024-11-22 05:45:00+00:00,1525.8627162777277
2024-11-22 06:45:00+00:00,1527.7647831318134
2024-11-22 07:45:00+00:00,1534.6932223471583
2024-11-22 08:45:00+00:00,1528.4461345623683
2024-11-22 09:45:00+00:00,1519.9825618664784
2024-11-25 03:45:00+00:00,1535.1707923749827
2024-11-25 04:45:00+00:00,1526.939716795732
2024-11-25 05:45:00+00:00,1517.3036560859093
2024-11-25 06:45:00+00:00,1533.1076557599733
2024-11-25 07:45:00+00:00,1540.1172201249615
2024-11-25 08:45:00+00:00,1525.4138087736694
2024-11-25 09:45:00+00:00,1514.4865544223517
2024-11-26 03:45:00+00:00,1533.1669034564807
2024-11-26 04:45:00+00:00,1533.030474514222
2024-11-26 05:45:00+00:00,1535.6370160619015
2024-11-26 06:45:00+00:00,1536.3596563673002
2024-11-26 07:45:00+00:00,1550.0490368355063
2024-11-26 08:45:00+00:00,1544.0651515766406
2024-11-26 09:45:00+00:00,1552.5246562994334
2024-11-27 03:45:00+00:00,1551.3459532632658
2024-11-27 04:45:00+00:00,1549.194720446372
2024-11-27 05:45:00+00:00,1543.6417319109858
2024-11-27 06:45:00+00:00,1563.3164144864618
2024-11-27 07:45:00+00:00,1562.2960085459335
2024-11-27 08:45:00+00:00,1562.7075559627024
2024-11-27 09:45:00+00:00,1544.757612240468
2024-11-28 03:45:00+00:00,1573.4408509000511
2024-11-28 04:45:00+00:00,1579.8853317158587
2024-11-28 05:45:00+00:00,1579.0445593765494
2024-11-28 06:45:00+00:00,1569.347672620089
2024-11-28 07:45:00+00:00,1576.7752897305713
2024-11-28 08:45:00+00:00,1579.314251227244
2024-11-28 09:45:00+00:00,1593.552127662261
2024-11-29 03:45:00+00:00,1606.4771398345038
2024-11-29 04:45:00+00:00,1608.9222531842267
2024-11-29 05:45:00+00:00,1611.3501379156141
2024-11-29 06:45:00+00:00,1611.803731037696
2024-11-29 07:45:00+00:00,1629.299730951221
2024-11-29 08:45:00+00:00,1628.8722866665855
2024-11-29 09:45:00+00:00,1625.0876925508207
2024-12-02 03:45:00+00:00,1607.012516387463
2024-12-02 04:45:00+00:00,1599.872097122888
2024-12-02 05:45:00+00:00,1580.4285736868624
2024-12-02 06:45:00+00:00,1597.9687408194097
2024-12-02 07:45:00+00:00,1579.8604828728767
2024-12-02 08:45:00+00:00,1595.977030244641
2024-12-02 09:45:00+00:00,1589.8208521959793
2024-12-03 03:45:00+00:00,1595.695125790095
2024-12-03 04:45:00+00:00,1595.3641388617084
2024-12-03 05:45:00+00:00,1598.0329210817158
2024-12-03 06:45:00+00:00,1617.4596472056653
2024-12-03 07:45:00+00:00,1600.1859550233999
2024-12-03 08:45:00+00:00,1609.8086537010022
2024-12-03 09:45:00+00:00,1606.141695937106
2024-12-04 03:45:00+00:00,1620.2633317664954
2024-12-04 04:45:00+00:00,1621.2492692952308
2024-12-04 05:45:00+00:00,1619.8779782526526
2024-12-04 06:45:00+00:00,1631.825581419009
2024-12-04 07:45:00+00:00,1633.5273761796473
2024-12-04 08:45:00+00:00,1647.0401814226002
2024-12-04 09:45:00+00:00,1659.6272077223605
2024-12-05 03:45:00+00:00,1670.8557726910142
2024-12-05 04:45:00+00:00,1685.3155197188796
2024-12-05 05:45:00+00:00,1690.9905973513314
2024-12-05 06:45:00+00:00,1686.095671983452
2024-12-05 07:45:00+00:00,1693.7541010850662
2024-12-05 08:45:00+00:00,1701.1519118324027
2024-12-05 09:45:00+00:00,1723.1807892628087
2024-12-06 03:45:00+00:00,1704.2651195147723
2024-12-06 04:45:00+00:00,1724.0595046558603
2024-12-06 05:45:00+00:00,1740.156353214495
2024-12-06 06:45:00+00:00,1730.7659154975922
2024-12-06 07:45:00+00:00,1726.2175629672404
2024-12-06 08:45:00+00:00,1749.714289214339
2024-12-06 09:45:00+00:00,1745.286388861951
2024-12-09 03:45:00+00:00,1752.9378242669552
2024-12-09 04:45:00+00:00,1753.1367701216764
2024-12-09 05:45:00+00:00,1764.0311736082115
2024-12-09 06:45:00+00:00,1775.0497178239468
2024-12-09 07:45:00+00:00,1766.5096306173546
2024-12-09 08:45:00+00:00,1790.236965433872
2024-12-09 09:45:00+00:00,1770.2695824076754
2024-12-10 03:45:00+00:00,1760.6255997287965
2024-12-10 04:45:00+00:00,1743.971657070848
2024-12-10 05:45:00+00:00,1745.4139794798746
2024-12-10 06:45:00+00:00,1740.4174804750387
2024-12-10 07:45:00+00:00,1751.8184791461563
2024-12-10 08:45:00+00:00,1747.5854745750783
2024-12-10 09:45:00+00:00,1748.044539709031
2024-12-11 03:45:00+00:00,1748.555478941798
2024-12-11 04:45:00+00:00,1749.2818557900919
2024-12-11 05:45:00+00:00,1768.753473679893
2024-12-11 06:45:00+00:00,1799.6717211717812
2024-12-11 07:45:00+00:00,1794.981671449815
2024-12-11 08:45:00+00:00,1796.436459369392
2024-12-11 09:45:00+00:00,1784.7423357275309
2024-12-12 03:45:00+00:00,1768.1834193891782
2024-12-12 04:45:00+00:00,1766.2393052657264
2024-12-12 05:45:00+00:00,1779.8501128008945
2024-12-12 06:45:00+00:00,1760.4190460053924
2024-12-12 07:45:00+00:00,1782.0770912147611
2024-12-12 08:45:00+00:00,1770.6887852846708
2024-12-12 09:45:00+00:00,1767.381693134897
2024-12-13 03:45:00+00:00,1769.349843886549
2024-12-13 04:45:00+00:00,1776.3173043153834
2024-12-13 05:45:00+00:00,1769.65094380496
2024-12-13 06:45:00+00:00,1779.6044447714944
2024-12-13 07:45:00+00:00,1773.0373492980202
2024-12-13 08:45:00+00:00,1755.935442087742
2024-12-13 09:45:00+00:00,1761.2165792170729
2024-12-16 03:45:00+00:00,1767.3234040280258
2024-12-16 04:45:00+00:00,1739.7133986440883
2024-12-16 05:45:00+00:00,1737.9652380411549
2024-12-16 06:45:00+00:00,1729.8008525056578
2024-12-16 07:45:00+00:00,1720.7421586234366
2024-12-16 08:45:00+00:00,1729.028473976749
2024-12-16 09:45:00+00:00,1749.317583430843
2024-12-17 03:45:00+00:00,1756.7791464408142
2024-12-17 04:45:00+00:00,1733.1100001659088
2024-12-17 05:45:00+00:00,1719.351885230271
2024-12-17 06:45:00+00:00,1715.329692790259
2024-12-17 07:45:00+00:00,1733.5054280723266
2024-12-17 08:45:00+00:00,1726.6328445765614
2024-12-17 09:45:00+00:00,1717.481415304987
2024-12-18 03:45:00+00:00,1716.2450333707404
2024-12-18 04:45:00+00:00,1706.7832297500984
2024-12-18 05:45:00+00:00,1705.4588397992882
2024-12-18 06:45:00+00:00,1712.7289837642156
2024-12-18 07:45:00+00:00,1721.0949556293162
2024-12-18 08:45:00+00:00,1724.3741471646074
2024-12-18 09:45:00+00:00,1733.896375742153
2024-12-19 03:45:00+00:00,1727.3000259253754
2024-12-19 04:45:00+00:00,1763.120460848634
2024-12-19 05:45:00+00:00,1755.2396661043429
2024-12-19 06:45:00+00:00,1735.667764900643
2024-12-19 07:45:00+00:00,1761.5004597853335
2024-12-19 08:45:00+00:00,1761.748044016662
2024-12-19 09:45:00+00:00,1760.2646148778908
2024-12-20 03:45:00+00:00,1738.1518220791152
2024-12-20 04:45:00+00:00,1743.2210166562934
2024-12-20 05:45:00+00:00,1720.4148343470363
2024-12-20 06:45:00+00:00,1721.5709824637556
2024-12-20 07:45:00+00:00,1712.81304609137
2024-12-20 08:45:00+00:00,1738.7588746638903
2024-12-20 09:45:00+00:00,1738.0500834039633
2024-12-23 03:45:00+00:00,1746.407365486083
2024-12-23 04:45:00+00:00,1756.994659246096
2024-12-23 05:45:00+00:00,1755.8584974494474
2024-12-23 06:45:00+00:00,1740.6903441145062
2024-12-23 07:45:00+00:00,1748.1574148837014
2024-12-23 08:45:00+00:00,1750.5691125670803
2024-12-23 09:45:00+00:00,1758.53566716975
2024-12-24 03:45:00+00:00,1769.5333866011488
2024-12-24 04:45:00+00:00,1759.785443521405
2024-12-24 05:45:00+00:00,1766.0390609273547
2024-12-24 06:45:00+00:00,1776.3818587935875
2024-12-24 07:45:00+00:00,1776.4564065757609
2024-12-24 08:45:00+00:00,1766.7502819525341
2024-12-24 09:45:00+00:00,1773.3543121064622
2024-12-26 03:45:00+00:00,1797.265930583416
2024-12-26 04:45:00+00:00,1798.580155092596
2024-12-26 05:45:00+00:00,1778.951254354919
2024-12-26 06:45:00+00:00,1755.5569536225353
2024-12-26 07:45:00+00:00,1740.4621828734448
2024-12-26 08:45:00+00:00,1763.740354667784
2024-12-26 09:45:00+00:00,1748.1880311764987
2024-12-27 03:45:00+00:00,1748.9123948825675
2024-12-27 04:45:00+00:00,1755.6433778288226
2024-12-27 05:45:00+00:00,1774.3323255090177
2024-12-27 06:45:00+00:00,1779.8370214103184
2024-12-27 07:45:00+00:00,1812.0644864367869
2024-12-27 08:45:00+00:00,1805.7114193308312
2024-12-27 09:45:00+00:00,1816.255110255923
2024-12-30 03:45:00+00:00,1819.2046733643647
2024-12-30 04:45:00+00:00,1831.6809681538257
2024-12-30 05:45:00+00:00,1838.2124871421272
2024-12-30 06:45:00+00:00,1839.6453298842807
2024-12-30 07:45:00+00:00,1828.2166402060475
2024-12-30 08:45:00+00:00,1827.7556655214162
2024-12-30 09:45:00+00:00,1815.1824082006526
2024-12-31 03:45:00+00:00,1789.3210764299947
2024-12-31 04:45:00+00:00,1775.852785285996
2024-12-31 05:45:00+00:00,1778.417364030518
2024-12-31 06:45:00+00:00,1763.401897696964
2024-12-31 07:45:00+00:00,1761.8483180189257
2024-12-31 08:45:00+00:00,1740.8375923642018
2024-12-31 09:45:00+00:00,1740.754749741002
2025-01-01 03:45:00+00:00,1728.5305807949935
2025-01-01 04:45:00+00:00,1732.968549311926
2025-01-01 05:45:00+00:00,1719.7981028201282
2025-01-01 06:45:00+00:00,1731.2047930743333
2025-01-01 07:45:00+00:00,1735.2411091649378
2025-01-01 08:45:00+00:00,1724.134706058488
2025-01-01 09:45:00+00:00,1710.1882012894769
2025-01-02 03:45:00+00:00,1723.816821886315
2025-01-02 04:45:00+00:00,1726.7685585594259
2025-01-02 05:45:00+00:00,1701.2163001980566
2025-01-02 06:45:00+00:00,1694.2005012340283
2025-01-02 07:45:00+00:00,1687.9506399354602
2025-01-02 08:45:00+00:00,1684.0016772414053
2025-01-02 09:45:00+00:00,1665.6702613783389
2025-01-03 03:45:00+00:00,1669.871466027218
2025-01-03 04:45:00+00:00,1661.9006123005795
2025-01-03 05:45:00+00:00,1659.8504249885868
2025-01-03 06:45:00+00:00,1649.385649425867
2025-01-03 07:45:00+00:00,1648.341034981828
2025-01-03 08:45:00+00:00,1649.9905702061167
2025-01-03 09:45:00+00:00,1626.4482156850968
2025-01-06 03:45:00+00:00,1613.9640562729958
2025-01-06 04:45:00+00:00,1603.9587841530163
2025-01-06 05:45:00+00:00,1596.7598668843948
2025-01-06 06:45:00+00:00,1587.5314554095798
2025-01-06 07:45:00+00:00,1595.5416064368978
2025-01-06 08:45:00+00:00,1598.0209521492718
2025-01-06 09:45:00+00:00,1594.700052127892
2025-01-07 03:45:00+00:00,1598.5356701349965
2025-01-07 04:45:00+00:00,1593.7296422522043
2025-01-07 05:45:00+00:00,1564.6403770715442
2025-01-07 06:45:00+00:00,1556.9364120295859
2025-01-07 07:45:00+00:00,1556.3604397228276
2025-01-07 08:45:00+00:00,1574.3768508776186
2025-01-07 09:45:00+00:00,1559.0341441049623
2025-01-08 03:45:00+00:00,1570.5689317719196
2025-01-08 04:45:00+00:00,1562.9829749194837
2025-01-08 05:45:00+00:00,1567.2607787028023
2025-01-08 06:45:00+00:00,1553.0531900464168
2025-01-08 07:45:00+00:00,1553.6559997540335
2025-01-08 08:45:00+00:00,1571.7090482019582
2025-01-08 09:45:00+00:00,1560.2035894494832
2025-01-09 03:45:00+00:00,1570.5902667784715
2025-01-09 04:45:00+00:00,1568.747674787403
2025-01-09 05:45:00+00:00,1560.7565373756163
2025-01-09 06:45:00+00:00,1550.8824290736675
2025-01-09 07:45:00+00:00,1545.5743250577048
2025-01-09 08:45:00+00:00,1539.1487243717188
2025-01-09 09:45:00+00:00,1539.3130430559208
2025-01-10 03:45:00+00:00,1561.2497665485566
2025-01-10 04:45:00+00:00,1554.0608760281136
2025-01-10 05:45:00+00:00,1531.553145741639
2025-01-10 06:45:00+00:00,1522.4009853201849
2025-01-10 07:45:00+00:00,1519.5558240105458
2025-01-10 08:45:00+00:00,1526.2725432985808
2025-01-10 09:45:00+00:00,1515.0098364040132
2025-01-13 03:45:00+00:00,1514.969242349844
2025-01-13 04:45:00+00:00,1507.2644882951572
2025-01-13 05:45:00+00:00,1509.2182697984786
2025-01-13 06:45:00+00:00,1533.7292564819684
2025-01-13 07:45:00+00:00,1552.9150004400915
2025-01-13 08:45:00+00:00,1563.165857943142
2025-01-13 09:45:00+00:00,1555.3963119992347
2025-01-14 03:45:00+00:00,1565.1432805714176
2025-01-14 04:45:00+00:00,1556.003642522608
2025-01-14 05:45:00+00:00,1568.1982091961415
2025-01-14 06:45:00+00:00,1575.0451157980935
2025-01-14 07:45:00+00:00,1560.9827922165175
2025-01-14 08:45:00+00:00,1564.3113882270388
2025-01-14 09:45:00+00:00,1571.1119121773327
2025-01-15 03:45:00+00:00,1581.2435490815608
2025-01-15 04:45:00+00:00,1564.6721421615025
2025-01-15 05:45:00+00:00,1573.1572043188905
2025-01-15 06:45:00+00:00,1584.2463589183171
2025-01-15 07:45:00+00:00,1587.0715677586993
2025-01-15 08:45:00+00:00,1596.4736709925558
2025-01-15 09:45:00+00:00,1592.8908085721798
2025-01-16 03:45:00+00:00,1583.1942131798112
2025-01-16 04:45:00+00:00,1594.7463485806995
2025-01-16 05:45:00+00:00,1572.0653207190692
2025-01-16 06:45:00+00:00,1566.3780175498473
2025-01-16 07:45:00+00:00,1557.2845350874463
2025-01-16 08:45:00+00:00,1549.3614972373182
2025-01-16 09:45:00+00:00,1553.0726391617472
2025-01-17 03:45:00+00:00,1549.4795515796036
2025-01-17 04:45:00+00:00,1544.1211516833557
2025-01-17 05:45:00+00:00,1555.9823060574
2025-01-17 06:45:00+00:00,1562.3711334211303
2025-01-17 07:45:00+00:00,1571.2432136192797
2025-01-17 08:45:00+00:00,1576.463876130921
2025-01-17 09:45:00+00:00,1586.2100819100003
2025-01-20 03:45:00+00:00,1593.432366723803
2025-01-20 04:45:00+00:00,1578.4804147531188
2025-01-20 05:45:00+00:00,1593.799408482487
2025-01-20 06:45:00+00:00,1593.2735525241064
2025-01-20 07:45:00+00:00,1579.9716914834078
2025-01-20 08:45:00+00:00,1586.5699696992483
2025-01-20 09:45:00+00:00,1595.3784941021358
2025-01-21 03:45:00+00:00,1593.999181965646
2025-01-21 04:45:00+00:00,1576.5213517411785
2025-01-21 05:45:00+00:00,1563.7921450747363
2025-01-21 06:45:00+00:00,1544.48683163427
2025-01-21 07:45:00+00:00,1558.0181785043023
2025-01-21 08:45:00+00:00,1554.278238667181
2025-01-21 09:45:00+00:00,1556.822317436455
2025-01-22 03:45:00+00:00,1576.6976809438588
2025-01-22 04:45:00+00:00,1584.7367717917484
2025-01-22 05:45:00+00:00,1576.2040002730682
2025-01-22 06:45:00+00:00,1562.0841237345385
2025-01-22 07:45:00+00:00,1550.832084626134
2025-01-22 08:45:00+00:00,1539.8859252907346
2025-01-22 09:45:00+00:00,1541.0668858888903
2025-01-23 03:45:00+00:00,1541.8002438526423
2025-01-23 04:45:00+00:00,1550.3810081369468
2025-01-23 05:45:00+00:00,1532.6051469539266
2025-01-23 06:45:00+00:00,1519.5643887109675
2025-01-23 07:45:00+00:00,1540.5295483272805
2025-01-23 08:45:00+00:00,1513.8070357080226
2025-01-23 09:45:00+00:00,1507.4499963787887
2025-01-24 03:45:00+00:00,1495.9086239867677
2025-01-24 04:45:00+00:00,1512.3279451424107
2025-01-24 05:45:00+00:00,1513.5683564016222
2025-01-24 06:45:00+00:00,1509.777239729531
2025-01-24 07:45:00+00:00,1513.7249239204864
2025-01-24 08:45:00+00:00,1498.4440227795424
2025-01-24 09:45:00+00:00,1514.6521443884435
2025-01-27 03:45:00+00:00,1512.1880749819477
2025-01-27 04:45:00+00:00,1504.412361777722
2025-01-27 05:45:00+00:00,1515.3151028372024
2025-01-27 06:45:00+00:00,1511.3458431682066
2025-01-27 07:45:00+00:00,1517.9556498015304
2025-01-27 08:45:00+00:00,1537.6529299804888
2025-01-27 09:45:00+00:00,1523.6323763239875
2025-01-28 03:45:00+00:00,1530.7785846858633
2025-01-28 04:45:00+00:00,1551.4268037537017
2025-01-28 05:45:00+00:00,1558.6648783123244
2025-01-28 06:45:00+00:00,1541.5249763936974
2025-01-28 07:45:00+00:00,1551.8880106149509
2025-01-28 08:45:00+00:00,1555.2123626800385
2025-01-28 09:45:00+00:00,1539.2799814623581
2025-01-29 03:45:00+00:00,1541.7352276905312
2025-01-29 04:45:00+00:00,1536.3220979645987
2025-01-29 05:45:00+00:00,1509.6568646952387
2025-01-29 06:45:00+00:00,1505.4890603008278
2025-01-29 07:45:00+00:00,1506.9785164390348
2025-01-29 08:45:00+00:00,1505.4585118534615
2025-01-29 09:45:00+00:00,1533.0901916007065
2025-01-30 03:45:00+00:00,1542.9832814295112
2025-01-30 04:45:00+00:00,1567.801947773882
2025-01-30 05:45:00+00:00,1566.7949452675678
2025-01-30 06:45:00+00:00,1586.1202818523745
2025-01-30 07:45:00+00:00,1592.840051434471
2025-01-30 08:45:00+00:00,1589.6302273581107
2025-01-30 09:45:00+00:00,1584.699277122721
2025-01-31 03:45:00+00:00,1565.9811036235903
2025-01-31 04:45:00+00:00,1559.3131601353828
2025-01-31 05:45:00+00:00,1552.0580862301717
2025-01-31 06:45:00+00:00,1547.3640759231512
2025-01-31 07:45:00+00:00,1564.6307938597076
2025-01-31 08:45:00+00:00,1571.2203979420801
2025-01-31 09:45:00+00:00,1566.151600357309
2025-02-03 03:45:00+00:00,1558.367446438654
2025-02-03 04:45:00+00:00,1549.8382124142834
2025-02-03 05:45:00+00:00,1545.4829048190707
2025-02-03 06:45:00+00:00,1543.674815504985
2025-02-03 07:45:00+00:00,1551.9149302748297
2025-02-03 08:45:00+00:00,1546.605608542085
2025-02-03 09:45:00+00:00,1569.9027744939615
2025-02-04 03:45:00+00:00,1589.5308357668503
2025-02-04 04:45:00+00:00,1585.9882852895837
2025-02-04 05:45:00+00:00,1588.5655674317184
2025-02-04 06:45:00+00:00,1580.328696367708
2025-02-04 07:45:00+00:00,1577.8961764141225
2025-02-04 08:45:00+00:00,1564.481363381789
2025-02-04 09:45:00+00:00,1564.1697212130905
2025-02-05 03:45:00+00:00,1561.183524692385
2025-02-05 04:45:00+00:00,1538.2250852605262
2025-02-05 05:45:00+00:00,1530.8381633779431
2025-02-05 06:45:00+00:00,1520.2487868165551
2025-02-05 07:45:00+00:00,1523.5724358638488
2025-02-05 08:45:00+00:00,1545.6502895502108
2025-02-05 09:45:00+00:00,1552.6803884021201
2025-02-06 03:45:00+00:00,1563.7906322610777
2025-02-06 04:45:00+00:00,1565.192797785007
2025-02-06 05:45:00+00:00,1584.4134410577099
2025-02-06 06:45:00+00:00,1590.8444523820403
2025-02-06 07:45:00+00:00,1596.3894851415353
2025-02-06 08:45:00+00:00,1612.6829137805566
2025-02-06 09:45:00+00:00,1630.1320365416038
2025-02-07 03:45:00+00:00,1637.1919063659313
2025-02-07 04:45:00+00:00,1643.162362556479
2025-02-07 05:45:00+00:00,1651.211125169412
2025-02-07 06:45:00+00:00,1642.5827058485952
2025-02-07 07:45:00+00:00,1636.3374757710178
2025-02-07 08:45:00+00:00,1665.4504194762337
2025-02-07 09:45:00+00:00,1635.9245172604908
2025-02-10 03:45:00+00:00,1650.5844312767915
2025-02-10 04:45:00+00:00,1667.819769135578
2025-02-10 05:45:00+00:00,1657.630359095355
2025-02-10 06:45:00+00:00,1664.7717042918275
2025-02-10 07:45:00+00:00,1644.0799685405784
2025-02-10 08:45:00+00:00,1648.157774851672
2025-02-10 09:45:00+00:00,1654.1696140037911
2025-02-11 03:45:00+00:00,1655.9972051683712
2025-02-11 04:45:00+00:00,1648.2203694368502
2025-02-11 05:45:00+00:00,1651.9492133955707
2025-02-11 06:45:00+00:00,1660.3785600190479
2025-02-11 07:45:00+00:00,1689.2463701954002
2025-02-11 08:45:00+00:00,1695.668114343514
2025-02-11 09:45:00+00:00,1693.76766301545
2025-02-12 03:45:00+00:00,1686.8776368465815
2025-02-12 04:45:00+00:00,1682.910369882547
2025-02-12 05:45:00+00:00,1682.7456226271893
2025-02-12 06:45:00+00:00,1689.8396744001982
2025-02-12 07:45:00+00:00,1706.538037103427
2025-02-12 08:45:00+00:00,1699.9160177477263
2025-02-12 09:45:00+00:00,1698.6463537773116
2025-02-13 03:45:00+00:00,1676.7610113289654
2025-02-13 04:45:00+00:00,1686.713443265162
2025-02-13 05:45:00+00:00,1697.0828999360144
2025-02-13 06:45:00+00:00,1674.0324327363978
2025-02-13 07:45:00+00:00,1672.837438361207
2025-02-13 08:45:00+00:00,1671.2767878183506
2025-02-13 09:45:00+00:00,1653.2461309638275
2025-02-14 03:45:00+00:00,1659.540947562021
2025-02-14 04:45:00+00:00,1673.0503153997404
2025-02-14 05:45:00+00:00,1691.6020342799566
2025-02-14 06:45:00+00:00,1679.6401880650142
2025-02-14 07:45:00+00:00,1682.8430666049774
2025-02-14 08:45:00+00:00,1680.886357206099
2025-02-14 09:45:00+00:00,1685.8162620597184
2025-02-17 03:45:00+00:00,1657.9415447452932
2025-02-17 04:45:00+00:00,1666.8065923291908
2025-02-17 05:45:00+00:00,1649.814772809865
2025-02-17 06:45:00+00:00,1654.828625931411
2025-02-17 07:45:00+00:00,1658.3266311282482
2025-02-17 08:45:00+00:00,1668.0627919350695
2025-02-17 09:45:00+00:00,1659.406709388788
2025-02-18 03:45:00+00:00,1649.778165907193
2025-02-18 04:45:00+00:00,1643.7403443309368
2025-02-18 05:45:00+00:00,1651.3071683053154
2025-02-18 06:45:00+00:00,1666.3639168963232
2025-02-18 07:45:00+00:00,1657.430333779001
2025-02-18 08:45:00+00:00,1654.2373129876812
2025-02-18 09:45:00+00:00,1645.3211422657623
2025-02-19 03:45:00+00:00,1631.6731063969662
2025-02-19 04:45:00+00:00,1637.2364284831292
2025-02-19 05:45:00+00:00,1644.6757973360086
2025-02-19 06:45:00+00:00,1646.62763221677
2025-02-19 07:45:00+00:00,1644.5450323058524
2025-02-19 08:45:00+00:00,1657.50362749808
2025-02-19 09:45:00+00:00,1656.189196212443
2025-02-20 03:45:00+00:00,1672.6755130285926
2025-02-20 04:45:00+00:00,1686.3269504287011
2025-02-20 05:45:00+00:00,1680.1710121796702
2025-02-20 06:45:00+00:00,1689.3581756314045
2025-02-20 07:45:00+00:00,1665.9445637061856
2025-02-20 08:45:00+00:00,1664.2119234428021
2025-02-20 09:45:00+00:00,1647.3210381056883
2025-02-21 03:45:00+00:00,1664.3111203929066
2025-02-21 04:45:00+00:00,1653.519469760823
2025-02-21 05:45:00+00:00,1662.288095670351
2025-02-21 06:45:00+00:00,1668.0079759589084
2025-02-21 07:45:00+00:00,1666.0330681369621
2025-02-21 08:45:00+00:00,1667.990936144756
2025-02-21 09:45:00+00:00,1664.4450103334177
2025-02-24 03:45:00+00:00,1646.7132970643192
2025-02-24 04:45:00+00:00,1675.1835800207343
2025-02-24 05:45:00+00:00,1687.3642422922283
2025-02-24 06:45:00+00:00,1673.3244743092457
2025-02-24 07:45:00+00:00,1677.6815728023753
2025-02-24 08:45:00+00:00,1682.3028340856883
2025-02-24 09:45:00+00:00,1683.1237192095784
2025-02-25 03:45:00+00:00,1699.0645799140505
2025-02-25 04:45:00+00:00,1697.4587662256886
2025-02-25 05:45:00+00:00,1683.5781222715268
2025-02-25 06:45:00+00:00,1681.1410033981324
2025-02-25 07:45:00+00:00,1703.5322576283668
2025-02-25 08:45:00+00:00,1703.563145954746
2025-02-25 09:45:00+00:00,1709.9486711480827
2025-02-27 03:45:00+00:00,1702.2210906424066
2025-02-27 04:45:00+00:00,1718.8811468710783
2025-02-27 05:45:00+00:00,1756.0377593646854
2025-02-27 06:45:00+00:00,1753.8887139716758
2025-02-27 07:45:00+00:00,1757.6327035477589
2025-02-27 08:45:00+00:00,1751.6276949878772
2025-02-27 09:45:00+00:00,1764.6497418332738
2025-02-28 03:45:00+00:00,1766.3926931971794
2025-02-28 04:45:00+00:00,1781.795618677587
2025-02-28 05:45:00+00:00,1799.0139509515186
2025-02-28 06:45:00+00:00,1806.579020875709
2025-02-28 07:45:00+00:00,1816.2014358457968
2025-02-28 08:45:00+00:00,1810.3379175280195
2025-02-28 09:45:00+00:00,1798.195781210674
2025-03-03 03:45:00+00:00,1795.0437002848491
2025-03-03 04:45:00+00:00,1791.7708755142057
2025-03-03 05:45:00+00:00,1791.9498990918835
2025-03-03 06:45:00+00:00,1779.2631719253015
2025-03-03 07:45:00+00:00,1791.6486052327027
2025-03-03 08:45:00+00:00,1791.841441385977
2025-03-03 09:45:00+00:00,1788.9499675364448
2025-03-04 03:45:00+00:00,1787.8305514189644
2025-03-04 04:45:00+00:00,1800.020427060412
2025-03-04 05:45:00+00:00,1812.8139658449354
2025-03-04 06:45:00+00:00,1814.2832872680317
2025-03-04 07:45:00+00:00,1831.9832135779911
2025-03-04 08:45:00+00:00,1840.4297415888934
2025-03-04 09:45:00+00:00,1840.424935622185
2025-03-05 03:45:00+00:00,1845.678781557481
2025-03-05 04:45:00+00:00,1837.1631899239478
2025-03-05 05:45:00+00:00,1829.3910126978913
2025-03-05 06:45:00+00:00,1822.2364268569454
2025-03-05 07:45:00+00:00,1827.5958702591429
2025-03-05 08:45:00+00:00,1800.5936840134234
2025-03-05 09:45:00+00:00,1829.1318579405283
2025-03-06 03:45:00+00:00,1808.740709384188
2025-03-06 04:45:00+00:00,1796.5052441401895
2025-03-06 05:45:00+00:00,1784.0032257019352
2025-03-06 06:45:00+00:00,1796.7779104839065
2025-03-06 07:45:00+00:00,1782.8557495338778
2025-03-06 08:45:00+00:00,1771.5798935788732
2025-03-06 09:45:00+00:00,1772.991735514726
2025-03-07 03:45:00+00:00,1762.973226334628
2025-03-07 04:45:00+00:00,1768.0532942613115
2025-03-07 05:45:00+00:00,1785.9759017838828
2025-03-07 06:45:00+00:00,1788.4372862729895
2025-03-07 07:45:00+00:00,1774.823769879174
2025-03-07 08:45:00+00:00,1777.6074307946635
2025-03-07 09:45:00+00:00,1737.1965796236016
2025-03-10 03:45:00+00:00,1743.5965462012061
2025-03-10 04:45:00+00:00,1753.5301573381053
2025-03-10 05:45:00+00:00,1749.2570496411627
2025-03-10 06:45:00+00:00,1753.1824250922546
2025-03-10 07:45:00+00:00,1774.8958063003072
2025-03-10 08:45:00+00:00,1765.330674751653
2025-03-10 09:45:00+00:00,1774.0838821496598
2025-03-11 03:45:00+00:00,1790.6013768311132
2025-03-11 04:45:00+00:00,1776.8985183224206
2025-03-11 05:45:00+00:00,1764.6446256011284
2025-03-11 06:45:00+00:00,1743.76708869762
2025-03-11 07:45:00+00:00,1783.0193481398796
2025-03-11 08:45:00+00:00,1783.0001304396367
2025-03-11 09:45:00+00:00,1775.384933790486
2025-03-12 03:45:00+00:00,1762.8841655787962
2025-03-12 04:45:00+00:00,1766.7173914355258
2025-03-12 05:45:00+00:00,1792.3807977159724
2025-03-12 06:45:00+00:00,1787.0245169683267
2025-03-12 07:45:00+00:00,1775.6897777127606
2025-03-12 08:45:00+00:00,1777.2566604087974
2025-03-12 09:45:00+00:00,1773.9216715603818
2025-03-13 03:45:00+00:00,1799.7701677051364
2025-03-13 04:45:00+00:00,1814.0574211306878
2025-03-13 05:45:00+00:00,1798.043748041866
2025-03-13 06:45:00+00:00,1810.214571006802
2025-03-13 07:45:00+00:00,1829.2865218673935
2025-03-13 08:45:00+00:00,1826.1518758684067
2025-03-13 09:45:00+00:00,1828.2330032803416
2025-03-17 03:45:00+00:00,1814.1790445969195
2025-03-17 04:45:00+00:00,1813.5972957708545
2025-03-17 05:45:00+00:00,1800.9015876949295
2025-03-17 06:45:00+00:00,1800.3872277961693
2025-03-17 07:45:00+00:00,1790.9036515456603
2025-03-17 08:45:00+00:00,1783.7566642503748
2025-03-17 09:45:00+00:00,1778.9718396262376
2025-03-18 03:45:00+00:00,1801.7813903058084
2025-03-18 04:45:00+00:00,1811.1402545383348
2025-03-18 05:45:00+00:00,1826.195817677966
2025-03-18 06:45:00+00:00,1816.122845468496
2025-03-18 07:45:00+00:00,1783.7440423857424
2025-03-18 08:45:00+00:00,1788.033964707351
2025-03-18 09:45:00+00:00,1802.018738939037
2025-03-19 03:45:00+00:00,1805.1737427521346
2025-03-19 04:45:00+00:00,1796.0553802122197
2025-03-19 05:45:00+00:00,1805.8892767786297
2025-03-19 06:45:00+00:00,1824.571986862322
2025-03-19 07:45:00+00:00,1809.2715485117822
2025-03-19 08:45:00+00:00,1808.1086696039974
2025-03-19 09:45:00+00:00,1821.1005399512223
2025-03-20 03:45:00+00:00,1820.829474486903
2025-03-20 04:45:00+00:00,1824.5087533222204
2025-03-20 05:45:00+00:00,1815.5589843766263
2025-03-20 06:45:00+00:00,1806.1424703411715
2025-03-20 07:45:00+00:00,1822.9252850543276
2025-03-20 08:45:00+00:00,1806.9946891101222
2025-03-20 09:45:00+00:00,1803.0568149452488
2025-03-21 03:45:00+00:00,1810.6154860596725
2025-03-21 04:45:00+00:00,1817.0807362665025
2025-03-21 05:45:00+00:00,1811.867309096541
2025-03-21 06:45:00+00:00,1787.6520297706872
2025-03-21 07:45:00+00:00,1779.7580515415286
2025-03-21 08:45:00+00:00,1766.9138591946455
2025-03-21 09:45:00+00:00,1764.9739363725976
2025-03-24 03:45:00+00:00,1756.2605703664924
2025-03-24 04:45:00+00:00,1753.1878836201777
2025-03-24 05:45:00+00:00,1762.9935312443968
2025-03-24 06:45:00+00:00,1758.4604497685857
2025-03-24 07:45:00+00:00,1754.047932180878
2025-03-24 08:45:00+00:00,1755.9388164159525
2025-03-24 09:45:00+00:00,1751.5025552772781
2025-03-25 03:45:00+00:00,1741.0297255818518
2025-03-25 04:45:00+00:00,1725.774191657277
2025-03-25 05:45:00+00:00,1733.1062066962745
2025-03-25 06:45:00+00:00,1725.3526218990078
2025-03-25 07:45:00+00:00,1710.0118583042563
2025-03-25 08:45:00+00:00,1716.337827881169
2025-03-25 09:45:00+00:00,1742.659200495315
2025-03-26 03:45:00+00:00,1742.516941081553
2025-03-26 04:45:00+00:00,1756.4996183687485
2025-03-26 05:45:00+00:00,1763.3891243498483
2025-03-26 06:45:00+00:00,1758.261005214163
2025-03-26 07:45:00+00:00,1736.078234577383
2025-03-26 08:45:00+00:00,1753.78781756511
2025-03-26 09:45:00+00:00,1764.4529771511611
2025-03-27 03:45:00+00:00,1753.1116845546892
2025-03-27 04:45:00+00:00,1712.7455110944336
2025-03-27 05:45:00+00:00,1718.2233780949932
2025-03-27 06:45:00+00:00,1731.5476737005363
2025-03-27 07:45:00+00:00,1743.7533816186992
2025-03-27 08:45:00+00:00,1744.7343843004942
2025-03-27 09:45:00+00:00,1713.4411590458244
2025-03-28 03:45:00+00:00,1702.5135539813277
2025-03-28 04:45:00+00:00,1704.6024731560572
2025-03-28 05:45:00+00:00,1705.4949379712527
2025-03-28 06:45:00+00:00,1701.4521456025038
2025-03-28 07:45:00+00:00,1679.6301039994487
2025-03-28 08:45:00+00:00,1689.9008024326097
2025-03-28 09:45:00+00:00,1696.5181744135593
2025-04-01 03:45:00+00:00,1693.9398477105015
2025-04-01 04:45:00+00:00,1681.3882691855802
2025-04-01 05:45:00+00:00,1699.5246222480532
2025-04-01 06:45:00+00:00,1722.498985099789
2025-04-01 07:45:00+00:00,1692.163953893497
2025-04-01 08:45:00+00:00,1670.4296389570966
2025-04-01 09:45:00+00:00,1677.9050152705026
2025-04-02 03:45:00+00:00,1678.8178211371974
2025-04-02 04:45:00+00:00,1686.34044734892
2025-04-02 05:45:00+00:00,1692.3535787654832
2025-04-02 06:45:00+00:00,1693.9843595874333
2025-04-02 07:45:00+00:00,1708.7316961576907
2025-04-02 08:45:00+00:00,1685.5858393375477
2025-04-02 09:45:00+00:00,1683.2477409074302
2025-04-03 03:45:00+00:00,1694.9073890420982
2025-04-03 04:45:00+00:00,1690.984831342581
2025-04-03 05:45:00+00:00,1703.5636100651445
2025-04-03 06:45:00+00:00,1691.991512035757
2025-04-03 07:45:00+00:00,1674.4755836106497
2025-04-03 08:45:00+00:00,1657.7162914855517
2025-04-03 09:45:00+00:00,1654.8335550555983
2025-04-04 03:45:00+00:00,1655.6165379090505
2025-04-04 04:45:00+00:00,1680.2376331417806
2025-04-04 05:45:00+00:00,1701.6080745723082
2025-04-04 06:45:00+00:00,1691.1336061162035
2025-04-04 07:45:00+00:00,1691.6289688245802
2025-04-04 08:45:00+00:00,1689.6820076198373
2025-04-04 09:45:00+00:00,1682.6980928476128
2025-04-07 03:45:00+00:00,1690.0649738107936
2025-04-07 04:45:00+00:00,1733.3961801006324
2025-04-07 05:45:00+00:00,1723.8220636360809
2025-04-07 06:45:00+00:00,1695.8028158367533
2025-04-07 07:45:00+00:00,1714.227982066403
2025-04-07 08:45:00+00:00,1722.54565887634
2025-04-07 09:45:00+00:00,1707.3511139303887
2025-04-08 03:45:00+00:00,1693.2734433823002
2025-04-08 04:45:00+00:00,1706.6494178605585
2025-04-08 05:45:00+00:00,1677.538125101829
2025-04-08 06:45:00+00:00,1698.0546857349511
2025-04-08 07:45:00+00:00,1683.0105140268336
2025-04-08 08:45:00+00:00,1694.679246428065
2025-04-08 09:45:00+00:00,1700.084767675414
2025-04-09 03:45:00+00:00,1713.7656339937196
2025-04-09 04:45:00+00:00,1688.1596025430601
2025-04-09 05:45:00+00:00,1668.0400134382555
2025-04-09 06:45:00+00:00,1657.4256934555676
2025-04-09 07:45:00+00:00,1659.0468984200963
2025-04-09 08:45:00+00:00,1656.148721514427
2025-04-09 09:45:00+00:00,1648.9896517365605
2025-04-11 03:45:00+00:00,1648.2905043123042
2025-04-11 04:45:00+00:00,1646.8331528038743
2025-04-11 05:45:00+00:00,1654.7691718185247
2025-04-11 06:45:00+00:00,1655.48460426386
2025-04-11 07:45:00+00:00,1674.7083043564542
2025-04-11 08:45:00+00:00,1674.7814446493976
2025-04-11 09:45:00+00:00,1684.4441980904592
2025-04-15 03:45:00+00:00,1696.621368214251
2025-04-15 04:45:00+00:00,1696.9886042937594
2025-04-15 05:45:00+00:00,1693.914043866261
2025-04-15 06:45:00+00:00,1677.8484808304745
2025-04-15 07:45:00+00:00,1685.830585562173
2025-04-15 08:45:00+00:00,1693.4043260506417
2025-04-15 09:45:00+00:00,1692.53960936784
2025-04-16 03:45:00+00:00,1711.463029999525
2025-04-16 04:45:00+00:00,1736.7324556291078
2025-04-16 05:45:00+00:00,1710.4860177067699
2025-04-16 06:45:00+00:00,1714.9335026718525
2025-04-16 07:45:00+00:00,1720.9252087658144
2025-04-16 08:45:00+00:00,1721.7970555806687
2025-04-16 09:45:00+00:00,1732.1038431111747
2025-04-17 03:45:00+00:00,1727.1253768706888
2025-04-17 04:45:00+00:00,1708.5200203311438
2025-04-17 05:45:00+00:00,1722.0122478315589
2025-04-17 06:45:00+00:00,1741.3570620349851
2025-04-17 07:45:00+00:00,1736.2926940210564
2025-04-17 08:45:00+00:00,1748.564898274477
2025-04-17 09:45:00+00:00,1754.0199331681347
2025-04-21 03:45:00+00:00,1751.6959408345242
2025-04-21 04:45:00+00:00,1790.5052335227635
2025-04-21 05:45:00+00:00,1784.866107193679
2025-04-21 06:45:00+00:00,1802.2595574233999
2025-04-21 07:45:00+00:00,1796.3789257485341
2025-04-21 08:45:00+00:00,1794.8031054148948
2025-04-21 09:45:00+00:00,1766.5917882691028
2025-04-22 03:45:00+00:00,1763.2913091186288
2025-04-22 04:45:00+00:00,1741.4429421410707
2025-04-22 05:45:00+00:00,1726.8079026215592
2025-04-22 06:45:00+00:00,1718.073660388376
2025-04-22 07:45:00+00:00,1722.4765451716703
2025-04-22 08:45:00+00:00,1727.4449103823129
2025-04-22 09:45:00+00:00,1750.4468369853341
2025-04-23 03:45:00+00:00,1753.8987308894214
2025-04-23 04:45:00+00:00,1755.2217716091477
2025-04-23 05:45:00+00:00,1746.5977138196579
2025-04-23 06:45:00+00:00,1724.379247708655
2025-04-23 07:45:00+00:00,1718.900213812573
2025-04-23 08:45:00+00:00,1705.9585221371415
2025-04-23 09:45:00+00:00,1705.7894259472023
2025-04-24 03:45:00+00:00,1719.0226587090863
2025-04-24 04:45:00+00:00,1706.405633745353
2025-04-24 05:45:00+00:00,1698.1006066346883
2025-04-24 06:45:00+00:00,1689.4984802628333
2025-04-24 07:45:00+00:00,1695.8338193366972
2025-04-24 08:45:00+00:00,1684.050325812753
2025-04-24 09:45:00+00:00,1691.960713313822
2025-04-25 03:45:00+00:00,1697.652169671145
2025-04-25 04:45:00+00:00,1694.9309116105433
2025-04-25 05:45:00+00:00,1687.153161937525
2025-04-25 06:45:00+00:00,1686.4386959031012
2025-04-25 07:45:00+00:00,1682.5877746106692
2025-04-25 08:45:00+00:00,1686.3800978655443
2025-04-25 09:45:00+00:00,1683.4363904195375
2025-04-28 03:45:00+00:00,1667.8474820377805
2025-04-28 04:45:00+00:00,1660.5720695594691
2025-04-28 05:45:00+00:00,1665.42676990272
2025-04-28 06:45:00+00:00,1684.7975386919375
2025-04-28 07:45:00+00:00,1660.4857503756402
2025-04-28 08:45:00+00:00,1650.5593483137263
2025-04-28 09:45:00+00:00,1617.8057641462287
2025-04-29 03:45:00+00:00,1614.081870624469
2025-04-29 04:45:00+00:00,1601.305787913783
2025-04-29 05:45:00+00:00,1580.4701564896886
2025-04-29 06:45:00+00:00,1584.4888215824615
2025-04-29 07:45:00+00:00,1596.7026315792316
2025-04-29 08:45:00+00:00,1597.5075997365184
2025-04-29 09:45:00+00:00,1580.24926092985
2025-04-30 03:45:00+00:00,1578.374217567875
2025-04-30 04:45:00+00:00,1576.753636838283
2025-04-30 05:45:00+00:00,1578.3141824050817
2025-04-30 06:45:00+00:00,1577.2266699729369
2025-04-30 07:45:00+00:00,1570.1705869095094
2025-04-30 08:45:00+00:00,1565.6571453008903
2025-04-30 09:45:00+00:00,1575.8747999532113
2025-05-02 03:45:00+00:00,1566.2745139615347
2025-05-02 04:45:00+00:00,1561.067962676442
2025-05-02 05:45:00+00:00,1570.373740708156
2025-05-02 06:45:00+00:00,1577.4313199483163
2025-05-02 07:45:00+00:00,1586.8152492531237
2025-05-02 08:45:00+00:00,1576.3084896990135
2025-05-02 09:45:00+00:00,1588.6027161179502
2025-05-05 03:45:00+00:00,1566.4461071643223
2025-05-05 04:45:00+00:00,1560.992837793495
2025-05-05 05:45:00+00:00,1565.931447351143
2025-05-05 06:45:00+00:00,1549.2769110108447
2025-05-05 07:45:00+00:00,1549.0862457353148
2025-05-05 08:45:00+00:00,1548.385682341227
2025-05-05 09:45:00+00:00,1553.6808031281992
2025-05-06 03:45:00+00:00,1556.499968847514
2025-05-06 04:45:00+00:00,1575.2138250487571
2025-05-06 05:45:00+00:00,1554.1693833477286
2025-05-06 06:45:00+00:00,1551.1909795113547
2025-05-06 07:45:00+00:00,1567.595763692083
2025-05-06 08:45:00+00:00,1570.205943071588
2025-05-06 09:45:00+00:00,1583.5477401273874
2025-05-07 03:45:00+00:00,1598.7845417113651
2025-05-07 04:45:00+00:00,1609.8753149655897
2025-05-07 05:45:00+00:00,1630.9009660470936
2025-05-07 06:45:00+00:00,1629.6720508410572
2025-05-07 07:45:00+00:00,1620.4696002578892
2025-05-07 08:45:00+00:00,1620.2955346649558
2025-05-07 09:45:00+00:00,1616.1804541133367
2025-05-08 03:45:00+00:00,1630.47976288734
2025-05-08 04:45:00+00:00,1642.5722438171945
2025-05-08 05:45:00+00:00,1643.044426938007
2025-05-08 06:45:00+00:00,1666.9731681549233
2025-05-08 07:45:00+00:00,1634.7945508317716
2025-05-08 08:45:00+00:00,1642.510989318028
2025-05-08 09:45:00+00:00,1646.261154227538
2025-05-09 03:45:00+00:00,1647.7585082159214
2025-05-09 04:45:00+00:00,1639.0844199750577
2025-05-09 05:45:00+00:00,1654.056154407392
2025-05-09 06:45:00+00:00,1644.1289038287475
2025-05-09 07:45:00+00:00,1637.1374056117704
2025-05-09 08:45:00+00:00,1643.1018428308028
2025-05-09 09:45:00+00:00,1636.8277456577223
2025-05-12 03:45:00+00:00,1650.8057876052117
2025-05-12 04:45:00+00:00,1649.6696694117097
2025-05-12 05:45:00+00:00,1667.8204213257077
2025-05-12 06:45:00+00:00,1696.8429742595106
2025-05-12 07:45:00+00:00,1713.5551295760933
2025-05-12 08:45:00+00:00,1722.4267499134282
2025-05-12 09:45:00+00:00,1704.901988231559
2025-05-13 03:45:00+00:00,1721.0262174276913
2025-05-13 04:45:00+00:00,1759.852246751752
2025-05-13 05:45:00+00:00,1754.1646702174257
2025-05-13 06:45:00+00:00,1772.82879127235
2025-05-13 07:45:00+00:00,1747.2446418769289
2025-05-13 08:45:00+00:00,1742.4787504911728
2025-05-13 09:45:00+00:00,1750.5296712778545
2025-05-14 03:45:00+00:00,1747.1174982441635
2025-05-14 04:45:00+00:00,1739.9790786710773
2025-05-14 05:45:00+00:00,1720.4429741264769
2025-05-14 06:45:00+00:00,1701.9803810583046
2025-05-14 07:45:00+00:00,1700.052527324099
2025-05-14 08:45:00+00:00,1686.6860616097151
2025-05-14 09:45:00+00:00,1680.7497954928622
2025-05-15 03:45:00+00:00,1691.5002819098295
2025-05-15 04:45:00+00:00,1683.1194245369531
2025-05-15 05:45:00+00:00,1664.9735373767624
2025-05-15 06:45:00+00:00,1682.834886363212
2025-05-15 07:45:00+00:00,1666.0735759685658
2025-05-15 08:45:00+00:00,1674.4757447811799
2025-05-15 09:45:00+00:00,1660.0495618243147
2025-05-16 03:45:00+00:00,1646.7334795524205
2025-05-16 04:45:00+00:00,1628.2022254111544
2025-05-16 05:45:00+00:00,1616.3720874185308
2025-05-16 06:45:00+00:00,1598.7398494635504
2025-05-16 07:45:00+00:00,1602.9565629817344
2025-05-16 08:45:00+00:00,1595.584190750904
2025-05-16 09:45:00+00:00,1607.147987037044
2025-05-19 03:45:00+00:00,1582.901495402671
2025-05-19 04:45:00+00:00,1576.9555763890346
2025-05-19 05:45:00+00:00,1564.5658720376355
2025-05-19 06:45:00+00:00,1574.8576321569099
2025-05-19 07:45:00+00:00,1574.4819495972108
2025-05-19 08:45:00+00:00,1562.764759361725
2025-05-19 09:45:00+00:00,1540.1942211396592
2025-05-20 03:45:00+00:00,1531.6159301906682
2025-05-20 04:45:00+00:00,1554.8240194244556
2025-05-20 05:45:00+00:00,1561.6531092804723
2025-05-20 06:45:00+00:00,1569.6012067891102
2025-05-20 07:45:00+00:00,1563.7260760738418
2025-05-20 08:45:00+00:00,1573.0492529052697
2025-05-20 09:45:00+00:00,1566.7619407061452
2025-05-21 03:45:00+00:00,1552.387433039396
2025-05-21 04:45:00+00:00,1554.27067754105
2025-05-21 05:45:00+00:00,1562.6033092375628
2025-05-21 06:45:00+00:00,1548.2853448419642
2025-05-21 07:45:00+00:00,1541.2980392027132
2025-05-21 08:45:00+00:00,1535.6813044459473
2025-05-21 09:45:00+00:00,1531.8023689869935
2025-05-22 03:45:00+00:00,1553.8635847599537
2025-05-22 04:45:00+00:00,1546.2357973434343
2025-05-22 05:45:00+00:00,1532.8824276298951
2025-05-22 06:45:00+00:00,1516.4579878588984
2025-05-22 07:45:00+00:00,1508.4919947588407
2025-05-22 08:45:00+00:00,1496.3306729897567
2025-05-22 09:45:00+00:00,1473.1409025103899
2025-05-23 03:45:00+00:00,1487.5451912491174
2025-05-23 04:45:00+00:00,1488.8534886810487
2025-05-23 05:45:00+00:00,1504.3859569180104
2025-05-23 06:45:00+00:00,1498.8018603587423
2025-05-23 07:45:00+00:00,1505.5755178452885
2025-05-23 08:45:00+00:00,1511.0862350676496
2025-05-23 09:45:00+00:00,1496.1324793236126
2025-05-26 03:45:00+00:00,1498.9181015486577
2025-05-26 04:45:00+00:00,1494.177981337042
2025-05-26 05:45:00+00:00,1513.7003442788962
2025-05-26 06:45:00+00:00,1537.5979234951085
2025-05-26 07:45:00+00:00,1563.2448642693623
2025-05-26 08:45:00+00:00,1551.8035476210075
2025-05-26 09:45:00+00:00,1567.4665141652242
2025-05-27 03:45:00+00:00,1573.3947733733387
2025-05-27 04:45:00+00:00,1571.7023709504142
2025-05-27 05:45:00+00:00,1595.246212764087
2025-05-27 06:45:00+00:00,1583.158997372823
2025-05-27 07:45:00+00:00,1579.5099325967935
2025-05-27 08:45:00+00:00,1578.836447433785
2025-05-27 09:45:00+00:00,1566.5207293914566
2025-05-28 03:45:00+00:00,1572.9968728511808
2025-05-28 04:45:00+00:00,1591.070306296595
2025-05-28 05:45:00+00:00,1597.711053719989
2025-05-28 06:45:00+00:00,1626.355981680181
2025-05-28 07:45:00+00:00,1599.425789013406
2025-05-28 08:45:00+00:00,1601.3740252167088
2025-05-28 09:45:00+00:00,1599.6860669085888
2025-05-29 03:45:00+00:00,1609.4887387925191
2025-05-29 04:45:00+00:00,1626.0649592148482
2025-05-29 05:45:00+00:00,1638.3729420252573
2025-05-29 06:45:00+00:00,1623.3150365661988
2025-05-29 07:45:00+00:00,1601.217225744212
2025-05-29 08:45:00+00:00,1608.6074882035066
2025-05-29 09:45:00+00:00,1594.7206899364508
2025-05-30 03:45:00+00:00,1593.1439709086055
2025-05-30 04:45:00+00:00,1620.7911545351521
2025-05-30 05:45:00+00:00,1614.6640799910936
2025-05-30 06:45:00+00:00,1628.9186138881987
2025-05-30 07:45:00+00:00,1637.4003287327212
2025-05-30 08:45:00+00:00,1639.2056128275635
2025-05-30 09:45:00+00:00,1617.4570042710936
2025-06-02 03:45:00+00:00,1605.5575942255773
2025-06-02 04:45:00+00:00,1592.8587434545352
2025-06-02 05:45:00+00:00,1596.4651264833392
2025-06-02 06:45:00+00:00,1595.2786299078348
2025-06-02 07:45:00+00:00,1614.6231205229858
2025-06-02 08:45:00+00:00,1623.1155781545187
2025-06-02 09:45:00+00:00,1643.899599473128
2025-06-03 03:45:00+00:00,1659.9080935494426
2025-06-03 04:45:00+00:00,1660.0236370773052
2025-06-03 05:45:00+00:00,1628.1500358963895
2025-06-03 06:45:00+00:00,1613.148512447797
2025-06-03 07:45:00+00:00,1622.3337418173323
2025-06-03 08:45:00+00:00,1620.096272043714
2025-06-03 09:45:00+00:00,1621.1199728744557
2025-06-04 03:45:00+00:00,1612.2032604946987
2025-06-04 04:45:00+00:00,1620.6756362264734
2025-06-04 05:45:00+00:00,1602.4532421786316
2025-06-04 06:45:00+00:00,1601.6211645371982
2025-06-04 07:45:00+00:00,1624.6553843791723
2025-06-04 08:45:00+00:00,1617.9269697279267
2025-06-04 09:45:00+00:00,1627.5429394866242
2025-06-05 03:45:00+00:00,1647.0651573369357
2025-06-05 04:45:00+00:00,1665.6789378878257
2025-06-05 05:45:00+00:00,1665.2582079142478
2025-06-05 06:45:00+00:00,1672.2135372410287
2025-06-05 07:45:00+00:00,1691.6210567236972
2025-06-05 08:45:00+00:00,1690.367446789008
2025-06-05 09:45:00+00:00,1698.427362954221
2025-06-06 03:45:00+00:00,1706.9714985902172
2025-06-06 04:45:00+00:00,1708.119635952527
2025-06-06 05:45:00+00:00,1708.186528375564
2025-06-06 06:45:00+00:00,1719.1645478330813
2025-06-06 07:45:00+00:00,1718.2058095814873
2025-06-06 08:45:00+00:00,1736.947381372765
2025-06-06 09:45:00+00:00,1719.6869149515605
2025-06-09 03:45:00+00:00,1730.7472832872566
2025-06-09 04:45:00+00:00,1732.47709669996
2025-06-09 05:45:00+00:00,1719.9858263706815
2025-06-09 06:45:00+00:00,1731.9917338765413
2025-06-09 07:45:00+00:00,1728.6762815933869
2025-06-09 08:45:00+00:00,1723.0697792472351
2025-06-09 09:45:00+00:00,1728.5882738911923
2025-06-10 03:45:00+00:00,1752.5158916517169
2025-06-10 04:45:00+00:00,1748.1228736873863
2025-06-10 05:45:00+00:00,1754.1159186999398
2025-06-10 06:45:00+00:00,1746.5454708365007
2025-06-10 07:45:00+00:00,1728.3755676929047
2025-06-10 08:45:00+00:00,1740.828271780009
2025-06-10 09:45:00+00:00,1741.144092268786
2025-06-11 03:45:00+00:00,1718.0879724411354
2025-06-11 04:45:00+00:00,1732.9955490417542
2025-06-11 05:45:00+00:00,1745.8874642177784
2025-06-11 06:45:00+00:00,1716.4691746981307
2025-06-11 07:45:00+00:00,1741.4011575624606
2025-06-11 08:45:00+00:00,1738.1900961754222
2025-06-11 09:45:00+00:00,1758.8365437901948
2025-06-12 03:45:00+00:00,1749.5003203382082
2025-06-12 04:45:00+00:00,1755.0111575611365
2025-06-12 05:45:00+00:00,1742.6274285177863
2025-06-12 06:45:00+00:00,1728.9282925400428
2025-06-12 07:45:00+00:00,1734.7756791544275
2025-06-12 08:45:00+00:00,1732.868921145327
2025-06-12 09:45:00+00:00,1708.6262038286673
2025-06-13 03:45:00+00:00,1712.111485765137
2025-06-13 04:45:00+00:00,1716.0039550092713
2025-06-13 05:45:00+00:00,1714.8171760908454
2025-06-13 06:45:00+00:00,1708.669804109244
2025-06-13 07:45:00+00:00,1720.3688986867946
2025-06-13 08:45:00+00:00,1698.7267633487845
2025-06-13 09:45:00+00:00,1689.0761010190026
2025-06-16 03:45:00+00:00,1700.7888233751446
2025-06-16 04:45:00+00:00,1719.873543717968
2025-06-16 05:45:00+00:00,1702.8081899564067
2025-06-16 06:45:00+00:00,1720.9627589723357
2025-06-16 07:45:00+00:00,1688.4069551863495
2025-06-16 08:45:00+00:00,1684.5888550749514
2025-06-16 09:45:00+00:00,1688.959190149123
2025-06-17 03:45:00+00:00,1693.8802493612095
2025-06-17 04:45:00+00:00,1698.6452592604176
2025-06-17 05:45:00+00:00,1718.652510046013
2025-06-17 06:45:00+00:00,1732.221242510949
2025-06-17 07:45:00+00:00,1701.6340695304575
2025-06-17 08:45:00+00:00,1698.803626795268
2025-06-17 09:45:00+00:00,1698.122178670943
2025-06-18 03:45:00+00:00,1705.8420244432564
2025-06-18 04:45:00+00:00,1707.6642032666932
2025-06-18 05:45:00+00:00,1705.6409575995942
2025-06-18 06:45:00+00:00,1721.0612535502396
2025-06-18 07:45:00+00:00,1704.1575663786703
2025-06-18 08:45:00+00:00,1724.3895549440972
2025-06-18 09:45:00+00:00,1724.129945115874
2025-06-19 03:45:00+00:00,1726.9875011020974
2025-06-19 04:45:00+00:00,1714.9461608115028
2025-06-19 05:45:00+00:00,1692.615529438565
2025-06-19 06:45:00+00:00,1676.5806500232866
2025-06-19 07:45:00+00:00,1658.4593684316158
2025-06-19 08:45:00+00:00,1666.773548512494
2025-06-19 09:45:00+00:00,1668.354595772077
2025-06-20 03:45:00+00:00,1653.4331475442484
2025-06-20 04:45:00+00:00,1645.8375354633663
2025-06-20 05:45:00+00:00,1640.8287606915826
2025-06-20 06:45:00+00:00,1626.903595328799
2025-06-20 07:45:00+00:00,1604.4580788204414
2025-06-20 08:45:00+00:00,1612.0694256009558
2025-06-20 09:45:00+00:00,1592.2908952917287
2025-06-23 03:45:00+00:00,1617.5402627240785
2025-06-23 04:45:00+00:00,1617.219371585754
2025-06-23 05:45:00+00:00,1638.8103127816437
2025-06-23 06:45:00+00:00,1641.4341132283046
2025-06-23 07:45:00+00:00,1628.0374267980717
2025-06-23 08:45:00+00:00,1623.3210824774196
2025-06-23 09:45:00+00:00,1626.4411578129088
2025-06-24 03:45:00+00:00,1617.9146770503885
2025-06-24 04:45:00+00:00,1593.205072620875
2025-06-24 05:45:00+00:00,1592.5924853721788
2025-06-24 06:45:00+00:00,1612.6982098058386
2025-06-24 07:45:00+00:00,1603.9628076813415
2025-06-24 08:45:00+00:00,1608.7276010245828
2025-06-24 09:45:00+00:00,1609.7768694227325
2025-06-25 03:45:00+00:00,1610.2810974524164
2025-06-25 04:45:00+00:00,1599.602349765433
2025-06-25 05:45:00+00:00,1598.0450072722879
2025-06-25 06:45:00+00:00,1619.7528972364705
2025-06-25 07:45:00+00:00,1608.5631860420406
2025-06-25 08:45:00+00:00,1601.3281758762369
2025-06-25 09:45:00+00:00,1576.87296632366
2025-06-26 03:45:00+00:00,1598.039802466942
2025-06-26 04:45:00+00:00,1602.6980833824896
2025-06-26 05:45:00+00:00,1619.2346564972374
2025-06-26 06:45:00+00:00,1619.6681713031408
2025-06-26 07:45:00+00:00,1599.7278816140276
2025-06-26 08:45:00+00:00,1609.3644094684316
2025-06-26 09:45:00+00:00,1600.589576327997
2025-06-27 03:45:00+00:00,1604.4162482645916
2025-06-27 04:45:00+00:00,1611.3817651730724
2025-06-27 05:45:00+00:00,1595.037048699835
2025-06-27 06:45:00+00:00,1587.6488003745935
2025-06-27 07:45:00+00:00,1565.9151470183544
2025-06-27 08:45:00+00:00,1553.0026741337836
2025-06-27 09:45:00+00:00,1543.230030299682
2025-06-30 03:45:00+00:00,1535.0058090629475
2025-06-30 04:45:00+00:00,1531.558998660922
2025-06-30 05:45:00+00:00,1552.845084916422
2025-06-30 06:45:00+00:00,1559.256537095768
2025-06-30 07:45:00+00:00,1557.0464893148899
2025-06-30 08:45:00+00:00,1573.133520740809
2025-06-30 09:45:00+00:00,1557.6854117077316
2025-07-01 03:45:00+00:00,1536.9148726958674
2025-07-01 04:45:00+00:00,1553.2605513834083
2025-07-01 05:45:00+00:00,1572.3871479738532
2025-07-01 06:45:00+00:00,1570.5108857198402
2025-07-01 07:45:00+00:00,1573.428891242284
2025-07-01 08:45:00+00:00,1579.7973970075186
2025-07-01 09:45:00+00:00,1576.9009859542532
2025-07-02 03:45:00+00:00,1570.5748355244107
2025-07-02 04:45:00+00:00,1579.0588958351193
2025-07-02 05:45:00+00:00,1588.818691480444
2025-07-02 06:45:00+00:00,1592.0227469441506
2025-07-02 07:45:00+00:00,1595.9763159241122
2025-07-02 08:45:00+00:00,1583.1696458999807
2025-07-02 09:45:00+00:00,1597.809671943728
2025-07-03 03:45:00+00:00,1609.2130327556288
2025-07-03 04:45:00+00:00,1586.5164313365126
2025-07-03 05:45:00+00:00,1589.9544995827503
2025-07-03 06:45:00+00:00,1574.217882029034
2025-07-03 07:45:00+00:00,1569.6722909981497
2025-07-03 08:45:00+00:00,1576.2419452717934
2025-07-03 09:45:00+00:00,1610.9293516880864
2025-07-04 03:45:00+00:00,1617.1104866361536
2025-07-04 04:45:00+00:00,1622.2774424087024
2025-07-04 05:45:00+00:00,1626.2388579992244
2025-07-04 06:45:00+00:00,1605.782033504577
2025-07-04 07:45:00+00:00,1617.3268219444155
2025-07-04 08:45:00+00:00,1625.1359139931708
2025-07-04 09:45:00+00:00,1596.5511085891849
2025-07-07 03:45:00+00:00,1602.3801961736226
2025-07-07 04:45:00+00:00,1600.5221861192479
2025-07-07 05:45:00+00:00,1588.0162780054957
2025-07-07 06:45:00+00:00,1571.444241861462
2025-07-07 07:45:00+00:00,1582.2284337011642
2025-07-07 08:45:00+00:00,1585.9023504263303
2025-07-07 09:45:00+00:00,1564.1394288677586
2025-07-08 03:45:00+00:00,1577.3014526820525
2025-07-08 04:45:00+00:00,1595.4150111478896
2025-07-08 05:45:00+00:00,1580.5726230946132
2025-07-08 06:45:00+00:00,1594.3561469469485
2025-07-08 07:45:00+00:00,1579.3055725685415
2025-07-08 08:45:00+00:00,1571.1368748010832
2025-07-08 09:45:00+00:00,1571.0167510579913
2025-07-09 03:45:00+00:00,1563.4546373081957
2025-07-09 04:45:00+00:00,1561.8688289706126
2025-07-09 05:45:00+00:00,1588.2795686317347
2025-07-09 06:45:00+00:00,1612.1044630165302
2025-07-09 07:45:00+00:00,1629.8093748409924
2025-07-09 08:45:00+00:00,1642.3430842958276
2025-07-09 09:45:00+00:00,1643.3022687932507
2025-07-10 03:45:00+00:00,1648.4785396692157
2025-07-10 04:45:00+00:00,1659.6518953250488
2025-07-10 05:45:00+00:00,1647.1300376293173
2025-07-10 06:45:00+00:00,1647.8419024861364
2025-07-10 07:45:00+00:00,1656.5063193809233
2025-07-10 08:45:00+00:00,1649.6390769655613
2025-07-10 09:45:00+00:00,1626.4497305790533
2025-07-11 03:45:00+00:00,1625.0336959933663
2025-07-11 04:45:00+00:00,1627.878845203219
2025-07-11 05:45:00+00:00,1636.9352255533627
2025-07-11 06:45:00+00:00,1626.4369465595782
2025-07-11 07:45:00+00:00,1619.584180297946
2025-07-11 08:45:00+00:00,1609.820450087229
2025-07-11 09:45:00+00:00,1611.8808177273384
